{
    "cluster_vggt_pre_ba_metrics": {
        "num_cameras": 16.0,
        "num_points3d": 1093.0,
        "rotation_angle_error_deg": {
            "summary": {
                "min": 0.17662055790424347,
                "max": 2.97935152053833,
                "median": 1.402803659439087,
                "mean": 1.3443973064422607,
                "stddev": 0.7488070130348206,
                "len": 16,
                "invalid": 0,
                "quartiles": {
                    "q0": 0.17662055790424347,
                    "q1": 0.7310703992843628,
                    "q2": 1.4028035998344421,
                    "q3": 1.7683379650115967,
                    "q4": 2.97935152053833
                }
            }
        },
        "translation_error_distance": {
            "summary": {
                "min": 0.001578651717863977,
                "max": 0.05380385369062424,
                "median": 0.02035069838166237,
                "mean": 0.021695762872695923,
                "stddev": 0.015400025993585587,
                "len": 16,
                "invalid": 0,
                "quartiles": {
                    "q0": 0.001578651717863977,
                    "q1": 0.008819171111099422,
                    "q2": 0.020350697450339794,
                    "q3": 0.03079390898346901,
                    "q4": 0.05380385369062424
                }
            }
        },
        "relative_translation_angle_error_deg": {
            "summary": {
                "min": 0.07439673691987991,
                "max": 24.989635467529297,
                "median": 1.0978946685791016,
                "mean": 1.4215151071548462,
                "stddev": 2.35384202003479,
                "len": 120,
                "invalid": 0,
                "quartiles": {
                    "q0": 0.07439673691987991,
                    "q1": 0.6086759120225906,
                    "q2": 1.0978946089744568,
                    "q3": 1.5997227132320404,
                    "q4": 24.989635467529297
                }
            },
            "full_data": [
                2.6177468299865723,
                1.9170172214508057,
                0.747317373752594,
                0.19755524396896362,
                1.0441229343414307,
                1.0634520053863525,
                1.3504799604415894,
                0.16046006977558136,
                0.4686552882194519,
                1.593938946723938,
                1.8075151443481445,
                1.9904298782348633,
                2.312748670578003,
                1.6704128980636597,
                1.5735646486282349,
                1.7143192291259766,
                0.5789059400558472,
                0.6122925877571106,
                1.4031397104263306,
                1.2787224054336548,
                1.4920110702514648,
                0.24891605973243713,
                0.6408261060714722,
                1.6783156394958496,
                1.8905597925186157,
                2.0210330486297607,
                2.3325324058532715,
                1.6660000085830688,
                1.5665605068206787,
                1.3961764574050903,
                1.0609197616577148,
                1.8120898008346558,
                1.484189748764038,
                1.6170740127563477,
                0.35695573687553406,
                0.782866895198822,
                1.7337074279785156,
                1.9417930841445923,
                2.0242362022399902,
                2.332927703857422,
                1.6477618217468262,
                1.5461493730545044,
                0.3231402635574341,
                1.5243637561798096,
                1.1038517951965332,
                1.2949100732803345,
                0.1320435106754303,
                0.5542842149734497,
                1.4079225063323975,
                1.6571232080459595,
                1.7447656393051147,
                2.0931999683380127,
                1.4278703927993774,
                1.340827465057373,
                2.342291831970215,
                1.0789175033569336,
                1.2109496593475342,
                0.10870368033647537,
                0.5978258848190308,
                1.2311756610870361,
                1.5208390951156616,
                1.5611406564712524,
                1.941483497619629,
                1.2749983072280884,
                1.1987133026123047,
                0.4451993405818939,
                0.41581517457962036,
                0.6394479870796204,
                0.1910262554883957,
                0.48737001419067383,
                0.9860137701034546,
                1.0404117107391357,
                1.5233831405639648,
                0.9115359783172607,
                0.8716064095497131,
                0.9764450788497925,
                0.3832874000072479,
                0.8746763467788696,
                0.5542981624603271,
                1.0874300003051758,
                1.012552261352539,
                1.5267447233200073,
                0.8853128552436829,
                0.8501110076904297,
                8.739029884338379,
                2.7450037002563477,
                0.1881425827741623,
                1.2725830078125,
                0.8756417036056519,
                1.4125345945358276,
                0.7694060802459717,
                0.7678211331367493,
                0.8403373956680298,
                1.256504774093628,
                0.39128413796424866,
                0.43423619866371155,
                1.0919374227523804,
                0.5396660566329956,
                0.5660605430603027,
                24.989635467529297,
                2.565483570098877,
                1.0366125106811523,
                0.3508683443069458,
                0.07439673691987991,
                0.19063785672187805,
                2.554049491882324,
                1.0085583925247192,
                1.5693953037261963,
                0.8351672291755676,
                0.8315926194190979,
                0.5312862992286682,
                1.1367955207824707,
                0.5162073969841003,
                0.5288563966751099,
                2.289433717727661,
                1.0041084289550781,
                0.9566068053245544,
                0.29681098461151123,
                0.5551778078079224,
                1.1595280170440674
            ]
        },
        "translation_angle_error_deg": {
            "summary": {
                "min": 0.007504777517169714,
                "max": 0.6037325859069824,
                "median": 0.18489155173301697,
                "mean": 0.2085118293762207,
                "stddev": 0.1626192033290863,
                "len": 16,
                "invalid": 0,
                "quartiles": {
                    "q0": 0.007504777517169714,
                    "q1": 0.07430926524102688,
                    "q2": 0.18489155173301697,
                    "q3": 0.31394144147634506,
                    "q4": 0.6037325859069824
                }
            }
        },
        "relative_rotation_angle_error_deg": {
            "summary": {
                "min": 0.11721612513065338,
                "max": 5.059875965118408,
                "median": 1.6971254348754883,
                "mean": 1.8802028894424438,
                "stddev": 1.2240628004074097,
                "len": 120,
                "invalid": 0,
                "quartiles": {
                    "q0": 0.11721612513065338,
                    "q1": 0.8051822781562805,
                    "q2": 1.697125494480133,
                    "q3": 2.7525470852851868,
                    "q4": 5.059875965118408
                }
            },