{
    "cluster_vggt_metrics": {
        "num_cameras": 16.0,
        "num_points3d": 1067.0,
        "rotation_angle_error_deg": {
            "summary": {
                "min": 0.08327069133520126,
                "max": 0.9531786441802979,
                "median": 0.6136116981506348,
                "mean": 0.5581157207489014,
                "stddev": 0.2607645094394684,
                "len": 16,
                "invalid": 0,
                "quartiles": {
                    "q0": 0.08327069133520126,
                    "q1": 0.38519614189863205,
                    "q2": 0.6136116981506348,
                    "q3": 0.8115037977695465,
                    "q4": 0.9531786441802979
                }
            }
        },
        "translation_error_distance": {
            "summary": {
                "min": 0.004376504570245743,
                "max": 0.026805829256772995,
                "median": 0.011500335298478603,
                "mean": 0.012769566848874092,
                "stddev": 0.0063209752552211285,
                "len": 16,
                "invalid": 0,
                "quartiles": {
                    "q0": 0.004376504570245743,
                    "q1": 0.008354855701327324,
                    "q2": 0.011500335298478603,
                    "q3": 0.014065796276554465,
                    "q4": 0.026805829256772995
                }
            }
        },
        "relative_translation_angle_error_deg": {
            "summary": {
                "min": 0.06498973071575165,
                "max": 12.080997467041016,
                "median": 0.8894952535629272,
                "mean": 1.0078294277191162,
                "stddev": 1.2177823781967163,
                "len": 120,
                "invalid": 0,
                "quartiles": {
                    "q0": 0.06498973071575165,
                    "q1": 0.4841150939464569,
                    "q2": 0.8894952535629272,
                    "q3": 1.220035046339035,
                    "q4": 12.080997467041016
                }
            },
            "full_data": [
                0.47899699211120605,
                0.06498973071575165,
                0.606717050075531,
                0.7379019260406494,
                0.8420313000679016,
                1.0936555862426758,
                1.0795665979385376,
                0.2706252932548523,
                0.19625064730644226,
                1.2534329891204834,
                1.2210086584091187,
                1.2695595026016235,
                1.3651227951049805,
                0.852867603302002,
                0.7926554083824158,
                0.3339841961860657,
                1.104050636291504,
                0.9787394404411316,
                1.0204559564590454,
                1.2660678625106812,
                1.20059072971344,
                0.35626551508903503,
                0.26283887028694153,
                1.3465778827667236,
                1.3010358810424805,
                1.3230071067810059,
                1.4048718214035034,
                0.863242506980896,
                0.7933029532432556,
                1.7940788269042969,
                1.0737987756729126,
                1.0692729949951172,
                1.328980565071106,
                1.220924735069275,
                0.3776712119579315,
                0.24173302948474884,
                1.348976492881775,
                1.297149896621704,
                1.3028199672698975,
                1.377989649772644,
                0.8152032494544983,
                0.7395737767219543,
                0.47756481170654297,
                0.6182173490524292,
                1.069375991821289,
                0.9736195802688599,
                0.400543212890625,
                0.2018704116344452,
                1.1320794820785522,
                1.1064707040786743,
                1.1161437034606934,
                1.2068935632705688,
                0.6424350738525391,
                0.5708620548248291,
                0.9201849699020386,
                1.387607216835022,
                1.1231456995010376,
                0.29296016693115234,
                0.10904392600059509,
                1.2230459451675415,
                1.1700308322906494,
                1.1435989141464233,
                1.219738483428955,
                0.6152606010437012,
                0.5262486338615417,
                1.7497174739837646,
                1.1126155853271484,
                0.41658762097358704,
                0.2811095714569092,
                1.1657860279083252,
                1.1133465766906738,
                1.0537844896316528,
                1.1288117170333862,
                0.4955592155456543,
                0.4062545895576477,
                0.4858211278915405,
                1.4965167045593262,
                1.032571792602539,
                0.7641286253929138,
                0.8009861707687378,
                0.7933711409568787,
                0.909577488899231,
                0.28403428196907043,
                0.1789465844631195,
                6.313699722290039,
                1.9636784791946411,
                0.8252582550048828,
                0.866227388381958,
                0.7543554306030273,
                0.8694130182266235,
                0.1826709359884262,
                0.07879620045423508,
                0.8677685856819153,
                1.5159536600112915,
                1.2501028776168823,
                1.0404936075210571,
                1.070382833480835,
                0.32312607765197754,
                0.23301854729652405,
                12.080997467041016,
                2.6734659671783447,
                1.5079225301742554,
                1.3367217779159546,
                0.3844066560268402,
                0.32117435336112976,
                0.9201041460037231,
                0.6364406943321228,
                0.7780974507331848,
                0.09921705722808838,
                0.11485788226127625,
                0.5544540286064148,
                0.6400502324104309,
                0.2971199154853821,
                0.31449994444847107,
                0.8687926530838013,
                0.4152754545211792,
                0.5287672281265259,
                1.3348791599273682,
                1.0801560878753662,
                1.3121379613876343
            ]
        },
        "translation_angle_error_deg": {
            "summary": {
                "min": 0.046619806438684464,
                "max": 0.2288011610507965,
                "median": 0.1029542088508606,
                "mean": 0.1117357611656189,
                "stddev": 0.04732333868741989,
                "len": 16,
                "invalid": 0,
                "quartiles": {
                    "q0": 0.046619806438684464,
                    "q1": 0.08627341128885746,
                    "q2": 0.1029542088508606,
                    "q3": 0.12781001068651676,
                    "q4": 0.2288011610507965
                }
            }
        },
        "relative_rotation_angle_error_deg": {
            "summary": {
                "min": 0.04473654553294182,
                "max": 1.8001205921173096,
                "median": 0.7078646421432495,
                "mean": 0.7581260800361633,
                "stddev": 0.4662677049636841,
                "len": 120,
                "invalid": 0,
                "quartiles": {
                    "q0": 0.04473654553294182,
                    "q1": 0.3561372086405754,
                    "q2": 0.7078646719455719,
                    "q3": 1.1850627660751343,
                    "q4": 1.8001205921173096
                }
            },