{
    "merging_metrics": {
        "merge_success": 1.0,
        "merge_child_count": 2.0,
        "child_camera_counts": {
            "summary": {
                "min": 21,
                "max": 35,
                "median": 28.0,
                "mean": 28.0,
                "stddev": 7.0,
                "len": 2,
                "invalid": 0,
                "quartiles": {
                    "q0": 21.0,
                    "q1": 24.5,
                    "q2": 28.0,
                    "q3": 31.5,
                    "q4": 35.0
                }
            },
            "full_data": [
                35,
                21
            ]
        },
        "child_camera_overlap_with_parent": {
            "summary": {
                "min": 9,
                "max": 11,
                "median": 10.0,
                "mean": 10.0,
                "stddev": 1.0,
                "len": 2,
                "invalid": 0,
                "quartiles": {
                    "q0": 9.0,
                    "q1": 9.5,
                    "q2": 10.0,
                    "q3": 10.5,
                    "q4": 11.0
                }
            },
            "full_data": [
                9,
                11
            ]
        },
        "number_images_merged": 52.0,
        "number_cameras_merged": 52.0,
        "number_tracks_merged": 2291.0,
        "3d_track_lengths_merged": {
            "summary": {
                "min": 3,
                "max": 31,
                "median": 11.0,
                "mean": 12.290702749890878,
                "stddev": 6.695679368343036,
                "len": 2291,
                "invalid": 0,
                "histogram": {
                    "3": 165,
                    "4": 132,
                    "5": 166,
                    "6": 211,
                    "7": 116,
                    "8": 115,
                    "9": 110,
                    "10": 108,
                    "11": 68,
                    "12": 73,
                    "13": 111,
                    "14": 76,
                    "15": 110,
                    "16": 58,
                    "17": 70,
                    "18": 38,
                    "19": 61,
                    "20": 70,
                    "21": 104,
                    "22": 102,
                    "23": 19,
                    "24": 110,
                    "25": 1,
                    "26": 0,
                    "27": 1,
                    "28": 0,
                    "29": 1,
                    "30": 1
                }
            }
        },
        "reprojection_errors_merged_px": {
            "summary": {
                "min": 0.002875223788099591,
                "max": 2.999732613214681,
                "median": 0.4285871746716561,
                "mean": 0.5607894468546258,
                "stddev": 0.47070063061240125,
                "len": 28158,
                "invalid": 0,
                "quartiles": {
                    "q0": 0.002875223788099591,
                    "q1": 0.24724944396933013,
                    "q2": 0.4285871746716561,
                    "q3": 0.7092730236589891,
                    "q4": 2.999732613214681
                }
            }
        },
        "rotation_angle_error_deg": {
            "summary": {
                "min": 0.2242911159992218,
                "max": 2.3595197200775146,
                "median": 1.4247503280639648,
                "mean": 1.298482060432434,
                "stddev": 0.6744348406791687,
                "len": 52,
                "invalid": 0,
                "quartiles": {
                    "q0": 0.2242911159992218,
                    "q1": 0.5799003690481186,
                    "q2": 1.42475026845932,
                    "q3": 1.9295069873332977,
                    "q4": 2.3595197200775146
                }
            }
        },
        "translation_error_distance": {
            "summary": {
                "min": 0.007366876117885113,
                "max": 0.12409708648920059,
                "median": 0.030427196994423866,
                "mean": 0.04548786208033562,
                "stddev": 0.03492814302444458,
                "len": 52,
                "invalid": 0,
                "quartiles": {
                    "q0": 0.007366876117885113,
                    "q1": 0.015358695993199944,
                    "q2": 0.030427196994423866,
                    "q3": 0.08133856393396854,
                    "q4": 0.12409708648920059
                }
            }
        },
        "relative_translation_angle_error_deg": {
            "summary": {
                "min": 0.03512144088745117,
                "max": 21.527917861938477,
                "median": 0.8329372406005859,
                "mean": 0.9600176215171814,
                "stddev": 0.9915807247161865,
                "len": 1326,
                "invalid": 0,
                "quartiles": {
                    "q0": 0.03512144088745117,
                    "q1": 0.5041899532079697,
                    "q2": 0.8329372704029083,
                    "q3": 1.2671524584293365,
                    "q4": 21.527917861938477
                }
            }
        },
        "translation_angle_error_deg": {
            "summary": {
                "min": 0.03853093087673187,
                "max": 1.4987856149673462,
                "median": 0.3587244749069214,
                "mean": 0.534242570400238,
                "stddev": 0.43927836418151855,
                "len": 52,
                "invalid": 0,
                "quartiles": {
                    "q0": 0.03853093087673187,
                    "q1": 0.11592036485671997,
                    "q2": 0.3587244600057602,
                    "q3": 0.9787173569202423,
                    "q4": 1.4987856149673462
                }
            }
        },
        "relative_rotation_angle_error_deg": {
            "summary": {
                "min": 0.036034516990184784,
                "max": 4.536265850067139,
                "median": 1.5951206684112549,
                "mean": 1.755764365196228,
                "stddev": 1.1247203350067139,
                "len": 1326,
                "invalid": 0,
                "quartiles": {
                    "q0": 0.036034516990184784,
                    "q1": 0.8230970501899719,
                    "q2": 1.5951207280158997,
                    "q3": 2.517362058162689,
                    "q4": 4.536265850067139
                }
            }
        },
        "pose_auc_@1.0_deg": 0.0997,
        "pose_auc_@2.5_deg": 0.3498,
        "pose_auc_@5.0_deg": 0.6301,
        "pose_auc_@10.0_deg": 0.8138,
        "pose_auc_@20.0_deg": 0.9063,
        "focal_length_error_px": {
            "summary": {
                "min": 420.8677062988281,
                "max": 420.8677062988281,
                "median": 420.8677062988281,
                "mean": 420.86767578125,
                "stddev": 3.0517578125e-05,
                "len": 52,
                "invalid": 0,
                "quartiles": {
                    "q0": 420.8677062988281,
                    "q1": 420.8677062988281,
                    "q2": 420.8677062988281,
                    "q3": 420.8677062988281,
                    "q4": 420.8677062988281
                }
            },