{
    "merging_metrics_pre_ba": {
        "merge_success": 1.0,
        "merge_child_count": 2.0,
        "child_camera_counts": {
            "summary": {
                "min": 21,
                "max": 35,
                "median": 28.0,
                "mean": 28.0,
                "stddev": 7.0,
                "len": 2,
                "invalid": 0,
                "quartiles": {
                    "q0": 21.0,
                    "q1": 24.5,
                    "q2": 28.0,
                    "q3": 31.5,
                    "q4": 35.0
                }
            },
            "full_data": [
                35,
                21
            ]
        },
        "child_camera_overlap_with_parent": {
            "summary": {
                "min": 9,
                "max": 11,
                "median": 10.0,
                "mean": 10.0,
                "stddev": 1.0,
                "len": 2,
                "invalid": 0,
                "quartiles": {
                    "q0": 9.0,
                    "q1": 9.5,
                    "q2": 10.0,
                    "q3": 10.5,
                    "q4": 11.0
                }
            },
            "full_data": [
                9,
                11
            ]
        },
        "number_images_merged": 52.0,
        "number_cameras_merged": 52.0,
        "number_tracks_merged": 2309.0,
        "3d_track_lengths_merged": {
            "summary": {
                "min": 3,
                "max": 31,
                "median": 11.0,
                "mean": 12.336509311390213,
                "stddev": 6.694196767473301,
                "len": 2309,
                "invalid": 0,
                "histogram": {
                    "3": 162,
                    "4": 119,
                    "5": 174,
                    "6": 219,
                    "7": 121,
                    "8": 106,
                    "9": 111,
                    "10": 108,
                    "11": 74,
                    "12": 75,
                    "13": 113,
                    "14": 77,
                    "15": 112,
                    "16": 53,
                    "17": 75,
                    "18": 36,
                    "19": 58,
                    "20": 77,
                    "21": 103,
                    "22": 103,
                    "23": 22,
                    "24": 111,
                    "25": 1,
                    "26": 0,
                    "27": 1,
                    "28": 0,
                    "29": 1,
                    "30": 1
                }
            }
        },
        "reprojection_errors_merged_px": {
            "summary": {
                "min": 0.0035499174525530273,
                "max": 12.488435746833636,
                "median": 0.5925626728979364,
                "mean": 0.8860195624267014,
                "stddev": 0.9266052147469304,
                "len": 28485,
                "invalid": 0,
                "quartiles": {
                    "q0": 0.0035499174525530273,
                    "q1": 0.3268818703103524,
                    "q2": 0.5925626728979364,
                    "q3": 1.0934547229413858,
                    "q4": 12.488435746833636
                }
            }
        },
        "rotation_angle_error_deg": {
            "summary": {
                "min": 0.29198315739631653,
                "max": 3.144355297088623,
                "median": 1.718947410583496,
                "mean": 1.6359378099441528,
                "stddev": 0.8055093884468079,
                "len": 52,
                "invalid": 0,
                "quartiles": {
                    "q0": 0.29198315739631653,
                    "q1": 0.9639904201030731,
                    "q2": 1.7189473509788513,
                    "q3": 2.099804997444153,
                    "q4": 3.144355297088623
                }
            }
        },
        "translation_error_distance": {
            "summary": {
                "min": 0.0052472250536084175,
                "max": 0.20131583511829376,
                "median": 0.06720258295536041,
                "mean": 0.07311611622571945,
                "stddev": 0.05421599745750427,
                "len": 52,
                "invalid": 0,
                "quartiles": {
                    "q0": 0.0052472250536084175,
                    "q1": 0.02455670479685068,
                    "q2": 0.06720257923007011,
                    "q3": 0.09391593560576439,
                    "q4": 0.20131583511829376
                }
            }
        },
        "relative_translation_angle_error_deg": {
            "summary": {
                "min": 0.01267540454864502,
                "max": 41.86899948120117,
                "median": 1.0528016090393066,
                "mean": 1.1987463235855103,
                "stddev": 1.45549476146698,
                "len": 1326,
                "invalid": 0,
                "quartiles": {
                    "q0": 0.01267540454864502,
                    "q1": 0.6492285132408142,
                    "q2": 1.0528015494346619,
                    "q3": 1.5435614883899689,
                    "q4": 41.86899948120117
                }
            }
        },
        "translation_angle_error_deg": {
            "summary": {
                "min": 0.05728799104690552,
                "max": 1.457688331604004,
                "median": 0.6123530864715576,
                "mean": 0.6341281533241272,
                "stddev": 0.4100968539714813,
                "len": 52,
                "invalid": 0,
                "quartiles": {
                    "q0": 0.05728799104690552,
                    "q1": 0.22036562487483025,
                    "q2": 0.61235311627388,
                    "q3": 1.0133993923664093,
                    "q4": 1.457688331604004
                }
            }
        },
        "relative_rotation_angle_error_deg": {
            "summary": {
                "min": 0.013375435024499893,
                "max": 5.569858551025391,
                "median": 1.9423712491989136,
                "mean": 2.179441452026367,
                "stddev": 1.3857216835021973,
                "len": 1326,
                "invalid": 0,
                "quartiles": {
                    "q0": 0.013375435024499893,
                    "q1": 1.0783831179141998,
                    "q2": 1.9423712491989136,
                    "q3": 3.1787564158439636,
                    "q4": 5.569858551025391
                }
            }
        },
        "pose_auc_@1.0_deg": 0.0598,
        "pose_auc_@2.5_deg": 0.2728,
        "pose_auc_@5.0_deg": 0.5435,
        "pose_auc_@10.0_deg": 0.7699,
        "pose_auc_@20.0_deg": 0.8842,
        "focal_length_error_px": {
            "summary": {
                "min": 416.915771484375,
                "max": 423.2218933105469,
                "median": 417.7049865722656,
                "mean": 419.1596374511719,
                "stddev": 2.771306037902832,
                "len": 52,
                "invalid": 0,
                "quartiles": {
                    "q0": 416.915771484375,
                    "q1": 416.915771484375,
                    "q2": 417.7049865722656,
                    "q3": 423.2218933105469,
                    "q4": 423.2218933105469
                }
            },