{
    "cluster_vggt_pre_ba_metrics": {
        "num_cameras": 5.0,
        "num_points3d": 109.0,
        "rotation_angle_error_deg": {
            "summary": {
                "min": 0.18366311490535736,
                "max": 0.5961088538169861,
                "median": 0.33929842710494995,
                "mean": 0.3500819802284241,
                "stddev": 0.15846805274486542,
                "len": 5,
                "invalid": 0,
                "quartiles": {
                    "q0": 0.18366311490535736,
                    "q1": 0.18366312980651855,
                    "q2": 0.33929842710494995,
                    "q3": 0.44767627120018005,
                    "q4": 0.5961088538169861
                }
            }
        },
        "translation_error_distance": {
            "summary": {
                "min": 0.02606824040412903,
                "max": 0.2601932883262634,
                "median": 0.12549258768558502,
                "mean": 0.11994250118732452,
                "stddev": 0.08841430395841599,
                "len": 5,
                "invalid": 0,
                "quartiles": {
                    "q0": 0.02606824040412903,
                    "q1": 0.02606824040412903,
                    "q2": 0.12549258768558502,
                    "q3": 0.1618901491165161,
                    "q4": 0.2601932883262634
                }
            }
        },
        "relative_translation_angle_error_deg": {
            "summary": {
                "min": 0.5274771451950073,
                "max": 17.46997833251953,
                "median": 1.4398143291473389,
                "mean": 3.962144136428833,
                "stddev": 5.135228157043457,
                "len": 10,
                "invalid": 0,
                "quartiles": {
                    "q0": 0.5274771451950073,
                    "q1": 0.9307978749275208,
                    "q2": 1.439814269542694,
                    "q3": 3.659945011138916,
                    "q4": 17.46997833251953
                }
            },
            "full_data": [
                1.0626615285873413,
                3.818108081817627,
                1.090136170387268,
                3.185455799102783,
                1.7894923686981201,
                9.152812957763672,
                0.5274771451950073,
                0.6384719014167786,
                17.46997833251953,
                0.8868433237075806
            ]
        },
        "translation_angle_error_deg": {
            "summary": {
                "min": 0.20415551960468292,
                "max": 8.019913673400879,
                "median": 0.5977023839950562,
                "mean": 2.0117897987365723,
                "stddev": 3.010685443878174,
                "len": 5,
                "invalid": 0,
                "quartiles": {
                    "q0": 0.20415551960468292,
                    "q1": 0.425748348236084,
                    "q2": 0.5977023839950562,
                    "q3": 0.8114287853240967,
                    "q4": 8.019913673400879
                }
            }
        },
        "relative_rotation_angle_error_deg": {
            "summary": {
                "min": 0.1688505858182907,
                "max": 0.7169681191444397,
                "median": 0.5419042110443115,
                "mean": 0.47074127197265625,
                "stddev": 0.1981184184551239,
                "len": 10,
                "invalid": 0,
                "quartiles": {
                    "q0": 0.1688505858182907,
                    "q1": 0.2967553958296776,
                    "q2": 0.5419042110443115,
                    "q3": 0.6260450184345245,
                    "q4": 0.7169681191444397
                }
            },
            "full_data": [
                0.27323177456855774,
                0.7169681191444397,
                0.1688505858182907,
                0.6274047493934631,
                0.5656538605690002,
                0.17095895111560822,
                0.3673262596130371,
                0.6219658255577087,
                0.6768980622291565,
                0.5181545615196228
            ]
        },
        "pose_auc_@1.0_deg": 0.1391,
        "pose_auc_@2.5_deg": 0.396,
        "pose_auc_@3.0_deg": 0.43,
        "pose_auc_@5.0_deg": 0.5782,
        "pose_auc_@10.0_deg": 0.7242,
        "pose_auc_@20.0_deg": 0.8456,
        "pose_auc_constructed_only_@1.0_deg": 0.1391,
        "pose_auc_constructed_only_@2.5_deg": 0.396,
        "pose_auc_constructed_only_@3.0_deg": 0.43,
        "pose_auc_constructed_only_@5.0_deg": 0.5782,
        "pose_auc_constructed_only_@10.0_deg": 0.7242,
        "pose_auc_constructed_only_@20.0_deg": 0.8456,
        "focal_length_error_px": {
            "summary": {
                "min": 81.73226928710938,
                "max": 455.20489501953125,
                "median": 188.75897216796875,
                "mean": 261.04888916015625,
                "stddev": 145.72914123535156,
                "len": 5,
                "invalid": 0,
                "quartiles": {
                    "q0": 81.73226928710938,
                    "q1": 168.41151428222656,
                    "q2": 188.75897216796875,
                    "q3": 411.1368713378906,
                    "q4": 455.20489501953125
                }
            },
            "full_data": [
                455.20489501953125,
                188.75897216796875,
                81.73226928710938,
                168.41151428222656,
                411.1368713378906
            ]
        },
        "focal_length_error_pct": {
            "summary": {
                "min": 6.68402624130249,
                "max": 37.18994140625,
                "median": 15.42148494720459,
                "mean": 21.16083335876465,
                "stddev": 11.893630981445312,
                "len": 5,
                "invalid": 0,
                "quartiles": {
                    "q0": 6.68402624130249,
                    "q1": 13.27747631072998,
                    "q2": 15.42148494720459,
                    "q3": 33.23123550415039,
                    "q4": 37.18994140625
                }
            },
            "full_data": [
                37.18994140625,
                15.42148494720459,
                6.68402624130249,
                13.27747631072998,
                33.23123550415039
            ]
        },
        "k1_error": {
            "summary": {
                "min": 0.0,
                "max": 0.0,
                "median": 0.0,
                "mean": 0.0,
                "stddev": 0.0,
                "len": 5,
                "invalid": 0,
                "quartiles": {
                    "q0": 0.0,
                    "q1": 0.0,
                    "q2": 0.0,
                    "q3": 0.0,
                    "q4": 0.0
                }
            },
            "full_data": [
                0.0,
                0.0,
                0.0,
                0.0,
                0.0
            ]
        },
        "k2_error": {
            "summary": {
                "min": 0.0,
                "max": 0.0,
                "median": 0.0,
                "mean": 0.0,
                "stddev": 0.0,
                "len": 5,
                "invalid": 0,
                "quartiles": {
                    "q0": 0.0,
                    "q1": 0.0,
                    "q2": 0.0,
                    "q3": 0.0,
                    "q4": 0.0
                }
            },
            "full_data": [
                0.0,
                0.0,
                0.0,
                0.0,
                0.0
            ]
        }
    }
}