{
    "cluster_vggt_metrics": {
        "num_cameras": 5.0,
        "num_points3d": 14.0,
        "rotation_angle_error_deg": {
            "summary": {
                "min": 0.7345878481864929,
                "max": 3.8982596397399902,
                "median": 1.1403148174285889,
                "mean": 1.7215608358383179,
                "stddev": 1.19727623462677,
                "len": 5,
                "invalid": 0,
                "quartiles": {
                    "q0": 0.7345878481864929,
                    "q1": 0.7345879077911377,
                    "q2": 1.1403148174285889,
                    "q3": 2.100053310394287,
                    "q4": 3.8982596397399902
                }
            }
        },
        "translation_error_distance": {
            "summary": {
                "min": 0.02479010447859764,
                "max": 0.26728811860084534,
                "median": 0.19571010768413544,
                "mean": 0.1544571816921234,
                "stddev": 0.10875415802001953,
                "len": 5,
                "invalid": 0,
                "quartiles": {
                    "q0": 0.02479010447859764,
                    "q1": 0.02479010447859764,
                    "q2": 0.19571010768413544,
                    "q3": 0.25970742106437683,
                    "q4": 0.26728811860084534
                }
            }
        },
        "relative_translation_angle_error_deg": {
            "summary": {
                "min": 0.5362082123756409,
                "max": 17.46997833251953,
                "median": 2.5807955265045166,
                "mean": 5.444639682769775,
                "stddev": 5.218059062957764,
                "len": 10,
                "invalid": 0,
                "quartiles": {
                    "q0": 0.5362082123756409,
                    "q1": 1.7456015944480896,
                    "q2": 2.5807955265045166,
                    "q3": 8.09742021560669,
                    "q4": 17.46997833251953
                }
            },
            "full_data": [
                1.670363187789917,
                6.47794246673584,
                1.9713168144226074,
                11.173624038696289,
                2.6276657581329346,
                8.637246131896973,
                0.5362082123756409,
                1.3481252193450928,
                17.46997833251953,
                2.5339252948760986
            ]
        },
        "translation_angle_error_deg": {
            "summary": {
                "min": 0.3977181315422058,
                "max": 8.823098182678223,
                "median": 3.2282583713531494,
                "mean": 3.6101012229919434,
                "stddev": 3.1376218795776367,
                "len": 5,
                "invalid": 0,
                "quartiles": {
                    "q0": 0.3977181315422058,
                    "q1": 0.5343754291534424,
                    "q2": 3.2282583713531494,
                    "q3": 5.067056655883789,
                    "q4": 8.823098182678223
                }
            }
        },
        "relative_rotation_angle_error_deg": {
            "summary": {
                "min": 0.6768980622291565,
                "max": 5.824305057525635,
                "median": 2.8286190032958984,
                "mean": 2.764418125152588,
                "stddev": 1.4723811149597168,
                "len": 10,
                "invalid": 0,
                "quartiles": {
                    "q0": 0.6768980622291565,
                    "q1": 1.5528700053691864,
                    "q2": 2.828619122505188,
                    "q3": 3.1210598945617676,
                    "q4": 5.824305057525635
                }
            },
            "full_data": [
                4.622568607330322,
                2.9482312202453613,
                5.824305057525635,
                3.1786694526672363,
                1.794901728630066,
                1.4721927642822266,
                1.4691756963729858,
                2.876534938812256,
                0.6768980622291565,
                2.78070330619812
            ]
        },
        "pose_auc_@1.0_deg": 0.0,
        "pose_auc_@2.5_deg": 0.0706,
        "pose_auc_@3.0_deg": 0.1228,
        "pose_auc_@5.0_deg": 0.2587,
        "pose_auc_@10.0_deg": 0.49,
        "pose_auc_@20.0_deg": 0.7239,
        "pose_auc_constructed_only_@1.0_deg": 0.0,
        "pose_auc_constructed_only_@2.5_deg": 0.0706,
        "pose_auc_constructed_only_@3.0_deg": 0.1228,
        "pose_auc_constructed_only_@5.0_deg": 0.2587,
        "pose_auc_constructed_only_@10.0_deg": 0.49,
        "pose_auc_constructed_only_@20.0_deg": 0.7239,
        "focal_length_error_px": {
            "summary": {
                "min": 81.73226928710938,
                "max": 455.22271728515625,
                "median": 188.76126098632812,
                "mean": 261.0520935058594,
                "stddev": 145.7342071533203,
                "len": 5,
                "invalid": 0,
                "quartiles": {
                    "q0": 81.73226928710938,
                    "q1": 168.4072723388672,
                    "q2": 188.76126098632812,
                    "q3": 411.1368713378906,
                    "q4": 455.22271728515625
                }
            },
            "full_data": [
                455.22271728515625,
                188.76126098632812,
                81.73226928710938,
                168.4072723388672,
                411.1368713378906
            ]
        },
        "focal_length_error_pct": {
            "summary": {
                "min": 6.68402624130249,
                "max": 37.19139862060547,
                "median": 15.421671867370605,
                "mean": 21.161096572875977,
                "stddev": 11.894049644470215,
                "len": 5,
                "invalid": 0,
                "quartiles": {
                    "q0": 6.68402624130249,
                    "q1": 13.277142524719238,
                    "q2": 15.421671867370605,
                    "q3": 33.23123550415039,
                    "q4": 37.19139862060547
                }
            },
            "full_data": [
                37.19139862060547,
                15.421671867370605,
                6.68402624130249,
                13.277142524719238,
                33.23123550415039
            ]
        },
        "k1_error": {
            "summary": {
                "min": 0.0,
                "max": 0.00301469792611897,
                "median": 0.00010093192395288497,
                "mean": 0.0006489527877420187,
                "stddev": 0.0011840242659673095,
                "len": 5,
                "invalid": 0,
                "quartiles": {
                    "q0": 0.0,
                    "q1": 0.0,
                    "q2": 0.00010093192395288497,
                    "q3": 0.00012913420505356044,
                    "q4": 0.00301469792611897
                }
            },
            "full_data": [
                0.00301469792611897,
                0.00010093192395288497,
                0.0,
                0.00012913420505356044,
                0.0
            ]
        },
        "k2_error": {
            "summary": {
                "min": 0.0,
                "max": 0.00024105717602651566,
                "median": 3.6680114590126323e-06,
                "mean": 7.764856854919344e-05,
                "stddev": 9.856250107986853e-05,
                "len": 5,
                "invalid": 0,
                "quartiles": {
                    "q0": 0.0,
                    "q1": 0.0,
                    "q2": 3.6680114590126323e-06,
                    "q3": 0.00014351763820741326,
                    "q4": 0.00024105717602651566
                }
            },
            "full_data": [
                0.00024105717602651566,
                0.00014351763820741326,
                0.0,
                3.6680114590126323e-06,
                0.0
            ]
        }
    }
}