{
    "merging_metrics": {
        "merge_success": 1.0,
        "merge_child_count": 0.0,
        "child_camera_counts": {
            "summary": {
                "min": null,
                "max": null,
                "median": null,
                "mean": null,
                "stddev": null
            },
            "full_data": []
        },
        "child_camera_overlap_with_parent": {
            "summary": {
                "min": null,
                "max": null,
                "median": null,
                "mean": null,
                "stddev": null
            },
            "full_data": []
        },
        "number_images_merged": 236.0,
        "number_cameras_merged": 57.0,
        "number_tracks_merged": 530.0,
        "3d_track_lengths_merged": {
            "summary": {
                "min": 3,
                "max": 38,
                "median": 4.0,
                "mean": 6.564150943396227,
                "stddev": 4.953428175940096,
                "len": 530,
                "invalid": 0,
                "histogram": {
                    "3": 101,
                    "4": 57,
                    "5": 35,
                    "6": 26,
                    "7": 25,
                    "8": 18,
                    "9": 15,
                    "10": 17,
                    "11": 15,
                    "12": 10,
                    "13": 3,
                    "14": 3,
                    "15": 6,
                    "16": 6,
                    "17": 4,
                    "18": 8,
                    "19": 2,
                    "20": 4,
                    "21": 2,
                    "22": 1,
                    "23": 3,
                    "24": 0,
                    "25": 1,
                    "26": 1,
                    "27": 0,
                    "28": 0,
                    "29": 0,
                    "30": 1,
                    "31": 0,
                    "32": 0,
                    "33": 0,
                    "34": 0,
                    "35": 0,
                    "36": 0,
                    "37": 1
                }
            }
        },
        "reprojection_errors_merged_px": {
            "summary": {
                "min": 0.006817286518363179,
                "max": 2.040705663589066,
                "median": 0.2560338177084156,
                "mean": 0.3123324653425951,
                "stddev": 0.22820319853652649,
                "len": 3479,
                "invalid": 0,
                "quartiles": {
                    "q0": 0.006817286518363179,
                    "q1": 0.1569908792166156,
                    "q2": 0.2560338177084156,
                    "q3": 0.4070535929625386,
                    "q4": 2.040705663589066
                }
            }
        },
        "rotation_angle_error_deg": {
            "summary": {
                "min": 0.1302732527256012,
                "max": 7.183211326599121,
                "median": 0.5031464099884033,
                "mean": 0.8881638050079346,
                "stddev": 1.159387230873108,
                "len": 57,
                "invalid": 0,
                "quartiles": {
                    "q0": 0.1302732527256012,
                    "q1": 0.3385462462902069,
                    "q2": 0.5031464099884033,
                    "q3": 0.9752576947212219,
                    "q4": 7.183211326599121
                }
            }
        },
        "translation_error_distance": {
            "summary": {
                "min": 0.022911280393600464,
                "max": 7.244030952453613,
                "median": 0.1704426407814026,
                "mean": 0.3811148405075073,
                "stddev": 1.0122478008270264,
                "len": 57,
                "invalid": 0,
                "quartiles": {
                    "q0": 0.022911280393600464,
                    "q1": 0.08062617480754852,
                    "q2": 0.1704426407814026,
                    "q3": 0.34370243549346924,
                    "q4": 7.244030952453613
                }
            }
        },
        "relative_translation_angle_error_deg": {
            "summary": {
                "min": 0.007298934273421764,
                "max": 166.60348510742188,
                "median": 3.934513568878174,
                "mean": 12.328761100769043,
                "stddev": 26.950592041015625,
                "len": 1596,
                "invalid": 0,
                "quartiles": {
                    "q0": 0.007298934273421764,
                    "q1": 1.7659895420074463,
                    "q2": 3.9345136880874634,
                    "q3": 8.114537477493286,
                    "q4": 166.60348510742188
                }
            }
        },
        "translation_angle_error_deg": {
            "summary": {
                "min": 0.30224719643592834,
                "max": 127.04915618896484,
                "median": 1.8628628253936768,
                "mean": 5.001747131347656,
                "stddev": 16.559932708740234,
                "len": 57,
                "invalid": 0,
                "quartiles": {
                    "q0": 0.30224719643592834,
                    "q1": 0.8002884387969971,
                    "q2": 1.8628628253936768,
                    "q3": 4.394627571105957,
                    "q4": 127.04915618896484
                }
            }
        },
        "relative_rotation_angle_error_deg": {
            "summary": {
                "min": 0.05309991165995598,
                "max": 9.471911430358887,
                "median": 0.9147418141365051,
                "mean": 1.3709977865219116,
                "stddev": 1.5076521635055542,
                "len": 1596,
                "invalid": 0,
                "quartiles": {
                    "q0": 0.05309991165995598,
                    "q1": 0.5309544503688812,
                    "q2": 0.9147418141365051,
                    "q3": 1.5673771500587463,
                    "q4": 9.471911430358887
                }
            }
        },
        "pose_auc_@1.0_deg": 0.0343,
        "pose_auc_@2.5_deg": 0.1563,
        "pose_auc_@3.0_deg": 0.1945,
        "pose_auc_@5.0_deg": 0.3173,
        "pose_auc_@10.0_deg": 0.5153,
        "pose_auc_@20.0_deg": 0.6853,
        "pose_auc_constructed_only_@1.0_deg": 0.0343,
        "pose_auc_constructed_only_@2.5_deg": 0.1563,
        "pose_auc_constructed_only_@3.0_deg": 0.1945,
        "pose_auc_constructed_only_@5.0_deg": 0.3173,
        "pose_auc_constructed_only_@10.0_deg": 0.5153,
        "pose_auc_constructed_only_@20.0_deg": 0.6853,
        "focal_length_error_px": {
            "summary": {
                "min": 0.0,
                "max": 750.904052734375,
                "median": 189.79286193847656,
                "mean": 256.36859130859375,
                "stddev": 183.75978088378906,
                "len": 57,
                "invalid": 0,
                "quartiles": {
                    "q0": 0.0,
                    "q1": 120.04786682128906,
                    "q2": 189.79286193847656,
                    "q3": 409.2862854003906,
                    "q4": 750.904052734375
                }
            },