{
    "cluster_vggt_pre_ba_metrics": {
        "num_cameras": 16.0,
        "num_points3d": 244.0,
        "rotation_angle_error_deg": {
            "summary": {
                "min": 0.2193605601787567,
                "max": 2.0370733737945557,
                "median": 1.168626070022583,
                "mean": 1.1621532440185547,
                "stddev": 0.4766180217266083,
                "len": 16,
                "invalid": 0,
                "quartiles": {
                    "q0": 0.2193605601787567,
                    "q1": 0.8639988154172897,
                    "q2": 1.1686261296272278,
                    "q3": 1.4680658876895905,
                    "q4": 2.0370733737945557
                }
            }
        },
        "translation_error_distance": {
            "summary": {
                "min": 0.0019264562288299203,
                "max": 0.03282652795314789,
                "median": 0.011861450038850307,
                "mean": 0.01306254230439663,
                "stddev": 0.0080793472006917,
                "len": 16,
                "invalid": 0,
                "quartiles": {
                    "q0": 0.0019264562288299203,
                    "q1": 0.008293542079627514,
                    "q2": 0.011861450038850307,
                    "q3": 0.017775564920157194,
                    "q4": 0.03282652795314789
                }
            }
        },
        "relative_translation_angle_error_deg": {
            "summary": {
                "min": 0.0351257249712944,
                "max": 21.387290954589844,
                "median": 1.130007266998291,
                "mean": 1.403497576713562,
                "stddev": 2.0306456089019775,
                "len": 120,
                "invalid": 0,
                "quartiles": {
                    "q0": 0.0351257249712944,
                    "q1": 0.5348068326711655,
                    "q2": 1.130007266998291,
                    "q3": 1.796945333480835,
                    "q4": 21.387290954589844
                }
            },
            "full_data": [
                1.0043971538543701,
                0.13035860657691956,
                0.12080776691436768,
                0.0351257249712944,
                0.34705850481987,
                0.13087891042232513,
                0.30878084897994995,
                1.304089069366455,
                0.3143496811389923,
                1.493836760520935,
                1.2919743061065674,
                1.4936202764511108,
                1.3572909832000732,
                2.02048397064209,
                1.9005619287490845,
                1.1999017000198364,
                0.7641755938529968,
                0.4490365982055664,
                0.08193838596343994,
                0.3108440041542053,
                0.09604726731777191,
                1.1415517330169678,
                0.1509416550397873,
                1.3689817190170288,
                1.1700811386108398,
                1.3805782794952393,
                1.2470289468765259,
                1.9381023645401,
                1.8222179412841797,
                0.670956552028656,
                0.34406420588493347,
                0.2391006201505661,
                0.3021479547023773,
                0.1071246936917305,
                1.0760904550552368,
                0.07369876652956009,
                1.331431269645691,
                1.1295650005340576,
                1.3345526456832886,
                1.197200059890747,
                1.906742811203003,
                1.789351463317871,
                0.5358420014381409,
                0.4421475827693939,
                0.44305387139320374,
                0.11774148792028427,
                0.9740022420883179,
                0.040726058185100555,
                1.2680643796920776,
                1.0707205533981323,
                1.2717137336730957,
                1.1304495334625244,
                1.862014651298523,
                1.743743896484375,
                1.0043339729309082,
                0.3982924520969391,
                0.08224322646856308,
                0.8912369012832642,
                0.16846467554569244,
                1.227480411529541,
                1.0196926593780518,
                1.2195210456848145,
                1.076294183731079,
                1.835508942604065,
                1.716798186302185,
                1.8214216232299805,
                0.5436002612113953,
                0.5317013263702393,
                0.4634583294391632,
                0.9794584512710571,
                0.8066409230232239,
                1.0131057500839233,
                0.8806481957435608,
                1.6790698766708374,
                1.567469596862793,
                0.6050472855567932,
                0.5866017937660217,
                0.4220615327358246,
                1.1115691661834717,
                0.9258800745010376,
                1.0985246896743774,
                0.9623448252677917,
                1.7676283121109009,
                1.6499552726745605,
                0.1455991417169571,
                0.7102788090705872,
                0.926692008972168,
                0.816002607345581,
                0.967086136341095,
                0.8232354521751404,
                1.6827794313430786,
                1.5677469968795776,
                4.795232772827148,
                3.635563611984253,
                3.2856645584106445,
                2.1536002159118652,
                1.6951971054077148,
                2.5852127075195312,
                2.3472750186920166,
                21.387290954589844,
                2.782745838165283,
                2.0837795734405518,
                1.8197269439697266,
                2.802509307861328,
                2.6059200763702393,
                2.3602547645568848,
                1.0697822570800781,
                0.74859619140625,
                1.9649286270141602,
                1.823250412940979,
                0.27811089158058167,
                0.3796636164188385,
                2.0568432807922363,
                1.8835296630859375,
                1.369925856590271,
                2.8360159397125244,
                2.443751096725464,
                3.7950687408447266,
                3.1064300537109375,
                1.8510777950286865
            ]
        },
        "translation_angle_error_deg": {
            "summary": {
                "min": 0.02465680055320263,
                "max": 0.571533739566803,
                "median": 0.16458645462989807,
                "mean": 0.17078112065792084,
                "stddev": 0.1309649646282196,
                "len": 16,
                "invalid": 0,
                "quartiles": {
                    "q0": 0.02465680055320263,
                    "q1": 0.0641452930867672,
                    "q2": 0.16458646208047867,
                    "q3": 0.22263281792402267,
                    "q4": 0.571533739566803
                }
            }
        },
        "relative_rotation_angle_error_deg": {
            "summary": {
                "min": 0.09458792954683304,
                "max": 3.773752450942993,
                "median": 1.530268669128418,
                "mean": 1.532544493675232,
                "stddev": 1.006980538368225,
                "len": 120,
                "invalid": 0,
                "quartiles": {
                    "q0": 0.09458792954683304,
                    "q1": 0.5535422563552856,
                    "q2": 1.530268669128418,
                    "q3": 2.351043224334717,
                    "q4": 3.773752450942993
                }
            },