{
    "cluster_vggt_pre_ba_metrics": {
        "num_cameras": 12.0,
        "num_points3d": 213.0,
        "rotation_angle_error_deg": {
            "summary": {
                "min": 0.12286188453435898,
                "max": 1.2639163732528687,
                "median": 0.7331540584564209,
                "mean": 0.6210236549377441,
                "stddev": 0.3520445227622986,
                "len": 12,
                "invalid": 0,
                "quartiles": {
                    "q0": 0.12286188453435898,
                    "q1": 0.30351340025663376,
                    "q2": 0.7331540286540985,
                    "q3": 0.868874728679657,
                    "q4": 1.2639163732528687
                }
            }
        },
        "translation_error_distance": {
            "summary": {
                "min": 0.012870324775576591,
                "max": 0.24689674377441406,
                "median": 0.11733976006507874,
                "mean": 0.13063795864582062,
                "stddev": 0.08086106926202774,
                "len": 12,
                "invalid": 0,
                "quartiles": {
                    "q0": 0.012870324775576591,
                    "q1": 0.07251839991658926,
                    "q2": 0.11733975633978844,
                    "q3": 0.1999841146171093,
                    "q4": 0.24689674377441406
                }
            }
        },
        "relative_translation_angle_error_deg": {
            "summary": {
                "min": 0.08783650398254395,
                "max": 21.221389770507812,
                "median": 1.8931796550750732,
                "mean": 2.9165987968444824,
                "stddev": 3.4456846714019775,
                "len": 66,
                "invalid": 0,
                "quartiles": {
                    "q0": 0.08783650398254395,
                    "q1": 1.0201237201690674,
                    "q2": 1.8931795954704285,
                    "q3": 3.2115468978881836,
                    "q4": 21.221389770507812
                }
            },
            "full_data": [
                2.7596428394317627,
                0.2814209461212158,
                0.5780107378959656,
                0.4472757577896118,
                3.836808681488037,
                1.8485674858093262,
                0.8181633949279785,
                2.782863140106201,
                0.8724344372749329,
                0.9535509943962097,
                1.4501785039901733,
                0.4477413296699524,
                0.28213998675346375,
                0.6941273212432861,
                14.484840393066406,
                0.27826738357543945,
                0.2824544608592987,
                2.9264514446258545,
                0.30863264203071594,
                1.4346798658370972,
                3.2505037784576416,
                8.564605712890625,
                2.434600830078125,
                3.327124834060669,
                1.2708851099014282,
                5.63546085357666,
                2.6657159328460693,
                9.697175025939941,
                1.5709364414215088,
                1.0076128244400024,
                5.538801193237305,
                2.7716078758239746,
                3.182532548904419,
                1.2054569721221924,
                1.2638267278671265,
                0.5616271495819092,
                0.08783650398254395,
                1.4778854846954346,
                3.2212183475494385,
                2.279123067855835,
                7.829139232635498,
                2.7258200645446777,
                21.221389770507812,
                1.3895841836929321,
                1.0682309865951538,
                2.409757137298584,
                2.884479522705078,
                5.538376331329346,
                2.8278086185455322,
                1.9644790887832642,
                5.154903888702393,
                1.3578920364379883,
                1.6708178520202637,
                1.2296209335327148,
                1.1714484691619873,
                7.181229114532471,
                2.2849173545837402,
                3.8906447887420654,
                0.5572824478149414,
                1.9377917051315308,
                1.0576564073562622,
                7.295778751373291,
                5.207627296447754,
                0.6439980864524841,
                1.0704591274261475,
                2.1415834426879883
            ]
        },
        "translation_angle_error_deg": {
            "summary": {
                "min": 0.22387555241584778,
                "max": 9.172239303588867,
                "median": 1.455337405204773,
                "mean": 2.498199939727783,
                "stddev": 2.6742632389068604,
                "len": 12,
                "invalid": 0,
                "quartiles": {
                    "q0": 0.22387555241584778,
                    "q1": 0.7919227182865143,
                    "q2": 1.455337405204773,
                    "q3": 2.479195713996887,
                    "q4": 9.172239303588867
                }
            }
        },
        "relative_rotation_angle_error_deg": {
            "summary": {
                "min": 0.06051269918680191,
                "max": 2.083482265472412,
                "median": 0.9051077365875244,
                "mean": 0.9158461093902588,
                "stddev": 0.46817508339881897,
                "len": 66,
                "invalid": 0,
                "quartiles": {
                    "q0": 0.06051269918680191,
                    "q1": 0.5478737950325012,
                    "q2": 0.9051077663898468,
                    "q3": 1.1850832998752594,
                    "q4": 2.083482265472412
                }
            },