{
    "cluster_vggt_metrics": {
        "num_cameras": 12.0,
        "num_points3d": 118.0,
        "rotation_angle_error_deg": {
            "summary": {
                "min": 0.3481927514076233,
                "max": 3.8809266090393066,
                "median": 1.4053928852081299,
                "mean": 1.563062071800232,
                "stddev": 1.030919075012207,
                "len": 12,
                "invalid": 0,
                "quartiles": {
                    "q0": 0.3481927514076233,
                    "q1": 0.7146234065294266,
                    "q2": 1.4053928852081299,
                    "q3": 2.102989375591278,
                    "q4": 3.8809266090393066
                }
            }
        },
        "translation_error_distance": {
            "summary": {
                "min": 0.033720627427101135,
                "max": 0.7190918326377869,
                "median": 0.4228665828704834,
                "mean": 0.3709125220775604,
                "stddev": 0.21091501414775848,
                "len": 12,
                "invalid": 0,
                "quartiles": {
                    "q0": 0.033720627427101135,
                    "q1": 0.21331879869103432,
                    "q2": 0.4228665679693222,
                    "q3": 0.45781293511390686,
                    "q4": 0.7190918326377869
                }
            }
        },
        "relative_translation_angle_error_deg": {
            "summary": {
                "min": 0.14448769390583038,
                "max": 26.44037628173828,
                "median": 3.4058704376220703,
                "mean": 5.075601577758789,
                "stddev": 4.819576263427734,
                "len": 66,
                "invalid": 0,
                "quartiles": {
                    "q0": 0.14448769390583038,
                    "q1": 2.2626379132270813,
                    "q2": 3.4058703184127808,
                    "q3": 6.38744330406189,
                    "q4": 26.44037628173828
                }
            },
            "full_data": [
                3.3984594345092773,
                3.099292516708374,
                2.1423702239990234,
                2.373002290725708,
                3.568991184234619,
                6.423135280609131,
                2.1605348587036133,
                2.1468117237091064,
                2.2521109580993652,
                0.14448769390583038,
                2.6437408924102783,
                1.593497395515442,
                2.317131280899048,
                1.7122881412506104,
                21.361494064331055,
                0.27826738357543945,
                2.555574893951416,
                2.9264514446258545,
                1.6269294023513794,
                1.4346798658370972,
                3.8480849266052246,
                2.8296101093292236,
                26.44037628173828,
                6.164529323577881,
                5.493577003479004,
                15.500967025756836,
                1.5100692510604858,
                17.38430404663086,
                2.2942187786102295,
                6.458158016204834,
                9.9378662109375,
                11.602012634277344,
                10.29369068145752,
                8.750877380371094,
                2.595322847366333,
                8.628277778625488,
                3.3748044967651367,
                7.146994590759277,
                3.526215076446533,
                3.023325204849243,
                6.068889617919922,
                4.850095272064209,
                0.29314735531806946,
                3.0653786659240723,
                4.199968338012695,
                7.613688945770264,
                1.6045763492584229,
                9.553741455078125,
                0.7925005555152893,
                5.488715648651123,
                8.633033752441406,
                4.164643287658691,
                1.6708178520202637,
                3.2983081340789795,
                1.1714484691619873,
                3.413281202316284,
                6.280367374420166,
                11.054569244384766,
                4.230556011199951,
                3.799008369445801,
                2.46347713470459,
                7.295778751373291,
                3.5090413093566895,
                3.0111610889434814,
                3.5188710689544678,
                0.9821556210517883
            ]
        },
        "translation_angle_error_deg": {
            "summary": {
                "min": 1.3348978757858276,
                "max": 8.213164329528809,
                "median": 2.679263114929199,
                "mean": 3.789231061935425,
                "stddev": 2.1873016357421875,
                "len": 12,
                "invalid": 0,
                "quartiles": {
                    "q0": 1.3348978757858276,
                    "q1": 2.356954902410507,
                    "q2": 2.6792629957199097,
                    "q3": 5.048102140426636,
                    "q4": 8.213164329528809
                }
            }
        },
        "relative_rotation_angle_error_deg": {
            "summary": {
                "min": 0.35433852672576904,
                "max": 5.76633882522583,
                "median": 2.1272032260894775,
                "mean": 2.4040307998657227,
                "stddev": 1.241576075553894,
                "len": 66,
                "invalid": 0,
                "quartiles": {
                    "q0": 0.35433852672576904,
                    "q1": 1.5323946177959442,
                    "q2": 2.1272032260894775,
                    "q3": 3.138406753540039,
                    "q4": 5.76633882522583
                }
            },