{
    "merging_metrics": {
        "merge_success": 1.0,
        "merge_child_count": 0.0,
        "child_camera_counts": {
            "summary": {
                "min": null,
                "max": null,
                "median": null,
                "mean": null,
                "stddev": null
            },
            "full_data": []
        },
        "child_camera_overlap_with_parent": {
            "summary": {
                "min": null,
                "max": null,
                "median": null,
                "mean": null,
                "stddev": null
            },
            "full_data": []
        },
        "number_images_merged": 236.0,
        "number_cameras_merged": 12.0,
        "number_tracks_merged": 118.0,
        "3d_track_lengths_merged": {
            "summary": {
                "min": 2,
                "max": 6,
                "median": 3.0,
                "mean": 3.4322033898305087,
                "stddev": 0.8779677377119761,
                "len": 118,
                "invalid": 0,
                "histogram": {
                    "2": 72,
                    "3": 25,
                    "4": 9,
                    "5": 5
                }
            }
        },
        "reprojection_errors_merged_px": {
            "summary": {
                "min": 0.009523148245172664,
                "max": 2.798925453415566,
                "median": 0.31972758553411285,
                "mean": 0.4270329843265994,
                "stddev": 0.38361137207675433,
                "len": 405,
                "invalid": 0,
                "quartiles": {
                    "q0": 0.009523148245172664,
                    "q1": 0.17811703501134643,
                    "q2": 0.31972758553411285,
                    "q3": 0.5425586640564513,
                    "q4": 2.798925453415566
                }
            }
        },
        "rotation_angle_error_deg": {
            "summary": {
                "min": 0.3481927514076233,
                "max": 3.8809266090393066,
                "median": 1.4053928852081299,
                "mean": 1.563062071800232,
                "stddev": 1.030919075012207,
                "len": 12,
                "invalid": 0,
                "quartiles": {
                    "q0": 0.3481927514076233,
                    "q1": 0.7146234065294266,
                    "q2": 1.4053928852081299,
                    "q3": 2.102989375591278,
                    "q4": 3.8809266090393066
                }
            }
        },
        "translation_error_distance": {
            "summary": {
                "min": 0.033720627427101135,
                "max": 0.7190918326377869,
                "median": 0.4228665828704834,
                "mean": 0.3709125220775604,
                "stddev": 0.21091501414775848,
                "len": 12,
                "invalid": 0,
                "quartiles": {
                    "q0": 0.033720627427101135,
                    "q1": 0.21331879869103432,
                    "q2": 0.4228665679693222,
                    "q3": 0.45781293511390686,
                    "q4": 0.7190918326377869
                }
            }
        },
        "relative_translation_angle_error_deg": {
            "summary": {
                "min": 0.14448769390583038,
                "max": 26.44037628173828,
                "median": 3.4058704376220703,
                "mean": 5.075601577758789,
                "stddev": 4.819576263427734,
                "len": 66,
                "invalid": 0,
                "quartiles": {
                    "q0": 0.14448769390583038,
                    "q1": 2.2626379132270813,
                    "q2": 3.4058703184127808,
                    "q3": 6.38744330406189,
                    "q4": 26.44037628173828
                }
            }
        },
        "translation_angle_error_deg": {
            "summary": {
                "min": 1.3348978757858276,
                "max": 8.213164329528809,
                "median": 2.679263114929199,
                "mean": 3.789231061935425,
                "stddev": 2.1873016357421875,
                "len": 12,
                "invalid": 0,
                "quartiles": {
                    "q0": 1.3348978757858276,
                    "q1": 2.356954902410507,
                    "q2": 2.6792629957199097,
                    "q3": 5.048102140426636,
                    "q4": 8.213164329528809
                }
            }
        },
        "relative_rotation_angle_error_deg": {
            "summary": {
                "min": 0.35433852672576904,
                "max": 5.76633882522583,
                "median": 2.1272032260894775,
                "mean": 2.4040307998657227,
                "stddev": 1.241576075553894,
                "len": 66,
                "invalid": 0,
                "quartiles": {
                    "q0": 0.35433852672576904,
                    "q1": 1.5323946177959442,
                    "q2": 2.1272032260894775,
                    "q3": 3.138406753540039,
                    "q4": 5.76633882522583
                }
            }
        },
        "pose_auc_@1.0_deg": 0.016,
        "pose_auc_@2.5_deg": 0.0873,
        "pose_auc_@3.0_deg": 0.1203,
        "pose_auc_@5.0_deg": 0.2975,
        "pose_auc_@10.0_deg": 0.5456,
        "pose_auc_@20.0_deg": 0.7485,
        "pose_auc_constructed_only_@1.0_deg": 0.016,
        "pose_auc_constructed_only_@2.5_deg": 0.0873,
        "pose_auc_constructed_only_@3.0_deg": 0.1203,
        "pose_auc_constructed_only_@5.0_deg": 0.2975,
        "pose_auc_constructed_only_@10.0_deg": 0.5456,
        "pose_auc_constructed_only_@20.0_deg": 0.7485,
        "focal_length_error_px": {
            "summary": {
                "min": 63.66157150268555,
                "max": 595.2317504882812,
                "median": 189.54464721679688,
                "mean": 237.2793426513672,
                "stddev": 159.24339294433594,
                "len": 12,
                "invalid": 0,
                "quartiles": {
                    "q0": 63.66157150268555,
                    "q1": 143.82741928100586,
                    "q2": 189.54463958740234,
                    "q3": 250.30328750610352,
                    "q4": 595.2317504882812
                }
            },
            "full_data": [
                480.9601135253906,
                147.80479431152344,
                190.33172607421875,
                131.89529418945312,
                196.6920928955078,
                595.2317504882812,
                63.66157150268555,
                188.75755310058594,
                81.73226928710938,
                168.39988708496094,
                411.1368713378906,
                190.7480010986328
            ]
        },
        "focal_length_error_pct": {
            "summary": {
                "min": 5.206212997436523,
                "max": 41.37001419067383,
                "median": 15.442039489746094,
                "mean": 18.6801700592041,
                "stddev": 11.489997863769531,
                "len": 12,
                "invalid": 0,
                "quartiles": {
                    "q0": 5.206212997436523,
                    "q1": 11.816071510314941,
                    "q2": 15.442039966583252,
                    "q3": 20.508559703826904,
                    "q4": 41.37001419067383
                }
            },
            "full_data": [
                37.918643951416016,
                11.981581687927246,
                16.267667770385742,
                11.319540977478027,
                16.022489547729492,
                41.37001419067383,
                5.206212997436523,
                15.421368598937988,
                6.68402624130249,
                13.27656078338623,
                33.23123550415039,
                15.462711334228516
            ]
        },
        "k1_error": {
            "summary": {
                "min": 0.0,
                "max": 0.11950035393238068,