{
    "cluster_vggt_metrics": {
        "num_cameras": 9.0,
        "num_points3d": 33.0,
        "rotation_angle_error_deg": {
            "summary": {
                "min": 0.25687411427497864,
                "max": 2.6403720378875732,
                "median": 0.47571542859077454,
                "mean": 0.8306149244308472,
                "stddev": 0.7166816592216492,
                "len": 9,
                "invalid": 0,
                "quartiles": {
                    "q0": 0.25687411427497864,
                    "q1": 0.39523017406463623,
                    "q2": 0.47571542859077454,
                    "q3": 1.1266649961471558,
                    "q4": 2.6403720378875732
                }
            }
        },
        "translation_error_distance": {
            "summary": {
                "min": 0.07949838042259216,
                "max": 0.28814563155174255,
                "median": 0.2202904224395752,
                "mean": 0.1971745789051056,
                "stddev": 0.07094922661781311,
                "len": 9,
                "invalid": 0,
                "quartiles": {
                    "q0": 0.07949838042259216,
                    "q1": 0.17788934707641602,
                    "q2": 0.2202904224395752,
                    "q3": 0.2342599332332611,
                    "q4": 0.28814563155174255
                }
            }
        },
        "relative_translation_angle_error_deg": {
            "summary": {
                "min": 0.23476527631282806,
                "max": 14.512731552124023,
                "median": 4.226318359375,
                "mean": 5.120244979858398,
                "stddev": 3.7016279697418213,
                "len": 36,
                "invalid": 0,
                "quartiles": {
                    "q0": 0.23476527631282806,
                    "q1": 2.8937054872512817,
                    "q2": 4.226318359375,
                    "q3": 5.86696457862854,
                    "q4": 14.512731552124023
                }
            },
            "full_data": [
                4.644032955169678,
                7.033106327056885,
                4.836095333099365,
                3.927741050720215,
                3.0247256755828857,
                5.03940486907959,
                1.8722870349884033,
                3.5072717666625977,
                9.854246139526367,
                2.915637493133545,
                4.174383640289307,
                6.071252346038818,
                5.348695755004883,
                13.879096031188965,
                1.014403223991394,
                4.278253078460693,
                3.144226551055908,
                2.125684976577759,
                14.512731552124023,
                4.792306900024414,
                4.718967437744141,
                0.5474530458450317,
                8.374191284179688,
                2.2604711055755615,
                5.798868656158447,
                0.23476527631282806,
                3.814056634902954,
                4.733583927154541,
                14.035796165466309,
                3.6237452030181885,
                2.6139473915100098,
                3.071594476699829,
                8.013311386108398,
                12.663987159729004,
                2.827909469604492,
                1.0005735158920288
            ]
        },
        "translation_angle_error_deg": {
            "summary": {
                "min": 0.5201179385185242,
                "max": 4.612435817718506,
                "median": 1.5930206775665283,
                "mean": 2.129589796066284,
                "stddev": 1.413001298904419,
                "len": 9,
                "invalid": 0,
                "quartiles": {
                    "q0": 0.5201179385185242,
                    "q1": 0.9117908477783203,
                    "q2": 1.5930206775665283,
                    "q3": 3.3184938430786133,
                    "q4": 4.612435817718506
                }
            }
        },
        "relative_rotation_angle_error_deg": {
            "summary": {
                "min": 0.2208555042743683,
                "max": 3.3673465251922607,
                "median": 1.03180730342865,
                "mean": 1.2737818956375122,
                "stddev": 0.8393366932868958,
                "len": 36,
                "invalid": 0,
                "quartiles": {
                    "q0": 0.2208555042743683,
                    "q1": 0.6105757802724838,
                    "q2": 1.0318072736263275,
                    "q3": 1.6586987674236298,
                    "q4": 3.3673465251922607
                }
            },
            "full_data": [
                1.112923264503479,
                0.8646699786186218,
                0.7850806713104248,
                0.6751878261566162,
                2.2862753868103027,
                0.2208555042743683,
                0.8503091335296631,
                0.628971517086029,
                1.7750890254974365,
                1.8744386434555054,
                0.6645626425743103,
                3.3673465251922607,
                0.9481540322303772,
                0.2832235097885132,
                0.5507058501243591,
                0.5553885698318481,
                1.5122931003570557,
                1.7576103210449219,
                1.0677320957183838,
                1.5733006000518799,
                1.237198829650879,
                1.4436103105545044,
                1.5974047183990479,
                0.9958824515342712,
                1.6257282495498657,
                1.3637415170669556,
                2.8909804821014404,
                0.4588314890861511,
                0.3981418311595917,
                0.5335353016853333,
                2.464348793029785,
                3.113784074783325,
                2.8287932872772217,
                0.6724525690078735,
                0.5137482285499573,
                0.3638489544391632
            ]
        },
        "pose_auc_@1.0_deg": 0.0,
        "pose_auc_@2.5_deg": 0.0839,
        "pose_auc_@3.0_deg": 0.1113,
        "pose_auc_@5.0_deg": 0.2591,
        "pose_auc_@10.0_deg": 0.5378,
        "pose_auc_@20.0_deg": 0.7512,
        "pose_auc_constructed_only_@1.0_deg": 0.0,
        "pose_auc_constructed_only_@2.5_deg": 0.0839,
        "pose_auc_constructed_only_@3.0_deg": 0.1113,
        "pose_auc_constructed_only_@5.0_deg": 0.2591,
        "pose_auc_constructed_only_@10.0_deg": 0.5378,
        "pose_auc_constructed_only_@20.0_deg": 0.7512,
        "focal_length_error_px": {
            "summary": {
                "min": 63.65673065185547,
                "max": 459.2450866699219,
                "median": 188.75897216796875,
                "mean": 188.93585205078125,
                "stddev": 108.04434967041016,
                "len": 9,
                "invalid": 0,
                "quartiles": {
                    "q0": 63.65673065185547,
                    "q1": 131.86622619628906,
                    "q2": 188.75897216796875,
                    "q3": 190.818359375,
                    "q4": 459.2450866699219
                }
            },
            "full_data": [
                459.2450866699219,
                190.3292694091797,
                82.50492858886719,
                131.86622619628906,
                224.83636474609375,
                63.65673065185547,
                188.75897216796875,
                168.40679931640625,
                190.818359375
            ]
        },
        "focal_length_error_pct": {
            "summary": {
                "min": 5.205816745758057,
                "max": 37.476348876953125,
                "median": 15.42148494720459,
                "mean": 15.484028816223145,
                "stddev": 8.797009468078613,
                "len": 9,
                "invalid": 0,
                "quartiles": {
                    "q0": 5.205816745758057,
                    "q1": 11.317047119140625,