{
    "cluster_vggt_pre_ba_metrics": {
        "num_cameras": 9.0,
        "num_points3d": 124.0,
        "rotation_angle_error_deg": {
            "summary": {
                "min": 0.14901645481586456,
                "max": 2.2007877826690674,
                "median": 0.4410078525543213,
                "mean": 0.6837698817253113,
                "stddev": 0.613142728805542,
                "len": 9,
                "invalid": 0,
                "quartiles": {
                    "q0": 0.14901645481586456,
                    "q1": 0.23112671077251434,
                    "q2": 0.4410078525543213,
                    "q3": 0.7220539450645447,
                    "q4": 2.2007877826690674
                }
            }
        },
        "translation_error_distance": {
            "summary": {
                "min": 0.028005383908748627,
                "max": 0.6749897003173828,
                "median": 0.365192174911499,
                "mean": 0.33743441104888916,
                "stddev": 0.19315330684185028,
                "len": 9,
                "invalid": 0,
                "quartiles": {
                    "q0": 0.028005383908748627,
                    "q1": 0.30488356947898865,
                    "q2": 0.365192174911499,
                    "q3": 0.45118609070777893,
                    "q4": 0.6749897003173828
                }
            }
        },
        "relative_translation_angle_error_deg": {
            "summary": {
                "min": 0.5474530458450317,
                "max": 18.070903778076172,
                "median": 2.570054531097412,
                "mean": 4.010496616363525,
                "stddev": 3.7667012214660645,
                "len": 36,
                "invalid": 0,
                "quartiles": {
                    "q0": 0.5474530458450317,
                    "q1": 1.5937181413173676,
                    "q2": 2.570054531097412,
                    "q3": 4.90009331703186,
                    "q4": 18.070903778076172
                }
            },
            "full_data": [
                1.3222261667251587,
                5.399621486663818,
                5.725105285644531,
                1.5975712537765503,
                8.382901191711426,
                3.6644983291625977,
                1.754472017288208,
                2.609762668609619,
                1.9350433349609375,
                6.899582386016846,
                6.46929407119751,
                2.530346393585205,
                2.105400800704956,
                2.8125665187835693,
                1.120883584022522,
                4.278253078460693,
                3.144226551055908,
                1.2752593755722046,
                14.512731552124023,
                18.070903778076172,
                3.991612195968628,
                0.5474530458450317,
                6.765040397644043,
                2.2604711055755615,
                2.8462541103363037,
                2.1769251823425293,
                1.5821588039398193,
                4.733583927154541,
                3.1963062286376953,
                2.126838207244873,
                1.4320601224899292,
                1.380649447441101,
                10.861126899719238,
                1.2667651176452637,
                2.0941407680511475,
                1.5058443546295166
            ]
        },
        "translation_angle_error_deg": {
            "summary": {
                "min": 0.8204934000968933,
                "max": 7.108108043670654,
                "median": 1.5573946237564087,
                "mean": 2.3092281818389893,
                "stddev": 1.9595422744750977,
                "len": 9,
                "invalid": 0,
                "quartiles": {
                    "q0": 0.8204934000968933,
                    "q1": 0.9265705347061157,
                    "q2": 1.5573946237564087,
                    "q3": 2.981839656829834,
                    "q4": 7.108108043670654
                }
            }
        },
        "relative_rotation_angle_error_deg": {
            "summary": {
                "min": 0.13144905865192413,
                "max": 2.5432722568511963,
                "median": 0.8093901872634888,
                "mean": 0.9893474578857422,
                "stddev": 0.6564560532569885,
                "len": 36,
                "invalid": 0,
                "quartiles": {
                    "q0": 0.13144905865192413,
                    "q1": 0.5123508051037788,
                    "q2": 0.8093901872634888,
                    "q3": 1.3470512330532074,
                    "q4": 2.5432722568511963
                }
            },
            "full_data": [
                0.13639727234840393,
                0.28525593876838684,
                0.3486998379230499,
                1.3148648738861084,
                2.3242392539978027,
                0.8574471473693848,
                0.7613332271575928,
                0.4622534215450287,
                0.407743901014328,
                0.35196641087532043,
                1.1926625967025757,
                2.200427293777466,
                0.7344175577163696,
                0.64051753282547,
                0.3642069399356842,
                0.5553885698318481,
                1.5122931003570557,
                2.5432722568511963,
                1.0677320957183838,
                0.9601356983184814,
                0.6437731385231018,
                1.4436103105545044,
                2.4038541316986084,
                0.9958824515342712,
                0.9171435236930847,
                0.5443742871284485,
                1.071396827697754,
                0.4588314890861511,
                0.5604960918426514,
                1.0583938360214233,
                1.4882696866989136,
                1.6094030141830444,
                2.0956320762634277,
                0.13144905865192413,
                0.6436972618103027,
                0.5290499329566956
            ]
        },
        "pose_auc_@1.0_deg": 0.0,
        "pose_auc_@2.5_deg": 0.1527,
        "pose_auc_@3.0_deg": 0.2194,
        "pose_auc_@5.0_deg": 0.409,
        "pose_auc_@10.0_deg": 0.6411,
        "pose_auc_@20.0_deg": 0.8086,
        "pose_auc_constructed_only_@1.0_deg": 0.0,
        "pose_auc_constructed_only_@2.5_deg": 0.1527,
        "pose_auc_constructed_only_@3.0_deg": 0.2194,
        "pose_auc_constructed_only_@5.0_deg": 0.409,
        "pose_auc_constructed_only_@10.0_deg": 0.6411,
        "pose_auc_constructed_only_@20.0_deg": 0.8086,
        "focal_length_error_px": {
            "summary": {
                "min": 63.66157150268555,
                "max": 459.1636047363281,
                "median": 188.75897216796875,
                "mean": 188.927490234375,
                "stddev": 108.02096557617188,
                "len": 9,
                "invalid": 0,
                "quartiles": {
                    "q0": 63.66157150268555,
                    "q1": 131.86622619628906,
                    "q2": 188.75897216796875,
                    "q3": 190.82086181640625,
                    "q4": 459.1636047363281
                }
            },
            "full_data": [
                459.1636047363281,
                190.32337951660156,
                82.50492858886719,
                131.86622619628906,
                224.83636474609375,
                63.66157150268555,
                188.75897216796875,
                168.41151428222656,
                190.82086181640625
            ]
        },
        "focal_length_error_pct": {
            "summary": {
                "min": 5.206212997436523,
                "max": 37.469703674316406,
                "median": 15.42148494720459,
                "mean": 15.483342170715332,
                "stddev": 8.795097351074219,
                "len": 9,
                "invalid": 0,
                "quartiles": {
                    "q0": 5.206212997436523,
                    "q1": 11.317047119140625,