# 3D point list with one line of data per point:
#   POINT3D_ID, X, Y, Z, R, G, B, ERROR, TRACK[] as (IMAGE_ID, POINT2D_IDX)
# Number of points: 1231, mean track length: 4.54
0 0.009905045617202663 0.09624156022142723 0.9668124167983567 0 0 0 0.25 55 0 110 0 141 0 142 0 146 0 
1 -0.3299891583649133 -0.0002653880258270416 1.4406257768836992 0 0 0 0.4 205 0 274 0 481 0 
2 0.3014733498643956 -0.26601508002231644 0.945327970886714 0 0 0 2.52 96 0 175 0 481 1 
3 -0.14007674646251086 0.365942671331038 0.04432180950151643 0 0 0 0.35 55 1 110 1 278 0 481 2 
4 -0.26944351807197553 -0.20058912138071225 1.4512294743871343 0 0 0 1.28 96 1 313 0 481 3 
5 -0.023359500054303903 0.1358586322090505 0.3085518883810539 0 0 0 0.79 351 0 401 0 481 4 
6 -0.12281980204850207 -0.11266186193363231 1.2051292365156197 0 0 0 0.49 141 1 142 1 278 1 313 1 343 0 351 1 481 5 
7 -0.35297276635122227 -0.10964514736536407 1.405614462534735 0 0 0 0.15 205 1 343 1 481 6 
8 -0.19745193955842302 -0.09205210774427242 1.282463142715445 0 0 0 0.38 141 2 142 2 161 0 175 1 343 2 351 2 448 0 481 7 493 0 
9 -0.3721291045775437 -0.051068246570284935 1.455193064278725 0 0 0 0.3 141 3 142 3 161 1 278 2 313 2 343 3 351 3 439 0 448 1 481 8 
10 -0.3656528125049635 -0.023318397048063398 1.4647120504611213 0 0 0 0.46 141 4 175 2 278 3 343 4 481 9 493 1 
11 -0.09496489788581257 0.0038336499411518814 1.1604749642457313 0 0 0 0.46 175 3 278 4 351 4 481 10 493 2 
12 -0.08019732685481966 0.12886776054999516 1.3070338054345028 0 0 0 0.85 141 5 278 5 351 5 481 11 
13 -0.1392122873099819 -0.11916981384501392 1.2157715248250123 0 0 0 0.39 141 6 161 2 175 4 278 6 313 3 343 5 351 6 439 1 448 2 481 12 493 3 
14 -0.1636265483274053 -0.10342243178335912 1.2432143072870718 0 0 0 0.4 175 5 274 1 278 7 313 4 343 6 351 7 447 0 481 13 493 4 
15 -0.3468480936096492 -0.07528221526785975 1.416305233581302 0 0 0 0.31 141 7 161 3 175 6 205 2 274 2 351 8 439 2 447 1 481 14 493 5 
16 -0.3591922499119425 -0.07353051522878772 1.4354883677821713 0 0 0 0.18 278 8 448 3 481 15 
17 -0.3689614608275683 -0.03579141612703779 1.4607391407326376 0 0 0 0.54 141 8 142 4 161 4 175 7 274 3 278 9 313 5 351 9 447 2 481 16 493 6 
18 -0.3646487411804241 -0.01894384294520382 1.4783234058445915 0 0 0 0.48 96 2 114 0 142 5 175 8 278 10 313 6 351 10 447 3 481 17 
19 -0.3344610531792877 -0.014645090312789195 1.442728181336671 0 0 0 0.34 96 3 114 1 141 9 142 6 161 5 205 3 274 4 351 11 439 3 447 4 448 4 481 18 493 7 
20 -0.33439737775750716 -0.014748135704350209 1.4436992350201812 0 0 0 0.34 96 4 114 2 142 7 161 6 205 4 274 5 278 11 313 7 351 12 439 4 447 5 448 5 481 19 493 8 
21 -0.30521295416649613 -0.015456001011882067 1.41937589580967 0 0 0 0.41 142 8 175 9 205 5 274 6 278 12 313 8 351 13 439 5 448 6 481 20 493 9 
22 -0.3052464050381819 -0.015584280154491464 1.4192037178389059 0 0 0 0.35 175 10 205 6 274 7 278 13 351 14 439 6 448 7 481 21 
23 -0.3265651572901968 0.02623765498606866 1.464816110951743 0 0 0 0.32 96 5 141 10 142 9 205 7 278 14 481 22 493 10 
24 -0.3079878020940995 0.03432787873230772 1.4590354702720507 0 0 0 0.45 141 11 142 10 175 11 205 8 274 8 278 15 313 9 439 7 447 6 448 8 481 23 493 11 
25 -0.2889712706420762 0.043835932134031884 1.4329316911899301 0 0 0 0.81 96 6 142 11 175 12 205 9 278 16 481 24 
26 -0.12650211594395241 0.1111643617915024 1.3499153647572082 0 0 0 0.94 278 17 448 9 456 0 481 25 
27 0.19802026130487893 -0.19449801837672998 0.9178109617964704 0 0 0 0.81 274 9 278 18 313 10 351 15 448 10 481 26 
28 -0.054372093006636875 -0.16157167566604516 1.1254239689460503 0 0 0 0.52 75 0 142 12 175 13 351 16 439 8 448 11 481 27 
29 -0.25529037028661233 -0.14481479487272172 1.3021658666713665 0 0 0 0.18 278 19 288 0 481 28 
30 -0.2970070803013942 -0.13264426433216547 1.3603604425002156 0 0 0 0.45 96 7 175 14 481 29 
31 -0.2914819019050127 -0.1050796969548872 1.3591124677882735 0 0 0 0.18 96 8 141 12 161 7 278 20 313 11 351 17 439 9 447 7 448 12 481 30 
32 -0.2275572055260138 -0.08965934410025775 1.3095983039219006 0 0 0 0.21 96 9 141 13 274 10 288 1 313 12 343 7 351 18 439 10 447 8 448 13 481 31 493 12 
33 -0.12726347536293686 -0.09234906167548741 1.216058198921746 0 0 0 0.67 278 21 313 13 343 8 439 11 447 9 448 14 481 32 493 13 
34 -0.14815826405528154 -0.07000517381259508 1.247418652720474 0 0 0 0.4 142 13 161 8 205 10 274 11 278 22 288 2 447 10 481 33 
35 -0.1950857141717036 -0.05178295066313306 1.3072843692140985 0 0 0 0.72 96 10 278 23 351 19 439 12 448 15 481 34 493 14 
36 -0.053270691446972974 -0.033768714093687556 0.9631328811462578 0 0 0 0.45 141 14 175 15 278 24 313 14 351 20 439 13 481 35 
37 -0.3663220662947597 -0.04056694321245012 1.4508137558373355 0 0 0 0.11 96 11 141 15 481 36 
38 -0.3207566952357208 -0.03881673312906009 1.409112874505456 0 0 0 0.58 96 12 141 16 175 16 205 11 274 12 278 25 313 15 481 37 
39 -0.3082803285990182 -0.03244313145896093 1.4102470555343525 0 0 0 0.31 96 13 175 17 278 26 313 16 343 9 351 21 447 11 481 38 
40 -0.30672980418513834 -0.02370519351085445 1.4166652499922807 0 0 0 0.32 96 14 142 14 161 9 175 18 205 12 274 13 278 27 343 10 439 14 447 12 481 39 
41 -0.33535805127917784 -0.004864328124785449 1.451610807650447 0 0 0 0.34 96 15 114 3 142 15 274 14 278 28 351 22 481 40 493 15 
42 -0.2993019252278724 0.009428758475549396 1.4299361276961786 0 0 0 0.38 96 16 142 16 161 10 175 19 205 13 274 15 278 29 313 17 351 23 439 15 447 13 481 41 493 16 
43 -0.06865569609573358 0.006041683380333987 0.986149945407811 0 0 0 0.49 96 17 142 17 278 30 343 11 401 1 448 16 481 42 
44 -0.34089599213811844 0.02261503553719981 1.4779654810815206 0 0 0 0.31 141 17 142 18 205 14 274 16 278 31 351 24 439 16 448 17 481 43 
45 -0.32341138615092996 0.03134266601932667 1.4666118285080352 0 0 0 0.41 141 18 313 18 481 44 
46 -0.06529535124267359 0.01974030435198324 0.9920374004029158 0 0 0 0.21 278 32 343 12 481 45 
47 -0.24260184162712894 0.06004790654606951 1.4181580516927492 0 0 0 0.47 96 18 141 19 142 19 175 20 205 15 274 17 278 33 351 25 448 18 481 46 
48 -0.17054231405082837 0.04593029073152707 1.338408407004052 0 0 0 0.47 96 19 114 4 141 20 142 20 161 11 175 21 205 16 274 18 278 34 313 19 351 26 447 14 448 19 456 1 481 47 493 17 
49 -0.17564867846856172 0.08716131220539687 1.37822056506773 0 0 0 0.57 96 20 141 21 175 22 205 17 274 19 278 35 313 20 448 20 456 2 481 48 
50 -0.022556899895414383 0.15711961263892543 1.0471923136535806 0 0 0 0.54 67 0 112 0 278 36 343 13 447 15 481 49 
51 0.0750694247150793 -0.31963396100934166 1.254396016136933 0 0 0 0.35 96 21 313 21 481 50 
52 0.038302380191372866 -0.08927014068878882 0.7715120770106036 0 0 0 0.56 96 22 141 22 161 12 278 37 288 3 439 17 481 51 
53 -0.4663701601065101 -0.13972783208185974 1.5536990803846482 0 0 0 1.34 141 23 142 21 278 38 481 52 493 18 
54 -0.3874927878755531 -0.11019414227393862 1.4334864921794077 0 0 0 0.24 96 23 439 18 481 53 493 19 
55 -0.34461053397385777 -0.09442647942921753 1.4050776763990125 0 0 0 0.38 96 24 141 24 142 22 161 13 205 18 274 20 278 39 313 22 351 27 439 19 447 16 481 54 493 20 
56 -0.40673958577500935 -0.0767900401204045 1.4829285042438598 0 0 0 0.59 96 25 288 4 481 55 
57 -0.3767752622529301 -0.08705679446728425 1.437304758030353 0 0 0 0.37 114 5 274 21 278 40 313 23 343 14 351 28 439 20 447 17 448 21 481 56 493 21 
58 -0.37524787135453525 -0.07098119305473488 1.450295209749871 0 0 0 0.51 96 26 114 6 141 25 161 14 205 19 274 22 278 41 313 24 351 29 439 21 447 18 448 22 481 57 493 22 
59 -0.28443774072038014 -0.07179224210731042 1.3691173202947273 0 0 0 0.32 96 27 114 7 351 30 439 22 448 23 481 58 
60 -0.30873712255474306 -0.058891998597104554 1.3972875680317152 0 0 0 0.24 274 23 278 42 313 25 351 31 481 59 
61 -0.28260201292375275 -0.05682273339851366 1.3740056776788825 0 0 0 0.3 96 28 161 15 175 23 205 20 274 24 278 43 313 26 351 32 448 24 481 60 
62 0.036769426017869526 -0.022036343218041824 0.9234221923275249 0 0 0 0.36 96 29 141 26 274 25 481 61 493 23 
63 0.09328153600964886 -0.026239411509416076 0.8912759092248383 0 0 0 0.93 142 23 175 24 274 26 278 44 439 23 447 19 448 25 481 62 493 24 
64 -0.30087139269467716 -0.0012895003309289009 1.426433377772617 0 0 0 0.29 96 30 141 27 161 16 274 27 278 45 351 33 481 63 
65 0.060921984507102435 -0.0015647225041408711 0.911788372261866 0 0 0 0.79 175 25 313 27 333 0 447 20 481 64 
66 -0.20507678079675223 0.0276097893684948 1.3606403521981987 0 0 0 0.17 205 21 343 15 351 34 481 65 
67 0.045138190386951715 0.02307886598320274 0.9293006370954706 0 0 0 0.71 96 31 175 26 333 1 481 66 
68 0.0233180911655617 0.04481834450506248 0.9585138621328582 0 0 0 0.6 110 2 112 1 146 1 343 16 384 0 
69 0.0042242070457930835 0.09146192869594713 0.9640782267106325 0 0 0 0.66 141 28 142 24 278 46 313 28 401 2 447 21 481 67 493 25 
70 0.008886054453978035 0.09243125908965666 0.9688525474553279 0 0 0 0.45 141 29 161 17 313 29 481 68 
71 0.1474065830242317 -0.22193676287193817 1.0084978392369621 0 0 0 0.43 96 32 278 47 313 30 481 69 
72 -0.2951860589173015 -0.12863192345097596 1.3557185333946167 0 0 0 0.19 96 33 278 48 481 70 
73 0.0372073732172617 -0.07226657000305002 0.7779089202117315 0 0 0 0.43 205 22 288 5 313 31 481 71 
74 0.03804208504672101 -0.07399685258995337 0.781286299354026 0 0 0 0.37 141 30 351 35 384 1 456 3 
75 0.06979202764781726 -0.07230413910197156 0.7609273987026534 0 0 0 0.59 74 0 96 34 175 27 278 49 333 2 351 36 481 72 
76 0.1050539010557939 -0.04965909852708446 0.6525307847093901 0 0 0 0.29 96 35 278 50 481 73 
77 -0.1525659136931908 -0.06688421423731698 1.2638430298409666 0 0 0 0.45 114 8 141 31 278 51 447 22 481 74 
78 0.03661217851769774 -0.052200819829379 0.902960577811944 0 0 0 1.07 55 2 384 2 456 4 
79 -0.20843469257425173 -0.013545655451571556 1.3319293149239124 0 0 0 0.45 274 28 278 52 313 32 456 5 481 75 
80 0.03943301659825788 -0.005961330640094927 0.9282777162809243 0 0 0 0.7 74 1 96 36 141 32 175 28 274 29 278 53 313 33 343 17 481 76 
81 0.047938715995251506 0.013000691389475696 0.9353998315879586 0 0 0 0.62 96 37 175 29 274 30 343 18 447 23 481 77 
82 0.0026467949411527717 0.07722580544927128 0.9598259793542524 0 0 0 0.58 114 9 142 25 161 18 274 31 313 34 351 37 401 3 439 24 448 26 481 78 
83 0.031123941753405892 0.10162727910964092 0.9740630649240064 0 0 0 0.85 67 1 142 26 161 19 274 32 278 54 351 38 401 4 481 79 493 26 494 0 
84 0.045109907743601796 0.04413403861984984 0.47252089208079057 0 0 0 0.42 278 55 313 35 481 80 
85 -0.06642665091251515 0.27457625075933834 0.03598769826756604 0 0 0 0.27 55 3 112 2 141 33 278 56 443 0 447 24 481 81 
86 0.19736195852573774 -0.1429574822769534 0.8186891863157986 0 0 0 0.31 84 0 278 57 447 25 481 82 
87 -0.057443014343324224 -0.18641698319999842 1.1555202282388148 0 0 0 0.5 274 33 278 58 288 6 351 39 447 26 481 83 
88 0.13612157044198409 -0.08356454842783241 0.716029537750844 0 0 0 0.98 96 38 141 34 142 27 175 30 278 59 333 3 351 40 447 27 481 84 
89 0.1646913103526853 -0.08966734130426368 0.7238555850336229 0 0 0 0.41 84 1 278 60 313 36 481 85 
90 -0.4631803665848587 -0.15639510046020952 1.5434042458389539 0 0 0 1.06 96 39 141 35 142 28 175 31 274 34 313 37 351 41 439 25 481 86 493 27 
91 0.06875938082431221 -0.0809088503643913 0.7598787229373518 0 0 0 0.62 74 2 96 40 175 32 274 35 278 61 333 4 481 87 
92 -0.13410063604521563 -0.1012365722160352 1.2200942836844482 0 0 0 0.4 96 41 141 36 161 20 274 36 278 62 288 7 313 38 439 26 448 27 481 88 493 28 
93 0.16539694136982497 -0.03678021991129776 0.6007387995268392 0 0 0 0.86 205 23 384 3 456 6 
94 -0.029622378385060075 -0.03112596283886952 0.9457370410015307 0 0 0 1.4 74 3 288 8 343 19 481 89 
95 0.17699917185664507 -0.01998953315220993 0.545537720746432 0 0 0 0.58 96 42 278 63 333 5 481 90 
96 -0.06665278382084372 -0.014753512651003456 0.9732307496405733 0 0 0 0.32 96 43 274 37 278 64 288 9 313 39 343 20 447 28 448 28 481 91 
97 -0.3593676464426458 0.01075721234986208 1.4826568995708629 0 0 0 0.31 96 44 141 37 274 38 278 65 481 92 493 29 
98 0.11678772747427264 -0.0025849395868129256 0.5400156857112808 0 0 0 0.66 55 4 110 3 146 2 384 4 456 7 
99 0.04213567038701497 0.01889964258446231 0.9309150136226929 0 0 0 0.56 74 4 96 45 175 33 274 39 278 66 313 40 481 93 
100 0.15425092592958795 0.019861233222943912 0.43218242888358704 0 0 0 1.1 96 46 274 40 481 94 
101 0.022735107255047692 0.07331433687396886 0.9603952816170808 0 0 0 0.52 67 2 112 3 141 38 142 29 161 21 274 41 278 67 343 21 351 42 401 5 447 29 481 95 
102 0.021617808227687697 0.08933606168681246 0.9720108463304064 0 0 0 0.71 67 3 74 5 112 4 114 10 141 39 142 30 161 22 274 42 278 68 351 43 439 27 447 30 481 96 
103 0.03787784514545886 0.05195075523280934 0.4705220118879411 0 0 0 0.73 274 43 439 28 481 97 
104 0.10904552574697336 0.05575547612880261 0.43531316872387393 0 0 0 0.3 96 47 278 69 447 31 481 98 
105 0.16866734845562634 -0.10170830623680337 0.7466877273301108 0 0 0 0.63 84 2 96 48 481 99 
106 -0.10571266823808659 -0.14206058404486124 1.1787100805442405 0 0 0 0.37 96 49 175 34 288 10 313 41 343 22 481 100 
107 0.04426951988755178 -0.04770864642756497 0.9133026341439054 0 0 0 0.54 141 40 274 44 278 70 481 101 
108 0.16218422307202546 -0.03163547000267228 0.61777398208164 0 0 0 0.8 141 41 274 45 288 11 333 6 447 32 
109 -0.41266530117806777 -0.059858877541618484 1.4833894977731046 0 0 0 0.39 96 50 114 11 141 42 161 23 439 29 447 33 481 102 493 30 
110 0.16230275206370523 -0.016288897408556612 0.5529586913238252 0 0 0 0.56 278 71 447 34 481 103 
111 0.08092247428175385 0.034610649412203674 0.47480437320907487 0 0 0 1.02 175 35 313 42 481 104 
112 0.08391092734757569 0.03666110680735034 0.4723032871474722 0 0 0 0.44 84 3 96 51 175 36 278 72 313 43 481 105 
113 0.04575034827601294 0.04770776732081162 0.4707702404698251 0 0 0 0.47 161 24 274 46 456 8 481 106 
114 0.024857180696469538 -0.30695341159956746 1.250111944806346 0 0 0 0.61 288 12 343 23 481 107 
115 0.2850714894650788 -0.24902658689503307 1.0151191411517584 0 0 0 0.2 96 52 278 73 481 108 
116 -0.40091456720503044 -0.15198043135458977 1.5094456185858645 0 0 0 1.02 161 25 175 37 274 47 343 24 447 35 448 29 481 109 
117 -0.31641151662035943 0.023176212500164065 1.4526668356078645 0 0 0 0.25 96 53 278 74 351 44 481 110 493 31 
118 0.08493651911133938 0.029270367999293816 0.48186631033541816 0 0 0 0.23 96 54 278 75 481 111 
119 0.29931398148335836 -0.2746536934963051 1.0608599170046362 0 0 0 0.55 96 55 278 76 313 44 447 36 481 112 
120 0.25910146523569777 -0.2135264682540028 0.9537436378079652 0 0 0 0.81 84 4 278 77 313 45 333 7 351 45 481 113 
121 0.12837991853979355 -0.054099222318512885 0.6456798601990542 0 0 0 0.48 96 56 278 78 333 8 481 114 
122 -0.35060840082762446 0.010696036675980545 1.475859881846698 0 0 0 0.82 141 43 205 24 274 48 278 79 481 115 493 32 
123 -0.28604699123324584 0.034207498886360946 1.4417324882651066 0 0 0 0.57 141 44 142 31 175 38 205 25 351 46 439 30 448 30 481 116 
124 -0.22083630721712544 0.06159621104430031 1.4102882555657792 0 0 0 1.11 141 45 278 80 343 25 448 31 481 117 493 33 
125 0.07317829839344807 0.05657228998305466 0.4469322004928817 0 0 0 0.63 146 3 205 26 274 49 351 47 384 5 456 9 481 118 
126 0.06628596889732885 0.0624006486833433 0.43718067510926917 0 0 0 0.69 84 5 96 57 141 46 142 32 161 26 175 39 274 50 278 81 313 46 333 9 351 48 439 31 447 37 481 119 493 34 
127 0.14903393809260143 -0.07358550298248347 0.6919641290795756 0 0 0 0.9 96 58 278 82 447 38 481 120 
128 0.11638711923499642 -0.008030627966919597 0.5521513141992761 0 0 0 0.86 96 59 141 47 278 83 481 121 
129 -0.4867601597960558 -0.06344178954307245 1.5619556679120477 0 0 0 1.77 55 5 110 4 401 6 
130 -0.4835036415390285 -0.10513996594848192 1.5532804349532936 0 0 0 0.42 142 33 447 39 481 122 493 35 
131 -0.3794504250909788 -0.06757706354221905 1.4304566052950571 0 0 0 1.14 96 60 141 48 274 51 278 84 343 26 439 32 481 123 
132 -0.37695181932660715 -0.05241826760389033 1.4557414521908374 0 0 0 0.58 114 12 141 49 205 27 274 52 278 85 313 47 351 49 447 40 448 32 481 124 493 36 
133 -0.35167062241045943 -0.10521972023319721 1.4111117222605247 0 0 0 0.44 175 40 278 86 313 48 343 27 351 50 447 41 481 125 493 37 
134 -0.34516941044655236 -0.06940937998651468 1.4210245004908757 0 0 0 0.45 96 61 141 50 175 41 274 53 278 87 351 51 439 33 447 42 448 33 481 126 493 38 
135 -0.3479181687438058 -0.08090969657926188 1.4111958534513112 0 0 0 0.24 114 13 141 51 343 28 481 127 
136 -0.3230006061984146 -0.11132020893401735 1.3877060638995868 0 0 0 0.38 175 42 278 88 313 49 351 52 481 128 493 39 
137 -0.32299388122332057 -0.11150736110924536 1.388293575247522 0 0 0 0.37 175 43 278 89 313 50 351 53 481 129 
138 -0.2975378960847037 0.020379284931001183 1.4384990170359766 0 0 0 0.36 96 62 114 14 274 54 278 90 343 29 447 43 481 130 493 40 
139 -0.2988224203566118 0.014320223759817043 1.4325651043004144 0 0 0 0.24 142 34 278 91 351 54 439 34 447 44 481 131 
140 -0.2928567228962572 -0.11407497702542593 1.3488654872640025 0 0 0 0.76 96 63 274 55 313 51 343 30 351 55 481 132 
141 -0.2629456055588734 0.0421935807972812 1.4180874296006847 0 0 0 0.3 96 64 142 35 161 27 274 56 447 45 448 34 481 133 493 41 
142 -0.22371304810338605 -0.048485302946101 1.3260392982243998 0 0 0 0.31 96 65 114 15 141 52 274 57 343 31 351 56 439 35 447 46 448 35 481 134 493 42 
143 -0.22338549078772657 -0.04849868876241663 1.3259077602118576 0 0 0 0.45 96 66 175 44 343 32 439 36 448 36 481 135 
144 -0.19532812169167443 0.08003699758707541 1.3811281302878464 0 0 0 0.66 96 67 175 45 278 92 481 136 
145 -0.2026375051264718 -0.025743788396805176 1.3346321481392094 0 0 0 0.42 55 6 110 5 481 137 
146 -0.19837676985957145 -0.09932490464090062 1.2790722510331178 0 0 0 0.43 114 16 142 36 161 28 288 13 343 33 448 37 481 138 493 43 
147 -0.2073337294641232 -0.1503206769248888 1.2514716569093811 0 0 0 0.53 96 68 175 46 288 14 481 139 
148 -0.17549944894539424 -0.01139477758580686 1.3034800286220274 0 0 0 0.34 175 47 205 28 274 58 278 93 313 52 343 34 351 57 447 47 481 140 
149 -0.16013670086386292 -0.12166583377216042 1.2311039919396274 0 0 0 0.35 141 53 278 94 288 15 313 53 351 58 481 141 
150 -0.17031047194785726 -0.14939939968228286 1.220740715145483 0 0 0 0.51 175 48 205 29 351 59 439 37 481 142 493 44 
151 -0.14424759546711316 -0.15505585053016277 1.1989614878588366 0 0 0 0.32 96 69 114 17 161 29 175 49 274 59 288 16 439 38 447 48 448 38 481 143 
152 -0.1327229198857882 -0.010654958571186734 1.2461462082647274 0 0 0 0.52 55 7 75 1 448 39 
153 -0.13052691154687143 -0.08066086983975218 1.221606083760897 0 0 0 0.21 96 70 114 18 161 30 274 60 278 95 288 17 351 60 439 39 447 49 481 144 493 45 
154 -0.12295291572745412 -0.11066235589138222 1.2060275928723978 0 0 0 0.34 96 71 161 31 278 96 481 145 493 46 
155 -0.10584390367123499 -0.2812766646559291 1.420382747187168 0 0 0 1.14 55 8 384 6 443 1 
156 -0.0982889326504857 0.021140154170351238 1.1653280645824382 0 0 0 0.47 96 72 175 50 278 97 288 18 313 54 343 35 447 50 481 146 
157 -0.052184898926640896 0.11096781495276767 1.0533728789127106 0 0 0 0.15 55 9 110 6 481 147 
158 -0.05121268271037017 -0.13224071624673558 1.1291104144130264 0 0 0 0.46 75 2 175 51 278 98 481 148 
159 -0.012885563346077355 0.006550088258567936 0.9579957217480655 0 0 0 0.3 96 73 288 19 481 149 
160 -0.02223789217361556 -0.0432452981580101 0.9303657343983778 0 0 0 0.23 96 74 175 52 278 99 288 20 481 150 
161 -0.15785601143158537 0.4429339961455083 0.02489878304619559 0 0 0 0.22 55 10 110 7 481 151 
162 -0.15093413384979792 0.3687396912180596 0.1164512646044757 0 0 0 1.05 84 6 146 4 278 100 481 152 
163 -0.14536546301944372 0.31125396681772755 0.06502759807509759 0 0 0 0.45 55 11 110 8 443 2 481 153 
164 -0.1489677354363332 0.30850206242891365 0.07924677291171661 0 0 0 0.45 55 12 110 9 112 5 278 101 481 154 
165 -0.14384525233606843 0.2900001928869507 0.056483259932856765 0 0 0 0.47 55 13 112 6 114 19 142 37 161 32 343 36 351 61 481 155 493 47 
166 -0.14738353526990464 0.43125375228686014 0.04569424254872161 0 0 0 0.24 55 14 110 10 481 156 
167 -0.1474571818162863 0.4283895127402415 0.05102287355922167 0 0 0 0.21 55 15 110 11 481 157 
168 -0.13199789095840428 0.3503187429336545 0.08565471539465472 0 0 0 0.28 55 16 110 12 447 51 481 158 
169 -0.10945633098204614 0.33363155728992583 0.06780463856355838 0 0 0 0.56 55 17 146 5 481 159 
170 -0.08518362881675537 0.1928060910479525 0.18707148263721562 0 0 0 0.62 55 18 141 54 205 30 447 52 481 160 
171 0.06182810771201283 -0.03898079541034405 0.9114949421867679 0 0 0 0.33 96 75 112 7 481 161 
172 -0.10535453102188995 0.32301515396018327 0.06875329836196765 0 0 0 0.24 55 19 114 20 443 3 481 162 
173 -0.10504865100343666 0.32279597862171927 0.06883969445798656 0 0 0 0.44 84 7 175 53 481 163 
174 -0.09033126381822659 0.3320691729176203 0.06927279422438058 0 0 0 0.21 55 20 110 13 481 164 494 1 
175 -0.08786932293381046 0.3321522008684233 0.07128559429031724 0 0 0 0.09 55 21 110 14 481 165 
176 -0.08786932293381046 0.3321522008684233 0.07128559429031724 0 0 0 0.09 55 22 110 15 481 166 
177 -0.10092663206178776 0.2756047275546198 0.04872747456835536 0 0 0 0.28 55 23 110 16 447 53 481 167 
178 -0.09542768101413647 0.2772038753292478 0.048139784333426444 0 0 0 0.19 55 24 110 17 146 6 278 102 481 168 
179 -0.10203058557453014 0.25891902492799107 0.04710701708568178 0 0 0 0.16 55 25 146 7 481 169 
180 -0.09683777066355578 0.2474638922561517 0.0669786581006349 0 0 0 0.23 55 26 278 103 481 170 
181 -0.07440969321328145 0.2096849024260719 0.13644445985641693 0 0 0 0.15 55 27 146 8 447 54 
182 -0.06190202367454179 0.19177191015330255 0.19861717540152368 0 0 0 1.02 55 28 84 8 146 9 274 61 481 171 
183 0.08756999320764494 -0.016733534442953987 0.8920716595394952 0 0 0 0.59 142 38 175 54 333 10 447 55 481 172 
184 0.08175756016003576 -0.038094270973018686 0.8648199480985072 0 0 0 1.37 55 29 67 4 110 18 384 7 
185 0.13250321900819897 -0.19627204332908596 0.97561291424214 0 0 0 0.47 55 30 401 7 494 2 
186 -0.09019871523841248 0.3870698525659297 0.030873430595974742 0 0 0 0.31 84 9 114 21 161 33 481 173 
187 -0.07172470372697033 0.3372609244476034 0.06851271836167677 0 0 0 0.29 55 31 110 19 481 174 
188 -0.08077268293578652 0.2753927455000878 0.04234081409192025 0 0 0 0.22 55 32 146 10 278 104 384 8 443 4 447 56 481 175 
189 -0.0781634715479983 0.2770220265184556 0.0410136278481431 0 0 0 0.23 55 33 146 11 278 105 447 57 481 176 
190 -0.08220036719046915 0.25525085509570383 0.0491412941728887 0 0 0 0.35 55 34 110 20 112 8 114 22 278 106 384 9 443 5 481 177 
191 -0.08540146077601776 0.2625846347087576 0.03608774887370671 0 0 0 0.12 55 35 278 107 481 178 
192 -0.08573947466043201 0.2525402717152979 0.0513942410260313 0 0 0 0.25 55 36 278 108 481 179 
193 -0.06856444309709141 0.21433360280346442 0.13122977835978314 0 0 0 0.52 55 37 84 10 110 21 114 23 146 12 205 31 274 62 278 109 384 10 481 180 
194 -0.06843228400751208 0.2142584465520013 0.13062128708203566 0 0 0 0.47 55 38 84 11 146 13 161 34 443 6 481 181 
195 -0.013556696327624625 0.11471133529734777 0.348839115783407 0 0 0 0.51 114 24 142 39 481 182 
196 -0.014027553325259819 0.11480482013760912 0.34650502207958994 0 0 0 0.45 55 39 114 25 481 183 
197 0.29467895777010483 -0.4132607183338716 1.3802556698308186 0 0 0 0.82 161 35 278 110 313 55 351 62 448 40 481 184 
198 0.2809069334700237 -0.42365443414474674 1.3946593288876434 0 0 0 1.01 112 9 141 55 351 63 481 185 493 48 
199 0.003691323147112831 0.15526358914183946 0.25375583284967773 0 0 0 0.47 84 12 96 76 141 56 161 36 274 63 278 111 313 56 351 64 384 11 481 186 
200 0.29811911778105654 -0.40660390677794533 1.3691295792064304 0 0 0 0.61 278 112 313 57 481 187 
201 -0.07638521531573464 0.5081396811174076 -0.051727086212281295 0 0 0 0.54 55 40 110 22 481 188 494 3 
202 -0.052677449299452075 0.3359225988593657 0.05943154888369988 0 0 0 0.25 55 41 146 14 447 58 481 189 
203 -0.059978229212517165 0.27713579268241667 0.03358918389329911 0 0 0 0.21 55 42 447 59 481 190 
204 -0.050994998409715366 0.2853768920225274 0.03279330251017708 0 0 0 0.29 55 43 112 10 146 15 278 113 481 191 
205 -0.05001386321081253 0.2777566324992526 0.0307148532640374 0 0 0 0.3 146 16 274 64 278 114 443 7 481 192 
206 -0.052055514570129115 0.2760521813191693 0.03002302642475696 0 0 0 0.34 55 44 110 23 146 17 278 115 481 193 
207 -0.03806542192758993 0.22885744105180866 0.08721308928229814 0 0 0 0.24 55 45 141 57 481 194 
208 -0.007245937719787165 0.18945815667051014 0.18376280928681196 0 0 0 0.67 141 58 175 55 278 116 351 65 384 12 447 60 481 195 
209 -0.07258714002853854 0.5196466311725029 -0.07010903598570238 0 0 0 0.37 55 46 110 24 401 8 
210 -0.06762436094204505 0.5214513583185537 -0.08194082149794282 0 0 0 0.38 55 47 110 25 481 196 
211 0.2605494910361659 -0.20509776955252118 0.9158448449092681 0 0 0 0.94 84 13 96 77 161 37 274 65 278 117 447 61 481 197 
212 0.2938400836189052 -0.24615088243505107 1.0006950820446927 0 0 0 0.71 84 14 278 118 481 198 
213 -0.06674983596644847 0.5266201385327829 -0.09307229973074829 0 0 0 0.62 55 48 110 26 481 199 
214 0.16972393236129374 -0.03515016295307957 0.5969817506904543 0 0 0 0.81 96 78 313 58 447 62 481 200 
215 -0.06956629181614057 0.5524096505942747 -0.14647735054116875 0 0 0 0.92 141 59 142 40 481 201 
216 0.09929350425453772 0.0993843536432934 0.3108853165414923 0 0 0 1.23 141 60 175 56 274 66 481 202 
217 -0.023674346226695037 0.2967328016369057 -0.058329401053531814 0 0 0 0.86 114 26 481 203 493 49 
218 -0.47128970531189834 -0.12169099785192539 1.5264563575006735 0 0 0 1.36 274 67 447 63 481 204 
219 -0.4182128110059047 -0.04176868307564173 1.4944284005063484 0 0 0 0.55 96 79 114 27 142 41 274 68 278 119 343 37 351 66 447 64 481 205 493 50 
220 -0.39838229453948115 -0.16407298196659215 1.5388451418589122 0 0 0 0.56 141 61 142 42 161 38 175 57 274 69 313 59 351 67 439 40 447 65 448 41 481 206 493 51 
221 -0.4017134160287681 -0.07449179516134641 1.512715265805803 0 0 0 0.5 55 49 67 5 96 80 110 27 
222 -0.3753238737014172 -0.11228119201432273 1.415600461394949 0 0 0 0.48 114 28 447 66 481 207 
223 -0.3553680313740255 -0.11983492970734529 1.413583074918646 0 0 0 1.06 112 11 175 58 278 120 481 208 
224 -0.309106336403067 0.020415435619096155 1.4560242946963233 0 0 0 0.54 96 81 274 70 439 41 448 42 481 209 
225 -0.2288098439326453 -0.09822560457603313 1.3052661064178634 0 0 0 0.41 96 82 142 43 161 39 175 59 288 21 313 60 343 38 351 68 439 42 481 210 493 52 
226 -0.20885838362737263 -0.013412679309739304 1.3375050592074156 0 0 0 0.49 114 29 141 62 161 40 205 32 274 71 313 61 343 39 439 43 481 211 
227 -0.14095279663134574 0.10129844714203524 1.3563558439613426 0 0 0 0.67 96 83 141 63 161 41 175 60 278 121 447 67 456 10 481 212 
228 -0.14568014360616532 -0.01090430463189088 1.247916645531303 0 0 0 0.19 274 72 288 22 313 62 351 69 481 213 
229 -0.13353412155627173 -0.16872681432877493 1.1939117653615403 0 0 0 0.44 288 23 313 63 351 70 481 214 
230 -0.12458073997732043 0.0930240578005019 1.3167029270422341 0 0 0 1.5 142 44 146 18 175 61 274 73 439 44 456 11 481 215 
231 -0.09966077287292899 -0.05194766790184555 1.2256572534954002 0 0 0 0.3 55 50 110 28 443 8 481 216 
232 -0.11685317885723119 -0.11051149914759482 1.2012248877284086 0 0 0 0.5 96 84 141 64 288 24 313 64 439 45 447 68 481 217 
233 -0.09397425941445625 0.12348170373412705 1.3208521004020755 0 0 0 0.29 55 51 384 13 481 218 
234 -0.05113312178014648 0.10932888561079686 1.0256247562016003 0 0 0 0.68 55 52 146 19 481 219 
235 -0.05965460884540348 0.08246523444322336 0.9793584726024586 0 0 0 0.86 55 53 114 30 146 20 447 69 493 53 
236 -0.1562834938358314 0.24168553110442492 0.1052748162011965 0 0 0 0.2 55 54 141 65 278 122 481 220 
237 -0.14939524648101798 0.2619198790628047 0.04484688157420308 0 0 0 0.39 55 55 110 29 447 70 481 221 
238 -0.12652728073567512 0.3217542473662246 0.07568544528721567 0 0 0 0.18 55 56 110 30 278 123 443 9 481 222 
239 -0.1308815493762105 0.3018054720141952 0.0666096260643776 0 0 0 0.36 55 57 110 31 114 31 443 10 447 71 493 54 
240 0.05203678192162577 0.004102408347323383 0.9345107914119962 0 0 0 0.95 55 58 384 14 481 223 
241 -0.12161845097884116 0.34854998356010725 0.02939764801827409 0 0 0 0.28 55 59 110 32 146 21 278 124 443 11 494 4 
242 -0.11375984506121645 0.28273437702051485 0.058391112076063754 0 0 0 0.49 55 60 343 40 481 224 
243 -0.1130043068033768 0.268733103516129 0.050672913277797126 0 0 0 0.69 55 61 110 33 278 125 443 12 481 225 
244 -0.08354956254144329 0.18993294379903458 0.1922107328773882 0 0 0 0.54 55 62 96 85 447 72 481 226 493 55 
245 -0.0755854999790929 0.17790096689492732 0.2156792113787998 0 0 0 0.38 55 63 100 0 481 227 493 56 
246 -0.06743944808813049 0.17244961241126366 0.2293914323168304 0 0 0 0.4 55 64 110 34 481 228 
247 0.06982821699406949 -0.04139768335242819 0.9675860471346277 0 0 0 0.85 141 66 175 62 481 229 494 5 
248 -0.11615155425337058 0.6522954857034748 0.04237492288539464 0 0 0 0.93 112 12 141 67 142 45 161 42 175 63 274 74 481 230 493 57 
249 -0.11599308766537848 0.6528833683840597 0.04278927180998636 0 0 0 0.91 112 13 141 68 142 46 161 43 175 64 274 75 481 231 
250 -0.10336985472879492 0.3712986056711508 0.039257856321916404 0 0 0 0.19 55 65 110 35 481 232 
251 -0.10092118653716246 0.3716766622663313 0.03898747888120666 0 0 0 0.93 55 66 112 14 173 0 401 9 443 13 481 233 
252 -0.10086589119550096 0.37165420227874174 0.039057226805985786 0 0 0 0.87 55 67 110 36 112 15 173 1 401 10 443 14 481 234 
253 -0.1069614664294293 0.2684415786725208 0.047089103127562135 0 0 0 0.2 55 68 110 37 278 126 343 41 481 235 
254 -0.10700078566650627 0.2684090692271143 0.04715326241522489 0 0 0 0.23 55 69 278 127 343 42 443 15 481 236 
255 -0.10835324132346603 0.2636597437430489 0.04561564857842074 0 0 0 0.24 55 70 110 38 278 128 443 16 481 237 
256 -0.1028661031402698 0.2578681452812495 0.04893943997213815 0 0 0 0.22 55 71 110 39 278 129 443 17 481 238 
257 -0.0978651216521202 0.2577140792663164 0.04817079119303281 0 0 0 0.33 55 72 278 130 481 239 
258 -0.060922854427849824 0.18978859850653546 0.20236089949972177 0 0 0 0.52 55 73 84 15 96 86 110 40 112 16 114 32 161 44 175 65 278 131 313 65 351 71 384 15 401 11 447 73 481 240 493 58 
259 -0.09851376780268754 0.4334410382885102 0.005005480885339654 0 0 0 0.25 55 74 110 41 173 2 
260 -0.08740615558441553 0.38676230859000926 0.02846736798655927 0 0 0 0.45 55 75 401 12 481 241 
261 -0.07687949484475631 0.3628133806724836 0.06899508819079454 0 0 0 0.29 55 76 110 42 481 242 
262 -0.07519060611972164 0.36008346311621536 0.06775268355692553 0 0 0 0.3 55 77 110 43 481 243 
263 -0.08210081242845939 0.31352846449791655 0.06175853354698668 0 0 0 0.43 55 78 146 22 481 244 493 59 
264 -0.08539261902193465 0.3041158036096013 0.056476632105451646 0 0 0 0.22 55 79 146 23 278 132 481 245 
265 -0.07785469287288574 0.303282767256952 0.054914745356221435 0 0 0 0.38 55 80 110 44 481 246 
266 -0.07581534226052301 0.30079910527844883 0.05201311752480909 0 0 0 0.25 55 81 343 43 481 247 
267 -0.08693411563557517 0.27620605219104366 0.044049971835024064 0 0 0 0.22 55 82 110 45 146 24 161 45 175 66 278 133 443 18 447 74 481 248 
268 -0.06458642673112511 0.22649886472974895 0.10394342067746924 0 0 0 0.3 55 83 278 134 313 66 481 249 
269 -0.039942670662288 0.19443279313973846 0.1835578103047073 0 0 0 0.42 55 84 110 46 146 25 351 72 384 16 447 75 481 250 
270 -0.02661153786589413 0.1438135849034885 0.29272975597656126 0 0 0 0.52 96 87 278 135 351 73 384 17 447 76 481 251 
271 0.34693373976410374 -0.4509173662265957 1.6656117669664972 0 0 0 0.59 75 3 173 3 494 6 
272 -0.05935473136615196 0.3416881826013821 0.0660576845725394 0 0 0 0.38 114 33 146 26 278 136 447 77 481 252 
273 -0.06993706363073537 0.27509781000385486 0.037770404465597346 0 0 0 0.3 55 85 112 17 146 27 278 137 384 18 443 19 447 78 481 253 
274 -0.06778058509349426 0.28376148932214795 0.04030640934312081 0 0 0 0.34 55 86 146 28 278 138 447 79 481 254 
275 -0.06245033485147998 0.2748824134082514 0.0347942836905572 0 0 0 0.41 55 87 112 18 146 29 274 76 351 74 447 80 481 255 493 60 
276 0.1276505894553649 -0.07687339133634943 0.7093687957820886 0 0 0 1.3 55 88 384 19 481 256 
277 0.20139266105835182 -0.20792192741971224 0.9345126291193423 0 0 0 0.47 55 89 110 47 456 12 
278 -0.07337351391598139 0.45582719101928926 -0.03576639730050902 0 0 0 1.1 114 34 141 69 481 257 493 61 
279 -0.052430043441764516 0.4149227280264003 0.02261302583211908 0 0 0 0.51 114 35 142 47 161 46 481 258 493 62 
280 -0.05088992950527567 0.3807883930673382 0.02536666587249009 0 0 0 0.19 55 90 110 48 173 4 401 13 
281 -0.04571336757746746 0.3405525805026083 0.05938429599264483 0 0 0 0.48 55 91 401 14 447 81 481 259 
282 -0.005170849456989515 0.18880959746965245 0.18140414565757498 0 0 0 0.69 84 16 96 88 351 75 384 20 481 260 
283 0.07721128050195866 0.06696563037503159 0.42033605921395206 0 0 0 0.6 84 17 96 89 313 67 481 261 
284 0.08213560373103303 0.04017925064700418 0.4606340099156052 0 0 0 0.37 278 139 313 68 481 262 
285 -0.07700431201972943 0.5194580016446433 -0.07861821453117093 0 0 0 0.22 55 92 110 49 481 263 
286 -0.07155703504732726 0.5146705551177729 -0.074570746658265 0 0 0 0.32 55 93 110 50 401 15 
287 -0.07095158272350341 0.5106116161890129 -0.06519568845876089 0 0 0 0.42 114 36 274 77 481 264 
288 -0.05132099835825419 0.38807319325243245 0.011433316929160444 0 0 0 0.3 55 94 110 51 481 265 
289 -0.03448177104721839 0.34250549582858547 0.0539428513837317 0 0 0 0.36 55 95 110 52 481 266 
290 -0.04183339246480547 0.2978839851139728 0.03616874283863864 0 0 0 0.27 114 37 146 30 278 140 481 267 493 63 
291 0.04350916619919186 0.15331113425140666 0.23765945868146152 0 0 0 0.52 55 96 110 53 141 70 
292 -0.06513389435380881 0.5169011085598129 -0.07680336159678558 0 0 0 0.27 55 97 110 54 481 268 
293 -0.03164860519177632 0.37328604002118687 -0.009559870165437879 0 0 0 0.88 142 48 175 67 274 78 343 44 481 269 493 64 
294 0.026847629025560565 0.18711124592534625 0.13498667111833582 0 0 0 0.56 141 71 274 79 384 21 447 82 481 270 
295 0.05444755237528453 0.16799603550869532 0.1726054491174233 0 0 0 1.34 96 90 175 68 481 271 
296 0.05401602182018761 0.16409967976835443 0.15881136309527688 0 0 0 0.59 55 98 384 22 447 83 
297 0.08479970618066872 0.11611992072428066 0.2794602360880892 0 0 0 0.48 141 72 205 33 274 80 384 23 481 272 
298 0.10006988575227958 0.09867722209010484 0.31573711181892167 0 0 0 0.65 55 99 110 55 384 24 443 20 456 13 
299 -0.5025237891753228 -0.0803709471401096 1.5896206420563423 0 0 0 1.16 141 73 142 49 175 69 274 81 481 273 
300 -0.37649382601976933 -0.08636062944297229 1.4315159443602503 0 0 0 0.26 141 74 351 76 448 43 481 274 
301 -0.3478609646491535 0.019809311812883302 1.486855033488795 0 0 0 0.71 96 91 141 75 274 82 278 141 351 77 439 46 448 44 481 275 
302 -0.28181720102752855 0.04430493438391718 1.4458198342049422 0 0 0 0.89 96 92 141 76 142 50 161 47 175 70 278 142 351 78 439 47 448 45 481 276 
303 -0.17878639650370529 -0.24834486820989335 1.4870558379309144 0 0 0 1.04 55 100 112 19 141 77 142 51 161 48 443 21 
304 -0.10266440086053093 -0.11729319747077016 1.1804188846328052 0 0 0 0.44 114 38 141 78 274 83 288 25 447 84 448 46 481 277 493 65 
305 -0.05376695775220534 0.068946013806027 0.9913689108439981 0 0 0 0.63 55 101 74 6 75 4 141 79 274 84 
306 -0.056635180390633796 0.03527556726543252 1.0091300130871232 0 0 0 0.51 55 102 443 22 481 278 
307 -0.15914630838171337 0.318487359967761 0.0961566702724754 0 0 0 0.28 55 103 110 56 278 143 481 279 
308 -0.16561970950292154 0.282832011035531 0.07881413201196624 0 0 0 0.59 55 104 110 57 481 280 
309 -0.14788436303861674 0.43455487662493597 -0.0073364351521624975 0 0 0 1.05 112 20 141 80 175 71 274 85 481 281 
310 -0.12372503910224933 0.3199895991354559 0.07606902307557403 0 0 0 0.33 55 105 110 58 114 39 443 23 447 85 493 66 
311 -0.13274271284920833 0.27166885479990677 0.054789914128803054 0 0 0 0.2 55 106 278 144 443 24 481 282 
312 0.0352455567644153 0.07430900791521959 0.9623306528291588 0 0 0 0.9 84 18 161 49 278 145 313 69 401 16 481 283 
313 0.04081002563930663 -0.03185599599669507 0.9204858303649218 0 0 0 0.58 175 72 274 86 278 146 447 86 481 284 493 67 494 7 
314 0.04663045607113527 -0.029635187157516937 0.9163650086302301 0 0 0 0.38 96 93 141 81 274 87 278 147 481 285 
315 -0.1432712454936628 0.5404197790673552 0.008573513936154518 0 0 0 0.64 55 107 110 59 481 286 
316 -0.12984556948802248 0.36131498955105135 0.02708864644968912 0 0 0 0.9 141 82 142 52 274 88 481 287 
317 -0.11571846479999824 0.31719501448894344 0.07636120809132327 0 0 0 0.18 55 108 110 60 443 25 481 288 
318 -0.1156294413976452 0.317231626287392 0.07627043073041301 0 0 0 0.25 55 109 110 61 278 148 443 26 481 289 
319 -0.11046155953662573 0.2694315870856195 0.048471052451459044 0 0 0 0.54 55 110 141 83 274 89 343 45 443 27 481 290 
320 -0.06601940744818133 0.18698300271503548 0.20938971286186495 0 0 0 1.1 142 53 146 31 205 34 278 149 313 70 384 25 447 87 481 291 
321 -0.11730753878080358 0.5128362545164833 -0.0019821510363044314 0 0 0 0.7 55 111 110 62 481 292 
322 -0.0891084593429732 0.3268224607404745 0.07012914545114966 0 0 0 0.34 55 112 110 63 112 21 146 32 278 150 343 46 443 28 481 293 
323 -0.096409781270284 0.2994616287724248 0.05616958963914227 0 0 0 0.1 55 113 110 64 278 151 443 29 481 294 
324 -0.09568946165662683 0.2898981549744542 0.05297595487512706 0 0 0 0.2 55 114 110 65 146 33 278 152 351 79 443 30 447 88 481 295 
325 -0.09967790501247595 0.2821624116426202 0.04723631874486403 0 0 0 0.3 55 115 110 66 146 34 175 73 278 153 351 80 443 31 481 296 493 68 
326 -0.10291734480317404 0.2627922668100041 0.04278478224400173 0 0 0 0.38 55 116 110 67 278 154 481 297 
327 0.09249884059826533 -0.1207589579148848 0.8199113897813693 0 0 0 0.36 96 94 278 155 313 71 351 81 481 298 
328 0.09769552191316219 -0.12488913278370721 0.8349172870438025 0 0 0 0.89 55 117 146 35 443 32 481 299 
329 -0.08071904117075315 0.3264510886003932 0.06630339584597947 0 0 0 0.66 55 118 110 68 112 22 146 36 278 156 401 17 481 300 
330 -0.08123431065161527 0.32711877264890304 0.07511586488288022 0 0 0 0.42 55 119 110 69 142 54 274 90 
331 -0.07326772118971227 0.22261748440887713 0.11298815284400865 0 0 0 0.5 55 120 110 70 481 301 493 69 
332 -0.03990715955844609 0.18870072146206668 0.19696599956167146 0 0 0 0.92 55 121 84 19 141 84 146 37 278 157 351 82 384 26 447 89 481 302 
333 -0.07128428648477397 0.3627816408504663 0.06573390468940325 0 0 0 0.39 55 122 110 71 481 303 
334 -0.0548394727103506 0.35378632564210233 0.06424267342729387 0 0 0 0.68 142 55 161 50 481 304 
335 -0.06789036656199501 0.3449333054874917 0.07005710055759068 0 0 0 0.46 55 123 110 72 173 5 401 18 481 305 
336 -0.07344822242267948 0.2751782504071682 0.04000227167141053 0 0 0 0.28 55 124 146 38 274 91 278 158 351 83 443 33 481 306 
337 0.038371124843223095 0.08864410368340635 0.390582395669184 0 0 0 0.66 55 125 384 27 481 307 
338 -0.07148914026792061 0.5006878893225158 -0.043955379931032844 0 0 0 0.44 146 39 274 92 481 308 
339 -0.05056781398072166 0.37870725057523313 0.018379899753325192 0 0 0 0.33 55 126 110 73 112 23 
340 -0.03941673898599717 0.35443235819199237 0.05454551379699929 0 0 0 0.31 55 127 110 74 173 6 443 34 
341 -0.049582693343076835 0.34575394624911904 0.06676402891718732 0 0 0 0.53 84 20 175 74 481 309 
342 -0.03820852899921475 0.3430015140914332 0.06001572288781545 0 0 0 0.61 84 21 114 40 142 56 161 51 481 310 
343 -0.04521047120154353 0.29815062702014195 0.040136121238313935 0 0 0 0.21 100 1 142 57 146 40 278 159 
344 -0.048978651328112945 0.2887257612711583 0.031914132713048965 0 0 0 0.52 55 128 110 75 112 24 278 160 343 47 384 28 481 311 
345 -0.008044019320990574 0.1871457403275353 0.1877064807731981 0 0 0 0.77 96 95 141 85 175 75 278 161 384 29 481 312 
346 -0.050523083763089206 0.4370870519616117 -0.016631584151890394 0 0 0 0.29 55 129 110 76 481 313 
347 -0.04083601286636487 0.425300394090303 0.01660544865909352 0 0 0 0.88 55 130 110 77 151 0 173 7 401 19 494 8 
348 -0.04403142772547409 0.38315888479606414 0.004597430391198405 0 0 0 0.48 84 22 100 2 142 58 274 93 481 314 
349 -0.06514978241399323 0.5201922968067073 -0.08119229653413505 0 0 0 0.26 55 131 110 78 481 315 
350 -0.06075471000815485 0.5093171147632544 -0.06852547621558892 0 0 0 0.63 112 25 146 41 274 94 481 316 
351 -0.021726584334259308 0.4157668407938701 0.014133859639392156 0 0 0 0.41 55 132 401 20 494 9 
352 0.09352291469882085 0.0994490480831344 0.32011424982741926 0 0 0 0.14 96 96 278 162 481 317 
353 0.04599258585727708 0.17589784195741615 0.18378339598097496 0 0 0 1.24 55 133 333 11 443 35 447 90 
354 -0.06299691289765152 0.2738525336491976 -0.2273045283389258 0 0 0 0.28 142 59 274 95 481 318 
355 -0.4675177071222206 -0.14678566654621658 1.5420490046128843 0 0 0 0.63 96 97 142 60 161 52 274 96 343 48 351 84 481 319 493 70 
356 -0.3140991519177851 -0.1743879878264134 1.4315574150829837 0 0 0 0.46 96 98 343 49 481 320 
357 -0.2061552349813032 -0.047153234722324855 1.264775090366584 0 0 0 1.07 55 134 110 79 161 53 439 48 443 36 
358 -0.11455693655385295 0.11377358382875137 1.3500721341162787 0 0 0 0.79 55 135 75 5 110 80 351 85 443 37 448 47 
359 -0.10054982604971484 0.0716953136717487 1.2945711297509983 0 0 0 0.47 96 99 114 41 141 86 161 54 205 35 274 97 278 163 313 72 343 50 351 86 401 21 439 49 447 91 448 48 456 14 481 321 493 71 
360 -0.19035108990846716 0.2529033476774999 0.10373979305587622 0 0 0 0.92 55 136 205 36 481 322 
361 -0.15838242834524208 0.5014315642934588 -0.013009057387753478 0 0 0 0.71 142 61 274 98 481 323 493 72 
362 -0.1439830367997676 0.38251325114785906 0.02898266837447849 0 0 0 0.22 55 137 110 81 481 324 
363 -0.13528451698132024 0.3595806279221915 0.054326258273497074 0 0 0 0.59 84 23 114 42 142 62 274 99 481 325 
364 -0.13604262984767088 0.29377989250045805 0.048815383011907035 0 0 0 1.04 55 138 112 26 142 63 146 42 161 55 175 76 481 326 
365 0.03043454768839603 0.09448299064497805 0.9774647542211989 0 0 0 0.66 67 6 84 24 114 43 141 87 278 164 351 87 401 22 447 92 481 327 493 73 
366 -0.13471313739563046 0.41869748972448884 0.02894014495416688 0 0 0 0.3 55 139 110 82 481 328 
367 -0.11944334133049722 0.31794514175024396 0.07683081999335253 0 0 0 0.42 55 140 110 83 112 27 278 165 443 38 481 329 
368 -0.11675662320346593 0.27977940804976303 0.05684507407298229 0 0 0 0.28 55 141 110 84 112 28 141 88 278 166 351 88 443 39 447 93 481 330 
369 -0.105386323809037 0.2813797978414222 0.05360519576064285 0 0 0 0.59 55 142 110 85 278 167 384 30 401 23 447 94 481 331 
370 -0.10112719677596785 0.25978379722641487 0.044292523643874905 0 0 0 0.26 55 143 278 168 351 89 481 332 
371 -0.02217367852735319 0.13635316729339864 0.327969699794346 0 0 0 0.95 55 144 67 7 493 74 
372 0.2142888986370061 -0.4052832624147698 1.3974925827727227 0 0 0 0.64 161 56 278 169 351 90 481 333 
373 -0.08274298262024919 0.36435738771553494 0.0700948364961895 0 0 0 0.46 55 145 110 86 401 24 481 334 
374 -0.07650276916230321 0.35236259865016734 0.07113157185195979 0 0 0 0.71 114 44 161 57 175 77 481 335 
375 -0.09098273333387426 0.27562365070792555 0.04462588049658163 0 0 0 0.36 55 146 110 87 146 43 175 78 278 170 481 336 
376 -0.06800755024151564 0.21676249085429464 0.12578578398853357 0 0 0 0.36 55 147 110 88 278 171 481 337 
377 0.23581058815531306 -0.3626784763460478 1.2692729157100202 0 0 0 0.53 96 100 288 26 481 338 
378 -0.06556668395166683 0.3636159904220448 0.06291582129489187 0 0 0 0.55 55 148 110 89 173 8 481 339 
379 -0.0177213264809214 0.18805898502651455 0.1900153250084972 0 0 0 0.75 96 101 313 73 481 340 
380 -0.08602763792681623 0.5221764609083396 -0.08215415085136504 0 0 0 0.41 112 29 274 100 481 341 
381 -0.057543382504036185 0.4185013135391233 0.024737103507721923 0 0 0 0.55 114 45 142 64 175 79 481 342 493 75 
382 -0.06015206202749581 0.3772529883452763 0.012282901303030893 0 0 0 0.69 146 44 175 80 274 101 481 343 
383 -0.042776806595572446 0.3375231032807337 0.05675618328786525 0 0 0 0.55 114 46 146 45 161 58 481 344 493 76 
384 -0.046098937381704175 0.3192567912440364 0.04804374787176349 0 0 0 0.38 55 149 173 9 447 95 481 345 
385 -0.05860347399279757 0.29932150896054055 0.039974183822603586 0 0 0 0.37 55 150 146 46 447 96 493 77 
386 -0.0572863971377278 0.28134835951155635 0.03417851591660398 0 0 0 0.41 55 151 110 90 278 172 447 97 481 346 
387 -0.04542011577335354 0.28572971060191227 0.031118566653316405 0 0 0 0.29 146 47 274 102 278 173 351 91 481 347 
388 -0.0009973573126430902 0.19037989772112518 0.1806200651928842 0 0 0 0.41 96 102 141 89 278 174 481 348 
389 0.025562978657485153 0.1500872537559215 0.2565898317384258 0 0 0 0.57 84 25 142 65 278 175 313 74 351 92 481 349 
390 0.06317740827870251 0.059275219088198675 0.4452083532190538 0 0 0 0.5 84 26 96 103 161 59 175 81 274 103 278 176 313 75 351 93 439 50 447 98 481 350 
391 -0.061303603616396335 0.4505320763155791 -0.030307355808755213 0 0 0 0.94 55 152 110 91 401 25 
392 -0.03166513084848395 0.3091157854379286 0.03518976659720487 0 0 0 0.38 55 153 112 30 447 99 
393 -0.03354135735558126 0.2635637556824425 0.013527438813635275 0 0 0 0.35 175 82 278 177 351 94 481 351 
394 0.02963323937725129 0.15064786916922698 0.25022669725255553 0 0 0 0.29 96 104 278 178 333 12 447 100 481 352 
395 0.035555968700059004 0.15061821764006675 0.2505368897904359 0 0 0 0.24 96 105 278 179 481 353 
396 0.03548350844265712 0.158668671214289 0.23397444895407574 0 0 0 0.72 55 154 141 90 384 31 481 354 
397 0.05499142361724616 0.12975339011146472 0.2909406946019939 0 0 0 0.67 96 106 278 180 333 13 447 101 481 355 
398 0.10384733019240253 0.03626434204137455 0.46048494294497283 0 0 0 0.59 96 107 278 181 333 14 481 356 
399 0.27756721911235605 -0.23225122116813143 0.979434673253865 0 0 0 0.35 84 27 278 182 481 357 
400 0.08496379407616399 0.10920878483902943 0.29822592903633727 0 0 0 0.36 96 108 333 15 481 358 
401 0.0967246958920415 0.08600740153112642 0.33706039865574533 0 0 0 0.45 141 91 351 95 481 359 
402 0.08590193987850095 0.12669221289752022 0.2442574053190707 0 0 0 0.14 96 109 447 102 481 360 
403 0.09610770561865264 0.09607763345816552 0.31743432539282296 0 0 0 0.56 141 92 205 37 384 32 481 361 
404 0.12762903120175761 0.06248079349925079 0.36687098900809173 0 0 0 1.68 96 110 142 66 274 104 313 76 481 362 
405 -0.060265807782293575 0.549503154535324 -0.14789322285912648 0 0 0 0.48 141 93 274 105 481 363 
406 -0.5323054699755224 -0.09002372090846116 1.6072079301385485 0 0 0 0.95 96 111 100 3 141 94 175 83 274 106 313 77 343 51 481 364 
407 -0.25699760117085774 -0.22022130549932029 1.490193486556087 0 0 0 1.87 205 38 439 51 
408 -0.12893120469458522 -0.02832220116512689 1.2241350503639674 0 0 0 0.31 96 112 141 95 161 60 278 183 313 78 448 49 481 365 
409 -0.13256548552954212 -0.043644152121858425 1.2217936983893827 0 0 0 1.35 96 113 313 79 343 52 481 366 
410 -0.07921337396863522 -0.29620685076653197 1.4844278509636408 0 0 0 0.8 161 61 447 103 481 367 493 78 
411 -0.19201884887517345 0.24958647809295717 0.10408348512380447 0 0 0 0.81 55 155 141 96 175 84 481 368 
412 -0.19004240553617616 0.2722539575696051 0.08146176046215488 0 0 0 0.41 55 156 351 96 481 369 
413 -0.16471163520333806 0.22590166912744378 0.14877605063947782 0 0 0 0.87 55 157 110 92 274 107 481 370 
414 0.009521847728076537 0.11692808923666177 0.979603656942448 0 0 0 0.95 278 184 313 80 481 371 
415 -0.14106455258287817 0.6062666672165761 0.054017170158327285 0 0 0 0.28 401 26 443 40 481 372 
416 -0.15521865185132244 0.46062962727364054 -0.03925074288592532 0 0 0 0.96 55 158 401 27 481 373 
417 -0.14973731635392368 0.44003081761380075 -0.013409314168210626 0 0 0 0.65 112 31 141 97 274 108 481 374 493 79 
418 -0.13528980276592273 0.40569595476606074 0.040599070429210175 0 0 0 0.29 55 159 110 93 481 375 
419 -0.1211824884282211 0.24197297822041508 0.08558973869728684 0 0 0 0.59 55 160 84 28 100 4 110 94 114 47 142 67 161 62 173 10 175 85 274 109 481 376 
420 0.026360127300898026 0.05190836124134954 0.9529267567996746 0 0 0 0.49 274 110 278 185 343 53 447 104 481 377 
421 -0.11316242272560192 0.3310269231431236 0.0811246329604596 0 0 0 0.37 55 161 146 48 175 86 278 186 481 378 
422 -0.11761905174685207 0.3253534854961295 0.08045081813636955 0 0 0 0.15 55 162 443 41 481 379 
423 -0.1114939239030408 0.27617000440992473 0.05328408973990228 0 0 0 0.37 55 163 110 95 343 54 481 380 
424 0.034255803801706376 -0.08290072693906027 0.7697091750254281 0 0 0 0.5 74 7 96 114 175 87 274 111 278 187 481 381 
425 -0.10585105021020982 0.2729347356258008 0.04812930828323506 0 0 0 0.26 55 164 110 96 481 382 
426 -0.07445367137258793 0.34441900245023266 0.07306631545645871 0 0 0 0.4 55 165 110 97 112 32 447 105 481 383 
427 0.15951122359768774 -0.23167545152106436 1.0228475763447185 0 0 0 0.71 96 115 278 188 288 27 481 384 
428 0.15894841413135724 -0.22963665496678967 1.015004749152242 0 0 0 1.49 74 8 96 116 278 189 481 385 
429 1.4631717890281258e-05 0.15757911179649042 0.2515582559045663 0 0 0 0.5 278 190 313 81 481 386 
430 -0.05178448491105808 0.2818251074335886 0.03220508749654671 0 0 0 0.49 55 166 146 49 481 387 
431 -0.07100513149041739 0.5188484014771751 -0.08145081547454713 0 0 0 0.7 114 48 142 68 175 88 274 112 481 388 493 80 
432 -0.054675703818925975 0.49475886324432333 -0.03504880373065159 0 0 0 0.52 114 49 142 69 146 50 274 113 481 389 
433 -0.04852010747124224 0.439988481490404 -0.01866543584770096 0 0 0 0.78 142 70 481 390 493 81 
434 -0.0371569610739023 0.43705567724483046 0.006890798943273979 0 0 0 0.58 55 167 401 28 494 10 
435 -0.01549582063453027 0.3711750885884345 0.12429339394082024 0 0 0 1.82 114 50 274 114 343 55 
436 -0.025536742106808535 0.3139237334182457 0.039893803021503665 0 0 0 0.41 55 168 110 98 447 106 
437 -0.002826113487219041 0.20215913146710843 0.15218345893220633 0 0 0 0.57 55 169 141 98 146 51 274 115 351 97 384 33 447 107 
438 0.04078595439445214 0.1504865808798191 0.24821598649092969 0 0 0 0.52 55 170 110 99 274 116 384 34 481 391 
439 0.09018360048186663 0.0621331956529694 0.43104666043155165 0 0 0 0.98 84 29 96 117 278 191 481 392 
440 0.11757190382545978 0.0023998283829054635 0.5310082389672706 0 0 0 0.68 55 171 146 52 384 35 456 15 
441 -0.06290559477395827 0.5181412361608181 -0.08080843920487076 0 0 0 0.25 55 172 110 100 481 393 
442 -0.04507309739037926 0.4321423765923245 -0.027549489710546025 0 0 0 0.91 55 173 112 33 173 11 
443 -0.027884904495265872 0.3041653478847981 0.01662681837180604 0 0 0 0.47 55 174 110 101 447 108 
444 0.004024699275312244 0.20835817460030298 0.09503499132234597 0 0 0 0.42 274 117 351 98 481 394 493 82 
445 -0.0571491393349476 0.2612078728689774 -0.20344416932423806 0 0 0 1.44 161 63 481 395 493 83 
446 -0.5105656055196279 -0.08977529033353025 1.5967109355309839 0 0 0 0.93 141 99 142 71 175 89 274 118 278 192 313 82 343 56 351 99 439 52 447 109 448 50 481 396 493 84 
447 -0.5105656055196279 -0.08977529033353025 1.5967109355309839 0 0 0 0.93 141 100 142 72 175 90 274 119 278 193 313 83 343 57 351 100 439 53 447 110 448 51 481 397 493 85 
448 -0.13267035854021417 -0.0677281338784031 1.2197770927954847 0 0 0 0.62 96 118 114 51 161 64 278 194 288 28 447 111 481 398 493 86 
449 -0.17850639900558404 0.23382073918995405 0.13522714800041874 0 0 0 0.67 55 175 447 112 481 399 
450 -0.16079195820006192 0.2146630173196815 0.17751017989565454 0 0 0 1.1 55 176 110 102 112 34 274 120 313 84 351 101 481 400 
451 -0.1285249809389829 0.3489862297833171 0.06780498899569608 0 0 0 0.45 55 177 110 103 146 53 278 195 481 401 
452 -0.11072353054237533 0.2838565467544554 0.05648477103318699 0 0 0 0.4 55 178 110 104 401 29 481 402 
453 -0.105483107680597 0.30268603352583606 0.06564641491895883 0 0 0 0.53 55 179 110 105 141 101 146 54 161 65 175 91 343 58 443 42 447 113 481 403 
454 -0.06885080891341563 0.28588558996649094 0.040710644014599146 0 0 0 0.79 112 35 114 52 146 55 274 121 278 196 443 43 447 114 481 404 493 87 
455 -0.029165296432392115 0.20591527740918303 0.1606576442345057 0 0 0 0.55 55 180 110 106 114 53 142 73 175 92 274 122 278 197 351 102 481 405 493 88 
456 -0.0030037511754074696 0.14963441329472707 0.26682056013127065 0 0 0 0.99 141 102 274 123 278 198 384 36 447 115 481 406 
457 -0.06056876732462713 0.43852022854643774 0.004515014448174955 0 0 0 0.43 55 181 110 107 401 30 
458 -0.048708780732064576 0.3073428549961988 0.04464184390924245 0 0 0 0.85 142 74 175 93 274 124 481 407 493 89 
459 -0.04854285607455882 0.3074461075823489 0.04500451682691312 0 0 0 0.98 142 75 274 125 481 408 493 90 
460 -0.052331883672267425 0.44015569150729206 -0.029556953788383307 0 0 0 0.19 55 182 112 36 161 66 
461 -0.040761239156683726 0.4200771404292945 0.02001799548695512 0 0 0 0.54 84 30 100 5 114 54 142 76 161 67 274 126 481 409 
462 -0.04609097634536912 0.4888624488311326 -0.04787314676268257 0 0 0 1.5 175 94 481 410 
463 -0.05127620559115638 0.43957755490834943 -0.04326916225394862 0 0 0 0.6 55 183 110 108 173 12 
464 0.0139064038642288 0.19871168164419079 0.13332453410738712 0 0 0 0.88 55 184 384 37 481 411 
465 0.029229115718598934 0.21062578549745906 0.15802655751918146 0 0 0 0.04 55 185 146 56 401 31 
466 0.0433515843613206 0.1786835035565415 0.14252614703293645 0 0 0 0.33 96 119 447 116 481 412 
467 -0.47756633186104425 -0.0367976969199458 1.5295090222043355 0 0 0 1.07 96 120 439 54 481 413 493 91 
468 -0.1478985827602692 -0.05853049198498518 1.2579007640016584 0 0 0 0.44 55 186 110 109 343 59 443 44 
469 -0.11832814538584932 -0.09986664809710605 1.2080737402802124 0 0 0 0.56 96 121 114 55 142 77 278 199 288 29 343 60 481 414 
470 -0.0044805948470521845 -0.04622658968572668 0.9130458940221899 0 0 0 0.63 96 122 278 200 288 30 481 415 
471 -0.14734585738339323 0.4392809008890882 -0.02510779617651959 0 0 0 1.48 141 103 175 95 274 127 481 416 493 92 
472 -0.12657271449705715 0.35067129957419113 0.050633671525349144 0 0 0 0.95 114 56 175 96 481 417 493 93 
473 -0.12110243336541389 0.30186208862272446 0.0680535303686519 0 0 0 0.2 55 187 146 57 481 418 
474 -0.09609579602514601 0.4342737550077397 0.013753798700861079 0 0 0 0.25 55 188 110 110 481 419 
475 -0.08807167981671579 0.25384885853967276 0.0509703824867797 0 0 0 0.3 55 189 278 201 481 420 
476 -0.023611129669213058 0.1430873135018111 0.28941339517914455 0 0 0 0.76 84 31 96 123 481 421 
477 0.19135093360756913 -0.27342014831309086 1.1017699597910247 0 0 0 0.26 96 124 278 202 288 31 481 422 
478 -0.03832848744343067 0.20448497878671146 0.15375438604668248 0 0 0 0.23 55 190 110 111 447 117 493 94 
479 -0.015120621304925636 0.17566374685920336 0.2177194778108854 0 0 0 0.93 114 57 146 58 278 203 384 38 481 423 
480 -0.013713390932041374 0.1764978671078744 0.220782892891538 0 0 0 0.77 55 191 146 59 333 16 447 118 
481 -0.031100926960389574 0.2875370775004934 0.022029271359931483 0 0 0 0.5 146 60 343 61 351 103 443 45 481 424 
482 -0.04495635526178434 0.5059865535841352 -0.05800162556307552 0 0 0 0.93 114 58 175 97 481 425 493 95 
483 -0.05478588380031083 0.48480876705489956 -0.05222195931939026 0 0 0 0.97 161 68 274 128 351 104 481 426 493 96 
484 0.020035739137438 0.19296658521749982 0.13750672197805447 0 0 0 1.07 96 125 175 98 278 204 351 105 481 427 
485 -0.39113031837279216 -0.09823451098380827 1.4673319821316764 0 0 0 0.55 175 99 274 129 278 205 481 428 493 97 
486 0.00010293768548946435 0.08131086700970631 0.9730181494399114 0 0 0 0.64 55 192 74 9 110 112 112 37 142 78 146 61 274 130 384 39 439 55 448 52 
487 -0.11622854942134027 0.3198363616711829 0.07688013213158922 0 0 0 0.86 55 193 110 113 142 79 175 100 278 206 
488 -0.10685795330225727 0.2784683872580055 0.052427226979786454 0 0 0 0.33 55 194 110 114 481 429 
489 0.2284923988033815 -0.40103050611963625 1.3527385322082641 0 0 0 1.54 96 126 288 32 481 430 493 98 
490 0.14906401027641916 -0.07347795353164877 0.691836017204928 0 0 0 1.09 96 127 313 85 481 431 
491 -0.03751108887006683 0.26653245783646073 0.006923183677620367 0 0 0 1.27 55 195 384 40 481 432 
492 -0.39006956256270553 -0.007484014152538294 1.5470684016234744 0 0 0 0.49 205 39 278 207 481 433 
493 -0.17425463170389854 0.23208488456663315 0.13571858224696542 0 0 0 0.62 55 196 447 119 481 434 
494 0.17365844958094728 -0.27642573528174824 1.0970995280699765 0 0 0 0.83 278 208 313 86 481 435 
495 0.058489490644790275 0.045566748334310486 0.4684904367307244 0 0 0 0.96 74 10 96 128 274 131 351 106 481 436 
496 -0.05829736290358725 0.5319240554063693 -0.11012345765039946 0 0 0 0.65 142 80 481 437 493 99 
497 0.016036676167905505 0.16409990736852706 0.23030437238018164 0 0 0 0.46 96 129 278 209 351 107 447 120 481 438 
498 -0.06470973512287391 0.22014484830117043 0.11097498394033495 0 0 0 1.14 55 197 278 210 481 439 
499 -0.03068123232161281 0.5009870751049631 -0.08772039201998003 0 0 0 0.35 55 198 110 115 401 32 
500 -0.5213697965285206 -0.08839316292205689 1.5958478098666746 0 0 0 0.69 161 69 343 62 439 56 447 121 481 440 493 100 
501 -0.4253977178857196 -0.07234714864471545 1.4866477235250077 0 0 0 1.34 141 104 175 101 447 122 448 53 481 441 
502 -0.4451106300338209 -0.14001285828593507 1.517009230331315 0 0 0 0.39 96 130 278 211 448 54 481 442 493 101 
503 -0.42334009099808145 -0.12469952153410573 1.4972030184567136 0 0 0 0.93 142 81 448 55 481 443 
504 -0.39499731497805923 -0.07100215443707625 1.4769833542277446 0 0 0 0.24 96 131 141 105 481 444 
505 -0.3477038353840199 -0.08148003521387519 1.4135444144817157 0 0 0 0.39 96 132 114 59 274 132 313 87 343 63 351 108 481 445 
506 -0.3303675810174204 -0.07710501076422176 1.4029422430204888 0 0 0 0.34 114 60 142 82 447 123 481 446 
507 -0.33912278461795103 -0.09788403301598111 1.4009662725329055 0 0 0 0.32 141 106 274 133 439 57 481 447 
508 -0.35911983351777527 -0.11905412279800616 1.402961668011414 0 0 0 0.17 161 70 278 212 351 109 439 58 481 448 493 102 
509 -0.29375420904580024 0.03937380322943272 1.4518000619200744 0 0 0 0.21 142 83 274 134 481 449 
510 -0.3124714480835185 -0.054988117239173184 1.3989692652647785 0 0 0 0.18 96 133 205 40 274 135 278 213 447 124 448 56 481 450 
511 -0.27362361121118556 0.011772093720062198 1.412226451060249 0 0 0 0.38 161 71 278 214 447 125 481 451 493 103 
512 -0.24581365515430184 -0.12478133256104389 1.3133287023893456 0 0 0 0.28 274 136 439 59 481 452 
513 -0.2283952761985128 0.0654863974662424 1.4127646555016338 0 0 0 0.4 142 84 274 137 481 453 
514 -0.20977030521864612 -0.10333444398219611 1.3006301176432908 0 0 0 0.29 175 102 278 215 288 33 481 454 
515 -0.19464367180763953 -0.09664857727422256 1.2744454971442798 0 0 0 0.3 343 64 439 60 448 57 481 455 
516 -0.20369550239415823 -0.15340994313327483 1.2577358792095008 0 0 0 0.25 278 216 351 110 448 58 481 456 
517 -0.16098957924603258 0.09397315694199194 1.3717442697490394 0 0 0 0.5 142 85 274 138 439 61 448 59 481 457 493 104 
518 -0.1835595598125962 -0.05969977947574678 1.2868356267171002 0 0 0 0.43 274 139 278 217 313 88 481 458 
519 -0.1792431926264589 -0.1059777382941144 1.2816653858800544 0 0 0 0.8 112 38 278 218 481 459 
520 -0.17081649919127695 -0.12085542046476025 1.237938864818875 0 0 0 0.28 96 134 142 86 274 140 278 219 288 34 481 460 
521 -0.12178575209950379 -0.09246905598093222 1.2114798342333675 0 0 0 0.29 141 107 278 220 439 62 481 461 
522 -0.09230494688807987 0.08428194774051816 1.294239487045389 0 0 0 0.46 96 135 141 108 161 72 343 65 439 63 448 60 481 462 493 105 
523 -0.09875528517518888 -0.03621167168080636 1.2090279407575952 0 0 0 0.27 141 109 351 111 481 463 
524 -0.055615650017424564 -0.11794843749382776 1.140252276709947 0 0 0 0.2 439 64 447 126 448 61 481 464 
525 -0.05775736666396379 -0.13350113304125155 1.1314718456394597 0 0 0 0.53 75 6 141 110 274 141 351 112 447 127 448 62 481 465 
526 -0.051190537030264764 -0.1334217349097824 1.1298834653216256 0 0 0 0.44 75 7 141 111 205 41 351 113 439 65 481 466 
527 -0.0315755634573069 0.16317925426828406 1.0552975764789914 0 0 0 0.46 67 8 110 116 112 39 114 61 481 467 
528 0.007041741834415177 0.08068574410884467 0.9599245638161997 0 0 0 0.58 114 62 141 112 142 87 161 73 274 142 313 89 351 114 401 33 439 66 447 128 481 468 493 106 
529 0.006408717742746715 -0.017084220923749917 0.9284663014709648 0 0 0 0.51 175 103 278 221 439 67 481 469 
530 0.03082591167260481 -0.18626527431395662 1.0516511007749272 0 0 0 0.25 96 136 439 68 481 470 
531 0.025105889514866236 0.11781791278887663 0.9818644450335413 0 0 0 0.51 67 9 112 40 146 62 161 74 278 222 481 471 
532 0.01854976759516822 0.09688612946377381 0.9783584770962551 0 0 0 1.51 67 10 112 41 142 88 274 143 481 472 
533 0.014615276086405279 0.06195336760945347 0.9556355190136407 0 0 0 0.57 141 113 142 89 175 104 447 129 481 473 
534 0.0585643514880616 -0.022249392701219194 0.9109016068671197 0 0 0 0.41 96 137 274 144 481 474 493 107 
535 -0.07036538611359969 0.19669864705653406 0.19069173045927457 0 0 0 0.69 96 138 114 63 161 75 173 13 384 41 401 34 481 475 
536 -0.06703059756132788 0.19554693296940828 0.19348129349766396 0 0 0 0.63 96 139 278 223 447 130 481 476 
537 -0.06866463911895705 0.2355079939736841 0.08697090082900265 0 0 0 0.23 278 224 447 131 481 477 
538 -0.033870083610673764 0.15815694123017188 0.26163181226898113 0 0 0 0.15 112 42 384 42 481 478 
539 -0.029194290015805233 0.13377213925548315 0.32075376685581447 0 0 0 1.12 67 11 96 140 481 479 
540 -0.0006847625085954975 0.18722297924228395 0.183665130212847 0 0 0 0.49 84 32 112 43 161 76 274 145 351 115 384 43 439 69 481 480 493 108 
541 0.14115764732062847 -0.001054249060978768 0.5211748043206185 0 0 0 0.31 278 225 313 90 481 481 
542 -0.35925134169533973 -0.05186213436343211 1.4412506281409512 0 0 0 0.38 96 141 114 64 142 90 278 226 313 91 351 116 447 132 448 63 481 482 493 109 
543 -0.2899348122294726 0.04298055732497766 1.4447663510115138 0 0 0 0.73 142 91 175 105 205 42 447 133 481 483 
544 -0.3041881343313089 0.004553371353710217 1.4334546105630057 0 0 0 0.34 175 106 274 146 439 70 447 134 448 64 481 484 493 110 
545 -0.3125019390179218 -0.026939573621322124 1.4180227623788626 0 0 0 0.13 274 147 278 227 351 117 447 135 481 485 
546 -0.26760723442036166 0.012470490626711631 1.4059191770018384 0 0 0 0.37 96 142 141 114 205 43 278 228 343 66 351 118 439 71 447 136 481 486 
547 -0.24142166564738057 -0.017871149936663798 1.3593273775095456 0 0 0 0.35 96 143 439 72 481 487 
548 -0.20803750223649853 0.04769083184063356 1.4064857429463913 0 0 0 1.24 67 12 110 117 481 488 
549 -0.19360876610895397 -0.06416720376608939 1.2867260621137415 0 0 0 0.26 278 229 448 65 481 489 
550 -0.1936049667058008 -0.07500650887759841 1.2858430012824469 0 0 0 0.31 96 144 205 44 274 148 278 230 288 35 439 73 481 490 
551 -0.1929065291273597 0.08500718991063512 1.3887448892520877 0 0 0 0.31 141 115 439 74 481 491 
552 -0.16614800606788918 -0.12365739548022152 1.2280628284960124 0 0 0 0.34 141 116 142 92 161 77 274 149 278 231 288 36 439 75 447 137 448 66 481 492 
553 -0.14864894673916546 -0.1525582515854816 1.2015755008359659 0 0 0 0.31 142 93 274 150 288 37 351 119 481 493 
554 -0.12489708972871134 0.11301438989467363 1.3771802310424424 0 0 0 1.08 67 13 384 44 481 494 
555 -0.1440781207197709 -0.08088456389850945 1.2458189534469175 0 0 0 0.15 288 38 439 76 481 495 
556 -0.11035946749219268 -0.06541536533995547 1.2044252847956989 0 0 0 0.55 141 117 175 107 274 151 278 232 288 39 343 67 351 120 439 77 447 138 481 496 
557 -0.0539779751186368 0.17529350988816983 1.0864288775256155 0 0 0 0.55 67 14 274 152 278 233 313 92 481 497 
558 0.0001674132388737008 0.07624517475626998 0.9741780418737556 0 0 0 0.42 67 15 401 35 481 498 
559 -0.12331056269273438 0.21604113618834125 0.11553515977569512 0 0 0 0.74 110 118 112 44 141 118 142 94 481 499 
560 0.057189494670382056 0.09001964357620987 0.9710174265319178 0 0 0 0.5 142 95 278 234 447 139 481 500 
561 0.04513783127497413 -0.008530385608707844 0.9246902117041809 0 0 0 0.67 175 108 274 153 481 501 494 11 
562 0.058014962738584364 -0.030919036168010845 0.9059806605822526 0 0 0 0.28 96 145 142 96 274 154 278 235 447 140 481 502 493 111 
563 0.055349032058742385 -0.04671405618002128 0.8993488094554877 0 0 0 0.49 96 146 141 119 175 109 274 155 481 503 
564 0.09706207345994407 -0.1915018973389539 0.9798471444270991 0 0 0 0.11 274 156 288 40 481 504 
565 0.10461392966985783 -0.1883557063584057 0.973049532544463 0 0 0 0.89 161 78 274 157 288 41 439 78 447 141 481 505 
566 0.13920395108042766 -0.19408335783691408 0.9866227355113057 0 0 0 1.16 112 45 401 36 481 506 
567 -0.06635824893123085 0.23290843257387706 0.08997112098995076 0 0 0 0.3 278 236 447 142 481 507 
568 -0.070880495113173 0.2154061196941266 0.12785137902999213 0 0 0 0.44 96 147 278 237 384 45 481 508 
569 -0.0017666776323234919 0.1199354597527746 0.33443399683227715 0 0 0 0.4 96 148 161 79 278 238 313 93 351 121 448 67 456 16 481 509 
570 -0.0003576354454677914 0.23749463402069224 -0.017470538561612084 0 0 0 0.55 142 97 274 158 481 510 
571 0.21281334728222312 -0.010397031224372272 0.4588404642692685 0 0 0 0.58 274 159 439 79 481 511 
572 -0.5233417478445498 -0.08216302387454961 1.604553930699936 0 0 0 0.4 96 149 141 120 481 512 
573 -0.4686430965965751 -0.12952719790156453 1.532978950514794 0 0 0 0.91 141 121 439 80 481 513 493 112 
574 -0.3785805492511404 -0.0640019042980918 1.4461827498889328 0 0 0 0.16 343 68 439 81 481 514 
575 -0.3565583704361526 0.019581532303753466 1.4892216353093457 0 0 0 0.27 142 98 313 94 351 122 481 515 
576 -0.374042853419363 -0.016836774833577567 1.4992560600925586 0 0 0 0.69 161 80 439 82 448 68 481 516 
577 -0.3501507760466393 -0.00982834896406818 1.4683806210071337 0 0 0 0.56 278 239 439 83 448 69 481 517 
578 -0.34957422550592104 -0.010126926553301155 1.4670811024592303 0 0 0 0.38 439 84 448 70 481 518 
579 -0.34690722285013503 -0.08676937869946841 1.4117807692518165 0 0 0 0.22 114 65 141 122 161 81 274 160 351 123 439 85 481 519 
580 -0.34702944613586245 -0.086797191767737 1.414392647632227 0 0 0 0.33 96 150 114 66 161 82 205 45 274 161 278 240 313 95 439 86 447 143 481 520 493 113 
581 -0.32496423288887333 -0.09385685282683995 1.3934992403173276 0 0 0 0.39 142 99 161 83 274 162 278 241 351 124 439 87 448 71 481 521 493 114 
582 -0.31665789033165886 -0.0869181664559281 1.3884639689484992 0 0 0 0.18 161 84 274 163 313 96 481 522 
583 -0.2938235319238332 -0.08042722264500146 1.3584250385159842 0 0 0 0.28 161 85 439 88 448 72 481 523 
584 -0.20044846625473411 0.012964504438849073 1.3498033635261368 0 0 0 0.4 343 69 439 89 447 144 448 73 481 524 
585 -0.18455473624022403 0.048447833116194744 1.394931397143599 0 0 0 1.14 67 16 110 119 481 525 
586 -0.1791592173644772 -0.04549771901276683 1.2985722189514577 0 0 0 0.33 274 164 343 70 447 145 481 526 
587 -0.17488005216501396 -0.11507878588101873 1.2512067368289406 0 0 0 0.49 96 151 114 67 274 165 288 42 447 146 448 74 481 527 493 115 
588 -0.14820740725976025 0.09915313696531046 1.363922892594636 0 0 0 0.78 96 152 205 46 278 242 343 71 401 37 456 17 481 528 
589 -0.1443436898358258 0.0504549583562677 1.314618209560896 0 0 0 0.64 114 68 274 166 278 243 351 125 401 38 481 529 
590 -0.0880973030913313 0.08238826655408645 1.2945766405556103 0 0 0 0.52 96 153 161 86 351 126 439 90 481 530 
591 -0.09296446232661291 -0.11603523185564668 1.1734359390372222 0 0 0 0.36 274 167 288 43 439 91 448 75 481 531 
592 -0.17313284455193684 0.22601812545864444 0.15189492985123978 0 0 0 0.23 205 47 447 147 481 532 
593 -0.017966103477304717 0.031186876159909505 0.9743223867870673 0 0 0 0.72 67 17 110 120 343 72 
594 -0.059665983759414266 0.17803949241863348 0.22463964018069352 0 0 0 0.75 114 69 401 39 443 46 
595 0.19811851318633325 -0.037410758351156446 0.5745107661532163 0 0 0 0.82 96 154 141 123 351 127 481 533 
596 -0.3297713909655808 -0.05254672354191549 1.4111293872632582 0 0 0 0.06 447 148 448 76 481 534 
597 -0.3269506435526447 -0.07903110962011536 1.4185918683216185 0 0 0 1.33 114 70 401 40 481 535 
598 -0.2611344177585153 0.04719511904791306 1.4218545138904448 0 0 0 0.36 96 155 142 100 161 87 274 168 481 536 493 116 
599 -0.25533922687273414 0.017667544925253933 1.4399666117430177 0 0 0 1.19 67 18 110 121 481 537 
600 -0.21650683285128156 0.07080335687352109 1.4062488806518496 0 0 0 0.88 96 156 141 124 142 101 278 244 439 92 448 77 481 538 
601 -0.19383223669663274 0.0015919769939137841 1.3359478142991068 0 0 0 0.87 96 157 288 44 448 78 481 539 
602 -0.22368735703408738 -0.08010359478048978 1.309906979765511 0 0 0 0.36 96 158 114 71 439 93 448 79 481 540 493 117 
603 -0.18358560005679084 0.0842437557269788 1.3857387804489927 0 0 0 0.6 205 48 274 169 278 245 351 128 439 94 448 80 481 541 
604 -0.16882275779572625 -0.07045488706690543 1.2650168421998556 0 0 0 2.13 161 88 278 246 448 81 481 542 
605 -0.16691798591848683 -0.11143782503354371 1.2454344823934242 0 0 0 0.48 205 49 278 247 288 45 481 543 
606 -0.11576278621064824 0.020483436452552132 1.25060719527342 0 0 0 0.08 142 102 161 89 481 544 
607 -0.10849243616020043 -0.15892189320405703 1.1702743703806862 0 0 0 0.54 96 159 161 90 351 129 439 95 447 149 448 82 481 545 
608 -0.0928731156307251 0.11359576026866902 1.3125653189190096 0 0 0 0.48 161 91 401 41 439 96 481 546 493 118 
609 -0.10792350693385085 -0.04744582754246357 1.2115462931579444 0 0 0 0.41 288 46 343 73 448 83 481 547 493 119 
610 -0.027520472960737456 0.18995616406358432 0.18975729034444525 0 0 0 0.31 84 33 278 248 481 548 
611 -0.42576280288009843 -0.09099972147308703 1.4874460911665852 0 0 0 0.97 96 160 175 110 439 97 448 84 481 549 493 120 
612 -0.14300950814035435 -0.04783627482041385 1.2555397616248785 0 0 0 0.54 439 98 448 85 481 550 
613 -0.11614262237605522 -0.15429621416469635 1.179161174602004 0 0 0 0.27 96 161 161 92 448 86 481 551 
614 -0.09399381072113036 -0.1494049886494651 1.1677721810399817 0 0 0 0.53 96 162 274 170 313 97 343 74 351 130 439 99 447 150 448 87 481 552 
615 0.13398868776043277 -0.19582610972419806 0.9672506878344918 0 0 0 1.04 96 163 278 249 439 100 481 553 
616 -0.04017415437464963 0.19739803732822903 0.17825028077587293 0 0 0 0.64 110 122 146 63 274 171 278 250 384 46 447 151 481 554 
617 -0.33635507547032284 -0.0895383100931599 1.4053545339562945 0 0 0 0.56 161 93 439 101 481 555 
618 -0.18870497034157194 -0.020130794704727888 1.3017227342726372 0 0 0 0.5 96 164 114 72 161 94 274 172 278 251 439 102 447 152 448 88 481 556 493 121 
619 -0.13350953199943957 0.35787409512787616 0.03913952132855381 0 0 0 0.65 100 6 142 103 481 557 493 122 
620 -0.1042235145453528 -0.14766977433359532 1.150148298082063 0 0 0 0.69 110 123 274 173 351 131 443 47 448 89 
621 -0.06668289933027144 -0.14183476707164566 1.1409279988292533 0 0 0 0.48 75 8 274 174 288 47 448 90 481 558 
622 0.013966960214075818 0.048808277525310056 0.9596406329579259 0 0 0 0.95 74 11 274 175 278 252 439 103 447 153 481 559 493 123 
623 0.2155908280692707 -0.3841974192766075 1.3651608968098736 0 0 0 1.4 274 176 447 154 481 560 493 124 
624 -0.4423425650095516 -0.16278549404378223 1.5710929162119902 0 0 0 1.37 141 125 142 104 481 561 
625 -0.11514485418102448 -0.09285577931890233 1.2032041908312034 0 0 0 0.97 141 126 313 98 351 132 481 562 
626 -0.431861094481772 -0.09857718225173118 1.6156636703041511 0 0 0 1.9 96 165 274 177 447 155 481 563 493 125 
627 0.05290518179426636 -0.047411025099884346 0.9076578882826305 0 0 0 0.43 112 46 274 178 278 253 481 564 493 126 494 12 
628 -0.0826217893844962 0.28919657454708714 0.05159665807648204 0 0 0 0.41 146 64 274 179 278 254 443 48 481 565 
629 -0.08058203241030078 0.25695627918055264 0.04644425183342545 0 0 0 0.11 114 73 274 180 481 566 
630 -0.07837440687728958 0.2754214098028683 0.04177170925934085 0 0 0 0.24 146 65 278 255 443 49 481 567 493 127 
631 0.0010057267853194661 0.12128221505916967 0.33280236516321043 0 0 0 0.59 84 34 96 166 175 111 274 181 278 256 313 99 439 104 447 156 456 18 481 568 
632 -0.006417946245120195 0.09712370703040998 0.37558215500702474 0 0 0 0.22 110 124 205 50 481 569 
633 -0.05268622074594333 0.22685080889347362 0.09662247607331087 0 0 0 0.25 96 167 278 257 481 570 
634 -0.05268622074594333 0.22685080889347362 0.09662247607331087 0 0 0 0.25 96 168 278 258 481 571 
635 -0.07043391339034359 0.5083612074520152 -0.062234327032953854 0 0 0 0.41 112 47 114 74 142 105 146 66 274 182 481 572 
636 -0.05978110045405359 0.5114267895431798 -0.07380229896815262 0 0 0 0.67 112 48 114 75 274 183 481 573 
637 -0.060605216775554395 0.5112599523200285 -0.07033293470905769 0 0 0 0.4 112 49 142 106 146 67 481 574 
638 0.04055649293384836 0.12387234360956065 0.311123747972433 0 0 0 0.44 96 169 141 127 274 184 278 259 313 100 351 133 447 157 481 575 
639 0.04102488855248798 0.12379697515499632 0.310836419600606 0 0 0 0.45 96 170 333 17 447 158 481 576 
640 -0.02511143076944074 0.37161290160210897 -0.013311782331794522 0 0 0 1.57 146 68 343 75 481 577 
641 0.1765500469056585 -0.011649546716201267 0.5356863716918507 0 0 0 0.76 112 50 481 578 493 128 
642 -0.4677246076910928 -0.14648431260931546 1.5415637243864024 0 0 0 0.81 96 171 141 128 142 107 161 95 274 185 343 76 351 134 447 159 481 579 493 129 
643 -0.15499845756022004 0.23928837395073546 0.10946497184166629 0 0 0 0.39 112 51 141 129 351 135 481 580 
644 -0.03995748020512954 0.10257382861083028 1.0234385398704562 0 0 0 1.45 74 12 447 160 481 581 
645 0.04575999797621871 0.08986244732144476 0.979936338086874 0 0 0 1.28 74 13 84 35 278 260 333 18 481 582 
646 0.044306262575943264 -0.0017464633800999838 0.9237793606479938 0 0 0 0.8 74 14 96 172 333 19 481 583 
647 -0.12845582677775425 0.3167385188968731 0.07005599090870084 0 0 0 1.02 110 125 173 14 481 584 
648 0.05261856700390416 -0.08544197545294757 0.7677425309244488 0 0 0 0.62 74 15 96 173 175 112 274 186 333 20 447 161 481 585 
649 -0.07760713903720413 0.31347921433656245 0.0597073559827997 0 0 0 0.14 110 126 447 162 481 586 
650 -0.03392901366485537 0.19184869646462988 0.18742316446231486 0 0 0 0.43 110 127 274 187 384 47 447 163 481 587 
651 0.012852591524610858 0.15036264325355322 0.26004749875725613 0 0 0 0.47 96 174 274 188 278 261 384 48 481 588 
652 -0.060666713321084254 0.49123495251299243 -0.041648739133589976 0 0 0 0.25 274 189 481 589 493 130 
653 -0.5147224026166527 -0.097035032863957 1.5996596427393872 0 0 0 0.6 161 96 351 136 439 105 481 590 
654 -0.09699549273512777 0.22116782457566334 0.1267739753547891 0 0 0 0.64 110 128 114 76 173 15 274 190 313 101 384 49 447 164 481 591 
655 0.054579032132218486 0.02184695264812695 0.5132575929494939 0 0 0 0.5 84 36 96 175 274 191 278 262 447 165 481 592 493 131 
656 -0.07362423963697386 0.5172856401310155 -0.0778873952210423 0 0 0 0.68 112 52 142 108 161 97 175 113 274 192 481 593 
657 0.020860146753022127 0.15023389005164092 0.25749331500736944 0 0 0 0.67 146 69 274 193 278 263 384 50 481 594 
658 0.016988342600868258 0.2110321682598925 0.08725679782996541 0 0 0 1.2 112 53 146 70 175 114 274 194 481 595 
659 0.03768256343987268 0.1681750690505954 0.17920142017824253 0 0 0 0.4 447 166 456 19 481 596 
660 -0.09691220221519423 0.23942369133893604 0.08719963765700112 0 0 0 0.26 110 129 112 54 114 77 161 98 274 195 278 264 351 137 447 167 481 597 493 132 
661 -0.057544713889381635 0.4185622712366292 0.02490502917489365 0 0 0 0.62 142 109 161 99 175 115 481 598 493 133 
662 -0.05802056768649069 -0.04605647649862756 0.9508086609231113 0 0 0 1.07 96 176 175 116 278 265 288 48 481 599 
663 -0.054422551293447745 0.5043394582269792 -0.05555189051233946 0 0 0 0.63 114 78 142 110 146 71 161 100 175 117 274 196 481 600 
664 0.0050890248101079245 0.17553296092020657 0.20769091512967985 0 0 0 0.74 84 37 96 177 278 266 384 51 481 601 
665 -0.11524925399200409 -0.09103892062704612 1.1963762846317088 0 0 0 0.88 141 130 274 197 278 267 288 49 343 77 351 138 448 91 481 602 
666 -0.38076466156976135 -0.10360433557027439 1.4339911379577823 0 0 0 0.46 161 101 205 51 274 198 278 268 313 102 351 139 439 106 481 603 
667 -0.38089601341111157 -0.1034517860212862 1.4368932428580607 0 0 0 0.15 274 199 278 269 351 140 481 604 
668 -0.35117067294326426 -0.10534505558665702 1.38161048734344 0 0 0 0.22 274 200 351 141 481 605 
669 -0.3166708357428185 -0.07365595111325604 1.3924879835742117 0 0 0 0.19 142 111 161 102 278 270 343 78 351 142 448 92 481 606 493 134 
670 -0.3174750270428005 -0.08087657797744917 1.3898019913310158 0 0 0 0.37 96 178 175 118 351 143 439 107 481 607 
671 -0.2944904107932221 -0.05067543461628002 1.3865979387807574 0 0 0 0.22 161 103 439 108 481 608 493 135 
672 -0.18660166609515877 -0.009391553264171465 1.3102289227850974 0 0 0 0.2 141 131 161 104 278 271 481 609 
673 -0.18555319688100042 -0.018381713164138225 1.3010958925354075 0 0 0 0.25 161 105 278 272 343 79 481 610 493 136 
674 -0.17631931036347706 -0.11625871836143335 1.2005860662924732 0 0 0 1.01 278 273 447 168 481 611 
675 -0.17278559989202527 0.06025929880754861 1.3735104142417325 0 0 0 0.56 110 130 384 52 481 612 
676 -0.11638295199236565 -0.03162461013183736 1.223363162695895 0 0 0 0.44 96 179 278 274 401 42 481 613 
677 -0.09373597792736996 -0.28315649326707 1.4644806624502307 0 0 0 1.01 161 106 447 169 481 614 493 137 
678 -0.0961042348764595 0.0025757582290642377 1.1548248463908368 0 0 0 0.53 75 9 112 55 161 107 351 144 439 109 443 50 448 93 
679 -0.010025204577683211 0.03872621592055516 0.9752904461254577 0 0 0 0.4 175 119 448 94 481 615 
680 0.017219301209947947 0.0980001395702216 0.9712837265971485 0 0 0 0.69 401 43 439 110 481 616 
681 0.015140855836010872 -0.014124371296830899 0.9229152495664026 0 0 0 0.27 75 10 96 180 481 617 
682 -0.09271826669203379 0.2061382921069719 0.16246491516263303 0 0 0 0.31 110 131 161 108 443 51 481 618 
683 0.04172965547104529 -0.08706547771557577 0.7758146253974386 0 0 0 0.66 96 181 141 132 175 120 278 275 481 619 
684 0.29467895777010483 -0.4132607183338716 1.3802556698308186 0 0 0 0.82 161 109 278 276 313 103 351 145 448 95 481 620 
685 -0.328443117101428 -0.11706864009625097 1.382342572598164 0 0 0 0.51 175 121 274 201 351 146 447 170 481 621 493 138 
686 -0.3098757918098906 -0.08799027735301157 1.3971951142702888 0 0 0 0.46 96 182 175 122 274 202 481 622 
687 -0.08978477031914796 0.10025089860421857 1.3089730449756618 0 0 0 0.32 439 111 448 96 481 623 
688 -0.026719290802760705 0.03271039741828272 0.9728614657428791 0 0 0 0.5 175 123 343 80 481 624 
689 0.13716317357814375 -0.011262597279283746 0.5654969586457438 0 0 0 2.13 278 277 481 625 
690 0.09344786836588061 0.09668906773958107 0.23104840867532794 0 0 0 1.52 96 183 333 21 481 626 
691 -0.1519735241065476 -0.2513517711862398 1.4972367156293276 0 0 0 1.2 175 124 481 627 493 139 
692 -0.14560549589643884 -0.16601529846492535 1.2156643942237513 0 0 0 0.17 110 132 443 52 481 628 
693 -0.12411595028677269 0.11293914085309083 1.3417441283585099 0 0 0 0.8 142 112 313 104 351 147 447 171 481 629 
694 -0.11583394790116489 -0.0632732541066971 1.210349367896132 0 0 0 0.41 96 184 141 133 274 203 278 278 313 105 343 81 481 630 
695 0.2555718644497489 -0.4135712782525562 1.3637469459651994 0 0 0 0.72 110 133 112 56 161 110 
696 0.24429519993829793 -0.19048131891002484 0.9353452765726935 0 0 0 0.67 112 57 333 22 481 631 
697 -0.23507077538837515 -0.09793538530410233 1.3126898142945986 0 0 0 0.49 343 82 439 112 448 97 481 632 
698 -0.14597536872609818 -0.14159519630850284 1.2239897530509876 0 0 0 0.19 110 134 443 53 481 633 
699 -0.03954082937968064 0.10050312548796561 1.0033917870294777 0 0 0 0.28 96 185 278 279 447 172 481 634 
700 0.005980348605999222 0.10031430683516446 0.973068612284091 0 0 0 0.78 274 204 313 106 351 148 439 113 448 98 481 635 
701 0.0035681317652660007 0.04846542888592507 0.9636613718993889 0 0 0 0.23 75 11 288 50 481 636 
702 -0.001118623187846932 0.018633779820275444 0.9517498161542248 0 0 0 0.73 75 12 288 51 481 637 
703 0.20351840085116535 -0.37986782128219887 1.3605525567702335 0 0 0 0.61 274 205 448 99 481 638 
704 -0.1403188167737386 -0.14235009900267892 1.207655611588567 0 0 0 0.37 96 186 343 83 481 639 
705 -0.10826647969893784 -0.1588721911521959 1.1698242952397295 0 0 0 0.44 96 187 161 111 175 125 274 206 439 114 448 100 481 640 
706 0.10448178950254956 -0.044748865991025816 0.6346066058959998 0 0 0 0.41 96 188 274 207 278 280 447 173 448 101 481 641 
707 0.18265838336565793 -0.021102691871210638 0.5363916258984949 0 0 0 0.51 96 189 161 112 351 149 481 642 
708 0.1517413417704106 0.035284172437776117 0.4246684499864088 0 0 0 0.71 96 190 141 134 278 281 481 643 
709 0.14864357656915247 0.005422832674083698 0.4085848174039041 0 0 0 1.07 96 191 141 135 481 644 
710 -0.20163163054167418 -0.006963177964995325 1.35108715286681 0 0 0 0.58 110 135 443 54 481 645 
711 -0.18809311287085118 0.07314715898326758 1.373293883717266 0 0 0 0.66 96 192 141 136 142 113 351 150 439 115 481 646 
712 -0.08703273331019265 -0.09519349960264452 1.1792820995796358 0 0 0 0.57 75 13 288 52 448 102 481 647 
713 -0.1388700648027732 0.30393824552477594 0.05973192574739504 0 0 0 0.2 278 282 443 55 447 174 481 648 
714 -0.14512891300536054 0.6141870581444678 0.06757280081710122 0 0 0 0.71 112 58 161 113 481 649 493 140 
715 -0.14514274898707968 0.22846957094276726 0.13498784256688334 0 0 0 0.35 84 38 278 283 313 107 481 650 
716 -0.1371935752228756 0.3645347790625286 0.07098026937428942 0 0 0 2.25 112 59 481 651 
717 -0.1367193631545394 0.3636387996563946 0.0743768147374201 0 0 0 0.39 84 39 114 79 481 652 
718 -0.10407525632174407 0.6043128018478675 0.03574671217601067 0 0 0 1.78 112 60 481 653 493 141 
719 -0.09384347146166892 0.387082095228284 0.03227042139016003 0 0 0 0.35 110 136 481 654 494 13 
720 -0.09128094820979826 0.31108387717751856 0.06390675990049498 0 0 0 0.18 84 40 343 84 481 655 
721 -0.01647593487466664 0.13067244019036445 0.31958610085910505 0 0 0 0.57 84 41 96 193 142 114 175 126 274 208 278 284 384 53 481 656 
722 -0.07294280286560079 0.32898232224421975 0.06721373039332515 0 0 0 0.18 84 42 100 7 481 657 
723 -0.07536013324974902 0.27254167731469936 0.0387161568671524 0 0 0 0.3 146 72 384 54 447 175 481 658 
724 -0.0449494074842373 0.3151254883739249 0.04521740547608426 0 0 0 0.12 84 43 343 85 481 659 
725 0.146654993706517 0.02319106778285825 0.44778472227191246 0 0 0 0.67 84 44 96 194 481 660 
726 -0.16097483875819976 0.48810843467721793 -0.023816164044064274 0 0 0 0.16 84 45 110 137 443 56 
727 -0.15054978282053308 0.2830647051275532 0.05310335532178101 0 0 0 0.52 110 138 278 285 443 57 481 661 
728 -0.137984386025804 0.269604103455732 0.05239415047918035 0 0 0 0.5 114 80 278 286 443 58 481 662 
729 -0.07172876596561781 -0.16056804089577328 1.147802222068289 0 0 0 0.33 274 209 351 151 481 663 
730 -0.12831000012727872 0.4719660224994941 -0.020138374976299632 0 0 0 0.51 84 46 100 8 481 664 
731 -0.10291025098053129 0.32048580799448656 0.07044771582835929 0 0 0 0.23 110 139 114 81 146 73 278 287 401 44 443 59 447 176 481 665 
732 -0.11678547736191086 0.2840796370202798 0.06027320792440424 0 0 0 0.22 84 47 114 82 161 114 443 60 481 666 
733 -0.09223996493934193 0.6026874319150414 0.04389421232819347 0 0 0 0.46 142 115 481 667 493 142 
734 -0.1038293627097525 0.37517803142665807 0.030983958323041606 0 0 0 0.05 84 48 114 83 481 668 
735 -0.08657575880012645 0.3535541282360344 0.07383791615589862 0 0 0 0.46 84 49 114 84 481 669 
736 -0.08657575880012645 0.3535541282360344 0.07383791615589862 0 0 0 0.46 84 50 114 85 481 670 
737 -0.078170113986469 0.324118461542652 0.06570217921888362 0 0 0 0.29 146 74 278 288 443 61 481 671 
738 0.013096574633140554 0.09298090937982761 0.3900100553756602 0 0 0 0.71 84 51 96 195 142 116 161 115 448 103 456 20 481 672 
739 0.3419771888789868 -0.3805309791761691 1.24664233026889 0 0 0 0.63 84 52 96 196 278 289 481 673 
740 0.3625532875187979 -0.37173862622088477 1.2357310685820082 0 0 0 1.64 84 53 481 674 
741 -0.020071217622299048 0.41679085818581574 0.014122364222487605 0 0 0 0.72 84 54 161 116 481 675 
742 -0.2993708440634028 -0.1962688092452175 1.513974934526886 0 0 0 1.12 278 290 288 53 313 108 481 676 
743 -0.14587962020169243 0.4248816168116065 -0.042733920025503455 0 0 0 1.25 84 55 100 9 481 677 
744 -0.132892975181649 0.2880386298997931 0.060437177243633955 0 0 0 0.55 84 56 114 86 481 678 
745 -0.11710951138720642 0.5132223632045997 -0.0012492396226908764 0 0 0 0.26 114 87 146 75 481 679 493 143 
746 -0.10279422076667326 0.372113644352594 0.04276072888446194 0 0 0 0.34 84 57 100 10 114 88 161 117 481 680 
747 -0.07926925598544439 0.19568912792762286 0.18917495843919477 0 0 0 0.39 114 89 443 62 481 681 
748 -0.07374145053426104 0.32449222655528503 0.06615932250284852 0 0 0 0.58 84 58 142 117 175 127 274 210 481 682 
749 -0.02717184311119677 0.1436092284896726 0.2893378953806703 0 0 0 0.77 84 59 114 90 351 152 401 45 481 683 
750 -0.06889223551266645 0.33698549852224424 0.06817484105574242 0 0 0 0.26 84 60 114 91 481 684 
751 -0.03438299671745917 0.20057217917086823 0.16678882074335558 0 0 0 0.88 84 61 205 52 481 685 
752 -0.05455308377465052 0.39013681596550104 0.016018629667824833 0 0 0 0.35 112 61 114 92 146 76 274 211 443 63 481 686 
753 -0.052744944678994723 0.3728159846504483 0.021249342935901926 0 0 0 0.93 84 62 114 93 161 118 481 687 
754 -0.05201931537353325 0.37331880388761546 0.023544038550452544 0 0 0 0.16 84 63 161 119 481 688 
755 -0.03779271287351363 0.42361823630772044 0.014210423520293404 0 0 0 0.39 84 64 100 11 142 118 481 689 
756 0.06849140785797891 0.15414461285237285 0.14646332563712397 0 0 0 0.87 84 65 96 197 481 690 
757 -0.13343554178388803 0.25003865166284034 0.05922779042239432 0 0 0 0.1 84 66 114 94 481 691 
758 -0.12183817637431829 0.6364653418492252 0.03214396978634059 0 0 0 0.84 84 67 100 12 142 119 161 120 
759 -0.11193560325487331 0.3893278680590109 0.034436755629023166 0 0 0 0.32 84 68 114 95 481 692 
760 -0.10301946009007527 0.24020467820481564 0.08968929031882754 0 0 0 0.45 110 140 112 62 114 96 142 120 173 16 351 153 443 64 481 693 493 144 
761 -0.07572872968723987 0.20701745189827916 0.14697220823309987 0 0 0 0.49 114 97 146 77 443 65 481 694 
762 -0.05671858207373085 0.3378559980861877 0.0636323899179892 0 0 0 0.31 114 98 481 695 493 145 
763 0.27429794110172573 -0.117940897297517 0.6735772267444257 0 0 0 1.83 84 69 96 198 142 121 481 696 
764 -0.13209456737628417 0.3643444305493658 0.017342883831867977 0 0 0 0.87 84 70 274 212 481 697 
765 -0.10869638525969863 0.3710885010856093 0.04121876649351363 0 0 0 0.35 84 71 481 698 493 146 
766 0.038878724725571495 0.040545043325711544 0.469095056306956 0 0 0 0.57 84 72 96 199 278 291 313 109 481 699 
767 0.07789290265810583 0.03771467657867561 0.46914485062574507 0 0 0 0.82 84 73 96 200 278 292 481 700 
768 -0.03832775051294307 0.4132424662742459 0.015633423223697773 0 0 0 0.54 84 74 114 99 142 122 161 121 481 701 
769 -0.1331659100017528 0.35369676938867384 0.056917152784589496 0 0 0 1.02 84 75 100 13 481 702 
770 -0.11205139904645577 0.3771396509838802 0.028787261112475385 0 0 0 0.36 84 76 114 100 481 703 
771 -0.05430090603263442 0.41005740311707717 0.020372487230575432 0 0 0 0.84 84 77 114 101 481 704 
772 0.3201875918347949 -0.28594710444570787 0.9957409633709228 0 0 0 0.8 274 213 351 154 481 705 
773 -0.012479617326505685 0.3791048368752585 -0.03969917793164705 0 0 0 1.84 114 102 161 122 481 706 
774 -0.1434176602616777 0.6060535804973999 0.06643338268151561 0 0 0 0.76 114 103 141 137 142 123 161 123 274 214 481 707 493 147 
775 -0.13525298564681879 0.3721913172293733 0.0073997389991563136 0 0 0 0.78 114 104 142 124 161 124 274 215 443 66 481 708 493 148 
776 -0.12485984099580413 0.6311742401439869 0.037716397887911104 0 0 0 0.41 401 46 443 67 481 709 
777 -0.05187126270117358 0.4339265386291473 0.00800867548324443 0 0 0 1.04 84 78 161 125 481 710 
778 0.09785733916318809 0.007674489922421166 0.5218127958802148 0 0 0 0.83 84 79 96 201 333 23 447 177 481 711 
779 -0.018931989681226637 0.4038701504504799 0.0038964645776364717 0 0 0 0.58 84 80 142 125 481 712 
780 -0.11478062112368871 0.337222751797048 -0.34885113103077975 0 0 0 0.76 274 216 481 713 493 149 
781 -0.10622089972500631 0.37870494607237404 0.03462541885071669 0 0 0 0.68 84 81 146 78 481 714 
782 -0.3236535909446446 0.03110446302141977 1.464304276573062 0 0 0 0.39 96 202 288 54 481 715 
783 -0.28785697271131505 -0.0862357152936048 1.3640776058886674 0 0 0 0.29 96 203 114 105 161 126 274 217 313 110 343 86 439 116 481 716 
784 -0.29380028709971917 -0.1156441227051818 1.353575395809574 0 0 0 0.21 96 204 142 126 481 717 
785 -0.27013675988461927 0.0329072619147592 1.4152944655098976 0 0 0 0.33 96 205 161 127 447 178 481 718 
786 -0.26315315699557706 0.041496214848911736 1.421777120526266 0 0 0 0.14 96 206 288 55 481 719 
787 -0.1993072656462202 0.05118317645885677 1.3654387276598903 0 0 0 0.55 96 207 175 128 481 720 
788 -0.1761231354148097 0.04543108730060295 1.346477018801409 0 0 0 0.25 96 208 447 179 481 721 
789 -0.1772265741499565 -0.016518151973690935 1.3003857341531062 0 0 0 0.17 96 209 278 293 313 111 481 722 
790 -0.17261904614421644 -0.15767438403836925 1.2256073914335597 0 0 0 0.17 96 210 288 56 481 723 
791 -0.12607370486247413 0.07650529546874967 1.3072077772022423 0 0 0 0.62 96 211 175 129 278 294 456 21 481 724 
792 -0.0063919047302287355 -0.05433111088534207 0.9220115606597976 0 0 0 0.4 114 106 343 87 481 725 493 150 
793 -0.09451711636945352 0.07331730659578671 1.2987814715935095 0 0 0 0.75 96 212 439 117 448 104 481 726 
794 -0.07821331010451504 0.019475395809974472 1.0085642953445928 0 0 0 0.27 96 213 288 57 481 727 
795 -0.07088276952768148 -0.05733717082884236 0.9702882060206596 0 0 0 0.51 96 214 351 155 481 728 
796 -0.06144236713146719 -0.050642687550949396 0.9513876274530456 0 0 0 0.11 96 215 288 58 481 729 
797 -0.011152044032146131 0.01346710100176656 0.9609357372144797 0 0 0 0.19 96 216 288 59 481 730 
798 -0.012885563346077355 0.006550088258567936 0.9579957217480655 0 0 0 0.3 96 217 288 60 481 731 
799 -0.04155966711060088 -0.04963738441006102 0.942063162195071 0 0 0 0.15 96 218 278 295 288 61 481 732 
800 0.014565223675785085 -0.02141407439972886 0.927511029775003 0 0 0 0.2 96 219 343 88 448 105 481 733 
801 0.0542486623343857 -0.2976356014567364 1.208529089539878 0 0 0 0.43 96 220 278 296 481 734 
802 0.06143375460509554 -0.20051840220575987 1.0164288967199357 0 0 0 0.44 96 221 313 112 481 735 
803 0.08914251609032385 -0.186728372942118 0.9780642622664929 0 0 0 0.28 96 222 288 62 481 736 
804 0.05627448575272916 0.024793848467507974 0.5074458595354019 0 0 0 0.67 96 223 278 297 481 737 
805 0.1369320766816504 -0.2436091020784619 1.0384469330354427 0 0 0 1.09 96 224 142 127 175 130 274 218 481 738 
806 0.24529026140597388 -0.39996819581089277 1.3465471766980477 0 0 0 0.36 96 225 447 180 481 739 
807 0.21168102380751253 -0.2785586226915185 1.1127541507951928 0 0 0 0.17 96 226 447 181 481 740 
808 0.1531960099393902 -0.06977262034631285 0.6779501203037236 0 0 0 0.34 96 227 278 298 313 113 447 182 481 741 
809 0.3744744522649156 -0.4263210872025427 1.3454427880979611 0 0 0 0.14 288 63 481 742 493 151 
810 0.21899906447886155 -0.09692873669452533 0.7195243990097248 0 0 0 0.22 96 228 278 299 481 743 
811 0.37969882100883195 -0.38310584575724776 1.2749847584070002 0 0 0 0.68 96 229 313 114 481 744 
812 0.27836625472037535 -0.12327987027522869 0.6899524298530337 0 0 0 1.15 96 230 112 63 274 219 278 300 351 156 481 745 493 152 
813 -0.28702698271214516 -0.07858065092646054 1.3604974014331852 0 0 0 0.4 96 231 161 128 481 746 
814 -0.16309450085722568 0.031888813708452125 1.3305574184990934 0 0 0 0.45 96 232 175 131 481 747 
815 -0.07764067249757273 -0.04933407018792959 0.9640362324533169 0 0 0 0.29 96 233 278 301 288 64 481 748 
816 -0.04428889345667252 0.0961737774721145 1.0048810295063433 0 0 0 0.73 96 234 114 107 142 128 175 132 274 220 313 115 343 89 401 47 447 183 448 106 481 749 493 153 
817 -0.05052227245864591 -0.08463497363929061 0.8115157588892705 0 0 0 0.66 96 235 141 138 274 221 288 65 481 750 
818 -0.04853266899095788 -0.18927209689112348 1.1492721294423358 0 0 0 0.17 96 236 288 66 481 751 
819 -0.025095577372497055 0.01201062883096187 0.9721451078713637 0 0 0 0.29 96 237 288 67 481 752 
820 0.01210929746618449 0.0661253505306947 0.9564440749227792 0 0 0 0.49 96 238 161 129 175 133 278 302 481 753 
821 -0.022530080572778367 0.15154785024640383 0.26946307462607777 0 0 0 0.23 96 239 141 139 278 303 351 157 481 754 
822 0.05586712524446373 0.005139484842854777 0.9328951971199784 0 0 0 0.28 96 240 447 184 481 755 
823 0.10341396846984258 -0.21028314276910778 0.9911972659935513 0 0 0 0.97 96 241 447 185 481 756 
824 0.1214744094666336 -0.08417089703404408 0.7295708926364177 0 0 0 0.47 96 242 161 130 278 304 481 757 
825 0.124666331962337 -0.03720994912971076 0.6058306586609683 0 0 0 0.64 351 158 384 55 456 22 
826 0.13089443932970968 -0.027152027321557182 0.5917250341860737 0 0 0 0.2 96 243 278 305 481 758 
827 0.20396045826044465 -0.20583982872862125 0.9207104796669213 0 0 0 0.19 96 244 448 107 481 759 
828 0.09805374241412405 0.09479910722823866 0.3168251300828813 0 0 0 1.18 96 245 175 134 448 108 481 760 
829 0.37171756590214844 -0.2880175000167052 1.017627822890548 0 0 0 0.3 96 246 447 186 481 761 
830 0.17687140648294852 0.010005686150644878 0.4223733754012653 0 0 0 0.4 278 306 447 187 481 762 
831 0.29438197953920053 -0.1149261336686992 0.6577721697196109 0 0 0 1.54 96 247 333 24 439 118 481 763 
832 -0.3049175024245364 -0.020615494111622768 1.4123229558000885 0 0 0 0.25 96 248 439 119 481 764 
833 -0.28778265790035 -0.09155867978018827 1.3580479209281986 0 0 0 0.34 96 249 114 108 161 131 343 90 481 765 
834 -0.15819712233111236 -0.008783850011411822 1.258414611237686 0 0 0 0.5 96 250 278 307 481 766 
835 -0.08116795794300292 0.07958190149801944 1.2881793097561498 0 0 0 0.51 96 251 278 308 351 159 401 48 439 120 448 109 481 767 
836 -0.026920945504923008 -0.05916912640093856 0.9507295411478393 0 0 0 0.45 96 252 278 309 288 68 481 768 
837 0.03540796452014525 0.02206695553338469 0.9318288618328765 0 0 0 0.84 96 253 175 135 274 222 313 116 343 91 481 769 
838 0.048484247632408516 0.01348205827177963 0.9370096228302889 0 0 0 0.31 96 254 175 136 481 770 493 154 
839 0.037242623668491785 -0.017810496968025585 0.9266967351757623 0 0 0 0.13 96 255 288 69 481 771 
840 0.03128896932619747 -0.05024321579905987 0.9082859931711089 0 0 0 0.43 96 256 175 137 343 92 481 772 
841 0.07228762361322538 -0.085425229797585 0.759741363614174 0 0 0 0.3 96 257 288 70 447 188 481 773 
842 0.07408478667252638 6.0356420450086744e-05 0.5530547310980752 0 0 0 0.36 96 258 274 223 447 189 448 110 481 774 
843 0.13269413410436082 -0.07765924543433149 0.7104789523455034 0 0 0 0.48 110 141 384 56 481 775 
844 0.13774469725744667 -0.08470053327436425 0.7201148070884651 0 0 0 0.89 96 259 141 140 351 160 447 190 481 776 
845 0.07507136220368345 0.10048213543831275 0.34896016354187387 0 0 0 0.42 112 64 274 224 384 57 481 777 
846 0.2014317970246284 -0.2102648546471102 0.9229756064739588 0 0 0 0.33 96 260 447 191 481 778 
847 0.10341609828151914 0.06318167930159264 0.42081386186306097 0 0 0 0.28 96 261 278 310 447 192 448 111 481 779 
848 0.10361392976923726 0.06312926934131169 0.4216833474842006 0 0 0 0.25 96 262 278 311 313 117 351 161 481 780 
849 0.2720355894613388 -0.23407718111379927 0.987986946626127 0 0 0 0.28 96 263 278 312 481 781 
850 0.0553761111149679 0.1584933227511797 0.18538622354237252 0 0 0 0.13 96 264 447 193 481 782 
851 0.13262980869432103 0.06906618830922577 0.3560492810511016 0 0 0 0.08 96 265 447 194 481 783 
852 0.11759987629667758 0.061056019791812036 0.2310772664105793 0 0 0 1.22 96 266 142 129 
853 -0.1576710590378709 -0.05774723600527309 1.2611256307398897 0 0 0 0.43 96 267 343 93 481 784 
854 -0.1662030305977213 -0.10640498536423408 1.2180095563178122 0 0 0 0.89 96 268 313 118 481 785 
855 -0.13599992116833984 0.04892473516683396 1.3095584735959092 0 0 0 0.66 96 269 448 112 481 786 
856 -0.13609863620674667 0.04917535681215954 1.3122738244654881 0 0 0 0.66 96 270 114 109 481 787 493 155 
857 -0.03932305032426469 0.19907675353082158 0.17059020918356527 0 0 0 0.69 114 110 146 79 205 53 278 313 481 788 
858 -0.00594277554847835 -0.009747666187555199 0.9336387590261618 0 0 0 0.68 96 271 439 121 448 113 481 789 
859 -0.03440462251540446 0.1915920057786821 0.18627156398608577 0 0 0 0.27 96 272 447 195 481 790 
860 0.06346768917382366 -0.02505001469337169 0.9058149177784682 0 0 0 0.29 96 273 274 225 481 791 
861 0.08799608091046367 -0.26882699268110094 1.1377412975297954 0 0 0 0.32 96 274 278 314 288 71 481 792 
862 0.009906628324582115 0.10829833138853705 0.3550374271243324 0 0 0 0.38 96 275 141 141 481 793 
863 0.04571307234852248 0.0647781120662254 0.4402001388565772 0 0 0 0.15 96 276 278 315 481 794 
864 0.09675109008479514 0.06228027508616701 0.4268202796022769 0 0 0 0.24 96 277 278 316 481 795 
865 0.14458420601187713 -0.008762825095556717 0.5448279040134146 0 0 0 0.15 96 278 278 317 481 796 
866 0.20435321437596501 -0.11612574082689116 0.6855005135894121 0 0 0 2.22 96 279 313 119 481 797 
867 0.08255088309776365 0.12576350433320177 0.25950084642692833 0 0 0 0.42 112 65 384 58 481 798 
868 0.1451799936530275 0.052595937884470874 0.40269404806798353 0 0 0 0.32 96 280 141 142 481 799 
869 0.25161903946887265 -0.09391781678058078 0.673352815319895 0 0 0 0.49 96 281 447 196 481 800 
870 0.03443195126555483 0.19027703917600772 0.07262959252653474 0 0 0 0.36 96 282 447 197 481 801 
871 0.03443195126555483 0.19027703917600772 0.07262959252653474 0 0 0 0.36 96 283 447 198 481 802 
872 0.0696478578261145 0.14773151651472136 0.1616406653238259 0 0 0 0.86 96 284 333 25 481 803 
873 0.10654706385768271 0.13186058959060867 0.18376149739888067 0 0 0 0.78 96 285 333 26 481 804 
874 -0.07488778152885342 0.22813106396920307 0.10452529081293234 0 0 0 0.32 96 286 278 318 481 805 
875 -0.16555000218370894 0.2543513081383642 0.08283760378059842 0 0 0 0.13 112 66 278 319 481 806 
876 -0.06205999270387279 0.18040620532934384 0.2266185548642025 0 0 0 1.33 110 142 313 120 447 199 481 807 
877 -0.04163664245019829 0.20642561538261228 0.16167906569763535 0 0 0 0.41 96 287 313 121 481 808 
878 -0.023790135474426842 0.18487551045274322 0.1948147357059917 0 0 0 0.42 96 288 278 320 384 59 447 200 481 809 
879 -0.011692726623015827 0.12880016460464078 0.3228641528192636 0 0 0 0.65 96 289 142 130 351 162 481 810 
880 -0.008125719511141492 0.18711046224886493 0.18781098330855592 0 0 0 0.78 96 290 141 143 175 138 278 321 481 811 
881 0.047511798465780956 0.1233256797856599 0.3094543003763703 0 0 0 0.15 96 291 278 322 481 812 
882 0.12623386418778582 -0.043661658257057936 0.6317856929024882 0 0 0 0.34 96 292 278 323 481 813 
883 0.10881693168869047 -0.0011125287466836873 0.5399438438019727 0 0 0 0.54 96 293 278 324 481 814 
884 0.10524075644167849 0.04364161934316878 0.4527558356747117 0 0 0 0.1 96 294 278 325 481 815 
885 0.13844582127914368 0.008630821801093641 0.5053018501964521 0 0 0 0.4 96 295 278 326 481 816 
886 0.061893438833829424 0.13793551316962718 0.24289135050960847 0 0 0 0.61 96 296 141 144 274 226 481 817 
887 0.09498538176077295 0.09129407475793928 0.3209624594684619 0 0 0 1.03 96 297 141 145 175 139 274 227 278 327 313 122 351 163 481 818 493 156 
888 0.4686703209342281 -0.5052817584022564 1.5874555674529338 0 0 0 1.8 96 298 448 114 481 819 
889 0.3211444850193175 -0.15966541524392855 0.7775245379407305 0 0 0 1.86 112 67 288 72 351 164 401 49 
890 -0.1645798346991808 0.21466740622290312 0.17612672656554862 0 0 0 1.06 96 299 110 143 175 140 205 54 447 201 481 820 
891 -0.04629181611636304 0.17055585214794544 0.23673133199283136 0 0 0 0.32 96 300 278 328 447 202 456 23 481 821 
892 0.009037507090311632 0.1159012076672862 0.5268604600897144 0 0 0 1.12 274 228 351 165 481 822 
893 0.020718826907221544 -0.04960520726895598 0.8981962576201348 0 0 0 0.69 96 301 278 329 481 823 
894 0.09712997965997447 -0.23371643043858015 1.0746952125704463 0 0 0 0.81 96 302 288 73 481 824 
895 0.037665073618312415 0.1438726698054356 0.2599558601643353 0 0 0 0.41 96 303 447 203 481 825 
896 0.13573433568202664 -0.10360509241039963 0.7351059740218026 0 0 0 0.73 96 304 274 229 351 166 481 826 
897 0.10440080487009934 0.1309828699735559 0.18708789288124672 0 0 0 1.01 96 305 278 330 333 27 481 827 
898 -0.11810198286512869 0.21198966128891986 0.1193347153769998 0 0 0 0.39 96 306 384 60 447 204 481 828 
899 0.12379734448082905 -0.09063732868769607 0.7356764192416039 0 0 0 0.38 96 307 278 331 333 28 481 829 
900 0.14885768494644702 -0.20967970609575348 0.9910963507904055 0 0 0 0.63 96 308 288 74 481 830 
901 0.10305880824201616 -0.022587527292028863 0.583991114779828 0 0 0 0.42 96 309 278 332 481 831 
902 0.051873002473365036 0.147547338039214 0.2290463057807342 0 0 0 0.45 96 310 278 333 481 832 
903 0.18611632877307785 0.01090951208366047 0.4331169229691185 0 0 0 0.34 96 311 481 833 493 157 
904 -0.11625144937490345 0.10320972881743085 1.32456312041948 0 0 0 0.95 96 312 175 141 274 230 481 834 
905 -0.08064363354193531 0.11511306345400237 1.3240478111110285 0 0 0 1.33 96 313 439 122 481 835 
906 0.02244799846296489 0.19966089947356375 0.10531570619533262 0 0 0 0.66 96 314 447 205 481 836 
907 0.2944842356535156 -0.1548515531447654 0.777124116007673 0 0 0 1.59 96 315 274 231 351 167 481 837 
908 0.03520843450950403 0.13762075950529462 0.28937639021461625 0 0 0 1.04 146 80 481 838 493 158 
909 -0.12154432827558326 0.6452301732275154 0.045800332081908875 0 0 0 0.91 161 132 481 839 493 159 
910 -0.10132742688399439 0.24288336908590596 0.08157679716762331 0 0 0 0.24 110 144 175 142 274 232 278 334 447 206 481 840 
911 -0.07698403239472985 0.5079224653762622 -0.055495889926694034 0 0 0 0.43 112 68 142 131 146 81 274 233 481 841 
912 -0.11388082583865965 0.3249014142826126 0.08051783191551386 0 0 0 0.52 100 14 110 145 142 132 
913 -0.11058460523110125 0.21432723695319875 0.1251016935453835 0 0 0 0.14 110 146 112 69 481 842 
914 -0.11051432867573047 0.2143086494216021 0.12636560115828385 0 0 0 0.46 100 15 114 111 175 143 481 843 
915 -0.07609333115717506 0.5132710512552706 -0.05878123729169273 0 0 0 0.58 141 146 146 82 274 234 351 168 481 844 493 160 
916 -0.080197735954504 0.5092458056232341 -0.06124256416318587 0 0 0 0.13 112 70 274 235 481 845 
917 -0.07632095841534056 0.5091360316884392 -0.058245261509503654 0 0 0 0.56 112 71 142 133 146 83 274 236 481 846 
918 -0.025780400932885302 0.3772464109649734 -0.0065807213709419814 0 0 0 0.32 100 16 142 134 274 237 481 847 
919 -0.11819548137496315 0.2376493189276883 0.09194222781873376 0 0 0 0.51 110 147 112 72 173 17 278 335 384 61 447 207 481 848 
920 -0.06652448810302021 0.5090008692067138 -0.06376184521490752 0 0 0 0.43 141 147 146 84 274 238 481 849 
921 -0.076837171805268 0.5667229450834966 -0.13639032540810297 0 0 0 1.05 173 18 274 239 493 161 
922 -0.06956629181614057 0.5524096505942747 -0.14647735054116875 0 0 0 0.92 141 148 142 135 481 850 
923 -0.035013839848838824 0.513256653676805 -0.08244164820386121 0 0 0 1.13 100 17 142 136 481 851 
924 -0.09083098738577182 0.304098496112733 -0.2880345433843649 0 0 0 0.97 142 137 481 852 493 162 
925 -0.07964473772445717 0.2908480685401896 -0.26127172568037754 0 0 0 1.46 161 133 274 240 481 853 493 163 
926 0.0079651502598625 0.21841391557980433 0.06670336874233598 0 0 0 0.65 278 336 384 62 447 208 481 854 
927 -0.06447018469194991 0.5448709835805423 -0.1348515705500828 0 0 0 0.51 141 149 142 138 274 241 481 855 493 164 
928 -0.06440023981206042 0.544805444434946 -0.1349335287611663 0 0 0 0.67 141 150 481 856 493 165 
929 -0.07154558879054193 0.5442042381281106 -0.12928889773528907 0 0 0 0.76 141 151 142 139 274 242 481 857 493 166 
930 -0.0714912103817534 0.5367616883114324 -0.12008814062273471 0 0 0 0.54 142 140 481 858 493 167 
931 -0.06750317213542745 0.5204442181210779 -0.08999954308047795 0 0 0 0.57 112 73 142 141 274 243 481 859 493 168 
932 -0.47255486792198476 -0.07195937369458126 1.5015158670534987 0 0 0 0.69 161 134 175 144 448 115 481 860 
933 -0.42691522607022203 -0.09712072997484295 1.4799287930363796 0 0 0 0.33 447 209 481 861 493 169 
934 -0.4037064336810395 -0.15392348097618028 1.5133849348223276 0 0 0 0.94 114 112 141 152 274 244 313 123 447 210 448 116 481 862 
935 -0.39812292364035673 -0.16416751767107354 1.5356736846812138 0 0 0 0.12 114 113 351 169 481 863 493 170 
936 -0.3584850658074628 0.015148829274637102 1.484813366298744 0 0 0 0.58 141 153 142 142 161 135 439 123 447 211 481 864 493 171 
937 -0.31463011824536047 -0.006277462548391993 1.4365761743790364 0 0 0 0.63 114 114 141 154 175 145 481 865 493 172 
938 -0.3008231444411734 -0.12939956841137548 1.3523338956246105 0 0 0 0.53 142 143 175 146 439 124 481 866 
939 -0.28103029261182416 -0.0610961762206605 1.8207384237154607 0 0 0 1.37 141 155 142 144 161 136 481 867 
940 -0.23790310357063427 -0.14733152953301257 1.2882042065870685 0 0 0 0.41 175 147 274 245 288 75 481 868 
941 -0.19758894551298453 0.06638536682301667 1.3724112303855602 0 0 0 0.47 142 145 274 246 447 212 481 869 
942 -0.2127085156207536 -0.008182023019064002 1.342289734966516 0 0 0 0.44 142 146 161 137 175 148 274 247 351 170 448 117 481 870 493 173 
943 -0.2130035316189867 -0.00846290976081555 1.3405636850660834 0 0 0 0.26 141 156 161 138 274 248 313 124 351 171 481 871 
944 -0.20005147439620694 -0.01312390894635635 1.3311132706086202 0 0 0 0.34 205 55 274 249 278 337 313 125 456 24 481 872 
945 -0.19131395794019887 -0.035099872738883015 1.3161108230507335 0 0 0 0.42 110 148 443 68 481 873 
946 -0.19981285058514212 -0.11303432519690328 1.272467724789929 0 0 0 0.28 114 115 161 139 175 149 274 250 288 76 447 213 448 118 481 874 
947 -0.16549397292519563 -0.014315343471540459 1.2951503748826485 0 0 0 0.31 114 116 278 338 288 77 447 214 481 875 493 174 
948 -0.11214146398987958 0.015406070533071128 1.1693573482626431 0 0 0 0.33 288 78 313 126 481 876 
949 -0.07936633522571652 -0.13142634413500856 1.1512812320022339 0 0 0 0.3 205 56 278 339 288 79 481 877 
950 -0.06385463100403062 0.06961582745204327 1.2060575173161932 0 0 0 0.24 351 172 448 119 481 878 
951 -0.162933840182619 0.3263846909874168 0.09802640265398427 0 0 0 0.33 110 149 401 50 481 879 
952 -0.023731131001793738 -0.021764854729558917 0.930475483635072 0 0 0 1.77 141 157 481 880 493 175 
953 -0.14570638893787327 0.27881138797773797 0.051879469446030765 0 0 0 0.69 110 150 343 94 481 881 
954 0.039178840155237156 0.12997858926052316 1.003724487591254 0 0 0 0.25 110 151 146 85 481 882 
955 0.0339810965788842 -0.017776157256960166 0.9277353004652139 0 0 0 0.23 274 251 481 883 494 14 
956 -0.1428321801861449 0.2600147989131614 0.04454140721916022 0 0 0 0.51 110 152 175 150 481 884 
957 -0.11173881193016791 0.2998817939662633 0.0660264397443642 0 0 0 0.08 110 153 447 215 481 885 
958 -0.11883218330035325 0.2837552409313328 0.061522856343415804 0 0 0 0.31 110 154 146 86 443 69 481 886 
959 -0.09195798355878262 0.20113401157506683 0.1705187633211607 0 0 0 0.39 110 155 205 57 481 887 
960 -0.09095012793268654 0.3297286432641535 0.07099692483732686 0 0 0 0.51 110 156 112 74 114 117 343 95 481 888 
961 -0.10613454637686705 0.2905719778072411 0.058991928745163714 0 0 0 0.17 110 157 343 96 447 216 481 889 
962 -0.09786976602301238 0.2679939469430722 0.04182375088343921 0 0 0 0.22 110 158 161 140 447 217 
963 -0.024897288679405254 0.12075161515113024 0.3309357299152416 0 0 0 0.47 112 75 142 147 278 340 351 173 481 890 493 176 
964 -0.0768999979239931 0.326827285612241 0.06536132705396379 0 0 0 0.23 114 118 146 87 481 891 
965 -0.03625967902350505 0.2859737796323486 0.021253767419949155 0 0 0 0.28 110 159 205 58 343 97 447 218 
966 0.015281889957776067 0.2143019605147617 0.11581650509310382 0 0 0 1.68 112 76 481 892 493 177 
967 -0.026258669060772323 0.35206863951976247 -0.022303167022148816 0 0 0 1.0 112 77 114 119 343 98 481 893 
968 -0.006425189013946041 0.28447279876494047 0.0030980616590020357 0 0 0 0.46 161 141 175 151 481 894 493 178 
969 0.20559102396770093 -0.03510752315789813 0.5608193275668127 0 0 0 0.52 205 59 333 29 481 895 
970 -0.36134790125572647 -0.08062509956160822 1.4412333744655874 0 0 0 0.71 175 152 274 252 278 341 481 896 
971 -0.28787957194092745 -0.08621844840079097 1.363727477443576 0 0 0 0.29 274 253 343 99 439 125 481 897 
972 -0.20459215167214231 -0.03199835297834315 1.326287566180276 0 0 0 0.48 110 160 443 70 481 898 
973 -0.1813521050109936 -0.03640657248280597 1.2913176606781156 0 0 0 0.26 141 158 274 254 278 342 288 80 313 127 481 899 
974 -0.14844074820040767 -0.02318980299141474 1.2717232091221982 0 0 0 0.59 175 153 278 343 448 120 481 900 
975 -0.17530432338583443 0.26944169871186086 0.06910705508283174 0 0 0 0.64 110 161 175 154 481 901 
976 -0.15612884305705288 0.33133113970353223 0.10066087821274046 0 0 0 0.46 110 162 278 344 481 902 
977 -0.14784295963217803 0.25686799215075 0.04661645349109919 0 0 0 0.35 110 163 112 78 274 255 447 219 493 179 
978 -0.1531473250333584 0.43929426315480363 -0.017092494424626188 0 0 0 0.89 112 79 175 155 481 903 
979 -0.13906912106395394 0.3953645735929043 0.035081277523704796 0 0 0 0.1 110 164 443 71 481 904 
980 -0.12363601030362413 0.3364069306963383 0.08322122714033252 0 0 0 0.18 110 165 447 220 481 905 
981 -0.13467484039210237 0.41941146902465476 0.017709455205353244 0 0 0 1.06 112 80 114 120 175 156 481 906 
982 -0.1183272730237731 0.3336864362127158 0.08468513631977663 0 0 0 0.36 110 166 112 81 146 88 443 72 481 907 
983 -0.11680808255031376 0.30034225740461806 0.07001912780389707 0 0 0 0.17 110 167 112 82 114 121 278 345 401 51 481 908 
984 -0.10907511698433574 0.3889732196597016 0.034395695940292834 0 0 0 0.28 114 122 161 142 481 909 
985 -0.10569121199953666 0.3893413377653738 0.03249655033247867 0 0 0 0.07 110 168 401 52 481 910 
986 -0.10239349681582444 0.3909473523891597 0.03551901364873187 0 0 0 0.48 114 123 142 148 161 143 481 911 
987 -0.10239349681582444 0.3909473523891597 0.03551901364873187 0 0 0 0.48 114 124 142 149 161 144 481 912 
988 -0.09154276430432398 0.3532976385686995 0.071723270979634 0 0 0 0.59 114 125 175 157 481 913 
989 -0.09772704812295326 0.24311090594813276 0.07945848386316992 0 0 0 0.21 110 169 112 83 114 126 481 914 
990 -0.08387641652925888 0.27509369520069327 0.043460670125176536 0 0 0 0.23 110 170 146 89 278 346 384 63 443 73 447 221 481 915 
991 -0.0793399524020188 0.27971278636107716 0.041470937782033174 0 0 0 0.07 110 171 278 347 481 916 
992 -0.02479269687832209 0.1522687348311795 0.2683564500999619 0 0 0 0.33 110 172 141 159 447 222 481 917 
993 -0.056751659072870046 0.3464891194303713 0.07001763963011752 0 0 0 0.45 110 173 112 84 175 158 
994 -0.07532069819879952 0.27724434891107796 0.04005296485903311 0 0 0 0.27 110 174 384 64 481 918 
995 0.28328627965079467 -0.3134283503143884 1.099448278561441 0 0 0 0.92 112 85 141 160 351 174 481 919 493 180 
996 0.1711531533094746 -0.03579304864941372 0.5998672268079667 0 0 0 1.16 141 161 274 256 481 920 493 181 
997 -0.07210478310808029 0.526488752420515 -0.10136433893687988 0 0 0 0.4 114 127 274 257 481 921 
998 -0.0029891127851243205 0.26761681987799657 -0.02919246595546673 0 0 0 1.05 146 90 175 159 481 922 493 182 
999 6.648882310729127e-05 0.2687275271667905 -0.032599568602078584 0 0 0 0.55 274 258 481 923 493 183 
1000 -0.4738989665056398 -0.09778362472461104 1.5299128928452577 0 0 0 0.92 142 150 274 259 481 924 
1001 -0.3744888359038165 -0.04038461452979356 1.4565634039542374 0 0 0 0.88 141 162 161 145 278 348 447 223 481 925 
1002 -0.34709807029192585 0.0012154145774442736 1.4775138069098768 0 0 0 0.39 161 146 439 126 448 121 481 926 
1003 -0.2626429449412403 -0.023048665234685847 1.3764059526081935 0 0 0 0.43 114 128 313 128 481 927 
1004 -0.055019514700697825 -0.1739469335358167 1.133265577070527 0 0 0 0.68 114 129 351 175 447 224 481 928 493 184 
1005 -0.16546771988800912 0.2435742219894729 0.10795748796596527 0 0 0 0.49 110 175 141 163 274 260 481 929 
1006 -0.15065205352470448 0.26693224814995603 0.04385087579833725 0 0 0 0.11 110 176 112 86 481 930 
1007 -0.12815121572722377 0.3483715269611602 0.08730109262445154 0 0 0 0.17 110 177 278 349 481 931 
1008 -0.13163618515228284 0.2626144374179058 0.0484618152996948 0 0 0 0.43 110 178 278 350 481 932 
1009 -0.13295513843389953 0.23158977599364572 0.09169444912339775 0 0 0 0.81 110 179 447 225 481 933 
1010 -0.10804267771297106 0.21677421225907736 0.12358336066006381 0 0 0 0.18 110 180 112 87 114 130 447 226 481 934 
1011 -0.12238311915450001 0.267466119967239 0.0513824265511266 0 0 0 0.11 110 181 443 74 481 935 
1012 -0.09781734017565036 0.31603208960075324 0.06809067101328084 0 0 0 0.62 110 182 401 53 481 936 
1013 -0.08110135421021918 0.27218475125103325 0.04120292484850601 0 0 0 0.25 110 183 343 100 481 937 
1014 0.10813790429024787 -0.05227337816498367 0.6615348852518195 0 0 0 0.54 110 184 384 65 481 938 
1015 -0.04288830405646142 0.35394473055458214 0.05636239492220309 0 0 0 0.37 114 131 146 91 173 19 
1016 -0.08446628944774104 0.5271823103628437 -0.09275869139417754 0 0 0 0.62 114 132 274 261 481 939 
1017 -0.06918978546499055 0.49810968265599387 -0.03690819536183166 0 0 0 1.19 175 160 274 262 481 940 
1018 -0.0580710246795679 0.1193418504642765 1.2826760117118645 0 0 0 0.55 447 227 481 941 493 185 
1019 -0.1572610386351485 0.2365271274388948 0.11625109374317211 0 0 0 0.31 110 185 447 228 481 942 
1020 -0.13527650653140905 0.2296468459497981 0.09385944649216414 0 0 0 0.44 110 186 175 161 278 351 443 75 447 229 481 943 
1021 0.029594664943504316 0.028677676989035162 0.9468054162679942 0 0 0 1.01 278 352 343 101 448 122 481 944 
1022 -0.1388635319801562 0.263786618896909 0.04569811881711442 0 0 0 0.93 110 187 114 133 141 164 481 945 
1023 -0.12231140846280228 0.34261850554868334 0.08208908492047487 0 0 0 0.53 110 188 112 88 146 92 481 946 
1024 -0.09086081699184699 0.29620962981621 0.058934223441289346 0 0 0 0.27 110 189 146 93 278 353 443 76 481 947 
1025 -0.003348880291040384 0.10633753360495928 0.3665136690054212 0 0 0 0.85 142 151 274 263 481 948 
1026 -0.0812300505125713 0.3460232854672507 0.07015050138956673 0 0 0 0.51 110 190 401 54 481 949 
1027 -0.20260767912694572 -0.136532414882503 1.27013660894782 0 0 0 0.23 110 191 443 77 481 950 
1028 -0.06110139150971282 -0.1856941768162526 1.1288619595388356 0 0 0 0.54 110 192 141 165 274 264 351 176 443 78 
1029 -0.1652235011250284 0.22564519873798383 0.14674907509969662 0 0 0 0.93 110 193 112 89 481 951 
1030 -0.16183269251145965 0.41278345644770403 0.16153913377553059 0 0 0 0.85 110 194 112 90 161 147 
1031 -0.15859207444452078 0.44563465660981 -0.0014731680621524294 0 0 0 0.89 112 91 141 166 142 152 146 94 481 952 493 186 
1032 -0.18372858754644117 0.24127713057400102 0.11951758158275749 0 0 0 0.47 110 195 141 167 481 953 
1033 -0.17412078538212727 0.4020179961063233 0.14490614327744633 0 0 0 0.85 110 196 401 55 481 954 
1034 -0.14174179938686238 0.3333873291406172 0.07809574167912386 0 0 0 0.93 114 134 481 955 493 187 
1035 -0.13357757642416193 0.6038462034229465 0.04820343648747361 0 0 0 0.96 112 92 114 135 141 168 161 148 481 956 493 188 
1036 -0.1327971772646707 0.4211798004486482 0.013407694727389063 0 0 0 0.4 112 93 114 136 481 957 493 189 
1037 -0.12208584756709767 0.3462060362718842 0.06493791150924866 0 0 0 0.52 110 197 112 94 146 95 447 230 481 958 
1038 -0.12048932698999595 0.35184723291962283 0.04734490149927324 0 0 0 0.75 274 265 278 354 481 959 493 190 
1039 -0.06643160660368953 0.50682134825944 -0.06073412570274904 0 0 0 0.35 142 153 146 96 274 266 481 960 
1040 -0.024525561893749086 0.4335879535628852 0.0066818526898550544 0 0 0 1.01 142 154 481 961 493 191 
1041 -0.4308819061114048 -0.059986183086877774 1.5064142922934514 0 0 0 1.39 142 155 161 149 274 267 343 102 439 127 447 231 481 962 493 192 
1042 -0.1592446521234858 0.24549072919151524 0.0937346437024207 0 0 0 0.72 110 198 112 95 481 963 
1043 -0.10843893815657725 0.23369517602973425 0.10204349506557163 0 0 0 0.45 110 199 481 964 493 193 
1044 0.028796274471736247 0.1961139589253975 0.13887078715149667 0 0 0 0.93 274 268 278 355 384 66 
1045 -0.11135165562623363 0.0381002592249408 1.2680058630143618 0 0 0 0.69 114 137 274 269 447 232 481 965 
1046 -0.15127422350923878 -0.08441826224433609 1.2250760753550116 0 0 0 0.45 110 200 439 128 443 79 448 123 
1047 -0.12426833278469025 0.38083723473916675 0.021340613979399486 0 0 0 1.67 114 138 142 156 481 966 
1048 -0.20912128298836183 0.05003623961151217 1.384492192897298 0 0 0 1.16 439 129 447 233 481 967 493 194 
1049 -0.13164872438921135 0.08131545411027258 1.3353034157924817 0 0 0 0.78 447 234 481 968 493 195 
1050 -0.1452188847907335 0.6142580765640476 0.06693987142932317 0 0 0 0.17 112 96 161 150 481 969 
1051 -0.16366232179823978 0.4538387488794369 0.009047827913616364 0 0 0 0.69 112 97 146 97 481 970 
1052 -0.11674781859305551 0.30053936401614445 0.07056559442283108 0 0 0 0.36 112 98 141 169 146 98 161 151 443 80 481 971 
1053 -0.10763435827792645 0.27128949905795896 0.0485346527040877 0 0 0 0.55 112 99 343 103 447 235 481 972 
1054 0.2890070515539428 -0.41172367235723123 1.3763660307728105 0 0 0 0.49 278 356 313 129 448 124 481 973 
1055 0.28933937910043583 -0.4116541313020315 1.3769945585249792 0 0 0 0.6 278 357 313 130 448 125 481 974 
1056 -0.08533920777787707 0.5403835360615465 -0.11705420114652626 0 0 0 0.46 112 100 141 170 142 157 274 270 481 975 
1057 -0.06699485663086789 0.5052773523662646 -0.05762584862148946 0 0 0 0.53 112 101 146 99 481 976 
1058 -0.03164475705498382 0.3039634475362879 0.03074898816951347 0 0 0 0.25 112 102 447 236 481 977 
1059 -0.07138088173053528 0.5321337424009691 -0.10870164824957136 0 0 0 0.34 112 103 142 158 274 271 481 978 
1060 -0.20321582106498517 -0.23508246833226293 1.4881196261608136 0 0 0 0.62 175 162 278 358 481 979 
1061 0.10496582756245945 -0.05313207059068086 0.6647133991347309 0 0 0 0.83 112 104 384 67 456 25 
1062 0.12136616897076243 -0.08551427928521806 0.74438154828342 0 0 0 1.01 112 105 175 163 288 81 333 30 
1063 0.046786714743616606 -0.029439300113856082 0.9180225893623009 0 0 0 0.07 278 359 447 237 481 980 
1064 -0.12084685077433409 0.2957242120672228 0.06743768744231125 0 0 0 0.32 112 106 114 139 481 981 
1065 -0.027919240967792316 0.1847674724449772 0.19767250200090866 0 0 0 0.43 112 107 278 360 384 68 481 982 
1066 0.27088122081520777 -0.13974677796941581 0.7776279804586959 0 0 0 1.55 142 159 161 152 274 272 481 983 
1067 -0.16052609993626435 0.21756415297629197 0.1638254300678544 0 0 0 0.36 112 108 141 171 274 273 481 984 
1068 0.10323449459130857 0.035700551531534216 0.46503582020542755 0 0 0 0.25 274 274 351 177 481 985 
1069 -0.03420189062856022 -0.20688018011257958 1.1623869259249906 0 0 0 0.49 274 275 278 361 288 82 481 986 
1070 -0.1466356587589741 0.22723931148728552 0.12712835495276997 0 0 0 0.51 112 109 141 172 481 987 
1071 -0.07283906958101063 0.5046995370189539 -0.04730062633584834 0 0 0 0.8 112 110 141 173 146 100 274 276 481 988 
1072 -0.06377966141825182 -0.007760532497542525 0.9733853228732108 0 0 0 0.25 114 140 448 126 456 26 481 989 493 196 
1073 -0.027698116564878823 0.12760660184224396 0.318840784002127 0 0 0 0.28 114 141 205 60 481 990 
1074 -0.30931071221538525 -0.10774177176266161 1.3629712041998383 0 0 0 0.35 114 142 481 991 493 197 
1075 0.008593565449304588 0.08918371315524365 0.9637252720556021 0 0 0 0.34 114 143 401 56 481 992 493 198 
1076 -0.05107709924004748 0.41266558592048047 0.02271797426365681 0 0 0 0.25 114 144 173 20 401 57 
1077 -0.010511591192373337 0.4110996069866027 0.005548538043563681 0 0 0 0.43 114 145 161 153 481 993 
1078 -0.02278948430580595 0.3694016330879363 -0.014258765498457808 0 0 0 0.32 114 146 481 994 493 199 
1079 -0.12864785018794112 0.45571675245111 -0.011131133070557103 0 0 0 0.8 114 147 146 101 481 995 
1080 -0.059245880479766755 0.3343125214457356 0.0662144425815658 0 0 0 1.55 114 148 274 277 481 996 
1081 -0.1231024977654719 0.30118134121265266 0.06990343346434265 0 0 0 0.19 114 149 146 102 481 997 
1082 -0.14888785449199413 0.28613718503930596 0.05494938624270195 0 0 0 0.58 114 150 278 362 447 238 481 998 
1083 -0.01254682212381147 0.36617667929165426 -0.04131049451367661 0 0 0 0.99 114 151 481 999 493 200 
1084 -0.04868285367386544 0.39756183562040537 0.017131279348186406 0 0 0 0.98 114 152 161 154 274 278 481 1000 
1085 -0.049691241698499235 0.4164749756729267 0.0175924901838809 0 0 0 0.47 114 153 274 279 351 178 481 1001 493 201 
1086 -0.17153238205057744 -0.007477523627556459 1.3041215872185157 0 0 0 0.27 141 174 175 164 205 61 343 104 481 1002 
1087 -0.133138479091205 -0.05801452688598628 1.2349586265425567 0 0 0 0.29 141 175 278 363 447 239 481 1003 
1088 -0.15683763058372416 0.23284059036424648 0.1284785241055417 0 0 0 0.67 141 176 175 165 481 1004 
1089 -0.03972281849149922 0.23028821746122474 0.08547069638796843 0 0 0 0.33 141 177 146 103 481 1005 
1090 -0.07849475209950074 0.5086627675097528 -0.056846107907595006 0 0 0 0.45 141 178 146 104 481 1006 493 202 
1091 0.08049241581981098 0.13350387977290334 0.2332756663464791 0 0 0 1.55 141 179 175 166 481 1007 
1092 -0.4781904742903049 -0.11544721005410413 1.5267522406325182 0 0 0 1.25 141 180 439 130 481 1008 
1093 -0.14411984912738435 0.24641494637676128 0.05272647971842949 0 0 0 0.28 278 364 384 69 447 240 481 1009 
1094 -0.13782668800938414 0.2286085376342255 0.11419014395868247 0 0 0 0.11 141 181 351 179 481 1010 
1095 0.04185617456891142 0.13657204955333446 1.0053339431644377 0 0 0 0.45 141 182 278 365 481 1011 
1096 -0.108245980697942 0.32500287961596697 0.06826974415896786 0 0 0 0.18 141 183 443 81 481 1012 
1097 -0.09859784453167732 0.25623285039619287 0.049241928174486686 0 0 0 0.59 278 366 384 70 481 1013 
1098 -0.08291562207715929 0.5553879006947786 -0.1438849968718409 0 0 0 0.46 141 184 481 1014 493 203 
1099 0.06296101005487513 0.14452843842338509 0.2240789092067004 0 0 0 0.22 141 185 481 1015 493 204 
1100 -0.05416991904268892 0.17497133391034086 1.0828735280186963 0 0 0 0.54 141 186 274 280 278 367 313 131 384 71 481 1016 
1101 -0.14288344519252372 0.22637643463671145 0.13502505253708785 0 0 0 0.51 141 187 142 160 481 1017 
1102 -0.11044201846735605 0.3281813432425235 0.07111804267994892 0 0 0 0.57 141 188 146 105 351 180 443 82 481 1018 
1103 0.006186026920683624 0.1850300037267293 0.18349912551151637 0 0 0 0.82 141 189 146 106 278 368 384 72 481 1019 
1104 -0.06757130932558492 0.5466213515448746 -0.13984543681140796 0 0 0 0.43 141 190 274 281 481 1020 
1105 -0.06757130932558492 0.5466213515448746 -0.13984543681140796 0 0 0 0.43 141 191 274 282 481 1021 
1106 -0.061222660752719996 0.5464750672384212 -0.14346338744660483 0 0 0 0.39 141 192 274 283 481 1022 
1107 -0.29937745680009875 -0.09404806322554655 1.5606810315662387 0 0 0 1.77 439 131 481 1023 493 205 
1108 -0.13402176341777214 0.25987669694045984 0.051221142018210195 0 0 0 0.07 205 62 401 58 481 1024 
1109 -0.03529295668155226 0.1432266509672108 1.3094127298660545 0 0 0 0.33 141 193 278 369 481 1025 
1110 -0.16467158030967888 0.2537995258238994 0.08597996400890054 0 0 0 0.61 141 194 351 181 481 1026 
1111 -0.15092557795458897 0.23653473343723977 0.11965594474081036 0 0 0 0.34 141 195 401 59 481 1027 
1112 -0.16190951971269138 0.21322120913487816 0.17212349677533942 0 0 0 0.84 141 196 142 161 274 284 447 241 481 1028 
1113 0.028453732985553235 0.0818547511465897 0.5619190733478625 0 0 0 1.43 274 285 481 1029 
1114 0.06487930721223702 0.1002973497262003 0.3531343922617328 0 0 0 0.07 141 197 456 27 481 1030 
1115 0.07902244529039626 0.11000185649752686 0.3327039171738225 0 0 0 0.8 141 198 278 370 481 1031 
1116 -0.06572846811434489 0.5490598448969511 -0.14559885268151154 0 0 0 0.39 141 199 274 286 481 1032 
1117 -0.3972236480248331 -0.06708623875239472 1.4773856820479427 0 0 0 0.18 142 162 343 105 481 1033 
1118 -0.09560785961346711 0.25397712720313725 0.05049028349985318 0 0 0 0.26 142 163 274 287 481 1034 
1119 0.19187685609912217 -0.14527972842885015 0.8164282772287311 0 0 0 1.22 142 164 278 371 313 132 333 31 481 1035 
1120 -0.1923802757399129 0.08454525120289934 1.3866863516977583 0 0 0 0.45 142 165 351 182 447 242 481 1036 
1121 -0.010050506067309293 0.11264400953060524 0.35083136876303517 0 0 0 0.49 142 166 481 1037 493 206 
1122 -0.06588713084129999 0.18683622085727614 0.20799606232805098 0 0 0 0.11 142 167 205 63 481 1038 
1123 -0.12298964176506451 0.34511778079279476 -0.36798859404799145 0 0 0 1.21 142 168 274 288 481 1039 
1124 -0.10971832727858212 0.2668187303660121 0.04625233189433743 0 0 0 0.23 146 107 443 83 481 1040 
1125 -0.08226300480641019 0.2769748544801126 0.04339473422078857 0 0 0 0.21 146 108 384 73 481 1041 
1126 0.2087664870313496 -0.28945729602692183 1.1227537124199118 0 0 0 0.41 278 372 313 133 481 1042 
1127 -0.0387646065171068 0.2879614785395782 0.025532859144035913 0 0 0 0.72 146 109 175 167 481 1043 
1128 -0.11303077534812112 0.3141372274827088 0.062416223721253515 0 0 0 0.16 146 110 278 373 481 1044 
1129 -0.08974456542188868 0.3017567813875979 0.05133947902201803 0 0 0 0.12 146 111 278 374 481 1045 
1130 -0.09076054537848773 0.2456636235105104 0.06982187976355404 0 0 0 0.51 146 112 161 155 481 1046 
1131 -0.03848314392797551 0.3657736981642593 -0.007735976485157104 0 0 0 0.3 146 113 274 289 481 1047 
1132 -0.051472492957035335 0.2819204708880331 0.03328377967676728 0 0 0 0.47 146 114 443 84 481 1048 
1133 -0.10796791270368124 0.3104005290750081 0.06600201196169314 0 0 0 0.39 146 115 175 168 278 375 443 85 481 1049 
1134 -0.09446818484848886 0.392704378353099 0.027180335945133947 0 0 0 1.49 146 116 401 60 481 1050 
1135 -0.5044149076164777 -0.09672381263004741 1.593757835939153 0 0 0 0.3 161 156 351 183 481 1051 493 207 
1136 -0.1806791215078688 0.0006244604623513704 1.311041373891739 0 0 0 0.22 161 157 278 376 351 184 481 1052 
1137 -0.15252787758147227 0.011582039810141677 1.2857649128295752 0 0 0 0.42 161 158 443 86 448 127 
1138 -0.09734261078290876 0.06263078384817974 1.2845431809528802 0 0 0 0.31 161 159 448 128 481 1053 
1139 -0.13410828788285256 -0.08343738836425481 1.2251857001949378 0 0 0 0.35 161 160 313 134 343 106 448 129 481 1054 
1140 -0.13769194996998435 0.30268643343009943 0.05889467581661879 0 0 0 0.26 278 377 351 185 443 87 481 1055 
1141 -0.38457385174888953 -0.044939015836282466 1.46589780312769 0 0 0 1.66 448 130 481 1056 
1142 -0.29366371023466326 -0.08038072947043498 1.357932368853511 0 0 0 0.26 161 161 439 132 481 1057 
1143 -0.2770377277826707 -0.04614420782198099 1.0757594531187882 0 0 0 2.14 161 162 481 1058 
1144 -0.19037931145653514 -0.04143539173867053 1.29982818583026 0 0 0 0.5 175 169 343 107 351 186 481 1059 
1145 -0.1707741374510701 0.39189033944976415 0.1375466718520353 0 0 0 0.87 278 378 351 187 401 61 481 1060 
1146 -0.0799823907319779 0.026096368050754406 1.1833511746613559 0 0 0 0.58 161 163 448 131 481 1061 
1147 -0.36445028701513127 -0.16719024865507426 1.5294943891297017 0 0 0 0.91 278 379 288 83 313 135 481 1062 
1148 -0.22101454017378455 0.014183285713852658 1.3878918007120309 0 0 0 1.1 175 170 401 62 481 1063 
1149 -0.1741959003701136 -0.0037912247928502687 1.3029014829081058 0 0 0 0.3 175 171 278 380 288 84 313 136 481 1064 
1150 -0.1709048298941238 -0.04968931421664807 1.2875984195461558 0 0 0 0.71 175 172 343 108 439 133 481 1065 
1151 -0.13049443953608622 -0.13070236197255414 1.2226333509431078 0 0 0 1.01 175 173 278 381 481 1066 
1152 -0.05953987306290122 -0.22005574265527184 1.1854496500355869 0 0 0 0.4 274 290 351 188 443 88 
1153 -0.03423938931202267 0.03144026707391891 0.9836578703667146 0 0 0 0.76 175 174 448 132 481 1067 
1154 0.02745087289784789 0.08319582182877813 0.40392235902763557 0 0 0 0.76 175 175 313 137 481 1068 
1155 -0.026211570474152623 0.36635182902186264 -0.013774647425813405 0 0 0 0.53 175 176 481 1069 493 208 
1156 -0.13137421085396753 0.07714120187740042 1.3306907600039177 0 0 0 0.84 175 177 343 109 481 1070 
1157 -0.03674674142601638 0.1623888006280726 1.0480485777338926 0 0 0 0.89 278 382 313 138 401 63 481 1071 
1158 0.08606035227040845 0.029494101396022238 0.4404556922886996 0 0 0 1.77 351 189 447 243 481 1072 
1159 -0.002320918956243034 0.20461786455477676 0.11633807540122738 0 0 0 0.68 175 178 351 190 481 1073 
1160 -0.11490549449410292 -0.04970286027370013 1.2156753548050676 0 0 0 0.48 175 179 278 383 288 85 343 110 481 1074 
1161 0.03838003167337369 0.17694938094538187 0.16779594693364017 0 0 0 0.81 175 180 274 291 481 1075 
1162 0.0405654630853704 -0.03163942168651473 0.9197636126221055 0 0 0 0.63 175 181 274 292 278 384 447 244 481 1076 
1163 0.1136065896146009 -0.20019357683741884 0.9734761433418746 0 0 0 1.94 175 182 439 134 481 1077 
1164 -0.10551546327843578 0.2811007534096571 0.05208063037991877 0 0 0 0.52 175 183 274 293 481 1078 
1165 0.0012585624118894205 0.18094301066733376 0.22919878697352908 0 0 0 1.34 175 184 278 385 343 111 
1166 -0.3346601436112851 -0.06750332911607813 1.4247740353288274 0 0 0 1.23 175 185 278 386 343 112 448 133 481 1079 
1167 -0.3384102118542652 -0.029387540888257326 1.429451111565311 0 0 0 0.19 274 294 278 387 351 191 447 245 481 1080 493 209 
1168 -0.16222241340522012 -0.09437202424360133 1.24556239799118 0 0 0 0.37 313 139 343 113 351 192 439 135 481 1081 493 210 
1169 0.05551490958714718 0.05653554292367085 0.4495512416053122 0 0 0 0.45 205 64 456 28 481 1082 
1170 -0.11835248375938914 0.09516038438436633 1.3261726112694872 0 0 0 0.59 205 65 343 114 481 1083 
1171 -0.039303244225053366 -0.22203431778497093 1.2047954256909676 0 0 0 1.29 205 66 384 74 443 89 
1172 -0.33240245423814674 -0.1852943246623648 1.4735000511895373 0 0 0 0.5 205 67 313 140 481 1084 
1173 -0.41835175653459905 -0.1413361772046892 2.175379444741744 0 0 0 0.72 205 68 313 141 481 1085 
1174 -0.26701690823751645 -0.20457415381020141 1.4430663647539523 0 0 0 0.56 205 69 278 388 481 1086 
1175 0.1138280545550226 0.03608995246598775 0.45180986529407596 0 0 0 0.34 205 70 351 193 384 75 
1176 -0.11739911763489484 0.26027880903827516 0.04624817637952178 0 0 0 0.31 205 71 278 389 351 194 384 76 481 1087 
1177 -0.03851470854688952 0.2075746614919105 0.15302096387878908 0 0 0 0.36 205 72 274 295 481 1088 
1178 -0.054919363027232194 0.2286680311090719 0.0952341891793814 0 0 0 0.26 205 73 278 390 384 77 481 1089 
1179 -0.10949032613376242 0.2669844592696187 0.04680633294407043 0 0 0 0.25 278 391 343 115 443 90 447 246 481 1090 
1180 0.07809801130116484 0.11646039809274643 0.28026554626603184 0 0 0 0.26 448 134 481 1091 493 211 
1181 -0.15300445938790155 0.3564847930181848 0.11314282331030147 0 0 0 0.16 278 392 447 247 481 1092 
1182 -0.14404329164054225 0.4387608825956824 -0.026720074308459515 0 0 0 1.8 274 296 481 1093 493 212 
1183 -0.1383892181144579 0.4191571310537765 0.0451359259187251 0 0 0 0.16 274 297 443 91 481 1094 
1184 -0.09211672354297218 -0.10093543142277607 1.1763655732652991 0 0 0 0.58 274 298 278 393 288 86 343 116 439 136 447 248 481 1095 
1185 -0.05427409045934096 0.4857395242849487 -0.050621644869608066 0 0 0 1.02 274 299 351 195 481 1096 493 213 
1186 -0.3325488222950853 0.011421675230482965 1.4591245433954447 0 0 0 0.21 278 394 439 137 481 1097 
1187 -0.29604471686235595 0.029607749984762476 1.429667255866821 0 0 0 0.38 278 395 447 249 481 1098 493 214 
1188 -0.190609006984914 -0.03298476582676223 1.2974871674668875 0 0 0 0.13 278 396 343 117 481 1099 
1189 -0.12706244276731374 0.26843354973041456 0.05089062674482452 0 0 0 0.33 278 397 343 118 481 1100 
1190 -0.2644504364385948 0.03327548349878223 1.4176335490431542 0 0 0 0.39 278 398 343 119 481 1101 493 215 
1191 -0.1908877626219039 -0.024336252723982387 1.308828481126704 0 0 0 0.45 278 399 343 120 448 135 481 1102 
1192 -0.1508922116720042 -0.1161809318690593 1.232932587859969 0 0 0 0.2 278 400 343 121 481 1103 
1193 -0.11291679954672867 0.021532193719492713 1.2501754330020574 0 0 0 0.58 278 401 439 138 481 1104 
1194 -0.15076005666262485 0.26130090093316455 0.04637209212068305 0 0 0 0.41 278 402 384 78 447 250 481 1105 
1195 0.007290803756137158 0.12667753781696445 1.016944853351841 0 0 0 0.17 278 403 288 87 481 1106 
1196 0.02271223951223311 -0.07366250466704731 0.7887675357167103 0 0 0 0.12 278 404 313 142 481 1107 
1197 0.029456566584362874 -0.0935568617386601 0.7727344842117357 0 0 0 0.31 278 405 288 88 313 143 481 1108 
1198 0.20647866232901854 -0.033513150252487 0.5114764516659248 0 0 0 1.93 278 406 447 251 481 1109 
1199 -0.39330202380380236 -0.12892353077140542 1.4568006789080667 0 0 0 0.29 278 407 313 144 481 1110 
1200 -0.014668617668798723 -0.1840275746984523 1.1003179998481374 0 0 0 0.17 278 408 288 89 481 1111 
1201 -0.14514420160962896 0.22851237123117674 0.13504518216867628 0 0 0 0.43 278 409 313 145 481 1112 
1202 -0.09048529833558701 0.21875877158481097 0.12886073560131303 0 0 0 0.26 278 410 384 79 481 1113 
1203 0.15925380235968448 -0.20112012515291738 0.9574232368326994 0 0 0 0.37 278 411 288 90 481 1114 
1204 -0.047103589990854615 -0.20789292710843235 1.1842661462923796 0 0 0 0.33 278 412 288 91 481 1115 
1205 -0.12901338780970698 0.22438176688897837 0.09543466271808916 0 0 0 0.34 278 413 384 80 481 1116 
1206 0.026608461044018546 -0.06792448598043335 0.8990974452512793 0 0 0 0.13 278 414 288 92 481 1117 
1207 -0.10741716645738573 0.2108746056912008 0.13251293861231866 0 0 0 0.08 278 415 384 81 481 1118 
1208 -0.09849177096743016 0.2522708243280433 0.05720496451608732 0 0 0 0.29 278 416 384 82 481 1119 
1209 0.09884206952511672 -0.269137456318816 1.1276512598957622 0 0 0 0.45 278 417 288 93 481 1120 
1210 0.11226395370276934 0.060378902945112264 0.37588555348763364 0 0 0 0.82 278 418 447 252 481 1121 
1211 -0.0711960950377346 -0.2900769823588656 1.4660230117129478 0 0 0 0.63 288 94 313 146 481 1122 
1212 0.04233150928259424 -0.17438492173523312 1.0221130066087143 0 0 0 0.25 288 95 447 253 481 1123 
1213 -0.3188903414790527 -0.08973848256141294 1.38373087245276 0 0 0 0.2 343 122 481 1124 493 216 
1214 -0.1743321111487345 -0.07465837832863136 1.277810423615854 0 0 0 0.24 288 96 343 123 448 136 481 1125 
1215 0.07814070280957904 -0.022913014343970858 0.6110927311813051 0 0 0 0.94 333 32 481 1126 493 217 
1216 0.18052696575392171 -0.3460589822074611 1.276016204253836 0 0 0 0.23 288 97 447 254 481 1127 
1217 -0.38885749004810377 -0.1666853348060802 1.5650889814344335 0 0 0 0.27 288 98 313 147 481 1128 
1218 0.3904656515742712 -0.3057008639085394 0.9900833415183069 0 0 0 0.46 313 148 351 196 448 137 481 1129 
1219 -0.19627541275966892 -0.08619977762174123 1.2844486772298658 0 0 0 0.12 313 149 439 139 481 1130 
1220 0.023435246154341196 0.08615199264973102 0.399703050593032 0 0 0 0.62 333 33 447 255 481 1131 
1221 -0.04211901045328459 0.2887535072120972 0.026382443933491945 0 0 0 0.22 343 124 447 256 481 1132 
1222 -0.1427418903722506 0.3273090964175504 0.07617358585340941 0 0 0 0.66 343 125 443 92 481 1133 
1223 -0.11586807222368027 0.28928040401463856 0.0627466854564972 0 0 0 0.07 343 126 351 197 443 93 481 1134 
1224 -0.06370308206509875 0.30839612452760334 0.05201121023059142 0 0 0 0.21 343 127 447 257 481 1135 
1225 -0.06981509985291078 -0.06415416098968652 0.9895808180583763 0 0 0 0.59 384 83 443 94 481 1136 
1226 -0.028528409419703287 0.09689062062708707 0.33230532058312084 0 0 0 2.16 384 84 448 138 481 1137 
1227 -0.08590895181616758 0.27953766624205595 0.04370263842519801 0 0 0 0.36 384 85 447 258 481 1138 
1228 -0.06962893325556295 -0.008758851621709004 0.9753109319302667 0 0 0 0.39 401 64 439 140 448 139 456 29 481 1139 
1229 -0.08901479100296142 0.11888104742658975 1.3235165055792073 0 0 0 0.26 439 141 448 140 481 1140 
1230 -0.10123239131601948 -0.08664224600452856 1.1827012704047113 0 0 0 0.32 448 141 481 1141 493 218 
