{
    "merging_metrics": {
        "merge_success": 1.0,
        "merge_child_count": 0.0,
        "child_camera_counts": {
            "summary": {
                "min": null,
                "max": null,
                "median": null,
                "mean": null,
                "stddev": null
            },
            "full_data": []
        },
        "child_camera_overlap_with_parent": {
            "summary": {
                "min": null,
                "max": null,
                "median": null,
                "mean": null,
                "stddev": null
            },
            "full_data": []
        },
        "number_images_merged": 236.0,
        "number_cameras_merged": 44.0,
        "number_tracks_merged": 710.0,
        "3d_track_lengths_merged": {
            "summary": {
                "min": 3,
                "max": 30,
                "median": 4.0,
                "mean": 5.622535211267605,
                "stddev": 3.9401936458846825,
                "len": 710,
                "invalid": 0,
                "histogram": {
                    "3": 137,
                    "4": 88,
                    "5": 53,
                    "6": 41,
                    "7": 23,
                    "8": 20,
                    "9": 24,
                    "10": 12,
                    "11": 8,
                    "12": 6,
                    "13": 7,
                    "14": 5,
                    "15": 5,
                    "16": 6,
                    "17": 4,
                    "18": 0,
                    "19": 2,
                    "20": 3,
                    "21": 2,
                    "22": 0,
                    "23": 0,
                    "24": 0,
                    "25": 2,
                    "26": 0,
                    "27": 2,
                    "28": 0,
                    "29": 1
                }
            }
        },
        "reprojection_errors_merged_px": {
            "summary": {
                "min": 0.0018227044445791923,
                "max": 2.960562697438534,
                "median": 0.30492940283228054,
                "mean": 0.3636994859522131,
                "stddev": 0.27201563346687585,
                "len": 3992,
                "invalid": 0,
                "quartiles": {
                    "q0": 0.0018227044445791923,
                    "q1": 0.181067116791599,
                    "q2": 0.30492940283228054,
                    "q3": 0.4688579328828968,
                    "q4": 2.960562697438534
                }
            }
        },
        "rotation_angle_error_deg": {
            "summary": {
                "min": 0.0721055418252945,
                "max": 1.5656447410583496,
                "median": 0.30400216579437256,
                "mean": 0.39424705505371094,
                "stddev": 0.28847333788871765,
                "len": 44,
                "invalid": 0,
                "quartiles": {
                    "q0": 0.0721055418252945,
                    "q1": 0.19015312939882278,
                    "q2": 0.30400216579437256,
                    "q3": 0.48544755578041077,
                    "q4": 1.5656447410583496
                }
            }
        },
        "translation_error_distance": {
            "summary": {
                "min": 0.03164578229188919,
                "max": 0.5821175575256348,
                "median": 0.08827096223831177,
                "mean": 0.15385952591896057,
                "stddev": 0.1352248191833496,
                "len": 44,
                "invalid": 0,
                "quartiles": {
                    "q0": 0.03164578229188919,
                    "q1": 0.06171052344143391,
                    "q2": 0.08827096596360207,
                    "q3": 0.2099967636168003,
                    "q4": 0.5821175575256348
                }
            }
        },
        "relative_translation_angle_error_deg": {
            "summary": {
                "min": 0.035139549523591995,
                "max": 38.40809631347656,
                "median": 2.1020383834838867,
                "mean": 3.0719895362854004,
                "stddev": 3.6114206314086914,
                "len": 946,
                "invalid": 0,
                "quartiles": {
                    "q0": 0.035139549523591995,
                    "q1": 1.0918562412261963,
                    "q2": 2.1020383834838867,
                    "q3": 3.626881718635559,
                    "q4": 38.40809631347656
                }
            }
        },
        "translation_angle_error_deg": {
            "summary": {
                "min": 0.04841990768909454,
                "max": 5.952798366546631,
                "median": 0.8830243349075317,
                "mean": 1.222156047821045,
                "stddev": 1.0358737707138062,
                "len": 44,
                "invalid": 0,
                "quartiles": {
                    "q0": 0.04841990768909454,
                    "q1": 0.6234403252601624,
                    "q2": 0.8830243647098541,
                    "q3": 1.4555295407772064,
                    "q4": 5.952798366546631
                }
            }
        },
        "relative_rotation_angle_error_deg": {
            "summary": {
                "min": 0.03683578595519066,
                "max": 2.4211182594299316,
                "median": 0.4890364408493042,
                "mean": 0.5776805281639099,
                "stddev": 0.385214626789093,
                "len": 946,
                "invalid": 0,
                "quartiles": {
                    "q0": 0.03683578595519066,
                    "q1": 0.3158663734793663,
                    "q2": 0.4890364408493042,
                    "q3": 0.7159017026424408,
                    "q4": 2.4211182594299316
                }
            }
        },
        "pose_auc_@1.0_deg": 0.0742,
        "pose_auc_@2.5_deg": 0.2843,
        "pose_auc_@3.0_deg": 0.3407,
        "pose_auc_@5.0_deg": 0.5152,
        "pose_auc_@10.0_deg": 0.7208,
        "pose_auc_@20.0_deg": 0.8489,
        "pose_auc_constructed_only_@1.0_deg": 0.0742,
        "pose_auc_constructed_only_@2.5_deg": 0.2843,
        "pose_auc_constructed_only_@3.0_deg": 0.3407,
        "pose_auc_constructed_only_@5.0_deg": 0.5152,
        "pose_auc_constructed_only_@10.0_deg": 0.7208,
        "pose_auc_constructed_only_@20.0_deg": 0.8489,
        "focal_length_error_px": {
            "summary": {
                "min": 39.64202117919922,
                "max": 1036.6732177734375,
                "median": 236.09817504882812,
                "mean": 300.2949523925781,
                "stddev": 201.4732666015625,
                "len": 44,
                "invalid": 0,
                "quartiles": {
                    "q0": 39.64202117919922,
                    "q1": 152.2257957458496,
                    "q2": 236.09817504882812,
                    "q3": 462.0444107055664,
                    "q4": 1036.6732177734375
                }
            },