{
    "merging_metrics": {
        "merge_success": 1.0,
        "merge_child_count": 0.0,
        "child_camera_counts": {
            "summary": {
                "min": null,
                "max": null,
                "median": null,
                "mean": null,
                "stddev": null
            },
            "full_data": []
        },
        "child_camera_overlap_with_parent": {
            "summary": {
                "min": null,
                "max": null,
                "median": null,
                "mean": null,
                "stddev": null
            },
            "full_data": []
        },
        "number_images_merged": 21.0,
        "number_cameras_merged": 21.0,
        "number_tracks_merged": 681.0,
        "3d_track_lengths_merged": {
            "summary": {
                "min": 2,
                "max": 19,
                "median": 13.0,
                "mean": 11.944199706314244,
                "stddev": 4.787692185112069,
                "len": 681,
                "invalid": 0,
                "histogram": {
                    "2": 19,
                    "3": 32,
                    "4": 26,
                    "5": 26,
                    "6": 41,
                    "7": 54,
                    "8": 41,
                    "9": 36,
                    "10": 32,
                    "11": 19,
                    "12": 27,
                    "13": 38,
                    "14": 51,
                    "15": 81,
                    "16": 58,
                    "17": 93,
                    "18": 1
                }
            }
        },
        "reprojection_errors_merged_px": {
            "summary": {
                "min": 0.003534313787741763,
                "max": 2.991519763749732,
                "median": 0.48079169756818435,
                "mean": 0.6306243021583612,
                "stddev": 0.507012364172364,
                "len": 8134,
                "invalid": 0,
                "quartiles": {
                    "q0": 0.003534313787741763,
                    "q1": 0.28028125840632473,
                    "q2": 0.48079169756818435,
                    "q3": 0.8224376080562097,
                    "q4": 2.991519763749732
                }
            }
        },
        "rotation_angle_error_deg": {
            "summary": {
                "min": 0.12355078011751175,
                "max": 1.7710076570510864,
                "median": 0.5132266283035278,
                "mean": 0.6973320841789246,
                "stddev": 0.50193852186203,
                "len": 21,
                "invalid": 0,
                "quartiles": {
                    "q0": 0.12355078011751175,
                    "q1": 0.2880254089832306,
                    "q2": 0.5132266283035278,
                    "q3": 1.0484765768051147,
                    "q4": 1.7710076570510864
                }
            }
        },
        "translation_error_distance": {
            "summary": {
                "min": 0.0029976703226566315,
                "max": 0.05520661920309067,
                "median": 0.023204978555440903,
                "mean": 0.024071725085377693,
                "stddev": 0.01547273714095354,
                "len": 21,
                "invalid": 0,
                "quartiles": {
                    "q0": 0.0029976703226566315,
                    "q1": 0.010898319073021412,
                    "q2": 0.023204978555440903,
                    "q3": 0.03678790107369423,
                    "q4": 0.05520661920309067
                }
            }
        },
        "relative_translation_angle_error_deg": {
            "summary": {
                "min": 0.12038670480251312,
                "max": 36.6502799987793,
                "median": 0.5652965307235718,
                "mean": 1.0938868522644043,
                "stddev": 3.229222297668457,
                "len": 210,
                "invalid": 0,
                "quartiles": {
                    "q0": 0.12038670480251312,
                    "q1": 0.36405692249536514,
                    "q2": 0.5652965307235718,
                    "q3": 0.9154472351074219,
                    "q4": 36.6502799987793
                }
            }
        },
        "translation_angle_error_deg": {
            "summary": {
                "min": 0.008383771404623985,
                "max": 0.7330758571624756,
                "median": 0.33635413646698,
                "mean": 0.3086104691028595,
                "stddev": 0.23130212724208832,
                "len": 21,
                "invalid": 0,
                "quartiles": {
                    "q0": 0.008383771404623985,
                    "q1": 0.10320627689361572,
                    "q2": 0.33635413646698,
                    "q3": 0.5259377956390381,
                    "q4": 0.7330758571624756
                }
            }
        },
        "relative_rotation_angle_error_deg": {
            "summary": {
                "min": 0.1142527386546135,
                "max": 2.6309750080108643,
                "median": 1.0091018676757812,
                "mean": 0.9998811483383179,
                "stddev": 0.565665066242218,
                "len": 210,
                "invalid": 0,
                "quartiles": {
                    "q0": 0.1142527386546135,
                    "q1": 0.4709657281637192,
                    "q2": 1.0091018080711365,
                    "q3": 1.4185383915901184,
                    "q4": 2.6309750080108643
                }
            }
        },
        "pose_auc_@1.0_deg": 0.1275,
        "pose_auc_@2.5_deg": 0.5043,
        "pose_auc_@5.0_deg": 0.7418,
        "pose_auc_@10.0_deg": 0.866,
        "pose_auc_@20.0_deg": 0.9283,
        "focal_length_error_px": {
            "summary": {
                "min": 418.49420166015625,
                "max": 418.49420166015625,
                "median": 418.49420166015625,
                "mean": 418.49420166015625,
                "stddev": 0.0,
                "len": 21,
                "invalid": 0,
                "quartiles": {
                    "q0": 418.49420166015625,
                    "q1": 418.49420166015625,
                    "q2": 418.49420166015625,
                    "q3": 418.49420166015625,
                    "q4": 418.49420166015625
                }
            },
            "full_data": [
                418.49420166015625,
                418.49420166015625,
                418.49420166015625,
                418.49420166015625,
                418.49420166015625,
                418.49420166015625,
                418.49420166015625,
                418.49420166015625,
                418.49420166015625,
                418.49420166015625,
                418.49420166015625,
                418.49420166015625,
                418.49420166015625,
                418.49420166015625,
                418.49420166015625,
                418.49420166015625,
                418.49420166015625,
                418.49420166015625,
                418.49420166015625,
                418.49420166015625,
                418.49420166015625
            ]
        },
        "focal_length_error_pct": {
            "summary": {
                "min": 53.71260070800781,
                "max": 53.71260070800781,
                "median": 53.71260070800781,
                "mean": 53.71260070800781,
                "stddev": 0.0,
                "len": 21,
                "invalid": 0,
                "quartiles": {
                    "q0": 53.71260070800781,
                    "q1": 53.71260070800781,
                    "q2": 53.71260070800781,
                    "q3": 53.71260070800781,
                    "q4": 53.71260070800781
                }
            },