# 3D point list with one line of data per point:
#   POINT3D_ID, X, Y, Z, R, G, B, ERROR, TRACK[] as (IMAGE_ID, POINT2D_IDX)
# Number of points: 1792, mean track length: 5.17
0 -0.03584197471502919 0.09706881860423931 1.2633539427148461 0 0 0 0.34 278 0 313 0 493 0 
1 0.11416890322634994 0.23149219287035183 0.8300561820294742 0 0 0 0.73 175 0 313 1 447 0 
2 -0.1438918129152535 0.2202639112789432 2.0387438769350608 0 0 0 1.23 8 0 313 2 
3 0.12529236463976118 0.27699760138969903 1.0629669465613152 0 0 0 0.33 313 3 351 0 439 0 
4 0.12512368772733548 0.2636764064287438 1.064869727898186 0 0 0 0.35 146 0 313 4 384 0 
5 0.09186585392545338 0.05932396168060591 1.406838254181034 0 0 0 0.9 221 0 288 0 313 5 
6 0.09947329947732282 0.07413316899855678 1.39789080124121 0 0 0 0.48 100 0 141 0 313 6 
7 0.10645574011050275 0.06656245636255813 1.3777665464962023 0 0 0 1.41 45 0 55 0 141 1 351 1 
8 0.04351093089253463 -0.09770818385885126 1.3907080462108865 0 0 0 0.84 8 1 278 1 420 0 493 1 
9 0.007003945940293253 -0.06534930449188756 1.3778079732205286 0 0 0 1.02 8 2 12 0 313 7 
10 0.03795702636416866 0.02284008171557902 1.3066048703786668 0 0 0 0.5 8 3 141 2 142 0 313 8 
11 0.1543494902685522 0.32828955964300877 1.3790511600885897 0 0 0 0.2 84 0 278 2 313 9 351 2 
12 0.11733864256523228 0.2199224464223387 0.9666064580668806 0 0 0 0.66 278 3 384 1 456 0 
13 0.04384008075821 0.002865637145516261 1.3222975228377893 0 0 0 0.33 12 1 84 1 96 0 114 0 141 3 142 1 161 0 175 1 274 0 278 4 313 10 351 3 420 1 447 1 448 0 493 2 
14 -0.02457304384240323 0.1249887766400726 1.1712037309154766 0 0 0 0.33 55 1 67 0 113 0 141 4 146 1 221 1 274 1 278 5 351 4 384 2 448 1 
15 0.12037930687502718 0.22397850303623 0.9825494136169304 0 0 0 0.56 114 1 141 5 142 2 146 2 274 2 278 6 384 3 439 1 447 2 493 3 
16 0.040837880868926126 -0.026012405158037023 1.3343495557678617 0 0 0 0.86 8 4 161 1 278 7 313 11 351 5 420 2 439 2 
17 0.06805746084622888 0.0024203730715157364 1.3260419971828794 0 0 0 0.13 8 5 141 6 278 8 313 12 351 6 
18 0.06989923377760383 0.00466454996559004 1.3245156248617072 0 0 0 0.42 8 6 12 2 84 2 141 7 278 9 313 13 351 7 447 3 448 2 
19 0.05644105524911507 -0.014143576046806017 1.3313212016176537 0 0 0 0.23 278 10 351 8 448 3 
20 0.024035880911796318 0.0633029432943074 1.2841913877067797 0 0 0 1.02 141 8 161 2 278 11 313 14 351 9 420 3 493 4 
21 0.1207587426448089 0.24656896096337738 0.9782888563827988 0 0 0 0.2 146 3 205 0 351 10 384 4 447 4 
22 0.12231045342167778 0.2547128453701909 0.8502973090122687 0 0 0 0.39 141 9 151 0 274 3 
23 0.026251533290425982 -0.01870057680290515 1.3343485230316492 0 0 0 0.36 8 7 12 3 100 1 141 10 142 3 274 4 313 15 351 11 420 4 
24 0.020946210409614505 0.003214117638790436 1.3182772482229732 0 0 0 0.32 100 2 114 2 205 1 278 12 384 5 447 5 456 1 
25 0.07075120471874326 0.0025138127071530057 1.3254735571795884 0 0 0 0.31 8 8 12 4 161 3 313 16 351 12 493 5 
26 0.016509449921555445 0.018380106854602125 1.3097752865158856 0 0 0 0.18 100 3 141 11 161 4 205 2 278 13 351 13 447 6 448 4 456 2 
27 0.01810520251117116 0.017599545611116575 1.3131253508282035 0 0 0 0.65 141 12 142 4 175 2 278 14 313 17 351 14 420 5 439 3 493 6 
28 0.018109434877230258 0.017542742746765004 1.313205270992816 0 0 0 0.62 100 4 141 13 142 5 278 15 313 18 420 6 493 7 
29 0.006756462101769838 0.062302755491475015 1.2927375557919365 0 0 0 0.83 55 2 173 0 221 2 384 6 456 3 
30 0.05570575654834294 -0.012224368061138937 1.3305994009429984 0 0 0 0.52 12 5 84 3 96 1 114 3 141 14 142 6 274 5 313 19 351 15 493 8 
31 0.06998641638491176 0.017292518624259314 1.3170966433628002 0 0 0 0.43 141 15 142 7 146 4 205 3 351 16 384 7 447 7 448 5 456 4 493 9 
32 0.051041067983555774 0.0007347622424642448 1.3234993600600036 0 0 0 0.24 313 20 448 6 493 10 
33 -0.022091186616909744 0.06604257721033806 1.2855219520862593 0 0 0 0.6 8 9 55 3 112 0 205 4 278 16 
34 0.08230362043411149 0.08018808946087601 1.2818369354025276 0 0 0 0.5 84 4 142 8 313 21 447 8 
35 0.02582571915009363 0.04817737726146127 1.29541673265384 0 0 0 0.23 141 16 161 5 313 22 351 17 
36 0.07666610597018202 0.002550312841639854 1.3255657414873552 0 0 0 0.33 8 10 12 6 313 23 
37 0.04570576778947986 0.03463875421892968 1.303053866195847 0 0 0 0.5 114 4 141 17 142 9 205 5 274 6 278 17 351 18 384 8 439 4 447 9 456 5 
38 0.09373824027743057 0.05235420043610534 1.395518444982293 0 0 0 0.45 84 5 100 5 141 18 161 6 278 18 313 24 351 19 
39 0.039936017358861306 -0.09926307710224784 1.3916574853318984 0 0 0 1.37 8 11 278 19 313 25 420 7 
40 -0.03187879716598847 0.08111902523315127 1.275767679932619 0 0 0 0.2 205 6 313 26 456 6 
41 0.03406825730701847 0.02837002981409664 1.3054971348843871 0 0 0 0.54 8 12 96 2 175 3 313 27 351 20 
42 0.03368223407706714 0.028201791453941118 1.3060503209219754 0 0 0 0.58 8 13 96 3 114 5 141 19 161 7 175 4 274 7 278 20 313 28 351 21 420 8 447 10 
43 0.10987089552487485 0.1814785172095136 0.84983714434004 0 0 0 0.69 55 4 112 1 151 1 175 5 274 8 313 29 384 9 447 11 
44 0.03830294828078532 -0.089367193690947 1.3895143867571051 0 0 0 1.21 8 14 12 7 141 20 142 10 274 9 278 21 351 22 420 9 
45 -0.03263009582161077 0.08522899647809776 1.2756299477659263 0 0 0 0.57 55 5 67 1 113 1 151 2 205 7 221 3 278 22 384 10 
46 0.015728595256793685 0.16895742087090573 1.146834638539985 0 0 0 0.74 55 6 84 6 100 6 112 2 114 6 141 21 142 11 146 5 151 3 161 8 175 6 274 10 278 23 351 23 384 11 401 0 439 5 447 12 448 7 493 11 494 0 
47 -0.03794565754945696 0.10305740651745814 1.2619192643904162 0 0 0 0.55 55 7 141 22 278 24 
48 0.1240963394158813 0.2617928683408701 1.0315311412333006 0 0 0 0.22 141 23 175 7 278 25 351 24 
49 -0.024906087308086182 0.08466244173157719 1.2709864269757154 0 0 0 0.57 55 8 141 24 146 6 278 26 351 25 384 12 
50 0.12972400339684464 0.29036835854847887 1.1425423813983804 0 0 0 0.1 278 27 313 30 363 0 
51 -0.03903929364722256 0.10628776128525626 1.262663713171638 0 0 0 0.52 55 9 67 2 113 2 146 7 151 4 278 28 351 26 384 13 
52 0.07861734523341057 -0.05405046070751595 1.391439495045102 0 0 0 1.01 100 7 205 8 384 14 456 7 
53 0.040584753238020674 -0.08013167116811194 1.354426447076787 0 0 0 0.72 141 25 205 9 278 29 351 27 384 15 439 6 
54 0.0779099305976538 -0.0667982471690699 1.385395170394288 0 0 0 0.9 12 8 313 31 420 10 
55 0.02501555556095353 -0.026109102565068775 1.3367552082382592 0 0 0 0.23 12 9 100 8 313 32 420 11 
56 0.03854294083515823 -0.026766583185636638 1.338810657020773 0 0 0 0.44 12 10 142 12 278 30 313 33 351 28 420 12 439 7 
57 0.0676203588835496 0.03239766821422755 1.3098484155085601 0 0 0 0.31 142 13 161 9 205 10 278 31 351 29 447 13 448 8 493 12 
58 0.05310307398672393 0.002638667241006572 1.3233279291580275 0 0 0 0.41 12 11 84 7 100 9 141 26 142 14 161 10 175 8 278 32 313 34 351 30 420 13 448 9 493 13 
59 0.08775480782620326 -0.0015557268997205753 1.370602653946416 0 0 0 0.78 12 12 313 35 420 14 
60 0.00674932076875765 0.019096833904737695 1.3090876817572954 0 0 0 1.07 12 13 141 27 142 15 313 36 
61 0.007781707020438416 0.018425225716032178 1.310415258758094 0 0 0 0.27 141 28 278 33 439 8 456 8 
62 0.008870590625767722 0.034101890734673415 1.2990529948115257 0 0 0 0.43 114 7 142 16 146 8 205 11 278 34 384 16 448 10 
63 0.01037186867289494 0.04221789458284456 1.295971614271611 0 0 0 0.47 175 9 205 12 278 35 384 17 456 9 493 14 
64 0.07518875883656702 0.017439423525941997 1.317441043652141 0 0 0 0.28 12 14 96 4 100 10 141 29 274 11 278 36 313 37 493 15 
65 0.07817998405932218 0.07957650610665183 1.28576074769589 0 0 0 0.96 151 5 173 1 456 10 
66 0.05909112491977578 0.04796615205730739 1.298174896932135 0 0 0 0.13 12 15 100 11 274 12 278 37 313 38 
67 0.06884634241621357 0.06343367585862078 1.2909895785544736 0 0 0 0.4 100 12 141 30 142 17 161 11 175 10 205 13 278 38 351 31 448 11 493 16 
68 0.052784992244579464 0.08879874895393973 1.2750396053204458 0 0 0 0.35 96 5 114 8 274 13 278 39 288 1 313 39 439 9 447 14 493 17 
69 0.07294377402760804 0.08181024009374972 1.279208623985706 0 0 0 0.35 100 13 142 18 146 9 205 14 278 40 351 32 384 18 439 10 447 15 448 12 493 18 
70 0.07659141973870762 0.07977871654861635 1.2836595902452257 0 0 0 0.24 141 31 142 19 161 12 205 15 278 41 351 33 447 16 448 13 493 19 
71 -0.01242133791390309 -0.007285230206530333 1.347472569924126 0 0 0 2.29 205 16 384 19 
72 0.03033253665344752 0.1070195771929159 1.2264336584762776 0 0 0 0.93 12 16 22 0 313 40 
73 0.030630547123351084 0.10857114853561083 1.2319241712720839 0 0 0 0.35 96 6 141 32 274 14 278 42 288 2 313 41 447 17 
74 0.10715787028999829 0.19945589887566112 0.8143200282112546 0 0 0 0.28 113 3 141 33 351 34 401 1 447 18 494 1 
75 -0.01603012061751139 0.04230173007893795 1.2976170884929454 0 0 0 0.49 141 34 146 10 175 11 205 17 278 43 351 35 384 20 448 14 456 11 
76 0.031035518425925702 0.13451525614697046 1.1519587658358084 0 0 0 0.97 84 8 114 9 175 12 278 44 
77 -0.028519261894389473 0.07727660121724086 1.2780602775743475 0 0 0 0.21 205 18 313 42 456 12 
78 0.1203127453446586 0.26766911789474007 0.9749338884964333 0 0 0 0.95 74 0 146 11 313 43 363 1 
79 0.10685617821191817 0.20059880820071666 0.814563628971107 0 0 0 0.18 146 12 278 45 313 44 
80 0.11438542613945513 0.2455497177255563 0.8813307897897564 0 0 0 0.48 142 20 175 13 313 45 
81 0.020625822320683676 -0.07465493126891215 1.3717848044551832 0 0 0 1.48 12 17 96 7 313 46 
82 0.0328013335365202 0.0028795972115501396 1.3209367130343233 0 0 0 0.31 96 8 114 10 141 35 175 14 274 15 278 46 313 47 351 36 420 15 447 19 
83 0.04697012932660102 0.005522163967862576 1.3179988602222563 0 0 0 0.42 141 36 146 13 274 16 278 47 351 37 384 21 456 13 493 20 
84 0.04713074673856769 0.02073555304700381 1.312909546241316 0 0 0 0.22 12 18 84 9 96 9 141 37 274 17 313 48 351 38 447 20 493 21 
85 0.058674224153331365 0.03253218387320425 1.307735357779931 0 0 0 0.47 96 10 175 15 274 18 278 48 313 49 420 16 
86 0.0267350159355021 0.06733709254503412 1.282535825905511 0 0 0 0.4 141 38 205 19 278 49 288 3 313 50 
87 0.04584080602035026 0.0857949788696539 1.2756751643477555 0 0 0 0.51 84 10 96 11 114 11 141 39 205 20 274 19 278 50 288 4 447 21 493 22 
88 0.04530609019185162 0.09426257854249329 1.260556348064655 0 0 0 0.41 96 12 141 40 161 13 175 16 274 20 278 51 313 51 
89 0.06088936123399854 0.10289489356586012 1.263635433147495 0 0 0 0.66 96 13 112 3 113 4 221 4 274 21 278 52 
90 0.12806018653788342 0.23858769223203674 1.144547803789074 0 0 0 1.32 74 1 278 53 313 52 
91 0.15093654662740819 0.3087531547193522 1.3866122686435913 0 0 0 0.67 278 54 313 53 351 39 448 15 
92 0.05641122576960445 -0.026189229970442242 1.3397684340239207 0 0 0 0.45 12 19 84 11 96 14 161 14 274 22 278 55 313 54 351 40 447 22 493 23 
93 0.036719052100896335 -0.002187411452835781 1.321011830895122 0 0 0 0.55 96 15 141 41 175 17 205 21 274 23 278 56 447 23 
94 0.012861670662612026 0.019189294772306655 1.309948030664001 0 0 0 0.18 205 22 278 57 384 22 439 11 456 14 
95 0.0985168625479915 0.11401641142447812 1.267714712063645 0 0 0 0.4 96 16 112 4 113 5 274 24 278 58 288 5 447 24 
96 0.11169232075526503 0.1115297242863759 1.389706519235394 0 0 0 0.99 141 42 175 18 351 41 384 23 
97 0.09363378299350161 0.12503975885899649 1.2585395334296299 0 0 0 0.31 161 15 175 19 205 23 274 25 278 59 351 42 384 24 439 12 448 16 
98 0.10849038176427432 0.13270450629276875 1.2616419848647573 0 0 0 0.35 12 20 274 26 278 60 351 43 
99 0.10542495145047193 0.13546545121858242 1.2629254547894473 0 0 0 0.36 45 1 114 12 146 14 447 25 
100 0.15040850744174403 0.29879734770152205 1.3953510556401225 0 0 0 0.23 161 16 278 61 313 55 351 44 
101 -0.03332887032925446 0.1261840472422357 1.170989938597938 0 0 0 0.52 55 10 67 3 141 43 142 21 146 15 151 6 221 5 274 27 278 62 351 45 384 25 439 13 448 17 
102 -0.033887970156340715 0.12619538724094226 1.1717474002884178 0 0 0 0.47 55 11 67 4 141 44 142 22 146 16 151 7 221 6 274 28 278 63 351 46 384 26 448 18 493 24 
103 0.11607050837703836 0.2501194077078505 0.8173745140154608 0 0 0 0.62 100 14 313 56 439 14 
104 0.07627774121931256 -0.0656689954618409 1.3855431194826748 0 0 0 1.72 12 21 96 17 141 45 142 23 274 29 278 64 351 47 447 26 
105 0.04561037000331729 -0.028603155551345915 1.3388564286272007 0 0 0 0.53 12 22 84 12 96 18 100 15 141 46 142 24 161 17 274 30 278 65 313 57 439 15 447 27 
106 -0.007408558330143944 0.003829856989677399 1.323034454696545 0 0 0 0.8 12 23 141 47 313 58 
107 0.12628961328404245 0.15683646674356158 1.3898401281886148 0 0 0 1.38 84 13 142 25 278 66 288 6 313 59 
108 0.04403914437667394 0.06247633655732622 1.2869041471495255 0 0 0 0.73 84 14 96 19 114 13 142 26 161 18 175 20 274 31 278 67 288 7 313 60 351 48 439 16 447 28 448 19 493 25 
109 0.028528973600217923 0.13443073938679995 1.1559666460952518 0 0 0 0.81 84 15 161 19 175 21 313 61 
110 -0.03700291397956472 0.11047412533300706 1.2549448315771727 0 0 0 0.31 278 68 313 62 351 49 
111 0.15221820795593077 0.24112327891926394 1.3716476591140618 0 0 0 0.98 278 69 313 63 493 26 
112 0.02326679606369682 -0.033347867152255635 1.3460674815481628 0 0 0 0.8 12 24 161 20 313 64 439 17 448 20 
113 -0.016355848100626427 0.052569921704454396 1.2935196103198345 0 0 0 0.47 12 25 313 65 351 50 
114 0.08431451574880472 0.012989782942141396 1.4010725105773807 0 0 0 0.53 100 16 142 27 161 21 278 70 313 66 351 51 493 27 
115 0.09131900814250914 0.22319010000990458 0.7832223860530644 0 0 0 2.78 55 12 173 2 494 2 
116 0.11029325186263376 0.16705209185023892 0.8186472403942957 0 0 0 0.95 74 2 100 17 161 22 313 67 384 27 401 2 447 29 
117 0.04201864945712363 -0.08052534998153714 1.3576783360692088 0 0 0 1.12 141 48 142 28 278 71 
118 0.04370465522596777 -0.026487094870660827 1.337639177488158 0 0 0 0.49 278 72 313 68 420 17 448 21 
119 0.06189904164733455 -0.027183957524209997 1.3411268468453756 0 0 0 1.05 142 29 175 22 205 24 448 22 456 15 493 28 
120 0.06649254742449327 -0.026019589506264564 1.3368617309369635 0 0 0 0.68 100 18 274 32 278 73 313 69 351 52 
121 0.06396626248789741 -0.027245674869037135 1.3423997165723411 0 0 0 0.51 100 19 142 30 161 23 274 33 278 74 313 70 
122 0.07756818406496557 -0.04252185652316167 1.39178941847698 0 0 0 0.79 84 16 100 20 161 24 313 71 351 53 
123 0.07420510187865201 -0.04161046658111716 1.3967944199570268 0 0 0 1.35 151 8 173 3 205 25 
124 0.052832324886407336 -0.02719517249982684 1.3403978312308231 0 0 0 0.62 141 49 175 23 205 26 274 34 278 75 351 54 384 28 439 18 447 30 448 23 493 29 
125 0.03783757748938672 -0.007894162282146486 1.3195102836908859 0 0 0 0.31 205 27 278 76 456 16 
126 0.06540084954512912 0.002395893847623049 1.3258115189206419 0 0 0 0.21 141 50 161 25 278 77 313 72 351 55 493 30 
127 0.056279016444575135 0.002388119890164547 1.3242183726908299 0 0 0 0.41 96 20 141 51 142 31 161 26 175 24 278 78 313 73 351 56 439 19 447 31 493 31 
128 0.07081115049893565 0.002312436564228418 1.3267280960465522 0 0 0 0.68 161 27 175 25 278 79 351 57 
129 -0.0008815411254367031 -0.002629669269357868 1.3224385772697842 0 0 0 0.35 141 52 205 28 278 80 313 74 
130 -0.0021530900212764865 -0.004278581456043501 1.325972969912414 0 0 0 0.85 55 13 112 5 146 17 205 29 384 29 
131 0.06892469432426146 0.019097968809048342 1.317090572692815 0 0 0 0.34 161 28 205 30 351 58 384 30 
132 0.041274668366678764 0.026727377250443853 1.3086660599997335 0 0 0 0.88 55 14 67 5 110 0 205 31 384 31 
133 0.04230560603079101 0.028832093623321658 1.3044429730698162 0 0 0 0.52 175 26 278 81 313 75 447 32 
134 0.03735864722445345 0.05793117247747398 1.286339600981093 0 0 0 0.24 205 32 278 82 313 76 
135 0.06839481797671988 0.06335577261078217 1.2915700580862015 0 0 0 0.32 100 21 278 83 313 77 420 18 493 32 
136 0.06789359252043566 0.06557253503598443 1.2887708107038367 0 0 0 0.29 313 78 351 59 420 19 448 24 
137 0.07166789406597489 0.0654882827747149 1.2910704050229824 0 0 0 0.51 142 32 278 84 313 79 420 20 493 33 
138 0.07049932369470595 0.0777437867918733 1.2828019591384738 0 0 0 0.5 141 53 142 33 313 80 351 60 493 34 
139 -0.02418561969150725 0.06084909224823351 1.2855879431410329 0 0 0 0.6 141 54 313 81 439 20 
140 0.000372563431852798 0.06670461291754838 1.2832404734655443 0 0 0 0.26 205 33 278 85 313 82 351 61 456 17 
141 0.07719121200926378 0.08178055255127259 1.2800656922631974 0 0 0 0.35 100 22 141 55 142 34 146 18 161 29 175 27 205 34 274 35 278 86 351 62 439 21 447 33 448 25 493 35 
142 0.04601082891496418 0.08158748896949797 1.2759565335872032 0 0 0 0.1 274 36 278 87 313 83 
143 0.06944417636744982 0.09533921182729897 1.2709962510207866 0 0 0 0.2 161 30 205 35 278 88 
144 0.07356103340005575 0.09746064120321218 1.269212449657947 0 0 0 0.3 114 14 141 56 142 35 161 31 205 36 278 89 351 63 384 32 448 26 493 36 
145 0.08155500332076798 0.09750773258239674 1.2764741957575008 0 0 0 0.67 112 6 146 19 494 3 
146 0.08862754254826162 0.09534592176246962 1.2752005320217914 0 0 0 0.1 161 32 205 37 278 90 
147 0.10304537710013405 0.0979405084929905 1.2770467708727051 0 0 0 0.34 142 36 205 38 278 91 351 64 384 33 448 27 493 37 
148 0.010697985805130211 0.09876458498682127 1.2571547606986497 0 0 0 0.39 205 39 313 84 456 18 
149 0.04672050129962798 0.10387199556341037 1.2571290879500654 0 0 0 0.68 141 57 142 37 175 28 351 65 439 22 456 19 493 38 
150 0.09955595862920613 0.1191946408211737 1.2686322937140988 0 0 0 0.18 146 20 384 34 456 20 
151 0.10959309761964768 0.11492699768087383 1.2691175523913387 0 0 0 0.27 278 92 313 85 351 66 420 21 
152 0.10889957665407349 0.18876564653987418 0.8210791499142616 0 0 0 0.28 112 7 141 58 151 9 313 86 
153 0.09739797871864624 0.1367410433472159 1.2526238993838077 0 0 0 0.4 205 40 278 93 313 87 
154 0.1132151173923379 0.20881261010155716 0.9088546955983253 0 0 0 0.26 96 21 313 88 456 21 
155 0.13676220980326928 0.226243790803129 1.2086859974240671 0 0 0 0.44 84 17 278 94 313 89 351 67 447 34 448 28 493 39 
156 0.11171599497788005 0.2335644642369986 0.8863357218349915 0 0 0 0.07 313 90 351 68 384 35 
157 0.12324156217161997 0.270618507512952 1.0198151688677433 0 0 0 0.41 112 8 351 69 384 36 401 3 
158 0.12725243561612257 0.29143909275281327 1.0886480818702629 0 0 0 0.33 141 59 175 29 313 91 351 70 439 23 
159 0.04367323256192287 -0.1039105946022623 1.402566913592506 0 0 0 1.56 55 15 173 4 205 41 384 37 
160 0.040584753238020674 -0.08013167116811194 1.354426447076787 0 0 0 0.72 141 60 205 42 278 95 351 71 384 38 439 24 
161 0.03634281336005264 -0.07638896855587501 1.35322816320095 0 0 0 1.09 141 61 142 38 351 72 384 39 456 22 
162 0.005078815441655671 -0.02474772369773441 1.3324882956490363 0 0 0 0.4 205 43 278 96 313 92 
163 0.021605762538813904 -0.026079137642156306 1.3395771716106675 0 0 0 0.41 84 18 96 22 114 15 141 62 142 39 161 33 175 30 274 37 278 97 313 93 351 73 447 35 493 40 
164 0.030833331200652056 -0.026633810221853457 1.3380978908723193 0 0 0 0.38 84 19 96 23 141 63 142 40 161 34 274 38 278 98 313 94 351 74 447 36 448 29 493 41 
165 0.03093168850231828 -0.026609646849570172 1.3380469940126547 0 0 0 0.35 84 20 96 24 100 23 142 41 161 35 278 99 313 95 447 37 448 30 
166 0.03943537206359943 -0.028613140105731225 1.3381189017112332 0 0 0 0.6 114 16 141 64 274 39 278 100 313 96 351 75 420 22 447 38 448 31 493 42 
167 0.05105080499511973 -0.03007634625084628 1.3417734025601602 0 0 0 0.52 84 21 96 25 114 17 141 65 142 42 161 36 278 101 313 97 351 76 439 25 447 39 448 32 493 43 
168 0.039931080798438184 -0.020402330574214565 1.3344791435874066 0 0 0 0.36 84 22 96 26 114 18 141 66 142 43 278 102 313 98 351 77 447 40 493 44 
169 0.05158324869588352 -0.013909196793821252 1.328864269632862 0 0 0 0.31 278 103 384 40 456 23 
170 0.0723600509956992 -0.033589503632426576 1.390565529197325 0 0 0 1.01 142 44 205 44 351 78 384 41 
171 0.003605127362415608 -0.017279570140334845 1.329883250683268 0 0 0 0.34 205 45 278 104 313 99 
172 0.0023970869454194854 -0.011339008954378888 1.3270156052588813 0 0 0 0.42 141 67 205 46 278 105 313 100 
173 0.022853306232139665 -0.011235335384819502 1.3278253280975951 0 0 0 0.34 84 23 96 27 100 24 114 19 142 45 161 37 274 40 278 106 313 101 351 79 439 26 448 33 493 45 
174 0.021994811989291582 -0.010130098669836865 1.3281433073167013 0 0 0 1.07 55 16 112 9 205 47 384 42 494 4 
175 0.02761630470359365 -0.01120707782295307 1.326498751806995 0 0 0 0.46 84 24 142 46 161 38 205 48 278 107 351 80 384 43 456 24 493 46 
176 0.028835342860636194 0.0032889005562236153 1.319591936828224 0 0 0 0.47 100 25 142 47 175 31 205 49 274 41 278 108 384 44 493 47 
177 0.05322043604991209 -0.009060523749045729 1.326427227025485 0 0 0 0.19 278 109 439 27 447 41 456 25 
178 -0.0055207476830787935 0.012282488459831313 1.3140716931322398 0 0 0 0.48 141 68 146 21 175 32 205 50 278 110 351 81 384 45 
179 -0.006336533796531573 0.011834435092346872 1.3156153120388314 0 0 0 0.67 55 17 141 69 146 22 175 33 384 46 
180 0.013496510189477947 0.004311242140289674 1.316697766925253 0 0 0 0.43 100 26 142 48 161 39 175 34 278 111 351 82 456 26 
181 0.013244346482132493 0.004106488672318331 1.3171744847029585 0 0 0 0.42 142 49 161 40 175 35 205 51 278 112 351 83 384 47 439 28 456 27 493 48 
182 0.06015077944482814 0.017365692353943966 1.317387528862555 0 0 0 0.25 84 25 96 28 100 27 114 20 142 50 161 41 274 42 278 113 313 102 351 84 439 29 447 42 493 49 
183 0.06543229155457078 0.0480013177241198 1.3002157727295578 0 0 0 0.34 84 26 96 29 100 28 114 21 141 70 142 51 161 42 175 36 274 43 278 114 313 103 351 85 439 30 447 43 493 50 
184 -0.015998264631457506 0.042585709014009536 1.2974045478117988 0 0 0 0.67 96 30 141 71 175 37 205 52 278 115 351 86 456 28 
185 0.0058114759019503885 0.03845249186629326 1.3033457322322983 0 0 0 0.84 96 31 278 116 313 104 420 23 493 51 
186 0.028698017495909146 0.05489418382612913 1.2928083382894193 0 0 0 0.29 205 53 274 44 278 117 447 44 456 29 
187 0.05474539536577382 0.05468024060518423 1.2954628838899207 0 0 0 0.29 84 27 100 29 205 54 278 118 351 87 384 48 447 45 456 30 493 52 
188 0.07367323565311185 0.061811404505418846 1.2905679025407832 0 0 0 0.49 205 55 274 45 351 88 439 31 493 53 
189 0.0009645501452587954 0.06468763090876195 1.283858346733917 0 0 0 0.58 84 28 96 32 114 22 141 72 142 52 161 43 175 38 205 56 274 46 278 119 384 49 439 32 447 46 456 31 493 54 
190 0.04161431058750667 0.07634744897401684 1.2806126469377763 0 0 0 0.48 112 10 146 23 205 57 351 89 384 50 494 5 
191 0.07129772403171386 0.06905933170506566 1.294172903476447 0 0 0 0.72 146 24 205 58 384 51 494 6 
192 0.09921801853500795 0.082434618138573 1.284229673390178 0 0 0 0.6 114 23 142 53 146 25 161 44 175 39 205 59 351 90 439 33 447 47 448 34 
193 0.03638287991486978 0.08408318625336111 1.2641480469529578 0 0 0 0.61 205 60 221 7 384 52 
194 0.07365732617527573 0.09929353990161016 1.2700010299141449 0 0 0 0.85 278 120 313 105 439 34 447 48 448 35 493 55 
195 0.10831830880871608 0.1136126696244751 1.269304439673376 0 0 0 0.61 112 11 278 121 420 24 
196 0.08209364750281772 0.1452987062923634 1.1708379575061707 0 0 0 0.49 141 73 146 26 205 61 278 122 351 91 384 53 439 35 456 32 
197 0.11194741992141873 0.20953640093237327 0.8923384085006081 0 0 0 0.52 151 10 175 40 313 106 456 33 
198 0.11883371912974709 0.21025356317864816 0.9473810941855643 0 0 0 1.15 205 62 313 107 456 34 
199 0.13146415944484674 0.20072371240378914 1.1160173069071038 0 0 0 0.39 278 123 288 8 313 108 
200 0.13280589240340684 0.20221259782671122 1.117358178701476 0 0 0 0.49 278 124 351 92 384 54 448 36 
201 0.13270874152102638 0.20204400224755073 1.1180245864464122 0 0 0 0.36 278 125 313 109 351 93 
202 0.11692855596880682 0.21923455598078878 0.9579926749830067 0 0 0 0.42 146 27 278 126 384 55 456 35 
203 0.11982761135861919 0.22275672237358296 0.9675186501410048 0 0 0 0.81 175 41 205 63 384 56 456 36 
204 0.1134599719917223 0.23481691952502845 0.9258440114774366 0 0 0 0.4 384 57 439 36 456 37 
205 0.1353239165543844 0.22738013378360805 1.2732209762381026 0 0 0 0.25 84 29 288 9 313 110 
206 0.11635464091808251 0.22855221807512957 0.9634586203660054 0 0 0 0.46 161 45 384 58 456 38 
207 0.12043418766953468 0.23380928432273274 0.9793589287294803 0 0 0 0.16 351 94 384 59 456 39 
208 0.16483877465282534 0.2255074064963991 0.9679921647631923 0 0 0 1.61 45 2 67 6 112 12 494 7 
209 0.12659076605769612 0.25020288377577193 1.0656606957273966 0 0 0 0.28 146 28 175 42 384 60 
210 0.11273549022470702 0.251004646612575 0.9882053991621597 0 0 0 1.86 175 43 313 111 447 49 
211 0.1379682457766795 0.27705134759128724 1.196115903637031 0 0 0 0.5 142 54 274 47 278 127 351 95 
212 0.13774563002225185 0.3047119900265436 1.1962647236198052 0 0 0 0.23 84 30 114 24 175 44 274 48 278 128 313 112 351 96 
213 0.04700178850134051 -0.10496776654008112 1.3939530283311918 0 0 0 1.1 96 33 141 74 142 55 278 129 313 113 351 97 420 25 
214 0.02681804677927485 -0.04826624938374671 1.351160448965211 0 0 0 0.57 96 34 142 56 313 114 493 56 
215 0.04849778060193817 -0.02634637123118927 1.3389056400150037 0 0 0 0.63 84 31 96 35 141 75 274 49 278 130 313 115 351 98 420 26 439 37 447 50 448 37 493 57 
216 -0.262756054622774 -0.2763738809979007 2.210863966580948 0 0 0 1.49 288 10 313 116 384 61 
217 0.0691144624227344 -0.004334852376517474 1.2949562486249768 0 0 0 0.86 420 27 447 51 493 58 
218 0.06197964614015931 -0.009660362598796622 1.330722085535801 0 0 0 0.49 84 32 96 36 100 30 114 25 141 76 142 57 161 46 274 50 278 131 313 117 351 99 439 38 447 52 493 59 
219 0.06302725109345352 -0.009041548871948392 1.3275663231277375 0 0 0 0.18 278 132 384 62 447 53 456 40 493 60 
220 0.07248182381964426 -0.012181872691368775 1.3343170972741225 0 0 0 0.27 141 77 205 64 278 133 
221 0.0201363362373548 -0.010887020259196556 1.3290256925256412 0 0 0 0.42 84 33 96 37 313 118 
222 0.02449830495466565 -0.011457211300784214 1.3321554070184265 0 0 0 1.01 205 65 384 63 494 8 
223 0.058996459838306696 0.002726666073764467 1.3241088679118482 0 0 0 0.69 142 58 384 64 439 39 447 54 456 41 
224 0.06447947048956723 0.0043988061097883 1.3236372780568526 0 0 0 0.35 141 78 205 66 274 51 351 100 384 65 
225 0.10675975489461154 0.18512449435062656 0.8376289210467838 0 0 0 0.77 22 1 96 38 278 134 
226 0.01709969893848766 0.0038806903131697584 1.320699083732854 0 0 0 0.44 84 34 96 39 274 52 278 135 313 119 351 101 448 38 
227 0.021648885586053983 0.0179740463186747 1.3130176580180957 0 0 0 0.76 278 136 313 120 351 102 420 28 493 61 
228 0.03144855675264496 0.005583107888550824 1.3182983143602005 0 0 0 0.24 142 59 205 67 274 53 278 137 351 103 384 66 439 40 447 55 448 39 493 62 
229 0.045853839002235906 0.01756333343289834 1.3151611918634232 0 0 0 0.28 84 35 96 40 114 26 161 47 175 45 274 54 278 138 313 121 351 104 447 56 493 63 
230 0.047722678301691523 0.020798947172150088 1.3116921078064916 0 0 0 0.19 205 68 274 55 351 105 384 67 456 42 493 64 
231 0.06108000437164703 0.013954356194040096 1.3215068643145698 0 0 0 0.39 84 36 96 41 114 27 142 60 313 122 439 41 447 57 
232 0.0648115510977979 0.017674688479955025 1.3156942676127905 0 0 0 0.41 175 46 205 69 274 56 278 139 351 106 384 68 456 43 493 65 
233 0.014099689054737814 0.030210819941590084 1.3043665478625743 0 0 0 0.39 84 37 205 70 274 57 351 107 384 69 447 58 456 44 493 66 
234 0.030254159335566345 0.024398449990119808 1.309510868780361 0 0 0 0.17 114 28 274 58 384 70 447 59 
235 0.03120795716337638 0.024725300819718247 1.3078671995738083 0 0 0 0.43 142 61 161 48 175 47 205 71 274 59 278 140 351 108 384 71 447 60 456 45 
236 0.10984752646573448 0.18541961262116735 0.8542865120293041 0 0 0 0.95 22 2 313 123 384 72 
237 -0.017794968864299904 0.048448363952239636 1.2923801445975849 0 0 0 0.76 141 79 146 29 175 48 205 72 278 141 351 109 384 73 
238 0.060817923030133864 0.0638411025581419 1.2897359905386667 0 0 0 0.29 141 80 161 49 205 73 274 60 278 142 351 110 384 74 447 61 456 46 
239 0.06509570055976154 0.06339369951227704 1.2923563094546573 0 0 0 0.28 161 50 313 124 439 42 
240 0.10984620194446396 0.18876646160355295 0.8504759372106229 0 0 0 0.45 22 3 313 125 384 75 
241 -0.02233681552481976 0.057227144156924765 1.291600792068385 0 0 0 0.56 55 18 96 42 113 6 146 30 205 74 221 8 278 143 351 111 384 76 456 47 
242 -0.021892727965989452 0.057737680436892654 1.2901948956671534 0 0 0 0.38 96 43 141 81 205 75 278 144 313 126 351 112 384 77 456 48 
243 0.02103488828662063 0.06468164206854567 1.2841118699069745 0 0 0 0.54 84 38 142 62 161 51 205 76 351 113 384 78 439 43 456 49 
244 0.043402959927471334 0.0670221413532537 1.282879610946141 0 0 0 0.25 100 31 114 29 141 82 205 77 274 61 278 145 447 62 456 50 493 67 
245 0.04622247951543735 0.07921294785518859 1.276602767351272 0 0 0 0.43 84 39 205 78 278 146 384 79 447 63 456 51 493 68 
246 0.08512502440727444 0.07938529015636048 1.283767330369172 0 0 0 0.52 84 40 96 44 141 83 142 63 175 49 274 62 278 147 288 11 313 127 351 114 447 64 493 69 
247 0.08574486987915807 0.0794500312106106 1.2823223735728453 0 0 0 0.24 114 30 351 115 384 80 456 52 493 70 
248 0.09162659846500167 0.0798174697600235 1.2864424525714848 0 0 0 0.26 114 31 146 31 274 63 278 148 351 116 447 65 448 40 493 71 
249 0.09252291266029554 0.08301081892191899 1.2826040371241785 0 0 0 0.5 141 84 146 32 175 50 274 64 447 66 456 53 
250 0.11336224826455539 0.18950928574918863 0.8710982741322609 0 0 0 1.26 22 4 288 12 456 54 
251 0.11346198162025976 0.18849715521873056 0.8790302727653289 0 0 0 0.25 96 45 313 128 384 81 
252 0.03878089283499878 0.07925539467165219 1.2771979469497687 0 0 0 0.27 141 85 161 52 205 79 274 65 384 82 447 67 456 55 493 72 
253 0.08055367464824519 0.0984030401755038 1.2710177656642487 0 0 0 0.25 146 33 161 53 351 117 384 83 439 44 
254 0.09632592184193473 0.09810369187725268 1.2590666090806357 0 0 0 0.73 45 3 313 129 384 84 
255 0.10349346552548336 0.09577004450954212 1.2779395871948103 0 0 0 0.51 96 46 141 86 175 51 274 66 278 149 288 13 313 130 351 118 
256 0.10406113478723725 0.09585686533147852 1.2760636841100317 0 0 0 0.77 112 13 113 7 175 52 274 67 278 150 288 14 
257 0.10248936195949969 0.10363427772948072 1.2740695328936824 0 0 0 0.61 55 19 113 8 384 85 456 56 
258 0.033118040328216955 0.1073374989690968 1.2320799563671345 0 0 0 0.4 96 47 141 87 274 68 278 151 288 15 313 131 447 68 
259 0.11049860366513359 0.2013510197950721 0.8464687266908382 0 0 0 1.78 22 5 313 132 
260 0.1100888823051942 0.2017430807915201 0.867930262646097 0 0 0 0.36 175 53 278 152 313 133 
261 0.08193659466283294 0.16862477613186028 1.163427798593065 0 0 0 0.39 55 20 141 88 384 86 448 41 456 57 
262 0.12691264702400656 0.16032186662369763 1.3045115617349163 0 0 0 0.33 84 41 278 153 313 134 351 119 
263 0.1085956199236576 0.21101377565901258 0.8440651536891646 0 0 0 0.2 313 135 384 87 439 45 
264 0.11395304588829654 0.21516310267556227 0.9134682464324162 0 0 0 0.42 146 34 313 136 351 120 363 2 
265 0.1143825143719812 0.21525731897893657 0.9149689571393742 0 0 0 0.44 313 137 384 88 447 69 
266 0.11423792146031711 0.21450485605089947 0.9320241903384654 0 0 0 0.67 142 64 278 154 384 89 439 46 456 58 
267 0.11458688877963583 0.21940226172758776 0.9574044434905241 0 0 0 0.5 84 42 114 32 142 65 278 155 
268 0.11624401882192183 0.22266313383093814 0.9583653221423846 0 0 0 0.75 278 156 384 90 456 59 
269 0.11515931316249284 0.22937375927286002 0.9582557891149911 0 0 0 0.07 84 43 161 54 313 138 
270 0.112537869395629 0.23250359569266457 0.9115471994837702 0 0 0 0.57 141 89 161 55 175 54 384 91 401 4 456 60 
271 0.1141216799336154 0.2341349902980846 0.9265452728331596 0 0 0 0.27 112 14 384 92 456 61 
272 0.11364585673391214 0.23517081462549141 0.9231186673050417 0 0 0 0.29 112 15 141 90 384 93 456 62 
273 0.11950799641774883 0.2412621140170778 0.9647177500546718 0 0 0 0.59 142 66 146 35 205 80 278 157 384 94 
274 0.08128613458083866 0.25238644587493103 0.9880956557204518 0 0 0 1.96 205 81 384 95 
275 0.11539697670182719 0.2525615102824212 0.9566972509447261 0 0 0 0.78 161 56 205 82 384 96 401 5 456 63 
276 0.11543893209736295 0.2581231819693638 0.9571550095216975 0 0 0 0.08 205 83 274 69 384 97 
277 0.11882644700441478 0.25804424885318783 0.9653006857029098 0 0 0 0.43 313 139 363 3 384 98 
278 0.10842335987591512 0.1791625050416702 0.8294344328286106 0 0 0 0.17 96 48 313 140 384 99 
279 0.10768668618015348 0.18334442691932787 0.8226628997161274 0 0 0 0.13 96 49 313 141 384 100 
280 0.057571613485900404 -0.011657583713065828 1.3322822614723007 0 0 0 0.36 84 44 96 50 100 32 114 33 161 57 274 70 278 158 313 142 439 47 447 70 493 73 
281 0.027392525587299144 0.003624385183379614 1.3199826175998686 0 0 0 0.34 96 51 313 143 439 48 
282 0.04141361532068815 -0.0023466845693529428 1.3197455545827097 0 0 0 0.78 114 34 141 91 175 55 205 84 351 121 384 101 439 49 456 64 
283 0.03865752375916892 -0.0030160690307652724 1.3250009197957802 0 0 0 0.52 84 45 114 35 161 58 274 71 278 159 313 144 420 29 439 50 447 71 493 74 
284 0.11015432626354094 0.18074988578221637 0.8547031464007707 0 0 0 0.68 22 6 313 145 384 102 
285 0.11015432626354094 0.18074988578221637 0.8547031464007707 0 0 0 0.68 22 7 313 146 384 103 
286 0.11224807873024364 0.17911911186604618 0.8607671356294763 0 0 0 0.38 22 8 313 147 384 104 
287 0.05383753348861395 0.01791589256518254 1.3153294417578143 0 0 0 0.43 142 67 161 59 278 160 313 148 447 72 493 75 
288 0.10604391232295758 0.1811512433205312 0.8591235098441669 0 0 0 1.83 22 9 384 105 
289 0.010150367251413182 0.036338922179719166 1.299939508153621 0 0 0 0.31 84 46 114 36 205 85 351 122 384 106 447 73 456 65 493 76 
290 0.025737529953270197 0.005263057678634699 1.4257296761542546 0 0 0 1.36 22 10 96 52 313 149 
291 0.07068713621520781 0.0484329943163724 1.2991908472777924 0 0 0 0.72 96 53 114 37 142 68 161 60 175 56 274 72 278 161 288 16 313 150 420 30 439 51 448 42 493 77 
292 0.07069492105248024 0.04843759876061071 1.2991229159709385 0 0 0 0.69 96 54 141 92 142 69 161 61 175 57 274 73 278 162 288 17 313 151 351 123 420 31 439 52 448 43 493 78 
293 0.0934934196319089 0.02939164293326939 1.3651721153731622 0 0 0 1.35 96 55 313 152 420 32 
294 0.1114147162978731 0.18442228970620553 0.8636058986437684 0 0 0 0.06 22 11 313 153 384 107 
295 0.029387833552890603 0.05114084253659767 1.292874758376035 0 0 0 0.32 84 47 141 93 142 70 161 62 205 86 274 74 278 163 384 108 456 66 493 79 
296 0.029061010609154954 0.050733576302047764 1.2938885752301377 0 0 0 0.75 84 48 112 16 113 9 274 75 278 164 493 80 494 9 
297 0.044167183732270104 0.0516071242617322 1.2942085575797815 0 0 0 0.33 114 38 278 165 384 109 447 74 456 67 493 81 
298 0.06404001939646743 0.06144558005290039 1.287991709309996 0 0 0 0.54 141 94 142 71 161 63 274 76 351 124 384 110 447 75 448 44 456 68 
299 0.08938595726728925 0.060917331321222706 1.2947845963495725 0 0 0 0.98 141 95 175 58 205 87 278 166 288 18 351 125 447 76 
300 0.11649851049290261 0.1860863114166354 0.8643472542958112 0 0 0 0.84 205 88 313 154 384 111 
301 0.06562213171030502 0.08011523857810866 1.2803586644069365 0 0 0 0.35 84 49 141 96 142 72 274 77 278 167 313 155 351 126 439 53 447 77 
302 0.11144574025644322 0.19061455432627492 0.869046850012138 0 0 0 0.59 146 36 313 156 384 112 
303 0.11286153334310807 0.1879693637856605 0.878168800469918 0 0 0 0.11 278 168 313 157 384 113 
304 0.09672981582340086 0.09615355748478667 1.2783570655782486 0 0 0 0.4 96 56 141 97 274 78 278 169 288 19 313 158 351 127 
305 0.10968885394655234 0.19784974756020068 0.8402911555162504 0 0 0 0.33 22 12 313 159 384 114 
306 0.11732266914586673 0.18980852356719527 0.8769650140187145 0 0 0 1.44 205 89 278 170 313 160 384 115 
307 0.08292022433358712 0.10307911946457735 1.2717665550670816 0 0 0 0.59 84 50 96 57 141 98 142 73 161 64 278 171 313 161 351 128 448 45 
308 0.09107420897195123 0.1129634163346583 1.2664703958501058 0 0 0 0.85 55 21 112 17 113 10 146 37 205 90 384 116 
309 0.10968139896443754 0.20040407337619162 0.835841599922635 0 0 0 1.2 22 13 313 162 448 46 
310 0.11573462715660175 0.19130676038255945 0.8933814966641309 0 0 0 0.2 278 172 313 163 384 117 
311 0.11144241895790291 0.2035008382803798 0.8438614600447911 0 0 0 0.98 22 14 278 173 313 164 
312 0.08466655286180287 0.1572709861665438 1.1694255311385238 0 0 0 0.66 45 4 96 58 313 165 
313 0.08485458628239707 0.15737166047972023 1.168960103803678 0 0 0 0.56 45 5 96 59 313 166 447 78 
314 0.11047587581552568 0.2064146377338129 0.8344362172033776 0 0 0 1.52 22 15 96 60 313 167 
315 0.07484733421272798 0.15744794680899404 1.1702147129227354 0 0 0 0.57 55 22 110 1 146 38 456 69 
316 0.07569621233306792 0.15762005377893065 1.1670251197261186 0 0 0 0.66 141 99 205 91 456 70 
317 0.1158391794291292 0.20129096795868678 0.923874543286449 0 0 0 0.4 96 61 278 174 384 118 
318 0.11159660621773078 0.21406348462721084 0.8819876238441934 0 0 0 0.18 146 39 278 175 313 168 351 129 447 79 
319 0.11101533075671087 0.2142855288597655 0.8875999613159545 0 0 0 0.56 161 65 313 169 456 71 
320 0.11694332468439263 0.21095713472369362 0.9456742654480766 0 0 0 0.55 112 18 151 11 175 59 278 176 384 119 447 80 456 72 
321 0.11156782450411452 0.21478247818944782 0.8926677673812256 0 0 0 0.41 84 51 96 62 142 74 151 12 161 66 175 60 278 177 313 170 351 130 384 120 439 54 447 81 
322 0.11124603933446302 0.21750983965140158 0.8899605911999479 0 0 0 0.24 313 171 447 82 456 73 
323 0.11637545929649083 0.21629691812612395 0.92904447597504 0 0 0 1.02 146 40 175 61 205 92 278 178 
324 0.11088433699484987 0.22176978149472504 0.8896312713506702 0 0 0 0.31 141 100 142 75 161 67 278 179 351 131 384 121 439 55 447 83 
325 0.12276397011747162 0.2188883648342713 1.1097187854768527 0 0 0 0.3 84 52 96 63 100 33 114 39 141 101 142 76 175 62 274 79 278 180 288 20 313 172 351 132 447 84 
326 0.12251390041941203 0.21893817987210948 1.1101555916905739 0 0 0 0.27 100 34 141 102 142 77 146 41 175 63 205 93 274 80 278 181 288 21 447 85 
327 0.14178812113633282 0.21803953078673544 1.2664930508392962 0 0 0 1.22 142 78 278 182 313 173 
328 0.10990586751945843 0.22292756227683183 0.851546851125728 0 0 0 0.26 96 64 278 183 313 174 
329 0.11169972783001832 0.2251222676925445 0.8871885328729223 0 0 0 0.4 110 2 112 19 141 103 146 42 351 133 
330 0.11008808749191588 0.22643989767062758 0.8687058996456736 0 0 0 0.47 96 65 175 64 278 184 313 175 
331 0.11095407656944468 0.22854250562670048 0.8752575114591516 0 0 0 0.16 96 66 278 185 313 176 
332 0.11689293999210762 0.235273464335672 0.9637952187181563 0 0 0 0.55 151 13 175 65 205 94 274 81 384 122 447 86 456 74 
333 0.12123399796449784 0.26305007222581145 0.9282222833158051 0 0 0 0.49 100 35 114 40 141 104 142 79 161 68 274 82 278 186 447 87 
334 0.11126505418563101 0.17209601418627468 0.8247973939881057 0 0 0 0.38 278 187 313 177 384 123 
335 0.10814615216976634 0.17687436914959268 0.8225798628822631 0 0 0 0.12 278 188 313 178 384 124 
336 0.0718049769544072 -0.06740695946953638 1.3817711444013419 0 0 0 0.83 96 67 313 179 351 134 420 33 447 88 
337 0.07743380676519962 -0.06671326173742848 1.380488687514338 0 0 0 1.38 96 68 420 34 
338 0.10888416884663715 0.17822217331968787 0.847956284402064 0 0 0 1.04 22 16 313 180 384 125 
339 0.004135776106662729 -0.01182650989839426 1.3271353397796297 0 0 0 0.31 141 105 146 43 205 95 351 135 384 126 
340 0.11000044696677481 0.18021551681246542 0.8523633522835026 0 0 0 1.05 22 17 146 44 313 181 447 89 
341 0.11161067050025733 0.18173720875602087 0.8596596635214232 0 0 0 0.27 22 18 313 182 384 127 
342 -0.013847205008295341 0.03903352498553514 1.2966381505618578 0 0 0 0.4 205 96 278 189 313 183 384 128 
343 0.05461145510619271 0.08043663314848042 1.278319556913453 0 0 0 0.48 141 106 142 80 175 66 205 97 274 83 278 190 351 136 384 129 439 56 447 90 448 47 456 75 493 82 
344 0.11452679098199332 0.18892322674553827 0.88233584756503 0 0 0 0.15 278 191 313 184 384 130 
345 0.07672562893203494 0.09618275484551937 1.2742526363019715 0 0 0 0.37 84 53 96 69 114 41 141 107 161 69 175 67 274 84 278 192 288 22 313 185 351 137 447 91 448 48 493 83 
346 0.10586134055828773 0.20204391003303943 0.815924111528128 0 0 0 0.41 22 19 313 186 448 49 
347 0.10955273017885901 0.19535464466291652 0.8518675015884796 0 0 0 0.27 146 45 313 187 351 138 384 131 401 6 
348 0.1104901651939019 0.1949466327701918 0.8603522514780141 0 0 0 0.24 96 70 141 108 161 70 313 188 351 139 384 132 448 50 
349 0.07275760917342332 0.1371785303073378 1.1712213071900186 0 0 0 0.61 84 54 96 71 113 11 141 109 142 81 221 9 274 85 278 193 288 23 313 189 351 140 439 57 447 92 448 51 493 84 
350 0.10777283979654023 0.2070062530684281 0.8363036925055595 0 0 0 0.49 96 72 205 98 313 190 384 133 
351 0.11680292056323419 0.19891347251664943 0.9149267187069146 0 0 0 0.59 96 73 278 194 313 191 384 134 447 93 
352 0.10845849724811234 0.21598759201299836 0.8410164419410869 0 0 0 0.24 96 74 278 195 439 58 
353 0.11216370578242608 0.2116957160462449 0.8909052303471154 0 0 0 0.41 100 36 112 20 114 42 141 110 146 46 151 14 351 141 384 135 447 94 
354 0.12050862113562273 0.20253825168128367 1.1143220536035234 0 0 0 0.41 96 75 278 196 288 24 313 192 
355 0.1204545691027332 0.20252312606985381 1.1149429495946126 0 0 0 0.35 96 76 274 86 278 197 313 193 447 95 493 85 
356 0.10957587044758715 0.22050050951885106 0.8514082744774859 0 0 0 0.43 96 77 278 198 313 194 351 142 
357 0.10951578643975957 0.22048492473076028 0.8514984346473347 0 0 0 0.4 96 78 278 199 313 195 
358 0.10889076236330998 0.22419424076474395 0.8489597388271927 0 0 0 0.26 96 79 278 200 313 196 
359 0.11041070800476857 0.23769616494321552 0.8870105006272638 0 0 0 0.55 141 111 151 15 274 87 351 143 384 136 456 76 
360 0.1210902541565867 0.27159063351212304 0.937152182719487 0 0 0 0.91 84 55 161 71 175 68 278 201 313 197 
361 0.1078325123643462 0.17969044926207903 0.821074769856267 0 0 0 0.1 96 80 278 202 313 198 384 137 401 7 
362 0.10924518960211096 0.17612021161252175 0.8329408912087142 0 0 0 0.6 278 203 313 199 384 138 447 96 
363 0.10860242945579178 0.18819668795339467 0.8225692164601874 0 0 0 0.33 96 81 278 204 313 200 384 139 
364 0.10735404390554079 0.19552106429039431 0.8166921169009678 0 0 0 0.15 96 82 313 201 384 140 447 97 
365 0.10548499831941514 0.20069249970893302 0.8157652916543928 0 0 0 0.49 22 20 141 112 146 47 313 202 
366 0.09847377198908372 0.11416347741521198 1.2681813349131403 0 0 0 0.29 205 99 274 88 288 25 384 141 447 98 493 86 
367 0.10636741655503477 0.2082032401666814 0.8184214916215067 0 0 0 1.37 96 83 205 100 278 205 313 203 
368 0.10944508893368703 0.20152234097312907 0.8554524298257186 0 0 0 0.29 112 21 141 113 142 82 161 72 274 89 351 144 384 142 447 99 
369 0.10707330666222405 0.2105826300615871 0.8101837695914873 0 0 0 0.15 96 84 278 206 313 204 
370 0.10793685431940571 0.20573807047723405 0.8365856063923757 0 0 0 0.5 96 85 205 101 313 205 384 143 447 100 
371 0.10796431236322956 0.21181713284532433 0.8333647346837947 0 0 0 0.4 141 114 313 206 384 144 
372 0.10879011995325409 0.2152614043273648 0.841981487962922 0 0 0 0.14 55 23 113 12 146 48 401 8 
373 0.11224190497565611 0.21481221133879616 0.888605103124007 0 0 0 1.04 84 56 313 207 456 77 
374 0.10862871060779258 0.21962449196151254 0.8513331556305094 0 0 0 0.37 55 24 112 22 141 115 161 73 351 145 384 145 401 9 447 101 
375 0.11028722015228302 0.22557458513225226 0.8866011109512888 0 0 0 0.3 151 16 161 74 274 90 313 208 351 146 447 102 456 78 
376 0.12087960714120438 0.22840543356204301 0.9692696043636648 0 0 0 0.32 146 49 151 17 161 75 175 69 384 146 448 52 
377 0.11141676506486974 0.2253949156307881 0.8802185724982416 0 0 0 0.5 84 57 100 37 142 83 151 18 161 76 274 91 313 209 384 147 439 59 447 103 448 53 
378 0.11536002069959139 0.2329718973723414 0.9518058772097417 0 0 0 0.51 114 43 141 116 146 50 151 19 161 77 175 70 274 92 351 147 384 148 401 10 439 60 447 104 456 79 493 87 
379 0.12915484789595189 0.24443724912214385 1.1521809113677703 0 0 0 0.52 141 117 146 51 384 149 
380 0.11095547204236174 0.23191519125244625 0.8725412877667691 0 0 0 0.26 110 3 112 23 114 44 141 118 151 20 274 93 447 105 
381 0.10786568614467015 0.17777034192874547 0.8215544312035968 0 0 0 0.43 55 25 74 3 96 86 112 24 114 45 151 21 161 78 173 5 313 210 351 148 384 150 401 11 447 106 
382 -0.0009543473307491133 0.0025425558744216607 1.3194610732493248 0 0 0 0.59 55 26 141 119 146 52 351 149 384 151 
383 0.10978920305464028 0.1784741668869956 0.8390891193816876 0 0 0 0.49 74 4 112 25 146 53 151 22 278 207 313 211 384 152 
384 0.11142534913538782 0.18359726032958523 0.854547350315596 0 0 0 0.47 100 38 110 4 112 26 146 54 151 23 173 6 274 94 313 212 494 10 
385 0.11007232074826108 0.18916104926145416 0.8521034273585474 0 0 0 0.4 22 21 112 27 313 213 351 150 384 153 
386 0.10538284666604916 0.1996185546980112 0.8156228159922984 0 0 0 0.81 22 22 146 55 161 79 313 214 351 151 401 12 
387 0.10709111429061015 0.19945829315489777 0.82052023068955 0 0 0 0.51 22 23 110 5 112 28 114 46 141 120 146 56 313 215 447 107 
388 0.11121610119571906 0.1881771130125425 0.8707342362245702 0 0 0 0.51 55 27 151 24 175 71 274 95 278 208 313 216 384 154 447 108 493 88 
389 0.05076381273141357 0.09174815560619931 1.2648060784548407 0 0 0 0.88 114 47 141 121 278 209 313 217 351 152 447 109 448 54 493 89 
390 0.10738219954213328 0.20149826101094373 0.819512480796159 0 0 0 0.79 22 24 110 6 112 29 114 48 141 122 151 25 274 96 313 218 351 153 447 110 
391 0.11183987055173726 0.1936218313281612 0.857825068706455 0 0 0 0.86 22 25 84 58 313 219 384 155 
392 0.10978976295077764 0.20308427287346734 0.8567413990836458 0 0 0 0.38 112 30 114 49 141 123 142 84 151 26 161 80 175 72 274 97 351 154 384 156 401 13 439 61 447 111 493 90 
393 0.10749105665104197 0.20724460974093364 0.8267839670917796 0 0 0 0.11 112 31 274 98 313 220 
394 0.10815608813482212 0.20803774150107623 0.8360337800801897 0 0 0 0.33 112 32 114 50 141 124 142 85 274 99 351 155 384 157 439 62 447 112 
395 0.11022131603539921 0.20416792889773247 0.874783667358414 0 0 0 0.45 55 28 84 59 100 39 114 51 142 86 146 57 151 27 161 81 175 73 278 210 351 156 384 158 439 63 447 113 
396 0.1095433653653789 0.2085517200540611 0.8557318334639028 0 0 0 0.44 112 33 141 125 142 87 151 28 161 82 274 100 351 157 384 159 401 14 439 64 447 114 
397 0.10989066161137592 0.20840378226950462 0.8552100961916952 0 0 0 0.46 141 126 173 7 351 158 384 160 401 15 
398 0.1118819339126473 0.20932385205759851 0.8906592702971764 0 0 0 0.23 110 7 112 34 114 52 151 29 274 101 384 161 401 16 447 115 
399 0.10690716141569062 0.21518122514041074 0.8313040925360379 0 0 0 0.5 84 60 141 127 142 88 205 102 278 211 313 221 351 159 439 65 447 116 
400 0.10886731246889138 0.21322063284270493 0.8520175694397386 0 0 0 0.4 112 35 114 53 141 128 142 89 151 30 161 83 274 102 351 160 439 66 447 117 
401 0.11401855321043328 0.226182392491411 0.8260990915891745 0 0 0 0.09 141 129 313 222 384 162 
402 0.12090058742739133 0.23274039186050843 0.9682381689254144 0 0 0 0.91 84 61 96 87 175 74 313 223 
403 0.11510497814554232 0.23609027986681422 0.8577642945456169 0 0 0 0.27 55 29 141 130 146 58 151 31 351 161 384 163 
404 0.11459540211309145 0.23596275521609675 0.8580671404712693 0 0 0 0.68 141 131 142 90 313 224 351 162 456 80 
405 0.11433329422066689 0.24596108624748714 0.9427712828848511 0 0 0 0.37 100 40 114 54 141 132 142 91 151 32 161 84 175 75 274 103 278 212 351 163 384 164 439 67 447 118 493 91 
406 0.1115943002021916 0.24333455512358065 0.8971168955206029 0 0 0 0.42 55 30 141 133 146 59 151 33 274 104 
407 0.11774677361722348 0.25208538496438304 0.9631754897186656 0 0 0 0.62 141 134 151 34 274 105 351 164 384 165 447 119 456 81 
408 0.11657017403468115 0.25252699692189773 0.8955574090214593 0 0 0 0.36 146 60 161 85 175 76 274 106 278 213 
409 0.11801079394949811 0.26031985971238153 0.9597293023340855 0 0 0 0.15 151 35 274 107 351 165 384 166 
410 0.11645951105554 0.25030542739482287 0.8749426500319231 0 0 0 0.23 55 31 110 8 141 135 274 108 401 17 447 120 
411 0.12624230785496754 0.2930592217728813 1.0305479649017093 0 0 0 0.31 114 55 141 136 151 36 274 109 351 166 447 121 
412 0.1273464203593469 0.29263697896870455 1.0286624830948794 0 0 0 0.41 84 62 100 41 141 137 274 110 313 225 447 122 
413 0.21892159026554503 0.2138345776646569 0.6891967443113028 0 0 0 1.25 384 167 447 123 
414 0.10790035308095895 0.1832917005851741 0.8204893733853007 0 0 0 0.52 96 88 112 36 141 138 151 37 175 77 278 214 313 226 351 167 447 124 
415 0.10828108438638914 0.18431351501369317 0.8229017023381652 0 0 0 0.36 55 32 74 5 96 89 112 37 141 139 151 38 161 86 274 111 278 215 313 227 351 168 384 168 447 125 
416 -0.005304701447265362 0.022625174851768116 1.3079917937452707 0 0 0 0.56 141 140 146 61 175 78 278 216 351 169 384 169 456 82 
417 0.10623083116684678 0.20386569938046886 0.817282575132317 0 0 0 0.46 22 26 114 56 175 79 313 228 351 170 401 18 447 126 
418 0.1106012188897553 0.20013218475454633 0.8673094938861378 0 0 0 0.39 55 33 110 9 146 62 313 229 351 171 
419 0.11360590803103719 0.19789706917073005 0.8902477303874522 0 0 0 0.67 55 34 146 63 313 230 384 170 
420 0.11360580221529222 0.23865553759771208 0.8548653846544352 0 0 0 0.24 151 39 313 231 384 171 
421 0.13039461185665277 0.2452257971448827 0.8603269284283731 0 0 0 1.21 100 42 175 80 493 92 
422 0.11656722762420205 0.2526093823462782 0.8790301200254265 0 0 0 0.36 141 141 151 40 274 112 351 172 401 19 447 127 456 83 
423 0.11983037523556744 0.2541538086855782 0.8981909994993843 0 0 0 0.45 55 35 110 10 112 38 114 57 141 142 151 41 161 87 274 113 351 173 401 20 
424 0.1258739838779808 0.2752358603031717 0.9680982011024784 0 0 0 1.07 146 64 205 103 384 172 447 128 
425 0.11863041850094312 0.25405634242738195 0.8538159111865714 0 0 0 0.12 141 143 351 174 384 173 
426 0.12269863186450664 0.24448833762009856 0.8053992073329095 0 0 0 0.15 141 144 384 174 447 129 
427 0.12784436985277636 0.26419530502524596 0.8744345642909362 0 0 0 0.38 313 232 384 175 447 130 
428 0.11090823255439294 0.17634881246589992 0.8274161088126623 0 0 0 0.84 113 13 151 42 274 114 313 233 494 11 
429 0.10760665728731522 0.18926292736934192 0.8129170587897027 0 0 0 0.34 96 90 112 39 146 65 151 43 161 88 175 81 313 234 384 176 439 68 448 55 
430 -0.012041883130654542 0.03687780186758438 1.303554742757726 0 0 0 0.51 205 104 278 217 313 235 456 84 
431 0.1064811109333748 0.20101314434148362 0.8187083227224651 0 0 0 0.38 22 27 55 36 110 11 112 40 114 58 151 44 161 89 175 82 313 236 351 175 401 21 447 131 
432 0.10869745537088502 0.19675854257122263 0.8405117971375514 0 0 0 0.47 55 37 110 12 112 41 114 59 141 145 146 66 151 45 161 90 173 8 274 115 313 237 351 176 401 22 447 132 
433 0.10689614258272373 0.20572367276745707 0.8175155037762266 0 0 0 0.48 22 28 55 38 114 60 141 146 161 91 274 116 313 238 351 177 401 23 447 133 
434 0.10745650779775665 0.20574638461536446 0.8171841906273701 0 0 0 0.39 84 63 142 92 161 92 274 117 278 218 313 239 351 178 439 69 447 134 
435 0.10934086616176984 0.2202296105081245 0.8563273698908376 0 0 0 0.4 84 64 141 147 142 93 161 93 313 240 351 179 384 177 439 70 447 135 
436 0.11217341411581938 0.23423268055924268 0.814589421595211 0 0 0 0.61 114 61 175 83 313 241 351 180 
437 0.12656929342710424 0.25516987694519666 0.8331224034167719 0 0 0 0.52 110 13 151 46 274 118 
438 0.108902565328903 0.20756839545603853 0.8519967274135777 0 0 0 0.43 55 39 141 148 151 47 274 119 351 181 384 178 401 24 447 136 
439 0.11016622702481545 0.2165884565086871 0.8870272977520988 0 0 0 0.72 100 43 112 42 142 94 161 94 274 120 384 179 447 137 493 93 
440 0.1117263714513569 0.2318127879174056 0.8065714021810638 0 0 0 0.33 100 44 313 242 351 182 384 180 448 56 
441 0.11150570422987387 0.2331949534647035 0.8112997117971289 0 0 0 0.32 55 40 161 95 384 181 447 138 
442 0.1141844786516425 0.23974110372282553 0.8632689016922352 0 0 0 1.04 55 41 146 67 151 48 384 182 447 139 
443 0.10782472373452057 0.21099067927753265 0.8299094400813581 0 0 0 0.76 141 149 142 95 151 49 161 96 175 84 274 121 313 243 351 183 439 71 447 140 
444 0.11725537491355818 0.12703980255078445 1.307033857390879 0 0 0 0.28 278 219 288 26 313 244 
445 0.09822314208007472 0.05924757477852629 1.3905035611633207 0 0 0 0.35 384 183 447 141 493 94 
446 0.05989265472148861 0.000893034625089697 1.3248300592230176 0 0 0 0.37 161 97 278 220 313 245 448 57 
447 0.012027831258290734 0.0057331250588037045 1.3170121403849153 0 0 0 0.39 205 105 278 221 351 184 
448 -0.01566961411959357 0.03308227515269999 1.3043021524609637 0 0 0 0.9 141 150 278 222 313 246 351 185 420 35 493 95 
449 -0.03500067299306069 0.09740076387071475 1.2619447510625532 0 0 0 0.21 278 223 313 247 384 184 
450 -0.003933208179354967 0.16696868882685398 1.152904156266066 0 0 0 0.87 84 65 146 68 151 50 274 122 
451 -0.04019927207225485 0.13362540405352494 1.1714144080159583 0 0 0 2.19 146 69 151 51 351 186 420 36 
452 0.15080383948010007 0.3001628530681056 1.3923674018590453 0 0 0 0.29 161 98 278 224 313 248 448 58 
453 0.15037030885267033 0.29966525740888034 1.3853572926324111 0 0 0 1.12 114 62 142 96 274 123 278 225 313 249 351 187 363 4 
454 0.14914523542579552 0.27192398486840613 1.3974434347299391 0 0 0 0.45 84 66 161 99 313 250 
455 0.12086942667835304 0.1572350007498208 1.2699926472692367 0 0 0 0.5 278 226 313 251 351 188 
456 0.106278874564846 0.09280367592828485 1.2952457220791074 0 0 0 0.57 205 106 278 227 288 27 313 252 
457 0.07542709979433013 -0.046086705718610926 1.3969316517246715 0 0 0 0.7 142 97 205 107 351 189 
458 0.07433945479598672 0.07969186379716676 1.2809404444691288 0 0 0 0.32 100 45 142 98 161 100 278 228 313 253 447 142 448 59 493 96 
459 0.058873099734471857 -0.014444829616804822 1.332747924393825 0 0 0 0.49 205 108 278 229 384 185 439 72 
460 0.06635894681148818 0.1057915695900164 1.2608480360610848 0 0 0 0.22 313 254 439 73 448 60 
461 0.06590543341658049 0.10548576389614296 1.262251810351987 0 0 0 0.38 205 109 351 190 493 97 
462 0.0390087243532915 0.007181667517114267 1.3248843422933627 0 0 0 0.99 313 255 351 191 494 12 
463 0.03580027529536456 -0.02664985624854512 1.3378540210852308 0 0 0 0.23 100 46 141 151 278 230 313 256 351 192 420 37 
464 0.006890062028413749 -0.04351191005144249 1.3655167232873413 0 0 0 0.74 141 152 278 231 313 257 
465 0.009049326840828457 -0.04330672411833596 1.3616447012960835 0 0 0 0.42 141 153 351 193 384 186 
466 0.025361856419094043 0.048261409596079205 1.2961614620879243 0 0 0 0.58 175 85 313 258 448 61 493 98 
467 -0.029802775496094492 0.08233914871168288 1.2703850146612956 0 0 0 0.95 142 99 175 86 205 110 313 259 351 194 456 85 
468 -0.025544750519036912 0.1443202885447399 1.1599799841292804 0 0 0 0.15 278 232 313 260 351 195 
469 0.11698839053168227 0.24332503845186776 0.8848679214726672 0 0 0 0.18 141 154 313 261 351 196 
470 0.15413263284046783 0.28310049561006123 1.3942321863261284 0 0 0 0.64 175 87 278 233 313 262 351 197 493 99 
471 0.14905101722426609 0.23212632966881855 1.3193104588321063 0 0 0 0.39 142 100 278 234 313 263 
472 0.15268512488958302 0.2994901153132393 1.2650672139583121 0 0 0 0.68 141 155 278 235 313 264 
473 0.1466471806300977 0.3220455066179438 1.2728591083758634 0 0 0 0.04 175 88 278 236 313 265 
474 0.14702519292271482 0.24352669442110558 1.3060519848935166 0 0 0 0.23 141 156 313 266 351 198 
475 0.14100104221592485 0.31973268865709986 1.229634146854048 0 0 0 0.45 142 101 278 237 313 267 
476 0.1311900984000587 0.342821274963274 1.2637208403157552 0 0 0 1.55 74 6 278 238 313 268 
477 0.1394609149450545 0.34783004296993547 1.2534214935382753 0 0 0 0.6 146 70 288 28 384 187 
478 0.14029692598979163 0.2624904848673355 1.258149714362154 0 0 0 1.0 74 7 278 239 313 269 
479 0.1579258532470927 0.3039430421946925 1.1615814848150463 0 0 0 2.17 278 240 313 270 439 74 
480 0.14077444928482483 0.24356741498759604 1.234935879810692 0 0 0 0.18 278 241 313 271 363 5 
481 0.13803204639955943 0.26403932179948564 1.2189908567614127 0 0 0 0.19 112 43 278 242 351 199 
482 0.12714530223609058 0.16043739070549914 1.3283120409069584 0 0 0 0.52 146 71 205 111 351 200 
483 0.13917291287378822 0.2437407183372308 1.2117324474053313 0 0 0 0.24 161 101 278 243 313 272 
484 0.130614978346276 0.1849937776099625 1.269557700525499 0 0 0 0.24 141 157 278 244 313 273 351 201 
485 0.12860681355672793 0.18355768637742834 1.2660449616951501 0 0 0 0.33 141 158 146 72 175 89 278 245 351 202 
486 0.12038360875918797 0.15693215791317158 1.276685142640482 0 0 0 0.46 142 102 146 73 278 246 351 203 
487 0.10793082639283297 0.09162802280083665 1.3212624602946657 0 0 0 0.74 175 90 288 29 313 274 
488 0.12165339812456466 0.16218268248729997 1.2574133044151783 0 0 0 0.2 278 247 288 30 313 275 
489 0.13111198970740898 0.22774871571946778 1.1562412559943096 0 0 0 0.29 175 91 274 124 278 248 439 75 
490 0.13055247488449923 0.28496909707521195 1.1447693730661335 0 0 0 0.81 175 92 313 276 351 204 
491 0.14610422526396094 0.283450728957122 1.1140175960280483 0 0 0 1.74 161 102 173 9 494 13 
492 0.10680836659055025 0.14105538519832242 1.2622300713745445 0 0 0 0.27 146 74 384 188 493 100 
493 0.12756122790491373 0.2873074592076876 1.1030698177279061 0 0 0 0.41 175 93 278 249 447 143 
494 0.12906394667747303 0.1875902817394163 1.1212252254273254 0 0 0 2.16 45 6 161 103 205 112 
495 0.1263934312181806 0.2858541812728829 1.0848891746941995 0 0 0 0.42 141 159 161 104 313 277 439 76 
496 0.12554017621007676 0.29403696802904156 1.1102100482379276 0 0 0 0.3 112 44 151 52 274 125 447 144 
497 0.06190502611334701 -0.02710642636801825 1.3406735886277188 0 0 0 0.78 141 160 142 103 161 105 205 113 351 205 456 86 
498 0.09382461489362129 0.14258764725588904 1.1909046440685445 0 0 0 0.68 45 7 205 114 313 278 
499 0.05256288192200408 -0.027304442993845688 1.341377825404784 0 0 0 0.54 175 94 274 126 278 250 313 279 351 206 439 77 447 145 448 62 
500 0.04467500272810962 0.03319902926827591 1.3019780387778046 0 0 0 0.31 141 161 439 78 456 87 
501 0.025145806138171044 0.003218270690757884 1.3191014049908727 0 0 0 0.34 84 67 114 63 141 162 142 104 146 75 161 106 175 95 205 115 274 127 278 251 351 207 384 189 439 79 447 146 493 101 
502 0.02478045693664444 0.005132006864377178 1.3170856417983527 0 0 0 0.52 84 68 205 116 278 252 384 190 439 80 447 147 448 63 456 88 493 102 
503 0.020844846990869224 0.003219947629248596 1.3186293658332984 0 0 0 0.47 100 47 142 105 205 117 278 253 456 89 
504 0.01818429433191448 0.019983997156501763 1.31054296892977 0 0 0 0.59 84 69 141 163 142 106 175 96 313 280 439 81 
505 0.017021327964803223 0.08030681275470948 1.2731055679424286 0 0 0 0.63 141 164 205 118 278 254 439 82 456 90 
506 0.005398923753798219 0.01897427968629543 1.3094766674107468 0 0 0 0.33 205 119 278 255 313 281 
507 -0.00846432398776923 0.016970398567323044 1.3126939032882707 0 0 0 0.4 205 120 384 191 456 91 
508 -0.006473563331957282 0.05610843096861024 1.2995527414662142 0 0 0 0.49 384 192 401 25 456 92 
509 -0.020255565531516535 0.04914207282889036 1.2934625025716198 0 0 0 0.22 113 14 146 76 205 121 384 193 456 93 
510 -0.02143090299321901 0.05493581812617368 1.29130696059077 0 0 0 0.08 278 256 448 64 456 94 
511 -0.0267418278827418 0.07108904129458807 1.2813740464827414 0 0 0 0.28 205 122 278 257 313 282 456 95 
512 -0.016704412520524004 0.09671987114174245 1.265394482790055 0 0 0 0.39 205 123 313 283 456 96 
513 0.03423016541592898 0.1752458717891061 1.1513806735898127 0 0 0 0.22 141 165 278 258 384 194 493 103 
514 -0.027816972266470633 0.08283273157813041 1.2739199714489635 0 0 0 0.25 278 259 313 284 456 97 
515 -0.030843627739538183 0.07950280848123333 1.277170243279591 0 0 0 0.31 205 124 278 260 313 285 456 98 
516 -0.031097197275137756 0.07939614948571148 1.277645971358828 0 0 0 0.33 278 261 313 286 456 99 
517 -0.03303098856297171 0.08698687923431495 1.2730380716744052 0 0 0 0.3 205 125 278 262 351 208 448 65 
518 0.1169300214704827 0.20455366537267272 0.9295847579826333 0 0 0 1.28 205 126 313 287 456 100 
519 0.14978626848135623 0.28329346881076345 1.3104812079513484 0 0 0 0.07 114 64 278 263 313 288 
520 0.14892237175975756 0.22822123257529123 1.368319101246041 0 0 0 0.36 84 70 175 97 278 264 313 289 351 209 
521 0.14569385094544965 0.34083089153149015 1.262085554636259 0 0 0 0.32 84 71 114 65 175 98 278 265 313 290 351 210 
522 0.14645758822245603 0.2735232123432031 1.2851584726129774 0 0 0 1.25 74 8 114 66 146 77 
523 0.1474138723625464 0.28818313273738927 1.243751582067625 0 0 0 0.23 141 166 146 78 384 195 
524 0.14401563455676566 0.3111102393271524 1.2544301926971204 0 0 0 0.36 146 79 351 211 384 196 447 148 493 104 
525 0.14430312821112684 0.2575581896251577 1.2629631462395712 0 0 0 0.42 142 107 161 107 175 99 278 266 313 291 351 212 439 83 448 66 493 105 
526 0.1410901505015075 0.29537068996880567 1.2180658963836495 0 0 0 0.56 142 108 278 267 313 292 
527 0.12544552743448575 0.16417411019230496 1.3950537559517464 0 0 0 1.16 100 48 278 268 313 293 351 213 447 149 448 67 
528 0.13575924994596072 0.22500216096144543 1.276917980756624 0 0 0 0.75 55 42 110 14 384 197 
529 0.13716316564115397 0.2244184879077187 1.260319607225532 0 0 0 0.26 175 100 288 31 313 294 
530 0.14324306482490587 0.2789654073239276 1.200317002974574 0 0 0 0.2 141 167 288 32 384 198 
531 0.14340111287014515 0.28428053360981176 1.2014971251745976 0 0 0 0.43 74 9 84 72 278 269 313 295 
532 0.1325872033047233 0.186215786778701 1.2939228804748806 0 0 0 0.3 175 101 278 270 313 296 
533 0.13653678958211565 0.21219540802868142 1.2303423558582771 0 0 0 0.23 146 80 288 33 384 199 447 150 
534 0.13650478934223884 0.21230937900960226 1.2306081750319384 0 0 0 0.08 146 81 288 34 384 200 
535 0.13767708927950084 0.2558255328424924 1.2103944368514716 0 0 0 0.27 141 168 175 102 274 128 278 271 288 35 313 297 
536 0.13728424600253278 0.2708278597858126 1.2065412548827559 0 0 0 0.53 146 82 351 214 384 201 
537 0.12009859931368991 0.10831033888713791 1.3660885018975228 0 0 0 0.73 84 73 420 38 
538 0.11264001837269803 0.10729348701867064 1.3936306346618899 0 0 0 0.45 84 74 142 109 278 272 313 298 351 215 493 106 
539 0.12780781132802319 0.1735924695629681 1.278333311811645 0 0 0 0.16 278 273 288 36 313 299 
540 0.13191873849337765 0.18717156893338657 1.2643334725103936 0 0 0 0.28 175 103 288 37 313 300 
541 0.1367027781689882 0.21683836826732614 1.2121131334934105 0 0 0 1.76 278 274 313 301 
542 0.12132410896844283 0.1452975199830855 1.299259929096341 0 0 0 0.89 84 75 113 15 313 302 
543 0.12367989380107453 0.1683368534396451 1.267655502623443 0 0 0 0.31 278 275 288 38 313 303 
544 0.12716970747071119 0.22208076775554245 1.2122900788781095 0 0 0 0.16 142 110 313 304 351 216 
545 0.13369491360942265 0.27860511363004004 1.1481004016000165 0 0 0 0.86 142 111 175 104 278 276 313 305 
546 0.09363887561025834 0.04802587069186274 1.399390415195373 0 0 0 0.49 84 76 100 49 142 112 313 306 351 217 
547 0.1309267903899299 0.2811575493907613 1.144304942197083 0 0 0 0.09 288 39 384 202 447 151 
548 0.13001650052497596 0.28145058735346024 1.1426939847773494 0 0 0 0.15 96 91 278 277 313 307 
549 0.1289338224820943 0.2932314453096787 1.1435277715328684 0 0 0 0.34 141 169 351 218 384 203 493 107 
550 0.12925954477557472 0.2956586637714003 1.1373637261439709 0 0 0 0.16 142 113 278 278 448 68 
551 0.12846257550891466 0.30082740783243284 1.137830771402934 0 0 0 0.24 146 83 278 279 313 308 
552 0.12900053853265037 0.30361395476842634 1.1355952756234295 0 0 0 0.07 278 280 313 309 363 6 
553 0.11030029248495696 0.10193412105696303 1.2749524268349677 0 0 0 0.64 55 43 146 84 221 10 
554 0.11756330731144485 0.12325489641629903 1.2669383065571858 0 0 0 0.63 55 44 146 85 221 11 
555 0.12937483726517485 0.23128468218988762 1.1410352780889994 0 0 0 0.69 142 114 146 86 205 127 278 281 
556 0.1302482414837452 0.27354538233035436 1.1182282662670442 0 0 0 0.29 146 87 161 108 384 204 
557 0.13067412974316933 0.2201957863028434 1.13217271944066 0 0 0 0.52 142 115 274 129 278 282 288 40 313 310 439 84 448 69 
558 0.12689760235225758 0.2808844024969215 1.0997321809136382 0 0 0 0.42 74 10 278 283 313 311 
559 0.1277214659883241 0.2932698315096059 1.1000840523373436 0 0 0 0.25 84 77 278 284 313 312 351 219 447 152 
560 0.07631538383393234 0.015394066187343399 1.3623525422390332 0 0 0 1.55 274 130 313 313 
561 0.12731669912024407 0.27880123986983213 1.0878020612578567 0 0 0 0.44 161 109 175 105 278 285 313 314 351 220 439 85 
562 0.12621124141408727 0.28174682781996824 1.0937216735579365 0 0 0 0.66 74 11 278 286 313 315 
563 0.12729121425740983 0.2843310443040181 1.0886454173127103 0 0 0 0.47 141 170 278 287 351 221 
564 0.13363117907414404 0.28320173182291647 1.077360547048594 0 0 0 1.97 112 45 351 222 
565 0.07447649153219614 -0.035909519413009905 1.3882910651238785 0 0 0 1.03 100 50 142 116 161 110 175 106 205 128 274 131 351 223 384 205 439 86 447 153 448 70 493 108 
566 0.12804529216609045 0.2673235523261301 1.0820163925154278 0 0 0 0.5 141 171 175 107 313 316 351 224 
567 0.12656059804974876 0.2792938070938535 1.0648718590813087 0 0 0 0.76 142 117 313 317 447 154 
568 0.12612598119965554 0.2880457430491818 1.0727489922669615 0 0 0 0.65 114 67 146 88 274 132 351 225 384 206 447 155 493 109 
569 0.12604030073628655 0.28792416963005124 1.072924927908698 0 0 0 0.6 141 172 175 108 274 133 278 288 351 226 493 110 
570 0.12538586401907617 0.27721901083173006 1.0657953955483117 0 0 0 0.29 141 173 351 227 384 207 
571 0.1256685644248221 0.28036127548671635 1.0636663132284898 0 0 0 0.36 146 89 161 111 384 208 439 87 
572 0.06713925274633854 0.06991282509488035 1.2896554622588432 0 0 0 0.09 96 92 278 289 420 39 
573 0.12460911648769425 0.23860643939585982 1.061014985042425 0 0 0 0.34 100 51 141 174 142 118 175 109 278 290 288 41 313 318 447 156 493 111 
574 0.09177955077472022 0.1562947230130524 1.1748417979612478 0 0 0 0.27 45 8 278 291 313 319 
575 0.12704612609022622 0.25896742970913667 1.0425792943277286 0 0 0 0.31 141 175 175 110 278 292 351 228 
576 0.037164695617429494 -0.0019529327719085548 1.320510104760408 0 0 0 0.32 96 93 175 111 274 134 278 293 313 320 447 157 448 71 
577 0.032791114895624716 0.002856117091018354 1.3210742212381195 0 0 0 0.32 96 94 100 52 114 68 175 112 278 294 313 321 351 229 420 40 447 158 
578 0.03717616565953447 0.08183704497371157 1.2760883267914247 0 0 0 0.68 141 176 175 113 274 135 278 295 288 42 313 322 351 230 447 159 448 72 
579 0.07840421164762774 0.21713035874846298 1.149427363117064 0 0 0 0.19 141 177 146 90 278 296 351 231 384 209 447 160 
580 0.12325248305698154 0.27031918183623327 1.0197477638297407 0 0 0 0.38 141 178 175 114 313 323 351 232 
581 0.1221191062796424 0.27133495080560593 1.0205741643130768 0 0 0 0.56 278 297 313 324 363 7 
582 0.12485385270817385 0.2501868073904736 1.0018782165583267 0 0 0 0.53 110 15 112 46 494 14 
583 0.0011535778931270751 -0.009963066727481474 1.3240169582457217 0 0 0 0.32 141 179 146 91 205 129 278 298 384 210 456 101 
584 0.010002345423019803 0.04140657016663237 1.2977832077897615 0 0 0 0.28 100 53 205 130 274 136 351 233 
585 0.0016615114024858067 0.06090710946407938 1.2886242034630022 0 0 0 0.6 84 78 141 180 146 92 205 131 274 137 278 299 351 234 384 211 447 161 493 112 
586 0.011865859687706834 0.07999897107964397 1.2758150117191656 0 0 0 0.51 96 95 100 54 205 132 278 300 313 325 447 162 456 102 
587 -0.010664567789897215 0.026957423300993173 1.305845775860064 0 0 0 0.24 146 93 205 133 278 301 351 235 384 212 456 103 
588 0.12003023951104343 0.2632207442091692 0.9921626168092331 0 0 0 0.56 278 302 313 326 363 8 
589 -0.014971144604427573 0.03192632160100717 1.3059087363570687 0 0 0 0.23 113 16 313 327 351 236 
590 -0.013613351769978538 0.07092403499601382 1.2849530725202758 0 0 0 0.39 84 79 205 134 447 163 456 104 494 15 
591 -0.011256008628435305 0.08631158950948693 1.2708683782959787 0 0 0 0.53 146 94 221 12 274 138 384 213 439 88 447 164 493 113 494 16 
592 0.03999820724632001 0.13525557689265794 1.1637101298794446 0 0 0 1.62 142 119 384 214 447 165 448 73 
593 0.03912899830383687 0.17403350273484397 1.1513415505191533 0 0 0 0.21 96 96 146 95 278 303 384 215 
594 -0.024377990421874475 0.06314132267104594 1.287005614616302 0 0 0 0.45 55 45 113 17 205 135 221 13 278 304 351 237 384 216 456 105 
595 -0.026173552859097192 0.06440347830533232 1.285742727862258 0 0 0 0.44 55 46 113 18 146 96 151 53 205 136 221 14 278 305 351 238 384 217 456 106 
596 -0.02908431102736373 0.07276132109091521 1.2855522261819083 0 0 0 0.62 55 47 67 7 96 97 146 97 151 54 205 137 221 15 351 239 384 218 456 107 
597 -0.0284747677044452 0.07319258386629557 1.2840026302497187 0 0 0 0.42 55 48 96 98 146 98 205 138 221 16 278 306 351 240 384 219 456 108 
598 0.03848875086992596 0.16765432923221163 1.149754125782024 0 0 0 0.34 146 99 278 307 351 241 384 220 
599 0.1194962289039568 0.2526135858131395 0.9722502921796637 0 0 0 0.46 142 120 278 308 313 328 351 242 439 89 
600 -0.03302882948356366 0.09575850885249287 1.2625263224362684 0 0 0 0.5 55 49 278 309 351 243 
601 0.018764571579660477 0.15979963966736604 1.1529684819219916 0 0 0 0.47 67 8 112 47 274 139 447 166 
602 0.014183627278733535 0.13775660950264992 1.15533308144971 0 0 0 0.6 110 16 114 69 141 181 142 121 146 100 161 112 384 221 447 167 493 114 
603 0.006474687123636635 0.14916677123264457 1.1609431336280807 0 0 0 0.42 55 50 146 101 278 310 351 244 
604 0.11077771396886714 0.18958604797058443 0.8700378228524822 0 0 0 0.33 161 113 313 329 448 74 
605 -0.03263937630845915 0.14324203049708548 1.158253492878973 0 0 0 1.09 142 122 313 330 439 90 
606 0.15391685612192585 0.26368082540780197 1.3165290720144782 0 0 0 0.25 84 80 278 311 313 331 
607 0.15088359984518476 0.27744658021816454 1.321880772658698 0 0 0 0.21 114 70 278 312 313 332 
608 0.14867841551745706 0.35891056788636105 1.2659390112418223 0 0 0 0.38 84 81 278 313 313 333 
609 0.14709347540493692 0.33287665087254303 1.2647041980755163 0 0 0 0.39 84 82 114 71 161 114 175 115 278 314 313 334 351 245 
610 0.14774422452221608 0.23384362692040692 1.296536171816209 0 0 0 0.66 274 140 278 315 313 335 
611 0.14009018083361133 0.30166241965268625 1.2686627468941172 0 0 0 0.94 74 12 114 72 146 102 
612 0.14001783826026143 0.3457282025750229 1.242285676829766 0 0 0 0.53 146 103 288 43 384 222 
613 0.14176831436825776 0.25847117381940893 1.2622321246858461 0 0 0 0.31 96 99 274 141 278 316 288 44 313 336 
614 0.14117900586157203 0.26378147681819375 1.2496626361599663 0 0 0 0.42 114 73 175 116 278 317 288 45 313 337 439 91 447 168 
615 0.14042921868346542 0.2673640421167672 1.2448751216033225 0 0 0 0.64 112 48 274 142 313 338 
616 0.14519392739674075 0.2881148048874496 1.2126253627503711 0 0 0 0.43 146 104 175 117 384 223 
617 0.13345733192980483 0.320969817931456 1.25707309412092 0 0 0 0.76 74 13 278 318 313 339 
618 0.11508652329471608 0.10980745373530956 1.3916300419454868 0 0 0 0.29 84 83 141 182 278 319 313 340 351 246 
619 0.13720634599227613 0.20465593002838622 1.2294151417242842 0 0 0 0.2 146 105 288 46 313 341 
620 0.13483437572830076 0.2130429002288771 1.228206097716596 0 0 0 0.16 146 106 288 47 384 224 
621 0.10077568889728176 0.08139033665479468 1.3977872726437737 0 0 0 0.53 100 55 313 342 351 247 448 75 493 115 
622 0.11769181461613078 0.11750779252428517 1.3190654171188194 0 0 0 0.55 45 9 55 51 151 55 
623 0.12029131273707182 0.13651440911175478 1.3098394290558175 0 0 0 0.56 141 183 274 143 278 320 313 343 
624 0.12017907239432968 0.13755344051224064 1.3018475370655986 0 0 0 0.3 278 321 288 48 313 344 
625 0.12050515122183632 0.14451638476524487 1.2854859533441418 0 0 0 0.39 278 322 288 49 313 345 
626 0.11801399272623252 0.15512796031018364 1.2813030430762162 0 0 0 1.23 45 10 55 52 151 56 
627 0.12703078747133498 0.18850695988809985 1.2505778843337916 0 0 0 0.38 175 118 278 323 288 50 313 346 
628 0.13375986270599688 0.22598367544154094 1.1581717387627912 0 0 0 0.16 274 144 288 51 313 347 
629 0.127580493572095 0.2945994866577133 1.133231396741382 0 0 0 0.31 141 184 146 107 384 225 
630 0.1310046198507198 0.2189699402485636 1.140068593895418 0 0 0 0.82 55 53 110 17 146 108 173 10 384 226 
631 0.13005568373468165 0.24031829309625877 1.1481779811271513 0 0 0 0.44 84 84 151 57 175 119 274 145 288 52 313 348 447 169 
632 0.13414937679416136 0.258155648057417 1.117733919663285 0 0 0 0.16 278 324 313 349 363 9 
633 0.12902237669215577 0.2746132933557314 1.1185934766735537 0 0 0 0.45 84 85 151 58 274 146 288 53 313 350 493 116 
634 0.1281935197728865 0.2754444520235603 1.115614522009819 0 0 0 0.34 151 59 274 147 288 54 447 170 
635 0.1291212899218039 0.2196152402854124 1.1311192029593848 0 0 0 0.43 112 49 146 109 151 60 274 148 384 227 
636 0.129850983198145 0.22773074725800171 1.135694626707211 0 0 0 0.4 114 74 146 110 175 120 288 55 351 248 384 228 447 171 493 117 
637 0.128153619825213 0.275794280248952 1.097784557545003 0 0 0 0.15 146 111 278 325 447 172 
638 0.12749354136661292 0.28945895181503034 1.1074701696271063 0 0 0 0.33 84 86 114 75 274 149 278 326 313 351 351 249 
639 0.13554913970526214 0.2224929603586682 1.0993952428871971 0 0 0 0.56 45 11 55 54 146 112 
640 0.12674581336743862 0.2690705479278474 1.0880406777819616 0 0 0 0.44 141 185 288 56 351 250 447 173 
641 0.12639980800587156 0.2743802047406408 1.0748845352300007 0 0 0 0.4 84 87 142 123 175 121 274 150 278 327 313 352 447 174 
642 0.1271240064784635 0.2849234746014561 1.0618796153442662 0 0 0 0.18 146 113 288 57 351 251 447 175 
643 0.11934102475154196 0.1951473232136149 1.1243400321825414 0 0 0 1.25 45 12 146 114 384 229 
644 0.12393627819449195 0.2407453996778759 1.0708464659439565 0 0 0 0.81 74 14 278 328 313 353 363 10 
645 0.12415774079921506 0.2564293616511711 1.0402028798180185 0 0 0 0.4 142 124 175 122 274 151 278 329 313 354 
646 0.12331993693569959 0.2793619445024588 1.039729016262729 0 0 0 0.25 313 355 363 11 384 230 
647 0.031404578825337266 -0.050079435647270486 1.35076594738267 0 0 0 0.87 84 88 141 186 142 125 274 152 278 330 313 356 351 252 447 176 
648 0.07811529998457088 0.16864622714767033 1.162804747891882 0 0 0 0.48 55 55 141 187 146 115 274 153 456 109 
649 0.12410706315267213 0.2339404015909181 1.0121492139198351 0 0 0 0.21 146 116 288 58 313 357 384 231 
650 0.12258240682291699 0.23262966218253536 1.0092619336715707 0 0 0 0.32 84 89 274 154 278 331 313 358 351 253 447 177 
651 0.12153220284869867 0.24074799526347576 1.0153844082058179 0 0 0 0.78 84 90 278 332 313 359 
652 0.12155277347124593 0.24823482719129394 1.0075922818388798 0 0 0 0.35 142 126 151 61 313 360 447 178 
653 0.05710108274276618 0.1752066637860495 1.154761269058869 0 0 0 0.57 84 91 142 127 278 333 313 361 447 179 493 118 
654 0.12167985036246434 0.24065973426406426 1.0006982342992674 0 0 0 0.4 146 117 151 62 384 232 
655 0.12166539800367243 0.250074373401803 0.9976222142239959 0 0 0 0.35 161 115 175 123 278 334 313 362 351 254 439 92 
656 0.12129799713988637 0.2529405180004737 0.9974127328174002 0 0 0 0.29 151 63 161 116 274 155 351 255 384 233 439 93 
657 -0.013739687521056438 0.08021483076780785 1.2768025873449376 0 0 0 0.71 84 92 205 139 278 335 313 363 351 256 384 234 447 180 456 110 493 119 
658 0.1208471399428125 0.2406512268612216 0.986961639082674 0 0 0 0.36 141 188 142 128 161 117 313 364 
659 0.030475287182676163 0.13855984039696087 1.1609262404171639 0 0 0 0.59 84 93 96 100 100 56 113 19 141 189 151 64 161 118 221 17 274 156 313 365 351 257 401 26 439 94 447 181 493 120 
660 -0.033497915698882136 0.08948661286725583 1.273263845907085 0 0 0 0.59 55 56 67 9 96 101 113 20 146 118 151 65 221 18 278 336 351 258 384 235 
661 -0.03311072508781812 0.08942146906147926 1.2723043597414918 0 0 0 0.29 113 21 146 119 151 66 384 236 
662 0.022283028986354522 0.16476481560876782 1.1494309270401615 0 0 0 0.76 84 94 112 50 113 22 114 76 141 190 142 129 151 67 278 337 384 237 401 27 447 182 493 121 494 17 
663 0.021730059320872044 0.16688127169742048 1.1513067434393596 0 0 0 0.54 112 51 278 338 351 259 401 28 
664 0.009992040864171858 0.17080659979555998 1.1491821881902136 0 0 0 0.42 141 191 274 157 313 366 351 260 
665 0.1145440740208988 0.23953859095932514 0.9610755033317371 0 0 0 0.34 175 124 313 367 439 95 
666 -0.005009121785148523 0.13061089383731714 1.1680166820169258 0 0 0 0.31 67 10 113 23 221 19 274 158 384 238 
667 0.11459161690602049 0.21614070903142996 0.9304154739031812 0 0 0 0.33 161 119 278 339 456 111 
668 0.1515989963642093 0.27695938982536605 1.3835930607743157 0 0 0 0.14 84 95 278 340 313 368 
669 0.15175313771449023 0.3030144011363413 1.3844934848418402 0 0 0 0.22 278 341 313 369 363 12 
670 0.14706789021196476 0.2677961866099401 1.3954526882997242 0 0 0 0.5 100 57 161 120 278 342 288 59 313 370 351 261 447 183 448 76 
671 0.14767772731802212 0.29641938838827225 1.2578656313006475 0 0 0 0.27 84 96 278 343 313 371 
672 0.1481224779588539 0.32614151088389753 1.2711560160516842 0 0 0 0.63 84 97 114 77 175 125 278 344 313 372 351 262 
673 0.14804700162313883 0.2484470837234763 1.2655035619123969 0 0 0 0.28 175 126 278 345 288 60 313 373 
674 0.13213901516496615 0.29689211256673603 1.2934975549883285 0 0 0 1.39 74 15 278 346 313 374 
675 0.13984273439663025 0.3162613470844102 1.249621051541655 0 0 0 0.54 84 98 114 78 274 159 278 347 313 375 
676 0.1285634123708178 0.14915309961960851 1.3855672069046827 0 0 0 1.62 100 58 141 192 146 120 
677 0.1394756815365545 0.2478901657424065 1.2309804578539765 0 0 0 0.49 114 79 146 121 288 61 384 239 
678 0.1386950394687475 0.30735955998651293 1.1979535638883867 0 0 0 0.67 84 99 114 80 274 160 278 348 313 376 439 96 
679 0.1388928869764138 0.2527741153118 1.2146247308052114 0 0 0 0.23 96 102 175 127 278 349 313 377 
680 0.12791632130630431 0.1859994136279667 1.2656250711119241 0 0 0 0.23 146 122 175 128 274 161 278 350 288 62 351 263 
681 0.12921863356703361 0.28532287514820104 1.1439256086246072 0 0 0 0.44 100 59 146 123 447 184 
682 0.11386551097984095 0.17771719798143257 1.244500661569514 0 0 0 0.37 112 52 151 68 175 129 274 162 288 63 351 264 
683 0.12942860013366184 0.2497425544016775 1.1399804919479417 0 0 0 0.58 151 69 175 130 288 64 313 378 
684 0.12524340154750946 0.30833331910743433 1.1149459913086663 0 0 0 1.37 74 16 313 379 363 13 
685 0.12925097783599362 0.22861259806965495 1.1240647477880272 0 0 0 0.49 114 81 141 193 142 130 161 121 278 351 313 380 
686 0.12819299330360664 0.2535523662904296 1.0971845540643101 0 0 0 0.41 96 103 274 163 278 352 313 381 351 265 
687 0.12743317279801541 0.2758484782365237 1.0904632466811786 0 0 0 0.2 146 124 288 65 384 240 
688 0.12810016415449266 0.25507158886974934 1.085128350253868 0 0 0 0.82 96 104 142 131 313 382 447 185 
689 0.12432172302805738 0.28433764409958473 1.0622919709329213 0 0 0 0.29 141 194 151 70 274 164 288 66 351 266 447 186 
690 0.06586036191352501 0.07691341694271497 1.2810716896184353 0 0 0 0.78 84 100 114 82 161 122 274 165 278 353 313 383 351 267 
691 0.09109464593662701 0.15168651395103624 1.1866016276439384 0 0 0 0.89 45 13 278 354 288 67 313 384 
692 0.12552917560977528 0.2655253421508989 1.057071843231182 0 0 0 0.36 74 17 278 355 313 385 
693 0.0571555894024343 -0.011745867946767055 1.3328162509566075 0 0 0 0.29 114 83 141 195 161 123 274 166 313 386 351 268 439 97 447 187 493 122 
694 0.12414745234512674 0.24016378990820245 1.053687720039953 0 0 0 0.17 141 196 151 71 274 167 
695 0.12560239472486492 0.2546315717985557 1.0432616677892959 0 0 0 0.28 100 60 114 84 141 197 146 125 175 131 274 168 351 269 384 241 447 188 
696 0.1250574629697199 0.2555349454761957 1.0412013248124894 0 0 0 0.17 146 126 288 68 384 242 447 189 
697 0.1245457184589351 0.2776015871119612 1.0378826798906868 0 0 0 0.18 112 53 141 198 151 72 274 169 288 69 351 270 447 190 493 123 
698 0.0643890580541418 0.0732309916473846 1.2444936205845658 0 0 0 1.85 45 14 313 387 384 243 
699 0.08081155632157724 0.20108820706080036 1.1521101816126802 0 0 0 0.55 84 101 96 105 141 199 175 132 274 170 278 356 313 388 447 191 
700 0.12474278987335491 0.23599841812817207 1.0392368237315304 0 0 0 0.14 175 133 274 171 384 244 
701 0.12617857791019702 0.24765822294336443 1.0333333465239343 0 0 0 0.28 146 127 288 70 384 245 447 192 493 124 
702 0.12431613983591765 0.2534119173568374 1.0302964282041764 0 0 0 0.39 114 85 288 71 384 246 447 193 
703 0.12372661742798406 0.2495617043643196 1.0197891656524796 0 0 0 0.27 175 134 351 271 384 247 447 194 
704 0.06779794964446835 0.189307365318931 1.15593659609454 0 0 0 0.62 84 102 96 106 100 61 141 200 175 135 274 172 278 357 313 389 447 195 
705 0.12207286037733409 0.24761468802996317 1.0112845769450778 0 0 0 0.26 112 54 141 201 151 73 288 72 447 196 
706 0.056167858495934364 0.18556036565932943 1.1496824928665974 0 0 0 0.57 96 107 175 136 274 173 278 358 288 73 313 390 447 197 493 125 
707 0.12187383557183941 0.24984077001045643 1.0003564019280773 0 0 0 0.43 84 103 175 137 278 359 313 391 351 272 
708 0.1216217276091837 0.2523434235219235 0.9994390576341078 0 0 0 0.45 141 202 274 174 384 248 
709 0.12181124150000587 0.2554174153942076 0.9985782434452156 0 0 0 0.32 84 104 141 203 142 132 161 124 313 392 351 273 
710 -0.009562254139893795 0.022857242796541964 1.308231357620828 0 0 0 0.21 141 204 146 128 205 140 351 274 384 249 
711 0.1192890847846355 0.23993523420671742 0.992432221080615 0 0 0 1.15 74 18 84 105 313 393 363 14 
712 0.11747293584316079 0.2402119389744367 0.9952142562569749 0 0 0 1.08 74 19 313 394 363 15 
713 0.12091529721706616 0.24981640180016665 0.9882903413171773 0 0 0 0.19 141 205 146 129 151 74 161 125 274 175 351 275 384 250 401 29 
714 0.12077257556989045 0.25192698204933905 0.9880236299210421 0 0 0 0.38 112 55 351 276 384 251 401 30 
715 -0.015122421757063288 0.082837575951078 1.272239895838591 0 0 0 0.8 55 57 114 86 142 133 146 130 161 126 221 20 274 176 278 360 384 252 439 98 447 198 456 112 
716 -0.009089860949417794 0.09735750123050886 1.2662663997873584 0 0 0 0.71 55 58 84 106 114 87 141 206 146 131 161 127 175 138 205 141 221 21 274 177 278 361 351 277 384 253 439 99 447 199 448 77 456 113 493 126 
717 0.12139110161835727 0.23818579394207973 0.9847250384165036 0 0 0 0.34 141 207 142 134 175 139 274 178 313 395 
718 0.12105471966244885 0.23713675269645126 0.980621871779123 0 0 0 0.45 161 128 175 140 313 396 
719 0.12127989757731407 0.2432235076562497 0.9794007677410406 0 0 0 0.28 161 129 278 362 351 278 447 200 
720 0.1210890213565621 0.26004937801017536 0.9758853826071552 0 0 0 0.39 141 208 146 132 274 179 384 254 
721 0.029735491106422884 0.18049682002238782 1.148950580486593 0 0 0 1.0 84 107 278 363 384 255 439 100 
722 0.12032612625145228 0.21565450757643728 0.9790185381981557 0 0 0 0.27 141 209 288 74 313 397 447 201 
723 0.1205773336811709 0.25180131857225896 0.976827819208401 0 0 0 0.57 278 364 313 398 351 279 
724 0.1202253174021433 0.255554389510584 0.9765052047178752 0 0 0 0.32 112 56 141 210 351 280 384 256 447 202 
725 0.11940888895416744 0.2574112896243069 0.9774420665559299 0 0 0 0.37 175 141 313 399 351 281 447 203 
726 0.029969727963803115 0.165166575501632 1.149492727764567 0 0 0 0.6 84 108 112 57 113 24 114 88 142 135 161 130 274 180 278 365 351 282 384 257 401 31 447 204 448 78 
727 0.11991504183577596 0.2366489200312758 0.972713079372228 0 0 0 0.02 141 211 288 75 447 205 
728 0.019083459044677717 0.1390640855718778 1.1608978729064696 0 0 0 0.47 84 109 96 108 100 62 114 89 141 212 151 75 161 131 221 22 274 181 278 366 351 283 384 258 448 79 
729 0.12030612054963169 0.2191464971239223 0.9700479869784525 0 0 0 0.31 55 59 112 58 114 90 141 213 146 133 151 76 351 284 384 259 
730 0.1192938022825005 0.2366935208511131 0.9661831019537194 0 0 0 0.2 141 214 146 134 351 285 384 260 401 32 
731 0.11964082653825293 0.23926556138451724 0.9645060227921736 0 0 0 0.19 146 135 384 261 456 114 
732 0.11593182326575108 0.2168536454318083 0.9510387660991222 0 0 0 0.32 146 136 175 142 278 367 351 286 401 33 
733 -0.024554440232186312 0.12500701510362397 1.1708947381443344 0 0 0 0.66 55 60 67 11 113 25 141 215 142 136 146 137 151 77 175 143 221 23 274 182 278 368 351 287 384 262 493 127 
734 0.11519323121746218 0.23457661423496848 0.947444175968677 0 0 0 0.38 55 61 112 59 141 216 151 78 351 288 
735 -0.03629765431783887 0.12862364874088875 1.170179721964357 0 0 0 0.17 55 62 146 138 278 369 313 400 351 289 384 263 
736 0.11485314024523323 0.21845303129412566 0.9426263152481955 0 0 0 0.61 112 60 274 183 278 370 384 264 493 128 
737 0.11444034017305152 0.2165715222075268 0.9325279977669076 0 0 0 0.58 96 109 278 371 384 265 
738 0.11389178055812231 0.23480190622498404 0.9247655857166748 0 0 0 0.16 351 290 384 266 447 206 456 115 
739 0.11230802888309278 0.21672479637887007 0.9222939667785712 0 0 0 0.6 112 61 161 132 401 34 439 101 
740 0.14793179363424844 0.34964053357985664 1.2637107613465062 0 0 0 0.09 114 91 278 372 313 401 
741 0.14659658415343516 0.2306057453293834 1.3773172464341354 0 0 0 0.91 55 63 110 18 384 267 
742 0.1489685002460594 0.2796884249840299 1.3155827334087125 0 0 0 0.36 114 92 278 373 313 402 
743 0.14322127146783556 0.3510576992422564 1.2379046556928448 0 0 0 0.58 84 110 175 144 278 374 313 403 351 291 
744 0.13727263125671096 0.32664925939983 1.2263450091905295 0 0 0 0.42 146 139 288 76 384 268 447 207 
745 0.13724995268129447 0.33528824311317984 1.2107762482849393 0 0 0 0.42 175 145 278 375 313 404 
746 0.13959536797826816 0.3003028514972382 1.21372660661295 0 0 0 0.11 175 146 278 376 313 405 
747 0.1344250407910414 0.29785819284703263 1.21338950517521 0 0 0 1.03 74 20 84 111 278 377 313 406 
748 0.13239075642311388 0.19139758627001188 1.2971808163335143 0 0 0 0.51 84 112 141 217 175 147 278 378 288 77 313 407 
749 0.12167876678629863 0.16737815626773536 1.2622641724748216 0 0 0 0.7 141 218 146 140 278 379 288 78 
750 0.132663339640931 0.28018005860843087 1.1456985835018483 0 0 0 0.53 146 141 274 184 288 79 384 269 447 208 
751 0.13190907929954168 0.3239012261457389 1.1356240268001578 0 0 0 0.47 114 93 141 219 146 142 161 133 274 185 384 270 439 102 447 209 
752 0.11808674632821639 0.13572381314253942 1.2744747242777286 0 0 0 0.52 278 380 288 80 313 408 
753 0.11662078262639147 0.1403988011338396 1.2726088399142055 0 0 0 0.69 141 220 278 381 288 81 313 409 351 292 
754 0.12348028332892955 0.1778834650688861 1.2407142785267828 0 0 0 0.43 278 382 288 82 313 410 351 293 
755 0.13128169827948347 0.22911882622881416 1.1391529984416493 0 0 0 0.49 84 113 96 110 114 94 161 134 274 186 278 383 288 83 313 411 351 294 439 103 447 210 448 80 493 129 
756 0.13186489728413456 0.24447300259293664 1.1291287011645963 0 0 0 1.02 74 21 278 384 313 412 
757 0.12868450755419952 0.2851446329310606 1.1245825595758778 0 0 0 0.56 74 22 313 413 363 16 
758 0.13454733649765444 0.30777618321904887 1.0888657131211334 0 0 0 0.59 84 114 278 385 313 414 363 17 
759 0.10744539093748277 0.11424320659425982 1.2667793336782909 0 0 0 0.63 96 111 112 62 113 26 274 187 278 386 288 84 351 295 447 211 
760 0.138405882828257 0.22934024626367708 1.092451455006149 0 0 0 0.77 45 15 55 64 146 143 
761 0.138405882828257 0.22934024626367708 1.092451455006149 0 0 0 0.77 45 16 55 65 146 144 
762 0.12877651038591578 0.2778174682462204 1.1002107129570415 0 0 0 0.34 146 145 175 148 274 188 384 271 447 212 
763 0.12798169273348803 0.28722068744059054 1.1066330509763076 0 0 0 0.5 84 115 96 112 142 137 161 135 175 149 274 189 278 387 313 415 351 296 448 81 
764 0.1270793854149527 0.3096844834805468 1.0965884283914138 0 0 0 1.07 55 66 110 19 384 272 
765 0.12837153953964153 0.25537381340296783 1.0941954015443678 0 0 0 0.27 96 113 142 138 175 150 278 388 313 416 351 297 447 213 
766 0.12798264558158085 0.26849045562531054 1.0976633368741544 0 0 0 0.24 84 116 142 139 175 151 278 389 313 417 
767 0.1279394355300142 0.26839235161785774 1.0904450916483543 0 0 0 0.29 74 23 84 117 278 390 313 418 
768 0.07882806738701183 -0.053987314233177985 1.3824126445319163 0 0 0 0.23 351 298 384 273 493 130 
769 0.1266326841058906 0.24773358957737732 1.0693473328468526 0 0 0 0.34 84 118 141 221 313 419 447 214 
770 0.1288564441440646 0.2563377592619325 1.0678981842934043 0 0 0 0.44 74 24 278 391 313 420 
771 0.1258849957894237 0.2619358441489402 1.0683487517824315 0 0 0 0.53 114 95 146 146 175 152 384 274 
772 0.06855056541169534 0.05869640244772385 1.2952701887853133 0 0 0 0.58 96 114 100 63 142 140 274 190 278 392 288 85 313 421 447 215 
773 0.06840721980033389 0.05854832777137988 1.2955379398259301 0 0 0 0.45 96 115 114 96 141 222 274 191 278 393 288 86 313 422 447 216 
774 0.07135726836629386 0.06649801827971824 1.2885143194674407 0 0 0 0.4 114 97 278 394 384 275 456 116 
775 0.1267170462725949 0.24568372738263047 1.0610375535094971 0 0 0 0.43 151 79 274 192 313 423 
776 0.1266089472834605 0.24379509671124167 1.055070161529345 0 0 0 0.42 84 119 100 64 141 223 142 141 161 136 175 153 274 193 288 87 313 424 351 299 439 104 447 217 448 82 493 131 
777 0.1267292489165791 0.2572679548339581 1.049357954991489 0 0 0 0.5 114 98 141 224 142 142 146 147 278 395 447 218 493 132 
778 0.12785126804500388 0.24468173981162053 1.0359218217965196 0 0 0 0.15 84 120 151 80 313 425 447 219 
779 0.1261373547564882 0.24690556317202944 1.03766497234176 0 0 0 0.49 84 121 141 225 175 154 274 194 288 88 313 426 447 220 448 83 
780 0.12363953150813549 0.2817050917617237 1.0373774884323488 0 0 0 0.41 112 63 141 226 151 81 274 195 288 89 447 221 
781 0.020375757062642764 -0.06697566172518939 1.3610819167732882 0 0 0 0.53 205 142 278 396 351 300 384 276 456 117 493 133 
782 0.07932635813589689 0.18943081855620156 1.1561311918079082 0 0 0 0.37 45 17 274 196 288 90 313 427 
783 0.12383524339435698 0.26205704916123584 1.0216703789415784 0 0 0 0.46 112 64 114 99 141 227 151 82 274 197 288 91 401 35 447 222 
784 0.12395525311827975 0.23697033683952826 1.0120965810974225 0 0 0 0.4 114 100 141 228 142 143 146 148 161 137 175 155 274 198 278 397 351 301 384 277 447 223 493 134 
785 0.1214064873669171 0.25099164930618056 1.021648266727915 0 0 0 0.18 55 67 146 149 384 278 
786 0.12309066862109048 0.23236864753771086 1.012336147116053 0 0 0 0.3 141 229 142 144 146 150 151 83 161 138 278 398 351 302 384 279 
787 0.12308712927664306 0.2378518225097005 1.0087354250094451 0 0 0 0.73 114 101 146 151 274 199 351 303 384 280 
788 0.1243506048497878 0.23611015733888013 1.0024752170201872 0 0 0 0.46 141 230 142 145 146 152 175 156 274 200 278 399 351 304 447 224 
789 0.1229623352133059 0.23826755332975813 1.0027215224257642 0 0 0 0.45 112 65 173 11 274 201 447 225 
790 0.12238433106783592 0.25321739254538794 1.0087089514611092 0 0 0 0.37 114 102 142 146 146 153 175 157 274 202 278 400 351 305 439 105 447 226 493 135 
791 0.056085302283504675 0.19523479785334238 1.1532098382274747 0 0 0 0.78 55 68 112 66 113 27 146 154 151 84 274 203 384 281 494 18 
792 0.12332897077779106 0.23182998903428145 1.0026383499827038 0 0 0 0.16 288 92 313 428 384 282 
793 -0.010172555301566527 0.08205653254440082 1.2737771168649057 0 0 0 0.73 288 93 313 429 456 118 
794 0.04195753448020941 0.15658683548335373 1.1571453546839434 0 0 0 0.67 278 401 288 94 313 430 
795 0.12166977442774606 0.2356473624649231 0.9814141188799378 0 0 0 0.38 114 103 146 155 384 283 401 36 456 119 
796 0.12360271937369594 0.2674292602560824 0.9731941365521177 0 0 0 0.89 74 25 146 156 313 431 
797 0.12065647130473688 0.2674580815964602 0.9749822531700876 0 0 0 0.36 100 65 146 157 351 306 384 284 447 227 
798 -0.02738999735663314 0.06893326270619463 1.2858408151935405 0 0 0 0.58 96 116 146 158 151 85 205 143 221 24 278 402 384 285 456 120 
799 0.03134605599709026 0.17447727426318713 1.1485014581747814 0 0 0 0.77 55 69 100 66 112 67 141 231 142 147 146 159 151 86 161 139 274 204 278 403 351 307 384 286 401 37 439 106 447 228 
800 0.11973885414257615 0.23562881224164262 0.9783855003331013 0 0 0 0.34 114 104 141 232 146 160 151 87 161 140 274 205 351 308 384 287 401 38 439 107 447 229 456 121 
801 0.1199991833528223 0.21466951519127378 0.975253427831522 0 0 0 0.32 100 67 141 233 142 148 151 88 288 95 401 39 447 230 
802 0.12159521254842219 0.22462998686306976 0.9697489135115643 0 0 0 0.44 84 122 142 149 175 158 278 404 313 432 
803 0.12064424734417234 0.22858766844313322 0.9694775056784394 0 0 0 0.22 112 68 151 89 288 96 447 231 
804 0.11949647763088629 0.23557338786946952 0.9687249098608808 0 0 0 0.38 84 123 141 234 142 150 151 90 161 141 274 206 313 433 351 309 447 232 
805 0.11667324147375426 0.2353398868428931 0.9641491444767382 0 0 0 0.33 151 91 274 207 384 288 456 122 
806 0.1160659392546139 0.24418148532025485 0.9553449533731753 0 0 0 0.61 146 161 205 144 384 289 456 123 
807 0.11508824799430042 0.256848519856643 0.9557318070530345 0 0 0 0.92 141 235 205 145 384 290 
808 0.1139266371489232 0.2524898526009407 0.9474996568282775 0 0 0 0.77 141 236 151 92 274 208 351 310 384 291 456 124 493 136 
809 -0.030100726019139924 0.12766292723898293 1.172803387810139 0 0 0 0.41 55 70 141 237 313 434 351 311 384 292 
810 0.11872095144623618 0.25276711475313507 0.9093114539165846 0 0 0 0.4 112 69 114 105 141 238 384 293 
811 0.1616560907890953 0.33105951357719937 1.2287898653593723 0 0 0 1.94 384 294 447 233 
812 0.14799179506321553 0.35353850505848206 1.2815559896886015 0 0 0 1.22 146 162 288 97 384 295 447 234 
813 0.13964695258456458 0.35390570351594297 1.2397639480718725 0 0 0 0.29 84 124 278 405 313 435 
814 0.1386762573618204 0.3341405557905501 1.220782560147615 0 0 0 0.1 175 159 274 209 313 436 
815 0.13993826268372986 0.25295856652568766 1.2411782775941858 0 0 0 1.46 74 26 278 406 313 437 
816 0.12506682694116456 0.17466739584898058 1.2469537422075516 0 0 0 0.31 278 407 288 98 313 438 
817 0.12361741303431688 0.1836781002317788 1.2479368368072952 0 0 0 0.36 278 408 288 99 313 439 
818 0.13233641793664302 0.2247297732368467 1.1548621832551391 0 0 0 0.46 96 117 142 151 274 210 278 409 288 100 313 440 351 312 
819 0.1321836135599354 0.21681501772617678 1.127503128142395 0 0 0 0.77 45 18 55 71 146 163 384 296 
820 0.12926555533499234 0.2823904643620515 1.105384295558432 0 0 0 0.72 84 125 142 152 313 441 447 235 448 84 493 137 
821 0.12857354931970288 0.29554233225129534 1.079794227659557 0 0 0 1.01 175 160 274 211 313 442 351 313 
822 0.12611983241582592 0.28329533112752686 1.0703384197123387 0 0 0 0.27 84 126 313 443 351 314 447 236 
823 0.12695015714280647 0.3006817300650375 1.0663080248018886 0 0 0 0.89 84 127 274 212 313 444 447 237 
824 0.1258980254955506 0.25870837726157947 1.064701754081501 0 0 0 0.25 84 128 175 161 274 213 278 410 313 445 447 238 
825 0.1259893412091919 0.247209379289615 1.0577367317896107 0 0 0 0.34 142 153 146 164 161 142 274 214 278 411 351 315 384 297 439 108 447 239 
826 0.12276874877616978 0.26374063676601456 1.041673724525714 0 0 0 0.61 112 70 274 215 288 101 447 240 493 138 
827 0.12331414359157655 0.2865190646749142 1.0394633067336259 0 0 0 1.14 74 27 278 412 313 446 
828 0.12542136239984927 0.2767782382660438 1.0280951189070031 0 0 0 0.59 175 162 274 216 313 447 447 241 
829 0.12376131428302937 0.2776383291017856 1.0329877468999988 0 0 0 1.09 96 118 100 68 142 154 175 163 278 413 313 448 
830 0.12458862126560163 0.2745048179299428 1.0198622001623452 0 0 0 0.42 84 129 175 164 274 217 313 449 447 242 493 139 
831 0.12262283679897344 0.28824752731423764 1.0245062775604261 0 0 0 0.69 151 93 274 218 288 102 351 316 401 40 447 243 
832 0.12255725512435697 0.2407349228352391 1.0091462672871732 0 0 0 0.33 114 106 175 165 274 219 384 298 
833 0.12216799897353088 0.23859559327943844 1.0003002864521442 0 0 0 0.47 55 72 146 165 151 94 384 299 
834 0.12123356198028552 0.2533994164403858 0.9933307944693812 0 0 0 0.22 141 239 146 166 351 317 
835 0.12170971492718773 0.22398418348188387 0.9906417888844118 0 0 0 0.3 84 130 96 119 141 240 142 155 274 220 278 414 313 450 351 318 439 109 447 244 
836 0.12091463215286598 0.2364875749324631 0.979721490241076 0 0 0 0.5 55 73 114 107 141 241 274 221 351 319 384 300 401 41 
837 0.12054388660365209 0.23653376402545806 0.9802813269693873 0 0 0 0.47 141 242 146 167 151 95 274 222 351 320 384 301 401 42 
838 0.11951474073059594 0.23934202222601794 0.9752102634209476 0 0 0 0.33 141 243 142 156 151 96 161 143 175 166 274 223 278 415 351 321 384 302 439 110 447 245 
839 0.12019210256131341 0.2383505565645147 0.9669430536292978 0 0 0 0.31 141 244 142 157 151 97 274 224 278 416 351 322 
840 0.11967451973529679 0.24033453807909166 0.9678292327477118 0 0 0 0.37 175 167 274 225 288 103 447 246 
841 0.1194645719216357 0.24284099986532667 0.967460542012156 0 0 0 0.24 114 108 141 245 146 168 161 144 274 226 351 323 384 303 401 43 447 247 
842 0.12019052288809456 0.2567376205801127 0.9659443042811636 0 0 0 0.41 175 168 278 417 351 324 
843 0.11955518531504568 0.2598241819137055 0.9624212345583223 0 0 0 0.41 141 246 274 227 351 325 384 304 
844 0.11831033248909498 0.2485941390974374 0.9637217564095072 0 0 0 0.36 114 109 151 98 161 145 274 228 351 326 384 305 447 248 456 125 
845 0.11725288249735784 0.22296401713843833 0.964988032328087 0 0 0 0.57 55 74 114 110 142 158 146 169 161 146 175 169 
846 0.11701647777042921 0.23244801784952132 0.9638840177158038 0 0 0 0.42 96 120 175 170 274 229 278 418 313 451 447 249 
847 0.11409769997569409 0.2433079321321634 0.9458444659172794 0 0 0 0.54 100 69 114 111 141 247 151 99 161 147 175 171 274 230 278 419 351 327 384 306 439 111 447 250 448 85 493 140 
848 0.11372238815129747 0.20615417899133293 0.9223169077971693 0 0 0 0.39 96 121 142 159 151 100 278 420 313 452 384 307 447 251 
849 0.1143269494328502 0.20802255759606358 0.9232179693667668 0 0 0 0.07 55 75 151 101 384 308 
850 0.1470923819146055 0.3386782711211045 1.2641792380201027 0 0 0 0.88 84 131 114 112 278 421 313 453 363 18 
851 0.13861853980268996 0.3417935792254452 1.2379073697304066 0 0 0 0.57 84 132 278 422 313 454 
852 0.13861853980268996 0.3417935792254452 1.2379073697304066 0 0 0 0.57 84 133 278 423 313 455 
853 0.14324542935931195 0.2913615027863112 1.23659871268809 0 0 0 0.46 278 424 313 456 448 86 
854 0.13886821926727042 0.31424541676924916 1.2466446839378886 0 0 0 0.31 84 134 96 122 114 113 278 425 313 457 
855 0.13838155390056417 0.3073272899162333 1.2320680671186375 0 0 0 0.17 84 135 114 114 313 458 493 141 
856 0.13785923220639076 0.2118136172971857 1.1513719939009464 0 0 0 0.65 288 104 313 459 384 309 
857 0.12906876475485562 0.20392396324411147 1.1537884798081248 0 0 0 0.84 45 19 55 76 146 170 
858 0.13067936893696008 0.23744989320359408 1.1521280617532035 0 0 0 0.55 142 160 274 231 278 426 288 105 313 460 351 328 
859 0.13678603693596186 0.25558937126877995 1.1136490639202952 0 0 0 0.79 74 28 146 171 313 461 384 310 
860 0.12952845697012036 0.27144710432543906 1.1193201098412997 0 0 0 0.33 74 29 146 172 278 427 313 462 
861 0.13099956103316557 0.21513501536038565 1.1187443816169473 0 0 0 1.81 74 30 278 428 313 463 
862 0.12606852901562174 0.2500803649609701 1.0563475220546066 0 0 0 0.3 84 136 142 161 161 148 278 429 313 464 
863 0.12558842379513452 0.2501098411231322 1.0573689114345943 0 0 0 0.37 142 162 151 102 175 172 288 106 313 465 447 252 
864 0.12432702863722243 0.26886932139223585 1.057189393331346 0 0 0 0.59 141 248 146 173 274 232 384 311 
865 0.12495623101988353 0.28024863798975364 1.0523574930806903 0 0 0 0.89 74 31 278 430 313 466 
866 0.0915528518134034 0.14422617069472637 1.1660768947634872 0 0 0 0.68 55 77 146 174 205 146 221 25 
867 0.12617816226894407 0.2987970872366015 1.0276923930322976 0 0 0 0.6 100 70 141 249 142 163 175 173 274 233 313 467 351 329 447 253 
868 0.07933489420349148 0.21344734092536324 1.1467866087472312 0 0 0 0.6 84 137 100 71 114 115 141 250 175 174 274 234 278 431 288 107 313 468 447 254 493 142 
869 0.05481113681988101 0.17127703813927583 1.159948509590656 0 0 0 0.74 84 138 96 123 100 72 112 71 113 28 141 251 142 164 151 103 175 175 274 235 278 432 288 108 447 255 493 143 
870 0.12078797732144868 0.2378366469466845 0.997496964723819 0 0 0 0.72 84 139 114 116 142 165 151 104 175 176 274 236 278 433 447 256 
871 0.12328078852990311 0.2462342539018112 0.9895904437086467 0 0 0 0.34 74 32 146 175 313 469 
872 0.11993949682097738 0.2588233698539368 0.9758320796212087 0 0 0 0.4 141 252 274 237 351 330 384 312 
873 0.11987911389735774 0.27008760091209216 0.9615750718494188 0 0 0 0.68 151 105 288 109 401 44 447 257 
874 0.1208079792079522 0.2753062800754299 0.9493404107995261 0 0 0 0.22 112 72 146 176 151 106 274 238 351 331 384 313 
875 0.1144848964447721 0.23991306578364124 0.9458296480478243 0 0 0 0.58 114 117 141 253 142 166 146 177 151 107 161 149 175 177 351 332 384 314 439 112 447 258 448 87 
876 0.1432486034009011 0.3417618086989362 1.2512112960752277 0 0 0 1.25 114 118 142 167 161 150 278 434 313 470 
877 0.143730157214252 0.3416401234932438 1.2496948382738533 0 0 0 0.95 142 168 274 239 278 435 313 471 
878 0.1434677993488349 0.2644906535224171 1.2752602007595417 0 0 0 0.22 96 124 278 436 313 472 
879 0.14480780329198967 0.30577585411763647 1.257353313235327 0 0 0 0.65 84 140 114 119 161 151 175 178 278 437 313 473 351 333 
880 0.14275727160389756 0.31705371152626755 1.2601086328758901 0 0 0 0.2 96 125 114 120 278 438 313 474 
881 0.14297763867084895 0.2846582966273834 1.2141166524543654 0 0 0 0.8 74 33 146 178 313 475 384 315 
882 0.1337851029466757 0.30530895726818397 1.2206391030679267 0 0 0 0.22 74 34 84 141 278 439 313 476 
883 0.12054914430406026 0.14855880851695558 1.3935823820345723 0 0 0 1.29 84 142 100 73 141 254 313 477 351 334 
884 0.1371686765170558 0.2196923655155262 1.2574383894532812 0 0 0 0.53 175 179 278 440 288 110 
885 0.13488226546580143 0.21513566493105074 1.1506230684292127 0 0 0 1.89 74 35 278 441 313 478 
886 0.12785669422442292 0.3072600376709198 1.1159945403696456 0 0 0 0.66 55 78 173 12 384 316 
887 0.12841205131163488 0.2662115899222321 1.0983338272520862 0 0 0 0.7 112 73 146 179 151 108 274 240 384 317 
888 0.12690565525717967 0.2915984970695597 1.0754065692261503 0 0 0 0.74 84 143 175 180 274 241 313 479 351 335 447 259 
889 0.12476584342102003 0.24018827702785778 1.0783678596004833 0 0 0 0.47 141 255 313 480 351 336 
890 0.1267022084520079 0.2554834402426364 1.064047799376502 0 0 0 0.46 146 180 151 109 384 318 
891 0.12452097472277238 0.25543772368609735 1.056589760857989 0 0 0 0.5 141 256 146 181 384 319 
892 0.07989741733761554 0.1722337741424743 1.1623902025791588 0 0 0 0.57 45 20 84 144 96 126 100 74 141 257 142 169 175 181 274 242 278 442 288 111 313 481 447 260 
893 0.12254015673767292 0.2748261558737936 1.0110208705267825 0 0 0 0.69 100 75 142 170 274 243 313 482 351 337 447 261 
894 9.042082333139288e-05 0.00783452960008291 1.3163344333772566 0 0 0 0.71 205 147 313 483 456 126 
895 0.12162253783241768 0.2420848896309435 0.9944363502258138 0 0 0 0.55 84 145 141 258 175 182 274 244 278 443 313 484 351 338 447 262 
896 0.12015878682156993 0.26116775283244603 0.989955776813052 0 0 0 0.62 142 171 175 183 274 245 278 444 313 485 
897 0.12000137819780461 0.2518622070682337 0.9848463791632799 0 0 0 0.29 114 121 274 246 384 320 447 263 
898 0.11972906430636035 0.2522412260529277 0.9855593448181161 0 0 0 0.18 146 182 151 110 384 321 
899 0.11970336802670636 0.2595871760716085 0.9701851502534904 0 0 0 0.55 142 172 175 184 274 247 278 445 313 486 
900 0.11933096327269868 0.25108380715929546 0.9702110084975737 0 0 0 0.76 84 146 96 127 141 259 142 173 161 152 175 185 274 248 278 446 313 487 351 339 439 113 447 264 
901 0.11511867014507927 0.24204544329945718 0.9560281482916271 0 0 0 0.54 84 147 96 128 142 174 175 186 274 249 278 447 313 488 351 340 439 114 447 265 
902 0.11776580168476987 0.2653857309711551 0.9473372281754031 0 0 0 0.63 84 148 100 76 142 175 175 187 313 489 
903 0.11640374185782888 0.20219410730126097 0.9243182691478625 0 0 0 0.33 146 183 313 490 384 322 
904 0.11296986000166023 0.23604977094663607 0.9227732436787073 0 0 0 0.39 112 74 151 111 274 250 351 341 384 323 401 45 439 115 447 266 456 127 
905 0.14596188435281032 0.2579751095933154 1.3855829543769795 0 0 0 0.75 84 149 142 176 313 491 351 342 
906 0.1264810337004968 0.177801422227964 1.167713238790231 0 0 0 0.58 45 21 55 79 384 324 
907 0.05852291741259069 -0.0752289576513233 1.3907059265586101 0 0 0 1.85 175 188 274 251 313 492 
908 0.08861511055307542 0.171945939012126 1.1623859551927538 0 0 0 0.43 45 22 288 112 313 493 
909 0.12300854635968379 0.24825216846229783 1.024658810831841 0 0 0 1.34 141 260 146 184 274 252 384 325 447 267 448 88 
910 0.1233301722508679 0.2835875982382188 1.010788532072322 0 0 0 1.43 74 36 146 185 313 494 363 19 
911 0.12274747992630056 0.23559629209115332 0.9999359193684021 0 0 0 0.62 142 177 146 186 175 189 274 253 278 448 351 343 
912 0.12187857041803549 0.24340875943967355 0.9857471994787845 0 0 0 0.91 114 122 141 261 142 178 151 112 161 153 175 190 274 254 278 449 351 344 384 326 439 116 447 268 448 89 
913 0.12367166855017113 0.26791814199454683 0.9810993563851962 0 0 0 1.14 74 37 146 187 313 495 
914 0.030731257701233625 0.1486402903666112 1.1637933897473312 0 0 0 1.31 175 191 221 26 274 255 288 113 313 496 
915 0.11968374296168935 0.2615637900312098 0.9341190077652084 0 0 0 0.34 112 75 114 123 141 262 146 188 151 113 274 256 351 345 384 327 447 269 
916 0.1352721804640872 0.2659352859186244 1.1861762337782733 0 0 0 0.73 74 38 278 450 313 497 
917 0.12899095564920304 0.2788604928603572 1.1312947432897256 0 0 0 0.87 96 129 142 179 175 192 278 451 313 498 447 270 
918 0.1326299643302275 0.2582532269628101 1.1092504992220251 0 0 0 0.57 151 114 175 193 278 452 
919 0.12505167378352652 0.2627819783723492 1.0490162667060445 0 0 0 0.79 112 76 146 189 151 115 274 257 351 346 384 328 401 46 
920 0.12504316285841593 0.2626680981236533 1.0491812901329658 0 0 0 0.83 112 77 274 258 351 347 384 329 401 47 
921 0.12410045296210993 0.23873424779328123 1.0182123373048175 0 0 0 0.34 274 259 278 453 448 90 
922 0.12310039068961819 0.27225225286362387 1.0100359355250845 0 0 0 0.89 96 130 274 260 278 454 313 499 447 271 
923 0.12069445385179342 0.2734833926366469 1.001352644162592 0 0 0 0.9 74 39 278 455 313 500 
924 0.12068981824826121 0.26324973918250005 0.9809327488849672 0 0 0 0.43 141 263 151 116 288 114 351 348 
925 0.11974915978683463 0.23724522735672146 0.9712772770688759 0 0 0 1.15 96 131 142 180 151 117 274 261 278 456 351 349 447 272 
926 0.11775960944541376 0.2564455874741513 0.9600655859576651 0 0 0 1.15 141 264 146 190 151 118 384 330 456 128 
927 0.11454410938264543 0.2443009959405233 0.949732864945982 0 0 0 0.86 84 150 96 132 100 77 141 265 151 119 161 154 175 194 274 262 278 457 313 501 351 350 439 117 447 273 
928 0.12178932425051886 0.2713326113902006 1.0321568135071426 0 0 0 0.6 141 266 151 120 288 115 447 274 
929 0.12177499014926736 0.27142922661864444 1.0322176972508936 0 0 0 0.64 112 78 151 121 274 263 288 116 447 275 
930 0.12325681153612775 0.25331170716420404 1.0155074439024614 0 0 0 0.57 84 151 96 133 142 181 274 264 278 458 313 502 351 351 447 276 493 144 
931 0.12041215799310269 0.2743857376902518 0.9852486712520674 0 0 0 1.35 96 134 142 182 278 459 313 503 
932 0.12078142469491404 0.27418172713759287 0.984278404269758 0 0 0 1.21 96 135 142 183 161 155 278 460 313 504 351 352 
933 0.11799385219892769 0.22739107155679802 0.9674418968755072 0 0 0 0.82 84 152 96 136 142 184 161 156 274 265 278 461 313 505 351 353 439 118 
934 0.11347740163596931 0.22496098917646087 0.952576629398016 0 0 0 0.69 55 80 112 79 141 267 151 122 274 266 351 354 384 331 439 119 
935 0.049378752856352896 -0.0838501177489117 1.3857680375583548 0 0 0 1.36 278 462 313 506 420 41 
936 0.011732230295937817 -0.05530587617620251 1.3629448311742134 0 0 0 1.56 141 268 146 191 456 129 
937 0.013240358063905621 -0.06389745952874487 1.3715292612567862 0 0 0 0.7 205 148 351 355 448 91 456 130 
938 0.06620307292702693 -0.012517583904569776 1.3340186149228401 0 0 0 0.47 100 78 141 269 142 185 161 157 205 149 274 267 278 463 351 356 384 332 439 120 447 277 493 145 
939 0.06556717642177708 -0.012591060199024895 1.334951862790695 0 0 0 0.27 161 158 274 268 313 507 351 357 439 121 448 92 
940 0.00987174910015508 0.003607594968149557 1.3193593490410571 0 0 0 0.27 100 79 278 464 313 508 351 358 447 278 448 93 
941 0.010332548955670293 0.0038462467550780186 1.3184407398036113 0 0 0 0.32 100 80 142 186 161 159 278 465 313 509 351 359 439 122 447 279 
942 0.03422648747453746 0.0550583625517883 1.29244057699056 0 0 0 0.52 141 270 175 195 205 150 274 269 278 466 384 333 
943 0.12325170798813923 0.1432786866329949 1.3814247640658046 0 0 0 0.26 84 153 278 467 313 510 
944 0.018923044720510766 0.13671110973559533 1.1605093573860263 0 0 0 0.37 221 27 288 117 313 511 351 360 448 94 493 146 
945 0.10938396944492357 0.14842788659065098 1.2574973176155986 0 0 0 0.4 141 271 146 192 175 196 274 270 278 468 288 118 351 361 384 334 447 280 
946 0.10834303145964996 0.13530281328266847 0.7719318804594609 0 0 0 0.56 55 81 278 469 313 512 
947 0.01638383937054259 0.17502920457629775 1.1421780207427414 0 0 0 0.69 142 187 146 193 175 197 278 470 384 335 493 147 
948 0.10895231851029169 0.13704393443162718 0.7805708780701524 0 0 0 0.42 55 82 146 194 278 471 313 513 
949 0.10912578160314292 0.14175892860135056 0.7993033319089341 0 0 0 0.63 55 83 146 195 313 514 447 281 
950 0.010909372584361001 0.15565119804669253 1.1512002714354939 0 0 0 0.57 55 84 112 80 114 124 141 272 142 188 151 123 161 160 274 271 278 472 351 362 448 95 493 148 
951 0.14055223736776504 0.20048544456840017 1.2866743999985444 0 0 0 0.6 55 85 205 151 384 336 
952 0.1099029970890948 0.1515629476629875 0.7627164453316093 0 0 0 0.41 55 86 74 40 278 473 313 515 
953 -0.03630311398337352 0.16895390843769564 1.1542815698055728 0 0 0 1.03 55 87 278 474 313 516 
954 0.10821918416665881 0.170011617929023 0.8115888208311021 0 0 0 0.24 55 88 161 161 175 198 313 517 447 282 
955 0.03830563104096439 0.1990641395689813 1.1454934596676336 0 0 0 0.72 112 81 113 29 114 125 141 273 142 189 278 475 351 363 447 283 493 149 
956 0.13113919502842214 0.21861794933261183 1.138017001371788 0 0 0 0.31 146 196 175 199 274 272 278 476 288 119 447 284 
957 0.1332532666007651 0.22232060024178432 1.2111097887618572 0 0 0 0.27 175 200 274 273 288 120 313 518 351 364 
958 0.14958958716296172 0.25340486172049637 1.3891581566766003 0 0 0 1.17 84 154 151 124 278 477 313 519 351 365 
959 0.10747767919240149 0.16836426502161073 0.7641986417620259 0 0 0 1.03 55 89 112 82 141 274 175 201 313 520 447 285 
960 0.10958389930954099 0.17385441765136123 0.7859288659454425 0 0 0 0.39 55 90 96 137 112 83 114 126 142 190 161 162 175 202 313 521 401 48 447 286 448 96 493 150 
961 0.10964492061009085 0.17524991828827385 0.7856016159324496 0 0 0 0.41 55 91 96 138 110 20 112 84 113 30 151 125 274 274 384 337 401 49 447 287 494 19 
962 0.10630994696806852 0.1808109565920675 0.8140164502380969 0 0 0 0.19 55 92 141 275 313 522 
963 0.10682432033992897 0.18085733054925918 0.8135302137285196 0 0 0 0.21 55 93 96 139 141 276 146 197 278 478 313 523 
964 0.11081876485137444 0.17763578931272359 0.846255603963796 0 0 0 0.35 55 94 110 21 146 198 313 524 447 288 
965 0.11180843670741401 0.17609374965105268 0.8455118803569484 0 0 0 0.42 55 95 110 22 278 479 313 525 447 289 
966 0.13072655373476216 0.23040463392298954 1.151714211069976 0 0 0 0.47 142 191 146 199 161 163 274 275 278 480 351 366 447 290 493 151 
967 0.13218606961770213 0.23188407387607435 1.1489472965676026 0 0 0 0.31 84 155 100 81 142 192 161 164 175 203 274 276 278 481 288 121 313 526 351 367 447 291 448 97 
968 0.14865396012615523 0.2448221905627663 1.3063184235576533 0 0 0 1.58 84 156 278 482 313 527 351 368 
969 0.15090673404100602 0.2635634754205438 1.3895759783503336 0 0 0 0.77 288 122 351 369 447 292 448 98 
970 0.10818319714151524 0.175072604319427 0.769959112036404 0 0 0 0.11 55 96 278 483 313 528 
971 0.1094360881161534 0.17718570360407634 0.785324523061278 0 0 0 0.38 55 97 74 41 96 140 110 23 112 85 151 126 161 165 274 277 313 529 447 293 
972 0.10938173329178966 0.17716977810431564 0.7853422390467159 0 0 0 0.4 55 98 74 42 96 141 146 200 161 166 313 530 
973 0.1057252365186717 0.1817195130600308 0.7958075913257535 0 0 0 0.2 55 99 96 142 100 82 110 24 112 86 114 127 141 277 151 127 161 167 175 204 313 531 351 370 401 50 447 294 
974 0.10597678505121029 0.18566755635407395 0.7947741420137836 0 0 0 0.19 55 100 96 143 146 201 351 371 384 338 
975 0.11735274223155945 0.20791299117175194 0.9220855909393231 0 0 0 0.34 55 101 146 202 313 532 351 372 
976 0.11942593239667411 0.21604855443604853 0.9948932273923472 0 0 0 0.26 142 193 274 278 313 533 351 373 
977 0.15093591296536027 0.29393996193898975 1.3891742505388964 0 0 0 0.51 84 157 141 278 142 194 313 534 351 374 363 20 447 295 448 99 
978 0.1091050931300293 0.18763714641870388 0.7742357137378175 0 0 0 0.73 55 102 96 144 141 279 142 195 161 168 175 205 274 279 278 484 313 535 447 296 
979 0.10803719777288015 0.19817176511385776 0.8341180565893155 0 0 0 0.34 55 103 96 145 146 203 161 169 278 485 313 536 493 152 
980 0.11260624327212682 0.2134907822648349 0.9053849907246949 0 0 0 0.45 55 104 110 25 112 87 114 128 141 280 146 204 151 128 161 170 173 13 351 375 401 51 447 297 
981 0.1136771497493541 0.21749623052379435 0.9304321656429112 0 0 0 0.55 84 158 278 486 313 537 439 123 
982 0.11367853498639394 0.21749778331341366 0.9304182889788939 0 0 0 0.46 84 159 278 487 313 538 351 376 439 124 
983 0.12299838676299339 0.23461049841717757 1.0116561053724502 0 0 0 0.22 84 160 278 488 313 539 
984 0.12283667624134127 0.24039170372317797 1.076847282759456 0 0 0 0.11 278 489 313 540 363 21 
985 0.12686223808981079 0.24238952316667875 1.0660263751889019 0 0 0 0.33 112 88 141 281 151 129 175 206 274 280 351 377 447 298 493 153 
986 0.13696897752036105 0.27553015534185765 1.1984823172829249 0 0 0 0.33 84 161 175 207 278 490 313 541 351 378 447 299 
987 0.12763859857444468 0.2652445544051131 1.0936378187193618 0 0 0 0.28 84 162 274 281 313 542 447 300 
988 0.13321795558678776 0.2778031448727393 1.1456943615061677 0 0 0 0.14 74 43 84 163 313 543 363 22 
989 0.14398270656324694 0.29935794418309064 1.2133582379940615 0 0 0 0.34 278 491 313 544 493 154 
990 0.1548752132774335 0.31736724192731836 1.3169530825129978 0 0 0 0.13 114 129 278 492 313 545 
991 0.1543494902685522 0.32828955964300877 1.3790511600885897 0 0 0 0.2 84 164 278 493 313 546 351 379 
992 0.11454826101858276 0.2349475272994018 0.8566542288408537 0 0 0 0.19 55 105 151 130 274 282 351 380 384 339 
993 0.12789874206568486 0.3104855880966357 1.1288911234422094 0 0 0 0.26 146 205 288 123 363 23 384 340 
994 0.13780992392170066 0.3238452193682364 1.1944067237463567 0 0 0 0.27 175 208 313 547 447 301 
995 0.09524253248322452 0.055959914469603696 1.3961217631885103 0 0 0 0.46 142 196 146 206 351 381 384 341 
996 0.09520224909442176 0.05596505470997387 1.3952661778035726 0 0 0 0.5 84 165 100 83 278 494 288 124 313 548 351 382 447 302 493 155 
997 0.03522760863426619 0.08388756580892832 1.2667885856352712 0 0 0 0.48 55 106 114 130 146 207 274 283 351 383 384 342 447 303 448 100 
998 0.10805125433716253 0.09337595405373882 1.2968066996701124 0 0 0 0.13 278 495 313 549 351 384 
999 -0.019426448132774464 0.08305158116953035 1.2709126231959056 0 0 0 0.8 55 107 110 26 274 284 439 125 448 101 
1000 0.03288716370323135 0.10402283115930475 1.2503241060217587 0 0 0 0.59 55 108 274 285 351 385 384 343 447 304 
1001 0.11714998707914055 0.12414366595689208 1.2896833202152036 0 0 0 0.13 278 496 288 125 313 550 
1002 0.10773169730216718 0.11352416754635489 0.7541077006187836 0 0 0 0.67 55 109 161 171 313 551 351 386 
1003 0.12332543828315852 0.14421395045551472 1.3918533791913439 0 0 0 0.26 141 282 142 197 278 497 313 552 351 387 
1004 0.12332543828315852 0.14421395045551472 1.3918533791913439 0 0 0 0.26 141 283 142 198 278 498 313 553 351 388 
1005 -0.021323982292380497 0.12613783218140892 1.172339053811156 0 0 0 0.26 55 110 146 208 221 28 278 499 313 554 351 389 384 344 
1006 0.10866013886134465 0.13192331045203282 0.762839522124344 0 0 0 0.88 55 111 74 44 278 500 313 555 
1007 0.10955257761612358 0.14013231376000934 0.7911107099123867 0 0 0 0.37 55 112 114 131 313 556 
1008 0.11151181275055286 0.1458228109150963 0.7899939685178167 0 0 0 0.58 55 113 141 284 313 557 
1009 -0.0402831814095221 0.15787836846802608 1.1560447177698134 0 0 0 0.41 55 114 67 12 146 209 151 131 278 501 351 390 448 102 
1010 -0.018282191872441282 0.15651428669065778 1.1575617432313268 0 0 0 0.64 55 115 84 166 100 84 110 27 112 89 114 132 146 210 151 132 274 286 278 502 384 345 447 305 493 156 
1011 0.11401306960590053 0.15764129160446996 0.785309826500636 0 0 0 0.43 55 116 74 45 96 146 313 558 447 306 
1012 0.004539336178240001 0.18716627353708565 1.136722015602314 0 0 0 0.45 55 117 175 209 274 287 278 503 
1013 -0.00031999384664733104 0.1877923017992771 1.1458690955596604 0 0 0 0.97 55 118 141 285 274 288 278 504 
1014 0.1071703291510835 0.15764019439673463 0.7573799735275553 0 0 0 0.76 55 119 74 46 110 28 112 90 142 199 146 211 175 210 274 289 278 505 313 559 447 307 448 103 493 157 
1015 0.11122966563118991 0.16517302357273428 0.771600325086821 0 0 0 0.54 55 120 74 47 146 212 278 506 313 560 
1016 0.10829856510847406 0.16347245029292376 0.7779481263439743 0 0 0 0.2 55 121 146 213 313 561 
1017 0.05902028572582565 0.2074120771168639 1.1428815354728679 0 0 0 0.7 84 167 100 85 141 286 142 200 161 172 175 211 274 290 278 507 288 126 313 562 351 391 447 308 493 158 
1018 0.132243873426462 0.21682687408492135 1.1380304728197148 0 0 0 0.58 278 508 288 127 313 563 
1019 0.10970361225458268 0.16586530041717282 0.7643962665472727 0 0 0 0.69 55 122 110 29 112 91 114 133 142 201 146 214 175 212 313 564 447 309 448 104 
1020 0.11866551258126158 0.19771846286053169 0.914992515939622 0 0 0 1.0 55 123 151 133 205 152 274 291 278 509 447 310 
1021 0.12248325583348248 0.2210978600487579 1.1094072144392502 0 0 0 0.42 84 168 141 287 142 202 161 173 274 292 278 510 288 128 313 565 351 392 439 126 447 311 493 159 
1022 0.10820400441040703 0.18040973909154356 0.7704149635566826 0 0 0 0.87 55 124 74 48 142 203 274 293 278 511 313 566 
1023 0.11147924743165918 0.19581577245088422 0.8847853404440598 0 0 0 0.16 55 125 146 215 151 134 
1024 0.1151833195501265 0.19774457571224124 0.8842578703724794 0 0 0 0.44 55 126 84 169 146 216 278 512 
1025 0.11799888481393797 0.20952335798734903 0.9221427343919919 0 0 0 0.74 278 513 313 567 384 346 456 131 
1026 0.15393568884234216 0.2869160062387448 1.394056548279742 0 0 0 0.42 146 217 175 213 448 105 493 160 
1027 0.15669827748501675 0.2846436677961976 1.3917495411430039 0 0 0 0.57 100 86 141 288 278 514 313 568 448 106 
1028 0.10824883136353945 0.184862493936957 0.7679509453497002 0 0 0 0.68 55 127 141 289 146 218 278 515 313 569 351 393 
1029 0.10782087688237475 0.18870605390596926 0.7679075189255886 0 0 0 0.42 55 128 96 147 110 30 112 92 151 135 384 347 447 312 
1030 0.11024135242512077 0.20289767223201138 0.7791351935013132 0 0 0 0.46 96 148 175 214 278 516 313 570 
1031 0.10974413210778133 0.22397600601703102 0.882196705687171 0 0 0 0.54 84 170 96 149 142 204 274 294 313 571 493 161 
1032 0.12876418692275785 0.2571469063923453 1.0636851139143362 0 0 0 0.55 74 49 146 219 313 572 
1033 0.15014604827672248 0.30371777211916196 1.2912679267882845 0 0 0 0.64 74 50 278 517 313 573 
1034 0.1546440684637584 0.31709463551430617 1.3095320629672489 0 0 0 0.36 84 171 114 134 278 518 313 574 
1035 0.10930301822560176 0.23002972297209104 0.8491195726185615 0 0 0 0.62 141 290 142 205 274 295 351 394 384 348 
1036 0.1487056400727398 0.3178191451573898 1.285141522821829 0 0 0 0.24 84 172 175 215 278 519 313 575 
1037 0.14469587111925233 0.344365200881317 1.362312950782423 0 0 0 1.07 55 129 110 31 384 349 
1038 0.1494828386008912 0.3720355985436537 1.3119373593873849 0 0 0 0.52 84 173 274 296 278 520 313 576 
1039 0.11828151169521499 0.25572617992814267 0.8591930996428239 0 0 0 0.46 100 87 141 291 151 136 175 216 274 297 351 395 384 350 447 313 448 107 493 162 
1040 -0.0011238645314467718 0.10813816448955411 1.255350742957845 0 0 0 0.24 141 292 161 174 278 521 313 577 351 396 384 351 493 163 
1041 0.0028942459629172617 -0.023673336211705285 1.337686696200068 0 0 0 1.16 55 130 113 31 146 220 205 153 384 352 
1042 0.04874516846419979 0.0030800472665574365 1.323424083785295 0 0 0 0.28 114 135 141 293 161 175 313 578 351 397 493 164 
1043 0.058836600609466355 0.003107500998434429 1.3245783383704894 0 0 0 0.29 141 294 161 176 274 298 313 579 351 398 493 165 
1044 0.0856518484813728 0.01801226776958396 1.3937887513637417 0 0 0 0.39 141 295 351 399 384 353 493 166 
1045 0.09858648364105527 0.07031566611161286 1.3960787320595742 0 0 0 0.53 100 88 141 296 142 206 161 177 351 400 384 354 
1046 0.10006400984949544 0.07430027804683899 1.39568834625489 0 0 0 0.68 84 174 175 217 278 522 288 129 313 580 
1047 0.130265802518971 0.182914968859693 1.30256846606636 0 0 0 0.34 175 218 274 299 278 523 288 130 313 581 
1048 0.10978546085307696 0.1391105054740089 0.7926955331062874 0 0 0 0.69 55 131 74 51 313 582 
1049 0.11149867030370911 0.14126626966200426 0.7983655000336319 0 0 0 0.7 55 132 74 52 96 150 112 93 151 137 313 583 351 401 384 355 401 52 493 167 494 20 
1050 -0.06999287045822156 0.1534466708714249 1.1385997713151157 0 0 0 0.91 55 133 67 13 100 89 112 94 142 207 146 221 161 178 175 219 274 300 278 524 313 584 351 402 401 53 439 127 448 108 493 168 494 21 
1051 -0.06980922379692739 0.1534478981453101 1.1383097045018584 0 0 0 0.98 55 134 67 14 100 90 112 95 142 208 146 222 161 179 175 220 278 525 313 585 351 403 401 54 439 128 493 169 494 22 
1052 -0.02340472430986424 0.15664215093601702 1.1588594972765969 0 0 0 0.29 55 135 113 32 146 223 151 138 274 301 278 526 384 356 447 314 
1053 0.10853118893504352 0.15509123303684488 0.7617378417054048 0 0 0 0.56 55 136 74 53 110 32 142 209 278 527 313 586 447 315 
1054 0.10903827540665063 0.15797340679631405 0.7712209455383385 0 0 0 0.5 55 137 74 54 96 151 100 91 110 33 112 96 142 210 146 224 175 221 313 587 447 316 
1055 0.11017144731084347 0.15827322865020446 0.7784406193077267 0 0 0 0.47 55 138 74 55 96 152 100 92 110 34 112 97 142 211 146 225 161 180 173 14 175 222 274 302 313 588 351 404 447 317 493 170 
1056 0.10961333454622321 0.1661130063040736 0.7885170464274196 0 0 0 0.38 55 139 74 56 146 226 278 528 313 589 
1057 0.1460490940823174 0.24369849809026015 1.300057026997411 0 0 0 0.37 84 175 175 223 313 590 
1058 0.10962273722631205 0.16649462119326144 0.7664342881272308 0 0 0 0.5 55 140 74 57 100 93 110 35 112 98 114 136 142 212 161 181 278 529 313 591 351 405 447 318 448 109 493 171 
1059 0.13139099470632268 0.2290727910035754 1.1391726509540199 0 0 0 0.58 84 176 114 137 161 182 313 592 351 406 493 172 
1060 0.11145846286639184 0.19783868917144573 0.8864127537290903 0 0 0 0.6 55 141 146 227 151 139 313 593 351 407 384 357 
1061 0.11430477040534856 0.20016783568447163 0.9083787189014031 0 0 0 0.52 55 142 110 36 112 99 173 15 274 303 384 358 
1062 0.11538068015215418 0.20238455674672312 0.91594570050226 0 0 0 0.3 313 594 384 359 456 132 
1063 0.11026180360222756 0.20419343151481467 0.8745472851793102 0 0 0 0.42 55 143 100 94 110 37 112 100 114 138 141 297 146 228 151 140 161 183 175 224 274 304 351 408 401 55 439 129 447 319 
1064 0.12386031929752653 0.23187152804226385 1.0159520613444932 0 0 0 0.26 141 298 142 213 146 229 151 141 274 305 278 530 351 409 384 360 
1065 0.1074440892451542 0.1960483517519461 0.7456405761051198 0 0 0 1.08 55 144 142 214 146 230 313 595 447 320 
1066 0.12135397636026247 0.24097741370516673 0.9774771446740531 0 0 0 0.15 151 142 161 184 274 306 384 361 
1067 0.14451426412183346 0.293165445379013 1.2536543432900304 0 0 0 0.63 74 58 278 531 313 596 
1068 0.11147256209658107 0.2145982103359123 0.7853932469515573 0 0 0 0.34 141 299 151 143 274 307 313 597 351 410 
1069 0.1065987811060166 0.21425761492675802 0.8086635186944039 0 0 0 0.3 55 145 114 139 274 308 313 598 
1070 0.1289407293672341 0.3175683559236904 1.253008717422813 0 0 0 0.28 55 146 110 38 146 231 
1071 0.11400983224863855 0.23292398348217558 0.8466578076854431 0 0 0 0.31 55 147 141 300 151 144 
1072 0.12052894443018629 0.2686974099082313 0.9912997188066351 0 0 0 0.59 141 301 151 145 274 309 384 362 
1073 0.12236062346927733 0.2912176472665764 1.0350858100688378 0 0 0 0.9 84 177 142 215 274 310 313 599 
1074 0.13190907646259495 0.32002242529870756 1.1338257129949807 0 0 0 0.53 84 178 114 140 142 216 274 311 278 532 
1075 0.14770871632287813 0.3659704715856705 1.343055978353262 0 0 0 0.58 274 312 278 533 313 600 
1076 0.052362594615194234 0.06439257172850715 1.2827506140994807 0 0 0 0.92 55 148 110 39 141 302 161 185 351 411 
1077 0.009655481608339513 0.06442455120864096 1.2811888520608925 0 0 0 0.76 55 149 110 40 448 110 
1078 0.10686005383515541 0.09022303293459212 1.2922085349943053 0 0 0 1.21 141 303 175 225 278 534 313 601 
1079 -0.0295203089546078 0.12786111879259993 1.171959961070262 0 0 0 0.46 55 150 67 15 110 41 146 232 151 146 274 313 351 412 384 363 447 321 493 173 
1080 -0.0729268489921603 0.14762258741986586 1.1154113933373129 0 0 0 0.69 55 151 67 16 141 304 142 217 146 233 151 147 161 186 173 16 175 226 274 314 278 535 313 602 351 413 447 322 448 111 493 174 
1081 -0.07373711033278153 0.14753463148395332 1.1165504346042123 0 0 0 0.74 55 152 141 305 142 218 146 234 151 148 161 187 173 17 175 227 278 536 313 603 351 414 493 175 
1082 0.11145088967172703 0.14622866029600298 0.7535988469216253 0 0 0 0.86 55 153 74 59 100 95 175 228 278 537 313 604 447 323 
1083 0.11098612384294466 0.14894647603150923 0.7555408526872027 0 0 0 0.73 55 154 74 60 100 96 110 42 112 101 142 219 161 188 274 315 313 605 447 324 
1084 0.11550414083610014 0.15018837639458008 0.7763082824700531 0 0 0 0.54 55 155 74 61 113 33 141 306 146 235 151 149 
1085 0.11409236745864217 0.1561210167499052 0.7812632361359629 0 0 0 0.4 55 156 74 62 96 153 112 102 175 229 274 316 313 606 447 325 
1086 0.04058322556882862 0.18895849341606877 1.146930325872991 0 0 0 0.73 55 157 114 141 141 307 142 220 146 236 151 150 274 317 278 538 351 415 384 364 447 326 493 176 
1087 0.10717819737005073 0.1569613201427205 0.760012222992947 0 0 0 0.83 55 158 74 63 110 43 112 103 175 230 274 318 313 607 447 327 
1088 0.10851774747862795 0.1566886566943937 0.767375575260779 0 0 0 0.24 55 159 278 539 313 608 
1089 0.10915429698736619 0.15948172073686026 0.7756763809722268 0 0 0 0.45 55 160 74 64 96 154 100 97 112 104 142 221 274 319 313 609 447 328 
1090 0.11021613863659503 0.16029273028800384 0.7860711093737658 0 0 0 0.7 55 161 96 155 112 105 146 237 151 151 173 18 274 320 313 610 447 329 
1091 0.1153057341499359 0.15859580996880682 0.7879475160335874 0 0 0 0.41 55 162 74 65 100 98 110 44 112 106 142 222 146 238 173 19 175 231 313 611 447 330 
1092 0.1094868660603305 0.16299949913741157 0.789280469832004 0 0 0 0.29 55 163 100 99 112 107 146 239 175 232 274 321 278 540 313 612 447 331 
1093 0.10715859335145352 0.16683731170055618 0.7992875497916961 0 0 0 0.51 55 164 74 66 142 223 313 613 384 365 
1094 0.10783109845409372 0.1723629351723282 0.7619249283628187 0 0 0 0.41 55 165 74 67 274 322 278 541 313 614 
1095 0.10877302673131449 0.1721684886860914 0.7700348808907834 0 0 0 0.17 55 166 278 542 313 615 
1096 0.10805832671311634 0.17147317400650802 0.8141551081280385 0 0 0 0.66 55 167 74 68 96 156 100 100 110 45 141 308 142 224 146 240 161 189 173 20 274 323 313 616 439 130 447 332 493 177 
1097 0.10929636728821603 0.18184874488476072 0.8378891511405709 0 0 0 0.37 55 168 278 543 313 617 
1098 0.10704184768580811 0.17962667834190227 0.7663731686216458 0 0 0 0.64 55 169 110 46 112 108 113 34 151 152 274 324 384 366 447 333 
1099 0.10769300863354155 0.18157647434909172 0.7684720351135986 0 0 0 0.42 55 170 110 47 112 109 146 241 151 153 274 325 384 367 447 334 
1100 0.10867973723693969 0.18645448950441876 0.832262265815907 0 0 0 0.65 74 69 313 618 439 131 
1101 0.12462513958688512 0.23981924134908109 1.0227015795345509 0 0 0 0.31 84 179 278 544 313 619 351 416 
1102 0.13786894849967704 0.2779334374911014 1.2424313297177942 0 0 0 0.37 74 70 278 545 313 620 
1103 0.148028486797699 0.28664564309917506 1.322509059735559 0 0 0 0.6 114 142 278 546 313 621 
1104 0.10679221437687406 0.20996369739210674 0.8133061515438923 0 0 0 0.44 55 171 112 110 141 309 151 154 161 190 173 21 401 56 447 335 
1105 0.11480122397598458 0.23307023867844368 0.9526633903412179 0 0 0 0.46 100 101 114 143 142 225 151 155 161 191 175 233 351 417 384 368 439 132 447 336 493 178 
1106 0.13115735812931342 0.2775714078776295 1.1393205867968355 0 0 0 0.34 96 157 142 226 278 547 313 622 
1107 0.12293884734729711 0.2674068893738187 1.0120019275215972 0 0 0 0.56 96 158 274 326 278 548 313 623 447 337 
1108 0.13945952492055735 0.3116284044682461 1.223433102294897 0 0 0 0.63 84 180 114 144 175 234 278 549 313 624 
1109 0.1496001331805926 0.32830350345013104 1.2785639238381494 0 0 0 0.26 175 235 278 550 313 625 
1110 0.10888524049081606 0.2511353274470747 0.8935061935706897 0 0 0 0.95 100 102 175 236 313 626 
1111 0.11885317815737716 0.2537728841960684 0.9066370118595731 0 0 0 0.35 55 172 141 310 151 156 351 418 
1112 0.1185651037036881 0.26880455482868276 1.0025605766422658 0 0 0 0.83 146 242 175 237 384 369 447 338 
1113 0.04389322227149664 -0.10289672801368799 1.3928730064720454 0 0 0 0.8 96 159 141 311 278 551 313 627 351 419 420 42 
1114 -0.011975521296917733 0.08111322275230198 1.276901922632382 0 0 0 0.32 113 35 221 29 274 327 351 420 
1115 0.11245243205516395 0.11639555441029807 1.4058879991361173 0 0 0 1.01 55 173 205 154 221 30 384 370 
1116 0.10913471757904267 0.13766123736875385 0.7957769696257843 0 0 0 1.04 55 174 146 243 278 552 313 628 
1117 0.10845484438494254 0.14278800742115216 0.7954121648384428 0 0 0 0.8 55 175 74 71 142 227 146 244 278 553 313 629 
1118 0.10716589609716619 0.17826376597591317 0.7687702389993697 0 0 0 0.4 55 176 274 328 278 554 313 630 
1119 0.11208448943256534 0.21888412594484963 0.8944300834780212 0 0 0 0.73 84 181 141 312 142 228 151 157 175 238 274 329 313 631 351 421 384 371 439 133 447 339 456 133 
1120 0.12947400895858244 0.27141652704757574 1.119651524439445 0 0 0 0.36 84 182 278 555 313 632 
1121 0.13230279270741052 0.3332057107566974 1.4049015424497646 0 0 0 2.2 74 72 84 183 278 556 313 633 
1122 0.1098097979059678 0.23009039643024207 0.8526916873910477 0 0 0 1.22 55 177 113 36 146 245 151 158 494 23 
1123 0.10800592232397027 0.2083871386077857 0.7541217786979906 0 0 0 0.73 55 178 112 111 151 159 173 22 494 24 
1124 0.11173227706631064 0.22809669048792275 0.8195041330435141 0 0 0 0.35 55 179 141 313 274 330 
1125 0.1132023058951999 0.23262112491374054 0.8382394252613554 0 0 0 1.1 55 180 112 112 141 314 146 246 
1126 0.04383007586527727 -0.093047390363911 1.3911975773306322 0 0 0 1.32 141 315 142 229 175 239 274 331 278 557 351 422 420 43 439 134 
1127 0.0439787952597847 -0.09286642137869446 1.3898370506530546 0 0 0 0.81 96 160 141 316 274 332 278 558 351 423 420 44 
1128 0.10920835817551937 0.13632791585122817 0.7798552211455365 0 0 0 0.57 55 181 141 317 278 559 313 634 
1129 0.11028129112571075 0.13873950098763144 0.7884836476606153 0 0 0 0.69 55 182 96 161 146 247 313 635 
1130 0.10865300039093319 0.14096687238664318 0.7852969871411928 0 0 0 1.46 55 183 74 73 313 636 
1131 0.11019529088964834 0.16502867313315633 0.7697916494115441 0 0 0 0.73 55 184 146 248 175 240 274 333 278 560 313 637 
1132 0.11639228982868428 0.21814317920039994 0.947997186707512 0 0 0 0.44 55 185 112 113 146 249 161 192 274 334 351 424 384 372 401 57 447 340 
1133 0.10735511379234083 0.19774413021693688 0.7502221602680756 0 0 0 0.68 55 186 141 318 274 335 313 638 447 341 
1134 0.1068373941732371 0.19549004284811738 0.7556212234499462 0 0 0 0.98 55 187 151 160 274 336 384 373 447 342 
1135 0.12000479547503423 0.23732361799165239 0.9706620199920177 0 0 0 1.11 96 162 141 319 278 561 313 639 351 425 
1136 0.14756631230658274 0.29801341450074037 1.2538507126317842 0 0 0 0.77 142 230 175 241 278 562 313 640 
1137 0.1535147990392969 0.30813754029376916 1.2855039591973116 0 0 0 0.25 84 184 278 563 313 641 
1138 0.10652378227848182 0.2138666821770959 0.8110003402723172 0 0 0 0.38 55 188 100 103 112 114 141 320 151 161 161 193 175 242 274 337 313 642 351 426 447 343 493 179 
1139 0.10785695295879548 0.22690940894094114 0.8499051598605626 0 0 0 0.65 55 189 110 48 112 115 113 37 141 321 151 162 173 23 351 427 447 344 494 25 
1140 0.12880759021232593 0.28660015314224613 1.128921936570913 0 0 0 0.79 114 145 142 231 146 250 161 194 274 338 278 564 448 112 
1141 0.11349357596662535 0.22413968664694287 0.769847835510537 0 0 0 0.87 96 163 100 104 142 232 161 195 175 243 274 339 278 565 313 643 351 428 439 135 
1142 0.10877685901685648 0.1580723551326269 0.7671778015933833 0 0 0 0.63 55 190 74 74 100 105 110 49 112 116 113 38 146 251 151 163 173 24 175 244 274 340 447 345 493 180 
1143 0.11125639466219149 0.2032236404821755 0.888961039383119 0 0 0 0.5 55 191 141 322 384 374 
1144 0.11682270763312678 0.20575325303387132 0.9396079677193594 0 0 0 1.04 55 192 141 323 274 341 351 429 384 375 447 346 
1145 0.10642071233563968 0.18073780517506569 0.7552048057888419 0 0 0 0.85 55 193 113 39 146 252 151 164 274 342 351 430 384 376 447 347 
1146 0.10768936716033797 0.18915390484957473 0.7521754510802038 0 0 0 0.64 55 194 114 146 141 324 142 233 146 253 161 196 274 343 313 644 351 431 439 136 447 348 
1147 0.12295440202590029 0.23897421472755148 1.0200300148337604 0 0 0 0.47 112 117 141 325 151 165 274 344 288 131 447 349 
1148 0.13684727118753906 0.261774520861702 1.1377708813028855 0 0 0 1.71 141 326 146 254 151 166 
1149 0.1433916833379608 0.29422973465015756 1.2214321717529555 0 0 0 1.0 84 185 175 245 278 566 313 645 351 432 447 350 
1150 0.10908051693092073 0.20504651432725657 0.7730527382000957 0 0 0 0.78 96 164 161 197 175 246 274 345 278 567 313 646 351 433 
1151 0.12642341975726928 0.27268793331429186 1.0825479824214876 0 0 0 0.83 84 186 114 147 142 234 313 647 351 434 447 351 
1152 0.12982706160625324 0.2788858615140429 1.102540600309456 0 0 0 0.91 114 148 175 247 278 568 
1153 0.11155420322131068 0.21618721782103045 0.7670421613947083 0 0 0 0.7 100 106 142 235 274 346 313 648 447 352 
1154 0.08237622179097116 0.00038151260965682115 1.3756363968774121 0 0 0 1.07 278 569 288 132 313 649 
1155 0.10887304882817316 0.16264776799358402 0.7631605524001361 0 0 0 1.05 55 195 146 255 278 570 313 650 
1156 0.1269503739694052 0.2630878107947474 1.0828727485709915 0 0 0 0.5 141 327 142 236 313 651 
1157 0.1274043014309986 0.2623769568000439 1.080763433926053 0 0 0 0.16 146 256 288 133 384 377 
1158 0.0071130561574904785 -0.03973731702583089 1.3493702305206663 0 0 0 0.77 278 571 313 652 493 181 
1159 -0.032173269773485946 0.13873983931735687 1.1740918813849242 0 0 0 0.27 55 196 221 31 278 572 313 653 351 435 
1160 0.042963592532147724 0.05118904256031338 1.2964977628783139 0 0 0 0.29 113 40 141 328 142 237 274 347 313 654 351 436 447 353 493 182 
1161 -0.030135638574063272 0.07761014163531368 1.2764189355187585 0 0 0 0.52 313 655 439 137 456 134 
1162 0.07402466646511578 0.09748428702435444 1.2683116130815906 0 0 0 0.37 114 149 141 329 142 238 146 257 161 198 448 113 493 183 
1163 -0.038508201003864435 0.14052646552940776 1.1597796578564894 0 0 0 0.87 67 17 141 330 175 248 278 573 313 656 
1164 0.11656534435587325 0.1699054410882519 1.241033012079896 0 0 0 0.7 313 657 439 138 448 114 
1165 0.0005330193690229518 0.17599440479429562 1.150426581423008 0 0 0 0.83 67 18 100 107 112 118 141 331 142 239 288 134 351 437 447 354 
1166 0.10723684497665394 0.17119033983739704 0.8033128935949267 0 0 0 0.53 112 119 151 167 274 348 313 658 447 355 
1167 0.10775391692889595 0.17513005569658877 0.8217390805549032 0 0 0 0.3 96 165 278 574 313 659 351 438 384 378 439 139 447 356 
1168 0.10789337673567384 0.17522354128821893 0.8216345648206855 0 0 0 0.22 146 258 161 199 313 660 351 439 384 379 401 58 439 140 
1169 0.12977237157306054 0.2205714412450663 1.1355204146215858 0 0 0 0.57 151 168 384 380 401 59 
1170 0.10977619464999949 0.17363719238256328 0.784404078447969 0 0 0 0.24 278 575 313 661 447 357 
1171 0.10996463831865551 0.17642855976596672 0.7866288130354459 0 0 0 0.46 96 166 110 50 113 41 146 259 151 169 384 381 494 26 
1172 0.10587637466374378 0.18171600959332887 0.7956491407885067 0 0 0 0.27 96 167 100 108 110 51 112 120 141 332 142 240 161 200 175 249 313 662 351 440 447 358 448 115 493 184 
1173 0.1080322104746252 0.18259218745541955 0.8257439417505298 0 0 0 0.47 110 52 112 121 151 170 175 250 313 663 494 27 
1174 0.10839769388139801 0.18358439648445674 0.8292620321280996 0 0 0 0.46 112 122 313 664 401 60 
1175 0.10842247759886188 0.1890524311989544 0.8335592995780975 0 0 0 0.31 84 187 96 168 112 123 146 260 161 201 278 576 313 665 351 441 384 382 401 61 439 141 447 359 
1176 0.10967588275381379 0.19314827199851403 0.8569245745752044 0 0 0 0.3 141 333 146 261 161 202 313 666 384 383 
1177 0.10579130943442074 0.18622625643802185 0.7965424371047582 0 0 0 0.07 96 169 278 577 313 667 
1178 0.10597249234689457 0.1925124988727157 0.7919571208191786 0 0 0 0.48 96 170 141 334 142 241 146 262 278 578 313 668 
1179 0.10685482249203522 0.1906054512144194 0.8074232922725344 0 0 0 0.21 110 53 112 124 114 150 141 335 146 263 151 171 175 251 274 349 313 669 401 62 447 360 
1180 0.11194706633031119 0.20461893736818773 0.8831184219503502 0 0 0 0.15 278 579 313 670 351 442 447 361 
1181 0.11167459187423755 0.20709893770410767 0.8884171690376306 0 0 0 0.34 84 188 96 171 100 109 141 336 142 242 161 203 278 580 313 671 351 443 384 384 447 362 
1182 0.11471128287791808 0.20308569650365832 0.8937486624019909 0 0 0 0.93 112 125 141 337 146 264 175 252 205 155 278 581 384 385 401 63 447 363 
1183 0.11234976261871342 0.2061302187309871 0.8981776468155851 0 0 0 0.59 96 172 142 243 278 582 313 672 447 364 
1184 0.12145409934071844 0.22873277804968906 1.0001621739783328 0 0 0 0.23 84 189 142 244 278 583 313 673 351 444 
1185 0.10842620924523305 0.19632786285443954 0.7802314293291099 0 0 0 0.3 96 173 110 54 112 126 161 204 274 350 351 445 384 386 401 64 447 365 
1186 0.10722898350461227 0.1997025748516636 0.8097223294313198 0 0 0 0.41 96 174 146 265 161 205 175 253 278 584 313 674 351 446 439 142 447 366 448 116 
1187 0.10865221157308855 0.21521125296648774 0.842407389859637 0 0 0 0.39 96 175 100 110 142 245 161 206 175 254 278 585 313 675 351 447 439 143 447 367 
1188 0.11000123069330311 0.21985043995697467 0.8714744891275914 0 0 0 0.35 112 127 114 151 141 338 151 172 161 207 351 448 401 65 439 144 
1189 0.11162210940387854 0.21589091412281408 0.89036474248306 0 0 0 0.24 96 176 141 339 161 208 278 586 313 676 384 387 447 368 
1190 0.1110290059895216 0.22632915537419646 0.8881299960243948 0 0 0 0.44 110 55 146 266 161 209 351 449 401 66 439 145 
1191 0.11233117767674627 0.21860044844589388 0.9026069594125686 0 0 0 0.31 151 173 313 677 351 450 456 135 
1192 0.10905253655231105 0.20315077932503312 0.7701572589954604 0 0 0 0.47 96 177 141 340 142 246 146 267 161 210 175 255 278 587 313 678 351 451 447 369 
1193 0.10902288105320063 0.226771682118955 0.8468053612621509 0 0 0 0.21 114 152 141 341 401 67 447 370 
1194 0.11068585044285377 0.22816131330026632 0.8880994964665822 0 0 0 0.58 161 211 175 256 313 679 439 146 447 371 456 136 
1195 0.11555112692159353 0.24434917726179656 0.9599071412908866 0 0 0 0.44 161 212 278 588 313 680 439 147 
1196 0.12097303486079852 0.2511415633339256 0.9905381470826701 0 0 0 0.15 161 213 313 681 351 452 439 148 
1197 0.11955384793839599 0.2525857288978938 0.972127334773499 0 0 0 0.52 142 247 161 214 278 589 313 682 439 149 
1198 0.12423879576736553 0.2823353719665042 1.0605107598012058 0 0 0 0.39 141 342 351 453 384 388 
1199 0.10506129308028424 0.11398715843283921 0.7741568292593904 0 0 0 0.88 100 111 313 683 448 117 
1200 0.1188698554431194 0.1395520029255171 1.2815491119670843 0 0 0 0.61 278 590 313 684 351 454 
1201 0.03110791786704888 0.15947818646796375 1.1514053398587827 0 0 0 0.63 110 56 112 128 114 153 142 248 146 268 151 174 274 351 401 68 439 150 448 118 
1202 0.10897091033471884 0.1711932343734157 0.7966685825863354 0 0 0 0.26 142 249 175 257 313 685 351 455 401 69 
1203 0.10714450373805313 0.17414694563037397 0.8130230772922838 0 0 0 0.6 74 75 96 178 100 112 110 57 112 129 142 250 151 175 274 352 278 591 313 686 401 70 439 151 447 372 
1204 0.10748083851388118 0.19155452553066596 0.8172443398064765 0 0 0 0.33 84 190 96 179 100 113 112 130 114 154 141 343 142 251 151 176 278 592 313 687 447 373 
1205 0.11077417272034144 0.20288268339352705 0.8650355835716907 0 0 0 0.45 110 58 112 131 113 42 114 155 151 177 161 215 173 25 401 71 447 374 494 28 
1206 0.11211457249464452 0.2042520047024828 0.8936008172588356 0 0 0 0.73 112 132 114 156 146 269 151 178 175 258 205 156 274 353 278 593 384 389 401 72 439 152 447 375 
1207 0.12580057074219722 0.2433307547985848 1.0643319999270744 0 0 0 0.36 151 179 175 259 288 135 313 688 447 376 
1208 0.10777456787355051 0.20993478976435115 0.8257730427937694 0 0 0 0.18 96 180 100 114 151 180 161 216 313 689 351 456 447 377 
1209 0.11205490158718108 0.2251952887157054 0.9063484768080007 0 0 0 0.21 141 344 151 181 274 354 351 457 384 390 439 153 
1210 0.11616738532026498 0.2329824926611012 0.9620790764963103 0 0 0 0.37 112 133 114 157 151 182 161 217 274 355 351 458 384 391 401 73 
1211 0.10946820919618497 0.2094474806886887 0.7637954258750225 0 0 0 0.65 96 181 112 134 151 183 384 392 447 378 
1212 0.1104309078693868 0.23202196170193842 0.8730797948456523 0 0 0 0.24 112 135 141 345 151 184 274 356 384 393 447 379 
1213 0.12219123319751261 0.25403276946621933 0.9854009819490032 0 0 0 0.56 141 346 151 185 175 260 274 357 
1214 0.12078128667409398 0.2543385182761164 0.9898864155839986 0 0 0 0.31 112 136 141 347 151 186 161 218 274 358 384 394 
1215 -4.791019501443039 1.762086749535298 7.372242451272575 0 0 0 0.99 67 19 363 24 401 74 
1216 -0.005630645540165611 0.06525560905527933 1.2859065050843916 0 0 0 0.46 274 359 278 594 313 690 351 459 447 380 
1217 -0.015404914613640925 0.08270322296510058 1.2731150580982353 0 0 0 0.82 113 43 114 158 142 252 146 270 205 157 274 360 278 595 384 395 447 381 494 29 
1218 0.10876060802465737 0.12380081531847931 0.7966241813399922 0 0 0 1.11 96 182 110 59 112 137 161 219 278 596 313 691 351 460 447 382 448 119 
1219 0.11046046662022882 0.15374884839056438 0.7691987640244016 0 0 0 0.58 74 76 110 60 278 597 313 692 447 383 
1220 0.10760032689680071 0.16877849890847346 0.8045988375427812 0 0 0 0.26 100 115 110 61 274 361 313 693 384 396 401 75 
1221 0.10748007331055495 0.16874129008902772 0.8047075246454813 0 0 0 0.29 100 116 110 62 112 138 151 187 175 261 274 362 313 694 384 397 447 384 
1222 0.11001307705099671 0.16989159905419382 0.8207537215163985 0 0 0 0.57 74 77 151 188 274 363 278 598 313 695 351 461 384 398 447 385 
1223 0.1097463525434497 0.17557561439468747 0.7916651099026681 0 0 0 1.13 114 159 151 189 313 696 
1224 0.1053849352808115 0.1843703742927887 0.7927232590132133 0 0 0 0.46 74 78 313 697 384 399 
1225 0.10757464890910251 0.1877631888555468 0.8148317300955716 0 0 0 0.39 112 139 141 348 173 26 313 698 494 30 
1226 0.11937597652425444 0.20843244089748578 0.9530261727443918 0 0 0 0.2 151 190 274 364 278 599 351 462 384 400 
1227 0.1095564176865516 0.1921183226158671 0.7790904962914506 0 0 0 0.4 161 220 313 699 384 401 439 154 
1228 0.10594830728572566 0.1871674647518366 0.7949672806583724 0 0 0 0.3 100 117 110 63 141 349 151 191 173 27 313 700 351 463 401 76 448 120 
1229 0.10690414605351557 0.19283775081612337 0.8049627633250795 0 0 0 0.54 114 160 141 350 142 253 161 221 175 262 278 600 313 701 351 464 439 155 447 386 
1230 0.10891522649060899 0.20490873468339746 0.8362952307215376 0 0 0 0.44 112 140 141 351 146 271 313 702 447 387 
1231 0.10983063687112206 0.22558029773885585 0.8573440267872766 0 0 0 0.42 175 263 274 365 278 601 313 703 351 465 439 156 
1232 0.1200468530689436 0.27156441220273414 0.9205201549976888 0 0 0 0.3 112 141 141 352 151 192 274 366 351 466 384 402 447 388 
1233 0.1232643807039677 0.2745029882834634 0.9677847666751068 0 0 0 0.24 161 222 313 704 448 121 
1234 0.12991645528441886 0.3151373653135902 1.1168328663693414 0 0 0 1.33 142 254 313 705 
1235 0.10340397399358647 0.0892401124508383 1.392781919585873 0 0 0 0.53 141 353 274 367 313 706 448 122 
1236 -0.02765328838793478 0.1705636596732285 1.1535868355002274 0 0 0 0.31 67 20 113 44 146 272 274 368 278 602 351 467 447 389 
1237 0.1063315052355192 0.18039120553999707 0.7931049782686994 0 0 0 0.33 112 142 141 354 151 193 161 223 173 28 175 264 274 369 313 707 401 77 447 390 
1238 0.10970553824304351 0.18660032847459904 0.8312848407847184 0 0 0 0.27 173 29 175 265 313 708 401 78 447 391 
1239 0.11211804298172856 0.21758165779219546 0.9150379445235055 0 0 0 0.52 110 64 112 143 114 161 151 194 175 266 401 79 439 157 447 392 
1240 0.11698258959908028 0.21382139095513503 0.8773232277383328 0 0 0 0.49 100 118 112 144 142 255 161 224 401 80 
1241 0.11083976110513442 0.2135388676131787 0.7716091228933676 0 0 0 0.44 112 145 151 195 173 30 494 31 
1242 0.11128087931622876 0.21659347833692735 0.7786389243621241 0 0 0 0.61 100 119 141 355 142 256 161 225 175 267 313 709 351 468 447 393 
1243 0.11039436012111975 0.21399933419203684 0.8910966577168604 0 0 0 0.7 100 120 112 146 114 162 141 356 142 257 161 226 175 268 274 370 384 403 447 394 493 185 
1244 0.12079403838034311 0.25758305517327257 0.9808859854273321 0 0 0 1.07 84 191 175 269 274 371 313 710 448 123 493 186 
1245 0.12663968816103957 0.15821642704020988 0.7913644526581756 0 0 0 1.39 161 227 313 711 439 158 
1246 0.11141930497401704 0.22871661615677616 0.8844005209444075 0 0 0 0.56 114 163 141 357 151 196 274 372 351 469 384 404 401 81 447 395 
1247 0.11155420322131068 0.21618721782103045 0.7670421613947083 0 0 0 0.7 100 121 142 258 274 373 313 712 447 396 
1248 0.1099886638555366 0.12725663989037253 0.8010328556983485 0 0 0 1.23 96 183 100 122 142 259 161 228 173 31 313 713 351 470 401 82 448 124 
1249 0.10722872986073446 0.12693994269618789 0.8031362642754526 0 0 0 1.19 84 192 100 123 142 260 161 229 173 32 274 374 313 714 351 471 401 83 448 125 
1250 0.10725388791750656 0.20094286700784816 0.8333623801535109 0 0 0 0.86 100 124 110 65 112 147 114 164 161 230 175 270 274 375 351 472 401 84 439 159 447 397 448 126 493 187 
1251 0.11079680781068561 0.20756752789761218 0.8852243727322486 0 0 0 0.89 146 273 313 715 351 473 447 398 
1252 0.11260873864193162 0.21191981640204635 0.9164886855768999 0 0 0 0.75 142 261 175 271 313 716 351 474 447 399 
1253 0.10954956910637875 0.19219952912845167 0.8424627605541684 0 0 0 0.52 100 125 112 148 142 262 161 231 313 717 351 475 384 405 439 160 447 400 448 127 
1254 0.10819313253670866 0.21666940914323074 0.8423686909662017 0 0 0 0.81 84 193 100 126 141 358 142 263 175 272 274 376 351 476 384 406 447 401 493 188 
1255 0.10789835267500092 0.21659448294526823 0.842494905823696 0 0 0 0.79 112 149 141 359 351 477 384 407 447 402 493 189 
1256 0.07405813159856706 -0.061190821237179185 1.3915144237367496 0 0 0 0.44 161 232 313 718 439 161 
1257 0.03970949720896541 0.08676081477447656 1.2657169259013386 0 0 0 0.29 141 360 146 274 274 377 278 603 351 478 447 403 
1258 0.08191454541485801 0.08011690087327253 1.2832783571086266 0 0 0 0.56 84 194 175 273 313 719 
1259 0.09245458013982674 0.08294038803128444 1.2823982080528662 0 0 0 0.22 141 361 146 275 205 158 274 378 278 604 447 404 
1260 0.09254175720066038 0.08555521257706267 1.2823512005155004 0 0 0 0.67 96 184 112 150 113 45 278 605 420 45 
1261 0.043848555490809786 0.10628585543062843 1.2118762212523946 0 0 0 0.73 74 79 288 136 313 720 
1262 0.11611398147129767 0.13415907268658073 1.2752010842779056 0 0 0 0.44 141 362 142 264 278 606 313 721 
1263 0.11642366121773336 0.12599684916483525 1.3171473323632295 0 0 0 0.82 175 274 278 607 313 722 
1264 -0.024294775013272582 0.11269452672091482 1.2551965319117713 0 0 0 0.32 114 165 146 276 151 197 278 608 384 408 
1265 0.10867684172043336 0.13193105870292157 0.76282675089454 0 0 0 1.15 74 80 278 609 313 723 
1266 0.11368167567753304 0.14473282136771815 0.7527382341833481 0 0 0 0.53 74 81 141 363 313 724 351 479 
1267 0.11372807734245932 0.14411729244931795 0.7788955484020106 0 0 0 0.48 74 82 141 364 313 725 
1268 0.11546144220065828 0.1532695882086847 0.7811653797079007 0 0 0 1.09 278 610 313 726 
1269 0.11311620747193142 0.14598977611118 0.7957411224931635 0 0 0 1.69 74 83 313 727 351 480 384 409 
1270 0.11210929580856714 0.1531371410489196 0.7992291251437651 0 0 0 0.97 74 84 175 275 313 728 351 481 448 128 493 190 
1271 -0.0650688077943937 0.15677133166382798 1.1383327279448345 0 0 0 0.7 142 265 175 276 313 729 351 482 401 85 
1272 0.1120087829757497 0.15675585480478185 0.7778210133914458 0 0 0 0.35 74 85 100 127 112 151 447 405 494 32 
1273 0.10997107408025086 0.16488403474024405 0.7843233593105832 0 0 0 0.26 74 86 278 611 313 730 
1274 0.11032783953804372 0.16692380334123716 0.8082623945397611 0 0 0 0.52 74 87 146 277 278 612 313 731 384 410 
1275 0.11047821731919598 0.17102108121521317 0.8243210827636277 0 0 0 0.22 74 88 274 379 313 732 351 483 384 411 
1276 0.11334967128337849 0.17904510085038644 0.8615268095743014 0 0 0 0.14 74 89 313 733 384 412 
1277 0.11457749356304973 0.18309603157683124 0.8724151099117428 0 0 0 0.19 274 380 313 734 384 413 
1278 0.10686943932018661 0.17273292302843496 0.7601107254873818 0 0 0 0.52 74 90 278 613 313 735 
1279 0.108823014113014 0.1762793059697531 0.772546188617476 0 0 0 0.63 74 91 146 278 278 614 313 736 
1280 0.11088359615263674 0.17433835939207146 0.7889830101014532 0 0 0 0.58 74 92 96 185 112 152 173 33 274 381 313 737 447 406 
1281 0.11044183494036959 0.17469005146534344 0.7867703152831511 0 0 0 0.34 74 93 112 153 146 279 175 277 278 615 313 738 351 484 
1282 0.10979662953044464 0.18246189716162417 0.8425186599898541 0 0 0 0.32 74 94 278 616 313 739 384 414 
1283 0.1115666542031436 0.1840943390368088 0.8460102241009151 0 0 0 0.97 151 198 313 740 351 485 384 415 401 86 
1284 0.11536968197407317 0.18671780834410495 0.8786982900413811 0 0 0 0.5 274 382 313 741 384 416 
1285 0.12076832344061864 0.21773304211992825 0.987960505936485 0 0 0 0.67 141 365 151 199 274 383 278 617 384 417 
1286 0.12898937412795414 0.22435972559548342 1.1135357158555605 0 0 0 0.26 141 366 278 618 288 137 
1287 0.13058058899300254 0.24191963359810345 1.1076965882966332 0 0 0 1.29 74 95 278 619 313 742 
1288 0.14809707237156733 0.27447784629769467 1.3010570670165842 0 0 0 0.36 100 128 142 266 175 278 274 384 278 620 313 743 447 407 
1289 0.154147490095728 0.2908949076812074 1.3965645164241396 0 0 0 0.59 100 129 114 166 141 367 161 233 278 621 313 744 351 486 493 191 
1290 0.10580559213302895 0.1920553560406475 0.8041873043789874 0 0 0 0.28 100 130 110 66 112 154 114 167 151 200 161 234 175 279 313 745 351 487 401 87 447 408 
1291 0.11365557308365495 0.21687403243930098 0.9151740270702907 0 0 0 0.54 74 96 313 746 363 25 
1292 0.122036056767507 0.22719779528078338 0.9998735114447556 0 0 0 0.62 141 368 142 267 151 201 274 385 288 138 313 747 351 488 
1293 0.15023176758112947 0.32042834701827777 1.3845691035557486 0 0 0 0.53 84 195 175 280 313 748 351 489 
1294 0.10891997619640681 0.2285216490005952 0.847414898142936 0 0 0 0.3 110 67 112 155 141 369 151 202 173 34 274 386 351 490 447 409 
1295 0.11233095056329195 0.22873289002947197 0.8830202408056689 0 0 0 0.38 142 268 151 203 274 387 448 129 
1296 0.11981302587378256 0.25616491111477696 0.9721928978168192 0 0 0 0.44 142 269 278 622 313 749 351 491 
1297 0.1219393876001681 0.262036738236011 0.9923484559603868 0 0 0 0.57 74 97 313 750 384 418 
1298 0.12777738317110923 0.2746334998323884 1.1069552048318083 0 0 0 0.59 74 98 146 280 313 751 384 419 
1299 0.14432182803961285 0.3474170641549625 1.4267916904418636 0 0 0 0.57 74 99 278 623 313 752 
1300 0.11527952146099849 0.23638425187790785 0.8603367152489735 0 0 0 0.57 141 370 175 281 274 388 384 420 
1301 0.12325600403637624 0.267583512971941 1.0022760151631074 0 0 0 0.39 141 371 146 281 151 204 274 389 384 421 447 410 448 130 
1302 0.12712837224686746 0.28246431426291524 0.9362566873534046 0 0 0 2.0 74 100 313 753 384 422 
1303 0.008700228267279564 -0.028672457326525062 1.3369514658415942 0 0 0 0.55 205 159 278 624 313 754 
1304 -0.0007311699439591223 0.07753910092540107 1.2785035202438209 0 0 0 0.58 274 390 278 625 313 755 
1305 0.013978492581689395 0.08049620463505672 1.275598958201698 0 0 0 0.27 205 160 274 391 448 131 
1306 0.10608448413301443 0.11666859226120256 0.7781959415334395 0 0 0 1.64 100 131 313 756 
1307 0.12100163200950725 0.16379631689406127 1.253889833674498 0 0 0 0.54 141 372 278 626 288 139 313 757 
1308 0.11241741205213705 0.1472662375636562 0.7561851740618143 0 0 0 0.52 74 101 100 132 112 156 274 392 278 627 313 758 
1309 0.11100034753076432 0.15469884161111816 0.800754296178587 0 0 0 1.07 74 102 175 282 313 759 351 492 448 132 493 192 
1310 0.1112396909863092 0.15476597673579762 0.771602512460327 0 0 0 0.66 74 103 96 186 175 283 278 628 313 760 447 411 
1311 0.11243794238736253 0.1573574044150181 0.7804506729051974 0 0 0 0.27 74 104 96 187 110 68 112 157 173 35 313 761 447 412 
1312 0.1342214640894988 0.2226198086473213 1.2538517231835185 0 0 0 0.26 274 393 278 629 288 140 313 762 
1313 0.10639332733395804 0.1659667337020519 0.7497833814671656 0 0 0 0.84 74 105 112 158 151 205 
1314 0.10999538525605285 0.18174722233484755 0.7801847068677576 0 0 0 0.29 96 188 146 282 151 206 384 423 
1315 0.10815025055196202 0.18107704917061165 0.788710127475709 0 0 0 0.35 112 159 141 373 151 207 173 36 274 394 313 763 351 493 
1316 0.1100674820076045 0.18059963247941863 0.845021549655371 0 0 0 0.39 146 283 151 208 274 395 313 764 384 424 447 413 494 33 
1317 0.10972630374398762 0.18213250240876358 0.8475947049685156 0 0 0 0.54 114 168 151 209 173 37 313 765 351 494 401 88 
1318 0.11092692870049553 0.18268237538544504 0.8511370471596889 0 0 0 0.39 110 69 112 160 113 46 151 210 313 766 384 425 447 414 
1319 0.12468909659457375 0.23106652725956567 1.031244255823394 0 0 0 0.71 74 106 278 630 313 767 
1320 0.14629105308774262 0.2718301834023402 1.2813161637362718 0 0 0 0.31 146 284 288 141 384 426 
1321 0.10819624257622 0.1907279916731326 0.7745623185277914 0 0 0 0.56 112 161 141 374 142 270 175 284 274 396 313 768 447 415 
1322 0.12574927369061184 0.24133786197744098 1.0628235518467357 0 0 0 0.98 110 70 146 285 173 38 384 427 
1323 0.12438085506656382 0.26823999093899586 1.0645002882478938 0 0 0 0.16 141 375 151 211 274 397 447 416 
1324 0.12713743548690287 0.23367155746270246 0.8434883032311954 0 0 0 0.88 74 107 363 26 384 428 
1325 0.12103901401268785 0.26669476329376873 0.9838753302718511 0 0 0 0.37 142 271 274 398 313 769 351 495 
1326 0.12893702856535222 0.31639643768479025 1.087651343106117 0 0 0 1.77 74 108 313 770 363 27 
1327 0.07141137125425473 0.06634454453833007 1.289460281078725 0 0 0 0.25 205 161 278 631 313 771 
1328 0.00834154398261753 0.09632223603068212 1.2614936932390206 0 0 0 0.38 288 142 313 772 384 429 
1329 0.10719311847646947 0.1142647641397402 1.2683248722611764 0 0 0 0.36 96 189 274 399 313 773 351 496 
1330 -0.0021062892947449575 0.12972522761892738 1.164355920628783 0 0 0 0.6 141 376 313 774 351 497 
1331 -0.03867644488143866 0.13571582306289123 1.16384894013239 0 0 0 0.47 141 377 146 286 221 32 313 775 351 498 
1332 0.11589381887651719 0.14972045034547823 0.77844576287765 0 0 0 0.36 74 109 175 285 313 776 
1333 0.11269298528569371 0.14862741001331173 0.7986548102024745 0 0 0 0.9 74 110 96 190 151 212 161 235 274 400 313 777 401 89 
1334 -0.06940683947440135 0.15654616558080925 1.1325700730087267 0 0 0 1.13 151 213 175 286 313 778 
1335 0.10791654719390359 0.15298857922846748 0.7552873079639832 0 0 0 0.58 74 111 146 287 274 401 278 632 313 779 447 417 
1336 0.11373164482853523 0.15354437917009708 0.7718445123867763 0 0 0 0.46 74 112 100 133 112 162 142 272 173 39 175 287 447 418 
1337 0.10959352414203312 0.1602534693022124 0.7786244921330104 0 0 0 0.39 74 113 96 191 100 134 112 163 146 288 161 236 173 40 274 402 313 780 447 419 448 133 493 193 
1338 0.10996052219924501 0.16261371153328436 0.7802077557004858 0 0 0 0.64 74 114 110 71 112 164 175 288 274 403 313 781 447 420 
1339 0.10798838577264283 0.16683397853624626 0.7983259219400873 0 0 0 0.65 74 115 112 165 113 47 146 289 151 214 175 289 274 404 313 782 
1340 0.10699591497762935 0.16831434234413656 0.750797143000883 0 0 0 0.72 74 116 100 135 142 273 175 290 274 405 278 633 313 783 447 421 
1341 0.10537073392338492 0.1807457859231011 0.7515432887508069 0 0 0 0.63 113 48 141 378 313 784 
1342 0.10723721673827259 0.21638475784841252 0.8117463221231258 0 0 0 0.51 112 166 114 169 141 379 151 215 175 291 274 406 313 785 351 499 447 422 
1343 0.10711824719291756 0.21633271034178805 0.8116904970221069 0 0 0 0.5 112 167 114 170 313 786 447 423 493 194 
1344 0.10737502732205849 0.21197416859204146 0.7664742066925395 0 0 0 0.59 112 168 151 216 173 41 384 430 447 424 
1345 0.11173123391009619 0.24594521669408326 0.8745099042375003 0 0 0 0.8 141 380 175 292 313 787 
1346 0.12786880946273654 0.3126522271875032 1.084089075770773 0 0 0 1.58 74 117 84 196 313 788 363 28 
1347 0.12786880946273654 0.3126522271875032 1.084089075770773 0 0 0 1.58 74 118 84 197 313 789 363 29 
1348 0.11397583475234946 0.14471951739362746 0.7632540852431926 0 0 0 0.59 74 119 141 381 175 293 313 790 
1349 -0.04336134575314632 0.15780556221177994 1.1572517495789807 0 0 0 0.33 141 382 313 791 351 500 
1350 0.10879783989845732 0.1502417137050133 0.7527747038761216 0 0 0 1.38 74 120 175 294 313 792 
1351 0.14298649441521796 0.2489457272498679 1.2623202606008583 0 0 0 0.56 146 290 288 143 384 431 
1352 0.10533279827254291 0.17049325639473759 0.7531161140243806 0 0 0 0.53 74 121 278 634 313 793 
1353 0.10633058228079795 0.1711435598287871 0.7664889000134852 0 0 0 1.12 74 122 113 49 151 217 
1354 0.10597865199211137 0.1843045025577769 0.7927970746186115 0 0 0 0.8 74 123 96 192 110 72 112 169 114 171 141 383 274 407 313 794 351 501 439 162 447 425 448 134 
1355 0.12102668655140293 0.21847723567205016 0.9712433130882495 0 0 0 0.58 84 198 96 193 142 274 278 635 313 795 
1356 0.10989061944654308 0.19243303400759693 0.7723692665265277 0 0 0 0.93 96 194 141 384 142 275 175 295 274 408 313 796 447 426 493 195 
1357 0.11561504975231952 0.19772512470709624 0.9115916652252039 0 0 0 0.75 274 409 313 797 384 432 
1358 0.13689146349764927 0.24281666902522184 1.2093975274252189 0 0 0 0.38 96 195 175 296 278 636 313 798 
1359 0.12660941325995445 0.2624776710248625 1.0801602483390234 0 0 0 0.52 84 199 274 410 313 799 351 502 
1360 0.12208505300427502 0.25746147341572273 0.9781520892753303 0 0 0 0.43 74 124 146 291 313 800 
1361 0.04121453786989077 0.17185484643725613 1.1558823877585787 0 0 0 1.12 112 170 113 50 175 297 274 411 278 637 447 427 493 196 
1362 0.1386995087611401 0.2670936611330306 1.1497003900669927 0 0 0 1.53 141 385 175 298 278 638 288 144 
1363 0.11261022435503534 0.18653096688575327 0.846374092478538 0 0 0 0.84 110 73 112 171 114 172 175 299 274 412 313 801 351 503 447 428 494 34 
1364 -0.014257033832519798 0.1306827391245736 1.1666014359408297 0 0 0 0.49 141 386 278 639 313 802 
1365 0.07728386164014724 0.10599933498870968 1.2610299477501186 0 0 0 0.71 141 387 313 803 351 504 
1366 0.14047815931875948 0.23224131650615432 1.2455283669108015 0 0 0 1.57 74 125 278 640 313 804 
1367 0.11347561691044133 0.1680884534217689 0.8111992451629303 0 0 0 1.48 74 126 142 276 313 805 439 163 448 135 
1368 0.01972927003977607 0.06930988212168575 1.2790767626013269 0 0 0 0.53 84 200 142 277 205 162 351 505 384 433 493 197 
1369 -0.008284163212727763 0.09432275934681712 1.2640908710724355 0 0 0 0.7 84 201 313 806 351 506 439 164 
1370 -0.025934795322370894 0.11246400829098438 1.2587861905539046 0 0 0 0.39 84 202 112 172 114 173 278 641 447 429 494 35 
1371 0.12325170798813923 0.1432786866329949 1.3814247640658046 0 0 0 0.26 84 203 278 642 313 807 
1372 0.0895237775266411 0.21598295161711412 0.8457649214195534 0 0 0 2.05 141 388 205 163 313 808 
1373 0.14772877408135682 0.23581573280486082 1.3127469114344363 0 0 0 0.44 84 204 100 136 114 174 161 237 175 300 278 643 313 809 
1374 0.13697239193431254 0.2558466703347477 1.245467861339306 0 0 0 0.3 84 205 114 175 288 145 313 810 
1375 0.1406260362551445 0.2687457424594849 1.2651181131681626 0 0 0 0.59 84 206 278 644 313 811 
1376 0.11286674868758084 0.21349549032472057 0.9072501214540997 0 0 0 0.42 146 292 151 218 161 238 401 90 493 198 
1377 0.13944128343817147 0.27381851113645006 1.2460934075611916 0 0 0 0.17 84 207 141 389 313 812 351 507 
1378 0.10735559188349869 0.20507198151574646 0.8274799754999618 0 0 0 0.41 110 74 151 219 274 413 313 813 494 36 
1379 0.12300294556083177 0.2565454863584454 1.0094377026312251 0 0 0 0.39 84 208 141 390 313 814 493 199 
1380 0.13854483739086962 0.2995771490322398 1.2258755421247436 0 0 0 0.24 84 209 278 645 313 815 
1381 0.15508277521432842 0.3026042615980388 1.2782894667052247 0 0 0 0.43 84 210 278 646 313 816 351 508 
1382 0.15495111015030433 0.3041728866407303 1.2785679722308714 0 0 0 0.82 114 176 141 391 278 647 313 817 351 509 447 430 493 200 
1383 0.14874288161927926 0.32778691461654313 1.326082517025605 0 0 0 0.34 84 211 278 648 313 818 
1384 0.1097884407284174 0.2265342448378592 0.8691806199471672 0 0 0 0.61 84 212 96 196 142 278 175 301 278 649 313 819 
1385 0.12928613999612726 0.2984491386555299 1.127522298128082 0 0 0 0.46 84 213 175 302 274 414 313 820 447 431 
1386 0.14832628574803008 0.3377968718054253 1.2684438571971404 0 0 0 0.17 84 214 114 177 278 650 313 821 
1387 0.14940205488117897 0.35142915228136085 1.3514418640314356 0 0 0 0.7 84 215 142 279 175 303 274 415 278 651 313 822 
1388 0.12981668968973328 0.2847883940129202 0.9491120282713755 0 0 0 0.54 84 216 175 304 313 823 
1389 0.1337996874787513 0.334105139167959 1.1359655124931898 0 0 0 0.23 84 217 278 652 313 824 
1390 0.11089445630348621 0.19385658412669773 0.8692128818601899 0 0 0 0.81 84 218 142 280 161 239 313 825 439 165 
1391 0.110213173595719 0.19829764773592246 0.8576271185468894 0 0 0 0.37 84 219 96 197 141 392 151 220 278 653 313 826 351 510 384 434 
1392 0.11532351496028939 0.20988562280513637 0.9270621596327674 0 0 0 0.21 84 220 278 654 384 435 
1393 0.14917504323698333 0.3062968127522091 1.3869740637067947 0 0 0 0.45 84 221 114 178 313 827 493 201 
1394 0.14129834852288747 0.2892996330358585 1.1959064746420158 0 0 0 0.98 84 222 114 179 175 305 313 828 
1395 0.11201334851282176 0.21398897326761634 0.7771222713543512 0 0 0 0.58 141 393 313 829 401 91 
1396 0.15040774794242906 0.34173410376284363 1.3452422525114833 0 0 0 0.56 84 223 114 180 278 655 313 830 
1397 0.025198352773659782 0.07678149317442531 1.2744267935327844 0 0 0 0.76 84 224 205 164 384 436 
1398 0.14637520647050842 0.24488602185247849 1.3376795662673788 0 0 0 0.25 84 225 278 656 313 831 
1399 0.12463265212714837 0.23870997689493825 1.04025493327441 0 0 0 0.26 84 226 313 832 351 511 
1400 0.10777633505405407 0.2131369364341058 0.814425880121556 0 0 0 0.51 100 137 151 221 313 833 351 512 493 202 
1401 -0.004743781759369705 0.08311752018872572 1.275504128587801 0 0 0 0.2 84 227 113 51 278 657 313 834 
1402 0.10742609509151166 0.2029988723263437 0.8155406079680332 0 0 0 0.27 151 222 274 416 313 835 351 513 447 432 
1403 0.14929279765657635 0.3197074986162653 1.3135802600314663 0 0 0 0.34 84 228 278 658 313 836 
1404 0.11405025302920394 0.22667984627632368 0.7791735712837186 0 0 0 0.61 100 138 141 394 142 281 161 240 175 306 274 417 313 837 351 514 439 166 447 433 493 203 
1405 0.12735307176642022 0.26342656636192774 0.8632191118105909 0 0 0 0.99 84 229 100 139 142 282 313 838 493 204 
1406 0.11234832663354129 0.22084012207637563 0.7827168969873122 0 0 0 0.9 114 181 141 395 151 223 161 241 175 307 274 418 313 839 
1407 0.10959580657126076 0.12616080123040677 0.8042298211402217 0 0 0 1.09 84 230 100 140 141 396 142 283 161 242 175 308 313 840 351 515 447 434 493 205 
1408 0.11778451688052731 0.24906947793638645 0.8294247579498175 0 0 0 0.92 151 224 274 419 351 516 384 437 448 136 
1409 0.12487739712345493 0.2503024293750032 0.8183204867269251 0 0 0 0.5 100 141 142 284 439 167 493 206 
1410 0.11330340973126429 0.19939708432158101 0.8727003216921984 0 0 0 0.83 84 231 100 142 142 285 161 243 313 841 439 168 
1411 0.10843650447306509 0.12224938457720098 0.7974242827159707 0 0 0 0.51 96 198 313 842 447 435 
1412 0.03208727428865448 0.06693255194577263 1.285172581620315 0 0 0 0.29 96 199 278 659 313 843 
1413 0.08401644641237564 0.08346449481115141 1.2791033483190934 0 0 0 0.37 96 200 278 660 313 844 351 517 420 46 
1414 0.10694431130135024 0.1803310941833868 0.8121388434283602 0 0 0 0.1 96 201 278 661 313 845 384 438 
1415 0.10808694946311956 0.18512724900523805 0.8353809846176014 0 0 0 0.24 96 202 313 846 384 439 
1416 0.1067078508635596 0.18920253424728428 0.794963509623122 0 0 0 0.3 313 847 384 440 439 169 448 137 
1417 0.11653720470691942 0.1959382656328548 0.9037333139646345 0 0 0 0.58 96 203 313 848 384 441 456 137 
1418 0.10704915908592705 0.20543115083720756 0.8064521929690902 0 0 0 0.11 313 849 384 442 439 170 
1419 0.11152185608611917 0.20576996554785332 0.8846375807534586 0 0 0 0.33 96 204 278 662 313 850 384 443 
1420 0.10705997102294075 0.21259255550908734 0.8074803191210466 0 0 0 0.14 96 205 278 663 313 851 
1421 0.11084071045737877 0.22346612138088454 0.889160029866888 0 0 0 0.41 96 206 141 397 142 286 161 244 175 309 313 852 351 518 384 444 439 171 447 436 
1422 0.11260325087254268 0.22196098152336652 0.9061156457343714 0 0 0 0.37 141 398 384 445 447 437 456 138 
1423 0.12698775372150953 0.2657756299663797 1.077314921656298 0 0 0 0.63 141 399 146 293 288 146 351 519 384 446 447 438 
1424 0.10961575298131702 0.1360434898538379 0.7796322408481117 0 0 0 0.99 96 207 278 664 313 853 
1425 0.11015060722008349 0.14056242316706494 0.7925695498144915 0 0 0 0.21 96 208 278 665 313 854 
1426 0.11666021136419139 0.15463662730749358 0.7876547907321371 0 0 0 0.14 96 209 146 294 278 666 313 855 
1427 0.08727026764829171 0.02148758941855164 1.395031060095298 0 0 0 1.38 96 210 142 287 313 856 
1428 0.1093215056993265 0.16443197497074716 0.7832282859453017 0 0 0 0.22 96 211 146 295 278 667 313 857 
1429 0.10803154681048933 0.17212935091789147 0.8066837258739553 0 0 0 1.38 96 212 142 288 205 165 278 668 313 858 
1430 0.10623708207929533 0.19112161009552586 0.7967069269750888 0 0 0 0.25 96 213 278 669 313 859 
1431 0.10638741753836421 0.1977227828182241 0.8006939324706912 0 0 0 0.16 96 214 161 245 313 860 447 439 
1432 0.10642764624997622 0.20300392932651454 0.7977162616728382 0 0 0 0.09 96 215 278 670 313 861 
1433 0.11112085829860682 0.20945794742868798 0.8902825395899011 0 0 0 0.47 175 310 313 862 439 172 447 440 
1434 0.11014590683943179 0.14171599555200984 0.7957106978697119 0 0 0 0.58 96 216 146 296 278 671 313 863 
1435 0.11014265682193664 0.14183867934354807 0.798452355340047 0 0 0 0.8 96 217 146 297 313 864 
1436 0.10951306029136015 0.16321439142429245 0.7833001619261153 0 0 0 0.13 96 218 278 672 313 865 
1437 0.11008391131438386 0.16302788550260344 0.7841263060881996 0 0 0 0.24 96 219 113 52 384 447 
1438 0.10956890185466951 0.16372340202493854 0.7851846795504323 0 0 0 0.3 96 220 278 673 313 866 
1439 0.11004428835207 0.18480116000266691 0.783331041391159 0 0 0 0.35 313 867 384 448 439 173 
1440 0.10601017495865887 0.18984459143898666 0.7972542343889126 0 0 0 0.22 96 221 161 246 313 868 447 441 
1441 0.10685864913207888 0.19970270412382687 0.810157944853233 0 0 0 0.35 96 222 141 400 146 298 313 869 
1442 0.10635061238512108 0.21603538465524194 0.8094606651483268 0 0 0 0.39 112 173 141 401 151 225 161 247 175 311 274 420 313 870 
1443 0.10892743552165973 0.13693673705426712 0.7806226162605147 0 0 0 0.2 96 223 278 674 313 871 
1444 0.10897504943871923 0.1649150604658214 0.7819607677612715 0 0 0 0.46 96 224 278 675 313 872 
1445 0.10885151891954023 0.1755407720818226 0.7734981525455987 0 0 0 0.34 96 225 278 676 313 873 447 442 
1446 0.11159274563326359 0.17181801550245412 0.7889917928276172 0 0 0 0.16 96 226 175 312 313 874 
1447 0.10972354433002685 0.1759258773130518 0.7819007509847912 0 0 0 0.16 96 227 112 174 313 875 
1448 0.10661329649058053 0.17306867779563911 0.8113621193651898 0 0 0 0.3 96 228 313 876 447 443 
1449 0.10998672661336212 0.18286786812740422 0.7780442934025364 0 0 0 0.35 96 229 313 877 447 444 
1450 0.10866111480126649 0.18637217526764793 0.7816508951135224 0 0 0 0.4 96 230 112 175 114 182 161 248 175 313 278 677 313 878 351 520 439 174 447 445 
1451 0.108988008102115 0.19154234454973587 0.7809809360398348 0 0 0 0.54 96 231 278 678 313 879 439 175 
1452 0.10961717681444197 0.16138812773859315 0.7766210233038117 0 0 0 0.59 96 232 113 53 151 226 384 449 494 37 
1453 0.10908896841472196 0.16819331167688592 0.7685191114234032 0 0 0 0.85 96 233 146 299 313 880 
1454 0.11461785895989515 0.2579027256832385 0.9501254992199107 0 0 0 0.67 96 234 175 314 274 421 313 881 351 521 
1455 0.11132904250627813 0.13921462720182645 0.7997007988008769 0 0 0 0.89 96 235 142 289 161 249 278 679 313 882 351 522 
1456 0.11411500333332499 0.15768765395450862 0.7852125458421919 0 0 0 0.42 96 236 112 176 313 883 447 446 
1457 0.10900875747306084 0.16916222979849818 0.7728348733667656 0 0 0 0.19 96 237 146 300 274 422 313 884 
1458 0.10810499469534192 0.18919748645387652 0.7812058924623431 0 0 0 0.42 96 238 100 143 110 75 112 177 146 301 151 227 161 250 173 42 175 315 351 523 384 450 401 92 447 447 
1459 0.10997354125359361 0.181824845203906 0.7802304710681236 0 0 0 0.46 96 239 112 178 141 402 175 316 313 885 
1460 0.11029702774902342 0.15902294221404878 0.7810024199124627 0 0 0 0.49 96 240 112 179 175 317 313 886 
1461 -0.021066052890349487 0.06823883339266569 1.2835222514194706 0 0 0 0.72 96 241 288 147 313 887 351 524 
1462 0.10981900910962833 0.19976067741219236 0.7708377115851313 0 0 0 0.99 96 242 141 403 142 290 146 302 175 318 278 680 313 888 447 448 
1463 0.11096324240316723 0.16946507291320892 0.7844937024423883 0 0 0 1.17 96 243 113 54 146 303 384 451 
1464 0.10967102636484724 0.1996720467056621 0.7708890948920138 0 0 0 1.0 96 244 142 291 146 304 175 319 274 423 278 681 313 889 447 449 493 207 
1465 0.11188254841334352 0.2175190236958588 0.7827029436717762 0 0 0 0.57 100 144 141 404 151 228 161 251 175 320 274 424 313 890 351 525 447 450 
1466 0.1092295320890078 0.20507083512243846 0.7728988798007345 0 0 0 0.57 96 245 142 292 175 321 274 425 278 682 313 891 351 526 447 451 
1467 0.022062310374307934 0.005653245251204626 1.315570074817474 0 0 0 0.19 100 145 205 166 351 527 
1468 0.04484576128589414 0.07175831421340885 1.2864360950799354 0 0 0 0.54 100 146 313 892 420 47 
1469 -0.021851782842384287 0.09835637733656656 1.2657631173660466 0 0 0 0.4 100 147 278 683 447 452 456 139 494 38 
1470 -0.01940008327034656 0.09643178199956401 1.2654301379185326 0 0 0 0.34 100 148 161 252 205 167 313 893 351 528 456 140 493 208 
1471 -0.005118818758971715 0.09954264339111202 1.2631065102022978 0 0 0 0.17 100 149 205 168 351 529 384 452 448 138 
1472 0.028960436365085752 0.10119969692176696 1.2556331259292612 0 0 0 0.21 100 150 313 894 351 530 447 453 
1473 0.03132660102178279 0.19733422178998575 1.146407121178273 0 0 0 0.83 112 180 113 55 141 405 151 229 161 253 274 426 351 531 447 454 494 39 
1474 0.14222765045664024 0.26657372158772696 1.402468925886876 0 0 0 0.77 100 151 205 169 493 209 
1475 0.10748568040970911 0.18505172436337533 0.763547824949047 0 0 0 0.51 100 152 112 181 141 406 146 305 161 254 313 895 351 532 447 455 448 139 
1476 0.10765754631667618 0.2002842377518608 0.828745011312672 0 0 0 0.35 100 153 112 182 114 183 141 407 151 230 161 255 173 43 313 896 351 533 401 93 447 456 
1477 0.10504266265112415 0.2135687699811183 0.8308449212565393 0 0 0 0.52 100 154 110 76 112 183 313 897 447 457 
1478 0.11970805412660544 0.23078453757631207 0.7959517027218472 0 0 0 0.45 100 155 313 898 456 141 
1479 0.12395338796250771 0.24856674802914555 0.8913660176378347 0 0 0 0.92 100 156 161 256 313 899 447 458 
1480 0.11548119657240719 0.2429764156936908 0.8151029883556218 0 0 0 0.31 100 157 313 900 351 534 384 453 447 459 
1481 0.11351076133899303 0.24976015160057494 0.8737213850573726 0 0 0 0.53 100 158 141 408 142 293 161 257 175 322 274 427 313 901 
1482 0.11677224756152009 0.2520466259084263 0.8473231683352783 0 0 0 0.25 141 409 151 231 351 535 384 454 401 94 
1483 0.12100021261178075 0.2686979633233987 0.9046117192369053 0 0 0 0.63 100 159 278 684 313 902 
1484 0.14817238814154815 0.273164260755922 0.8889422476583666 0 0 0 2.19 100 160 313 903 
1485 0.11672554238529369 0.1936060936356289 1.2231298017961416 0 0 0 0.42 100 161 142 294 161 258 274 428 313 904 447 460 448 140 
1486 0.10855576404001283 0.1547850099751558 0.7582494189512541 0 0 0 0.5 100 162 141 410 146 306 151 232 173 44 384 455 447 461 493 210 
1487 0.10928857698436038 0.2099346726537354 0.7566547231092348 0 0 0 1.0 100 163 142 295 278 685 313 905 
1488 0.15409055645382458 0.2906395884371763 1.3959209930815342 0 0 0 0.36 100 164 161 259 278 686 313 906 351 536 
1489 0.14931294677458673 0.3432890643695918 1.2880100627132118 0 0 0 0.68 278 687 313 907 363 30 
1490 0.10521952453528054 0.22075075931560775 0.7961121109453231 0 0 0 1.42 100 165 205 170 313 908 384 456 
1491 0.12438976979282686 0.2664450817179634 0.8741524324772918 0 0 0 0.34 100 166 313 909 447 462 493 211 
1492 0.12060421918501556 0.27250327323005863 0.9365377508121402 0 0 0 0.35 112 184 151 233 274 429 351 537 447 463 493 212 
1493 0.12666161849373625 0.2394902776262734 0.7809559318965184 0 0 0 1.39 100 167 313 910 439 176 
1494 0.028482355146159925 0.05515841222070292 1.2928612017694936 0 0 0 0.56 175 323 274 430 278 688 313 911 447 464 
1495 0.09417750529754178 0.06572116524467951 1.2945093305860818 0 0 0 0.68 142 296 146 307 205 171 278 689 439 177 448 141 
1496 0.05086290117363075 0.10875227298674549 1.2571342038763706 0 0 0 0.22 141 411 205 172 278 690 351 538 384 457 
1497 0.0022533943416160255 0.11728838172049388 1.2441518809918102 0 0 0 0.34 278 691 313 912 351 539 
1498 0.03195815459061275 0.16760913769049107 1.1494716011681512 0 0 0 0.6 110 77 384 458 401 95 
1499 0.11195060716950388 0.17927057715759506 0.8511302979189607 0 0 0 0.29 110 78 146 308 313 913 
1500 0.12092024010642506 0.2571626370053679 0.9860582442240073 0 0 0 0.15 146 309 151 234 351 540 384 459 447 465 
1501 0.12225481432182884 0.22295801003458227 1.00868561085808 0 0 0 0.47 141 412 142 297 146 310 
1502 0.12229760810723746 0.22923364454537365 1.0382310824268328 0 0 0 0.16 141 413 151 235 288 148 401 96 447 466 
1503 0.10841370712310323 0.20302503943793274 0.7694401771007706 0 0 0 0.58 110 79 112 185 384 460 
1504 0.12726661250030324 0.2588322576038285 1.0420603309627163 0 0 0 0.25 161 260 175 324 278 692 351 541 
1505 0.1265006968250148 0.2852841432516949 1.124174964069443 0 0 0 0.22 146 311 278 693 313 914 
1506 0.02552363797956783 0.17210734433461142 1.1500677094787963 0 0 0 0.31 221 33 274 431 351 542 384 461 
1507 0.15027256361056116 0.32527399674424473 1.3853459499768517 0 0 0 0.12 278 694 313 915 351 543 
1508 0.12991887449410655 0.28799235036138554 1.136892693086902 0 0 0 0.06 146 312 288 149 447 467 
1509 0.1241677166069485 0.2531965624532818 0.8367212763802279 0 0 0 0.3 141 414 151 236 384 462 447 468 
1510 0.06070888454882614 0.13022923419577184 1.1705501170732602 0 0 0 1.02 142 298 278 695 448 142 
1511 0.12044146504161733 0.24230380230798634 0.8563569805816326 0 0 0 1.92 112 186 146 313 
1512 0.14898358538615397 0.37924826044408794 1.3341874216639258 0 0 0 0.25 175 325 278 696 313 916 
1513 0.10967814608754536 0.19546891897477722 0.8538279154369696 0 0 0 1.09 110 80 141 415 142 299 175 326 
1514 0.1262972659914744 0.2529737389252928 1.0883612809018597 0 0 0 0.36 112 187 146 314 384 463 
1515 0.10828782908420398 0.19348520487685006 0.7656183421704863 0 0 0 0.94 112 188 142 300 175 327 274 432 313 917 447 469 
1516 0.14795792552882456 0.3567680812281119 1.3438924976566868 0 0 0 0.2 114 184 175 328 278 697 313 918 
1517 0.008388530566101367 -0.0276719715198192 1.3319012040306815 0 0 0 0.4 205 173 278 698 456 142 493 213 
1518 0.0515400977903668 0.06872375686560431 1.2937123662868562 0 0 0 0.77 278 699 313 919 447 470 
1519 0.10746910937792593 0.12821501221191964 0.7517658436579286 0 0 0 1.15 112 189 175 329 278 700 313 920 447 471 
1520 -0.003384721991813553 0.17670511555264773 1.1521179167581976 0 0 0 0.22 141 416 146 315 278 701 351 544 
1521 0.10965574777206985 0.14956123664176726 0.7536173762698525 0 0 0 0.62 112 190 313 921 447 472 
1522 0.10719514405987023 0.17218661918335637 0.797579921428015 0 0 0 0.47 112 191 313 922 384 464 447 473 
1523 0.15107644449816693 0.29636643236842186 1.391951687978136 0 0 0 0.27 278 702 313 923 448 143 
1524 0.10822495701414961 0.16891618744355033 0.7563916333244923 0 0 0 0.45 112 192 113 56 384 465 
1525 0.10785757384212534 0.16907680209531625 0.7575331750814304 0 0 0 1.15 112 193 142 301 175 330 313 924 
1526 0.10700056548590932 0.171667222549842 0.7592490062464863 0 0 0 0.23 112 194 313 925 447 474 
1527 0.10865667226457236 0.17506737475510498 0.7783802194630108 0 0 0 0.4 112 195 151 237 274 433 313 926 
1528 0.10715675630539029 0.18846470094207265 0.8117768781628392 0 0 0 0.46 112 196 175 331 313 927 447 475 
1529 0.11229787708077842 0.2185928071033336 0.9026774641548314 0 0 0 0.34 141 417 151 238 313 928 456 143 
1530 0.12488346248735628 0.2383559277817794 1.03045548626616 0 0 0 0.29 278 703 351 545 448 144 
1531 0.10444822833892767 0.20509829682317815 0.8319141511553726 0 0 0 0.15 112 197 313 929 401 97 
1532 0.13911326615933128 0.31921534551821673 1.2323318470527747 0 0 0 0.45 278 704 313 930 439 178 448 145 
1533 0.10746592723244143 0.21916807482176473 0.8137002764121921 0 0 0 0.17 112 198 313 931 447 476 
1534 0.12700429877093672 0.265302450317511 0.8672312266291933 0 0 0 0.42 112 199 384 466 447 477 
1535 0.11342287888592578 0.14266875650395236 0.7545499370192151 0 0 0 1.0 112 200 141 418 142 302 313 932 
1536 0.10919863056587721 0.15447529954036948 0.7663712245193156 0 0 0 0.34 112 201 146 316 151 239 384 467 
1537 0.1163427826952687 0.1586341700529332 0.7903150461895511 0 0 0 0.57 112 202 146 317 151 240 175 332 313 933 493 214 
1538 0.10687967850327706 0.165762180434545 0.7961046324606565 0 0 0 0.16 112 203 151 241 173 45 313 934 
1539 0.10616832770005566 0.1786632540538522 0.8207263540870083 0 0 0 0.65 112 204 114 185 151 242 313 935 
1540 0.10720324562976473 0.19650898467265068 0.8123482806165652 0 0 0 0.24 112 205 141 419 146 318 151 243 313 936 
1541 0.11390789131336423 0.2402158983116339 0.9314991282023344 0 0 0 0.39 112 206 114 186 141 420 274 434 351 546 384 468 447 478 
1542 0.10937415452468871 0.20296018124118195 0.779876451366589 0 0 0 0.51 112 207 151 244 175 333 274 435 313 937 447 479 
1543 0.10747616171071289 0.21945144891970508 0.812213637598726 0 0 0 0.37 112 208 141 421 151 245 175 334 313 938 447 480 
1544 0.11280389902744777 0.22865269724025813 0.8134585362268261 0 0 0 0.46 112 209 141 422 146 319 161 261 
1545 0.12482252386344371 0.2864051402485749 0.9015723909300726 0 0 0 0.53 114 187 175 335 447 481 
1546 0.11029045728084107 0.15561612513425174 0.7688040912676605 0 0 0 0.61 112 210 146 320 151 246 173 46 274 436 384 469 494 40 
1547 0.11059616679635383 0.21890821161025398 0.7879565730308884 0 0 0 0.83 112 211 141 423 151 247 175 336 313 939 
1548 0.06371084231666989 0.1896545305535584 0.8435804907458422 0 0 0 1.65 313 940 494 41 
1549 0.014475154251784247 0.07014970054857755 1.2838013608630634 0 0 0 0.43 113 57 274 437 313 941 447 482 494 42 
1550 0.1106669439962595 0.11343378343756122 1.2725992840983962 0 0 0 0.42 141 424 278 705 313 942 
1551 -0.03887819727618226 0.09939098661475 1.2652928910239936 0 0 0 0.43 113 58 141 425 151 248 221 34 313 943 
1552 -0.0030570687129287213 0.1291919853111726 1.1704052674278005 0 0 0 0.24 113 59 141 426 313 944 351 547 493 215 
1553 -0.038980182842665516 0.14635017003738574 1.1609409353423399 0 0 0 0.21 278 706 313 945 351 548 384 470 
1554 0.11378923630455398 0.1520308170779763 0.7931115886859812 0 0 0 0.46 113 60 313 946 401 98 
1555 0.11622412882987919 0.15295465949861037 0.776589105446691 0 0 0 0.59 113 61 151 249 384 471 
1556 0.11043494175381335 0.17872594201358324 0.8349696819336112 0 0 0 0.45 113 62 313 947 401 99 
1557 0.10667467503036517 0.18097430185945057 0.793920699299276 0 0 0 0.52 313 948 384 472 439 179 
1558 0.1149242496038547 0.2149374412712213 0.9320576553440507 0 0 0 0.81 161 262 313 949 493 216 
1559 0.10960761053360236 0.21809612699304715 0.8687882746663926 0 0 0 0.39 141 427 313 950 384 473 439 180 
1560 0.10857122280121716 0.22831139050280158 0.8606649687057054 0 0 0 0.29 313 951 439 181 456 144 
1561 0.12349838578378645 0.26723632509368056 1.0174426293930805 0 0 0 0.49 142 303 175 337 278 707 313 952 
1562 0.11043714390092428 0.23678607248194944 0.8795268572778082 0 0 0 0.35 141 428 384 474 447 483 
1563 0.10980995410233378 0.17577539036656348 0.8161284973251486 0 0 0 2.21 313 953 384 475 447 484 
1564 0.10786027759003072 0.17787752436681858 0.7780290620518495 0 0 0 0.28 146 321 175 338 313 954 
1565 0.0882957779372735 0.060736898104513 1.2955498272296317 0 0 0 0.33 113 63 313 955 351 549 
1566 -0.07232550404176057 0.15518979088129736 1.126456934570717 0 0 0 0.75 113 64 175 339 313 956 351 550 
1567 0.10964944948019395 0.1462818415807025 0.7543296533568798 0 0 0 1.28 113 65 173 47 175 340 
1568 0.10750429976675831 0.15214830278269062 0.7521396914576689 0 0 0 0.43 113 66 151 250 384 476 
1569 0.1090094088143932 0.17837562409809973 0.7820257441854467 0 0 0 0.6 113 67 146 322 384 477 
1570 0.10926845479949605 0.16081237950864652 0.777076018734756 0 0 0 0.68 142 304 146 323 313 957 493 217 
1571 0.03276694179372073 0.09146472263075088 1.256711679292314 0 0 0 0.31 114 188 205 174 313 958 493 218 
1572 -0.012147455192681431 0.10483509669079333 1.2576231313284936 0 0 0 1.1 114 189 142 305 456 145 493 219 
1573 0.12249415161486656 0.2245502042063843 0.9885580218918592 0 0 0 0.27 114 190 274 438 278 708 
1574 0.10653067460809919 0.21451934038936746 0.8335006612321668 0 0 0 0.21 114 191 274 439 313 959 351 551 
1575 0.11556722835451189 0.2386881332845687 0.9550068269891473 0 0 0 0.31 114 192 141 429 146 324 351 552 384 478 447 485 456 146 
1576 0.14045863358278263 0.3196036527730227 1.2480158879456522 0 0 0 0.33 114 193 175 341 278 709 313 960 
1577 0.12407395393865778 0.2398951753220912 0.7771767788753667 0 0 0 1.44 114 194 175 342 313 961 
1578 0.11657329991664868 0.25143065944422105 0.8744692944717085 0 0 0 0.74 114 195 384 479 456 147 
1579 0.12687614568787844 0.28261545809040145 0.8888467556335299 0 0 0 0.6 114 196 175 343 274 440 384 480 447 486 
1580 0.03398961366348764 0.17961366877867568 1.1481246471286102 0 0 0 1.0 114 197 151 251 351 553 401 100 
1581 0.11123881489645769 0.2250588516670818 0.8848987820948635 0 0 0 0.39 114 198 274 441 278 710 313 962 
1582 0.11173919214587583 0.15498006177855414 0.8002444295360496 0 0 0 1.13 114 199 313 963 493 220 
1583 0.14116351461794965 0.33210248736102044 1.232119797272165 0 0 0 0.86 114 200 278 711 313 964 
1584 0.06240613527586101 -0.012924295814743058 1.3350154860366192 0 0 0 0.26 141 430 161 263 313 965 
1585 0.02787153420629554 0.06207339929976428 1.2819703460791416 0 0 0 0.44 141 431 142 306 205 175 351 554 
1586 0.03297398438862322 0.05943148092260948 1.2868345949423872 0 0 0 0.39 141 432 161 264 205 176 278 712 351 555 493 221 
1587 -0.022847489729918312 0.05298901934991978 1.2902348092793967 0 0 0 0.54 141 433 161 265 313 966 439 182 
1588 -0.07417528903721535 0.14515190343209428 1.1166878610565794 0 0 0 0.57 141 434 161 266 313 967 351 556 447 487 448 146 
1589 0.1099956580007186 0.13757908044519276 0.7591989810486689 0 0 0 0.65 141 435 146 325 278 713 313 968 351 557 
1590 0.11352315299832964 0.14116892710668277 0.74836998912007 0 0 0 0.7 141 436 278 714 313 969 
1591 0.1108480626776648 0.14260815316850553 0.7874579613531317 0 0 0 0.13 151 252 351 558 384 481 
1592 0.136949354242473 0.21178434772373397 1.1614005571481691 0 0 0 0.34 141 437 278 715 288 150 
1593 0.11572276067864334 0.1884648305035499 0.8895634186845218 0 0 0 0.29 141 438 146 326 278 716 384 482 
1594 0.12078868043173671 0.2174411881837975 0.9840224378745259 0 0 0 0.22 141 439 278 717 351 559 384 483 447 488 
1595 0.12216314538557764 0.22470782082614096 1.018750367359021 0 0 0 0.23 141 440 175 344 313 970 447 489 
1596 0.12565105247791328 0.23975315537259198 1.0427401842860486 0 0 0 0.38 141 441 313 971 351 560 
1597 0.1065834932138132 0.19203055636808664 0.7926613782047598 0 0 0 0.46 141 442 161 267 313 972 384 484 439 183 
1598 0.10661465191208312 0.19202974420293903 0.7926422942341935 0 0 0 0.41 141 443 161 268 313 973 351 561 384 485 439 184 
1599 0.10912788514398934 0.2041671776986255 0.8518029292432739 0 0 0 0.3 141 444 175 345 313 974 
1600 0.11090394166357732 0.21281533481163592 0.8655506935081938 0 0 0 0.19 141 445 313 975 384 486 
1601 0.12203550930086687 0.24116599063401348 0.9894990107820584 0 0 0 0.16 141 446 313 976 351 562 
1602 0.11496781663052665 0.24664104344035903 0.9475341700246387 0 0 0 0.3 141 447 278 718 439 185 
1603 0.12140644606207847 0.25987340979866963 0.9847083957951386 0 0 0 0.26 141 448 142 307 278 719 351 563 
1604 0.1221081934475835 0.2664607643166681 1.0081114579171269 0 0 0 0.23 141 449 151 253 175 346 351 564 447 490 
1605 0.12112623657147081 0.2657005522126698 0.9752596837565543 0 0 0 0.41 141 450 142 308 146 327 274 442 
1606 0.12212368287949504 0.27752467429826017 1.0029873765740371 0 0 0 0.25 141 451 313 977 351 565 
1607 0.05695330879641818 0.0004060806040661722 1.3242635348118807 0 0 0 0.14 313 978 351 566 448 147 
1608 0.09612612233725043 0.06259310803394999 1.299143975634126 0 0 0 0.56 141 452 278 720 313 979 
1609 -0.003955977928504372 0.17648089490210073 1.1527006385994616 0 0 0 0.25 141 453 313 980 351 567 
1610 0.11009450229104817 0.19505499858021333 0.8637578424251284 0 0 0 0.45 141 454 313 981 384 487 447 491 
1611 0.12031037908649403 0.22903231335438284 0.9834102989973811 0 0 0 0.28 141 455 175 347 288 151 313 982 439 186 
1612 0.12133630342200566 0.2465616168893526 0.9912001921627404 0 0 0 0.78 141 456 278 721 351 568 447 492 
1613 0.10795070023007777 0.1985072388660597 0.7450218677810253 0 0 0 0.85 141 457 142 309 146 328 313 983 
1614 0.12322191692431868 0.2597604214977665 1.0204426340351533 0 0 0 0.48 141 458 146 329 384 488 
1615 0.12500313160419502 0.27721904105340284 1.063594885224368 0 0 0 0.12 141 459 313 984 351 569 
1616 0.11149027077411257 0.21811467725875924 0.7911217109910941 0 0 0 0.46 141 460 351 570 384 489 447 493 
1617 0.11978777071964707 0.2532913817051509 0.8371781376171334 0 0 0 0.38 141 461 142 310 313 985 
1618 0.10885884848176368 0.09075637785874562 1.2985372886356616 0 0 0 0.86 141 462 278 722 313 986 
1619 0.09404434021466622 0.1402503135827623 1.1885805926122677 0 0 0 0.33 141 463 205 177 278 723 
1620 0.12875513427563198 0.24744893999875792 1.1522723345058041 0 0 0 0.79 141 464 274 443 313 987 
1621 0.12360181474899412 0.2738010486996545 0.8653457704959923 0 0 0 0.59 141 465 151 254 274 444 384 490 
1622 0.10696107923844018 0.08160511482379823 1.328435614300586 0 0 0 0.88 141 466 278 724 313 988 
1623 0.13734437874340388 0.31645464767550974 1.2182897683678762 0 0 0 0.87 141 467 313 989 447 494 
1624 0.11572640357338894 0.2504607789682678 0.895335267835943 0 0 0 1.25 146 330 151 255 205 178 274 445 384 491 
1625 0.11607071872337332 0.25303240561467544 0.9043410773032653 0 0 0 0.41 141 468 313 990 447 495 
1626 -0.03719670283842924 0.10196511726938169 1.2633487918363875 0 0 0 0.69 141 469 221 35 278 725 313 991 351 571 
1627 -0.04420910514542319 0.15799544853518843 1.1587140227543429 0 0 0 0.68 141 470 221 36 313 992 351 572 
1628 0.106584797017823 0.21778482196528565 0.8080236688540495 0 0 0 0.52 141 471 151 256 175 348 274 446 313 993 447 496 493 222 
1629 0.1290554147402108 0.2940364762245781 1.0844609538329664 0 0 0 0.64 141 472 274 447 313 994 
1630 -0.04210595466801663 0.14674317998677308 1.1612421703811135 0 0 0 0.52 141 473 146 331 221 37 278 726 313 995 351 573 
1631 0.12114697418667096 0.21940573611204706 0.9871025095054771 0 0 0 0.46 141 474 142 311 278 727 351 574 
1632 0.10638851801640216 0.19187167217155315 0.7997722785490737 0 0 0 0.18 141 475 151 257 161 269 313 996 351 575 384 492 401 101 447 497 
1633 0.12426495983880748 0.27490520385496864 1.0449633590611755 0 0 0 1.12 141 476 142 312 175 349 313 997 351 576 
1634 0.12418273551107495 0.2748682743850068 1.0451347270698401 0 0 0 1.18 141 477 142 313 175 350 313 998 
1635 0.11709771449268147 0.24707997284626848 0.8882695940874618 0 0 0 0.47 141 478 142 314 274 448 313 999 
1636 0.07728386164014724 0.10599933498870968 1.2610299477501186 0 0 0 0.71 141 479 313 1000 351 577 
1637 0.026495080648552775 -0.018489742407349418 1.3339646492935984 0 0 0 0.39 142 315 274 449 313 1001 
1638 -0.004190142407753501 0.09682687313151496 1.2631044190403378 0 0 0 1.11 142 316 205 179 278 728 313 1002 447 498 493 223 
1639 -0.07109955498039111 0.1548121595862585 1.1369026817702714 0 0 0 0.57 142 317 146 332 278 729 313 1003 351 578 448 148 
1640 0.10738279205398407 0.12975103033264682 0.7582111679759082 0 0 0 0.75 142 318 313 1004 447 499 
1641 0.14307363034505918 0.21997312494348834 1.2613591497802603 0 0 0 0.18 142 319 288 152 313 1005 
1642 0.14439415046501008 0.25736872477073375 1.2622705730952588 0 0 0 0.35 142 320 175 351 278 730 313 1006 
1643 0.10565212661820653 0.217884294613744 0.8153507755698096 0 0 0 0.4 142 321 384 493 447 500 
1644 0.1868671828371611 0.23523152416670323 0.7611868098539599 0 0 0 1.52 313 1007 351 579 363 31 
1645 0.11429435099546602 0.22531873053461446 0.8132929727027086 0 0 0 0.16 142 322 351 580 384 494 
1646 0.11201160708246728 0.2109119427050401 0.8946539618284365 0 0 0 0.92 142 323 151 258 175 352 351 581 447 501 
1647 0.10792676724714385 0.20094248561080194 0.7602351979561411 0 0 0 0.39 142 324 313 1008 447 502 
1648 0.10977383713467889 0.21107445705082636 0.7603146855626947 0 0 0 0.98 142 325 175 353 274 450 313 1009 447 503 448 149 
1649 0.13134197535191194 0.31128426381750285 1.0931765877443622 0 0 0 0.55 142 326 313 1010 351 582 
1650 0.13134197535191194 0.31128426381750285 1.0931765877443622 0 0 0 0.55 142 327 313 1011 351 583 
1651 0.11058828286259195 0.13779301799618604 0.7873656376073896 0 0 0 0.64 142 328 278 731 313 1012 
1652 0.10720921472432342 0.20626642827143685 0.7461709944532052 0 0 0 0.66 151 259 274 451 384 495 
1653 0.10647209052831776 0.15772774104050705 0.7685898100405484 0 0 0 0.5 142 329 161 270 313 1013 
1654 -0.00064872325269874 0.0003195878433053348 1.318906287629309 0 0 0 0.36 146 333 205 180 278 732 351 584 384 496 
1655 -0.018069036508928882 0.12911897868875608 1.1702999629243407 0 0 0 0.32 146 334 278 733 351 585 384 497 
1656 0.11656365730924614 0.15663413696952916 1.2899279965057975 0 0 0 1.08 278 734 351 586 401 102 
1657 0.10951551365714086 0.13961752921308432 0.7894928663327957 0 0 0 0.52 146 335 278 735 313 1014 
1658 -0.07221821579630516 0.15583179379895423 1.1457946669998398 0 0 0 0.48 146 336 278 736 313 1015 
1659 -0.03936337828150992 0.15277238830122433 1.156049001511422 0 0 0 0.25 146 337 278 737 313 1016 351 587 384 498 
1660 0.10858521214200931 0.15762176415536425 0.7673233684816667 0 0 0 0.17 146 338 278 738 313 1017 
1661 0.004973951106375441 0.17733625262486674 1.145466201932964 0 0 0 0.35 146 339 313 1018 384 499 
1662 0.10788663020191931 0.16562988775028084 0.8003050204840357 0 0 0 0.19 146 340 278 739 313 1019 
1663 0.10843886375052397 0.16516329410388386 0.8008689315215042 0 0 0 0.12 146 341 278 740 313 1020 
1664 0.1097953232281217 0.16699835580799954 0.8115420893408687 0 0 0 0.19 146 342 278 741 313 1021 447 504 
1665 -0.005768280324376074 0.18811304661768946 1.139845322463574 0 0 0 1.12 146 343 175 354 278 742 494 43 
1666 0.025967492684476755 0.19974090271342967 1.1453129265306696 0 0 0 0.56 278 743 313 1022 351 588 447 505 493 224 
1667 0.11024005796494724 0.1775590851024229 0.8435982353962408 0 0 0 1.78 146 344 313 1023 384 500 
1668 0.10902318169114968 0.180379728453184 0.7842867552358744 0 0 0 0.21 146 345 278 744 313 1024 
1669 0.10585493730102967 0.20130484669839865 0.7939434774983283 0 0 0 0.14 146 346 278 745 313 1025 
1670 0.12751930308620626 0.2687274345034612 1.0817875930066074 0 0 0 0.2 146 347 313 1026 384 501 
1671 0.11521608436160123 0.23211420018649775 0.8368090252504379 0 0 0 0.65 146 348 384 502 456 148 
1672 0.004047955411321162 -0.014728030990482577 1.3287975156895224 0 0 0 0.29 146 349 205 181 384 503 
1673 0.09348190757755513 0.15469718002382155 1.1828530926433365 0 0 0 0.14 146 350 278 746 384 504 
1674 0.13036868674654178 0.17758844718977762 1.284036598231774 0 0 0 0.17 278 747 288 153 313 1027 
1675 -0.06918539004407209 0.16050484848035837 1.1490379191915459 0 0 0 0.11 146 351 313 1028 351 589 
1676 0.1300114268758778 0.19676526958809934 1.1410483498881603 0 0 0 0.42 278 748 288 154 313 1029 
1677 0.12931121866953568 0.28385470350179226 1.1368856278304413 0 0 0 0.38 146 352 278 749 313 1030 
1678 -0.07171647618175878 0.1537517930771362 1.1218372558258833 0 0 0 0.82 146 353 175 355 313 1031 351 590 
1679 0.1125562392194518 0.2146812582871711 0.7791935449655175 0 0 0 0.69 175 356 313 1032 384 505 
1680 0.12606698648288236 0.2558626891489345 1.0795770228494421 0 0 0 0.37 146 354 288 155 384 506 
1681 0.11071416319337694 0.2353239205484142 0.8647448301881555 0 0 0 0.33 146 355 151 260 274 452 
1682 0.12236843493463936 0.28798568664520485 0.9625107018606652 0 0 0 0.55 146 356 274 453 447 506 
1683 0.026724223577857597 0.19493497346428515 1.1459547281244775 0 0 0 0.67 161 271 278 750 313 1033 493 225 
1684 0.10449066287382869 0.08202656664804368 1.3290090710592917 0 0 0 0.42 151 261 288 156 313 1034 
1685 0.1130472180317467 0.2107830781826422 0.9005794898622868 0 0 0 0.23 151 262 313 1035 447 507 
1686 -0.2707643918322527 0.15499159414753133 1.429926392427891 0 0 0 1.42 151 263 363 32 448 150 
1687 0.11197821086624306 0.21426422565289313 0.7872012791683309 0 0 0 0.3 151 264 274 454 313 1036 
1688 0.11106234759874405 0.17655801678199348 0.8490484150720229 0 0 0 0.62 151 265 274 455 313 1037 384 507 
1689 0.10656213402883184 0.20774623193472785 0.7508659070124214 0 0 0 0.72 151 266 384 508 447 508 
1690 0.0940434576498675 0.21834839554838587 0.7890152707743912 0 0 0 0.16 173 48 175 357 494 44 
1691 0.1169876289049363 0.14776979897222725 0.8076668980596311 0 0 0 1.32 151 267 173 49 313 1038 
1692 0.026261032081028736 0.06572298388302175 1.2819981522114452 0 0 0 0.19 161 272 205 182 351 591 448 151 
1693 0.025536305790180864 0.06486895502446752 1.282947642879171 0 0 0 0.9 161 273 313 1039 420 48 
1694 0.005540995218266063 0.06670958086422515 1.2825503190323582 0 0 0 0.12 161 274 205 183 278 751 351 592 
1695 -0.0050420973338641826 0.08285637545860217 1.2724415672301461 0 0 0 0.29 161 275 205 184 278 752 351 593 
1696 -0.01659802827882847 0.09671510991666574 1.2654930629092067 0 0 0 0.37 161 276 205 185 351 594 
1697 0.09280417378504457 0.09933527024146421 1.266195987124732 0 0 0 0.73 161 277 313 1040 351 595 439 187 
1698 0.10744875482481206 0.12820039982344467 0.7518970046775332 0 0 0 0.44 161 278 278 753 313 1041 447 509 
1699 -0.06768932477318848 0.16062638436746943 1.1467561511385074 0 0 0 0.29 161 279 313 1042 351 596 448 152 
1700 -0.03970051393303952 0.15369182323209843 1.1536844760671234 0 0 0 0.36 161 280 313 1043 447 510 448 153 
1701 0.10870874487745505 0.18577039693882788 0.7767703444394622 0 0 0 0.22 161 281 313 1044 384 509 
1702 0.10615462572190656 0.18400102564095056 0.7903562776078494 0 0 0 0.61 161 282 313 1045 384 510 
1703 0.12141218911762096 0.2427601693867062 1.0023511366714806 0 0 0 0.37 161 283 313 1046 439 188 
1704 0.10771989973590798 0.21134108880646765 0.815039256984443 0 0 0 0.47 161 284 313 1047 439 189 
1705 0.11569688166339048 0.25001346186341167 0.957138731140194 0 0 0 0.63 205 186 351 597 384 511 401 103 456 149 
1706 0.12674757571676226 0.2806949113733496 1.085769062070499 0 0 0 1.0 161 285 313 1048 439 190 
1707 0.12203653124765496 0.23127779494410888 0.7584989666914492 0 0 0 0.6 161 286 313 1049 384 512 
1708 0.15040850744174403 0.29879734770152205 1.3953510556401225 0 0 0 0.23 161 287 278 754 313 1050 351 598 
1709 0.1274961793922699 0.2589048396005345 1.0441816173732676 0 0 0 0.23 161 288 278 755 351 599 
1710 0.1389758569835962 0.32202646596174056 1.2318944790581594 0 0 0 0.54 161 289 313 1051 439 191 448 154 
1711 0.12312107198047455 0.23997508872962806 0.7892972254777884 0 0 0 0.44 161 290 313 1052 384 513 
1712 0.14670601608066408 0.24457377805676522 0.8190242771854697 0 0 0 1.89 313 1053 351 600 363 33 
1713 0.14880631215993823 0.27205291194821724 1.301096617002916 0 0 0 0.98 161 291 313 1054 448 155 
1714 0.1258155340614359 0.2618530970081097 0.8667865300776262 0 0 0 0.18 274 456 384 514 447 511 
1715 0.11421252175091803 0.1846564581828308 0.8784302446538391 0 0 0 0.3 274 457 313 1055 351 601 384 515 
1716 -0.034800985857354555 0.09571182085686059 1.2631048464702392 0 0 0 1.04 175 358 205 187 278 756 313 1056 351 602 
1717 -0.03971838071496133 0.1552292753504491 1.1549203840012368 0 0 0 0.62 175 359 278 757 313 1057 351 603 384 516 448 156 
1718 -0.06643989585824836 0.15137852243203276 1.1139040240383118 0 0 0 0.71 175 360 313 1058 447 512 
1719 -0.07089976586477992 0.15284507781180443 1.1381265781650798 0 0 0 0.83 175 361 313 1059 448 157 
1720 -0.07017326873269912 0.1540598580105153 1.1433663078849807 0 0 0 0.96 175 362 278 758 313 1060 
1721 0.10678256247019152 0.16923077815157664 0.8107842413168848 0 0 0 0.46 175 363 313 1061 384 517 447 513 
1722 0.15416678546313362 0.26728945425760453 1.3238435183481976 0 0 0 0.55 175 364 278 759 313 1062 
1723 0.11791596065454182 0.20852966571762055 0.9561216879609302 0 0 0 0.19 175 365 313 1063 448 158 
1724 0.11051905495052253 0.18819171491225117 0.7809487761874561 0 0 0 0.37 175 366 313 1064 439 192 
1725 0.12015641285502825 0.2557057165341983 0.974519048995971 0 0 0 0.37 175 367 278 760 351 604 
1726 0.1623003907602039 0.33811593557288966 1.2970033430842793 0 0 0 1.57 278 761 313 1065 448 159 
1727 0.11332510550190425 0.2304124592224926 0.8287833501864681 0 0 0 0.55 175 368 278 762 313 1066 
1728 0.12709623336316117 0.2879388394519343 1.0674823713220536 0 0 0 0.83 175 369 384 518 447 514 
1729 0.10620829999203978 0.18893331000139987 0.7964817186618132 0 0 0 0.29 278 763 313 1067 439 193 
1730 -0.07075684684644355 0.15738740282018335 1.1350376995634208 0 0 0 0.91 175 370 313 1068 448 160 
1731 0.11147287642051504 0.1704320612355164 0.7964338471679822 0 0 0 0.45 175 371 278 764 313 1069 
1732 0.11124215147880337 0.18301639336121014 0.8436949736497068 0 0 0 0.21 175 372 313 1070 401 104 
1733 0.11037825157152287 0.19361601431262535 0.8548020041213054 0 0 0 0.3 175 373 313 1071 401 105 
1734 0.11800755641162115 0.2531645212884234 0.9777812137596144 0 0 0 0.47 288 157 363 34 384 519 
1735 0.038354612047377945 0.08224857255610314 1.2739465110981474 0 0 0 0.8 175 374 278 765 288 158 313 1072 447 515 493 226 
1736 0.14459638750731488 0.22793214815643054 1.3619773009094465 0 0 0 0.73 175 375 288 159 313 1073 
1737 0.1203033822257858 0.22260650733297177 0.9714123107186803 0 0 0 0.67 175 376 384 520 456 150 
1738 0.11711834935456522 0.2412367613935478 0.8136237712366362 0 0 0 0.68 175 377 274 458 313 1074 
1739 0.11705418705169401 0.28793812523776974 0.9137206686036243 0 0 0 0.51 175 378 274 459 313 1075 447 516 
1740 0.1084422037065615 0.12458183033935169 0.8056588968823951 0 0 0 1.51 278 766 313 1076 493 227 
1741 0.05666756280138284 0.004592633686246089 1.320380314136452 0 0 0 0.17 205 188 351 605 439 194 
1742 -0.01815688141386463 0.037216683249032025 1.2997071159937117 0 0 0 0.54 313 1077 420 49 439 195 
1743 0.036306646215746495 0.08235042325328192 1.2664287589449104 0 0 0 0.21 205 189 278 767 351 606 384 521 448 161 456 151 493 228 
1744 0.011206889649872742 0.10039330077873339 1.2566512594909527 0 0 0 0.51 205 190 313 1078 456 152 
1745 0.04856516718595351 0.10577765569977124 1.2531850136696374 0 0 0 0.31 205 191 278 768 313 1079 
1746 0.0954810912526241 0.1367981762087587 1.2514196663512889 0 0 0 0.48 205 192 278 769 313 1080 
1747 0.07724874697354657 -0.05075176974726632 1.389213475191697 0 0 0 0.96 205 193 351 607 456 153 
1748 -0.008858204415488279 0.01960601084835412 1.307377890011044 0 0 0 0.28 205 194 313 1081 456 154 
1749 0.005828762594167973 0.030851457037565946 1.308677854010004 0 0 0 0.98 205 195 401 106 456 155 
1750 0.10591546934489256 0.1953245869996364 0.7923228012307726 0 0 0 0.42 313 1082 384 522 439 196 
1751 0.1244286967373459 0.20029884583392465 0.8997887997247731 0 0 0 2.11 205 196 313 1083 
1752 0.016209393189801347 0.08015053154638611 1.273774937807395 0 0 0 0.43 278 770 384 523 439 197 
1753 0.14608836724352497 0.2642668371203514 1.4068009338211789 0 0 0 1.35 278 771 313 1084 363 35 
1754 0.11189724208774995 0.17481516230287605 0.8394075215516127 0 0 0 0.28 274 460 313 1085 384 524 
1755 0.11534115576520125 0.18564105057584776 0.8814570794309449 0 0 0 0.34 274 461 313 1086 384 525 447 517 
1756 0.14729151398899198 0.35497980096713266 1.2757835465597973 0 0 0 0.81 274 462 313 1087 439 198 
1757 0.12167839474903376 0.2581580757198604 0.9381570980021195 0 0 0 0.02 274 463 288 160 351 608 
1758 0.11257749655207644 0.1931420860837811 0.868779057640441 0 0 0 0.84 274 464 313 1088 384 526 447 518 
1759 0.03338442988568266 0.06736795773325077 1.2820379523727714 0 0 0 0.08 278 772 313 1089 351 609 
1760 -0.023188010417826553 0.09621420960376639 1.267884880086039 0 0 0 0.21 278 773 351 610 384 527 456 156 
1761 -0.0743382245387409 0.1470282767644828 1.1158007174245255 0 0 0 0.82 278 774 313 1090 447 519 448 162 
1762 0.11043208168583385 0.16211499437186971 0.8049488378343099 0 0 0 0.3 278 775 313 1091 384 528 
1763 0.10641819202309681 0.17402904513471915 0.8067307552431011 0 0 0 0.14 278 776 313 1092 384 529 
1764 0.10674985459986062 0.17916344727159061 0.8122978570232505 0 0 0 0.16 278 777 313 1093 351 611 447 520 
1765 0.1078069975092708 0.1833373440721879 0.8225296699072343 0 0 0 0.07 278 778 313 1094 384 530 
1766 0.15006849774577166 0.2875731256406246 1.3578483945814486 0 0 0 0.07 278 779 313 1095 351 612 
1767 0.1275995153543489 0.2665377657756233 1.1217894064788732 0 0 0 0.18 278 780 313 1096 363 36 
1768 0.11768027125959557 0.24594933430859223 0.8909608184820799 0 0 0 0.24 278 781 384 531 456 157 
1769 0.11801965083292305 0.13718240115632233 1.279717363801448 0 0 0 0.51 278 782 288 161 313 1097 
1770 0.10987763156849391 0.17620062021161895 0.8387947317890996 0 0 0 0.4 278 783 313 1098 384 532 447 521 
1771 0.1122105307615507 0.17883354376593236 0.8481229384858618 0 0 0 0.28 278 784 313 1099 384 533 
1772 0.10781721099160049 0.1770443136348536 0.7532191917619848 0 0 0 0.12 278 785 313 1100 447 522 
1773 0.11536017313188836 0.22851536617216406 0.9238482104954497 0 0 0 0.47 278 786 313 1101 351 613 
1774 0.10340038532557644 0.07275879676829633 1.3349974519225922 0 0 0 0.32 278 787 288 162 313 1102 
1775 0.10763507569324415 0.09560888268323711 1.2763411294536273 0 0 0 0.14 278 788 288 163 313 1103 
1776 0.11515345013582676 0.11904717121308614 1.3150454623219063 0 0 0 0.23 278 789 288 164 313 1104 
1777 0.13036868674654178 0.17758844718977762 1.284036598231774 0 0 0 0.17 278 790 288 165 313 1105 
1778 0.10935039738775938 0.18568850853286847 0.8431605150563902 0 0 0 0.37 278 791 313 1106 351 614 384 534 
1779 0.11282679081276609 0.2142046952609733 0.7864882085322453 0 0 0 0.21 313 1107 351 615 384 535 
1780 0.11056313675570463 0.14222674428554055 1.2555334889675231 0 0 0 0.28 288 166 313 1108 351 616 447 523 
1781 0.1865163316502385 0.26260657262849524 0.826100830716757 0 0 0 0.79 351 617 363 37 447 524 
1782 0.10231561833910222 0.11633415355989832 0.7913975708916497 0 0 0 1.01 313 1109 447 525 448 163 
1783 0.03695959354778042 0.10401396162196627 1.2559620967167937 0 0 0 0.18 351 618 384 536 456 158 
1784 0.12371102899850984 0.17128031748909683 1.3969160793755333 0 0 0 0.84 313 1110 448 164 493 229 
1785 0.11196013820252293 0.2288554083249426 0.9073631930065686 0 0 0 0.5 313 1111 439 199 456 159 
1786 0.009737714992296675 0.17497157391190096 1.147868740199512 0 0 0 0.57 313 1112 384 537 447 526 493 230 
1787 0.11671038703406807 0.19970006253934142 0.9140332136106107 0 0 0 0.41 313 1113 384 538 456 160 
1788 0.1256069154274969 0.2804054007557457 1.0641134500756515 0 0 0 0.1 313 1114 351 619 439 200 
1789 0.14781053422509902 0.3349575030644102 1.2972932829600594 0 0 0 0.52 313 1115 439 201 448 165 
1790 0.11229045866238103 0.2297583594451254 0.7952865411194309 0 0 0 0.15 313 1116 351 620 447 527 
1791 0.018201813621151867 0.1641637769341287 1.1488779123040886 0 0 0 0.48 313 1117 439 202 448 166 
