{
    "merging_metrics": {
        "merge_success": 1.0,
        "merge_child_count": 0.0,
        "child_camera_counts": {
            "summary": {
                "min": null,
                "max": null,
                "median": null,
                "mean": null,
                "stddev": null
            },
            "full_data": []
        },
        "child_camera_overlap_with_parent": {
            "summary": {
                "min": null,
                "max": null,
                "median": null,
                "mean": null,
                "stddev": null
            },
            "full_data": []
        },
        "number_images_merged": 236.0,
        "number_cameras_merged": 57.0,
        "number_tracks_merged": 800.0,
        "3d_track_lengths_merged": {
            "summary": {
                "min": 3,
                "max": 31,
                "median": 4.0,
                "mean": 5.6375,
                "stddev": 4.1504329593429174,
                "len": 800,
                "invalid": 0,
                "histogram": {
                    "3": 154,
                    "4": 90,
                    "5": 52,
                    "6": 32,
                    "7": 36,
                    "8": 23,
                    "9": 22,
                    "10": 18,
                    "11": 6,
                    "12": 7,
                    "13": 9,
                    "14": 5,
                    "15": 7,
                    "16": 3,
                    "17": 2,
                    "18": 6,
                    "19": 3,
                    "20": 3,
                    "21": 1,
                    "22": 1,
                    "23": 1,
                    "24": 0,
                    "25": 4,
                    "26": 1,
                    "27": 1,
                    "28": 0,
                    "29": 0,
                    "30": 1
                }
            }
        },
        "reprojection_errors_merged_px": {
            "summary": {
                "min": 0.003950710090381644,
                "max": 2.6210358160071165,
                "median": 0.2211745854076796,
                "mean": 0.26296241558410677,
                "stddev": 0.20321692671744132,
                "len": 4510,
                "invalid": 0,
                "quartiles": {
                    "q0": 0.003950710090381644,
                    "q1": 0.1301900103692552,
                    "q2": 0.2211745854076796,
                    "q3": 0.3405141509348705,
                    "q4": 2.6210358160071165
                }
            }
        },
        "rotation_angle_error_deg": {
            "summary": {
                "min": 0.08736991882324219,
                "max": 7.361859321594238,
                "median": 0.34434229135513306,
                "mean": 0.6413127779960632,
                "stddev": 1.0208728313446045,
                "len": 57,
                "invalid": 0,
                "quartiles": {
                    "q0": 0.08736991882324219,
                    "q1": 0.21121931076049805,
                    "q2": 0.34434229135513306,
                    "q3": 0.6353018283843994,
                    "q4": 7.361859321594238
                }
            }
        },
        "translation_error_distance": {
            "summary": {
                "min": 0.00770572479814291,
                "max": 7.513333797454834,
                "median": 0.06853741407394409,
                "mean": 0.3087466359138489,
                "stddev": 1.0527702569961548,
                "len": 57,
                "invalid": 0,
                "quartiles": {
                    "q0": 0.00770572479814291,
                    "q1": 0.04058457911014557,
                    "q2": 0.06853741407394409,
                    "q3": 0.15814799070358276,
                    "q4": 7.513333797454834
                }
            }
        },
        "relative_translation_angle_error_deg": {
            "summary": {
                "min": 0.008314776234328747,
                "max": 164.76258850097656,
                "median": 1.9445030689239502,
                "mean": 8.753811836242676,
                "stddev": 24.702106475830078,
                "len": 1596,
                "invalid": 0,
                "quartiles": {
                    "q0": 0.008314776234328747,
                    "q1": 0.9764932841062546,
                    "q2": 1.9445030093193054,
                    "q3": 4.012234926223755,
                    "q4": 164.76258850097656
                }
            }
        },
        "translation_angle_error_deg": {
            "summary": {
                "min": 0.10360749810934067,
                "max": 128.043212890625,
                "median": 1.4954662322998047,
                "mean": 4.237142562866211,
                "stddev": 16.656579971313477,
                "len": 57,
                "invalid": 0,
                "quartiles": {
                    "q0": 0.10360749810934067,
                    "q1": 0.6686561107635498,
                    "q2": 1.4954662322998047,
                    "q3": 3.0099780559539795,
                    "q4": 128.043212890625
                }
            }
        },
        "relative_rotation_angle_error_deg": {
            "summary": {
                "min": 0.046988483518362045,
                "max": 8.036685943603516,
                "median": 0.5944189429283142,
                "mean": 0.9827602505683899,
                "stddev": 1.3318020105361938,
                "len": 1596,
                "invalid": 0,
                "quartiles": {
                    "q0": 0.046988483518362045,
                    "q1": 0.34968527406454086,
                    "q2": 0.5944189429283142,
                    "q3": 1.0030256807804108,
                    "q4": 8.036685943603516
                }
            }
        },
        "pose_auc_@1.0_deg": 0.091,
        "pose_auc_@2.5_deg": 0.3034,
        "pose_auc_@3.0_deg": 0.358,
        "pose_auc_@5.0_deg": 0.5097,
        "pose_auc_@10.0_deg": 0.6812,
        "pose_auc_@20.0_deg": 0.7989,
        "pose_auc_constructed_only_@1.0_deg": 0.091,
        "pose_auc_constructed_only_@2.5_deg": 0.3034,
        "pose_auc_constructed_only_@3.0_deg": 0.358,
        "pose_auc_constructed_only_@5.0_deg": 0.5097,
        "pose_auc_constructed_only_@10.0_deg": 0.6812,
        "pose_auc_constructed_only_@20.0_deg": 0.7989,
        "focal_length_error_px": {
            "summary": {
                "min": 1.2995350360870361,
                "max": 1122.166259765625,
                "median": 219.38856506347656,
                "mean": 292.3457336425781,
                "stddev": 208.1720733642578,
                "len": 57,
                "invalid": 0,
                "quartiles": {
                    "q0": 1.2995350360870361,
                    "q1": 143.90655517578125,
                    "q2": 219.38856506347656,
                    "q3": 411.87286376953125,
                    "q4": 1122.166259765625
                }
            },