{
    "merging_metrics": {
        "merge_success": 1.0,
        "merge_child_count": 0.0,
        "child_camera_counts": {
            "summary": {
                "min": null,
                "max": null,
                "median": null,
                "mean": null,
                "stddev": null
            },
            "full_data": []
        },
        "child_camera_overlap_with_parent": {
            "summary": {
                "min": null,
                "max": null,
                "median": null,
                "mean": null,
                "stddev": null
            },
            "full_data": []
        },
        "number_images_merged": 236.0,
        "number_cameras_merged": 61.0,
        "number_tracks_merged": 965.0,
        "3d_track_lengths_merged": {
            "summary": {
                "min": 3,
                "max": 38,
                "median": 4.0,
                "mean": 6.1150259067357515,
                "stddev": 5.2385806846895475,
                "len": 965,
                "invalid": 0,
                "histogram": {
                    "3": 172,
                    "4": 97,
                    "5": 62,
                    "6": 48,
                    "7": 34,
                    "8": 32,
                    "9": 22,
                    "10": 13,
                    "11": 8,
                    "12": 11,
                    "13": 10,
                    "14": 9,
                    "15": 10,
                    "16": 6,
                    "17": 8,
                    "18": 3,
                    "19": 5,
                    "20": 3,
                    "21": 5,
                    "22": 4,
                    "23": 3,
                    "24": 1,
                    "25": 2,
                    "26": 3,
                    "27": 3,
                    "28": 2,
                    "29": 1,
                    "30": 1,
                    "31": 1,
                    "32": 0,
                    "33": 1,
                    "34": 0,
                    "35": 2,
                    "36": 0,
                    "37": 1
                }
            }
        },
        "reprojection_errors_merged_px": {
            "summary": {
                "min": 0.001455720518356491,
                "max": 2.97748777321528,
                "median": 0.28707428227718146,
                "mean": 0.3618451522016332,
                "stddev": 0.30911835943913846,
                "len": 5901,
                "invalid": 0,
                "quartiles": {
                    "q0": 0.001455720518356491,
                    "q1": 0.16776711232562302,
                    "q2": 0.28707428227718146,
                    "q3": 0.45231181015490723,
                    "q4": 2.97748777321528
                }
            }
        },
        "rotation_angle_error_deg": {
            "summary": {
                "min": 0.06174159795045853,
                "max": 7.842158794403076,
                "median": 0.4072524309158325,
                "mean": 0.5900100469589233,
                "stddev": 0.9924721717834473,
                "len": 61,
                "invalid": 0,
                "quartiles": {
                    "q0": 0.06174159795045853,
                    "q1": 0.2692998945713043,
                    "q2": 0.4072524309158325,
                    "q3": 0.5666088461875916,
                    "q4": 7.842158794403076
                }
            }
        },
        "translation_error_distance": {
            "summary": {
                "min": 0.027860715985298157,
                "max": 5.580374240875244,
                "median": 0.11486820131540298,
                "mean": 0.2896822988986969,
                "stddev": 0.7840225696563721,
                "len": 61,
                "invalid": 0,
                "quartiles": {
                    "q0": 0.027860715985298157,
                    "q1": 0.08282317966222763,
                    "q2": 0.11486820131540298,
                    "q3": 0.1800401210784912,
                    "q4": 5.580374240875244
                }
            }
        },
        "relative_translation_angle_error_deg": {
            "summary": {
                "min": 0.02722947485744953,
                "max": 160.54397583007812,
                "median": 2.0665383338928223,
                "mean": 7.452852249145508,
                "stddev": 19.366859436035156,
                "len": 1830,
                "invalid": 0,
                "quartiles": {
                    "q0": 0.02722947485744953,
                    "q1": 1.0724865198135376,
                    "q2": 2.0665383338928223,
                    "q3": 4.002833306789398,
                    "q4": 160.54397583007812
                }
            }
        },
        "translation_angle_error_deg": {
            "summary": {
                "min": 0.1901628077030182,
                "max": 123.77259826660156,
                "median": 1.238787055015564,
                "mean": 3.9023735523223877,
                "stddev": 15.659402847290039,
                "len": 61,
                "invalid": 0,
                "quartiles": {
                    "q0": 0.1901628077030182,
                    "q1": 0.7916556000709534,
                    "q2": 1.238787055015564,
                    "q3": 1.9418333768844604,
                    "q4": 123.77259826660156
                }
            }
        },
        "relative_rotation_angle_error_deg": {
            "summary": {
                "min": 0.020809490233659744,
                "max": 9.04339599609375,
                "median": 0.5659008622169495,
                "mean": 0.8882957696914673,
                "stddev": 1.3733820915222168,
                "len": 1830,
                "invalid": 0,
                "quartiles": {
                    "q0": 0.020809490233659744,
                    "q1": 0.36546192318201065,
                    "q2": 0.5659008622169495,
                    "q3": 0.860815554857254,
                    "q4": 9.04339599609375
                }
            }
        },
        "pose_auc_@1.0_deg": 0.0704,
        "pose_auc_@2.5_deg": 0.2772,
        "pose_auc_@3.0_deg": 0.3353,
        "pose_auc_@5.0_deg": 0.4994,
        "pose_auc_@10.0_deg": 0.679,
        "pose_auc_@20.0_deg": 0.7973,
        "pose_auc_constructed_only_@1.0_deg": 0.0704,
        "pose_auc_constructed_only_@2.5_deg": 0.2772,
        "pose_auc_constructed_only_@3.0_deg": 0.3353,
        "pose_auc_constructed_only_@5.0_deg": 0.4994,
        "pose_auc_constructed_only_@10.0_deg": 0.679,
        "pose_auc_constructed_only_@20.0_deg": 0.7973,
        "focal_length_error_px": {
            "summary": {
                "min": 0.0,
                "max": 1121.9774169921875,
                "median": 238.2498321533203,
                "mean": 312.9522705078125,
                "stddev": 232.92881774902344,
                "len": 61,
                "invalid": 0,
                "quartiles": {
                    "q0": 0.0,
                    "q1": 131.89816284179688,
                    "q2": 238.2498321533203,
                    "q3": 431.9174499511719,
                    "q4": 1121.9774169921875
                }
            },