{
    "merging_metrics": {
        "merge_success": 1.0,
        "merge_child_count": 0.0,
        "child_camera_counts": {
            "summary": {
                "min": null,
                "max": null,
                "median": null,
                "mean": null,
                "stddev": null
            },
            "full_data": []
        },
        "child_camera_overlap_with_parent": {
            "summary": {
                "min": null,
                "max": null,
                "median": null,
                "mean": null,
                "stddev": null
            },
            "full_data": []
        },
        "number_images_merged": 28.0,
        "number_cameras_merged": 28.0,
        "number_tracks_merged": 324.0,
        "3d_track_lengths_merged": {
            "summary": {
                "min": 3,
                "max": 28,
                "median": 21.0,
                "mean": 20.330246913580247,
                "stddev": 6.452022264147759,
                "len": 324,
                "invalid": 0,
                "histogram": {
                    "3": 1,
                    "4": 0,
                    "5": 6,
                    "6": 3,
                    "7": 3,
                    "8": 28,
                    "9": 6,
                    "10": 5,
                    "11": 6,
                    "12": 3,
                    "13": 4,
                    "14": 4,
                    "15": 8,
                    "16": 9,
                    "17": 9,
                    "18": 14,
                    "19": 7,
                    "20": 48,
                    "21": 11,
                    "22": 25,
                    "23": 23,
                    "24": 19,
                    "25": 26,
                    "26": 12,
                    "27": 43
                }
            }
        },
        "reprojection_errors_merged_px": {
            "summary": {
                "min": 0.0033692184267662224,
                "max": 13.84795927078707,
                "median": 1.6369958804682676,
                "mean": 2.2831417272579926,
                "stddev": 2.140160192079523,
                "len": 6587,
                "invalid": 0,
                "quartiles": {
                    "q0": 0.0033692184267662224,
                    "q1": 0.8044527059370867,
                    "q2": 1.6369958804682676,
                    "q3": 3.0695570361350573,
                    "q4": 13.84795927078707
                }
            }
        },
        "rotation_angle_error_deg": {
            "summary": {
                "min": 0.18103377521038055,
                "max": 2.885103225708008,
                "median": 1.0088450908660889,
                "mean": 1.0905817747116089,
                "stddev": 0.6865960359573364,
                "len": 28,
                "invalid": 0,
                "quartiles": {
                    "q0": 0.18103377521038055,
                    "q1": 0.5299989432096481,
                    "q2": 1.0088450908660889,
                    "q3": 1.2977546453475952,
                    "q4": 2.885103225708008
                }
            }
        },
        "translation_error_distance": {
            "summary": {
                "min": 0.0030341637320816517,
                "max": 0.06288830190896988,
                "median": 0.01325102150440216,
                "mean": 0.017859220504760742,
                "stddev": 0.014144263230264187,
                "len": 28,
                "invalid": 0,
                "quartiles": {
                    "q0": 0.0030341637320816517,
                    "q1": 0.007649248116649687,
                    "q2": 0.013251021038740873,
                    "q3": 0.024063184391707182,
                    "q4": 0.06288830190896988
                }
            }
        },
        "relative_translation_angle_error_deg": {
            "summary": {
                "min": 0.009135705418884754,
                "max": 19.27683448791504,
                "median": 0.9268285036087036,
                "mean": 1.0798404216766357,
                "stddev": 1.3659085035324097,
                "len": 378,
                "invalid": 0,
                "quartiles": {
                    "q0": 0.009135705418884754,
                    "q1": 0.5577953904867172,
                    "q2": 0.926828533411026,
                    "q3": 1.2525179982185364,
                    "q4": 19.27683448791504
                }
            }
        },
        "translation_angle_error_deg": {
            "summary": {
                "min": 0.0463864766061306,
                "max": 0.7763997912406921,
                "median": 0.21767672896385193,
                "mean": 0.26443830132484436,
                "stddev": 0.18821747601032257,
                "len": 28,
                "invalid": 0,
                "quartiles": {
                    "q0": 0.0463864766061306,
                    "q1": 0.10219945944845676,
                    "q2": 0.21767672896385193,
                    "q3": 0.3476003333926201,
                    "q4": 0.7763997912406921
                }
            }
        },
        "relative_rotation_angle_error_deg": {
            "summary": {
                "min": 0.032549481838941574,
                "max": 4.168478012084961,
                "median": 1.2930572032928467,
                "mean": 1.4678914546966553,
                "stddev": 1.0051230192184448,
                "len": 378,
                "invalid": 0,
                "quartiles": {
                    "q0": 0.032549481838941574,
                    "q1": 0.5699667483568192,
                    "q2": 1.2930572628974915,
                    "q3": 2.201167404651642,
                    "q4": 4.168478012084961
                }
            }
        },
        "pose_auc_@1.0_deg": 0.0882,
        "pose_auc_@2.5_deg": 0.3777,
        "pose_auc_@5.0_deg": 0.6588,
        "pose_auc_@10.0_deg": 0.8255,
        "pose_auc_@20.0_deg": 0.9119,
        "focal_length_error_px": {
            "summary": {
                "min": 412.7896423339844,
                "max": 418.86309814453125,
                "median": 415.79083251953125,
                "mean": 415.57977294921875,
                "stddev": 1.5335304737091064,
                "len": 28,
                "invalid": 0,
                "quartiles": {
                    "q0": 412.7896423339844,
                    "q1": 414.4293975830078,
                    "q2": 415.7908172607422,
                    "q3": 416.29298400878906,
                    "q4": 418.86309814453125
                }
            },
            "full_data": [
                413.3807373046875,
                412.7896423339844,
                413.4070739746094,
                416.2724304199219,
                416.2803955078125,
                416.1303405761719,
                416.76708984375,
                416.21282958984375,
                417.4488830566406,
                415.1471862792969,
                416.42706298828125,
                415.7947082519531,
                418.5780334472656,
                415.3177490234375,
                418.86309814453125,
                417.7782287597656,
                416.33074951171875,
                415.4179382324219,
                415.78692626953125,
                414.231689453125,
                413.1734313964844,
                413.5835876464844,
                414.4312438964844,
                415.6741638183594,
                414.5675354003906,
                416.1165771484375,
                415.90155029296875,
                414.4238586425781
            ]
        },
        "focal_length_error_pct": {
            "summary": {
                "min": 52.98043441772461,
                "max": 53.759944915771484,
                "median": 53.36562728881836,
                "mean": 53.33855056762695,
                "stddev": 0.19682462513446808,
                "len": 28,
                "invalid": 0,