{
    "merging_metrics": {
        "merge_success": 1.0,
        "merge_child_count": 0.0,
        "child_camera_counts": {
            "summary": {
                "min": null,
                "max": null,
                "median": null,
                "mean": null,
                "stddev": null
            },
            "full_data": []
        },
        "child_camera_overlap_with_parent": {
            "summary": {
                "min": null,
                "max": null,
                "median": null,
                "mean": null,
                "stddev": null
            },
            "full_data": []
        },
        "number_images_merged": 236.0,
        "number_cameras_merged": 42.0,
        "number_tracks_merged": 765.0,
        "3d_track_lengths_merged": {
            "summary": {
                "min": 3,
                "max": 26,
                "median": 4.0,
                "mean": 5.271895424836601,
                "stddev": 3.245800857223115,
                "len": 765,
                "invalid": 0,
                "histogram": {
                    "3": 160,
                    "4": 100,
                    "5": 60,
                    "6": 42,
                    "7": 29,
                    "8": 23,
                    "9": 19,
                    "10": 8,
                    "11": 15,
                    "12": 9,
                    "13": 4,
                    "14": 5,
                    "15": 4,
                    "16": 0,
                    "17": 1,
                    "18": 2,
                    "19": 0,
                    "20": 2,
                    "21": 1,
                    "22": 0,
                    "23": 1,
                    "24": 0,
                    "25": 2
                }
            }
        },
        "reprojection_errors_merged_px": {
            "summary": {
                "min": 0.007047966191235694,
                "max": 2.6567432401188857,
                "median": 0.29093066419222846,
                "mean": 0.359332017963681,
                "stddev": 0.2800419850408675,
                "len": 4033,
                "invalid": 0,
                "quartiles": {
                    "q0": 0.007047966191235694,
                    "q1": 0.17142121795582368,
                    "q2": 0.29093066419222846,
                    "q3": 0.46486737212094054,
                    "q4": 2.6567432401188857
                }
            }
        },
        "rotation_angle_error_deg": {
            "summary": {
                "min": 0.15509575605392456,
                "max": 3.791046380996704,
                "median": 0.43479737639427185,
                "mean": 0.6108765602111816,
                "stddev": 0.609631359577179,
                "len": 42,
                "invalid": 0,
                "quartiles": {
                    "q0": 0.15509575605392456,
                    "q1": 0.2995287775993347,
                    "q2": 0.43479737639427185,
                    "q3": 0.6223752498626709,
                    "q4": 3.791046380996704
                }
            }
        },
        "translation_error_distance": {
            "summary": {
                "min": 0.019200636073946953,
                "max": 13.080378532409668,
                "median": 0.20441585779190063,
                "mean": 0.5464007258415222,
                "stddev": 1.9684780836105347,
                "len": 42,
                "invalid": 0,
                "quartiles": {
                    "q0": 0.019200636073946953,
                    "q1": 0.10216673649847507,
                    "q2": 0.20441585034132004,
                    "q3": 0.32102450728416443,
                    "q4": 13.080378532409668
                }
            }
        },
        "relative_translation_angle_error_deg": {
            "summary": {
                "min": 0.02153136022388935,
                "max": 159.78030395507812,
                "median": 2.8311941623687744,
                "mean": 10.826009750366211,
                "stddev": 27.964101791381836,
                "len": 861,
                "invalid": 0,
                "quartiles": {
                    "q0": 0.02153136022388935,
                    "q1": 1.481919765472412,
                    "q2": 2.8311941623687744,
                    "q3": 5.965722560882568,
                    "q4": 159.78030395507812
                }
            }
        },
        "translation_angle_error_deg": {
            "summary": {
                "min": 0.2638089060783386,
                "max": 123.82833099365234,
                "median": 1.501285433769226,
                "mean": 5.336752414703369,
                "stddev": 18.707067489624023,
                "len": 42,
                "invalid": 0,
                "quartiles": {
                    "q0": 0.2638089060783386,
                    "q1": 0.7411468923091888,
                    "q2": 1.501285433769226,
                    "q3": 2.5905418395996094,
                    "q4": 123.82833099365234
                }
            }
        },
        "relative_rotation_angle_error_deg": {
            "summary": {
                "min": 0.014562360011041164,
                "max": 4.844688892364502,
                "median": 0.5526500344276428,
                "mean": 0.834342360496521,
                "stddev": 0.8532100915908813,
                "len": 861,
                "invalid": 0,
                "quartiles": {
                    "q0": 0.014562360011041164,
                    "q1": 0.32350465655326843,
                    "q2": 0.5526500344276428,
                    "q3": 1.0036683082580566,
                    "q4": 4.844688892364502
                }
            }
        },
        "pose_auc_@1.0_deg": 0.0401,
        "pose_auc_@2.5_deg": 0.194,
        "pose_auc_@3.0_deg": 0.2422,
        "pose_auc_@5.0_deg": 0.3925,
        "pose_auc_@10.0_deg": 0.5942,
        "pose_auc_@20.0_deg": 0.7459,
        "pose_auc_constructed_only_@1.0_deg": 0.0401,
        "pose_auc_constructed_only_@2.5_deg": 0.194,
        "pose_auc_constructed_only_@3.0_deg": 0.2422,
        "pose_auc_constructed_only_@5.0_deg": 0.3925,
        "pose_auc_constructed_only_@10.0_deg": 0.5942,
        "pose_auc_constructed_only_@20.0_deg": 0.7459,
        "focal_length_error_px": {
            "summary": {
                "min": 0.0,
                "max": 999.509033203125,
                "median": 188.2799072265625,
                "mean": 244.1270751953125,
                "stddev": 207.00643920898438,
                "len": 42,
                "invalid": 0,
                "quartiles": {
                    "q0": 0.0,
                    "q1": 131.2852897644043,
                    "q2": 188.27991485595703,
                    "q3": 223.99655151367188,
                    "q4": 999.509033203125
                }
            },