{
    "merging_metrics": {
        "merge_success": 1.0,
        "merge_child_count": 0.0,
        "child_camera_counts": {
            "summary": {
                "min": null,
                "max": null,
                "median": null,
                "mean": null,
                "stddev": null
            },
            "full_data": []
        },
        "child_camera_overlap_with_parent": {
            "summary": {
                "min": null,
                "max": null,
                "median": null,
                "mean": null,
                "stddev": null
            },
            "full_data": []
        },
        "number_images_merged": 28.0,
        "number_cameras_merged": 28.0,
        "number_tracks_merged": 1088.0,
        "3d_track_lengths_merged": {
            "summary": {
                "min": 3,
                "max": 28,
                "median": 20.0,
                "mean": 17.52573529411765,
                "stddev": 6.672711067381408,
                "len": 1088,
                "invalid": 0,
                "histogram": {
                    "3": 14,
                    "4": 32,
                    "5": 25,
                    "6": 23,
                    "7": 22,
                    "8": 73,
                    "9": 27,
                    "10": 23,
                    "11": 31,
                    "12": 37,
                    "13": 32,
                    "14": 50,
                    "15": 26,
                    "16": 30,
                    "17": 31,
                    "18": 39,
                    "19": 86,
                    "20": 128,
                    "21": 49,
                    "22": 76,
                    "23": 78,
                    "24": 46,
                    "25": 40,
                    "26": 22,
                    "27": 35
                }
            }
        },
        "reprojection_errors_merged_px": {
            "summary": {
                "min": 0.0017712026026096056,
                "max": 2.9977057117031722,
                "median": 0.6442099965785623,
                "mean": 0.8159485223970132,
                "stddev": 0.6037085893665542,
                "len": 19068,
                "invalid": 0,
                "quartiles": {
                    "q0": 0.0017712026026096056,
                    "q1": 0.37232873573123715,
                    "q2": 0.6442099965785623,
                    "q3": 1.0978089164082379,
                    "q4": 2.9977057117031722
                }
            }
        },
        "rotation_angle_error_deg": {
            "summary": {
                "min": 0.05779360234737396,
                "max": 1.86951744556427,
                "median": 1.0704636573791504,
                "mean": 0.9779075980186462,
                "stddev": 0.4643493890762329,
                "len": 28,
                "invalid": 0,
                "quartiles": {
                    "q0": 0.05779360234737396,
                    "q1": 0.7955548316240311,
                    "q2": 1.0704637169837952,
                    "q3": 1.1868858635425568,
                    "q4": 1.86951744556427
                }
            }
        },
        "translation_error_distance": {
            "summary": {
                "min": 0.006676460150629282,
                "max": 0.05793067812919617,
                "median": 0.017309214919805527,
                "mean": 0.020086567848920822,
                "stddev": 0.0114747928455472,
                "len": 28,
                "invalid": 0,
                "quartiles": {
                    "q0": 0.006676460150629282,
                    "q1": 0.012148326495662332,
                    "q2": 0.017309214919805527,
                    "q3": 0.0228844010271132,
                    "q4": 0.05793067812919617
                }
            }
        },
        "relative_translation_angle_error_deg": {
            "summary": {
                "min": 0.02083584852516651,
                "max": 28.220157623291016,
                "median": 0.6832913160324097,
                "mean": 0.8453783392906189,
                "stddev": 1.522577166557312,
                "len": 378,
                "invalid": 0,
                "quartiles": {
                    "q0": 0.02083584852516651,
                    "q1": 0.4052615910768509,
                    "q2": 0.6832913160324097,
                    "q3": 1.0480380654335022,
                    "q4": 28.220157623291016
                }
            }
        },
        "translation_angle_error_deg": {
            "summary": {
                "min": 0.07699600607156754,
                "max": 0.4721604585647583,
                "median": 0.19032570719718933,
                "mean": 0.21506533026695251,
                "stddev": 0.09325361251831055,
                "len": 28,
                "invalid": 0,
                "quartiles": {
                    "q0": 0.07699600607156754,
                    "q1": 0.1626620702445507,
                    "q2": 0.19032570719718933,
                    "q3": 0.2572548985481262,
                    "q4": 0.4721604585647583
                }
            }
        },
        "relative_rotation_angle_error_deg": {
            "summary": {
                "min": 0.055818215012550354,
                "max": 3.0240018367767334,
                "median": 1.1386641263961792,
                "mean": 1.2714018821716309,
                "stddev": 0.8579562902450562,
                "len": 378,
                "invalid": 0,
                "quartiles": {
                    "q0": 0.055818215012550354,
                    "q1": 0.4906919226050377,
                    "q2": 1.1386641263961792,
                    "q3": 2.0301716327667236,
                    "q4": 3.0240018367767334
                }
            }
        },
        "pose_auc_@1.0_deg": 0.1554,
        "pose_auc_@2.5_deg": 0.4486,
        "pose_auc_@5.0_deg": 0.7154,
        "pose_auc_@10.0_deg": 0.8563,
        "pose_auc_@20.0_deg": 0.9268,
        "focal_length_error_px": {
            "summary": {
                "min": 415.1587829589844,
                "max": 415.1587829589844,
                "median": 415.1587829589844,
                "mean": 415.1588439941406,
                "stddev": 6.103515625e-05,
                "len": 28,
                "invalid": 0,
                "quartiles": {
                    "q0": 415.1587829589844,
                    "q1": 415.1587829589844,
                    "q2": 415.1587829589844,
                    "q3": 415.1587829589844,
                    "q4": 415.1587829589844
                }
            },
            "full_data": [
                415.1587829589844,
                415.1587829589844,
                415.1587829589844,
                415.1587829589844,
                415.1587829589844,
                415.1587829589844,
                415.1587829589844,
                415.1587829589844,
                415.1587829589844,
                415.1587829589844,
                415.1587829589844,
                415.1587829589844,
                415.1587829589844,
                415.1587829589844,
                415.1587829589844,
                415.1587829589844,
                415.1587829589844,
                415.1587829589844,
                415.1587829589844,
                415.1587829589844,
                415.1587829589844,
                415.1587829589844,
                415.1587829589844,
                415.1587829589844,
                415.1587829589844,
                415.1587829589844,
                415.1587829589844,
                415.1587829589844
            ]
        },
        "focal_length_error_pct": {
            "summary": {
                "min": 53.284507751464844,
                "max": 53.284507751464844,
                "median": 53.284507751464844,
                "mean": 53.28451156616211,
                "stddev": 3.814697265625e-06,
                "len": 28,
                "invalid": 0,