{
    "merging_metrics": {
        "merge_success": 1.0,
        "merge_child_count": 0.0,
        "child_camera_counts": {
            "summary": {
                "min": null,
                "max": null,
                "median": null,
                "mean": null,
                "stddev": null
            },
            "full_data": []
        },
        "child_camera_overlap_with_parent": {
            "summary": {
                "min": null,
                "max": null,
                "median": null,
                "mean": null,
                "stddev": null
            },
            "full_data": []
        },
        "number_images_merged": 236.0,
        "number_cameras_merged": 49.0,
        "number_tracks_merged": 708.0,
        "3d_track_lengths_merged": {
            "summary": {
                "min": 3,
                "max": 41,
                "median": 4.0,
                "mean": 6.427966101694915,
                "stddev": 5.29087882001813,
                "len": 708,
                "invalid": 0,
                "histogram": {
                    "3": 126,
                    "4": 68,
                    "5": 49,
                    "6": 33,
                    "7": 25,
                    "8": 28,
                    "9": 20,
                    "10": 16,
                    "11": 15,
                    "12": 11,
                    "13": 4,
                    "14": 8,
                    "15": 8,
                    "16": 5,
                    "17": 3,
                    "18": 7,
                    "19": 2,
                    "20": 4,
                    "21": 3,
                    "22": 2,
                    "23": 2,
                    "24": 4,
                    "25": 2,
                    "26": 1,
                    "27": 1,
                    "28": 1,
                    "29": 1,
                    "30": 0,
                    "31": 1,
                    "32": 1,
                    "33": 1,
                    "34": 0,
                    "35": 0,
                    "36": 0,
                    "37": 0,
                    "38": 0,
                    "39": 0,
                    "40": 1
                }
            }
        },
        "reprojection_errors_merged_px": {
            "summary": {
                "min": 0.00766147494197151,
                "max": 2.7984086830540162,
                "median": 0.2704349826344423,
                "mean": 0.32851537808674225,
                "stddev": 0.24713995400884278,
                "len": 4551,
                "invalid": 0,
                "quartiles": {
                    "q0": 0.00766147494197151,
                    "q1": 0.16371870202454097,
                    "q2": 0.2704349826344423,
                    "q3": 0.42327101446762155,
                    "q4": 2.7984086830540162
                }
            }
        },
        "rotation_angle_error_deg": {
            "summary": {
                "min": 0.00639000628143549,
                "max": 90.00021362304688,
                "median": 0.10847540944814682,
                "mean": 2.1164112091064453,
                "stddev": 12.697197914123535,
                "len": 49,
                "invalid": 0,
                "quartiles": {
                    "q0": 0.00639000628143549,
                    "q1": 0.06918634474277496,
                    "q2": 0.10847540944814682,
                    "q3": 0.2019071877002716,
                    "q4": 90.00021362304688
                }
            }
        },
        "translation_error_distance": {
            "summary": {
                "min": 0.003977878950536251,
                "max": 3.83723783493042,
                "median": 0.041803959757089615,
                "mean": 0.14590150117874146,
                "stddev": 0.5409823060035706,
                "len": 49,
                "invalid": 0,
                "quartiles": {
                    "q0": 0.003977878950536251,
                    "q1": 0.014502150937914848,
                    "q2": 0.041803959757089615,
                    "q3": 0.08251456916332245,
                    "q4": 3.83723783493042
                }
            }
        },
        "relative_translation_angle_error_deg": {
            "summary": {
                "min": 0.005277727264910936,
                "max": 142.5486297607422,
                "median": 1.627180814743042,
                "mean": 8.020464897155762,
                "stddev": 17.382347106933594,
                "len": 1176,
                "invalid": 0,
                "quartiles": {
                    "q0": 0.005277727264910936,
                    "q1": 0.6224612146615982,
                    "q2": 1.6271807551383972,
                    "q3": 5.805683970451355,
                    "q4": 142.5486297607422
                }
            }
        },
        "translation_angle_error_deg": {
            "summary": {
                "min": 0.03741012141108513,
                "max": 5.797089099884033,
                "median": 0.2615187466144562,
                "mean": 0.6197248697280884,
                "stddev": 1.0854828357696533,
                "len": 49,
                "invalid": 0,
                "quartiles": {
                    "q0": 0.03741012141108513,
                    "q1": 0.12797792255878448,
                    "q2": 0.2615187466144562,
                    "q3": 0.581076979637146,
                    "q4": 5.797089099884033
                }
            }
        },
        "relative_rotation_angle_error_deg": {
            "summary": {
                "min": 0.01479300670325756,
                "max": 90.07278442382812,
                "median": 0.20265060663223267,
                "mean": 4.137521743774414,
                "stddev": 17.71718406677246,
                "len": 1176,
                "invalid": 0,
                "quartiles": {
                    "q0": 0.01479300670325756,
                    "q1": 0.11663905344903469,
                    "q2": 0.20265060663223267,
                    "q3": 0.4296143129467964,
                    "q4": 90.07278442382812
                }
            }
        },
        "pose_auc_@1.0_deg": 0.1766,
        "pose_auc_@2.5_deg": 0.3661,
        "pose_auc_@3.0_deg": 0.4075,
        "pose_auc_@5.0_deg": 0.5194,
        "pose_auc_@10.0_deg": 0.6516,
        "pose_auc_@20.0_deg": 0.7606,
        "pose_auc_constructed_only_@1.0_deg": 0.1766,
        "pose_auc_constructed_only_@2.5_deg": 0.3661,
        "pose_auc_constructed_only_@3.0_deg": 0.4075,
        "pose_auc_constructed_only_@5.0_deg": 0.5194,
        "pose_auc_constructed_only_@10.0_deg": 0.6516,
        "pose_auc_constructed_only_@20.0_deg": 0.7606,
        "focal_length_error_px": {
            "summary": {
                "min": 37.35251998901367,
                "max": 500.6555480957031,
                "median": 200.93292236328125,
                "mean": 258.604248046875,
                "stddev": 140.7578887939453,
                "len": 49,
                "invalid": 0,
                "quartiles": {
                    "q0": 37.35251998901367,
                    "q1": 153.22637939453125,
                    "q2": 200.93292236328125,
                    "q3": 400.3197937011719,
                    "q4": 500.6555480957031
                }
            },