{
    "merging_metrics": {
        "merge_success": 1.0,
        "merge_child_count": 0.0,
        "child_camera_counts": {
            "summary": {
                "min": null,
                "max": null,
                "median": null,
                "mean": null,
                "stddev": null
            },
            "full_data": []
        },
        "child_camera_overlap_with_parent": {
            "summary": {
                "min": null,
                "max": null,
                "median": null,
                "mean": null,
                "stddev": null
            },
            "full_data": []
        },
        "number_images_merged": 21.0,
        "number_cameras_merged": 21.0,
        "number_tracks_merged": 236.0,
        "3d_track_lengths_merged": {
            "summary": {
                "min": 3,
                "max": 19,
                "median": 12.0,
                "mean": 11.940677966101696,
                "stddev": 4.557155619130439,
                "len": 236,
                "invalid": 0,
                "histogram": {
                    "3": 4,
                    "4": 14,
                    "5": 7,
                    "6": 9,
                    "7": 23,
                    "8": 25,
                    "9": 14,
                    "10": 13,
                    "11": 10,
                    "12": 15,
                    "13": 10,
                    "14": 11,
                    "15": 23,
                    "16": 16,
                    "17": 27,
                    "18": 9
                }
            }
        },
        "reprojection_errors_merged_px": {
            "summary": {
                "min": 0.01305031503622929,
                "max": 13.862900026831626,
                "median": 1.7217898237130043,
                "mean": 2.4850457056160886,
                "stddev": 2.4114850395922773,
                "len": 2818,
                "invalid": 0,
                "quartiles": {
                    "q0": 0.01305031503622929,
                    "q1": 0.7895476946960494,
                    "q2": 1.7217898237130043,
                    "q3": 3.3933739882121317,
                    "q4": 13.862900026831626
                }
            }
        },
        "rotation_angle_error_deg": {
            "summary": {
                "min": 0.19703823328018188,
                "max": 2.9026403427124023,
                "median": 1.1526769399642944,
                "mean": 1.1246752738952637,
                "stddev": 0.7858190536499023,
                "len": 21,
                "invalid": 0,
                "quartiles": {
                    "q0": 0.19703823328018188,
                    "q1": 0.40908941626548767,
                    "q2": 1.1526769399642944,
                    "q3": 1.5258787870407104,
                    "q4": 2.9026403427124023
                }
            }
        },
        "translation_error_distance": {
            "summary": {
                "min": 0.006505181547254324,
                "max": 0.042973436415195465,
                "median": 0.017214663326740265,
                "mean": 0.01992924138903618,
                "stddev": 0.011005712673068047,
                "len": 21,
                "invalid": 0,
                "quartiles": {
                    "q0": 0.006505181547254324,
                    "q1": 0.011040166020393372,
                    "q2": 0.017214663326740265,
                    "q3": 0.026895493268966675,
                    "q4": 0.042973436415195465
                }
            }
        },
        "relative_translation_angle_error_deg": {
            "summary": {
                "min": 0.11131630837917328,
                "max": 13.004136085510254,
                "median": 1.1193947792053223,
                "mean": 1.277114987373352,
                "stddev": 1.2825672626495361,
                "len": 210,
                "invalid": 0,
                "quartiles": {
                    "q0": 0.11131630837917328,
                    "q1": 0.7512901425361633,
                    "q2": 1.119394838809967,
                    "q3": 1.3994759023189545,
                    "q4": 13.004136085510254
                }
            }
        },
        "translation_angle_error_deg": {
            "summary": {
                "min": 0.03181859478354454,
                "max": 0.5047178864479065,
                "median": 0.1717519313097,
                "mean": 0.22844228148460388,
                "stddev": 0.14845342934131622,
                "len": 21,
                "invalid": 0,
                "quartiles": {
                    "q0": 0.03181859478354454,
                    "q1": 0.12408313900232315,
                    "q2": 0.1717519313097,
                    "q3": 0.34822022914886475,
                    "q4": 0.5047178864479065
                }
            }
        },
        "relative_rotation_angle_error_deg": {
            "summary": {
                "min": 0.09854115545749664,
                "max": 4.414041519165039,
                "median": 1.4374032020568848,
                "mean": 1.6248406171798706,
                "stddev": 1.0518311262130737,
                "len": 210,
                "invalid": 0,
                "quartiles": {
                    "q0": 0.09854115545749664,
                    "q1": 0.7718145698308945,
                    "q2": 1.43740314245224,
                    "q3": 2.2905216217041016,
                    "q4": 4.414041519165039
                }
            }
        },
        "pose_auc_@1.0_deg": 0.0538,
        "pose_auc_@2.5_deg": 0.3232,
        "pose_auc_@5.0_deg": 0.6199,
        "pose_auc_@10.0_deg": 0.8052,
        "pose_auc_@20.0_deg": 0.9022,
        "focal_length_error_px": {
            "summary": {
                "min": 411.4350280761719,
                "max": 421.1524353027344,
                "median": 414.753173828125,
                "mean": 415.415283203125,
                "stddev": 2.5386691093444824,
                "len": 21,
                "invalid": 0,
                "quartiles": {
                    "q0": 411.4350280761719,
                    "q1": 413.5658264160156,
                    "q2": 414.753173828125,
                    "q3": 416.8545837402344,
                    "q4": 421.1524353027344
                }
            },
            "full_data": [
                413.5658264160156,
                414.4434509277344,
                414.753173828125,
                412.28753662109375,
                414.6922302246094,
                418.6705627441406,
                418.9194030761719,
                421.1524353027344,
                416.0499267578125,
                416.74005126953125,
                414.9526062011719,
                413.5748291015625,
                412.4381408691406,
                412.8315124511719,
                414.1706237792969,
                411.4350280761719,
                413.4648132324219,
                415.7467956542969,
                417.8282775878906,
                416.8545837402344,
                419.1494140625
            ]
        },
        "focal_length_error_pct": {
            "summary": {
                "min": 52.80657196044922,
                "max": 54.053775787353516,
                "median": 53.23244857788086,
                "mean": 53.31742858886719,
                "stddev": 0.32583072781562805,
                "len": 21,
                "invalid": 0,
                "quartiles": {
                    "q0": 52.80657196044922,
                    "q1": 53.080055236816406,
                    "q2": 53.23244857788086,
                    "q3": 53.502159118652344,
                    "q4": 54.053775787353516
                }
            },