{
    "merging_metrics": {
        "merge_success": 1.0,
        "merge_child_count": 0.0,
        "child_camera_counts": {
            "summary": {
                "min": null,
                "max": null,
                "median": null,
                "mean": null,
                "stddev": null
            },
            "full_data": []
        },
        "child_camera_overlap_with_parent": {
            "summary": {
                "min": null,
                "max": null,
                "median": null,
                "mean": null,
                "stddev": null
            },
            "full_data": []
        },
        "number_images_merged": 236.0,
        "number_cameras_merged": 46.0,
        "number_tracks_merged": 3361.0,
        "3d_track_lengths_merged": {
            "summary": {
                "min": 2,
                "max": 30,
                "median": 5.0,
                "mean": 6.044629574531389,
                "stddev": 3.818139948978457,
                "len": 3361,
                "invalid": 0,
                "histogram": {
                    "2": 1028,
                    "3": 572,
                    "4": 439,
                    "5": 304,
                    "6": 216,
                    "7": 131,
                    "8": 121,
                    "9": 112,
                    "10": 111,
                    "11": 81,
                    "12": 53,
                    "13": 37,
                    "14": 37,
                    "15": 31,
                    "16": 24,
                    "17": 15,
                    "18": 12,
                    "19": 8,
                    "20": 9,
                    "21": 8,
                    "22": 3,
                    "23": 4,
                    "24": 2,
                    "25": 0,
                    "26": 1,
                    "27": 0,
                    "28": 0,
                    "29": 1
                }
            }
        },
        "reprojection_errors_merged_px": {
            "summary": {
                "min": 0.002779977452532257,
                "max": 2.978382128638471,
                "median": 0.29045681509555843,
                "mean": 0.35901370354845547,
                "stddev": 0.2769265529335705,
                "len": 20316,
                "invalid": 0,
                "quartiles": {
                    "q0": 0.002779977452532257,
                    "q1": 0.17067610996110535,
                    "q2": 0.29045681509555843,
                    "q3": 0.4660002831827539,
                    "q4": 2.978382128638471
                }
            }
        },
        "rotation_angle_error_deg": {
            "summary": {
                "min": 0.06969858705997467,
                "max": 3.3417439460754395,
                "median": 0.3100159764289856,
                "mean": 0.4160597026348114,
                "stddev": 0.49806755781173706,
                "len": 46,
                "invalid": 0,
                "quartiles": {
                    "q0": 0.06969858705997467,
                    "q1": 0.1814136877655983,
                    "q2": 0.3100159615278244,
                    "q3": 0.451630137860775,
                    "q4": 3.3417439460754395
                }
            }
        },
        "translation_error_distance": {
            "summary": {
                "min": 0.02281138487160206,
                "max": 13.655998229980469,
                "median": 0.1047162190079689,
                "mean": 0.4437273144721985,
                "stddev": 1.9740098714828491,
                "len": 46,
                "invalid": 0,
                "quartiles": {
                    "q0": 0.02281138487160206,
                    "q1": 0.053978874348104,
                    "q2": 0.1047162190079689,
                    "q3": 0.2035532258450985,
                    "q4": 13.655998229980469
                }
            }
        },
        "relative_translation_angle_error_deg": {
            "summary": {
                "min": 0.024859551340341568,
                "max": 160.1734619140625,
                "median": 2.0179457664489746,
                "mean": 8.474954605102539,
                "stddev": 26.435556411743164,
                "len": 1035,
                "invalid": 0,
                "quartiles": {
                    "q0": 0.024859551340341568,
                    "q1": 1.0034422278404236,
                    "q2": 2.0179457664489746,
                    "q3": 3.9234888553619385,
                    "q4": 160.1734619140625
                }
            }
        },
        "translation_angle_error_deg": {
            "summary": {
                "min": 0.11312690377235413,
                "max": 123.61412811279297,
                "median": 1.1247262954711914,
                "mean": 4.319169521331787,
                "stddev": 17.900714874267578,
                "len": 46,
                "invalid": 0,
                "quartiles": {
                    "q0": 0.11312690377235413,
                    "q1": 0.5578771680593491,
                    "q2": 1.1247262954711914,
                    "q3": 1.8539265096187592,
                    "q4": 123.61412811279297
                }
            }
        },
        "relative_rotation_angle_error_deg": {
            "summary": {
                "min": 0.023365456610918045,
                "max": 4.284024715423584,
                "median": 0.46666043996810913,
                "mean": 0.6406048536300659,
                "stddev": 0.6608211994171143,
                "len": 1035,
                "invalid": 0,
                "quartiles": {
                    "q0": 0.023365456610918045,
                    "q1": 0.29334381222724915,
                    "q2": 0.46666043996810913,
                    "q3": 0.7115430533885956,
                    "q4": 4.284024715423584
                }
            }
        },
        "pose_auc_@1.0_deg": 0.1001,
        "pose_auc_@2.5_deg": 0.3035,
        "pose_auc_@3.0_deg": 0.358,
        "pose_auc_@5.0_deg": 0.5174,
        "pose_auc_@10.0_deg": 0.7035,
        "pose_auc_@20.0_deg": 0.8208,
        "pose_auc_constructed_only_@1.0_deg": 0.1001,
        "pose_auc_constructed_only_@2.5_deg": 0.3035,
        "pose_auc_constructed_only_@3.0_deg": 0.358,
        "pose_auc_constructed_only_@5.0_deg": 0.5174,
        "pose_auc_constructed_only_@10.0_deg": 0.7035,
        "pose_auc_constructed_only_@20.0_deg": 0.8208,
        "focal_length_error_px": {
            "summary": {
                "min": 0.0,
                "max": 751.3175659179688,
                "median": 182.91354370117188,
                "mean": 206.15615844726562,
                "stddev": 146.0193634033203,
                "len": 46,
                "invalid": 0,
                "quartiles": {
                    "q0": 0.0,
                    "q1": 122.5438060760498,
                    "q2": 182.91354370117188,
                    "q3": 219.94905853271484,
                    "q4": 751.3175659179688
                }
            },