# 3D point list with one line of data per point:
#   POINT3D_ID, X, Y, Z, R, G, B, ERROR, TRACK[] as (IMAGE_ID, POINT2D_IDX)
# Number of points: 5196, mean track length: 6.07
0 0.7496951825067431 -0.9961467453245161 0.4477255753355308 90 91 87 4.54
1 0.724577001372662 -0.9668244179398486 0.4520647593726906 73 74 70 4.65
2 0.6666479023827847 -0.9419538831303937 0.4049924353498587 108 113 112 4.77
3 0.6755632895895907 -0.906311420342123 0.4702023876309198 75 76 73 4.67
4 0.6716562365601548 -0.9210431918512494 0.4372169024035727 58 59 58 4.23
5 0.6628663897370308 -0.887248653289842 0.4766338714549612 76 77 76 3.69
6 0.7106454979165715 -0.91780549920498 0.4646820689541371 102 106 103 4.4
7 0.708469428925018 -0.9233333071332881 0.4060173803328943 100 101 99 5.89
8 0.6671665176624517 -0.8767734643095704 0.4244849754014044 112 113 107 5.11
9 0.7327408124814752 -0.8882440043525119 0.4493541096124101 74 75 74 6.35
10 0.7812407995576045 -0.9688927736620712 0.3254390586486469 138 148 156 4.85
11 0.7437088766051938 -0.8630463497732277 0.4575838186191181 89 90 87 5.36
12 0.6823906071562986 -0.8663344290195518 0.376256516366868 127 134 141 4.6
13 0.7060072055536577 -0.8399167282923037 0.4270469800302912 73 74 71 4.64
14 0.6797211305483704 -0.821951368713693 0.4412970185639118 71 73 72 4.05
15 0.6636098031319666 -0.8181724376896573 0.4103482443551906 80 80 77 3.58
16 0.6436121747487483 -0.7771168288348222 0.4406393511845902 75 76 73 5.9
17 0.7342107024885498 -0.8065754225521924 0.4157659135976348 106 111 110 4.88
18 0.639517200820482 -0.7064943637315946 0.4508492028454527 119 120 116 5.27
19 0.6359310067152243 -0.7129466835073752 0.4128975889646028 91 90 85 5.89
20 0.5545154322799135 -0.4369232160077524 0.8201891723383337 154 160 168 4.4
21 0.6304765130220877 -0.5700660946220828 0.4418135307590323 95 94 86 6.02
22 0.6893836677447864 -0.6114084588511444 0.4146679601944406 89 87 79 5.64
23 0.5645910615600543 -0.3859608528996488 0.7982102096052727 157 169 175 5.99
24 0.7664653202243412 -0.6060137367149272 0.4280490786573209 88 90 92 5.2
25 0.5863037525105758 -0.5080626899916223 0.4666817725620793 110 109 106 4.09
26 0.6459360296510486 -0.559411004653489 0.4022280630177733 100 99 93 4.07
27 0.7197507854856697 -0.5761752780001865 0.4399413901204609 109 112 112 3.76
28 0.5382510328529994 -0.3430991886930654 0.8251794515425209 119 117 113 4.96
29 0.7175228062574714 -0.5540469105865671 0.4452463707411707 110 112 109 4.31
30 0.7867181086571555 -0.5924593035469301 0.4089101511357551 107 109 116 3.6
31 0.7069020840996634 -0.5452247242082955 0.4372003258781142 113 111 103 4.26
32 0.6251351991722665 -0.5251004222749889 0.3919820691203469 107 107 103 4.58
33 0.5782640492439702 -0.3414319577891856 0.8034286965224341 116 123 130 3.78
34 0.7476353579948327 -0.5121371217431459 0.3733671644101402 96 92 84 5.25
35 0.5358444407408297 -0.2927667307882321 0.8037560054848361 104 109 112 3.99
36 0.5754393103155355 -0.2967140524313661 0.811271104278074 86 88 89 3.9
37 0.7576411398806644 -0.4725773323157242 0.4035239862568425 73 73 70 5.62
38 0.5478271335101591 -0.2739267611305961 0.8176839480423952 74 74 66 6.6
39 0.5451133601612684 -0.2786921191042134 0.7926131766037721 74 74 67 4.4
40 0.5592085288013824 -0.2771946197865057 0.8079808712336266 108 108 103 4.03
41 0.7093236412845954 -0.3515790252391695 0.329718628651718 90 89 82 2.86
42 0.6461023785654163 -0.3336881590248897 0.3693408082029518 120 113 99 4.88
43 0.6490605107495117 -0.2274172492407025 0.7262254747795233 41 46 49 5.4
44 0.6093040950523095 -0.2128967222162659 0.7424605566698694 36 40 44 3.75
45 0.635046616766366 -0.2234510991990166 0.7378784707582108 46 50 54 4.88
46 0.5884987146246496 -0.2039657210599717 0.7208327432774491 63 69 71 5.18
47 0.5389255802524336 -0.1772294044814061 0.8040361698814611 96 92 82 4.41
48 0.5803896665339127 -0.2042190234928119 0.7298443444549754 76 80 82 4.61
49 0.6192849175928359 -0.2376349561705987 0.6388772303895094 58 67 71 3.55
50 0.5797155116617405 -0.201628558554051 0.6832619919812635 104 102 99 4.49
51 0.7181227821172069 -0.2891737509245723 0.372038367714868 105 109 112 6.47
52 0.6967717868179877 -0.2518234081934044 0.5183375544269652 52 54 52 4.15
53 0.6473127904589869 -0.2388584735966254 0.5406835237590994 52 55 57 3.44
54 0.6719961173472455 -0.2594159095181502 0.4522593783024734 57 63 66 4.53
55 0.5419924253470837 -0.1564777115937671 0.7882308087006792 107 108 103 3.31
56 0.5433752658113072 -0.1517748410447915 0.7869157399885345 110 107 94 3.06
57 0.6508339938492443 -0.2510748348720979 0.4217355158555964 98 98 90 5.01
58 0.6715120788338287 -0.2576574037803002 0.419802764632767 82 86 88 2.41
59 0.6902052101220972 -0.2257909220033524 0.5064176800465621 94 97 99 6.53
60 0.6132076762832035 -0.2003313103507562 0.5757495421353881 87 85 75 4.01
61 0.7436470502587986 -0.264976221188828 0.2948235512258742 82 84 87 4.58
62 0.6995327984544011 -0.2527601869167156 0.3223623005680604 85 86 84 4.5
63 0.6626457760836696 -0.2509299404586384 0.3115257855534737 108 107 101 4.03
64 0.58700544029339 -0.1556058193304147 0.686701942964717 84 86 81 4.42
65 0.6617386866693195 -0.2400419531701638 0.3506302125137478 81 82 76 5.22
66 0.63731447598653 -0.2276974485579216 0.3702523981478949 108 106 99 5.19
67 0.5760569912884625 -0.1437310366344746 0.6970398167413431 110 107 96 4.53
68 0.8129717597673272 -0.3306350008516431 -0.1406785995623452 210 213 214 5.34
69 0.6469166319531395 -0.1759222379860691 0.5080435631869376 91 90 81 4.39
70 0.5812474630009965 -0.1226183453945146 0.7262733650788658 87 88 81 4.14
71 0.6493400255933559 -0.1983174046599307 0.3593846982449013 89 85 72 5.08
72 0.5973959112231483 -0.1314763050306033 0.6507642830779771 84 85 80 4.08
73 0.9119137027147717 -0.3313033136080608 -0.3047301717461712 195 191 194 4.57
74 0.6663404961988897 -0.1901294685788612 0.3122466640033386 59 57 53 4.79
75 0.6770266828244056 -0.165932236067403 0.3867581268382885 70 71 66 4.7
76 0.6593846251339019 -0.1837602412952015 0.2923094457727967 79 78 66 4.75
77 0.8941891954479 -0.2748394388413311 -0.1751165470350275 97 95 92 5.2
78 0.8881855231728473 -0.2724157397741137 -0.1688198929438081 98 96 92 5.28
79 0.5719265128205892 -0.08453355608433846 0.7273574820258966 83 81 72 4.7
80 0.6168284884753511 -0.1070620398406608 0.587396116696979 78 80 76 4.37
81 0.8556943742642558 -0.2763371695612841 -0.2534689324064248 95 92 86 5.31
82 0.5881711365348035 -0.08913747149165993 0.6672449265385851 111 108 96 4.71
83 0.8093966322517747 -0.2401942988232459 -0.1086550903949028 77 75 68 3.56
84 0.656188168829969 -0.1210675380764905 0.4921962213006577 82 83 80 4.21
85 0.7682786886663746 -0.2426097031696897 -0.1699391232538001 92 92 90 4.42
86 0.5733897244166483 -0.06674455965782625 0.7400581907788883 86 83 72 5.36
87 0.6520372068193135 -0.1027600452186372 0.4599345264630005 75 75 64 4.31
88 0.5872647353038968 -0.07490060988247646 0.6937416873277524 98 96 85 4.59
89 0.6381461933074555 -0.1181880388824901 0.3823558831272752 70 70 57 4.08
90 0.5780845555815727 -0.06478947828916368 0.7408144744968288 90 88 80 4.63
91 0.674576796216412 -0.1360334197779734 0.3062087340591186 65 64 62 5.03
92 0.5999609785991751 -0.07579638966439947 0.6647376571809546 80 77 66 4.28
93 0.6124316596113817 -0.08667818135013128 0.585571962204658 105 106 101 4.53
94 0.674539654079664 -0.1333516334429944 0.2845262247430769 71 73 65 2.88
95 0.6060549171825864 -0.08400033624517522 0.5971920705058813 93 93 86 4.34
96 0.6313999478045194 -0.08756075024921148 0.558070800820314 93 92 83 4.44
97 0.7730084426647057 -0.1888281084016773 -0.01540565609606137 102 103 98 4.86
98 0.6149582951041584 -0.09330076060105222 0.522616014044713 113 113 107 4.84
99 0.6600245128581473 -0.08110422312489282 0.4313518530114488 66 65 54 5.92
100 0.6209547803038825 -0.07703559708331995 0.5440619224323748 58 60 58 2.6
101 0.6268776590469173 -0.07826318088487111 0.54128678146234 73 71 66 3.91
102 0.6397453918427116 -0.06470045649629919 0.5585804913085826 31 31 28 4.26
103 0.753183549251744 -0.1144237365875218 0.1440447726135613 42 41 36 5.32
104 0.6334548840446946 -0.02002689280935234 0.6242573797131522 34 40 41 7.19
105 0.5750689407439159 -0.002737804253701084 0.6900137782358705 66 72 72 6.18
106 0.6096185707672628 -0.009253121066099629 0.5323374875245306 75 82 74 4.42
107 0.652550646053527 -0.03951364916812666 0.3805637246051706 85 84 80 4.06
108 0.5783440876723018 0.0003425227401485931 0.6765195538396747 55 59 63 5.67
109 0.5682732370906034 -0.005889093098455311 0.6954544192312331 66 69 69 4.29
110 0.630358021161435 -0.01374427498940624 0.5075800695869646 39 43 45 6.32
111 0.5259801478960138 0.01082849776797604 0.7633614787627405 84 85 80 5.24
112 0.57402347340346 -0.0108942676433124 0.618159664987751 98 100 100 4.0
113 0.7659314622145708 -0.01558115510865116 0.09852545827512715 11 12 13 4.46
114 0.7276530373268488 -1.116140237698414 0.4445440161510742 97 100 104 1.82
115 0.7330120959847064 -1.12346212630976 0.4417837460701665 104 106 105 1.98
116 0.7177499612654368 -0.9914825940267793 0.4380248682096195 114 114 113 4.71
117 0.6568771040183804 -0.9404853107799496 0.4475747807001519 112 111 107 3.65
118 0.7327811370248494 -0.9708139229211465 0.4260277022672394 91 92 89 3.52
119 0.7333276424003363 -0.9537089274094144 0.4361982826476715 26 29 27 4.67
120 0.68234734884727 -0.8987066392857788 0.4711658014550683 34 35 32 4.33
121 0.6758763000572356 -0.9137022403270747 0.4409741514190924 32 35 35 4.2
122 0.6748106388133897 -0.9151743009815503 0.4290137998786698 38 39 38 4.08
123 0.6870061728067045 -0.8686981013272583 0.4643104441504007 68 67 63 5.04
124 0.7995229771290575 -0.9420848552771692 0.3729830887445531 67 67 58 4.79
125 0.7221492085480408 -0.861521629914539 0.4338388643637553 90 96 100 3.94
126 0.7333224557507374 -0.8486774370708998 0.4545598871132165 55 55 53 5.53
127 0.7058699844318288 -0.7884344332924542 0.4416259576977326 62 64 62 4.99
128 0.6721147451405818 -0.7819440227967054 0.4215274627153259 64 65 66 4.12
129 0.7325230819095205 -0.7560430846470534 0.477809992493318 212 220 229 2.5
130 0.772656925673127 -0.6875222935889 0.4348947800871195 85 89 87 6.07
131 0.772656925673127 -0.6875222935889 0.4348947800871195 85 89 87 6.07
132 0.7554500419171264 -0.6512117434960047 0.4267877436774264 88 87 86 4.87
133 0.7008256032584124 -0.6117968659588258 0.4508176932453535 102 104 104 4.8
134 0.7066761486785182 -0.5891130546083823 0.4459218537199425 76 76 78 3.42
135 0.7608128132458398 -0.6179954194815338 0.4087504116494904 84 81 73 4.98
136 0.924636069075941 -0.6788715252885946 0.4194188676640591 221 222 226 5.22
137 0.7854790406782985 -0.6233031428044626 0.4029632639407291 96 95 87 5.58
138 0.724147093419141 -0.4874478959795956 0.422184086331156 86 85 80 5.42
139 0.5476653173778691 -0.2937029239765366 0.8084393681750915 85 86 83 5.02
140 0.6350819503779656 -0.4499366518215844 0.4182472749926099 119 118 115 3.97
141 0.7194121562872744 -0.4534803751177712 0.4336948186576876 83 85 83 5.62
142 0.7321862696442465 -0.4515547474765029 0.4336235708478936 71 75 71 5.39
143 0.6946400150961516 -0.4418975258899727 0.4365224501668252 98 99 96 4.91
144 0.5766047815287215 -0.2820933136244826 0.8096313751907592 101 98 91 3.67
145 0.5583123929949746 -0.2760527034855087 0.8064450032874896 97 94 85 4.32
146 0.661431700803644 -0.4269518462178062 0.321272271497786 108 104 97 5.53
147 0.6139294070597148 -0.3940415645761005 0.3771053230335516 110 105 97 4.85
148 0.6631720208072466 -0.3593746960204967 0.3664037567570901 80 77 73 3.17
149 0.6404308834335217 -0.3352775050027461 0.4219361048034118 112 116 116 5.6
150 0.5512551487807712 -0.1913936906820471 0.7704128773291772 75 75 70 4.28
151 0.5746541737115736 -0.1987543173511498 0.7385321464923515 78 82 80 4.11
152 0.5799263826069314 -0.2017752261079285 0.7380009020653073 85 88 90 4.56
153 0.5999942981087981 -0.2231516249861395 0.6887924814688413 56 60 63 4.02
154 0.6074599921866222 -0.2067080877222787 0.6373549182386512 75 77 73 5.71
155 0.5960263917579716 -0.198910278671065 0.647949013289661 74 75 70 5.03
156 0.5861610614162125 -0.1547533823938939 0.7285305229243098 59 61 58 4.49
157 0.6556040529542928 -0.226884100661382 0.3654070863159337 97 98 91 4.34
158 0.6302205726092208 -0.2123559412739876 0.5096951236151052 85 82 73 4.96
159 0.6138111387368856 -0.1885346165799091 0.5780586184843248 83 80 72 4.61
160 0.606127832039993 -0.1847522042090237 0.5863719854197142 86 83 74 4.73
161 0.586103172944868 -0.1656089324987411 0.6614976597146802 83 83 77 3.76
162 0.7073714723209485 -0.2359359401874509 0.3212850246475165 90 87 79 5.13
163 0.6164777192800408 -0.1582925575084682 0.5836862714377242 112 111 104 4.66
164 0.6347573597375147 -0.1393578321728548 0.6640419065568282 49 54 54 3.95
165 0.5471578023677071 -0.1096111292796653 0.7701673394020025 107 106 99 4.72
166 0.6487285661854948 -0.1464203566457531 0.5694959186288949 62 64 62 4.32
167 0.6752591303789341 -0.1713696125173592 0.4807728468675206 26 26 24 4.84
168 0.5698953720514589 -0.1141806712142315 0.6205630691953203 34 38 37 5.27
169 0.5778263075356577 -0.1059877610717855 0.7321158070858085 81 80 73 3.36
170 0.6054327716466258 -0.1211724086784899 0.6179154413762283 68 67 62 5.35
171 0.6217035019237023 -0.1476220109112709 0.5498439897791305 100 98 90 4.34
172 0.5993320423082328 -0.09921967478300148 0.6798426225859475 69 70 63 6.49
173 0.6565918535518881 -0.1661065535778051 0.3725891817100603 78 78 74 4.01
174 0.649819917287304 -0.1667847259729078 0.3776192366258033 111 112 113 3.16
175 0.8388200121056231 -0.2772415768485562 -0.135955606632306 199 198 197 4.74
176 0.6692476592950101 -0.1631272109626315 0.2940570793078421 97 96 88 5.59
177 0.6734833578314396 -0.1652914483240952 0.2918316711373705 101 100 92 5.97
178 0.5714296813697498 -0.08703721527661057 0.7451551706174948 75 78 74 4.33
179 0.612479206068976 -0.09462232897546846 0.630891527233602 75 78 72 6.81
180 0.6716686361027013 -0.169119691813102 0.2928071782008941 112 111 104 4.57
181 0.7748976822146574 -0.225249174607931 0.00744687057764537 106 104 96 4.72
182 0.6107131915990547 -0.1025779637423621 0.6019115815120309 68 69 62 3.76
183 0.5783766151668428 -0.0684681973674737 0.7294588155666991 97 93 82 4.79
184 0.6764950375097132 -0.1173677331760279 0.4792488226084889 74 73 66 3.29
185 0.595440268107029 -0.08295187216030342 0.6428706937555928 102 101 92 4.63
186 0.6000121323756602 -0.08327629237601608 0.6313846451936382 105 102 89 4.27
187 0.6122581985359922 -0.08572324487729779 0.5730135188291701 85 83 72 4.68
188 0.6599879880805681 -0.09548096548414167 0.4731746219637569 81 80 70 4.65
189 0.6400450648725071 -0.07753019171069025 0.5600210165850124 61 57 49 3.69
190 0.7086428497138697 -0.1406455185162747 0.1693656474600079 79 78 70 5.56
191 0.6410561077949244 -0.06278299694175821 0.5497564906245201 30 31 28 4.38
192 0.6280047025745011 -0.09716348269790806 0.3260486951712764 60 58 49 5.24
193 0.6621564463444833 -0.05932464049598921 0.47690944581773 20 22 17 5.54
194 0.7465263741975967 -0.1156961775225699 0.1340824977455159 76 76 73 5.24
195 0.6474789344943466 -0.06415019871713229 0.4617507685629669 83 84 78 5.82
196 0.6663550650032961 -0.05597838317784196 0.3936544226403415 70 73 63 5.49
197 0.6692422031972558 -0.06770478392042861 0.3931627887997821 71 71 62 4.83
198 0.6762191494952867 -0.07920327689859821 0.2778915424594307 85 81 70 4.64
199 0.5997982954178637 -0.00997851420777221 0.7056018013075318 35 39 40 4.76
200 0.8708324409819788 -0.1300664498987832 -0.1032005229160124 93 93 87 5.89
201 0.6503206990454904 -0.04632893795071059 0.3681326214800513 69 68 62 6.84
202 0.6553343734312265 -0.05557626356077652 0.3682121764792295 86 84 80 5.07
203 0.7770956226506065 -0.102915182353522 0.05713663982570671 102 103 98 4.79
204 0.6656798077872186 -0.06287279852565328 0.3180296122138652 54 51 43 4.87
205 0.6759279511527865 -0.06631482543168288 0.2853898223328915 74 73 66 4.92
206 0.5864821668389315 -0.0250682242918672 0.5853269597132067 88 91 86 4.07
207 0.7793791545529416 -0.1062728555054625 -0.03613183381935769 89 88 84 4.77
208 0.7970623494635607 -0.07051809314829174 0.062909393279306 64 64 63 4.0
209 0.6410052902418559 -0.01854118527829868 0.3776749459534803 76 78 73 5.63
210 0.7679295937846693 -0.09465044365206682 -0.2160286620159817 36 38 34 5.7
211 0.7504642663331647 -0.07683554799869896 -0.2180232824652835 40 42 41 4.82
212 0.6754852692700704 -0.02551997463846643 0.3828359034004892 98 104 105 4.95
213 0.8058896178131778 -0.08171792896445662 -0.3038909493294157 24 27 26 4.39
214 0.7805718112417201 -0.03362312926143761 -0.02620933714512397 65 68 64 3.51
215 0.6899520646564776 0.005795168498579362 0.2675349161408563 58 63 65 6.17
216 0.6419493078015137 0.02067252369167008 0.3688039737289585 59 59 55 3.92
217 0.7320312699893501 -0.9654435597726458 0.4345585888621535 102 103 100 5.25
218 0.6840644197487047 -0.9280562932484704 0.4419957212949824 85 87 85 4.19
219 0.6700958378786297 -0.804353847804939 0.454954524374378 104 104 98 4.44
220 0.7530605767770753 -0.8233640394828892 0.4433346913706676 126 127 120 4.44
221 0.7016754549901012 -0.782564128809784 0.4668728125362517 102 104 102 4.91
222 0.7110728955232499 -0.7837434071653788 0.4448332746838037 41 45 51 2.92
223 0.805490831799367 -0.7815070503895414 0.4121401955817656 67 65 58 4.63
224 0.816406212905685 -0.6493877944292423 0.4630106178393983 227 233 244 4.11
225 0.7547916764888964 -0.5326950170865801 0.3803660431460941 71 74 80 3.89
226 0.7446329807075263 -0.5154195711843015 0.3983478824782924 79 81 84 3.85
227 0.7254913504175393 -0.4772875663331321 0.4258147820395268 65 64 62 4.2
228 0.5460061825830951 -0.2736779937576296 0.7934438969269627 99 96 87 4.28
229 0.5517469766422005 -0.2702879696330235 0.80869442115943 129 127 118 4.29
230 0.6537157842384167 -0.4338525353234039 0.3731015049906325 119 115 110 4.21
231 0.54837886789867 -0.2182974397096022 0.7952934500010571 102 106 111 3.97
232 0.6494144534646052 -0.3573507844619225 0.3877282757557347 125 124 116 5.03
233 0.5491039382381848 -0.2069636678435662 0.8000139254324896 108 111 111 4.85
234 0.5754603900379897 -0.1979037158045425 0.780832079713579 64 64 62 4.09
235 0.5735972980155601 -0.1897272660813171 0.7570666442548151 85 86 82 5.0
236 0.5742075699595911 -0.1900123535657486 0.7521701541543832 73 73 66 4.44
237 0.5963438301419575 -0.190977481151507 0.7091781808087863 83 81 74 6.51
238 0.5949891557268744 -0.1909909967619198 0.7095931564412703 82 82 75 5.8
239 0.5948280611381849 -0.1937810325950143 0.6774016307095824 86 86 79 4.62
240 0.6049259287545145 -0.1925952280345922 0.6019056412881219 89 90 85 4.58
241 0.6472132759267067 -0.2263559821258381 0.4469762960450074 95 93 86 4.8
242 0.6502050057162582 -0.2287143351266043 0.4450195528021561 96 96 93 4.92
243 0.6809402167417058 -0.2352049293827941 0.4166638225629679 83 81 77 5.21
244 0.6400819854887342 -0.1682015745395234 0.5754259042541516 93 91 84 4.77
245 0.5862830707798947 -0.1302862910221495 0.6928436395253164 91 92 87 4.94
246 0.6096358693135687 -0.1296587237654463 0.6816475740693826 123 125 121 4.88
247 0.6020820074850119 -0.1226479051769115 0.6514636650886567 81 84 82 4.5
248 0.6588643178580399 -0.1985123410331973 0.3361211524518347 90 87 79 5.03
249 0.6547959512663817 -0.2058498384508909 0.2916024325838842 96 95 87 4.74
250 0.9075949095317299 -0.3256186162255141 -0.2881138127207501 168 162 157 4.59
251 0.589874166975755 -0.1113817967829717 0.6799750556705635 76 76 72 5.27
252 0.6077650066009979 -0.1307846005791141 0.5672977827964525 72 73 71 4.2
253 0.8066458027389165 -0.268856706996548 -0.1968360765600159 69 68 65 5.18
254 0.6313798863008191 -0.0998415161627923 0.6069316401427278 77 80 70 6.59
255 0.590605714851718 -0.08194242788340872 0.6640273875291406 72 73 60 4.88
256 0.7483947221532257 -0.1683905500740422 0.13258849920746 68 66 59 5.26
257 0.6421698294383671 -0.1158012520910199 0.4712707488014556 88 87 80 4.29
258 0.670906185705576 -0.1354720857331009 0.2699391317005682 98 97 91 5.06
259 0.6337663497705609 -0.05988277512922857 0.6328424382540687 69 66 55 7.44
260 0.633127799480437 -0.06524842654422588 0.6187920871524888 50 49 45 6.13
261 0.6644057394242422 -0.09587275571384798 0.3984429272276273 67 66 60 4.75
262 0.5959557879349539 -0.0478684702037305 0.6942740435545272 79 80 79 2.37
263 0.6188891835066658 -0.03953343853653886 0.6219805223712266 18 20 17 2.57
264 0.7811276936256804 -0.1385041947532123 -0.01972230742394809 88 87 82 5.14
265 0.7766367256909883 -0.1328471133718575 0.002399523907307133 42 40 35 5.13
266 0.6151221758014048 -0.03053703987999272 0.5997920133497538 96 102 104 4.58
267 0.6232372029236392 -0.01854958802310076 0.5100036262169615 43 47 44 6.01
268 0.6521344145125256 -0.02930387915562672 0.4014473707861882 70 74 67 5.79
269 0.7274581071287718 -0.06685330576529797 0.1986099789938134 83 84 80 4.95
270 0.6981251455224069 -0.9118734757367106 0.475151653956411 98 101 102 4.54
271 0.6993912128395523 -0.8677623536483359 0.4437116397082186 70 71 66 5.04
272 0.7224706069190041 -0.6883410897082554 0.4386286840627056 77 80 75 5.3
273 0.6244344221651634 -0.3605274291310398 0.8127768428893527 112 121 132 6.09
274 0.5331197907489589 -0.150902453486391 0.7931393019978775 100 100 95 4.76
275 0.6407572199052549 -0.2209976956579157 0.5669695726854054 100 105 102 4.21
276 0.5938393071823882 -0.1525545440009383 0.7492463691986998 33 37 34 5.68
277 0.6464748526852623 -0.1679108751478795 0.6668203411128248 57 57 51 5.28
278 0.6520640406453315 -0.1673106556670566 0.6640800872941069 42 42 39 6.21
279 0.580224957650773 -0.143770693076657 0.7264959214132629 121 120 110 4.52
280 0.6502596936258224 -0.1985972528647594 0.387941911149382 81 80 74 4.74
281 0.8767922520481084 -0.3261958080274329 -0.1900273059724125 205 190 182 3.61
282 0.6626297774304527 -0.1536572500516387 0.4399467398797644 82 82 76 4.61
283 0.6375804927372414 -0.09712185210417676 0.5609374206399378 85 86 76 5.13
284 0.6262228168327029 -0.1047038401226457 0.5408554145390241 103 103 98 5.88
285 0.6795992285358374 -0.1288949979655174 0.3923982046931184 61 62 58 4.72
286 0.6658004074631556 -0.1284348574446935 0.401729848844535 54 55 52 3.18
287 0.6742524458955514 -0.1458583493975281 0.2889967965274634 107 106 99 4.08
288 0.653524974058235 -0.1340452317225039 0.3344600362360272 79 79 71 4.85
289 0.6824846899846992 -0.06183450913869795 0.6746562300916039 32 30 24 4.47
290 0.77213330283462 -0.139255239115577 -0.03878621530610826 77 78 73 5.39
291 0.7847267581387696 -0.1128301821179569 0.04946730030558089 70 73 74 5.25
292 0.6064393922349276 -0.01844015836249453 0.6553348056064856 33 36 33 5.29
293 0.7633282632342637 -0.07622748063490362 0.08723692901495372 44 45 41 5.44
294 0.6885275434626814 -0.06210254376443722 0.2022380668660745 82 84 84 5.09
295 0.7908423461535377 0.005229924320166099 -0.04393819160286183 29 35 25 4.66
296 0.6588293427645198 -0.8807534219260904 0.4591627357710271 119 120 111 4.81
297 0.7643761904950896 -0.9479622224068049 0.4443158654832905 106 107 96 4.96
298 0.6673679359123026 -0.8372019266661046 0.4826465865597772 104 105 96 4.51
299 0.7342303060964384 -0.635133751600776 0.4247091086769487 89 89 81 4.64
300 0.8393904501965428 -0.6749252418726319 0.4393370915520934 116 120 128 3.01
301 0.874115284801428 -0.6979846400304155 0.4249379260925904 100 104 120 2.62
302 0.6291917848648034 -0.5788575837201431 0.3734179310975255 203 216 228 4.01
303 0.7342157191505707 -0.5473006195134833 0.3855843479605571 101 98 94 4.78
304 0.7324524985357883 -0.4867705021505023 0.4197051372470821 99 97 93 3.22
305 0.5506162737963354 -0.246924852990371 0.7849041685375664 119 122 121 4.14
306 0.5876473453922275 -0.2101860362975131 0.7002638171321829 95 98 92 5.13
307 0.5946609334603827 -0.1984679485548301 0.7147526371791831 71 71 64 5.33
308 0.6542865928094802 -0.1953853182207941 0.5585521290546723 60 58 47 5.26
309 0.6974101935217674 -0.2117028546361499 0.4401435036913524 68 64 54 4.86
310 0.6250483550157032 -0.1852334978192934 0.3831006229980147 59 59 55 4.69
311 0.6587727108275492 -0.1641316804583628 0.4689254372867833 89 89 82 4.57
312 0.6619072283844019 -0.1579860956278051 0.439511986015091 74 75 67 5.59
313 0.5664789593935213 -0.09406075596428326 0.7679461269056425 53 56 52 5.32
314 0.7626151548780085 -0.2124217096295445 0.07931701610481268 101 100 96 5.21
315 0.5843235289149916 -0.06103013187349027 0.6815097101888499 86 87 79 5.29
316 0.6179727360271182 -0.06822840650153528 0.6162711527082618 81 83 77 5.22
317 0.6567988559218276 -0.0856793560310988 0.4487485633485404 56 54 48 4.82
318 0.8194250320438539 -0.1850077673547075 -0.2396783715621265 47 48 43 5.33
319 0.7267879658145857 -0.1080838482775908 0.1744360535829307 75 75 70 4.49
320 0.5899123439857522 -0.03320862623796528 0.678880433185716 74 75 68 3.87
321 0.6803322887198371 -0.09000901012784032 0.2640195561007282 91 87 75 4.81
322 0.67098121764316 -0.04699073783228708 0.4517597963977473 52 54 48 4.96
323 0.6527832015928376 -0.04282293724751622 0.4217915450099101 23 29 30 5.42
324 0.6527832015928376 -0.04282293724751622 0.4217915450099101 23 29 30 5.42
325 0.7765185161982597 -0.1013552901233181 -0.02128495749085246 55 58 58 5.14
326 0.7947998390435094 -0.06523785998717777 -0.06658857532687246 70 72 67 4.68
327 0.6200129494859856 0.008945347034274007 0.5883975040527794 41 44 45 4.99
328 0.7664304244462119 -0.04899161227165227 -0.04548187814070515 73 74 69 4.35
329 0.546311041393656 0.03517361631934586 0.7354621456570302 36 38 40 6.91
330 0.734833791847634 -0.01409474865244957 0.09258060235349386 58 62 61 4.76
331 0.732626673429202 -0.01322171997238063 0.09434965245377558 66 70 69 4.57
332 0.754799394843898 -1.11537042885321 0.3877603246473476 206 219 236 3.72
333 0.6478100196154734 -0.3757878527467814 0.3800860424603673 69 64 57 5.04
334 0.5874586121329178 -0.169954886785282 0.7165714143913458 108 104 93 4.4
335 0.5442596301435848 -0.1339665237332318 0.7798109379848797 134 133 126 4.11
336 0.5659699453218745 -0.1394905947549294 0.7769183448491048 125 125 120 4.4
337 0.612848594282147 -0.1663959599097437 0.5513764379199464 78 83 82 4.48
338 0.6670203918659106 -0.1901647390853904 0.4663317207753064 81 82 73 5.58
339 0.6496293648895595 -0.1685876261983893 0.4948289163661916 29 30 28 5.77
340 0.6734959877961819 -0.1833825795942252 0.4831409012325979 37 35 33 3.73
341 0.6638744346036805 -0.19288060388384 0.4050455556602159 63 63 58 4.78
342 0.6478449579516979 -0.1907345468931516 0.4139178056702165 65 65 61 4.24
343 0.6335481710626958 -0.1852416561703947 0.3899041127411187 109 109 106 3.79
344 0.6655497954052754 -0.1670914036152146 0.4401335838091646 81 81 75 4.84
345 0.6655497954052754 -0.1670914036152146 0.4401335838091646 81 81 75 4.84
346 0.5994518864043085 -0.1326470930981641 0.4878208344359215 37 40 37 5.77
347 0.6357397840234891 -0.140643124070254 0.4672043986888756 28 34 39 6.3
348 0.6060636860267887 -0.08457908299595876 0.6561359236725375 81 79 67 6.09
349 0.7729894314194032 -0.1971359425295093 -0.003813995214562382 118 116 110 5.29
350 0.5761358758748731 -0.03188289455060163 0.6050369589733781 10 13 12 5.56
351 0.6538005438990308 -0.04226385818125487 0.4822666962969228 30 34 32 4.47
352 0.6587084347171026 -0.05215794689469611 0.4800611524129124 27 30 28 5.85
353 0.7613113732103458 -0.06840311402159255 0.06808649736911643 54 55 49 6.01
354 0.5917437535854951 0.01650311854386059 0.6322622992533056 45 48 46 7.07
355 0.7451845485889421 -0.03892736351713408 -0.008955217530733695 57 57 54 5.25
356 0.7414108713565724 -0.03959031636353731 0.07063618100668112 58 59 60 5.83
357 0.711695196349736 -0.0188571433860894 0.09593133173650625 30 33 35 5.8
358 0.78586106773056 -0.02615426178740764 -0.02760992541483298 76 78 79 4.29
359 0.6723748195281152 -0.8712223741321761 0.4678253305982185 97 98 96 4.82
360 0.7452740242351421 -0.8865162434214184 0.4559851357916482 66 69 68 5.17
361 0.7080269776559243 -0.7763885348934301 0.4380132722408417 73 79 82 3.97
362 0.7602830332227752 -0.7759321314240692 0.4509289866358445 94 92 89 5.34
363 0.655793084686204 -0.5500629694293813 0.3523525276280111 220 228 233 4.79
364 0.5630184970129888 -0.3399318778434994 0.8003920530834033 102 105 112 3.65
365 0.6009409749120069 -0.4087624132839526 0.4554016234572603 76 74 66 5.12
366 0.6215666790962564 -0.1625755765593967 0.551729509686574 114 117 112 4.82
367 0.6495632498764756 -0.0827770742967282 0.3755503443025574 89 87 78 4.95
368 0.6465892823474696 -0.04911626015495023 0.5149779738962684 30 34 33 5.72
369 0.6209379136183877 -0.03856594617154606 0.5737579962159342 90 92 88 6.02
370 0.6126241409873731 -0.0292445102663305 0.5444092496736799 80 85 75 6.07
371 0.5881504196225577 -0.02571974715758275 0.5543329450131246 90 93 86 5.64
372 0.6552796763571365 -0.04086391478604744 0.46235216911483 64 66 62 4.76
373 0.62815785052135 0.01982879886856876 0.5269015775424573 17 19 20 5.25
374 0.7130510544823954 -0.8179381681372369 0.4225083266975534 113 114 107 5.13
375 0.7171122613917396 -0.8259696304503574 0.419989359003015 118 119 112 5.47
376 0.6420174738681848 -0.7350162981079118 0.3970812063773328 83 83 80 3.83
377 0.5558968879999122 -0.3659059213458143 0.7974430985259663 87 89 89 5.1
378 0.5986484096949731 -0.1628452134647209 0.6433077021788738 38 37 32 5.06
379 0.5794151596799736 -0.1338449919723481 0.62688608199933 79 78 70 4.1
380 0.606446472198752 -0.1377413703495418 0.6703029820675404 63 67 66 3.81
381 0.5656150439070732 -0.07527130609083016 0.73588177320351 99 94 82 5.18
382 0.6342334609062683 -0.05804250777360381 0.5371759439268419 83 79 68 4.77
383 0.6356338385805016 -0.05809001458305588 0.5364220179430068 83 79 70 5.34
384 0.6021522786228291 -0.02589999900086506 0.6314593393242593 46 49 45 6.17
385 0.6076806430961973 -0.0280153936095953 0.6101680961542988 89 89 82 5.63
386 0.7963461070171698 -0.1131572222826632 -0.04703444618082808 89 90 88 5.16
387 0.6593079740680958 -0.02338283951337906 0.3517792860372756 66 66 60 6.11
388 0.603327597394121 0.02707526815615606 0.6018336742102008 10 12 12 6.28
389 0.7751346553734579 -0.9218853364779751 0.3409898693894816 72 74 72 3.92
390 0.7663233066664217 -0.5683154277694304 0.3170451257163439 87 87 77 5.59
391 0.6044923451821407 -0.2792738612083585 0.7818597093583401 89 91 93 3.0
392 0.6299260667576092 -0.1169107238487702 0.6466623997476749 76 78 66 7.6
393 0.7699301747382803 -0.3012095419335948 -0.1633985035132242 218 226 229 5.64
394 0.7980803095254996 -0.3326057800150589 -0.1899851674660729 239 243 244 3.53
395 0.6596615879609179 -0.05914507504629954 0.3776151850947577 96 99 96 3.8
396 0.6665899071645025 -0.4010668806590321 0.407522297505212 100 105 104 4.69
397 0.7261817558754047 -0.3897245084243284 0.4318699957177615 125 128 122 3.92
398 0.6421443850188531 -0.09675420777913929 0.4857271231752096 115 116 113 5.81
399 0.6676785388169046 -0.2169253282519374 0.3002399324238124 132 130 124 4.91
400 0.9327952243935738 -0.2541863570402657 -0.05021863976274732 86 81 73 5.6
401 0.6705746752299231 -0.1154426249121169 0.2877600153875124 108 108 102 6.18
402 0.674673056455948 -0.1107776461364999 0.2711541533942328 80 72 58 5.15
403 0.6703329271953282 -0.08567051601433082 0.2860218400840775 136 134 127 5.89
404 0.7758983893207692 -0.2743522352198905 0.01799125474288199 94 95 94 5.41
405 0.7763555845249877 -0.2217861204826909 0.02256794246831961 68 65 60 6.02
406 0.6736061889260232 -0.1850418465572409 0.2794184259792983 123 116 104 4.71
407 0.7762449564190619 -0.291422618628122 0.01519157855388764 74 76 77 6.34
408 0.7713718150340974 -0.2856077083142612 0.0154547434999297 92 92 88 5.63
409 0.7768067889179906 -0.2749841465079874 0.03062374454291161 115 115 116 5.3
410 0.7716623083473264 -0.2626616448457464 -0.002349525174360156 100 93 85 6.69
411 0.6564228202174434 -0.2234818239988491 0.3551845229803497 137 133 125 5.55
412 0.7548611749409866 -0.2167557473524822 0.08881701528289199 89 87 82 5.54
413 0.7756417045977115 -0.223041686080802 0.0205711031887037 88 86 83 4.51
414 0.6701235701764889 -0.1270603328055698 0.2755654333855024 104 99 90 5.21
415 0.63739682055036 -0.115842911037554 0.3853326867051684 125 124 113 5.74
416 0.7184050287679509 -0.02296590460651739 0.1133649538077636 71 72 66 1.94
417 0.7754096259292609 -0.2671585657442704 0.02558233593811132 88 87 79 4.5
418 0.7614365526352449 -0.2510249316684383 0.04574788234058069 60 57 51 1.52
419 0.6724995894060017 -0.1085382710295069 0.2833048938994009 82 81 73 4.73
420 0.6637843784649433 -0.05058873069487908 0.3061883949047894 105 100 88 6.05
421 0.6553711857442751 -0.042486852271299 0.3215642550621296 82 76 66 3.49
422 0.6636333490669803 -0.0596274861061149 0.3092716931785179 93 93 85 3.25
423 0.6471865796523925 -0.4372677094691912 0.3978732619467099 120 118 113 4.67
424 0.7686429775954555 -0.2770520657923085 0.004326818220288242 109 109 105 4.34
425 0.6444722594229492 -0.09547890294501163 0.3755949199440917 65 62 54 3.7
426 0.6682141865023044 -0.06190749473465731 0.2997936838696557 57 56 52 4.72
427 0.6369672632329794 -0.4283688096198201 0.3886016303202313 88 90 90 5.18
428 0.6622419460597786 -0.4273737236058038 0.3304889721660452 97 95 87 4.87
429 0.6474942579352966 -0.1505469756254328 0.3660409305431819 93 93 86 4.85
430 0.6711468259059732 -0.1678597419340585 0.2834612825214552 82 80 72 4.97
431 0.6602876285837528 -0.04012460097207166 0.3135486554070213 132 124 98 4.06
432 0.668141909016791 -0.1153304771987304 0.2928454412753603 85 80 71 4.2
433 0.3553957233507014 -0.3846512289113626 0.5231710650212974 113 112 119 2.69
434 0.6113743798931042 -0.5306177662963358 0.442185719130348 133 133 132 4.52
435 0.6518216115626613 -0.5839170313251802 0.3446635179195823 84 85 83 2.46
436 0.7602395248038982 -0.5639354399006069 0.4515937924855561 232 241 245 2.17
437 0.8847816974993645 -0.6239715192947284 0.3442734947302611 86 83 71 3.56
438 0.7518882903950166 -0.5394585553916327 0.461430795703987 138 142 142 2.59
439 0.6649118292130569 -0.5628064575724472 0.3364405764960717 116 120 126 4.25
440 0.7738987686170518 -0.5455764849842033 0.4480149802723397 96 99 106 3.66
441 0.6893824245429594 -0.549235338434537 0.3618467557978389 116 117 113 4.09
442 0.723378787102938 -0.5218890851256588 0.4198426102159781 103 103 101 4.31
443 0.6737270212498401 -0.5176978762637467 0.3656515444504523 87 87 83 4.58
444 0.6596077795220863 -0.4808387769352206 0.3700869195285823 88 87 81 4.14
445 0.7700399966376597 -0.4969882567895034 0.3414629084312474 80 75 70 3.54
446 0.6437402899132623 -0.4486964317666438 0.4091821714958317 100 97 90 3.02
447 0.6664610545986951 -0.4418680397087517 0.4326028964222248 121 115 102 2.89
448 0.7096941914142254 -0.4630642292058931 0.3974437399028666 91 89 93 4.7
449 0.6958272262926477 -0.4482762237467896 0.4269824717079601 126 124 118 4.52
450 0.5377079488477289 -0.3583577294857363 0.4815657984482881 114 108 104 3.89
451 0.6627442652856307 -0.4557910629268838 0.3455380619487948 86 82 78 3.97
452 0.6391807948353968 -0.4127701016967525 0.4249080268193743 123 119 109 5.12
453 0.7932190953842655 -0.43572835888754 0.4496290164217646 137 145 153 5.66
454 0.6989812094272596 -0.4165863373922402 0.4292345873306657 135 135 135 5.17
455 0.6337827615787802 -0.4076948445057537 0.4061808717231226 133 134 128 3.65
456 0.7743483365503425 -0.4308117330735806 0.4310098854385228 128 131 129 4.84
457 0.7546580258679034 -0.3827550004287286 0.5223705251208995 48 55 66 6.39
458 0.6678862106704055 -0.4256732575761086 0.3198080237102755 153 147 136 2.52
459 0.6319763501003574 -0.3833414395183691 0.4035275523094155 153 150 141 4.16
460 0.6295989531324088 -0.3745112500660894 0.4055083731545585 142 139 131 3.82
461 0.6426620732026022 -0.3972208375674186 0.3466365196800014 127 121 114 2.9
462 0.6696952198890582 -0.3731924433097807 0.4236444957790081 175 172 160 3.07
463 0.6666554626028498 -0.3697052696838309 0.3908035326075793 85 84 79 4.71
464 0.6732286568175447 -0.3481281979788178 0.4361109942357627 99 97 90 3.7
465 0.6445515548150075 -0.3384809018809763 0.4157951926692579 155 154 151 4.71
466 0.6465068508898415 -0.341799322148555 0.4046521223992203 141 139 133 4.93
467 0.7239811509173479 -0.3747999314731894 0.3232165065768422 81 80 84 5.88
468 0.8605636157294374 -0.4358288041942399 0.1313597444648444 71 82 86 4.43
469 0.6573928657041475 -0.3459220051327098 0.3450432430057627 143 142 139 1.84
470 0.5952089937925278 -0.2189093979912561 0.7028324921371965 102 103 105 3.77
471 0.7998914838199815 -0.4613923690581277 0.0157207093885452 175 175 172 3.08
472 0.6646742735719959 -0.3105952790398647 0.3698791254081103 72 69 60 5.23
473 0.7595382357753171 -0.4466533177867726 0.008256561241539728 189 200 211 3.82
474 0.7854800738131891 -0.4628419963622036 -0.007695728959581594 213 217 220 2.14
475 0.6211960451680376 -0.2452292566715989 0.6064315265161998 87 95 101 1.99
476 0.6084229182077576 -0.203849555966327 0.6883683755675168 91 92 94 6.41
477 0.6134728258573995 -0.2293313146088917 0.6264362732079437 121 126 123 3.86
478 0.6140777375537219 -0.203606917867263 0.6808119462597395 85 86 89 6.33
479 0.6089637911555589 -0.2084133080246913 0.6729461860874385 94 96 91 3.46
480 0.8385656464878879 -0.4376716742426449 0.02400553599308419 212 213 213 3.88
481 0.8453144090984341 -0.441855794888713 0.0184926782254764 213 214 215 3.68
482 0.6560705327068314 -0.2428803911163661 0.5344071613610462 80 83 79 5.19
483 0.6831434161938461 -0.257236493569522 0.5153138065850523 76 78 81 5.0
484 0.6625775592571108 -0.2985864362859494 0.356849066320457 88 81 66 4.2
485 0.676652047129686 -0.2550867523250148 0.5088653137985639 48 52 56 4.74
486 0.5560742963766953 -0.166734730450844 0.6972445927681759 65 66 68 3.29
487 0.6206248005146908 -0.2408990461986109 0.5394649622357766 94 98 96 4.92
488 0.6736092150807347 -0.2542294552343267 0.5024074450552704 45 50 54 6.78
489 0.6131659520936792 -0.2320658534214688 0.573799507195814 114 117 114 1.44
490 1.297174805888593 -0.3682841532730137 0.5095733680039128 110 111 109 7.81
491 0.6841029700005781 -0.2821861734987384 0.4154254869214474 113 123 126 5.82
492 0.824239251009748 -0.4110684117558678 0.05829751072002121 71 78 84 2.57
493 0.7873742745963379 -0.4136737706984478 0.01626459069810005 95 98 94 4.32
494 0.6768614590451378 -0.2948228418500932 0.3577758037948647 66 62 53 4.95
495 0.6608465682207049 -0.2740876894481882 0.4212527774852063 128 131 128 4.61
496 0.6044891970997784 -0.2097922643383718 0.6300301959081549 110 112 113 1.63
497 0.422246955206416 -0.1604621551073759 0.5912197100427619 47 47 45 3.42
498 0.6860116508349157 -0.2605228631699661 0.4552106099913519 42 46 50 6.0
499 0.8101964910412849 -0.3736821534172435 0.1591166678988539 73 84 93 1.28
500 0.6361142986231583 -0.2299635171220701 0.5453697215071078 68 71 73 6.03
501 0.7020991302263395 -0.2632088206993669 0.440036708625651 75 78 84 6.42
502 0.6668168789572757 -0.2395119479572536 0.5187422224286267 72 78 81 5.16
503 0.6782229825566943 -0.2728700677524474 0.4047419204384699 120 122 116 4.42
504 0.6024133465867222 -0.2068796519902256 0.5962829917510064 106 108 103 3.32
505 0.6041783564792239 -0.2079082876624596 0.5955125549154869 102 106 104 3.34
506 0.6306338975655763 -0.2132345491151835 0.5769248550095478 76 76 71 5.49
507 0.7291344098354446 -0.2755781927298238 0.3959399069232032 84 84 83 5.83
508 0.6047994615321938 -0.2033381038507007 0.5956915792794312 111 110 104 4.39
509 0.6737775840792712 -0.2392611606118324 0.4794098651267191 64 65 68 5.03
510 0.6522021415169672 -0.2526794345107956 0.4389236602039953 106 109 105 4.42
511 0.6410566750317279 -0.2339994662912693 0.4806702468495301 64 64 62 4.43
512 0.600740239001985 -0.1826055969076855 0.6508952998947048 104 100 95 4.18
513 0.6144889418449326 -0.2501191786594238 0.399091939316528 85 78 67 5.42
514 0.6251636694070107 -0.2015486743540643 0.5769630457070221 92 94 86 5.09
515 0.6807188557376924 -0.247558091341013 0.4131572958487142 79 79 76 6.23
516 0.6525922374827705 -0.2586354348018938 0.3713270146191581 37 33 34 6.12
517 0.630796732184312 -0.1980550352877229 0.5790600758603182 88 92 86 4.48
518 0.6614375299273191 -0.2573616238906439 0.3606607119472107 68 65 67 4.27
519 0.6347556353417215 -0.1905557629179113 0.5081183606369125 58 56 44 3.14
520 0.7558674237127567 -0.3539925800857238 0.006264693359478768 104 103 103 3.86
521 0.646124886281503 -0.2109093736216091 0.4942179768919857 110 107 98 3.99
522 0.6276189194944689 -0.2288326913686987 0.4157259311461957 119 117 111 5.33
523 0.5784692089888441 -0.1490540553696123 0.6964242860622757 125 121 108 4.21
524 0.6383671796613056 -0.2060191134948632 0.4958738599598034 99 96 89 4.34
525 0.6671858111284226 -0.2295406353875696 0.4268326414464291 85 86 85 4.59
526 0.6509172575079009 -0.2389274942683596 0.3687707637532545 115 115 110 4.29
527 0.5772718760945604 -0.1490813029576826 0.6904802668783201 92 89 79 2.91
528 0.6660201636338143 -0.185828889433792 0.5193358608359391 47 46 45 5.1
529 0.5848627076934602 -0.1634066934164632 0.6325050143813136 83 74 63 3.9
530 0.6141988422076646 -0.1771635107882001 0.5850992769172078 96 95 90 4.3
531 0.6516171929449611 -0.2141034611183605 0.4428724044925137 97 94 89 4.35
532 0.6540909079578855 -0.2381410035116393 0.3757956339164074 93 93 87 3.45
533 0.7093277267615592 -0.232786135979243 0.3747253991070236 74 75 81 6.69
534 0.6862829095305112 -0.2275509257708961 0.3986760325511303 102 103 98 5.54
535 0.6608900396006381 -0.2224003372492327 0.4140287032082941 106 108 101 4.62
536 0.6434718424336294 -0.2338237630198655 0.3496765528291554 113 110 102 4.47
537 0.6794594335547051 -0.2269930694650713 0.3119587707906871 82 80 70 4.07
538 0.628888700111904 -0.2180707922796432 0.4106163509853329 111 108 98 2.73
539 0.7506079351031854 -0.3311730584530507 0.01261711769998808 84 83 81 4.28
540 0.6439806107719814 -0.2204417482019868 0.4047807983521244 129 129 125 3.07
541 0.6439806107719814 -0.2204417482019868 0.4047807983521244 129 129 125 3.07
542 0.6281585070794408 -0.1791976911643445 0.5484881952725935 92 92 84 4.51
543 0.6098661075828971 -0.173974569254198 0.5575324946495888 81 80 72 4.18
544 0.6126294251207662 -0.1734963294803693 0.5596094681421007 59 56 49 3.02
545 0.725877870277194 -0.2846960573885996 0.1261124099029943 35 40 41 5.41
546 0.6070083826894316 -0.1454593933662557 0.6493774070981005 109 110 105 3.65
547 0.6463514609393631 -0.1806063071338281 0.5145018194866102 100 97 89 5.38
548 0.5776016363499253 -0.1961963335800955 0.3329200959492151 58 58 59 3.68
549 0.6260434575288346 -0.175024136445795 0.5216992796554054 83 81 71 3.66
550 0.7415402671052638 -0.3054251544408186 0.01115862114206578 142 146 147 4.37
551 0.6656153102829812 -0.1962380763542229 0.4246476686560025 73 69 58 5.67
552 0.590597567977613 -0.1088339781257374 0.7157546284074703 65 65 69 2.55
553 0.8018795227826088 -0.3112985780288716 -0.04185624952169364 135 136 135 5.14
554 0.7730115970439433 -0.299729639130298 0.01973154278246181 93 95 93 5.17
555 0.7544687386433648 -0.3007770872788667 0.005627470952489277 148 150 145 4.22
556 0.6420702208538972 -0.1601060073173646 0.4516856229663473 69 76 83 4.42
557 0.6640413387170494 -0.1914113545785179 0.4224742917271432 84 82 74 5.02
558 0.6383426303525904 -0.1679946635317614 0.5102641358272108 110 110 104 4.1
559 0.5866096376637093 -0.1216710233031639 0.7032189694219797 54 55 52 1.68
560 0.5416281946255079 -0.09558565065617031 0.7081445694199919 60 59 64 4.45
562 0.7382670933822053 -0.2459402136015136 0.1993445203585277 69 67 58 5.26
563 0.7684711527881654 -0.2699731694953691 0.02184091845312297 77 75 74 3.74
564 0.6539368838976592 -0.1940032050059367 0.3864591759336968 93 92 85 5.56
565 0.5985196941244838 -0.1152073693143742 0.6896883743016743 75 77 79 6.96
566 0.7027830605923702 -0.1683157607858068 0.4294542697082763 56 53 48 5.24
567 0.6383560116356631 -0.1953528863279984 0.3512653914806834 87 83 73 4.07
568 0.8482843555834156 -0.3150839651368287 -0.05987830477986211 101 101 97 5.18
569 0.6644060988784322 -0.1768080532488254 0.4402124705306444 112 110 100 4.69
570 0.6446489928633373 -0.1579368887166641 0.5065154116453404 103 101 92 4.34
571 0.6914870469271643 -0.1931836091038929 0.2837370952757207 86 87 83 5.41
572 0.7134913893104591 -0.2377316356789272 0.1941879320221594 85 83 79 3.62
573 0.6135240536343682 -0.128937451128164 0.6226576548775385 91 90 88 5.16
574 0.652956436727686 -0.1978164588675291 0.3414514371917793 79 76 68 3.37
575 0.6226634965815535 -0.1346824847262042 0.5875299320145245 90 87 82 5.7
576 0.7491666882978043 -0.2612756022381237 0.09487453148830671 90 90 83 4.4
577 0.7556958158259901 -0.2539604549066768 0.1131275082845073 95 93 85 4.63
578 0.6629434822097318 -0.1805094205435594 0.4109993792107222 77 79 74 3.35
579 0.6540773593496101 -0.1769775894534714 0.400098682467748 94 92 84 5.33
580 0.7717008096065032 -0.2543458792581446 0.09308990154886354 72 74 68 6.4
581 0.6012531423317073 -0.1011829596031633 0.7107305930601902 69 66 60 4.74
582 0.6953368371690918 -0.3085984539137533 -0.1893549610221184 117 119 116 4.14
583 0.674155377250806 -0.2046288134833699 0.2720426714011874 85 83 79 2.67
584 0.699629177451548 -0.2324354668446262 0.1491723324287213 82 79 75 3.85
585 0.5894025596364824 -0.1206965751384309 0.6223360905610436 80 78 66 2.95
586 0.6733805576415879 -0.1665721896033187 0.4302779276488181 92 91 82 4.77
587 0.6798723791491057 -0.1980942813614897 0.2846082381100825 95 93 82 4.78
588 0.59197250811855 -0.09710662341820583 0.7096739233637015 72 72 69 4.61
589 0.6400862821364548 -0.1735513333658281 0.4077296815510624 94 92 86 0.85
590 0.6422495336708091 -0.1735808951831707 0.4062992980133271 94 96 90 1.71
591 0.5702575698300837 -0.08502557497482116 0.6900461973843373 54 57 55 5.92
592 0.5919575757568694 -0.1038205753482062 0.6819776081744157 110 115 115 4.76
593 0.6620466887605566 -0.1415188865248788 0.436270880553987 52 58 60 5.89
594 0.59069556437007 -0.09579738564300888 0.7052617590504999 71 71 68 4.67
595 0.6004450714832348 -0.09701046587572087 0.684411843063053 68 66 58 4.16
596 0.5858005025902912 -0.08948230192071463 0.7107868617312929 79 77 72 5.3
597 0.6154625268878579 -0.107424509058673 0.6206177762325852 91 90 87 4.07
598 0.6809144182994029 -0.1380669273128255 0.4203345409903418 68 69 69 5.18
599 0.663035587643143 -0.1499763689086666 0.4265859255359278 66 68 63 4.84
600 0.662469738402564 -0.1425187983883453 0.436857249058449 85 83 75 4.32
601 0.5788453138799412 -0.07849102349824624 0.7185098882584583 106 105 93 4.29
602 0.5999992160622447 -0.10295203302464 0.6174253572746767 82 82 75 3.84
603 0.6059992668905081 -0.08619267534592254 0.5876722766882279 79 79 66 4.18
604 0.6648112964760473 -0.1488719766258045 0.409229398322024 90 94 93 2.22
605 0.5819831203323007 -0.09159642454015784 0.658297246094816 91 91 79 3.77
606 0.6490437088158151 -0.1156915446817338 0.520940900032337 100 100 94 4.78
607 0.5991806356750136 -0.09310993932422151 0.629120222787023 82 80 68 4.04
608 0.5958418263028469 -0.08113892684992668 0.6720531149285647 107 102 89 5.11
609 0.5839618354445819 -0.08777383601017302 0.6475347035647637 100 98 87 2.76
610 0.6399319366343502 -0.1119399665073815 0.5306125596652278 95 95 88 3.93
611 0.6572422293664498 -0.09975193204133093 0.507290395926717 76 82 83 5.53
612 0.6593981208713776 -0.1103225805247431 0.5448626812703481 89 89 83 2.08
613 0.6454475094685498 -0.1186174510399233 0.4854285125053964 72 69 60 3.68
614 0.6065266265162605 -0.08227263319841099 0.6418240525253753 93 90 80 4.82
615 0.6247528386163096 -0.1005795098780417 0.5553929241269117 81 79 67 4.6
616 0.6858014422974419 -0.132010120384235 0.4255081020525102 103 102 101 3.29
617 0.6119446616387644 -0.08943606764253739 0.583095416741896 81 81 72 4.2
618 0.6318373529626921 -0.1040662924654312 0.5387233018849259 112 113 107 1.04
619 0.6160052685715974 -0.0839235338998206 0.6158298377637867 89 89 81 3.08
620 0.6770467434702272 -0.1494220017369803 0.2768765995249415 72 70 63 4.53
621 0.5825389169797119 -0.0662743651020643 0.6841251236230742 79 76 68 2.93
622 0.6706451746369217 -0.1094485222537464 0.4684861413516036 123 120 108 5.3
623 0.7482002151699125 -0.1852058886695901 0.07912262911154566 63 61 54 4.41
624 0.7705816445780715 -0.1902877474395357 0.04700206860695078 80 77 66 4.81
625 0.663035335575068 -0.1146558225664526 0.4319941115514785 107 104 92 4.36
626 0.7832139381275394 -0.1988605551689926 0.01184039472805831 94 93 89 4.56
627 0.5674916466476819 -0.05590151239023622 0.6227573658229706 69 67 64 4.19
628 0.6418438944438164 -0.118177007734886 0.3965330908094271 129 131 126 4.37
629 0.6371103719708451 -0.09671256908348372 0.5121119821417265 99 104 105 4.36
630 0.6556128813349418 -0.1274302151537 0.3557022219224896 80 75 64 4.55
631 0.7684593554362849 -0.19146503859274 0.03993595314591725 68 66 60 4.58
632 0.6682500538795084 -0.1148366629849399 0.395997939088709 67 65 54 4.66
633 0.6827027216159562 -0.1365156207476218 0.2926725414258744 80 78 68 4.31
634 0.615298396313653 -0.05755389022976601 0.5831126104126522 45 49 48 3.96
635 0.6496283494566879 -0.09861681768776148 0.4769939591877653 86 85 76 5.05
636 0.62230975451885 -0.07259710747734308 0.6035008023129923 76 75 67 3.48
637 0.7734021644887288 -0.1944964767117977 -0.02199312668011788 115 114 109 5.0
638 0.6617795426700179 -0.1004179298153302 0.4433934688539465 89 87 76 4.94
639 0.7280328047477354 -0.1531864120139554 0.1942374674831908 84 81 73 4.71
640 0.6955860357351944 -0.2199054368979892 -0.1735876328890136 52 52 46 0.47
641 0.7111972128140347 -0.09969768295742032 0.3707787385901986 38 39 38 3.06
642 0.6707680569479491 -0.1114929763919322 0.3907329181873945 73 72 66 7.6
643 0.6563407360917169 -0.1215599955072782 0.3420323402198884 78 75 64 2.17
644 0.5735197230890731 -0.04772983435285631 0.716756570021998 93 92 80 4.85
645 0.6511830799525588 -0.1082723436969639 0.4249314635862521 101 97 90 1.64
646 0.6443673574265218 -0.1098580799534621 0.4007191012512215 108 105 91 2.6
647 0.6725692730907242 -0.0983430115399789 0.399074797535367 75 74 74 4.86
648 0.6392319871014254 -0.1102957971591464 0.3907243648699785 106 105 92 3.64
649 0.6414837256816809 -0.1111688965129741 0.3759949013557725 111 106 94 4.08
650 0.5980159535881702 -0.06556309829217014 0.6167269465076481 84 82 71 4.09
651 0.772700375425301 -0.2160054046545641 -0.1955228010166481 51 50 44 4.49
652 0.7296563971095626 -0.1336564646200731 0.1185898734006278 45 43 39 1.66
653 0.6568514344624796 -0.09038426530746493 0.4665867521336927 86 82 69 3.63
654 0.6449257845559162 -0.08967449576187261 0.4727719263153721 91 85 72 4.74
655 0.7728483194207938 -0.1675327807326817 0.01597974578570183 86 83 75 4.54
656 0.6737375475561609 -0.1188061786368302 0.2762421986043545 70 67 55 5.27
657 0.6464091033175562 -0.08285890409023272 0.4694116693345532 81 79 73 5.72
658 0.674000410206167 -0.08060153778499049 0.4041334775180562 54 54 52 4.88
659 0.6651594005343529 -0.1232820404687989 0.2670537120604853 100 98 83 2.54
660 0.6429753144026646 -0.1066804738264889 0.2116950525239621 53 55 53 4.67
661 0.6747402752324336 -0.1120076259611245 0.301617507300877 104 98 86 4.15
662 0.6460756814300284 -0.1008737303792809 0.3878468234990318 68 66 57 0.84
663 0.6663461477845405 -0.07767318359938405 0.4834684333126279 30 30 25 4.84
664 0.6754766816713091 -0.1059380639061096 0.2843539691243306 103 105 98 5.78
665 0.6478807554385375 -0.09169182594139472 0.3875413448250067 77 76 69 4.21
666 0.67916501484909 -0.0848242062024023 0.4152371768424451 36 34 27 4.61
667 0.6833914759350881 -0.1098619119147087 0.2713644641414183 89 91 86 4.62
668 0.6751114196458134 -0.06427604034652204 0.4186561793075132 56 59 56 5.08
669 0.6425128587505434 -0.09356002179047412 0.3612039126184534 39 39 33 4.0
670 0.8113198190269892 -0.1465646358783678 -0.01848017369518939 74 74 70 4.88
671 0.7703701746693206 -0.1803634769246396 -0.1916834850099236 68 65 51 5.43
672 0.6830604917590484 -0.1050371974929972 0.2684277551998758 94 89 75 3.86
673 0.685749150328629 -0.07520578880559686 0.3290612323271485 48 51 45 2.34
674 0.7611964701943792 -0.1338429707549942 0.07849554022429606 76 74 67 5.35
675 0.6800944996411253 -0.08262421910191051 0.4023544339158606 81 80 75 4.93
676 0.5768045666702096 -0.01338339925977811 0.7110023825457198 50 53 52 4.46
677 0.7779056104521558 -0.1546192906931251 -0.04015811577519335 103 104 100 4.39
678 0.6705459956485751 -0.09142048136903516 0.3105319844573686 88 83 72 3.59
679 0.5799966268500651 -0.02341568769739197 0.7129844162560195 68 70 67 3.59
680 0.7761242325366238 -0.1307628799758757 0.0589291489327699 85 88 90 4.13
681 0.7459251572314496 -0.104881160972464 0.1611319939745498 119 118 118 2.0
682 0.6944830800837141 -0.08284021721150964 0.2569370668952391 102 98 84 3.3
683 0.6646313126694476 -0.07616511917679805 0.2939858685530338 78 72 61 2.99
684 0.769537121506312 -0.1075152455089688 0.03723362378319572 102 102 98 6.31
685 0.7226298767558015 -0.08666606683528441 0.205553845892816 85 85 79 4.37
686 0.8399669073928506 -0.09615500317868833 -0.01767904813727061 68 69 63 4.71
687 0.7840834775964687 -0.1040685144787447 0.01234049287010364 105 100 95 4.53
688 0.7758111264476177 -0.109417429401166 -0.01350452068741981 69 66 55 2.6
689 0.6582713356316573 -0.05886249672873284 0.318632588231894 73 69 63 2.21
690 0.7592074287186872 -0.08807761726701815 0.065265882854184 79 79 75 5.46
691 0.7737754437641773 -0.07708897954721475 0.01295851520318858 52 52 48 4.41
692 0.734655291112303 -0.07486633535099163 0.1508068385964545 60 60 55 5.17
693 0.7238235374188118 -0.07419746555557494 0.1525165631570905 89 92 87 5.15
694 0.6662233022415105 -0.04414031654043966 0.3101810958936466 76 76 69 4.21
695 0.7267839553999733 -0.1048966794623925 -0.1893891817582176 47 50 44 4.83
696 0.7488382482596116 -0.09737351789224608 -0.179851460463105 56 57 52 7.08
697 0.7034103035602632 -0.0467008075505549 0.2236402827260914 80 78 70 4.84
698 0.6297999299468617 -0.01288990122089835 0.233442871172353 44 44 44 6.89
699 0.7567661197148665 -0.5715111120091432 0.4521563445319146 228 236 238 2.11
700 0.4747283725652564 -0.4202312679739699 0.5098667788905147 50 53 56 3.41
701 0.6467644539500237 -0.5206861475297448 0.4366993531598897 100 93 82 3.26
702 0.7814997129613084 -0.5431990348460527 0.4368976634988688 85 88 91 4.51
703 0.689823231045563 -0.5549750030662699 0.3198694648996993 145 149 156 4.61
704 0.7506047076380384 -0.4767565512032716 0.4248716995353741 125 129 134 2.51
705 0.783605606013998 -0.468526035351611 0.4605578210936213 160 166 176 4.58
706 0.6800044686596198 -0.4257920420176683 0.4365430467144799 79 78 70 3.82
707 0.6776865698881283 -0.4578726519297184 0.4169859946634489 77 76 71 3.75
708 0.6402304337645736 -0.4550116437731872 0.3782439967480691 126 123 115 4.49
709 0.7397642206759323 -0.4815458031476338 0.375351468418641 75 71 68 5.07
710 0.6693634365570975 -0.4654458292982416 0.3544324226186994 106 105 100 4.57
711 0.6780377132305433 -0.4891515439471613 0.2897124369685625 157 161 163 3.75
712 0.6834443000625328 -0.4884170953238589 0.280279107537225 163 169 178 4.8
713 0.6771749113399341 -0.3849139517435329 0.5028328983047262 110 112 112 3.06
714 0.6656725554472716 -0.3048930378894322 0.7182247248435797 72 80 87 4.71
715 0.6802480354853719 -0.4520310924186433 0.307288757645811 85 83 81 4.9
716 0.7016316189966985 -0.469088585793687 0.2609776043743665 214 223 230 4.95
717 0.6151420886542763 -0.3359803894766007 0.4543205865702379 105 106 93 4.19
718 0.680495896441675 -0.3886179367554543 0.3570774367470779 55 52 44 5.79
719 0.6404403990128104 -0.363754416326719 0.4201391479902973 139 139 136 4.57
720 0.6593362819626433 -0.3719492006752351 0.413884086283741 80 84 87 1.71
721 0.6537262722857917 -0.3651956847607801 0.4170264453648953 92 91 90 4.51
722 0.6948869924791612 -0.3656415563371347 0.4322283375578765 161 168 173 6.9
723 0.6444734350609711 -0.3344679367645936 0.3906803202601716 125 121 111 4.63
724 0.5996634455325756 -0.2247258052206111 0.7022060438774957 96 97 100 3.62
725 0.7935608884269585 -0.4668615696560386 0.01898894066119472 163 165 167 2.75
726 0.6646883877625116 -0.3185580245729346 0.3537548835171576 91 84 70 4.34
727 0.6151371571166866 -0.2048870069261893 0.6605100908241668 77 78 69 5.08
728 0.668193385049882 -0.3354711862335891 0.296453080557925 117 112 102 4.7
729 0.447105981365188 -0.1634442226679667 0.6749077564214455 56 63 73 3.79
730 0.6516265722756711 -0.2360464667087879 0.60269418235556 53 56 62 6.4
731 0.5940031187245152 -0.219637683797947 0.6261724672978141 67 70 69 3.33
732 0.7764764090727243 -0.431821892360558 -0.001762308620814279 118 119 121 3.83
733 0.6090656474593745 -0.2191322998348499 0.5906348720974236 86 91 91 5.22
734 0.6006261493657331 -0.1964082681114049 0.6407121790375799 96 98 92 3.67
735 0.6173754182028839 -0.2066939223444859 0.6024859033120494 120 118 112 3.75
736 0.6436672863175658 -0.2592724700066296 0.4154108778623639 121 123 117 4.69
737 0.6765498735198126 -0.2662253978387534 0.410665422760376 97 101 102 4.05
738 0.6261264734892137 -0.2496478514561068 0.4210848577477351 82 80 71 4.51
739 0.6569752315654627 -0.2604010708258049 0.3594914285419889 69 63 58 6.1
740 0.5400801460314747 -0.144773623869546 0.6716420835302546 76 82 83 6.26
741 0.6344627585903264 -0.1759888082201438 0.6334274628211536 104 101 91 4.04
742 0.5768585950174174 -0.1522301327311619 0.6902963534052264 91 92 87 4.6
743 0.5978721648888605 -0.1707673763350138 0.6253202916028699 102 102 101 4.06
744 0.6563962539525966 -0.2221953280280582 0.4484597505541309 119 117 109 5.0
745 0.6715404295514813 -0.2247278031821768 0.4279239470700632 84 82 74 4.45
746 0.6487066474553412 -0.2436023133560581 0.3484700582960348 108 106 99 5.07
747 0.6315571562585898 -0.167801581415852 0.6162607183198674 92 88 79 3.74
748 0.5840836789754726 -0.1600687405293905 0.6304069128487904 93 90 82 4.29
749 0.7639491316871301 -0.3277548384246272 -0.007063659871482608 152 157 158 4.3
750 0.6570323689820063 -0.1680774523855134 0.5158290574711729 71 71 62 4.26
751 0.6256820359918068 -0.174663295941369 0.52903718004322 82 78 70 3.61
752 0.605379646630497 -0.139465693199927 0.6528917387079811 87 88 82 3.59
753 0.6385731554385208 -0.2019076552832771 0.4003520485615263 99 98 91 5.12
754 0.6682521981904144 -0.200441165949645 0.4147375146841608 94 95 96 3.25
755 0.6674437036284588 -0.2242470125319291 0.302502812134595 112 109 101 4.72
756 0.7401943093611787 -0.2637823104034946 0.1664323359863867 91 91 87 5.73
757 0.7355213542349135 -0.2567832114362617 0.1702266962363688 106 106 99 5.02
758 0.6307486979861583 -0.1648149873975807 0.5176982213593174 108 100 85 4.47
759 0.646321253010034 -0.1732808341108937 0.3725057674918761 66 66 58 4.43
760 0.612868402658109 -0.1435309110737595 0.5861990544858156 89 88 81 4.94
761 0.6680376063661571 -0.1821477356566292 0.4417521405442117 106 105 97 2.7
762 0.7712627862955803 -0.2790948272159548 0.01783214042272974 95 94 88 5.3
763 0.8082360797130577 -0.2924554235130625 -0.02331184145741894 105 104 99 5.98
764 0.6707157826906864 -0.2032630596886115 0.2930955954052177 96 94 87 4.48
765 0.6458927746670616 -0.1529080751791935 0.5080565477230257 100 100 93 4.81
766 0.6495494405289689 -0.1787325998534626 0.381980898317278 122 121 112 5.71
767 0.7247996381173349 -0.2282325463879363 0.2064843243121222 78 76 66 4.97
768 0.7921198845732338 -0.2604881560199508 0.05813326243946593 103 101 95 5.16
769 0.5753896531065662 -0.09105966057953052 0.7131714871509622 82 81 74 4.25
770 0.6360088530742037 -0.1346983310340129 0.5153181698390403 108 106 99 5.14
771 0.6340131717012519 -0.1398728338674468 0.4953836639336507 71 73 65 4.7
772 0.6612844015880498 -0.1500202174726003 0.4424897118500779 103 103 99 3.88
773 0.6660613532728683 -0.1550583764460993 0.4217340432164817 40 40 36 5.23
774 0.6599180584665552 -0.1348080192253284 0.4179756713170393 68 69 66 4.32
775 0.6075354250910704 -0.09822314044061631 0.652382058964653 89 87 78 4.1
776 0.6133549285363922 -0.09452791473849809 0.5812779477182273 66 69 66 5.23
777 0.6182244338753247 -0.1127529693402587 0.5732809738308138 87 87 84 4.65
778 0.5926151483859364 -0.09542824874367403 0.6497116045251798 102 101 96 3.64
779 0.6056414179564769 -0.1051989764737432 0.6003877257916517 82 83 80 3.94
780 0.5869828867226482 -0.07213909369754706 0.7129825654037015 66 65 57 4.77
781 0.6234842875975268 -0.111905792474631 0.5562966501896088 89 88 81 4.18
782 0.5752287652546791 -0.08071859378414553 0.7053125865526486 114 112 103 3.59
783 0.5836524382648486 -0.07892881922173572 0.7026874770559531 107 106 97 4.98
784 0.5883165064774918 -0.0808986555551405 0.6946252114591523 116 114 102 4.21
785 0.5778427197671107 -0.07831071829995939 0.6981843320380419 115 112 100 5.03
786 0.5788381922531645 -0.07383896710642149 0.7091286259365071 97 94 86 4.9
787 0.581142764042176 -0.0717882243820441 0.7088294160867046 94 92 82 4.63
788 0.6065513342866918 -0.09145996056632466 0.6149588013154368 92 93 86 4.37
789 0.6213213628537387 -0.09884921534197288 0.4922379882512877 77 78 67 5.31
790 0.6642316635335817 -0.1235087454392434 0.4475633922000573 78 77 71 4.63
791 0.670243617708344 -0.1259579336443183 0.4372109995990295 81 81 75 5.05
792 1.178217530122286 -0.2053732887759084 0.1836714568837494 69 64 60 5.34
793 0.6710562042795696 -0.1272429833573251 0.4299875910364651 94 93 84 4.78
794 0.6248996564319602 -0.07878931719180424 0.6057021685615682 76 76 68 7.21
795 0.627227630278172 -0.09962498942823314 0.5508984445630872 99 97 85 4.13
796 0.6308223936865726 -0.100007051623067 0.5490968774158638 104 101 87 4.43
797 0.64053277382433 -0.1100485239575207 0.5006625920453394 64 64 57 4.51
798 0.8265308700157754 -0.2241838023634378 -0.03577134772017443 113 112 104 5.31
799 0.621987782880813 -0.1041577229287463 0.5190611382230959 125 122 116 4.81
800 0.6727376789598718 -0.1100554909958895 0.4003468507727539 70 74 73 6.17
801 0.6145547705134241 -0.08565075870767166 0.5901782080970388 116 114 109 4.05
802 0.7589630219827241 -0.1769515624049564 0.0808294864357163 83 82 78 4.32
803 0.6249100908457117 -0.08655547729635205 0.5542113121830394 83 81 70 6.0
804 0.6483314764324493 -0.09620789519714137 0.512030776615886 97 98 91 4.63
805 0.6491093259650523 -0.1022881034645386 0.4688424333036424 100 100 92 5.89
806 0.6693540654406136 -0.1083258869388823 0.4170378873872933 82 80 74 6.29
807 0.6031635540153264 -0.07230817370174775 0.6148314102335628 81 78 72 3.68
808 0.7464669548971128 -0.1658826569729984 0.1373566106793355 100 98 92 4.04
809 0.6392169590139098 -0.0919313199702558 0.4981732503313855 77 77 67 5.27
810 0.7440058714312021 -0.170768614551757 0.1256023178111006 87 86 79 3.31
811 0.6669104953597604 -0.09785236421563959 0.4364476940892609 86 81 68 5.01
812 0.6654571892869401 -0.1010616050105694 0.4240176286585696 90 87 75 5.17
813 0.6884236096123644 -0.1151108254616547 0.2061695187812839 73 75 68 4.83
814 0.763858836918154 -0.1772512390816574 0.0323549775051859 84 79 70 4.6
815 0.670645519081823 -0.09937904234957681 0.4041930861745402 77 76 69 6.01
816 0.64831811566335 -0.1054533556676249 0.3957533047200058 81 81 74 4.44
817 0.6757162737674514 -0.121748771298326 0.2910786076971368 100 95 79 4.24
818 0.6470474897458534 -0.1083957989922123 0.3681885459450932 75 71 57 5.49
819 0.6537551195480135 -0.09419893228142398 0.4453893514539632 59 59 54 2.04
820 0.7638308082703471 -0.1582373431385418 0.08848108643558417 102 97 82 3.16
821 0.5875462534201833 -0.04463502551284246 0.68369452425801 86 83 69 5.03
822 0.6653252626745287 -0.115117365801613 0.3051590126724508 91 86 72 4.79
823 0.7540717029693058 -0.1587220899726918 -0.006045874795143291 84 84 78 6.68
824 0.6564579115507188 -0.1011347238873461 0.3592668039649993 76 74 65 5.62
825 0.6705330852298967 -0.1056802307284427 0.3481809613944746 71 66 56 3.58
826 0.650546294045779 -0.09919091708321906 0.3945584089655857 63 63 59 4.4
827 0.6580726179846009 -0.1033753043659567 0.3267920321248801 86 85 79 4.87
828 0.6707642609843296 -0.09411645696767598 0.3890619168732121 77 76 68 3.92
829 0.8198062903009795 -0.1580662241943589 0.05654931266113217 84 81 75 5.12
830 0.520348583063738 -0.0370379896314313 0.6073236348667075 66 65 62 6.52
831 0.769784973675653 -0.1514205526746531 0.07971535998492552 76 74 66 3.38
832 0.6574178210038468 -0.07115670206326269 0.4877540287736598 32 33 30 4.66
833 0.652148441948449 -0.05593872040619638 0.5683835609712387 73 68 57 5.15
834 0.6290479065292979 -0.05506246558879244 0.566717903649294 85 81 72 4.47
835 0.6172344299244674 -0.07588038897397181 0.2018959011680508 26 26 24 5.08
836 0.7035666759933838 -0.07759896151639356 0.2771387152678625 24 25 20 4.15
837 0.7835190367338076 -0.1168134781831809 0.01849632904196663 47 47 38 5.45
838 0.6536392911085228 -0.02761658163282488 0.5857472048043706 78 78 70 6.01
839 0.7642205037073435 -0.1076538784705904 0.09201576239306819 71 73 73 7.69
840 0.7877403654558457 -0.1241900133378608 -0.001968551725497036 87 86 79 4.67
841 0.6050009643455427 -0.01432314464281444 0.5683965707714509 42 48 40 4.41
842 0.7592858575663348 -0.1018894152653396 0.1215535954879544 83 84 79 5.85
843 0.6548272483545284 -0.04035060315615073 0.3644526194084224 74 80 73 4.48
844 0.7419097583603529 -0.08486007615406782 0.1987617192044382 83 84 82 5.48
845 0.659916967717847 -0.03082286920973908 0.3786913124629921 48 52 48 4.67
846 0.7184150368302475 -0.06525896961694894 0.2061018352214092 76 78 74 6.12
847 0.6675018468787965 -0.05729699324352439 0.3101919790843741 76 74 65 5.46
848 0.7530146837523584 -0.08312115839213113 0.1002336721194806 80 80 80 2.41
849 0.7829910189449014 -0.07691634432042757 -0.01733019684444459 58 58 49 4.95
850 0.7779470812117164 -0.03467367580825916 0.1073911692847541 62 67 71 4.08
851 0.6304506854137113 -0.02993527395972902 0.4272346343732917 71 73 78 3.56
852 0.6320424336203018 -0.03160978401062207 0.4067925354986862 86 84 78 3.79
853 0.7295210974748314 -0.07263230666597237 0.100838454051473 100 103 102 3.34
854 0.7139127140259307 -0.03328271578076369 0.126000100124506 50 51 48 5.0
855 0.8101360897064409 -0.03192707063500481 -0.01455402975797382 60 62 61 4.22
856 0.7210400223939564 -0.5556109253405401 0.4435019895754663 112 115 112 3.82
857 0.7297542160394117 -0.5102444213425157 0.4128990852069386 104 102 91 5.96
858 0.7939591882711259 -0.5968719203525401 0.2241594045830569 164 176 188 6.31
859 0.6347347037145716 -0.3927233437178103 0.490713207635188 91 89 85 3.09
860 0.6855428427741412 -0.3955474070145932 0.4246618032365667 136 132 117 5.17
861 0.7466735301937155 -0.4147827805752399 0.4401749815897037 142 147 147 4.79
862 0.6637252155669897 -0.4018649134719048 0.3688430560429778 57 54 45 5.49
863 0.6463214099526504 -0.36355461175098 0.4187443988406159 123 124 119 5.35
864 0.654499753065614 -0.3744425154947189 0.4102665574353792 109 101 95 4.03
865 0.647295846135123 -0.3419345726733292 0.4093553852573841 125 124 117 4.89
866 0.6569495371507221 -0.3428873799635801 0.3828489074159517 116 114 108 4.63
867 0.6613438259198252 -0.3528781349481914 0.3162278713479099 130 131 124 5.1
868 0.6814968997351105 -0.3572373866570634 0.2912957220003723 134 134 125 5.12
869 0.5971181116983574 -0.2191586544282712 0.6976668925973409 108 115 116 4.28
870 0.5843752353924836 -0.2149046183811196 0.6925463358673949 73 82 91 4.16
871 0.8047867890241811 -0.4432740749082346 0.02918664180454211 242 244 244 1.75
872 0.816301496393175 -0.4067880163581132 0.1440784282560998 71 80 88 2.04
873 0.6033077949907509 -0.21873414020731 0.6011805202682535 123 126 127 4.57
874 0.6679475300312323 -0.2834811033326917 0.3062191791519363 98 98 88 4.24
875 0.6793483493526546 -0.2369338568634936 0.4855266040574275 94 94 89 4.5
876 0.66140428903463 -0.2353319951163707 0.4618035975948128 103 105 102 5.13
877 0.661950648064353 -0.237145472390375 0.4558025036028541 119 120 116 4.53
878 0.6701704445574586 -0.2362442601549276 0.4337524279179185 96 94 86 5.48
879 0.6704636183783073 -0.235952991085903 0.4283755130862174 94 92 83 4.1
880 0.7260895099301505 -0.383374575097981 -0.1759981452031736 204 214 218 2.77
881 0.6107272765640819 -0.1694561520451763 0.5990426714708537 85 81 71 4.21
882 0.6281363859066266 -0.1609115471662645 0.6249819375182518 92 89 79 5.33
883 0.6596107913474528 -0.2170349444149416 0.409215057842043 109 112 109 5.51
884 0.6632160612051846 -0.2368027665369691 0.3127931581425798 111 108 98 4.68
885 0.6630949807013887 -0.2420185196266993 0.2904359322070627 120 117 109 4.63
886 0.6619929091326491 -0.2348566148840069 0.2935742438487264 115 112 101 4.32
887 0.6716329516254174 -0.223320230722496 0.3307869124547186 96 94 83 4.99
888 0.7325856591547104 -0.2555904667110957 0.1886430093260545 90 92 90 5.35
889 0.6444633465148184 -0.1974964315649468 0.4067173980227196 81 81 77 3.32
890 0.6364950137224 -0.1506919544701191 0.5560564410977367 87 84 78 3.16
891 0.7496599152803518 -0.2503302334425431 0.136298472219659 89 86 79 5.59
892 0.6067307813671589 -0.1259210959124857 0.6223259860895628 95 98 95 4.93
893 0.6541303429331179 -0.1731350778497622 0.4308062613258237 35 35 28 4.87
894 0.6338540706430944 -0.1440254011756388 0.5432516244693854 83 87 81 3.16
895 0.5985601003693553 -0.080542956685277 0.7132266412560839 74 72 58 6.25
896 0.6221002212285677 -0.1180661341664949 0.5778253950544449 97 99 96 5.33
897 0.6251661900736729 -0.1098517523277237 0.5911479105659129 84 84 79 3.87
898 0.5825757187540205 -0.08545515574125931 0.6934986691311044 97 96 84 4.4
899 0.6426127768075192 -0.1163126553003547 0.5063449534827754 88 90 86 5.15
900 0.6590495190407624 -0.12337923110802 0.4909637199819176 76 82 86 3.71
901 0.6056622988077727 -0.07772585467354681 0.6553993195936016 99 94 78 4.31
902 0.669044937716383 -0.1271476272062373 0.4088002831444773 75 76 71 4.93
903 0.5872542255023424 -0.07838099266572154 0.6469281690064587 69 66 58 4.77
904 0.6387657504236226 -0.1006992291277104 0.5044706247975452 112 112 106 4.92
905 0.6470954798069979 -0.09171548642168567 0.5161927199617193 92 91 84 4.5
906 0.8237229942800317 -0.1888177715667189 0.03212071833525187 101 100 94 6.48
907 0.5979067038244396 -0.05131618545461678 0.6571957277250937 72 68 64 3.77
908 0.613681216473037 -0.0772835870330531 0.5833316302294438 83 81 70 4.15
909 0.6519352036032183 -0.08211400505294347 0.4843365651184874 52 50 40 5.0
910 0.5977311004319784 -0.05010772595646557 0.6913434034689616 81 78 74 5.8
911 0.7798602409986799 -0.1586853716100204 0.1003006585511265 91 90 82 5.6
912 0.6532730898871593 -0.09418315540683603 0.3351715336831586 66 64 57 4.95
913 0.7123689554865269 -0.1156109970656593 0.1964892886893875 51 49 42 4.84
914 0.6716825959380224 -0.1125759215925136 0.2487528208306449 85 84 79 5.58
915 0.6093104592587979 -0.04077855270545616 0.651092440611218 84 82 72 5.15
916 0.6778631550405354 -0.0602827921106997 0.4626005457580653 56 60 60 6.89
917 0.6378825688841242 -0.04912308749546757 0.5965822663165202 88 80 63 4.39
918 0.6578692202633559 -0.09277184550240497 0.3261764313384132 88 85 72 5.05
919 0.7856518893969979 -0.144518333127276 -0.01165909000392884 88 87 80 5.02
920 0.751622634380295 -0.1278898689506756 0.1220051629460167 47 47 39 4.66
921 0.7479049651057244 -0.1718369290240592 -0.2152732303073825 77 74 69 4.85
922 0.7823334014393575 -0.1176921185417839 -0.006639703427726129 86 88 81 5.75
923 0.6682851782465724 -0.06996795436103689 0.329612428755105 79 77 68 5.22
924 0.6164951535584285 -0.03200518793923991 0.5993543569583302 101 108 108 4.02
925 0.7283047117912316 -0.07309460303712115 0.1743436103670057 89 90 84 5.82
926 0.6484095006243502 -0.0165646341271998 0.3533504701076976 61 61 53 5.21
927 0.6917226962703329 -0.0151934166457971 0.3224753378725368 50 51 42 5.94
928 0.7566395493248037 -0.574677309228111 0.4527615175344674 136 138 138 4.92
929 0.7343404592030722 -0.5692713863757237 0.4501082388755172 119 118 123 3.89
930 0.8166353046965371 -0.6242904696987488 0.2413178643422049 80 82 79 6.17
931 0.7643814771028603 -0.5180617144751598 0.4499626742726041 111 110 108 3.5
932 0.7152859440935364 -0.5061465826350411 0.4126449786987213 75 70 62 2.69
933 0.7499402555118917 -0.4029470264934087 0.4413466653318068 117 123 122 6.19
934 0.6658969367126983 -0.4198800391411112 0.344743671860557 127 120 111 4.37
935 0.670526289533391 -0.3366566258631119 0.3541475523707138 125 122 112 5.17
936 0.6746638690126845 -0.3482458303680165 0.2934981411306918 118 115 105 4.66
937 0.6146059539322596 -0.2041140400790271 0.6485628002179133 87 90 88 5.71
938 0.7988391987030568 -0.3953133375110391 0.01041475053694185 92 91 88 4.96
939 0.621543888987324 -0.2689154624720425 0.3960933200684926 118 113 102 4.95
940 0.5981791122943407 -0.1965476815081625 0.6038386266163429 115 114 105 4.7
941 0.6665723030910482 -0.2359118646667304 0.4709388869411365 119 117 116 2.84
942 0.611684528949215 -0.1947589941724706 0.5660999242665445 111 112 104 5.03
943 0.6611368821016954 -0.2558131081842029 0.305476442456566 122 120 112 4.68
944 0.6096691097584654 -0.1494272271407216 0.6459115222677194 36 38 34 5.56
945 0.6235077519258434 -0.1574233387415988 0.6312881754775165 51 50 46 4.77
946 0.5979830900124983 -0.1081047263160229 0.6569197990372261 88 88 81 5.12
947 0.6276600829089501 -0.132742782947115 0.6089602878461059 83 81 76 4.95
948 0.5852371389801023 -0.09620575598869505 0.7142378081152628 86 86 80 5.61
949 0.5867746192711777 -0.09642198134402111 0.7136299201484373 80 81 78 4.86
950 0.5842263209703089 -0.09751684450817821 0.7074477091536919 72 73 69 4.74
951 0.6330341633534095 -0.09432088844912556 0.6560337922875071 70 69 60 5.19
952 0.6056698143587155 -0.09542555322134469 0.6151757447226762 78 77 64 5.59
953 0.6114163024893822 -0.1065273376801949 0.6049610133220951 93 91 85 4.61
954 0.5814491833137029 -0.06949943203447262 0.7060955309872987 94 90 80 5.39
955 0.5911366346616727 -0.06722137532657205 0.6554648703630686 83 79 69 3.72
956 0.6762800703679643 -0.1403402699315944 0.2741651824262125 89 87 80 5.24
957 0.6560952245223178 -0.1167792590129799 0.3332487661050155 89 84 70 5.19
958 0.6394659386717025 -0.05940251369857369 0.5498768293231332 17 18 11 5.68
959 0.6153761626971667 -0.08077569693266809 0.1917913296433293 60 61 58 5.64
960 0.5922486074387752 -0.03043083745343779 0.6914754012274875 78 76 68 5.26
961 0.6742706002809926 -0.04547054106008284 0.1374413156830627 57 59 60 2.74
962 0.6477402116267086 -0.4538613004627656 0.3748552487317868 128 125 119 4.83
963 0.6577382773791437 -0.3773974492672472 0.3850364256907761 127 128 125 5.66
964 1.093194558218621 -0.5353940948011557 -0.1224217386628736 52 54 52 4.42
965 0.6703078548400774 -0.3197723058523676 0.3064739511255531 133 129 118 5.06
966 0.9027949789923415 -0.4607491426974261 -0.0347382762675188 222 225 225 4.78
967 0.7701723027966281 -0.2698154512329638 0.1549737532049678 86 90 94 7.31
968 0.59139711632634 -0.1003819757210849 0.6870075035240177 103 102 91 4.3
969 0.6433337693978606 -0.1113804274880211 0.4839190932610917 75 73 66 5.11
970 0.6712377886258967 -0.08694422905547433 0.3934117677542144 55 55 48 5.18
971 0.6562258208558583 -0.09924724959614931 0.3367782620956364 77 74 64 4.92
972 0.6223593943232878 -0.02523013117612977 0.5699778697588895 57 57 53 5.51
973 0.7357479017016029 -0.06392703766231458 0.1839770168400653 50 59 64 5.59
974 0.7743363615535879 -0.08989081296818377 0.09905389477196846 59 61 58 5.22
975 0.7049595862483831 -0.04121642922905917 0.2005589221131212 102 104 100 4.37
976 0.7636582170225967 -0.5348339264306807 0.4359753149713564 229 232 237 4.2
977 0.7288144880802949 -0.4475645345794951 0.3457173600797554 98 95 84 6.66
978 0.6672603278943614 -0.4169914350921959 0.3194607796265388 144 141 133 5.86
979 0.6588898581262033 -0.3786306746669292 0.3213611542147425 136 137 132 4.74
980 0.8671850540475998 -0.4420153078602158 0.06751852755417731 57 58 62 1.73
981 0.6189669875888044 -0.2934470692930374 0.3211926923202819 106 106 104 4.59
982 0.6357891294239849 -0.2196437587793709 0.5065467483526489 85 84 77 5.21
983 0.6498825015096427 -0.2131115135401342 0.4773242672994342 107 106 100 5.12
984 0.7359153130109257 -0.2537323428704682 0.1700155214427442 92 90 86 5.04
985 0.6610786227932957 -0.09739462766011087 0.3441748670913307 56 54 44 4.65
986 0.6664626523591115 -0.09811786262821309 0.3406451146572692 57 56 46 4.61
987 0.6856528940566375 -0.0632860323739825 0.17046901018737 60 65 67 1.59
988 0.736790543855208 -0.08072184432176943 0.1975801142912167 75 75 68 4.87
989 0.6831466908718784 -0.4638703402088309 0.334725231444654 75 73 70 5.8
990 0.8016329016246251 -0.4352468315367846 0.4499605114566206 194 199 206 6.3
991 0.5955140054250719 -0.1293321192311442 0.6945783453131594 102 99 90 4.31
992 0.6430740273317808 -0.2015501576690178 0.4041810889113757 104 106 100 5.26
993 0.6796130141995573 -0.235136533552474 0.2756225463229965 110 106 94 4.92
994 0.6477944093054274 -0.1844923477047071 0.4373648185623985 61 59 52 4.65
995 0.6799837174138663 -0.0749851270559953 0.4086709437049708 34 35 31 5.12
996 0.6799837174138663 -0.0749851270559953 0.4086709437049708 34 35 31 5.12
997 0.66726736872984 -0.04494260246248415 0.441465256367879 26 31 26 4.29
998 0.6611000746063158 -0.3793082078822004 0.3515917153657527 125 120 110 4.89
999 0.6360023126846016 -0.1456105255944194 0.5464284257165994 113 110 99 3.11
1000 0.5659875501902492 -0.1159560489712449 0.530635929188376 46 49 50 3.8
1001 0.719644645895219 -0.1177409258232482 0.1953538762501467 56 56 49 4.97
1002 0.6114367153360485 -0.002156122018205156 0.4884817405528807 77 80 84 5.58
1003 0.6116784047727163 -0.001838734786057006 0.4888012296609012 72 75 78 5.06
1004 0.7205139701497709 -0.4382033277111984 0.4378459718030363 53 55 56 6.56
1005 0.6397058500608124 -0.1990421658151506 0.5508734131310271 75 77 68 4.58
1006 0.6623611924347355 -0.2535832026543704 0.3796086895412545 131 130 124 5.61
1007 0.6455737278355232 -0.1376140969175476 0.5591607341268124 46 47 40 5.36
1008 0.6171657835844391 -0.1286786491784203 0.6195090861485182 109 104 92 3.04
1009 0.6026254903846402 -0.06305782001345486 0.614433584034491 105 102 88 4.85
1010 0.5642499150076394 -0.3863486493484531 0.8054272934946789 125 130 145 4.47
1011 0.6727315085469177 -0.6545592325611567 0.3282546648767728 95 104 114 3.05
1012 0.5769484162067896 -0.372766540427328 0.8179663640885799 92 92 95 5.11
1013 0.5692851815493035 -0.3693782814132449 0.8213202149106075 105 105 103 4.05
1014 0.552859630761774 -0.3601812458084629 0.8131484444269109 113 112 113 4.32
1015 0.6261977513997591 -0.5537715022778882 0.4037238397254592 81 79 71 4.65
1016 0.6332628843880598 -0.5421769785658941 0.3851126667015387 100 98 93 4.19
1017 0.6320150476716142 -0.5324290822711177 0.3992372665905087 84 83 78 3.81
1018 0.5515017755201534 -0.2946481714683171 0.8030954813925425 101 105 107 4.34
1019 0.5545082861112265 -0.2883271653834919 0.815796222168186 73 76 78 3.91
1020 0.5394571088998459 -0.2802353632839441 0.8083065114647925 97 96 92 4.15
1021 0.635081314052542 -0.4633585668933035 0.417739180389527 110 112 113 4.81
1022 0.6315372344169299 -0.4434277391937526 0.4262822472916135 97 97 91 4.07
1023 0.5468107115648357 -0.2582713491107294 0.7941201732698612 144 149 148 2.3
1024 0.6517651729354027 -0.4082432192299142 0.3617932337680061 111 108 98 6.04
1025 0.7528560717323449 -0.5039667336959941 0.05087602593295804 185 189 196 4.26
1026 0.6391636071076167 -0.2240122039467495 0.7346462383648232 43 48 41 6.09
1027 0.5706453393801868 -0.2184150621532525 0.7451678876117394 54 59 59 3.4
1028 0.793225559138057 -0.5066916869419926 0.0126793481212546 109 120 130 5.28
1029 0.7846905267864639 -0.4877051781497878 0.01982784985527108 91 98 106 6.25
1030 0.5406428789268855 -0.1852238269948559 0.7843671126999427 88 88 85 2.63
1031 0.7891542551465418 -0.4426627953597114 0.01079693168519569 92 92 90 4.87
1032 0.8755256866813113 -0.465216926346718 0.02147553760211673 144 148 143 4.45
1033 0.5759631456178068 -0.1912962603400851 0.7030947585576597 112 111 103 4.56
1034 0.6075083792454248 -0.1547042368730756 0.6640940883715476 64 63 59 4.76
1035 0.5942480039702055 -0.1414216607999295 0.7019292011453985 77 79 72 6.54
1036 0.6208339831722421 -0.1398743175929562 0.6929801616765121 73 70 62 7.68
1037 0.5922040314862872 -0.114525307982497 0.7314803832577857 61 64 59 6.54
1038 0.7242394251593576 -0.3756752864481939 -0.1647666361929732 207 208 207 3.83
1039 0.7276466232670791 -0.3452299487269807 -0.1557476686467281 149 130 121 3.99
1040 0.7359228573631882 -0.2453724739916562 0.1925006430221207 76 77 69 6.41
1041 0.578424521878426 -0.1004214897007069 0.7405500507655691 85 84 76 3.82
1042 0.7320431395417748 -0.2449393255067793 0.1745481050883285 87 85 78 4.1
1043 0.5944232105483069 -0.09167199819888455 0.7122084059039646 48 46 37 6.4
1044 0.5382696892948098 -0.07943145560873699 0.7817436204816691 88 87 78 2.88
1045 0.8626789543619782 -0.3421805267289524 -0.2223377135030951 152 156 159 5.29
1046 0.6684841853634715 -0.2035113681126626 0.2938309343187038 101 99 92 4.55
1047 0.6682028368827637 -0.203173140625145 0.2841585630957659 93 92 86 4.86
1048 0.7554257835048876 -0.2579354921614229 0.08041833578055169 78 77 70 4.84
1049 0.5784545925613663 -0.08496926411329364 0.7011846991689517 70 71 57 5.49
1050 0.8654690583827529 -0.3200322023972864 -0.2037140179712198 85 84 79 5.7
1051 0.5994954708447188 -0.09022103491636166 0.6510855565577695 69 69 59 6.67
1052 0.8814147063147657 -0.3082178499278249 -0.1929135300989444 54 50 39 2.68
1053 0.5896304584839576 -0.08444491780370914 0.6736091223068327 80 77 70 6.47
1054 0.7894550339264499 -0.2402325965388369 0.02615969668664309 60 57 50 5.59
1055 0.600783587847148 -0.09553411928181832 0.661701379170113 99 95 90 4.43
1056 0.8524256276513078 -0.2841360446476073 -0.1832200991857584 46 44 37 3.13
1057 0.626875818026404 -0.09797253872930581 0.5682042462774248 56 54 53 4.97
1058 0.6250321069797354 -0.1111232549359645 0.5207701845511307 86 87 82 4.5
1059 0.7315699490923757 -0.2502217750574427 -0.1377442626986003 89 85 87 3.75
1060 0.7193733833678193 -0.201903656959436 0.1401475440598173 103 101 96 5.1
1061 0.7361630252663955 -0.1884501671706451 0.1879543034283453 99 98 92 3.63
1062 0.5956746952225904 -0.07843547380094681 0.6631886108455947 106 102 88 5.34
1063 0.6691438966812731 -0.1353511470223458 0.3794931850092343 113 112 110 5.12
1064 0.1879334746394882 0.004425369799373899 0.8041031159538237 56 55 50 2.03
1065 0.791135408857494 -0.250173920370022 -0.1580823844800872 104 97 89 5.01
1066 0.6519612645138655 -0.117431480823689 0.4238198539225364 79 80 75 1.54
1067 0.7429318658401076 -0.2403565484310203 -0.1679076611783161 105 102 99 4.26
1068 0.6407742578306073 -0.2265058738419162 -0.1314782911378072 108 106 103 3.57
1069 0.7352785172090974 -0.1643664497550055 0.01224505519577535 99 97 87 6.46
1070 0.6335657229944711 -0.08553196183825665 0.511032362960871 91 90 88 2.91
1071 0.6311855914161248 -0.0995822761706833 0.3175480087721656 106 105 94 5.83
1072 0.8225027004032459 -0.1654879040934733 -0.04892570462503465 69 65 53 3.79
1073 0.6106315033270171 -0.05459300368064127 0.527177396740541 72 70 65 5.31
1074 0.8016747242235152 -0.156055662374121 -0.008771126641760274 94 91 83 5.44
1075 0.7432930494803192 -0.1188322949841369 0.1383774856955002 93 92 88 5.02
1076 0.675685567263981 -0.06371642616291281 0.4034586585441713 60 61 58 4.9
1077 0.7819068923502299 -0.1094875501821271 -0.006502889198711781 83 84 76 5.93
1078 0.7668104260868591 -0.1443581582598001 -0.1838406068351239 52 52 49 4.6
1079 0.6542557658697165 -0.05297767474566303 0.3264494411229331 54 51 45 4.3
1080 0.6678093108051681 -0.07388097997731854 0.321092736029947 68 66 59 5.5
1081 0.7543933802487823 -0.09335165427748651 0.1645211624524889 81 78 71 5.93
1082 0.6765569953534969 -0.1253525042660101 -0.1600585418063005 62 61 60 6.92
1083 0.8126909605441348 -0.1397209724764723 -0.1660125839789803 53 56 54 5.86
1084 0.5379499409491943 0.01681908891775792 0.747371965880866 67 71 62 5.65
1085 0.5421581559521329 0.01385583770560483 0.7244647549264918 76 77 70 4.96
1086 0.5451946750715819 0.01332605963794993 0.7178448825789659 82 82 80 6.59
1087 0.6891419286313558 -0.0650238916112425 0.2743293673193249 74 74 70 6.08
1088 0.7894987328864962 -0.1109617330653665 -0.1579416277990435 25 28 25 5.51
1089 0.5502309527905754 0.02283256212974358 0.710348251082751 76 82 85 6.12
1090 0.7266437610766174 -0.05367896568106945 0.1034525463565582 75 75 69 5.16
1091 0.5692668530902304 0.02528452124707634 0.6397304621010014 41 41 41 5.04
1092 0.7199524571217935 -0.02089390826288058 0.1472199185959923 64 66 63 4.89
1093 0.5611497683002213 0.03040323342408948 0.6697795989223564 77 80 77 4.73
1094 0.5432007637810047 -0.354734221914613 0.8052296332358637 78 74 68 5.4
1095 0.654723603498446 -0.5896682077016002 0.3855309348741771 82 82 77 4.08
1096 0.6454844553161595 -0.6025649929256662 0.3398745320879012 93 92 89 4.45
1097 0.6848029990683733 -0.5856458943686711 0.3721513554048296 66 66 58 4.82
1098 0.6689149068375637 -0.5297744156649371 0.3650864299428825 104 102 95 5.1
1099 0.683026506932551 -0.5392845736436607 0.3599321082835144 71 72 71 3.82
1100 0.5409128804166188 -0.2930682902491152 0.8059497278912947 130 133 132 3.6
1101 0.6917058339267694 -0.3699313244791574 0.6968104199524157 58 67 77 6.16
1102 0.7092039797173877 -0.3744029867183173 0.6599377768214916 51 59 69 3.54
1103 0.6972173247314963 -0.4920707398424798 0.3387025609792859 107 105 96 5.14
1104 0.5483041304786982 -0.2248928819336779 0.7905714315068905 133 135 132 4.09
1105 0.588660008473886 -0.2119673352436166 0.7333109728369751 52 60 63 5.33
1106 0.587336904897408 -0.2110261054857603 0.7336766877894332 56 63 66 5.23
1107 0.5916801938476177 -0.204833921189466 0.7228527749503706 106 109 113 4.93
1108 0.8669808934133441 -0.4546913096674612 0.007624213487847475 244 247 245 2.47
1109 0.5783529317660083 -0.1889102440363944 0.7001578640280426 88 85 75 4.53
1110 0.5874992834109511 -0.1720560991221367 0.7105579571277074 76 73 63 4.36
1111 0.8093338542330202 -0.39299657630739 -0.01361205712093216 105 103 97 2.05
1112 0.762208857234802 -0.3434100795490991 -0.001675784630823074 99 98 92 3.98
1113 0.7821834339579072 -0.3111248055864492 0.02081683059919359 103 106 105 4.83
1114 0.6194867602523139 -0.1377900348818591 0.6302844954710649 54 55 55 2.32
1115 0.6166326386530198 -0.1205072082125023 0.6130461861642691 80 76 70 6.64
1116 0.7669755164161116 -0.2690046147880558 0.01567138717986838 95 92 84 4.49
1117 0.6964741770172076 -0.2509326382535687 0.05428957876381035 86 85 77 5.58
1118 0.571077349236381 -0.08609701294741326 0.7303774967934384 90 87 76 4.71
1119 0.6597257922566169 -0.1857162728390964 0.333190869276409 103 101 88 5.31
1120 0.7772739813536513 -0.2432555127675628 0.05723898067773958 72 70 62 4.58
1121 0.5735648104941911 -0.08029831553370814 0.7298803161249698 117 114 100 4.57
1122 0.6115571457454068 -0.1041886178946527 0.6311452254664207 88 88 85 4.81
1123 0.7549933996430835 -0.2320971427989806 0.0634359472485545 82 81 77 4.73
1124 0.7668433552588323 -0.2612556718065248 -0.01677733696614503 119 118 113 5.01
1125 0.6387729538817699 -0.1518590947288824 0.343601650191368 60 62 56 6.35
1126 0.6567906670812725 -0.1650013659111212 0.3376992397414198 91 89 83 5.05
1127 0.64875954623618 -0.1476664699901091 0.3396699283536699 76 75 60 4.35
1128 0.8363424602392697 -0.2883775105948241 -0.2047202343054155 79 72 58 5.06
1129 0.5998290437101961 -0.09132022798483563 0.6330407293348262 108 105 97 5.1
1130 0.8275239893206541 -0.2821691106065679 -0.2076880089439548 106 104 92 5.09
1131 0.8361742693844798 -0.2754733442889272 -0.2160583123796322 113 107 96 5.77
1132 0.6747113184780149 -0.2544281807866319 -0.1627933086090414 103 102 101 4.27
1133 0.6044786208865957 -0.06832280756912351 0.6501975563789766 77 74 64 4.32
1134 0.7191673392599189 -0.1444829314763194 0.1898660167187263 60 60 55 5.84
1135 0.7551105691508888 -0.2144983247515042 -0.1689693878491281 51 52 48 5.27
1136 0.7266564095304986 -0.1633782552457985 0.1846109816225234 68 64 56 5.16
1137 0.7437917907610017 -0.1503721562104785 0.1281759731451263 63 60 53 2.58
1138 0.8063911345506249 -0.1648632839300972 -0.01674592578324163 56 52 42 5.22
1139 0.5759171396898884 -0.03339535544217066 0.7183197808439878 100 96 84 5.26
1140 0.6375685429023543 -0.08950126206219444 0.3966204815928251 70 66 55 5.24
1141 0.6543528629699491 -0.1005605443030981 0.3350795227963231 72 69 61 3.52
1142 0.779959287778915 -0.1589383388031446 -0.005701361168269914 94 92 83 4.95
1143 0.6219454250870647 -0.05316981977465085 0.5404741472592454 89 86 74 4.97
1144 0.644657162735034 -0.03798701415744277 0.541364729449776 59 60 56 6.15
1145 0.5342158714923584 0.004278322448066252 0.7606894680747855 64 65 55 5.77
1146 0.7711565031479464 -0.1434215677592747 -0.03422082163545603 97 100 97 5.17
1147 0.8005376169707301 -0.1299468678032719 -0.1874533631399058 46 47 44 4.01
1148 0.5444297632525126 0.01758906835909823 0.7170491921905557 78 78 75 5.16
1149 0.5488901532619058 0.01794680124451626 0.7092435739080895 57 66 60 5.21
1150 0.5287131485458592 0.03283128066090363 0.7409320579332128 102 104 96 2.51
1151 0.6654410577321157 -0.01121592769564325 0.2839991394915513 71 71 67 5.63
1152 0.5798715219215478 -0.2019688913715287 0.715269561416517 101 102 99 4.17
1153 0.5899201062266016 -0.1381253491986371 0.6944721469009723 100 97 86 4.65
1154 0.7603802454409736 -0.3337765016323126 0.002300987944665156 95 100 98 4.13
1155 0.568208539748308 -0.1088538013129677 0.7302218060028935 58 56 47 2.07
1156 0.5704570113336923 -0.1089549907485961 0.7293340494917028 52 49 40 2.16
1157 0.5864768440046521 -0.1315945665685695 0.6297092485789584 106 103 93 3.57
1158 0.597171431907635 -0.08317751287954314 0.679727423009985 115 109 97 4.63
1159 0.834332965353402 -0.3017193614374665 -0.2201794417031111 165 163 164 3.24
1160 0.6047820185080607 -0.08710377723524873 0.6182319586287883 76 74 61 5.52
1161 0.8500638752851604 -0.286641335187218 -0.210037490288467 105 98 83 5.8
1162 0.5827873355167488 -0.06026581142112217 0.7213449368008614 60 57 43 5.45
1163 0.5972960523244224 -0.09141163376456754 0.6226757896197861 98 96 86 4.75
1164 0.7920920046173479 -0.2605952275928178 -0.1932241551304568 92 91 85 4.35
1165 0.8375992534824597 -0.2899562994764921 -0.252069465222589 90 91 86 5.14
1166 0.665859529054933 -0.0855664811392666 0.3959838579788242 58 58 51 5.45
1167 0.8031591834423075 -0.1444046278540667 -0.04777350912553135 100 97 87 4.65
1168 0.5439415829869692 0.01884438326662968 0.701545868554305 56 57 55 5.2
1169 0.6763485075698725 -0.01613430298327402 0.2962401984535872 56 54 46 5.05
1170 0.7718032603355407 -0.4175724447688749 0.4525051045692999 69 68 67 5.39
1171 0.5359165087206508 -0.17217444950406 0.7945741644277979 77 78 77 5.38
1172 0.6284369109338845 -0.2043549829940202 0.6975374598285018 100 99 90 5.03
1173 0.8217793783938157 -0.3762619324318984 0.001969677356170374 113 111 110 4.81
1174 0.7332421715730519 -0.3599857934979931 0.06781755903379105 192 193 192 4.94
1175 0.7459950832952993 -0.227439948707789 0.1464219393817662 85 83 75 4.93
1176 0.7311391299682271 -0.2266924321788092 0.1806039070832843 108 107 101 4.78
1177 0.8138238592447851 -0.2395390255269557 -0.01837256694501277 74 72 67 5.36
1178 0.6563581232860465 -0.139135685269503 0.3235014369302591 96 94 85 5.5
1179 0.7761374794123952 -0.2041239288486069 0.009426434810438034 82 79 74 4.86
1180 0.7698795899443418 -0.1747965610694673 0.07293260467117013 71 68 59 5.0
1181 0.6741645444337645 -0.1131476960808518 0.3930587457394221 69 69 62 4.74
1182 0.5513420089307601 0.008828205785570573 0.5956195888394877 49 52 52 4.16
1183 0.7175168832548382 -0.4756392476731879 0.299550078241881 72 74 75 6.15
1184 0.5904147861075861 -0.1886980691170533 0.7242306209327696 104 102 93 5.09
1185 0.7667784508937774 -0.3802186572345019 0.01028021029736492 117 123 125 5.64
1186 0.5807032082106905 -0.1547096297196447 0.7360827566708676 91 89 80 4.35
1187 1.041179763424563 -0.2494298648929211 0.2690262931403314 35 35 30 5.65
1188 0.6144881695089739 -0.1136582926851067 0.5952054017969994 81 82 80 5.22
1189 0.6490197388295652 -0.1246975664146126 0.3918560333102716 95 95 88 5.75
1190 0.762342302209595 -0.191746200385498 0.09640956599538753 43 42 33 4.53
1191 0.7701781650844561 -0.1316801288747476 0.06840331723419513 70 70 62 4.64
1192 0.7444023535035345 -0.03819942533372575 -0.008880150261423525 53 52 46 4.27
1193 0.5814069054253082 -0.1793770841973449 0.7161726339014554 75 72 65 4.59
1194 0.755036975996612 -0.3090388029882297 0.1371937521549126 47 52 54 4.61
1195 0.6002657619824731 -0.1052466896436548 0.5743887745737759 74 71 60 4.35
1196 0.676753081533509 -0.4821984247009019 0.3556219147849559 77 74 67 4.26
1197 0.6208137462635875 -0.0682561348498964 0.6245471656546981 61 56 46 2.1
1198 0.5758380890897061 -0.07747051970793822 0.7061821127341938 110 106 94 4.66
1199 0.6723074471206969 -0.6128579506852174 0.321453352367947 107 107 106 4.64
1200 0.7601922199484963 -0.409446648072935 0.08101150110747812 225 226 227 6.2
1201 0.7851678124933716 -0.2768783989910852 -0.1247579231460925 56 51 50 5.68
1202 0.6539523587742764 -0.4618893431677081 0.3749945112435936 110 113 114 4.94
1203 0.6608739035583697 -0.4428711838642282 0.3796682319173319 110 110 115 6.13
1204 0.6643004419475809 -0.4244676464284666 0.3611903211010066 106 102 95 3.96
1205 0.6303861665670618 -0.4042474825812859 0.3982338572278854 88 86 81 3.04
1206 0.7273321080815105 -0.4058052109018701 0.4529250139441544 145 157 158 0.94
1207 0.6078389926320438 -0.3537129778309208 0.4412199170359745 120 123 119 4.23
1208 0.7585593044367693 -0.4129814952085182 0.4352563223799106 135 148 155 4.0
1209 0.6994577873919314 -0.3754348802555663 0.5006613369380136 59 66 73 3.02
1210 0.652591167430112 -0.3698687156338536 0.4334466775428683 177 173 163 3.01
1211 0.6450588168330457 -0.3862000514864917 0.3738805449567402 128 122 112 5.78
1212 0.6700981522082954 -0.3848639432152615 0.3576693866310355 119 114 102 5.09
1213 0.8265633806960866 -0.460051691287249 0.224107270450275 115 108 96 6.7
1214 0.6492182430565395 -0.3603752859469746 0.4027226270372548 125 121 115 3.42
1215 0.5019190221039583 -0.2763441850081936 0.4601362654500922 81 78 76 5.45
1216 0.6160347776152308 -0.3290241748088589 0.4167028714781643 116 112 106 4.43
1217 0.6960590720952136 -0.3542567387883961 0.2963803238170382 138 129 117 3.73
1218 0.6307841979470412 -0.2425710833062004 0.5644595252755911 64 74 80 5.52
1219 0.5666182300126861 -0.1820521687894721 0.648768889891179 90 89 85 4.18
1220 0.6056404842883791 -0.2030132662820351 0.6257584837521113 111 121 126 3.81
1221 0.6522377680258932 -0.2461938794487553 0.4789927234618863 119 127 134 1.52
1222 0.6701593573229985 -0.2600069416647149 0.4225144433372225 99 102 108 4.99
1223 0.6134551887944707 -0.2126195682928525 0.5594692982243014 91 89 87 3.93
1224 0.5513764693575761 -0.2299991207813505 0.4296904555897617 112 109 108 3.64
1225 0.6286633333719093 -0.2176380035752941 0.5240510672186431 113 112 108 4.86
1226 0.5926625202408464 -0.2043901011191959 0.4749018512729752 63 61 58 3.73
1227 0.661569512876795 -0.243023576400659 0.4318199621862028 90 87 89 3.61
1228 0.6740514425969573 -0.2476098632212182 0.4232215162857486 82 84 85 2.85
1229 0.6476485134416677 -0.2175759942396654 0.4980113082341262 79 82 82 5.0
1230 0.624962736103712 -0.2095984636396978 0.5246526819528212 111 110 105 4.57
1231 0.6652490407009719 -0.2394690270576357 0.4211947432149394 74 71 66 3.85
1232 0.6624141933784317 -0.2273220578661315 0.4459722918196382 107 107 103 5.06
1233 0.6626612465084644 -0.2460127318680956 0.3130604798837581 109 106 102 6.62
1234 0.6379616522766468 -0.2001722270620066 0.510182981426366 89 89 85 1.35
1235 0.657279133933606 -0.1984795669026937 0.4935174935638752 86 85 80 6.04
1236 0.7859828588773492 -0.3091367297021383 0.005998065071887826 133 133 129 4.74
1237 0.6617490566925011 -0.1894320312635169 0.4800237078318412 93 96 97 7.69
1238 0.6332835629518438 -0.2077639502102391 0.3546118084200127 98 95 86 4.41
1239 0.6098441383650272 -0.1811846242157017 0.4553499034481006 90 89 88 3.18
1240 0.7219889723521111 -0.2476813549392297 0.2201064979213917 101 97 93 1.96
1241 0.6544722565963694 -0.1736691423756495 0.4859738574012004 88 86 78 4.22
1242 0.7439146187265264 -0.2426526164732171 0.152311316307291 98 93 80 5.68
1243 0.7454448444530855 -0.2458323605042735 0.1372512100381748 84 81 73 4.85
1244 0.664332969218933 -0.165973994597061 0.4399023914524611 89 93 89 6.07
1245 0.7368309628577923 -0.2226204295768301 0.1914666008664794 81 81 75 4.67
1246 0.6359622611777862 -0.163021056709355 0.3903525511231518 74 70 63 4.51
1247 0.6917250507448818 -0.1936740814669198 0.2386900351556797 86 85 80 3.19
1248 0.628796620799964 -0.1395913134739086 0.4756725721804373 65 66 67 2.81
1249 0.6502950995447803 -0.1580956494393755 0.3685045104240899 85 84 76 5.1
1250 0.6736626340344216 -0.1663850233389324 0.2778285844689423 89 85 76 4.43
1251 0.6544855337474005 -0.1627732128079073 0.3132066216141974 81 83 79 2.08
1252 0.6973258989991402 -0.1104474283529768 0.5374602772030019 82 84 80 5.94
1253 0.635791270641772 -0.1398399701437707 0.3959909599609899 95 93 84 4.78
1254 0.6591472569005102 -0.1009672632189459 0.4941518845393981 70 70 63 3.8
1255 0.8039580253928551 -0.2400195413307341 -0.1452238660536955 102 94 84 4.79
1256 0.7977798610772255 -0.2288213814214946 -0.2208179956762357 41 39 31 3.97
1257 0.6336791350469501 -0.1347073642976103 0.3317749635070076 102 99 97 2.88
1258 0.6616415807010428 -0.1053370488461224 0.4709556531069919 85 87 84 5.66
1259 0.6205807710058115 -0.08928880849587109 0.5526927722067102 97 96 87 4.84
1260 0.6596290255600759 -0.0984697244949766 0.3895962941426533 65 67 62 6.71
1261 0.6514264328022766 -0.1224810463991021 0.3547384854598855 106 99 86 3.48
1262 0.6633823221582127 -0.09913863956128754 0.4213729535370361 91 87 78 4.91
1263 0.6462434505511788 -0.07899675268346659 0.4704434546290329 106 106 101 5.45
1264 0.664064381628225 -0.09807922158318375 0.3478645230921555 69 66 58 5.43
1265 0.7534496746905752 -0.1262167741909226 0.1074839628218729 82 82 83 6.83
1266 0.6671554310292149 -0.0787068266495364 0.3926640747691754 60 62 55 6.02
1267 0.6598070162798872 -0.07482356445887381 0.4327274428829508 111 108 98 3.09
1268 0.5880563960378123 -0.01765109660850188 0.5322272736493104 88 89 90 5.72
1269 0.6175569088802741 -0.02354649194483496 0.4663278751143162 54 55 52 6.29
1270 0.9155638995716564 -0.0799709989184072 0.1033699978714674 60 65 64 4.54
1271 0.7158887426114104 -0.051547556430987 0.2026859847697806 103 103 102 4.34
1272 0.6944993463408491 -0.0411385257596739 0.2236430241059585 78 82 81 4.73
1273 0.6442113144732842 -0.005882329377865314 0.1963170084158674 62 65 67 3.1
1274 0.6676567985532009 -0.480178366351818 0.3692228379555818 105 105 107 4.57
1275 0.6211817897313361 -0.4549682836645926 0.3816295414611831 102 102 97 5.8
1276 0.6463462617063872 -0.4082436450910496 0.4740651886462072 74 78 77 4.19
1277 0.7748329680110189 -0.4718248891834967 0.4619709758844541 227 225 225 3.36
1278 0.6747426536280778 -0.4284642095412014 0.4658298472041266 95 99 99 5.21
1279 0.7729719366753913 -0.4577091424350814 0.4689760109942882 121 126 140 5.18
1280 0.6519280067073183 -0.4478362867661266 0.35826773747092 74 75 71 4.46
1281 0.7381646949686913 -0.4339808824974498 0.4480790367232912 70 70 70 2.82
1282 0.7819441989555356 -0.4648226832184568 0.438589016608678 142 145 147 4.95
1283 0.6910468405911572 -0.4311630905849622 0.4371687608407075 100 100 97 4.53
1284 0.6667819253972229 -0.4633428607321632 0.3139142768819848 107 105 106 4.55
1285 0.6541144019646477 -0.4333539441444057 0.3957173403749844 133 128 119 4.42
1286 0.5341409498246199 -0.3463006976654547 0.4813268762756013 132 126 117 5.06
1287 0.6135168265185132 -0.4080522987063775 0.410801890926168 159 156 149 3.31
1288 0.6085143841802609 -0.3932787085796313 0.441722051146853 150 144 136 3.58
1289 0.7752950889107 -0.4461704407380304 0.4361858011080566 118 125 129 4.69
1290 0.8568928419592496 -0.4743227236309478 0.3882529257064619 148 162 181 6.7
1291 0.8549955976208095 -0.4254831673019137 0.5247457511609511 60 72 91 5.55
1292 0.7811939796638141 -0.4300901844306892 0.4163346476795449 141 147 152 5.35
1293 0.6362701979921492 -0.2462020648893808 0.5983944221790682 71 76 85 4.42
1294 0.7107824336608681 -0.2602688104420707 0.5072568471824894 54 55 55 4.69
1295 0.5833856770865671 -0.2120063131945006 0.639832906163753 114 111 103 3.19
1296 0.6395182826856032 -0.2314813980719696 0.5432981748964311 67 69 70 4.18
1297 0.6614998637627124 -0.2471619627474547 0.4113757911196608 84 83 79 5.3
1298 0.6369043949444286 -0.20945238749736 0.5786664162747135 125 134 135 1.67
1299 0.6685534741077579 -0.2391582491228461 0.4454601119627114 98 98 96 4.76
1300 0.7125711270239403 -0.207503289162851 0.5295619562203454 73 71 65 7.17
1301 0.6416790913721833 -0.2097237248170188 0.5173075514720308 102 101 97 4.48
1302 0.6587335965759719 -0.2389265095383453 0.3664565425348775 91 90 89 5.04
1303 0.6199249611224682 -0.2279792217062603 0.3864631203144065 90 88 81 3.46
1304 0.7808561341498357 -0.3062970129840929 0.01633883260532665 97 99 97 5.0
1305 0.6482466187445889 -0.203773714350764 0.3841388903150231 107 105 97 5.56
1306 0.6167276878344664 -0.1552334584919566 0.5645260615364832 84 84 79 2.81
1307 0.7145139851923334 -0.2291778630969071 0.2632816774495941 77 77 71 5.61
1308 0.6622874076457763 -0.17683323789719 0.4379066664332525 95 95 87 5.17
1309 0.8112870482420951 -0.2613894198431423 0.01152341570106508 69 64 54 5.22
1310 0.6506637992735382 -0.1553928072657691 0.4866139043300719 81 81 74 4.38
1311 0.6579172519575592 -0.1517711776015229 0.5101003749359575 104 106 103 3.62
1312 0.6663607391966053 -0.1596441338010217 0.4362694732234312 99 100 95 5.79
1313 0.6771284849459849 -0.1880454657685693 0.2880294891102695 94 91 85 5.99
1314 0.7127044467005239 -0.2166031911504752 0.1805933936128293 77 74 71 1.99
1315 0.6075356900888559 -0.1278891469651637 0.5004793245487129 104 106 107 6.88
1316 0.6415659451661149 -0.1596720130678668 0.3940927555233202 75 72 65 5.01
1317 0.670925436061856 -0.1587964821590547 0.3160444501875871 58 60 54 5.97
1318 0.7620576777097732 -0.2109627113978854 0.1476544489013345 47 49 48 6.29
1319 0.6399376554292601 -0.1576963658862419 0.3745347823169474 88 88 90 0.91
1320 0.7787315152170902 -0.2458417955491145 -0.2397296321863933 54 51 51 4.63
1321 0.7000581402572754 -0.2222489674227874 -0.1586247953936062 60 57 54 6.11
1322 0.7905379194375854 -0.2503060606304923 -0.1643873719466598 102 96 90 4.24
1323 0.8203208979320102 -0.2413648911795275 -0.2838371826139998 42 38 32 2.46
1324 0.6523464483685071 -0.1331706111294243 0.3567659050079374 82 81 78 2.78
1325 0.6586481032161915 -0.1353970860340419 0.3395615292860606 82 82 75 4.86
1326 0.6547861895068031 -0.1340673089358397 0.360730057092852 100 94 90 2.71
1327 0.6547861895068031 -0.1340673089358397 0.360730057092852 100 94 90 2.71
1328 0.6603009241910649 -0.1097647297849985 0.3436635866715186 95 91 77 5.4
1329 0.6602628964767545 -0.1155695873261746 0.3394035881246088 94 89 76 3.23
1330 0.7550999797814433 -0.1369650834870774 0.0820904249345501 99 97 88 4.1
1331 0.6759173156767375 -0.08301285637223577 0.4142728954308635 50 55 54 5.95
1332 0.6068662893753539 -0.06373883586011728 0.5152306802458265 112 112 106 1.89
1333 0.6680199952859001 -0.08608648572461305 0.3443758220480803 40 38 31 5.08
1334 0.7910393754611793 -0.1589115804116874 -0.1545610623131113 36 34 35 4.77
1335 0.5849192680461853 -0.007593333157858137 0.5864674737162205 71 76 69 6.25
1336 0.5843268026688416 0.006761994090996509 0.5850822601752602 67 80 75 2.61
1337 0.5798237586589288 -0.003077170286064426 0.6095377587729314 87 95 100 4.84
1338 0.7062879355513851 -0.06116214348098081 0.1255989016438769 94 93 92 3.44
1339 0.600170580006399 0.009909984429692015 0.5358649714962949 33 44 37 2.67
1340 0.6138559580145514 -0.4377469679140062 0.4356987149936333 93 96 101 6.95
1341 0.8144707044639521 -0.4895964789152076 0.4130689220291799 113 112 118 5.93
1342 0.7742978119100565 -0.4633101231559437 0.4384519764333026 104 108 112 4.92
1343 0.6848112452429542 -0.4714269381626074 0.3211250731933134 177 177 179 4.78
1344 0.6629453261690835 -0.4421040890095313 0.3189902426818069 94 87 73 2.57
1345 0.6792229069241633 -0.3316116934135893 0.3127077596762045 87 85 80 2.8
1346 0.6523313799532255 -0.3100039540035884 0.4307069558365828 132 137 144 4.4
1347 0.6319889516592048 -0.2243657579535856 0.5649294319519345 105 105 103 5.38
1348 0.6627301019671453 -0.2337596335301204 0.4682049160308281 109 111 111 5.15
1349 0.5916399811523625 -0.2006499859073629 0.5701113637725452 116 120 115 3.24
1350 0.6143573108379263 -0.2069820467703676 0.544257643763826 74 73 67 5.18
1351 0.6265192072113834 -0.2130730985486347 0.5395781694043318 96 93 87 3.86
1352 0.6452720648692197 -0.2184161557254357 0.4883645308267943 106 106 99 5.32
1353 0.6373585160012747 -0.2327670744008487 0.4038689535282534 117 117 108 5.32
1354 0.6402482628258521 -0.217112823235999 0.4723281984902714 86 83 77 4.76
1355 0.6622023599529037 -0.2244575435439121 0.4612972355796541 90 87 86 4.01
1356 0.6544430791646163 -0.2101847416586757 0.4876866444141161 81 80 76 5.96
1357 0.6516284019717131 -0.2402878013696807 0.3430509292931555 121 120 112 5.12
1358 0.6696973821772101 -0.2481854358335833 0.2996952355168842 125 123 116 5.05
1359 0.6665516680813133 -0.2117149460754643 0.4439151496453395 99 98 99 4.82
1360 0.6897915920821431 -0.1952910482063886 0.425729016141539 70 69 63 4.34
1361 0.6420538361507098 -0.1670845390984209 0.4922500029082514 79 76 67 5.21
1362 0.6817485494861577 -0.2063676613941747 0.3029177914406361 82 79 72 4.44
1363 0.7148924202517142 -0.1846885504700209 0.3173740783355615 34 34 25 4.87
1364 0.642799445299717 -0.1650991906686067 0.3950692057334541 98 96 88 5.07
1365 0.4117044227592197 -0.06145390585286101 0.6709222726944379 70 71 69 6.59
1366 0.6670017347285107 -0.1632646676085388 0.4037987883156278 75 77 70 4.54
1367 0.8277477688923964 -0.2728494033007123 -0.2059711451322588 93 87 86 3.96
1368 0.6825744369308535 -0.1514542854242082 0.3345958306011293 55 56 47 4.68
1369 0.7546102759871363 -0.2105118174628968 0.1284055493892624 56 54 49 5.09
1370 0.6541425598955848 -0.1577710549121525 0.3398882072298 111 110 102 4.18
1371 0.6642332028285534 -0.1059828592006132 0.5034889842224394 80 81 80 4.08
1372 0.6834757374566651 -0.1135026484209338 0.408234928485984 68 72 69 6.37
1373 0.7488762451275079 -0.169272708060922 0.1765527201784749 94 93 92 1.35
1374 0.8724710316569859 -0.1511658840922201 -0.2269846638646615 38 38 38 5.71
1375 0.7488076427113257 -0.1141538403968455 0.1066250325500183 76 75 76 5.26
1376 0.5683955183120587 0.003160615427803132 0.6085154716845879 85 91 91 3.47
1377 0.8791275761911301 -0.584492636644204 0.234821888973709 110 107 96 4.59
1378 0.6563157012785974 -0.4016916832639683 0.3495750135074679 130 125 114 5.15
1379 0.6722411838459705 -0.2347868261152496 0.4855350180866354 115 118 118 5.97
1380 0.6454494482049326 -0.2109536719328471 0.4733905176297519 80 80 74 5.27
1381 0.6443239749555841 -0.1441542513167805 0.395079345069263 79 79 72 6.43
1382 0.7418377744650368 -0.2424796165661792 -0.180696649060728 86 83 82 4.62
1383 0.7378942178295749 -0.2429565037051015 -0.1756005072055571 83 80 77 5.05
1384 0.7792473069514279 -0.1783979564144616 -0.005165734541853872 90 87 79 5.31
1385 0.6554845192607456 -0.08967920710694777 0.3960153692955366 74 75 70 5.39
1386 0.7568559394752608 -0.1317590021864747 0.07800282333820585 110 110 108 6.38
1387 0.7111973827785059 -0.1044319101210537 0.02558798794658967 96 100 99 5.55
1388 0.7458947419304329 -0.07518559260479615 0.1230451721391381 76 78 76 6.51
1389 0.72089852030257 -0.4188206634971229 0.4334918699391438 113 115 107 4.89
1390 0.8312448068168015 -0.4130857109764119 0.523978645564757 65 72 85 5.29
1391 0.6608159529277604 -0.3532819014552066 0.4266515135443431 123 124 118 5.19
1392 0.7054353880758424 -0.270287058969647 0.5378120017524575 39 47 57 4.38
1393 0.6843526628640126 -0.2795823743942675 0.4209541118795244 124 127 124 4.65
1394 0.6139491215889271 -0.2097339232119968 0.5990085086972913 104 110 115 5.35
1395 0.6244274590324246 -0.2004780057521967 0.5879458867586183 100 100 94 4.91
1396 0.6382633649228737 -0.2396933978466086 0.3807593152736953 112 107 101 5.61
1397 0.6393163296496135 -0.2036377841434734 0.503128827142063 77 75 68 4.98
1398 0.6366149305017589 -0.1753188009970896 0.5641056856953164 46 44 35 4.51
1399 0.6746333278982786 -0.2057710509996447 0.4287116743274915 77 76 68 5.65
1400 0.6137321163518979 -0.2123433150804709 0.387369766996326 121 117 107 5.57
1401 0.6717105217024877 -0.2061957185992712 0.3503356828516337 99 93 79 5.45
1402 0.6541032929434121 -0.1775807673861162 0.3918485617460551 97 99 99 3.36
1403 0.7046341883014222 -0.2567598802012978 -0.1748079703695422 79 73 77 0.34
1404 0.6514097792704866 -0.1233726219781309 0.4076992672866586 70 71 67 6.36
1405 0.6950055783911131 -0.05027731857708426 0.2070368550980395 94 93 92 7.17
1406 0.6071930425255312 -0.2347418499044975 0.5657494602791235 98 102 101 4.83
1407 0.5835677958019359 -0.1961215166884376 0.6101687674182628 111 111 103 5.06
1408 0.6445583360309695 -0.2271987626669002 0.4849678673476556 86 86 82 6.39
1409 0.6360180484271188 -0.2080721623658353 0.5118224387898341 119 118 114 4.86
1410 0.6446682921254306 -0.1811213282816456 0.5001364141976476 56 55 46 5.36
1411 0.6632327459112148 -0.2050454143918796 0.4159425783790343 113 113 107 5.05
1412 0.6538730917108165 -0.1987217585020521 0.2975966054272812 82 79 69 4.78
1413 0.6608896134447924 -0.2010745497581038 0.2933198918032387 81 79 70 4.7
1414 0.6176912134612351 -0.1667438918930712 0.4263020763766423 69 70 64 5.28
1415 0.8371670965155176 -0.1911345956336954 0.02143609945282088 92 91 83 3.85
1416 0.6399671937428386 -0.1022157096512522 0.4897463758650502 105 103 92 4.55
1417 0.670703452046449 -0.08960371842206827 0.4020392673864387 83 84 78 5.48
1418 0.7497860512688799 -0.08023377782905258 0.1084941386992029 86 86 87 6.84
1419 0.7786414296594439 -0.4011081898844764 0.4477780034233342 46 52 56 5.74
1420 0.6041787714222169 -0.1901192823789598 0.6356620217140661 79 81 78 5.95
1421 0.6196657722182137 -0.1864630686593756 0.5514406599911825 99 102 96 3.55
1422 0.6604709589738945 -0.223735882822875 0.4213030820278697 108 106 100 4.06
1423 0.6878253827882699 -0.1702804233637262 0.3410986003362946 68 66 66 4.8
1424 0.7689547824984502 -0.2360255732476876 -0.1618192462229102 84 78 77 3.48
1425 0.7492184910125588 -0.2272884885083041 -0.1800401575661879 68 64 62 4.78
1426 0.695886551034552 -0.07056433474541077 0.3290217981951569 75 74 69 7.39
1427 0.6630200135775179 -0.05255142921608394 0.4272054052003735 102 104 108 7.83
1428 0.6556496572033224 -0.3582750722109928 0.3519410405591529 127 123 115 5.41
1429 0.6504581687306037 -0.2458926445626509 0.4042227701676271 126 127 123 5.45
1430 0.6520395664835437 -0.1462337854247888 0.4272561300597167 65 74 68 4.12
1431 0.6728779747907612 -0.08977750476214585 0.4137446171048449 53 54 48 4.93
1432 0.6780762942955676 -0.09078467975127788 0.4107618051315414 54 53 47 4.92
1433 0.6469006755366152 -0.07704966084517978 0.4676281593924904 103 100 90 4.69
1434 0.6757403072043107 -0.08404534258548566 0.2797678560293206 71 70 55 5.33
1435 0.6872833872621664 -0.4101310701595969 0.4524869846545801 62 60 50 4.78
1436 0.7407683185205112 -0.4275848235441698 0.4360524289476921 152 153 152 5.03
1437 0.6401820020263117 -0.1038116212038141 0.5101385163426376 102 106 99 3.56
1438 0.5845100363770784 -0.04054902185190334 0.6829561810950077 73 72 57 3.58
1439 0.6978267659826063 -0.03150602731120553 0.2029000074662684 106 108 106 5.65
1440 0.6748002882965463 -0.4206879391354534 0.3228819166120247 78 75 67 4.38
1441 0.7347616391170468 -0.4018339273792187 0.3363969544940453 98 100 100 5.25
1442 0.6868199666160715 -0.4174073755457786 0.3061513513285667 181 183 182 1.9
1443 0.6322840218575635 -0.3696725525914415 0.3308898124639579 138 137 144 7.02
1444 0.608305463806523 -0.3312087119875207 0.4047721194214574 80 76 67 5.72
1445 0.7329492779606372 -0.3788676539120477 0.3312937267481987 82 83 80 5.0
1446 0.6581991941900628 -0.3343158831753638 0.3158107645637508 136 130 117 4.28
1447 0.7172954960318616 -0.4291748599756042 0.08583642281485127 185 183 196 6.34
1448 0.6770301481790704 -0.3327105038015071 0.2924429364448179 126 118 106 3.69
1449 0.6694361679049015 -0.2561762843108786 0.4437299903442633 92 94 93 6.46
1450 0.6638853076959319 -0.265467188950367 0.415898866317813 95 95 90 6.36
1451 0.7932258238369279 -0.4226430038960693 0.01318336311130341 113 114 118 3.25
1452 0.6925954266132619 -0.2622493580482262 0.437832492000427 65 68 70 2.28
1453 0.5403449355394946 -0.2069262139842086 0.4310458612566584 61 58 60 4.24
1454 0.4416987630899484 -0.1573356087460165 0.5184337140615435 86 85 80 4.22
1455 0.6504175354836771 -0.2362342940543572 0.3927482379313427 118 117 108 6.59
1456 0.756056456549139 -0.2497646107805697 0.3571658170668112 77 80 80 2.89
1457 0.669250845448875 -0.2413420791728423 0.4080926599521542 82 82 74 2.79
1458 0.7022533610201303 -0.2776694587540738 0.2933490947158159 95 92 83 4.28
1459 0.7621264355647626 -0.3076583774367876 0.1622471862170457 59 64 66 6.24
1460 0.6176162835350513 -0.209806013570201 0.4109660854092093 107 101 87 3.74
1461 0.6168303900703276 -0.2045695342904141 0.4109683296764008 96 92 81 5.83
1462 1.072007486627766 -0.2816171612019131 0.2262760088950376 64 60 50 4.78
1463 0.6483449936692893 -0.1912539041321803 0.4023886866875483 94 91 83 4.58
1464 0.648666051289818 -0.1745067470693896 0.4405826487289135 46 46 38 5.16
1465 0.6549572587125631 -0.190842580294249 0.365727497167025 108 105 95 4.84
1466 0.7314069610189724 -0.2595537334150038 0.1375775004555757 112 112 105 4.64
1467 0.6524598399289652 -0.1759585558585135 0.3428092324819435 77 75 67 6.36
1468 0.4584953168491525 -0.128224185103567 0.4481875689266227 85 87 92 4.59
1469 0.6938396595002285 -0.1706065426371836 0.4164476059308204 39 39 33 5.34
1470 0.810664264774152 -0.3084216144475531 -0.02871269098068097 126 126 120 5.48
1471 0.6472553003825279 -0.1419035612381217 0.4347412169864328 55 61 59 3.91
1472 0.6949211376406275 -0.1735046787632691 0.3340909846358946 47 49 43 5.98
1473 0.676552540499779 -0.228173468763761 0.1375598758121337 66 62 59 4.03
1474 0.6670599981395939 -0.2053881735741728 0.280450725901796 109 105 97 3.67
1475 0.7490981362069773 -0.2481041296006934 0.1689202289317863 101 99 93 0.71
1476 0.7687734542081435 -0.2805685042853522 -0.009975443741620404 108 110 107 4.16
1477 0.7536440284225037 -0.189506711443211 0.2523757835840157 36 38 34 2.97
1478 0.7593313315129742 -0.26843598696451 0.02555891913160657 102 98 86 4.27
1479 0.5377501661679778 -0.1142366469016866 0.4406789215525478 70 73 72 3.27
1480 0.6303149048721143 -0.1689458792909751 0.3424780692414844 113 107 93 3.99
1481 0.767679900447769 -0.270395225060284 -0.00642997101007925 98 93 88 3.71
1482 0.7657639748121994 -0.2628823242225913 0.01741446628402588 101 98 88 4.68
1483 0.7481075451185495 -0.222911659894497 0.1541507096539914 85 83 74 4.44
1484 0.6576724696062293 -0.1391782599237966 0.3405486632749118 61 61 58 5.17
1485 0.6699223414118511 -0.1374046895930715 0.3373225147351738 56 55 50 3.31
1486 0.6696908820546701 -0.1667360977518055 0.2903018455357422 93 91 84 4.8
1487 0.7143555842180502 -0.20110421958719 0.04472736702813718 83 85 82 4.53
1488 0.7204931386086262 -0.169536122022806 0.215137881513346 72 73 67 5.58
1489 0.6856576652012687 -0.1635263532490671 0.2409261402710112 61 60 54 5.18
1490 0.7743813082128588 -0.2416211394451483 0.01138189522566857 101 99 93 5.06
1491 0.8144626041306307 -0.2024817035405677 0.0776035387985371 67 68 64 3.63
1492 0.8449116841304296 -0.2855311896807792 -0.2174573154371124 98 90 79 6.41
1493 0.6342889580643861 -0.1279187941960676 0.3941315105782508 76 72 62 4.34
1494 0.6556953987521141 -0.1375135593826235 0.3388804515942112 86 85 78 4.52
1495 0.9115826040054289 -0.3065337884276074 -0.2807875655888543 112 106 95 5.92
1496 0.6797885724747406 -0.1221549560982893 0.4122288463096659 80 78 69 2.56
1497 0.7642900422203902 -0.2159725708428002 0.03941131972962508 100 96 85 4.47
1498 0.6797915101149394 -0.1164558601392713 0.3854159524920094 60 62 58 4.69
1499 0.6473125332508051 -0.1081368313116483 0.4352887419285794 98 95 79 5.76
1500 0.6745597655962312 -0.1084990243157023 0.3952509949634664 51 52 55 5.64
1501 0.671352829560254 -0.1390689854345793 0.3026545438787829 87 86 77 5.21
1502 0.664641661827962 -0.1421774902950811 0.2915053230055111 96 94 87 4.45
1503 0.6971797581619579 -0.1645734675525607 0.1944924320852014 57 54 44 4.93
1504 0.6750596902744088 -0.1107255067945002 0.3965068813279558 75 74 61 4.31
1505 0.6895436810998845 -0.143218436615938 0.2713664179891319 83 81 76 0.31
1506 0.6768087985174673 -0.1011002616637146 0.414285058206166 92 85 73 4.32
1507 0.6531562989632006 -0.102474840355093 0.3703752841932404 79 76 70 4.14
1508 0.6854690017485012 -0.08456713304712388 0.4122592076868827 41 44 37 3.22
1509 0.784392910736246 -0.1080643466588077 0.1786475086494582 29 29 22 5.54
1510 0.7876781079544937 -0.1708235682461186 -0.01816245539266959 95 95 88 1.31
1511 0.9260848708109244 -0.1863977417278173 -0.1376936352191573 96 98 92 6.56
1512 0.9260848708109244 -0.1863977417278173 -0.1376936352191573 96 98 92 6.56
1513 0.7568935256308147 -0.1186785984064139 0.04118034011638094 47 48 36 4.55
1514 0.8110233389630226 -0.1780123731528851 -0.1641888161175309 60 57 53 4.33
1515 0.6633260672648487 -0.1184066102738073 0.1263207987560488 84 80 67 4.27
1516 0.6735592031570949 -0.08785618172197449 0.1283019564675012 40 42 42 5.07
1517 0.828510895371801 -0.1359072128860373 -0.006783093104303139 91 91 84 6.53
1518 0.7279910857407148 -0.1146759940838496 0.15483659397792 106 96 86 4.87
1519 0.6478614756547012 -0.06712957630680949 0.3664679171421475 92 86 77 4.14
1520 0.6859340878547207 -0.09525555134282815 0.0662301444764668 97 101 105 3.96
1521 0.7672757779433079 -0.1253120316688565 0.0994667537802929 90 85 75 5.02
1522 0.8389892360484439 -0.1167135860202592 0.02517796657002269 61 59 51 6.04
1523 0.6712693846524775 -0.08147171813004578 0.1045149183627672 62 60 60 4.87
1524 0.643560145514782 -0.0448919709888598 0.3812357287216585 106 106 99 6.5
1525 0.6487029939636794 -0.04695683008084035 0.3674223846937007 86 84 77 6.34
1526 0.6911268074372934 -0.06941720071490454 0.2758994273737 87 82 74 2.6
1527 0.6700346400230976 -0.05482340916165349 0.314765234010381 69 66 58 4.74
1528 0.7536793167301612 -0.1208747375806786 -0.1628950276293055 56 57 56 5.88
1529 0.8507550987077408 -0.1251740713608575 -0.1691710996625626 49 50 49 6.41
1530 0.657964885754828 -0.03074533022681467 0.3647343379134169 79 78 71 4.74
1531 0.6511722790503154 -0.02850120290605786 0.3893345641547533 71 69 61 4.15
1532 0.6850822122627727 -0.03861933355181785 0.2518912143316108 85 84 75 4.88
1533 0.6846949783395335 -0.03745002114432718 0.3012849241765533 80 78 68 2.99
1534 0.685317055684997 -0.04259019086404431 0.2443587934887954 85 84 75 6.11
1535 0.7288804069345864 -0.0479191533335267 0.1931825463964253 88 88 82 4.9
1536 0.6733307862407907 -0.04553290451438373 0.2360760396403278 90 88 84 4.66
1537 0.7900628816654414 -0.05632022694109812 0.09367323613315548 97 98 94 6.51
1538 0.6780106261953047 -0.03528840799153883 0.2525166101666551 105 105 100 6.39
1539 0.696942500541418 -0.03871628257882632 0.23125448029038 96 98 93 4.95
1540 0.667524786175677 -0.01714038824865435 0.3600104240504366 85 87 79 6.32
1541 0.6738950557095726 -0.01831552145317333 0.1788087012923625 67 72 77 4.84
1542 0.6457291930607671 -0.004796484597927697 0.4049350852627468 104 111 108 4.35
1543 0.7030955669127255 -0.02357657428407912 0.303267220026194 62 59 50 1.1
1544 0.6466037964648913 -0.3957862907582001 0.4061128173208116 124 116 108 1.24
1545 0.6751590946407879 -0.4305736864956044 0.3334145765551081 75 72 68 5.28
1546 0.6772827935711132 -0.4145554135585626 0.3215492903201853 120 117 108 5.5
1547 0.5908742143457425 -0.3544693027564784 0.3964565809245995 124 116 109 7.24
1548 0.6515403674623926 -0.3800117538087202 0.3566477211461347 120 116 108 6.33
1549 0.6495634575867235 -0.3607138470986447 0.4105577689555902 106 106 103 4.77
1550 0.6924957931052087 -0.4054059229415201 0.3097683360978123 145 145 144 1.28
1551 0.8439790490332606 -0.3466977879337979 0.2519722558541179 60 53 39 5.84
1552 0.6696614879234499 -0.2563748848310876 0.4526250504449777 76 78 78 7.07
1553 0.675014505727298 -0.2312718392110326 0.3603916406959099 114 115 111 6.81
1554 0.6185277014207353 -0.2084688972818202 0.4019026200176232 110 106 94 5.16
1555 0.7605697538036766 -0.3305278994700371 0.0469499511093231 112 106 97 2.1
1556 0.6483035319895284 -0.1903510765969953 0.3705479447080863 82 81 75 5.22
1557 0.6568608907263991 -0.1966733315247293 0.3941204346670528 94 94 87 5.81
1558 0.6631704540486829 -0.2024148700478839 0.4030822843217986 75 76 73 1.55
1559 0.6552995394518523 -0.2015129751404348 0.3553344982997388 92 87 74 5.44
1560 0.6644937275553389 -0.200001258389671 0.3449963339082317 93 90 80 5.12
1561 0.6811270894343386 -0.1807933924694461 0.4122169256176941 77 76 68 6.19
1562 0.6408763688618452 -0.1711927393447806 0.3245725665826888 28 30 29 5.13
1563 0.7592316392834098 -0.2963451467005659 0.015877195287062 136 136 130 5.17
1564 0.6600925480631468 -0.1563568273338949 0.4368498569225212 91 90 83 5.01
1565 0.6487905554385647 -0.1564052048322465 0.3992235995205459 79 79 74 4.82
1566 0.6574704887410268 -0.1550084009566326 0.3321401772192878 76 75 68 5.08
1567 0.6653494404704352 -0.1263972614387741 0.4338379638411602 92 92 84 4.77
1568 0.6743838722957451 -0.160866757838584 0.2763876592560485 83 81 72 5.02
1569 0.6350493115544411 -0.1288985225115946 0.3982127484524927 99 97 86 4.45
1570 0.7821379963179063 -0.2210491535790841 0.02609267947303362 81 77 68 5.03
1571 0.7219568226829554 -0.2124035389768518 0.08239555000869092 80 77 66 5.28
1572 0.6979130772073001 -0.1328481606430411 0.4082446840496302 96 98 96 3.26
1573 0.6800440389937381 -0.1274175516577312 0.4182394836849013 91 91 85 4.16
1574 0.6427001089055905 -0.1310612063226618 0.3812935240663395 86 84 76 6.2
1575 0.6475701120826413 -0.1355637143044142 0.3651294019137548 96 93 86 5.57
1576 0.6676579969886651 -0.1153674090618307 0.4152334856484088 96 93 79 3.41
1577 0.6453997720765973 -0.109052548138997 0.4021808535936161 83 81 69 4.2
1578 0.6347536362487591 -0.09733336179594243 0.3824658536280021 88 88 85 4.54
1579 0.6448322916900338 -0.1140159712250324 0.380551439013779 109 105 90 4.02
1580 0.7616933249309625 -0.1259127674792016 0.1341620054167978 63 61 55 2.51
1581 1.159140539348584 -0.2246613640980604 -0.1477697971451692 50 45 36 4.69
1582 0.7922357118276702 -0.1568783711218476 0.01310359482827117 69 64 53 4.27
1583 0.7159272704019073 -0.1315094256972445 0.1636161651978345 106 104 94 3.83
1584 0.7162737530812875 -0.1148329309761766 0.1515617116902102 32 33 27 5.26
1585 0.772090264421379 -0.1159531156791543 0.1081257431191037 30 33 25 3.77
1586 0.6661187165670646 -0.07340056317437699 0.3324304400478287 76 73 62 2.39
1587 0.6791314065494805 -0.09031926567860651 0.2762575783007289 102 98 83 5.48
1588 0.7500531473978935 -0.1028431526827013 0.1695811710043293 86 84 76 4.94
1589 0.6639367813234325 -0.07591313909654754 0.3161270556151411 91 85 74 5.04
1590 0.7699919769646879 -0.109239771468907 0.07549471115468231 92 88 80 5.15
1591 0.7583392899100212 -0.09484546004099884 -0.0225743623730148 66 66 58 4.08
1592 0.7543264330793058 -0.08672647727253888 0.127473398488705 83 83 77 5.82
1593 0.6536761581002355 -0.04764550600063266 0.3528359552726974 99 98 93 5.94
1594 0.6647743383589997 -0.03395388472764135 0.3458216589172571 87 86 74 2.14
1595 0.6233135196985544 -0.01086222827900252 0.4435289145283231 76 82 77 6.65
1596 0.6344402552134356 -0.01869448414070873 0.4220654565720048 64 66 63 4.45
1597 0.6384411692905637 -0.0184212515861729 0.4053512133219782 80 81 76 4.7
1598 0.6776366929866005 -0.0359587091753806 0.3744159254537073 104 98 84 2.87
1599 0.8872583911245664 -0.1112171385960973 -0.2740247989850815 38 40 37 2.28
1600 0.6735496066563182 -0.01376906229978153 0.2623714230335528 100 100 99 5.99
1601 0.5361403655715732 -0.3274422139774101 0.4401593043633276 56 54 50 3.98
1602 0.6872714361764514 -0.3482477637434543 0.3319305196109721 116 113 97 5.24
1603 0.7264088354755642 -0.3547049527724001 0.2700647055148248 88 84 73 4.3
1604 0.6320656238201213 -0.2931405960015817 0.3779912173075006 78 69 56 4.71
1605 0.6246889223568881 -0.2610552957108961 0.3927827858140022 111 108 104 6.42
1606 0.6229548240579045 -0.2295115175951155 0.4235833483360967 112 114 108 5.63
1607 0.6671540328792449 -0.2196990582481158 0.3626630406424184 86 85 77 5.61
1608 0.6704467377527721 -0.2211475539192485 0.3616843225511233 74 76 74 3.36
1609 0.6625726522008932 -0.1605448786721831 0.4426649552436357 111 108 98 4.1
1610 0.7421709079742096 -0.2112236646403962 0.1472200023482132 89 89 84 5.5
1611 0.7437243222915106 -0.1945037094436755 0.1456314182301758 85 85 79 5.62
1612 0.6680122470078973 -0.1204229934452998 0.4203006485831347 85 83 75 5.54
1613 0.696423139848612 -0.2719125461645677 -0.1859387605371658 63 62 61 4.3
1614 0.6843165568863703 -0.04238049308396974 0.2259130817513744 80 79 72 4.65
1615 0.6204821524368042 -0.3525603956128261 0.358637393725343 56 56 54 4.19
1616 0.6112875794990372 -0.3480287597963478 0.36371849180628 56 55 51 4.11
1617 0.6131319180307473 -0.2732063825068503 0.4052939030630712 98 96 88 5.4
1618 0.7562438995497358 -0.3540003704867696 0.04511017066251821 108 110 107 3.07
1619 0.6140807217699343 -0.2097432840941583 0.3202520541950573 107 107 101 4.71
1620 0.6906984925415929 -0.2421901865682354 0.2248359081465826 88 86 79 5.88
1621 0.8284375541600408 -0.3264352826143027 -0.03392490556610883 130 128 121 5.01
1622 0.7946688966975262 -0.3045742289406336 -0.1284851398934872 100 103 107 5.05
1623 0.8790287258534175 -0.360713217983417 -0.2176886771144086 168 172 176 6.58
1624 0.6357413595412192 -0.1297570471087397 0.2780331393589157 62 63 59 4.76
1625 0.7116524782404663 -0.1730359109092943 0.1502930773156029 112 108 101 4.88
1626 0.8779488732121485 -0.1870412852695674 -0.1089823011170168 81 78 69 5.91
1627 0.7892835492695851 -0.1541306721513296 -0.2124436796521814 42 41 37 4.83
1628 0.8422409767608618 -0.1373793133256859 -0.1651278670699987 60 61 60 5.67
1629 0.8002588981801653 -0.1077311337945826 -0.1780223466571285 34 37 35 4.18
1630 0.7141946664750094 -0.04561697982662759 0.1982327136081917 77 84 81 6.13
1631 0.660869494948838 -0.02573325010690077 0.3895342771298721 90 91 88 6.37
1632 0.6413684757146011 -0.003187457960769219 0.3681711503700746 72 75 72 5.05
1633 0.6616963102201461 -0.3866250538050056 0.3621616114373949 122 115 101 3.85
1634 0.8470727102650413 -0.4109021337451746 0.01263130146717972 102 107 109 5.77
1635 0.6525501040026407 -0.2152519184145247 0.3583278731595547 83 78 67 5.16
1636 0.7434023890143351 -0.2848044535301132 0.1789915960175676 87 90 86 5.94
1637 0.7638127811656985 -0.2642835912509737 -0.07514347446501368 54 57 62 5.21
1638 0.6319233867315159 -0.1405847366942032 0.3504478551401043 69 72 67 3.99
1639 0.6670324951554287 -0.1757341214417806 0.2873933808626528 69 66 54 4.14
1640 0.6291267322932507 -0.1375453812261466 0.3872977494301061 104 99 88 5.01
1641 0.7518722246849343 -0.1648749947837881 0.1637552473541154 62 62 52 6.0
1642 0.748764976743453 -0.1648136995975611 0.1424389005125373 75 73 62 5.26
1643 0.6563485722613275 -0.05534516958801902 0.3160748802009266 48 47 41 4.91
1644 0.761308714198021 -0.07478512664178227 0.03815264510219385 101 103 99 3.91
1645 0.6060206768741466 -0.3138710581564753 0.3981182739140523 70 70 66 3.92
1646 0.6720459250107811 -0.1967174986088336 0.2948562343837857 88 87 78 5.79
1647 0.678250231863389 -0.1962059579419225 0.3334328741571746 89 86 76 5.34
1648 0.7530966599568116 -0.05540925420101653 0.07425264266814735 63 68 69 5.25
1649 0.6822361314037948 -0.1326834241223567 0.2602772741810495 103 99 86 4.67
1650 0.6186612783222583 -0.1589429771783933 0.4255699848958349 71 70 59 5.35
1651 0.6454111969243492 -0.1690051259142242 0.410831383790931 80 79 66 3.71
1652 0.8454234017231237 -0.3041662481960208 -0.09148916665034967 119 118 116 5.91
1653 0.7138708507564071 -0.221714785110956 -0.1333669803955473 76 72 74 5.57
1654 0.7678207722150245 -0.4121252860002318 -0.01586523298507747 225 238 246 4.75
1655 0.7425296344287351 -0.3506266029352151 0.02728013096490978 90 89 85 4.8
1656 0.6738610264812757 -0.009770739611259183 0.3158429080214932 50 49 45 5.07
1657 0.588818814771653 -0.2756012947728309 0.8045405250576778 113 107 97 7.12
1658 0.5792942767843584 -0.2757292537007886 0.8105301531884466 120 123 124 2.07
1659 0.5598935005775352 -0.254716917362996 0.7883020888957918 128 132 133 3.39
1660 0.6443764347323965 -0.2294464294757723 0.554302526694528 85 96 106 5.25
1661 0.5265793459039767 -0.1657569377464509 0.7977047349453615 112 109 103 3.79
1662 0.6833340732905897 -0.1720163199720657 0.5580884986921041 82 84 77 4.78
1663 0.5613040346353129 -0.1247219744614383 0.7651164103516517 110 109 101 3.02
1664 0.5442182018292693 -0.112883373253918 0.7832230977077933 129 126 117 5.14
1665 0.5750431934479815 -0.1118459859005805 0.7786796963147986 98 101 98 3.63
1666 0.5290057539820716 -0.09232398226512439 0.7895144758974247 116 116 110 3.79
1667 0.5532550921700494 -0.079368089640483 0.7073265980950165 76 77 61 3.97
1668 0.5847955056342485 -0.09997492351081536 0.6867799742870342 99 101 97 4.32
1669 0.5577108859098259 0.007624724585128986 0.659002264495405 51 62 58 4.96
1670 0.5263541116598119 0.01993872897758481 0.749181486358715 45 52 45 5.72
1671 0.6075598764011684 -0.3278228230404746 0.7812005589553969 116 125 128 7.93
1672 0.5401826708247301 -0.3020869131169648 0.8009761679033255 107 108 106 4.24
1673 0.5629789393601757 -0.2757374364281271 0.8167299948803824 113 104 90 2.77
1674 0.5380786839797969 -0.2042653053436723 0.7788843398349534 97 99 97 4.32
1675 0.5430772944240274 -0.188204145560296 0.8060923766660387 78 75 62 3.07
1676 0.5417930059663295 -0.1034715930497457 0.7881215214479392 101 100 93 4.42
1677 0.536780325737796 -0.3011776991069169 0.8128439322474261 132 138 134 4.56
1678 0.547388643661326 -0.2448512799410589 0.7936232236992916 70 73 73 4.37
1679 0.5417022540789812 -0.2186689296336294 0.7959185013594318 139 141 139 4.75
1680 0.5381591316013501 -0.2184886490104525 0.7965976688738081 133 135 130 4.38
1681 0.5283020917687621 -0.2074931192164469 0.8077173812159351 174 170 162 3.09
1682 0.5411390898434273 -0.2044808067297068 0.7921391096050485 110 113 111 4.82
1683 0.6130849637812864 -0.1828836717146155 0.6733631088358361 87 84 75 4.4
1684 0.5555096814193797 -0.1091792266188871 0.763937217119028 118 118 114 4.84
1685 0.580750977602901 -0.05487989551630443 0.6849182710652701 75 73 61 5.14
1686 0.6071157890812395 -0.05778918138546535 0.7042383550666864 49 48 40 4.74
1687 0.4058510766320106 -0.03092276660320138 0.7750538113212531 78 87 86 3.95
1688 0.5987843430392267 -0.04321762098277597 0.7055674443734534 32 36 33 6.09
1689 0.5290258041092389 -0.1985240809218455 0.7985470774992319 135 137 133 4.26
1690 0.5750051819851152 -0.1824973373087492 0.7856345736670663 94 91 89 6.33
1691 0.5945891396533316 -0.1635071287008976 0.7086470805497489 78 77 69 4.63
1692 0.6015948305901229 -0.152409704007272 0.5419364940178537 29 30 27 5.11
1693 0.5777877675789179 -0.1432425585607118 0.7357027678950818 101 101 92 3.67
1694 0.5408149570411958 0.01845664019933053 0.7469752906933865 119 122 121 2.53
1695 0.5401690197633946 -0.1333364840302464 0.7893994103587334 96 95 86 4.04
1696 0.5825269664136808 -0.2472828030305502 0.7803523769654079 136 138 133 3.7
1697 0.6084964927159526 -0.1601380520024347 0.7076239170201049 50 52 48 5.39
1698 0.6252241240028081 -0.1624600767232053 0.7042770886391763 60 62 57 5.01
1699 0.517959592998583 -0.259730106426512 0.827666061104933 183 173 160 4.76
1700 0.9841634574836551 -0.425245845304212 0.6375003042970149 67 79 93 0.34
1701 0.9841634574836551 -0.425245845304212 0.6375003042970149 67 79 93 0.34
1702 0.6874726643754032 -0.3176589910067791 0.6806479102572813 62 73 80 5.52
1703 0.5458945165859531 -0.2557742454671608 0.7886738462793175 141 144 143 3.52
1704 0.7332559089283979 -0.289038413809276 0.7623500140607872 139 142 147 3.49
1705 0.3746842073810052 -0.1520519671155582 0.8003304965003497 106 106 103 2.32
1706 1.459478284716702 -0.4774401222451102 0.627393209189796 122 124 122 2.44
1707 0.5936905930012624 -0.191852644321544 0.6481624591076383 107 106 102 1.73
1708 0.9824158982256468 -0.255081182336563 0.6786454626423991 94 92 81 1.98
1709 0.7693287957887591 -0.2114365071189789 0.6180324426677524 110 110 105 5.56
1710 0.5976508448019349 -0.1716138271641852 0.656270589951804 118 117 115 4.4
1711 0.5677773983985981 -0.1604573493690994 0.7012746506361582 104 103 96 4.67
1712 0.5837896959461285 -0.139567412421545 0.7034145143839938 67 64 54 4.71
1713 1.536652141183526 -0.3157442055272939 0.5518632366511229 57 64 66 1.36
1714 0.5741651245171953 -0.1313084525089967 0.6947722361277953 89 83 73 3.21
1715 0.5737707538884413 -0.106598742436058 0.7506094130884651 56 63 66 3.43
1716 0.576057773476375 -0.1176889995969515 0.7159703726774906 88 88 82 4.33
1717 0.5005936231655371 -0.05258389550366482 0.7734448135825505 65 70 66 6.46
1718 0.5819531445354016 -0.07581567569622372 0.7339880188274073 115 113 102 4.83
1720 0.7591382402113769 -0.01150349935045686 0.6448952790579575 49 51 52 4.51
1721 0.5689790538100192 -0.01603431224269766 0.6253478541018787 99 101 98 2.92
1722 0.7180487676799208 -0.3862611875643507 0.1496046700209414 80 80 81 4.24
1723 0.5241783377855767 -0.35158366659467 0.8202951206356665 134 130 128 4.01
1724 0.5093928598465204 -0.3319775266651007 0.8057860290299577 119 119 123 6.13
1725 0.4801351343362891 -0.3094030860490522 0.8082797699956608 97 97 97 3.97
1726 0.5813740559388231 -0.3161140737050018 0.792517417044533 111 117 122 8.0
1727 0.563476265833355 -0.2789024334112679 0.8168146592977177 126 122 113 3.64
1728 0.8447020594225485 -0.3764654098845304 0.6719610633918958 69 75 83 3.24
1729 1.105548370931682 -0.4526884305458105 0.6142216476531607 58 64 69 4.29
1730 0.5254176293182466 -0.2055898916066031 0.8035214158858685 114 113 111 5.06
1731 1.169253338011736 -0.3952246210725713 0.6495115628230304 110 113 112 5.11
1732 0.518566718616814 -0.1946556841061778 0.7998389542305639 138 142 139 6.21
1733 0.570841996279577 -0.2044465020217154 0.7574385923421914 79 82 80 4.13
1734 0.5591367760850727 -0.1751836835208589 0.7641668747165207 81 81 74 4.54
1735 0.5501835940205109 -0.1525586201759917 0.7579299135670858 90 91 82 4.57
1736 0.5941049637493429 -0.1653341281282705 0.6815233961409359 94 94 88 5.14
1737 0.4898360487148967 -0.1206585104412472 0.703960931122918 50 54 55 5.14
1738 0.5251071739009833 -0.1326590396261667 0.7934115470940577 94 94 87 4.66
1739 0.5922651371174698 -0.1385273231643961 0.7559051247823585 120 110 98 3.37
1740 0.768038946440184 -0.1630982028777878 0.7167252170205092 88 91 88 5.48
1741 0.5602670932735355 -0.08180905416331072 0.7677768335910278 92 90 83 5.23
1742 0.5506987720754626 0.0009495010931072079 0.7430717325495504 52 60 54 3.0
1743 0.5817118991528363 -0.009061781930185503 0.6142405135047863 70 71 67 3.99
1744 0.5231800992491979 0.0154038476838891 0.7471624906652652 46 52 45 5.78
1745 0.6369251052964757 -0.2635564183381862 0.7196037225443712 38 46 51 4.65
1746 1.540381675735373 -0.5530515875435338 0.5265073995167205 40 46 44 1.93
1747 0.6327271766978801 -0.2623956269975548 0.6847356181145998 71 78 78 5.5
1748 0.6012052609250048 -0.245427071400079 0.7666894284404506 54 60 64 5.05
1749 0.8780600341920919 -0.323647702739304 0.7285473823637616 136 140 142 2.18
1750 0.7945500048600147 -0.295669778933801 0.7416863563302246 124 124 126 1.61
1751 0.5331070181882794 -0.2056623817548279 0.7763850612476006 127 131 130 4.62
1752 0.5270561740344163 -0.1984130915027127 0.7772693506782493 141 142 139 4.48
1753 0.5264330886574637 -0.1797242900342463 0.7778734750509748 92 92 85 4.5
1754 0.5354443245790319 -0.1225171872720024 0.7703264316616947 105 107 108 6.11
1755 0.5991957538961379 -0.1165410159432392 0.6729674120243139 107 109 104 5.46
1756 0.6489374784395576 -0.09162020145903851 0.7375252789625653 86 85 81 4.43
1757 0.6062337413677512 -0.0984850334572116 0.6302006275899643 85 84 75 3.79
1758 0.6715779884017368 -0.07292285267640669 0.7437203482000739 109 108 106 5.45
1759 0.624252702816252 -0.05419646890281787 0.6614437671783266 27 26 20 4.71
1760 0.4358518828640067 -0.01671884159618228 0.7684770326038243 12 13 16 6.28
1762 0.6017356244826926 -0.01434785530382043 0.6345240924415969 47 54 49 2.81
1763 0.6368845162650791 -0.02583800822859293 0.6382823144795694 128 125 117 3.34
1765 0.7955838414539296 -0.2439447947298641 0.729029205498136 90 88 86 4.5
1766 0.5822799269413743 -0.1692707268951632 0.7488725237724662 89 86 78 5.06
1767 0.5607843501323621 -0.08492054628369028 0.7527931340291236 83 82 76 5.2
1768 0.6727784911429397 -0.04357776268971578 0.7092705234686694 22 24 22 4.99
1769 0.5930607702027342 -0.0463033978551942 0.6969508001352909 34 38 36 4.52
1770 0.8757377735053438 -0.06607215798613356 0.6776340534516145 42 43 37 6.94
1771 0.5527437132257229 -0.2210999096261271 0.772315140350599 99 104 106 4.84
1772 0.5737945101905533 -0.1335804116371732 0.7351727255837426 103 101 90 4.29
1773 0.527210662657457 -0.08866482963219097 0.7678244502021822 136 136 127 5.04
1774 0.5851154379216085 -0.1745926666974592 0.6512822137746717 107 105 96 4.82
1775 0.6613873475337971 -0.3002363163580268 0.7547363444343456 45 57 63 5.08
1776 0.6611706630949745 -0.2686870434173134 0.6863165202055326 44 52 58 5.52
1777 0.6023787484861295 -0.250937873710981 0.6644306340553905 39 49 54 2.97
1778 0.5492658888801433 -0.1337932552834465 0.6853375444236549 37 41 40 4.33
1779 0.623487784684424 -0.1549911625060202 0.6833434702097083 112 110 94 3.58
1780 0.623487784684424 -0.1549911625060202 0.6833434702097083 112 110 94 3.58
1781 0.5864457328153826 -0.1377536154954485 0.6596504022938787 91 95 91 5.49
1782 0.6421734452645739 -0.06320452018654577 0.6511791469250838 50 49 41 5.0
1783 0.5739095087820012 -0.04969925389571674 0.7225173997313838 115 110 96 4.0
1784 0.6222321906849873 -0.2500177344175243 0.7288114554553242 47 56 60 6.51
1785 0.8547089546425128 -0.08127780439757262 0.6352775467130567 42 41 37 5.84
1786 0.6703790028182983 -0.8022763698126532 0.4609345177732224 94 94 94 4.98
1787 0.6817412685950963 -0.8498341449885929 0.37616224278496 127 134 137 5.21
1788 0.5562063240175206 -0.4393552542870018 0.8201740930970883 150 156 163 4.19
1789 0.705591508119169 -0.7005776727179382 0.3637311895206525 126 127 124 5.48
1790 0.5454436396181577 -0.4149740134733481 0.8164894868037885 129 135 144 5.44
1791 0.6738397951622019 -0.6596528930613237 0.3219968994408552 181 196 213 4.25
1792 0.6817117625943334 -0.6049398075770434 0.3702987564201787 81 84 82 5.31
1793 0.8009864612608821 -0.6923589618866581 0.2659940184636053 122 133 143 5.37
1794 0.6710484457297838 -0.5861215281900265 0.320277580246091 112 113 107 5.93
1795 0.5486057234416146 -0.3533276922765527 0.8143736680514186 120 118 118 3.11
1796 0.609928885018448 -0.5232186468153415 0.3699039483628649 180 188 200 6.11
1797 1.208694607613761 -0.5516442935233137 0.6802507799291178 93 99 106 3.19
1798 0.6513787566172335 -0.4415244632724118 0.3899974156533624 84 84 80 2.98
1799 0.731307151272985 -0.4782029542943351 0.2624063845224599 107 104 107 4.65
1800 0.5504187433586308 -0.2484198475683647 0.7872267119908798 134 134 134 3.77
1801 0.7827495195102898 -0.3176973754314788 0.6891600526712873 44 51 54 3.48
1802 0.6629611245473381 -0.3912310002893713 0.3281729318626809 124 119 107 4.63
1803 0.89781825015759 -0.3612832759044888 0.5889290369776674 59 70 80 2.01
1804 0.5542344300905071 -0.2062287489041676 0.7848952171021493 108 110 109 6.82
1805 0.6653434250591928 -0.2752666736679054 0.6210779380348134 42 50 59 5.8
1808 0.661093724835371 -0.3219916239701626 0.3156576650836826 94 93 89 6.36
1809 0.6645681617505232 -0.326688500557907 0.3210529621629339 101 98 88 4.94
1810 1.006619178311075 -0.4360792347442443 0.123253135904687 63 58 49 5.13
1811 0.5664333942346825 -0.1871050632675172 0.7611602848335397 89 91 86 3.83
1812 0.5917505575724109 -0.1823083637192512 0.7595781311089842 61 65 63 3.88
1813 0.9057527157511762 -0.3006545038449311 0.5459312366667781 40 43 47 2.66
1814 0.6922679588080691 -0.3147187911446235 0.3022003330909571 98 94 80 4.09
1815 0.6553963333936457 -0.2280141249225994 0.5969744024553409 45 48 51 4.64
1816 0.6098716356196886 -0.2175228532371367 0.6192040575969202 80 82 85 5.33
1817 0.6485952721083204 -0.2569923770615731 0.4836212396032562 66 72 76 4.0
1818 0.6035572686417056 -0.2218386295154547 0.5620289700352501 101 102 99 4.91
1819 0.6361580792307541 -0.2605149573984178 0.4160678708418428 116 116 110 4.18
1820 0.665784986465797 -0.2594583635914009 0.4165165412644853 92 95 90 5.12
1821 0.646009618785788 -0.2005861313383104 0.5831379095339608 58 60 57 6.84
1822 0.5156284125263856 -0.1283752715342276 0.7671244904186529 79 82 73 4.56
1823 1.270508864777118 -0.3197295927587188 0.613384454372507 94 88 80 2.45
1824 0.7027322001823142 -0.2301352758211211 0.5022091973788404 73 74 72 5.3
1825 0.8062985545951105 -0.2450658706827206 0.469966086114882 77 74 66 5.99
1826 0.8489926735854736 -0.289351919692161 0.3134039786211807 78 82 80 4.06
1827 0.7354879452121259 -0.3325642455656452 0.0515442571294743 94 91 83 3.92
1828 0.8713594960344142 -0.2278705573871395 0.6117211929387057 76 81 82 5.69
1829 0.6811294726044701 -0.2582617490663393 0.3086644128661941 75 75 70 4.04
1830 0.5745012785871548 -0.1511353329008291 0.6927160798613727 116 121 114 3.64
1831 0.8604269457825175 -0.3601821347123487 -0.07053728920304492 138 146 150 2.62
1832 0.5933669928666447 -0.160975113149696 0.6197229485496585 100 101 98 3.67
1833 0.5920324040283017 -0.1557012150196501 0.6188635892110634 101 103 98 3.92
1834 0.7527782861046073 -0.3048980332563805 0.006940676218090136 144 146 144 4.47
1835 0.5961271465353657 -0.1469250249215005 0.6581797263809008 113 114 109 3.19
1836 0.6418968286842811 -0.2653470531317608 0.08328072349621485 211 226 230 4.22
1837 0.5938143014567834 -0.1237070881186822 0.7126119683593699 59 61 59 4.27
1838 0.7304166495548399 -0.2249527596327323 0.1937721771518479 69 66 60 5.26
1839 0.6726944693815819 -0.1977636565271497 0.2958740696462449 102 101 96 3.83
1840 0.6753654188352409 -0.1972280112697811 0.3426169842059665 38 39 33 4.53
1841 0.6351389974076516 -0.117641284974201 0.6371843826603483 73 77 75 6.77
1842 0.667380832675996 -0.173608612488319 0.3419948943631671 70 68 60 3.83
1843 0.9792796533722978 -0.2696083758137219 0.04705896798885756 60 57 51 6.63
1845 0.5592034876368873 -0.09064100836278302 0.7558020855233114 84 84 80 4.6
1846 0.5101067109368425 -0.1289729999331968 0.3727346017056032 61 62 60 4.27
1847 0.5804530509931156 -0.08090839608767983 0.730513710475112 62 61 42 4.42
1848 0.6395312187935352 -0.1473174015569894 0.4782590917199621 85 85 77 5.11
1849 0.5963714017002868 -0.1311964887837588 0.5401598222688546 52 54 49 3.64
1850 0.6504085347989935 -0.1305872966875641 0.5020484676422178 82 86 83 6.25
1851 0.6251654029688657 -0.1303049975913079 0.5391097860064071 71 70 65 4.46
1852 0.5444381096680811 -0.07544947792223114 0.7730154004166629 85 87 86 5.16
1853 0.6693607035737583 -0.1572801028838549 0.3390374192059077 67 69 61 6.15
1854 0.7703152633368862 -0.2336573438967017 0.0543398543509499 80 78 72 4.84
1855 0.5643812770371935 -0.07913239766563029 0.7359086578590119 63 62 55 6.29
1856 0.6720839202541151 -0.1774379475504563 0.2701572356078598 96 94 82 4.37
1857 0.655933448949327 -0.153986266795383 0.3324646015784845 67 68 67 3.25
1858 0.6304803246957207 -0.08456917828764646 0.6864309635168379 74 69 58 6.28
1859 0.5978358440118366 -0.1027196858082369 0.6122104171850374 117 112 107 3.68
1860 0.6363353359708114 -0.13391113697478 0.4702345747600118 80 81 80 4.84
1861 1.544338972827666 -0.3668483260975396 -0.3238952750115824 107 108 106 4.96
1862 0.5701450867691211 -0.0768817704025421 0.7489086963139144 94 93 81 5.04
1863 0.6767670670289936 -0.1229560621059765 0.4893829730785417 62 63 64 4.61
1864 0.8003370746535834 -0.2088149562397659 0.01626501069183006 45 44 37 5.27
1865 0.6885049597945236 -0.1750694275634468 0.2435589183888035 83 81 74 3.88
1866 0.6843185860377605 -0.1427800416773626 0.3382815776481504 72 72 71 3.87
1867 0.6726359983174761 -0.1530357950289521 0.3004213672337571 72 74 72 4.25
1868 0.6599312377042934 -0.1138821277578407 0.4730587085779848 86 84 74 4.63
1869 0.6533402437516935 -0.1325686877051049 0.3496371127423756 86 84 77 5.12
1870 0.6542342659206715 -0.1092200213724526 0.5015691302456552 88 89 90 6.41
1871 0.6087198772776282 -0.09645178700201806 0.5233924476449983 123 125 121 3.74
1872 0.7351184672419591 -0.0749893995820865 0.6680204020600009 58 59 57 3.8
1873 0.6497936310403029 -0.08189932376630008 0.4610077785161109 61 60 60 4.57
1874 0.5798545915715924 -0.05533774991055082 0.649309570412854 86 83 73 4.05
1875 1.331910297584981 -0.1235077613636239 0.4589397153312008 37 38 38 4.81
1876 0.685542409130891 -0.09311728709161218 0.4126118939490788 71 68 59 4.74
1877 0.6742558145677156 -0.0728391157047322 0.4832398498773461 63 60 48 3.15
1878 0.8642106702977228 -0.05494548783779604 0.6390299925763352 20 21 17 6.7
1879 0.6734955893933456 -0.05823017173445041 0.4796991580699983 20 23 19 5.78
1880 0.6573975232744325 -0.06355229367874077 0.4299891193795492 82 82 73 5.51
1881 0.6731804057582167 -0.06776822778159194 0.303077599053062 57 57 53 5.88
1882 0.6540400894136956 -0.02242982608030805 0.4938437590357774 51 55 46 4.95
1883 0.7591382402113769 -0.01150349935045686 0.6448952790579575 49 51 52 4.51
1884 0.5424991448054629 -0.01001376329981471 0.6697906852670852 77 78 73 4.07
1885 0.5705340158956198 -0.001409066922725161 0.6621710494717781 60 63 70 4.73
1886 0.5564296710344528 0.003322758249202556 0.6444775973206593 63 72 72 5.75
1887 0.5529864074233964 0.01182301170280791 0.6831508962410797 81 91 86 7.07
1888 1.004594547375642 -0.02803966281964262 0.4950914687511028 64 68 70 5.33
1889 0.5930504838647324 -0.006799762515237381 0.5455519902258767 57 60 60 6.6
1890 0.6224929041785523 -0.001390362845807111 0.4700740223610287 30 38 32 4.39
1891 0.6303345813931782 -0.03101524721936283 0.4309549272634192 78 78 71 3.92
1892 0.6797919026083203 -0.01948358835688095 0.233529237360248 35 39 45 5.63
1893 0.667241962317187 -0.02886361241327079 0.2421714976286957 63 64 66 4.97
1894 0.6660073692985506 -0.04251333777549736 0.2922955608756778 60 58 52 5.66
1896 0.6375276079082632 -0.01473440115057502 0.3805072695018743 70 72 71 4.74
1898 0.6922363965387031 -0.01649979211327499 0.2150539096468919 66 66 64 3.83
1899 0.6325423256727941 0.005041101141242593 0.4108436529000762 61 60 59 2.8
1900 0.7338292218461855 -0.9085824240964466 0.3624729745038869 101 103 101 4.72
1901 0.5554521604230339 -0.4334037599824381 0.8228612757282524 175 186 194 4.22
1902 1.036703292635161 -0.9355154695849319 0.1971694432358932 97 94 85 3.32
1903 0.6510795331146755 -0.6260075736177058 0.3911861437167278 96 97 94 4.14
1904 1.075402753064184 -0.6544355344473911 0.7347903498222479 210 219 225 2.06
1905 0.6531839748735132 -0.6145593318611402 0.3890332379207629 100 101 97 4.33
1906 0.5356916430201405 -0.3788870613277116 0.8296404561903693 176 186 187 2.43
1907 0.5660596406831587 -0.398918233854139 0.8037433734773236 187 194 205 3.39
1908 0.5471996059693596 -0.3783905927037163 0.832454721971531 148 162 178 1.31
1909 1.08470160941635 -0.8628630293534847 0.06046498366611885 127 132 138 3.27
1910 1.305808671195444 -0.6226624573693706 0.7437235809856506 101 104 102 2.61
1911 0.5601899296258586 -0.293440701158036 0.7857549605544639 78 77 74 5.72
1912 0.5193274749905604 -0.2664903918466435 0.8175969061332067 81 77 68 5.37
1913 0.6474340810396068 -0.4653733796030842 0.3383002139735979 191 200 205 4.56
1914 0.5619396078968734 -0.2139627503766277 0.7827074432135117 68 73 77 4.92
1915 0.6290760083409764 -0.2871375844926226 0.4200928356531463 130 135 124 2.31
1916 0.5878933578706824 -0.1998484933740338 0.7386453037672878 41 44 38 4.94
1917 0.6370673864661788 -0.2228488615966006 0.6826529457157411 84 87 83 4.5
1918 0.577480696081038 -0.2111033992974168 0.6474591204719682 120 120 118 3.88
1919 0.6101084129323476 -0.1320515177124594 0.6290827609182206 78 77 68 5.94
1920 1.224239482777553 -0.2432454442022951 0.6342532850304317 44 50 50 3.46
1921 0.75613008809933 -0.1760365394991792 0.5637460609730541 22 22 15 4.5
1922 0.6021199652600349 -0.1642419420224719 0.5195702920432832 74 76 73 4.15
1923 0.5841373007240822 -0.125652663468272 0.6922020675981614 94 95 88 4.11
1924 0.7134830698772949 -0.2014661408259324 0.2344563938902654 36 35 30 5.25
1925 0.6209264616072062 -0.1198135688267441 0.5354565974686649 79 79 77 4.42
1926 0.6692788080524037 -0.1532272104598285 0.4017931115028459 77 78 74 5.04
1927 0.7051277151660931 -0.1430936188846213 0.4192455519232798 93 93 81 6.4
1928 0.6303130609773759 -0.09688941336262347 0.5802742018460548 85 87 88 6.95
1929 0.7652928424464525 -0.2056020147130025 -0.01037069792570966 117 115 104 1.9
1930 0.6162454916321498 -0.09832598575416712 0.5472274673233943 112 109 97 4.95
1931 0.6538747694040384 -0.1326798676602836 0.3560921467169503 82 82 76 5.34
1932 0.6764548791327307 -0.1156852795875593 0.3034281505167091 78 74 66 4.39
1933 0.7370283706160499 -0.1278755049223869 0.2118749516235349 62 60 54 5.55
1934 0.624453901828928 -0.04486809922574388 0.6599086113690062 24 26 20 5.84
1935 0.6441794744457603 -0.08815578862144413 0.2744490953623615 19 18 13 3.63
1936 0.688071741018087 -0.07882625646483554 0.2571865000762162 87 86 77 4.83
1937 0.7198913202766719 -0.0664878300540204 0.2986432544875062 58 58 51 6.29
1938 0.6520567834929355 -0.02930028664277681 0.3970067860137657 54 59 53 6.77
1939 0.7571293113741242 -0.006112503035270486 0.6449672759374044 41 43 40 4.53
1940 0.6653011933360067 -0.02605616317293462 0.331321364202207 45 44 38 4.25
1941 0.7586206278644976 -0.9524445993476769 0.351313812460828 124 129 131 4.37
1942 0.646132465219774 -0.7744629235636376 0.4138265668819967 121 121 116 4.78
1943 0.6774422134427704 -0.7726219304806703 0.423029601188204 36 41 43 4.28
1944 1.192438331947157 -0.2954501425968862 -0.0825904840458811 37 36 28 6.23
1945 0.708979275016802 -0.1445060467219388 0.2286906961874502 90 86 77 3.47
1946 0.5938321276485772 -0.03889634058359978 0.6689281085379983 33 32 25 5.31
1947 1.445818437945154 -0.06714150255317688 0.5422602255161929 44 47 48 2.37
1948 0.6122862947674876 -0.009729464606663019 0.6310066506684053 56 58 58 4.24
1949 0.5275002705868364 0.002982562506239628 0.7489341040259787 78 78 76 4.03
1950 0.6777262365182648 -0.01627028436113286 0.3469511815662499 63 64 63 5.54
1951 0.6953088691657587 -0.02264441176601216 0.2774903007764488 77 77 71 4.28
1952 0.619508727773931 0.03265007443179866 0.5164737992436094 59 60 53 4.71
1953 0.5738431861090777 0.05817228070378717 0.5345087039338107 86 84 83 7.73
1954 0.5543240904893525 -0.4295642979827519 0.8197439805241036 105 115 127 3.8
1955 0.5552297378712233 -0.4305492740839096 0.8200142885122732 102 113 127 3.66
1956 0.6822615509881349 -0.5948031058358896 0.3380867936421671 116 120 125 3.91
1957 0.7727865716373354 -0.5234881576001893 0.4694625500372154 125 124 120 3.33
1958 0.6784847334282522 -0.4458179316718309 0.3064569104388718 83 80 71 5.38
1959 0.6210787789189711 -0.2450624599772816 0.6288838724460089 26 34 36 4.08
1960 0.8240680850950477 -0.3291447354246943 -0.0004611620748060652 38 45 45 3.29
1961 0.5779850467573653 -0.1198256063238404 0.709583023470816 26 29 25 5.68
1962 0.6430483452740744 -0.1415821527256399 0.3960186837622002 82 85 81 6.77
1963 0.6363983754847036 -0.09817509459076648 0.3203602624529726 63 60 53 5.13
1964 0.6035550941792041 -0.016395448999455 0.6656818178246776 39 43 39 4.85
1965 0.7756812427899973 -0.09520058044043064 0.05826169186002172 81 82 75 6.53
1966 0.715713900047954 -0.5884582196991504 0.3032962455960909 89 94 95 5.41
1967 0.5558666819932396 -0.09611702794696445 0.7549635563045868 57 60 56 5.64
1968 0.6420984837123279 -0.1209465021684772 0.756264335968192 79 78 73 3.91
1969 1.014663457439278 -0.2891363481926745 0.05663970627362014 76 73 60 4.35
1970 0.680188544896388 -0.1680696508983046 0.3025384046683622 44 44 39 5.18
1971 0.6065529302663974 0.02794692734071285 0.520058599704159 62 62 57 4.54
1972 0.7280490706591367 -0.8229085118799917 0.3586890414401006 92 92 88 4.63
1973 0.7108985963916341 -0.1921777902655599 0.3255844416915646 54 54 47 5.87
1974 0.6466022714484436 -0.6497998367488622 0.3622010950347401 206 224 242 3.98
1975 0.606060140374006 -0.03701683685464605 0.6120706344962357 81 81 77 6.44
1976 0.7250582719782686 -0.04292193977211789 0.104137259965695 81 82 83 5.08
1977 0.7369654779935411 -0.348087650894489 0.2505292815595914 100 97 98 6.64
1978 0.7073570330349399 -0.979323966621829 0.4283461239538362 96 96 90 4.23
1979 0.7155449507513383 -0.9127104197537763 0.4602119264171906 99 101 98 4.93
1980 0.6564332792009778 -0.8143123155948091 0.452831663589261 94 95 92 4.94
1981 0.7796762609049905 -0.909177560356828 0.3477732180412734 72 67 59 4.59
1982 0.6196179883941338 -0.7007327404567172 0.4346081852832313 110 107 101 5.47
1983 0.8026531547661919 -0.8320710849357165 0.3708756927262665 103 100 89 4.05
1984 0.7932400344756076 -0.824528196587208 0.3762509851618584 112 109 100 5.03
1985 0.7831273701359391 -0.7886722010082319 0.4214240233061246 102 102 94 4.14
1986 0.8346372102645061 -0.7870428545796557 0.369780804301725 69 70 67 1.21
1987 1.261829296948781 -0.7815980409650582 0.7217405802903589 116 126 132 1.66
1988 0.374513423360412 -0.2932153158331219 0.8461622040017462 124 131 128 5.85
1989 0.6704674714241787 -0.5932152901246563 0.4541553469747575 83 82 75 5.23
1990 0.7423107187852238 -0.6400628496316252 0.3512087597683252 78 78 72 5.2
1991 0.7073983483510944 -0.6111946333238671 0.3831005751265257 70 73 74 5.11
1992 0.7005753192235902 -0.6020796556200019 0.372028940702041 80 80 74 3.72
1993 1.526398940471525 -0.7777501340706958 0.7075949964364261 121 124 125 1.32
1994 0.8248254317005679 -0.5579481045472849 0.3463191247803125 74 71 59 5.56
1996 0.7083586493444121 -0.4961918843235325 0.4105247679986257 86 84 80 2.82
1997 0.6949339165264508 -0.4610816009640966 0.4459802224460794 113 112 107 4.08
1998 0.6062436779666591 -0.4112924725247229 0.4581188047463433 91 89 82 3.58
1999 0.6469138397303247 -0.4307762085574424 0.4035129799622158 81 80 70 2.09
2001 0.9576003512220974 -0.5220875664742657 0.2625841049031435 147 141 124 4.14
2002 0.8590259346203963 -0.4709438579103769 0.335197467667829 141 140 131 4.26
2003 0.6501232403203887 -0.3902514362758703 0.4198972068159735 159 160 157 5.23
2004 0.6091780384613853 -0.2470159847028895 0.7691585808620539 107 111 115 3.9
2005 0.5403854834619407 -0.2119099798335767 0.8068818335668232 137 137 132 2.35
2006 0.677209219138218 -0.3641803480177667 0.4290565353462126 150 149 136 4.46
2007 0.6481255667976153 -0.3456546938295221 0.4101467774664665 144 144 137 5.02
2008 0.5416433905614598 -0.2143470498032335 0.759237045648083 86 94 101 3.55
2009 0.3182647602378426 -0.1280041108707351 0.7953901649167133 64 67 66 1.42
2010 0.4926195313658279 -0.1866769741097705 0.7565904324072141 76 84 94 6.54
2011 0.6365993372937354 -0.3329955567436223 0.4231223162253306 111 113 110 5.19
2012 1.312596349459314 -0.4312705777911084 0.6121941024010285 85 92 96 4.7
2013 0.5750655006270031 -0.2140235306441578 0.7275628379297033 90 94 102 6.19
2014 0.6437369225608645 -0.3377566954692994 0.3673269015604961 109 105 93 4.77
2015 0.5351346154449551 -0.19578981695794 0.6967466064694654 48 52 45 4.4
2016 1.359189749371095 -0.4628008752064807 0.4876947988732087 57 64 73 4.58
2017 0.5415864605734927 -0.1831843983833183 0.7993227308276702 111 111 104 4.71
2018 0.6174094111572351 -0.2313745416640667 0.6746727214246028 54 60 66 3.9
2019 0.6657614424739235 -0.3379844150084311 0.3268122349049501 89 88 88 3.97
2020 0.9573955275278137 -0.368804453762796 0.4642706851535722 46 53 65 3.73
2021 1.357619472180744 -0.4565059127096998 0.4758324507836419 52 61 69 4.55
2022 1.139206079781397 -0.3786846301234189 0.5850539784039417 110 119 126 2.29
2023 0.5806240567278586 -0.229302130906973 0.6625521942566224 64 75 81 4.03
2024 0.6253878976492342 -0.2337781227470029 0.6534110173128702 70 75 84 3.8
2025 0.5778500292660903 -0.20192370577795 0.7091145997025363 48 54 51 6.19
2026 0.6192813604495788 -0.2198037047284759 0.7000320864573328 50 57 62 5.04
2027 0.5651783676564388 -0.1900823240955008 0.7630716168775455 54 55 52 3.76
2028 0.5826430306595678 -0.2052059046802494 0.7059616510416548 93 94 90 4.06
2029 0.5707192767530547 -0.2062634966133957 0.663305709538302 88 92 93 4.45
2030 0.6500586850984502 -0.2457318234580795 0.5993355029209597 60 65 68 4.13
2031 0.6712145969949592 -0.2467437336452982 0.5920490535191585 53 57 56 5.63
2032 0.5252532393483311 -0.1790726989445324 0.6926010923374786 66 70 72 4.09
2033 0.6287517860942843 -0.2205379111564031 0.6612036050365511 72 80 84 4.09
2034 0.7748623002670021 -0.3069559596980367 0.4749569582290992 30 36 42 5.92
2035 0.6537727752067585 -0.2400756093110821 0.5856259801533716 48 50 49 5.42
2036 0.5732015801167026 -0.197837928336207 0.6693369506328009 57 62 62 5.43
2037 0.5713213503143855 -0.1972759859062634 0.6703952857475988 60 61 60 5.33
2038 0.5903124654481797 -0.1951458685060193 0.7314292764195467 121 121 116 4.03
2039 1.15617721139746 -0.3851927792883266 0.4507751032909331 106 113 113 3.45
2040 1.184757217885477 -0.4131158620204873 0.3699686000372193 59 70 77 4.35
2041 0.5975140269221807 -0.2176176487144932 0.6383507430741282 56 56 54 4.74
2042 0.5852568792485398 -0.1929232571776842 0.7036449775373659 94 96 90 1.87
2043 0.7010220870793917 -0.1973432444918001 0.7631881023417478 99 99 98 4.96
2045 0.6414685750118139 -0.2275029808168197 0.5708780376377384 57 63 66 4.05
2046 0.5664750052731984 -0.1696623003092456 0.7307733779927292 98 98 91 5.34
2047 0.7148697238258654 -0.2461633656944829 0.5312440951351399 68 70 62 6.59
2048 0.6080659427212198 -0.2418949952488091 0.5168177100405367 75 79 84 3.15
2049 0.5935488058080574 -0.2193037825363023 0.5816183617791013 71 73 70 3.35
2050 0.6367613848342498 -0.2185622680261884 0.5611420989854341 60 64 62 5.27
2051 0.6105045837698718 -0.1880181396636861 0.6575779130945918 102 104 102 4.46
2052 0.6250746605764779 -0.1929849562259519 0.6530154528238432 91 95 93 4.45
2053 0.6554816729169425 -0.269953017431516 0.3903175727676826 104 100 90 5.75
2054 0.7320740273522282 -0.1937252701658021 0.6432689383279395 77 77 70 6.57
2055 0.5273396440585294 -0.1234555570356751 0.7636435773296478 62 65 64 4.84
2056 0.6457992483259275 -0.2505381381788496 0.360830750844531 105 103 94 4.73
2057 1.257327793142415 -0.4380702226832402 -0.1183377737748466 39 43 42 2.39
2058 0.6350240296415356 -0.1421387066065155 0.7142367480721104 91 90 83 4.1
2059 0.6777845325785494 -0.2024918291100965 0.4873704057911881 77 73 63 4.21
2060 0.6521573388236107 -0.1785642697074694 0.5456436883581698 81 82 78 4.64
2061 0.6145080232569534 -0.1752397629578748 0.557893425116288 98 99 93 4.94
2062 0.5689062946197524 -0.1555986930177927 0.5782031031754964 74 74 69 5.06
2063 0.5290062742606095 -0.1012760846003027 0.7853948255858095 97 97 88 3.9
2064 0.6033178435120016 -0.1523225649236541 0.572138151908945 67 64 56 4.96
2065 0.512800662159055 -0.09773069295816506 0.791032293437562 110 107 100 2.88
2066 0.6259688026473206 -0.1475184461277188 0.6354899122706871 89 94 91 4.41
2067 0.6855507280061819 -0.2251727925948497 0.2908994972448904 113 111 101 5.3
2068 0.5443562225838811 -0.09999373827894864 0.7673084872063034 77 78 75 4.5
2069 0.6532988234318603 -0.1114561595486938 0.7444111490209642 116 117 112 5.1
2070 0.6885959556483428 -0.2346616690070957 0.2358115423750317 76 76 67 4.88
2071 0.5362641378699365 -0.09315853312459929 0.7703299979086915 88 86 71 3.8
2072 0.5359654822158367 -0.09165495293272885 0.7790262718491878 71 70 60 3.65
2073 0.6411878889550279 -0.1976760200062144 0.3704464639127342 115 111 97 4.17
2074 0.7312540110216152 -0.2330307598139428 0.1888133008496695 80 79 76 4.58
2075 0.6464219286384769 -0.1715014670062427 0.4531428841021542 107 104 91 3.88
2076 0.5887158610415076 -0.09667661553797513 0.7386358193032223 77 77 71 4.61
2077 0.5602776227103995 -0.08694629903276185 0.7538369480459497 53 54 52 3.91
2078 0.5615818404014289 -0.09114805097576709 0.746146833017207 81 82 81 1.99
2079 0.7228064815997535 -0.2505675862888128 0.1442189242563304 105 105 98 3.22
2080 0.7575301885812402 -0.2564612810255261 0.0919894467924931 95 96 92 4.8
2081 0.6536839442773377 -0.1870813741108287 0.2823671803973902 106 106 95 5.41
2082 0.6922211996054413 -0.1437221956151259 0.5060945654646994 67 68 67 5.7
2083 0.6931201295093443 -0.1447807494968296 0.5055124424833581 61 62 59 4.55
2084 0.6217357624859582 -0.1265420555572659 0.5844696835580756 91 92 84 3.93
2085 0.6506337252889342 -0.1449852673367772 0.4332909123528677 57 62 59 5.2
2086 0.753718697507991 -0.2207712583288675 0.1889863207807724 55 56 52 4.43
2087 0.7975442329843052 -0.22281423464944 0.158459815437878 44 44 38 3.37
2088 0.5945940635772776 -0.07767583057437111 0.6777540361379302 75 75 59 4.01
2089 0.7916072059557557 -0.2350596369732808 0.104072357777538 52 51 40 4.85
2090 0.5997334274265244 -0.08868774086737388 0.7059325618790218 79 80 80 5.17
2091 0.687682995429469 -0.1363854790295466 0.4420386320356714 72 73 68 4.1
2092 0.7138370542805614 -0.1730352564092094 0.2230946912171137 52 54 53 4.87
2093 0.6059795596906117 -0.09015056102167782 0.6447738432047296 68 73 63 6.35
2094 0.6167069069734621 -0.1075888701666755 0.6045586080213919 116 113 106 4.36
2095 0.6660111560963231 -0.1515992047023079 0.3399970515889372 74 75 68 6.38
2096 0.7594548215684704 -0.2427968768862064 -0.003091797289744846 110 110 100 4.6
2097 0.674117317218409 -0.1748036165788154 0.2880501760701781 90 89 79 4.81
2098 0.6494968440597914 -0.1163915821430111 0.4810316597370414 71 79 71 5.54
2099 0.5725704240631977 -0.07141023890789927 0.728923185769474 115 110 96 4.51
2100 0.5834775565524356 -0.09026712760393654 0.6314716022465201 89 87 74 4.15
2101 0.6648372876559552 -0.1610291836927302 0.2916576138858411 88 88 78 4.22
2102 0.7758770440238076 -0.218855495758683 0.01352220417314864 57 57 54 5.23
2103 0.6333522042506325 -0.1010372308040126 0.4940459236866934 72 76 73 4.24
2104 0.6520403048210166 -0.1253539851551197 0.3540770130617531 77 75 63 5.72
2105 0.5678602654441834 -0.06866787156148643 0.6701111037981689 116 108 88 2.36
2106 0.6376096074435058 -0.08986002372281429 0.5363332640523698 106 106 96 4.16
2107 0.7639195067787585 -0.1766793278426648 0.1307843138776309 77 77 72 5.29
2108 0.6473445211847442 -0.08916602096035733 0.460561798440368 67 68 64 5.58
2109 0.6556570177262798 -0.1360617474640697 0.3227474391946057 89 89 81 5.21
2110 0.6559622910387752 -0.1132144354890602 0.4355602757797291 102 103 95 5.92
2111 0.6709553443507135 -0.1070406996103228 0.4317841016456736 96 94 85 1.66
2112 0.7265346567932383 -0.1550784130034545 0.2092604298489295 85 83 76 5.16
2113 0.7459749897562031 -0.1497423811021872 0.1430089101184211 49 50 45 4.36
2114 0.7281992756984381 -0.1485003392086596 0.2094773879459432 77 75 66 4.27
2115 0.738284974724809 -0.1534144181466137 0.20150011057513 75 72 61 4.36
2116 0.6556078021266533 -0.1193441526414979 0.3379302392714223 92 86 68 4.8
2117 0.6107010912204517 -0.09369508028445944 0.4753467274868672 101 95 80 3.33
2118 0.7528576123101951 -0.1495332233965821 0.09592839395764652 84 82 69 3.97
2119 0.6727585925884993 -0.1222054847257471 0.3032981942834377 95 92 79 3.58
2120 0.8935845304302781 -0.1821892709560995 -0.1115417099937406 75 72 64 4.99
2121 0.6282685959712552 -0.07221076032796811 0.4912928691199867 67 67 60 5.15
2122 0.7632007355357091 -0.1348024169311364 0.1068928403190709 66 64 56 5.2
2123 0.7090444177626849 -0.1444234780004589 0.08935214276570858 96 97 87 5.05
2124 0.8311956758829491 -0.1551155047468473 0.02581192352472295 69 68 59 1.88
2125 0.734759165497971 -0.1025040683043478 0.1942393460806311 60 59 52 3.93
2127 0.6441952805526187 -0.04611746289589994 0.5259494586454084 96 94 87 5.04
2128 0.5819419161953485 -0.01857307772630376 0.6788041201835928 98 100 90 5.3
2129 0.6503248414143572 -0.07490742739232198 0.3574698392637664 83 80 71 5.43
2130 0.6423112531070461 -0.05423520858495748 0.4438411382027062 95 98 93 5.3
2131 0.6198997808242931 -0.03991804954385438 0.5360524867273 82 86 82 5.06
2132 0.7819467056916747 -0.1274433932515928 -0.05178513218384007 78 78 73 5.99
2133 0.5922850409223227 -0.0005150548675497135 0.6791627791092143 83 86 78 4.58
2134 0.5355634238402612 0.008995014001974055 0.7185308661515262 52 54 51 5.34
2135 0.8436177473936559 -0.05370627002159462 0.3921592330196414 35 37 36 6.25
2136 0.6328634857565428 -0.01133849405449402 0.4546555656286313 61 60 54 4.26
2137 0.7600368854953747 -0.07918678000321858 0.1220482057977497 68 69 65 6.01
2138 0.5651191220375376 0.003544382446893035 0.6613523141634142 46 56 49 6.98
2139 0.5386322955799459 0.01465407489090514 0.706881685300274 50 55 53 5.81
2140 0.5780679402189007 0.003480279041758225 0.612325342182704 61 72 69 6.17
2141 0.561403526546327 0.01463519427337911 0.6418748042123918 67 76 70 4.52
2142 0.6599584983254022 -0.05664546299199411 0.3236609798763325 65 62 56 4.63
2143 0.5764680560335776 -0.007905780607131763 0.6059881566324049 78 78 72 4.68
2144 0.7513259876126286 -0.04914776648554565 0.204568677507948 60 64 65 3.6
2145 0.5292490637070517 0.02950311436113898 0.7349561966733558 49 54 51 5.96
2146 0.6555892685810216 -0.0297087088573518 0.3656383274925232 77 76 71 4.38
2147 0.637796362873836 0.001571122845619666 0.4108376946195885 56 70 75 6.0
2148 0.7134677977706301 -0.02182820360037049 0.1480750696267541 82 83 76 3.69
2149 0.7475664116430285 -1.071022186087428 0.4379113550734685 64 62 57 4.86
2150 0.6652020829481864 -0.90941373963748 0.427098945024167 111 111 107 4.9
2151 0.7115078873714553 -0.8610271335100832 0.4180365256070372 83 84 78 4.67
2152 0.8852794149133927 -1.028583512364992 0.2925239825186705 96 93 88 3.4
2153 0.7818100888624906 -0.8524736077750978 0.3857541007532604 89 87 76 5.16
2154 0.7602766605567322 -0.8016437556994285 0.3901937969108115 116 117 111 4.02
2155 0.6417614014728077 -0.4192575215076781 0.8153950357125855 114 124 130 5.04
2156 0.5321695427770904 -0.3649799634363385 0.8148503076785119 113 118 121 3.79
2157 1.314984331416243 -0.603303121213314 0.7298472848039639 113 110 99 2.31
2158 0.6317856123809542 -0.3031496342148686 0.8084500983108429 62 56 44 4.92
2159 0.5925537400837101 -0.2788877685984726 0.8144180121625576 130 123 110 2.75
2160 1.340019527298934 -0.6533538582126559 0.1029081677695511 120 121 109 4.93
2161 0.6690102097902171 -0.3829394455042553 0.359518737980195 132 125 112 4.91
2162 0.5323067901623273 -0.2097037400037635 0.7806407551820747 99 102 100 4.45
2163 0.5835007683646509 -0.2209948950794589 0.7423583970477292 60 64 67 3.03
2164 0.8005661112445481 -0.2888693485327803 0.6996148218313365 48 54 62 1.64
2165 1.31373796620812 -0.4263952298706405 0.6062330720107971 42 48 53 4.14
2166 0.5652576176128463 -0.2181062183481459 0.7206742245251883 58 64 76 6.06
2167 0.5430384472554622 -0.2100571080879272 0.7246100206539475 58 64 70 6.52
2168 0.5048004198452632 -0.1881349248175923 0.7557919522813521 54 60 62 6.13
2169 0.5676567696370307 -0.1999003395105395 0.7299898834689313 56 60 59 4.4
2170 0.6614544313485342 -0.3401591066191071 0.370941500186843 116 114 105 5.74
2171 0.6099115017188427 -0.2139308330648749 0.7086267816143776 54 60 59 5.41
2172 0.9470097381793887 -0.3555074473362214 0.4736715751731169 53 58 58 3.85
2173 0.6012570705663474 -0.2096744765164529 0.7383585527226808 77 80 80 4.93
2174 0.5935066811253649 -0.2015183859832934 0.7183021506783749 65 69 70 4.3
2175 0.5690398936149533 -0.1927094780426467 0.7146257221733769 83 84 77 3.42
2176 0.6226269416405965 -0.2251608010182183 0.6156561003753336 44 47 45 4.27
2177 0.6783306050108331 -0.2850962996087416 0.4858214052360168 53 63 66 3.65
2178 0.6696988948961329 -0.2938481137777797 0.3976981750483729 153 150 139 3.98
2179 0.635708677951255 -0.2254292252700622 0.5997007490186699 121 125 121 3.64
2180 0.5887298562559021 -0.2004815464306242 0.6556852818944672 93 94 86 4.73
2181 0.5771249296077402 -0.1967777680400452 0.6150169945069718 70 72 68 3.53
2182 0.5724309415113251 -0.1950093142561412 0.6253825707256337 96 96 92 3.9
2183 0.5772717979037604 -0.195285541368579 0.6198088163134148 82 81 77 5.31
2184 0.6161393385923156 -0.2084295642621032 0.6070373763401657 86 94 99 3.78
2185 0.5722970089652115 -0.1828646811854319 0.6419578367819778 115 115 110 4.72
2186 0.6527794206122697 -0.2095261228826985 0.5624325278051614 67 64 54 4.79
2187 0.7741109721693908 -0.2799971407425897 0.3584496850424105 86 88 82 2.98
2188 0.651137984120201 -0.2441887701246444 0.3688027925826646 46 44 42 6.36
2189 0.5991438719672025 -0.1988931345744598 0.5650953122390366 120 118 109 3.82
2190 0.6668377489216621 -0.2485569851648329 0.3628625722939552 65 68 63 3.8
2191 0.7225991910519505 -0.2571122676286445 0.3189350346744643 71 70 64 4.79
2192 0.6477342001567082 -0.2053116628165191 0.4884770413801036 80 79 71 5.38
2193 0.6384054103633067 -0.2321190217477996 0.4139696402102713 106 106 100 4.73
2194 0.5431517059206851 -0.1108161769448427 0.771270819191007 88 94 88 6.05
2195 0.6529088264209071 -0.1641327494368656 0.4923678575163301 31 34 31 4.84
2196 0.634519163268508 -0.1276762682544569 0.6622803022301691 56 59 52 3.17
2197 0.5753912735756037 -0.1310679446627396 0.6628793681328951 94 92 81 4.31
2198 0.8981413641855944 -0.2737818545025546 0.1193971773022194 71 69 60 4.07
2199 0.8150968212657426 -0.2666694195084328 0.05055290669096668 74 76 72 4.84
2200 0.7611303892323764 -0.268575701330997 0.07601781062858759 109 111 109 5.52
2201 0.6566212765678886 -0.157954892404496 0.4707840339099372 107 104 94 5.03
2202 0.6032092955922915 -0.1277444325706878 0.5767876362250339 86 88 84 4.67
2203 0.5450590808736127 -0.07651187115348584 0.77418725404429 103 105 96 2.51
2204 0.5826283950041301 -0.07157670369597352 0.7414256628559942 90 88 72 6.45
2205 0.567115896360549 -0.1659188364318181 0.2528132921709498 96 97 86 3.16
2206 0.5833310894885995 -0.07903811536742156 0.6969802887733616 90 89 74 2.35
2207 0.6688749925611324 -0.1456690764421433 0.4059345374899385 102 101 94 4.92
2208 0.6283751895063576 -0.1138755697619907 0.5268828375871971 84 85 80 4.37
2209 0.6276263207641251 -0.1087010247232786 0.5531721785743517 94 93 79 5.93
2210 0.8770956431619694 -0.2575552947871739 -0.1844190696544952 67 66 59 4.64
2211 0.696077303391136 -0.08959123125530041 0.5755630361611938 77 74 66 3.11
2212 0.6738659940848759 -0.1397384020871091 0.2935878847745886 89 88 82 4.85
2213 0.6494160722945235 -0.1186605643608123 0.3625088623562931 107 104 89 5.15
2214 0.7582026197983234 -0.1498038805173204 0.1217037785064489 55 52 44 4.98
2215 0.7486434805003066 -0.1461369658192336 0.1293777706035594 59 56 49 4.43
2216 0.621958851940219 -0.07069479713882801 0.571549327091301 80 77 69 4.65
2217 0.7513966856288032 -0.1440697875012742 0.1206806801452369 73 69 59 5.23
2218 0.7650739813428018 -0.1513707529019669 0.06574176987398672 60 58 50 4.64
2219 0.7732016964004327 -0.1534324467896058 0.05854477778387823 73 70 63 5.38
2220 0.7449441341643275 -0.148207031298025 0.1120734540279367 105 104 95 4.25
2221 1.375718183942945 -0.1382436101025155 0.2872813970067775 20 24 21 6.43
2222 0.7883931129312773 -0.1713356685276156 -0.1701277103344412 45 45 41 4.89
2223 0.749969327759515 -0.1296433510547785 0.1167305160723697 87 84 73 5.5
2224 0.6642308944431927 -0.05587577743579672 0.4695644510306791 72 70 65 5.13
2225 0.6735276965952588 -0.04902893132498146 0.4524789582309421 84 82 76 4.04
2226 0.577220295107013 -0.006475137710797954 0.7164399035238023 81 86 74 5.97
2227 0.5704037708438422 -0.004190263228253957 0.672421693996303 67 75 70 4.34
2228 0.5785117028241556 -0.0211507733069337 0.5383393363015692 30 32 31 5.47
2229 0.5773144420785216 -0.01152600266928262 0.5730129385418712 44 48 46 5.39
2230 0.531550263645289 0.01476500235084904 0.7356412768161349 50 52 49 6.19
2231 0.6750782844169634 -0.02629978721085813 0.4766872073579521 58 61 55 3.71
2232 0.635560545232577 -0.02280019638455948 0.4840028637797562 60 63 59 3.98
2233 0.7785879850573096 -0.1024111295043332 0.05690493424332654 109 107 97 5.18
2234 0.5658719147467022 0.006549037086274953 0.646343244567181 78 82 75 5.06
2235 0.5811095416609282 0.008182103402132115 0.6008340197848785 84 96 91 4.58
2236 0.6017406189924451 -5.455278205218628e-05 0.5038040257191105 71 81 77 4.81
2237 0.6988826375490693 -0.05051148562442617 0.1601890219276446 97 99 90 4.26
2238 0.6445940330447733 -0.01642531979037576 0.3910831471219107 88 87 77 2.86
2239 0.6676629973633124 -0.01640251465906976 0.3702692868360848 68 74 67 6.04
2240 0.6648417566303788 -0.01334468884180412 0.3592835836863081 76 78 75 3.58
2241 0.7325068543400193 -0.04104776381385686 0.1046941984893518 61 65 58 4.73
2242 0.7033297315690163 -1.023216062285146 0.4744680893498492 95 93 86 3.42
2243 0.7212531726321705 -1.05325571250975 0.4300666741348611 59 56 53 5.62
2244 0.7248556756210021 -1.05796132891136 0.4285056706655823 59 57 53 5.45
2245 0.6622402978114393 -0.9657816075578816 0.4654770974275824 112 113 109 3.39
2246 0.6609246936525001 -0.964563574950188 0.4658817997344873 107 111 111 4.0
2247 0.8054199793463555 -0.9648737899095789 0.4208509702310679 97 101 102 0.84
2248 0.7004192247196683 -0.7876897296209096 0.4348521509172031 97 100 98 4.62
2249 0.6972589681672512 -0.6475584607563893 0.3411544707079652 227 228 234 4.07
2250 0.799048200201758 -0.6659618708054711 0.3759111921795608 49 47 43 3.86
2251 0.619962816683571 -0.3794416662149622 0.8247592581583497 161 167 177 2.07
2252 0.6234634369423873 -0.3806218092118591 0.8189964149047119 100 107 120 2.86
2253 0.9270766302599833 -0.6117183650213964 0.2900333717230686 134 130 115 3.91
2254 1.341966771758305 -0.8332867473595966 0.08517609050422192 129 125 111 3.15
2255 0.6596722404597312 -0.4410238715894915 0.4405412517531453 79 79 72 7.24
2256 0.6158468764455128 -0.2724234381220449 0.8051134106623633 131 136 134 3.25
2257 0.5593336107201157 -0.2499972933812571 0.7967094808805556 126 127 120 3.65
2258 0.530688679173193 -0.2378522369551455 0.772327336649683 61 69 73 2.46
2259 0.550311720766866 -0.2191954438938774 0.7616842579316359 75 81 82 3.87
2260 0.7011452167730179 -0.2809868781679206 0.5377101035858158 34 37 40 6.81
2261 0.672127577335681 -0.3346032123612099 0.3168512154525046 134 129 119 3.97
2262 0.5777101916473872 -0.1818739739513164 0.7333570368860789 95 95 90 5.1
2263 0.6329852771311508 -0.207992586951569 0.6438447423974363 97 100 97 5.37
2264 0.6088124510099459 -0.2043667406955885 0.625583745117932 95 94 87 5.23
2265 0.7479555998520826 -0.2430742304749909 0.5819951909762463 108 104 93 5.93
2266 0.6948565461022789 -0.2246727229383862 0.5375740383789459 83 84 76 5.29
2267 0.6380257395086585 -0.2177078527649437 0.5533958865633262 95 95 90 4.15
2268 1.134795718347069 -0.3836286499641347 0.1873812675440348 87 85 71 3.84
2269 0.6722708422439945 -0.1740314451237899 0.6981178989717631 57 58 54 5.6
2270 0.561600892103669 -0.1414391742066207 0.7548929217018012 48 50 46 4.38
2271 0.5880135331971102 -0.1805854015487031 0.6165263255475789 92 87 77 4.91
2272 1.158272802667388 -0.3671472038653774 0.2134853817089184 94 98 99 3.73
2273 0.6190918974654366 -0.2113270156494973 0.4759362291848666 87 85 76 5.16
2274 0.7528056268597219 -0.2626357388147694 0.2684470567801297 57 56 50 6.76
2275 0.6465583353965789 -0.1528259414925841 0.6550624374473004 33 36 30 5.33
2276 0.6489243828203479 -0.2198908671038792 0.375913505485189 88 86 74 3.53
2277 0.7104594269885669 -0.1945666597622596 0.4335899668692172 43 41 34 5.15
2278 0.751818470500508 -0.1548909542571091 0.6530453820752089 91 93 84 3.21
2279 0.4628935720166489 -0.08962734469120373 0.7044283133868763 55 57 52 5.53
2280 0.6168346846804533 -0.1414361066414113 0.6411899742855531 37 44 43 4.18
2281 0.6219654451800486 -0.1522708512139763 0.5447695209426675 108 108 99 4.24
2282 0.8650387797033283 -0.2562654003921387 0.133247594125777 65 64 55 5.23
2283 1.462529983546812 -0.2915266258053934 0.2500937073932153 41 41 33 4.36
2284 0.6534263343079864 -0.1429447397107489 0.5170680807681132 72 74 70 4.92
2285 0.5996580115522216 -0.113728241409351 0.5369961947719937 72 77 75 4.34
2286 0.5818501508649742 -0.07721227216777826 0.705946402522389 113 110 98 2.18
2288 1.207582897491763 -0.297300357214941 -0.1625297437648585 33 31 22 4.69
2289 0.756358497303157 -0.2360381327972903 0.00105721112607382 111 109 102 4.83
2290 0.6983434317026118 -0.1596340840862975 0.2548287977001289 86 84 77 5.14
2291 0.8127693732246359 -0.2328562252269889 -0.06592057924854866 105 109 103 5.84
2292 0.7888935051792443 -0.2071304188529824 0.07870302756606695 45 43 35 4.33
2293 0.6052227702679521 -0.1016710415830741 0.5821261024193395 84 86 77 4.76
2294 0.6713900209158938 -0.1099303781072052 0.4596763059214146 92 88 80 3.88
2295 0.7045212593013808 -0.145765193704223 0.2231146485208358 66 66 59 5.01
2296 0.629251412979433 -0.0675355632604869 0.6744274058692378 84 83 72 2.25
2297 0.6460398975620337 -0.0940205195381455 0.3212362668065922 73 72 63 6.37
2298 0.6688895010203968 -0.07941563839427287 0.4737492507474107 45 44 38 2.52
2299 0.6961278365196089 -0.08521813199742953 0.3024532628650828 98 96 82 4.99
2300 1.48880943511485 -0.07362967044308794 0.5200457558940264 49 52 49 3.21
2301 0.5605009657631221 -2.334460494961277e-05 0.7195448208966568 71 76 66 4.86
2302 0.5661389785386007 -0.002922904116281613 0.6847266936919492 69 74 65 4.28
2303 0.6174327097470643 -0.01126607307961799 0.6253089008717742 72 75 81 4.54
2304 0.5987897989000429 -0.01136735071853497 0.608647183554386 73 75 72 4.94
2305 0.5678170814090221 0.009313816736262831 0.6539119601211901 58 64 68 4.42
2306 0.5445154828814267 0.02451071740239052 0.7451358172826177 53 59 57 5.5
2307 0.5523312828790943 0.01232495267337182 0.6479197757215358 72 80 74 4.76
2308 0.5413888202361749 0.02380295393085125 0.7180915940247942 62 72 71 4.83
2309 0.5424992366868683 0.0216309627275162 0.6960088738215591 62 66 61 5.78
2310 0.5771568987200857 0.005329233543574674 0.5620664215506788 61 64 60 5.57
2311 0.565033984583154 0.003698394790577056 0.5598307806208566 59 62 60 5.28
2312 0.6521282648527111 0.0003800947231745178 0.4315400963350057 60 67 63 4.99
2313 0.7573970874442917 -0.06510707035157107 0.03050439682219697 71 74 72 5.08
2314 0.6676910126055782 -0.9034124686834439 0.4218506450620748 116 116 108 3.79
2315 0.6418633913084165 -0.8123419823870743 0.461430136431568 126 125 119 4.81
2317 0.7290274945860882 -0.2987444168218912 0.6692221147147027 51 59 66 4.24
2318 0.7032564868722573 -0.2870806252847745 0.5054009006045354 50 59 64 3.81
2319 0.6023003546313822 -0.1470150512605564 0.7146143971974293 44 47 45 4.47
2320 0.6798328430976921 -0.1857079434855531 0.5764261311486021 78 77 68 4.11
2321 0.5882948217640747 -0.1931269367966207 0.435384664977845 92 98 101 4.23
2322 0.6280893859117233 -0.1736364291557657 0.5680276909593441 76 74 63 3.2
2323 0.582221581483873 -0.128544378694621 0.7182834644179255 35 37 34 4.25
2324 0.6673214186909977 -0.2217962807947275 0.3127924590720845 84 81 72 5.7
2325 0.7529591951673469 -0.2249374104573265 0.1328635844020153 55 53 44 4.79
2326 0.8084077917239905 -0.2967967820636033 -0.2156114756837475 181 174 171 4.07
2327 0.6193233354658948 -0.1087907731959843 0.4807003260108197 84 86 78 4.35
2328 0.7390361493011657 -0.2030470971576223 0.05364797157703405 94 90 79 4.81
2329 0.6030327500004256 -0.04624995506624863 0.694552783774553 26 27 24 5.26
2330 0.7234342537372251 -0.1247429957864427 0.2622183938201241 109 108 95 3.39
2331 0.6027538541111735 0.01746456934615415 0.6739796324295577 64 68 64 4.03
2332 0.6783858621568484 -0.03048080332889493 0.2426115538613003 85 84 75 5.13
2333 0.6683019026070951 -0.02090299551847438 0.1879176102941155 77 80 76 3.31
2334 0.6751716257482081 0.01247904577137978 0.2935655562884385 43 46 38 6.46
2335 0.6864609696884378 -0.7429897734179185 0.4621477165342995 114 116 108 5.51
2336 0.7085026790607354 -0.7866197458676218 0.3840593716166624 114 114 104 4.93
2337 0.6882224123346379 -0.351057559158248 0.418980905891271 127 130 129 5.12
2338 0.6978485218806458 -0.2502460346513734 0.6728180000808039 95 94 85 5.41
2339 0.615375086118519 -0.2160077471442472 0.6923397814547728 91 94 86 5.64
2341 0.6073491074278051 -0.1908514659516471 0.6680221226649915 88 89 81 6.24
2342 0.6226374983663167 -0.2295529440210147 0.5585515328315125 112 115 112 4.84
2343 0.8860262017414515 -0.2795772268981915 0.5139349620987833 71 73 72 4.51
2344 0.6165360563938406 -0.1812762073591874 0.6036305956908044 61 60 48 4.56
2345 0.6324141974003523 -0.1989249789183465 0.5347839206217648 72 70 61 5.07
2346 0.6315792136748206 -0.1885287715376033 0.5679678269366324 104 100 88 3.28
2347 0.6675133442000909 -0.1850280272276425 0.519986249847356 64 62 54 5.47
2348 0.6150890923898638 -0.1766446323797649 0.4784011053995639 49 49 44 5.26
2349 0.4730089285360977 -0.09776394262948968 0.725324128509093 71 72 65 5.8
2350 0.6787235397921301 -0.2009541189662399 0.4202666753153725 66 65 57 5.82
2351 0.6381547737601854 -0.1711637391727745 0.5148483259738416 105 105 94 6.5
2352 0.7228357133673948 -0.2522412620995126 0.1028170962378975 83 82 76 4.98
2353 0.634768969957288 -0.1494544074609752 0.3907306320865128 75 77 75 6.43
2354 0.7319493847050142 -0.2066100573615811 0.1798696811217921 101 102 99 5.32
2355 0.7320711745644146 -0.1444908972833692 0.2296966518332226 78 80 70 5.04
2356 0.8170541916010003 -0.2078239731247505 -0.04023858002485747 142 140 130 4.1
2357 0.5764652822088182 -0.03781536534414449 0.7256264034702609 85 84 77 5.24
2358 0.7138300640059323 -0.110924009918345 0.1849270969625896 84 84 79 4.04
2359 0.666586951329186 -0.9184692774344725 0.407554009660494 82 82 79 4.79
2360 0.6715267643073444 -0.9041395272041499 0.4022606148297839 102 103 100 2.66
2361 0.5313251511524647 -0.1898486496629604 0.7981137101931531 93 98 95 3.99
2362 0.606491529323403 -0.1978595202723725 0.6843139566710983 114 113 106 5.26
2363 0.6022500125967115 -0.1805283094181589 0.6734934953125937 67 66 56 4.82
2364 0.8950726460978538 -0.3656062927384259 0.09992511745665522 93 104 112 5.93
2365 0.6420196246161279 -0.1828093442672159 0.4408186251222345 55 53 46 5.25
2366 0.8560743102934505 -0.2731413642873243 -0.06642987258774347 88 87 74 4.43
2367 0.7451984799875384 -0.1711296354673238 0.1884798456500116 50 53 48 6.01
2368 0.5865646343057196 -0.05373076643057986 0.7310691710537217 50 50 44 5.01
2369 0.7547978554205141 -0.01377397907424692 0.03976777485353533 60 71 80 6.29
2370 0.7547978554205141 -0.01377397907424692 0.03976777485353533 60 71 80 6.29
2371 0.6619936462478414 -0.8784533684593281 0.4381904382234332 82 83 83 4.96
2372 0.7663658878155708 -0.6207881572236444 0.3948431932416141 51 52 49 4.67
2373 0.77058405100269 -0.5807453744565687 0.4201851217775758 103 106 97 5.1
2374 0.8970947134694005 -0.5827283615294765 0.3548063938006665 126 124 112 4.44
2375 1.014452550683681 -0.3958806272136432 0.1902323718508204 112 115 113 5.74
2376 0.5765857689313804 -0.1625726444609774 0.5683645472033014 90 93 94 4.15
2377 0.7198986533373857 -0.2926508191340141 0.1245622727549053 47 51 53 4.25
2378 0.6210595038901273 -0.1618658739948614 0.5519869822163306 111 114 108 4.95
2379 0.7107031010980356 -0.2071144186768821 0.3352952011064947 65 64 56 7.03
2380 0.6561543387866871 -0.1006916886460709 0.6773060014302363 91 93 94 4.17
2381 0.7640109098621819 -0.2261430224385667 0.09414914644614281 71 69 61 4.33
2382 0.5776568250789392 -0.01675586563439443 0.7180178340058054 90 90 86 3.28
2383 0.9154387723445778 -0.09303415029300907 -0.1835946344823887 32 27 25 3.58
2384 0.623335876260867 -0.2462472670610131 0.6593196878927732 19 24 28 4.32
2385 0.6576532167667314 -0.3006916142383643 0.365199242912067 58 55 49 5.0
2386 0.7329813922033617 -0.2832138261043415 0.3209107494249237 51 46 40 5.92
2387 0.6646011870598216 -0.2580104881916533 0.3586274323513033 49 42 38 4.24
2388 0.6296056273222975 -0.1948513930659618 0.5199577458762152 92 93 84 3.97
2389 0.5840555597539548 -0.1123367797635021 0.7133700991392428 104 110 106 5.51
2390 0.6501580842691328 -0.1048583202332688 0.4340986914220361 102 97 79 5.23
2391 0.7075886003277563 -0.072567279738422 0.5269776055385423 34 34 26 4.8
2392 0.6999849184307769 -0.03074648878314368 0.1803515122976119 59 60 57 4.29
2393 0.6029086093119214 -0.2612950329251547 0.746102607407471 73 86 92 2.7
2394 0.479792722469478 -0.1709064874259459 0.7853846847702061 61 61 54 4.28
2395 0.6123125333387022 -0.1128557808873946 0.6524358424006633 92 97 98 6.14
2396 0.7015052556805801 -0.1355986660379825 0.4518957749713189 76 79 70 5.99
2397 0.8009944491321628 -0.759892029578711 0.3133955906504921 73 73 71 1.92
2398 0.7331627062199988 -0.6218120029700984 0.4821447271331378 222 236 241 0.83
2399 0.9034750011876249 -0.7021640551566874 0.4027861384034299 118 125 128 5.15
2400 0.7530909456653778 -0.5773249502228164 0.4581479643507935 111 118 125 1.54
2401 0.8097409330708782 -0.5371771960480334 0.4360977756505713 101 110 124 3.41
2402 0.5412194988194833 -0.3833007755985053 0.8246736693708849 109 115 127 3.25
2403 0.5500053748874343 -0.3728437349797272 0.7889503225406145 214 224 241 5.18
2404 0.6178251071499689 -0.4005594988128028 0.7829333812001669 110 113 118 5.25
2405 0.6380502975622256 -0.4042967971280093 0.7966629621342821 95 98 102 6.07
2406 0.5637101150752191 -0.370456023442558 0.7868909230322426 220 227 240 3.18
2407 0.5399197570939215 -0.3559252833005632 0.8133837251346796 99 97 96 3.08
2408 0.5570518539713823 -0.3607024024105489 0.8223995942364229 98 99 103 3.98
2409 0.5511385549825717 -0.3561213878754956 0.8073150345430476 115 118 124 3.18
2410 0.5630356081732122 -0.3604975531419073 0.8001722003256848 113 115 115 2.78
2411 0.7716363437280094 -0.4439344912377989 0.4624613940992407 117 128 142 4.92
2412 0.6809432161315461 -0.3683860919738621 0.8116414554226095 82 85 85 5.65
2413 0.6818071590126287 -0.3587665438981262 0.8054209771270239 95 106 117 1.13
2414 0.7111279959227634 -0.379945582336356 0.5610954854377954 68 79 88 1.98
2415 0.7777188277320044 -0.3811783459599691 0.7152896545788372 55 62 71 6.81
2417 0.5501301313564945 -0.2797745929126392 0.8161285403396982 90 91 88 1.45
2418 0.5415940605780737 -0.2762982261575974 0.7947587452922527 91 93 97 5.32
2419 0.5739706393375501 -0.2874146468624285 0.8030420634533564 106 107 102 3.71
2420 0.5472879577593508 -0.2750376218359121 0.814785874450344 97 96 97 4.15
2421 0.5405336993602652 -0.3339609350053898 0.8247562934031168 114 114 112 3.57
2424 0.4960483627259283 -0.226793671188849 0.7933610492465651 112 113 103 4.12
2425 0.7582627314505501 -0.349290611052019 0.551250871358977 75 83 94 4.88
2426 0.7071658992010958 -0.3354657089757554 0.5047981371876149 65 78 91 1.95
2428 0.6609238096334932 -0.2729634314371122 0.7641117867205325 115 120 117 7.21
2429 0.6311455861061595 -0.2720815247375122 0.6827362581932537 75 85 95 4.07
2430 0.9405472096157275 -0.3727461434381923 0.4132101158119728 34 42 48 4.68
2432 0.6234185921007556 -0.2479566271053898 0.7848435557128827 113 125 138 3.05
2433 0.7717112998941948 -0.3147441040627506 0.4911130616757222 77 88 98 5.11
2434 1.061183508005691 -0.4046153678049353 0.334914831193884 45 51 58 5.5
2435 0.5246226739946286 -0.2011948556248958 0.7705297190040068 90 98 105 3.12
2436 0.5438908916313547 -0.2204263865920968 0.8141305024864762 144 145 138 2.5
2437 0.7252605823083627 -0.2772063876804673 0.7049300491419682 29 36 47 3.18
2438 0.5501974907791825 -0.2145930068955669 0.8037779262896153 122 128 133 5.18
2439 0.5644537068629798 -0.2200382140389827 0.766266321458805 114 121 123 4.52
2441 0.6782025273759025 -0.2540357962656167 0.6501603532608766 89 98 104 5.04
2442 1.128056678853898 -0.3959790720366923 0.3954689137055666 67 79 91 3.59
2443 0.5876955818573211 -0.2316473816994247 0.592069644100367 72 79 82 3.86
2444 0.7098249239751309 -0.2491796735595964 0.518835538385959 64 71 76 5.14
2445 0.5644524813601908 -0.197227142749934 0.7904328460169641 87 87 82 4.24
2446 0.5096570260397149 -0.1810697410170394 0.7988674495869617 75 76 78 4.96
2447 0.5504054373430929 -0.1840084001802786 0.6995104966987911 65 70 65 2.47
2448 0.5801323325614793 -0.2085973093339485 0.6171648325945627 78 82 84 4.55
2449 0.5838367684040269 -0.1952096012516003 0.8010095769639982 106 107 104 4.39
2450 0.5681989044891141 -0.1866072780825508 0.7648995591489473 83 87 87 3.49
2451 0.5800222211208119 -0.1928046869303965 0.7036374632508136 111 111 105 2.18
2452 0.6258658127250775 -0.2143411485042171 0.5512707735167941 111 113 114 4.33
2453 0.5654018504582338 -0.1841382684517887 0.7606262156042727 126 132 133 3.02
2454 0.9427913048559751 -0.2811925423973446 0.4292785985238767 79 86 90 6.47
2455 0.6368310842359552 -0.2120937208477416 0.5489254004793819 118 123 123 4.79
2456 0.6155711259697687 -0.2118804704022005 0.49182954017671 116 122 121 2.96
2457 0.6430734716268941 -0.2092938206954391 0.5016973450121884 79 82 78 4.17
2458 0.6984757803279342 -0.1943076501417562 0.7382245151168861 80 83 83 3.55
2459 0.6161684510971563 -0.1865188810418769 0.6116470751331626 91 92 91 5.63
2460 0.6076991607538055 -0.1869560179292123 0.577054592352654 89 86 79 3.7
2461 0.8203172052224801 -0.2190895559628144 0.5443270065887305 65 69 67 6.37
2462 0.7092146736621672 -0.1954346085941779 0.5086319901280613 74 77 75 4.88
2463 0.4477183489625449 -0.116211288987814 0.6145396965214793 71 72 66 4.04
2464 0.8963083505064331 -0.2162195064502692 0.6405308283976411 55 59 60 6.11
2465 0.8963083505064331 -0.2162195064502692 0.6405308283976411 55 59 60 6.11
2466 0.5462126033923118 -0.1405215547007222 0.787293326933427 107 111 111 4.47
2467 0.5232488387970801 -0.1198974580864829 0.7944632304117196 76 76 65 6.3
2468 0.6010419799326591 -0.1554949868220238 0.6220382268734537 125 122 112 3.68
2469 0.7199846048181811 -0.1866317961611783 0.5019231136616913 56 58 55 4.76
2470 0.6065598059637135 -0.1633663100640061 0.5586482001504813 119 117 108 5.24
2471 0.5658132757250864 -0.1359381027293471 0.7583022605536645 80 78 73 5.55
2472 0.5830811378655664 -0.1467183813213531 0.6854535404472378 112 114 111 4.35
2474 0.6018098518657671 -0.15053194518451 0.6846898365759375 136 142 136 3.73
2475 0.7712112239416931 -0.1949967571402123 0.4776342322882881 60 62 60 4.81
2476 0.5197947589764915 -0.1267068859075827 0.7912710527195135 88 91 89 3.04
2477 0.6023447916559478 -0.1525800365457302 0.6210864655831976 129 128 118 3.85
2478 0.5843065548959255 -0.148583298662606 0.6246236777204357 121 122 115 4.05
2479 0.8199268580140684 -0.1866282313929928 0.538366721242173 68 71 71 6.6
2481 0.5886441745818098 -0.1385107974002101 0.6305136605551067 89 98 101 3.71
2482 0.5760216988369874 -0.13511029046758 0.6567061156822126 94 98 94 3.74
2483 0.581872705221964 -0.1179731643534662 0.7658509169451553 90 91 89 4.72
2484 0.5753047678784227 -0.1208663572207253 0.6804537877897359 65 69 66 3.84
2486 0.5343840258484933 -0.08598163868872527 0.7827867494850799 77 80 74 4.83
2487 0.2062263043382748 -0.01850901902100591 0.8266460448943451 72 71 67 1.52
2488 0.5405504043749091 -0.08792298168035426 0.7688708386347385 86 85 76 4.28
2489 0.5871530101887706 -0.1015085088253666 0.7175557058215074 91 102 107 3.9
2490 0.6069460073996565 -0.09840006125278883 0.7388834316082202 80 84 82 5.18
2491 0.8983734955319778 -0.1364868709385805 0.6666167350310613 65 67 64 6.54
2492 0.5685177915448938 -0.09670946135014782 0.6834514732195807 66 71 69 3.32
2493 0.5852509172779382 -0.103681679200495 0.621123418529598 89 93 92 3.28
2494 0.5693657156613238 -0.09411613273840097 0.6990255120905244 73 76 72 3.79
2495 0.5303969868800466 -0.07704061143445262 0.779666006876339 94 96 90 4.26
2496 0.6285889110966464 -0.1094098844697951 0.5764405248151671 75 78 78 2.79
2497 0.488709827397126 -0.0731201856551412 0.7601279729320987 63 68 67 3.25
2498 0.6032314812852386 -0.1007161517491632 0.5903989757801023 104 104 99 4.43
2499 0.6596262757636052 -0.1133835020493186 0.5015774820442956 86 85 81 4.96
2500 0.5813057752682423 -0.09128864347558921 0.6257711974295044 98 96 81 2.73
2501 0.64993479637763 -0.1053329892227225 0.5101121031874446 112 112 107 2.01
2502 0.6362198070735942 -0.09873410237195743 0.5572749417371108 102 103 96 4.75
2503 0.6351956937778086 -0.104083766455889 0.5273502440294637 103 103 100 4.79
2504 0.5866634121730622 -0.07433868403394381 0.7279005636904352 86 84 72 1.71
2505 0.6573924648910543 -0.1015449956462443 0.5054501268687265 94 95 86 2.07
2506 0.6273998530473155 -0.09184103077853309 0.5478536144617172 77 75 65 4.34
2507 0.5746569821100127 -0.07196383880503321 0.7335614641777259 105 103 96 4.64
2508 0.5990850921306419 -0.08494415659741281 0.637254336866383 109 108 100 3.51
2509 0.6133664113616498 -0.08433724980912508 0.6248152246976084 92 92 81 4.42
2510 0.5893828070250698 -0.08494367123085217 0.6047314087644217 101 100 88 3.8
2511 0.6479291061888324 -0.09612160135491687 0.5196182198510388 101 101 90 4.2
2512 0.564420892164352 -0.06904845525268224 0.7281582204422146 88 87 79 3.37
2513 0.5717652485268709 -0.07930093940995178 0.6368208148981276 96 100 96 2.95
2514 0.6547664297143804 -0.09634245551993673 0.341645927548392 69 67 61 4.42
2515 0.6007126840200187 -0.07971402298543254 0.6016881751241236 91 93 90 3.47
2516 0.6826451841614982 -0.0899346306594597 0.5319825087327659 71 73 64 3.39
2517 0.7171379567473839 -0.09407943099614549 0.488711597701994 64 67 62 5.52
2518 0.6241152719415468 -0.08217000622570872 0.5436500419022372 77 83 86 4.76
2519 0.612491833293041 -0.08731769461219277 0.5112456613003344 86 91 90 3.42
2520 0.5869656237309623 -0.06691217070443531 0.6112169171296638 82 82 76 2.84
2521 0.6509067234930863 -0.05796722422447065 0.6294266107823495 77 73 62 6.02
2522 0.5967661633444178 -0.04970609542312113 0.6076219336018924 91 92 81 2.8
2523 0.5722540219550126 -0.04210637894442647 0.6866808883892562 90 88 80 4.68
2524 0.5902443762941417 -0.04055621638824933 0.5428295255070581 24 25 22 4.03
2525 0.6329358095894376 -0.03681271385777109 0.4989639609298611 56 61 60 2.5
2526 0.7607409350066132 -0.7026362352686664 0.4324214913749062 100 104 106 4.82
2527 0.7520344827101002 -0.6979624246483234 0.4181183961594896 87 98 108 2.64
2528 0.6030887995806995 -0.5658578541620947 0.4833378530997876 75 73 70 2.75
2529 0.7821368000601556 -0.6861783035215847 0.4260239318038777 87 94 102 2.8
2530 0.6835533077091542 -0.6021866618796492 0.4433540556272775 69 69 67 3.06
2531 0.8248318232849314 -0.6453330317407739 0.3857485034490891 99 101 99 5.91
2532 0.8729737862462121 -0.655514389150248 0.4363267309586969 108 115 128 6.41
2533 0.8418674503207051 -0.6120199290096138 0.4192547776341219 118 123 130 2.64
2534 0.5400862940803535 -0.3657638478783851 0.8215181915716144 109 114 117 2.6
2535 0.7300739232092139 -0.4689057322972293 0.4330612652309351 87 89 85 6.73
2536 0.4831204355325805 -0.3198484060762594 0.8049255871684188 86 86 90 4.82
2537 0.5713701327939993 -0.3663519896693533 0.8033917821146198 103 102 100 6.43
2538 0.7239852516963106 -0.4524041132206885 0.44679799992189 92 97 104 5.01
2539 0.6374296803774271 -0.3865314681997209 0.7768516245190829 208 217 228 5.29
2540 0.790366274818209 -0.4720806287560593 0.4225750416987091 160 161 159 4.06
2541 0.7582859761114604 -0.4343931289518078 0.4547280427546313 78 79 82 5.03
2542 0.7647325947497903 -0.4395637335836403 0.4478402932005228 90 91 90 4.35
2543 0.8000329245167486 -0.4404770911355123 0.4189520308807598 115 121 123 5.0
2544 0.6649238926522387 -0.3480559479136193 0.7350094760661154 75 83 91 5.22
2545 1.279236220795161 -0.5849987084976724 0.5309628342261686 61 74 83 4.19
2546 0.5458351622920746 -0.281641159984401 0.8198812005616416 65 68 67 2.06
2547 0.8213843562010494 -0.3892715210827492 0.5259335532237961 48 54 57 5.32
2548 0.5635051147690482 -0.270722829920599 0.7950974209727928 95 97 91 6.4
2549 0.5442720973123973 -0.2678068719413204 0.807038393268977 113 111 107 3.75
2550 0.5548401995600417 -0.272292587386391 0.7915707759258901 108 111 113 1.3
2551 0.666986530921243 -0.3135642850792147 0.6759570494671077 66 77 83 4.31
2552 0.5307529410656048 -0.2114870809603663 0.7936559443152555 89 96 98 4.92
2553 0.7129059491044953 -0.2865305598871185 0.5084756779204481 51 58 60 2.46
2554 0.6277625982691467 -0.2553992223065902 0.5867909746272578 58 64 66 0.99
2555 0.572691601859045 -0.2291661434507481 0.705742305133352 63 70 72 4.09
2556 0.6849078310678616 -0.2570404522967563 0.5776496051506561 91 95 100 4.31
2557 0.6496291692908051 -0.254501394847316 0.485881643141421 97 101 104 5.06
2558 0.6415307019006419 -0.2469586575329788 0.5244038452262824 74 78 80 1.07
2559 0.5597142133434686 -0.1935663083242455 0.6776270954537549 54 57 51 5.27
2560 0.5247095570286586 -0.1753147893306646 0.7488461253727208 62 62 56 3.97
2561 0.5252532393483311 -0.1790726989445324 0.6926010923374786 66 70 72 4.09
2562 0.6034084747964191 -0.221305046281066 0.6357703268682937 67 71 72 3.22
2563 0.9494283208278533 -0.3117709783395169 0.3807467157017044 53 56 57 4.75
2564 0.6131315664047378 -0.2275134617961 0.5115286974528968 83 88 91 3.43
2565 0.6411130772260069 -0.2293073610141356 0.496373537901697 82 82 78 4.55
2566 0.6530552267618643 -0.2207592298964296 0.4857699469096388 70 74 80 6.11
2567 0.5997890587650777 -0.2063985289603272 0.6428196110188487 88 94 93 3.4
2568 0.640423207022627 -0.2156238347672096 0.5301655526635338 74 78 80 4.52
2569 0.6382745266267316 -0.2118830415144619 0.5015934989421275 116 116 108 3.74
2570 0.5964756599129839 -0.1780016799032899 0.6370082605822885 74 74 72 5.3
2571 0.5815888973567198 -0.1417237054744885 0.6785695936613834 49 50 48 7.18
2572 0.6583318488208053 -0.1786683977605199 0.4987163403009189 42 44 40 4.43
2573 0.609378329478251 -0.1202727794048421 0.7520657292339503 132 136 135 4.38
2574 0.5427808005984044 -0.1037606406544022 0.7684302602442292 90 92 86 4.44
2575 0.6364590398128757 -0.1363333704263955 0.5487412517382113 88 90 83 4.41
2576 0.6628461495265539 -0.1189522521350189 0.6132987856210526 87 89 88 2.43
2577 0.6434463558898723 -0.1270374684967408 0.482882098026942 97 101 103 5.4
2578 0.5986013853034662 -0.07617923559753487 0.7162251874894241 80 79 65 6.44
2579 0.5852236816329228 -0.08465339549365603 0.7041294925875083 108 108 101 4.95
2580 0.6192932236654536 -0.07922394814519998 0.6647055915974747 68 63 54 4.51
2581 0.6439694546282726 -0.1005852088212827 0.4897680927993083 105 104 94 3.95
2582 0.5723324030475633 -0.03895568500781617 0.74493250414566 62 60 56 6.78
2583 0.5767336089930122 -0.02878138213088582 0.74348063190393 32 35 33 2.47
2584 0.6107831528129037 -0.5636000493301618 0.485081040583584 82 81 77 2.66
2585 0.7581429701475313 -0.6121126377708601 0.4580704771432578 122 132 139 1.73
2586 0.8766079159838318 -0.6691653046088035 0.3644369067856414 76 78 76 5.11
2587 0.6738134593516398 -0.5565271288275329 0.4577188433457715 88 88 83 4.65
2588 0.8506699272014999 -0.641219085906386 0.4145766459972092 89 94 96 4.03
2589 0.8961099290652037 -0.615327203987762 0.3900241384700182 205 216 221 5.19
2590 0.7557632689374447 -0.5421857751129473 0.4557337681616063 104 109 114 2.3
2591 0.7770254643985368 -0.4436934000940413 0.433645416816848 110 110 106 6.62
2592 0.7489288809959544 -0.3898437622855469 0.6494561673827977 52 64 79 4.41
2593 0.5749261990309655 -0.2783565283868809 0.7970262395977569 102 100 91 5.72
2594 0.6821767724630479 -0.3221518072541025 0.7383794081262928 64 78 92 4.58
2595 0.8293057586732751 -0.3253378501609522 0.4856956171304612 44 48 51 4.78
2596 0.5353065610174036 -0.206461189889753 0.7762058269430816 127 131 129 4.2
2597 1.31373796620812 -0.4263952298706405 0.6062330720107971 42 48 53 4.14
2598 0.8880676370542693 -0.2978713072835542 0.6135902363398044 44 49 53 4.81
2599 0.6433582811890782 -0.2408068679638299 0.4935108003932002 70 72 69 4.8
2600 0.5913967845840581 -0.1964074659778476 0.6722874196565536 71 74 70 4.91
2601 0.601370331853966 -0.2079357711376059 0.6451129555373307 83 85 81 6.1
2602 0.6121408619213522 -0.20754401786442 0.6133985330940471 71 75 74 6.19
2603 0.6336194849578171 -0.2272558317041052 0.5121727752745849 93 94 90 4.86
2604 0.5957472078582965 -0.1988315203775098 0.6727440194655965 89 92 91 3.28
2605 0.5988430587718948 -0.1800167307560799 0.7594733415687854 81 80 74 4.93
2606 0.6372099696757425 -0.2164001462426514 0.5090228848542134 90 89 83 4.47
2607 0.6346373316430314 -0.2173275673729135 0.5026308828101614 97 98 89 3.23
2608 0.6323710930438421 -0.1746516623002756 0.5350909446883662 66 64 59 5.21
2609 0.9380329735869466 -0.2538286819277872 0.503217199147742 62 63 61 5.92
2610 0.5902319778602449 -0.1760975166647673 0.5955697276797486 107 106 100 4.87
2611 0.5874079500467733 -0.1778279324885726 0.5963880312794982 110 111 109 2.85
2612 0.6566191777477902 -0.1785663995553328 0.6317860808579621 78 76 67 4.33
2613 0.5208196076486212 -0.1227003873320764 0.6975735373878014 21 24 26 5.35
2614 0.6862414923974247 -0.1844607979724595 0.51531431594917 53 53 50 4.62
2615 0.6291238334447418 -0.1504181389282983 0.5767563690503785 101 101 97 4.53
2616 0.6348672314748849 -0.144082367093825 0.5567741241965085 99 99 89 4.76
2617 0.643613542690593 -0.1335878470667818 0.5073445917324314 75 79 79 5.71
2618 0.5258893180614821 -0.07456055132149411 0.7659064128644429 81 82 80 6.05
2619 0.5793594614728671 -0.07364706471162824 0.676606211705046 93 90 78 4.11
2620 0.5996627379413312 -0.06349771744358321 0.670030196309533 52 51 41 5.9
2621 0.8650262974843248 -0.7123605066898036 0.3987627959943852 147 151 150 4.16
2622 0.9371718875982109 -0.7559054973038104 0.3679927007419065 155 159 161 4.29
2623 0.873620618003619 -0.6580508006035453 0.3981751216770787 162 170 176 4.4
2624 0.7773796790249499 -0.5305120447420477 0.4387043642624958 132 133 134 3.26
2625 0.7554976983250232 -0.4805317733872572 0.4370353202359312 103 102 109 4.69
2626 0.7991414615481651 -0.4079274694815346 0.429341805005624 46 56 68 4.92
2627 0.8502174147346155 -0.3316028379648948 0.4861378211695073 38 42 46 4.32
2628 1.072510440559369 -0.3965607494824483 0.3317205863840386 23 31 39 5.58
2629 0.6027415928403577 -0.2098451321512959 0.6371392193163267 103 104 103 5.0
2630 0.6175387958132864 -0.2024390438869808 0.6104414894385182 81 82 77 5.44
2631 0.5836775302798799 -0.1540540708264625 0.74125294797591 55 56 49 5.57
2632 0.7021331376114197 -0.171289560040317 0.7246901433908319 27 30 27 5.48
2633 0.6002943152845734 -0.1332424660380007 0.7458149733243351 20 24 24 5.66
2634 0.6528061756639423 -0.161130074284837 0.5543302509050968 37 36 31 5.11
2635 0.6746622425136297 -0.1431378547689216 0.5131288183595585 77 79 72 2.23
2636 0.5257012638761496 -0.03996710826932186 0.6286152321557372 21 24 22 6.18
2637 0.7831728509163336 -0.6846257267276268 0.4350705281800533 95 100 116 2.5
2638 0.7556593640408784 -0.5680617673671042 0.4210126342003258 62 63 60 5.13
2639 0.9441678441992463 -0.558866007901448 0.3591981209010137 159 159 163 5.52
2640 0.7623184225264867 -0.4146617194334107 0.4437003242190312 136 139 135 5.22
2641 0.7229667613386599 -0.2848955382798258 0.7001105078172843 36 42 48 4.56
2642 0.570152461005394 -0.1917537031122591 0.7425460419935606 85 85 80 4.7
2643 0.620775013554116 -0.2202676961494367 0.5562927125032027 112 115 111 4.16
2644 0.6487630218234051 -0.214361393884266 0.5356404993632561 88 88 81 5.04
2645 0.6516170104010038 -0.2071833338983785 0.5689625336759723 94 94 87 5.24
2646 0.6308808220507972 -0.2083703522222405 0.5653846670461364 106 106 101 5.31
2647 0.6188667455452241 -0.1939673505424064 0.5880963725213975 85 89 85 3.94
2648 0.648378003930263 -0.1809903652708472 0.5586288854202852 68 65 57 4.47
2649 0.6470566677498304 -0.1849577891867431 0.4956443510805353 64 63 56 5.54
2650 0.659510576715149 -0.07622211396293072 0.6113552581141726 64 65 63 4.78
2651 0.7352659332538871 -0.6348667442659846 0.4462194570522411 134 135 127 4.46
2652 0.7435376380563412 -0.4767441600196683 0.4566207502362126 130 131 125 5.12
2653 0.5463145370603232 -0.2722241145275694 0.794869064135324 94 91 83 5.04
2654 0.7479843680333873 -0.3021555598526129 0.4498449972990267 49 53 55 3.9
2655 0.6785960108844082 -0.2087323112276566 0.6704205408411067 102 96 88 1.13
2656 0.6324908967390741 -0.1223787412656927 0.5381857997840184 107 112 114 5.69
2657 0.647872903704456 -0.5460676804674856 0.4933095050593788 230 239 243 0.7
2658 0.7294994881417618 -0.5894019348243045 0.4600184057030592 207 216 222 3.22
2659 0.7691281169635096 -0.4152352790745609 0.462755547338627 174 181 192 2.87
2660 0.6391328591837542 -0.2112134564162376 0.5418362710071329 92 93 87 4.91
2661 0.6337608395601761 -0.1876777884776995 0.6318437705609832 57 55 46 5.81
2662 0.597281740193163 -0.09366654305141553 0.615557428888582 108 108 104 6.26
2663 0.6305662585708968 -0.1563718542372372 0.5019792614366778 13 15 14 3.72
2664 0.7216582966727674 -0.1790043228284716 0.4916558905924274 30 31 26 4.49
2665 0.6324647850632334 -0.2096512586173285 0.5161958459275977 137 138 141 4.96
2666 0.6077880209892988 -0.1356587117198605 0.6391379996790731 59 61 56 5.1
2667 0.6022939075201308 -0.05357324148705347 0.7305317950905871 50 50 48 5.56
2668 0.5770730547307058 -0.07609604738208606 0.6831408476474841 95 96 90 3.14
2669 0.7684041644855093 -0.5247898387310703 0.4581856048103408 97 96 94 4.75
2670 0.721252759765421 -0.305846146282354 0.42288054333669 90 98 103 5.4
2671 0.5975891463983822 -0.3218717474521867 0.1809215029102861 208 214 218 6.2
2672 0.6450152141992521 -0.1677847461900651 0.4808199638683915 84 84 82 5.08
2673 0.7530054621104201 -0.257977640094525 0.1202946190255981 101 96 89 3.74
2674 0.6462630051552862 -0.1464022851446857 0.4085406984640939 96 97 88 3.5
2675 0.7461166087638766 -0.1999570991521639 0.06356351077463329 46 45 39 5.17
2676 0.8740198685498866 -0.2408578197114758 -0.173921697117837 48 48 43 5.32
2677 0.6387835872855675 -0.104360934648086 0.3803175329032326 90 87 76 4.64
2678 0.6460418946486202 -0.0875351157614877 0.3638558545047577 74 71 54 4.75
2679 0.6623088325560539 -0.09161056614050878 0.3355366726239155 49 48 36 5.42
2680 0.6900648104046001 -0.08942748481689122 0.3385892583836591 24 25 17 4.3
2681 0.8154559652807769 -0.1642090107850336 -0.01214552568898264 102 99 86 3.12
2682 0.9635824206714889 -0.1923450951070039 -0.3105955969912824 46 49 48 5.78
2683 0.6581597641524793 -0.05052162457124568 0.3363586681269602 107 106 102 5.2
2684 0.6900654604609198 -0.2807078218792936 0.3034629138927948 92 93 86 2.83
2685 0.6315913322204579 -0.2260953177811658 0.4063711158229885 110 108 99 4.74
2686 0.6700610197255936 -0.227861654687013 0.3539952884382583 54 56 49 2.79
2687 0.6557262364898891 -0.1774485887927857 0.3849092473470946 94 90 80 5.51
2688 0.648312834300637 -0.1603800713271667 0.3830476616436161 63 60 51 3.05
2689 0.5771600229631683 -0.1341133901417841 0.3257879598181366 25 27 20 3.48
2690 0.7985617115973767 -0.2429626912584686 -0.04541320035422292 126 128 123 5.77
2691 0.9114714096243459 -0.1509544739640414 -0.2243783731936997 30 34 34 5.17
2692 0.6760666776429436 -0.1401912870878477 0.2743521389922149 91 89 81 4.94
2693 0.8021649654251983 -0.1696040142466292 -0.04688936557075296 78 75 68 5.02
2694 0.7913298353104778 -0.3692131116434941 0.03468216038952632 91 95 98 2.07
2695 0.6770608920205343 -0.226916980708624 0.3026614700892702 105 104 92 4.5
2696 0.8554133093539134 -0.1939346473579581 -0.186361404798121 23 26 24 5.01
2697 0.9312136875304242 -0.2588629123381438 -0.125079594518013 107 107 104 5.99
2698 0.6795690377504973 -0.2177051615459385 0.4148828421607852 91 93 90 3.77
2699 0.6623335039453843 -0.06674749316893958 0.3193429286111427 63 60 49 6.06
2700 0.7026551337398006 -0.2855180478403234 0.1723541613300424 35 44 43 1.89
2701 0.5573706829738372 -0.1340660816203036 0.4769767040241267 24 28 26 6.14
2702 0.5622087003707792 -0.1353428822591979 0.4748676009842991 23 25 23 5.19
2703 0.7643862283896634 -0.2652828582248878 0.08834662990014075 93 94 86 5.08
2704 0.6826782646048375 -0.01055101060140465 0.2304544889697826 14 22 18 2.61
2705 0.550040199857759 -0.4219559442642289 0.8213607434113311 127 136 136 2.91
2706 0.6377151026767041 -0.2179922366166655 0.5185641337892161 102 98 100 4.96
2707 0.6165339841262927 0.01960757538829852 0.5806797443743386 69 75 67 6.08
2708 0.5694985646769191 -0.07657558953465216 0.7214261330720426 100 94 80 2.18
2709 0.5688955951316482 -0.1054044298054133 0.7411716934329604 81 82 81 3.82
2710 0.6144636029134559 -0.1264920790973358 0.5864753576926234 109 110 112 4.84
2711 0.6701249162326988 -0.1055821680771082 0.2875090870634976 99 102 107 2.36
2712 0.5565737726147511 -0.4276521964606345 0.8148867238920424 228 232 253 3.84
2713 0.5572228518241221 -0.4206185174146287 0.8146135906983725 126 127 156 1.38
2714 0.6760246044183649 -0.1063801320659945 0.2709640991223261 72 64 51 4.44
2715 0.6767663621910469 -0.09890911619467846 0.2706290596668685 79 72 65 4.41
2716 0.6520451136546099 -0.02579503747675765 0.494972112782746 71 71 71 6.95
2717 0.540769241125876 0.01459719052241933 0.731228397338592 55 57 55 6.85
2718 0.6434088751450702 -0.2432808435294045 0.4872311055818732 103 113 124 4.59
2719 0.6552354774692213 -0.2160394056423903 0.447417593480826 105 106 109 5.5
2720 0.648431667077156 -0.1383991281760152 0.4743925631409996 116 116 115 6.73
2721 0.6611074256285032 -0.07709484095423613 0.3223513700392754 108 95 67 3.52
2722 0.7356575737008286 -0.6857697456682901 0.2936046723044156 162 167 169 7.05
2723 0.7356575737008286 -0.6857697456682901 0.2936046723044156 162 167 169 7.05
2724 0.6452233159000387 -0.5276088914943389 0.3487396259885384 137 137 143 3.32
2725 0.7006423567574462 -0.5527380344524964 0.3042597201291359 99 98 96 6.6
2726 0.5441382389820152 -0.2611370585586776 0.7890526321390329 141 139 137 2.97
2727 0.6406961190567628 -0.3898542860102353 0.3620928569286804 148 143 132 2.96
2728 0.6466897834849556 -0.3832284590089754 0.311051334970651 157 158 152 4.17
2729 0.6642766936614986 -0.3726789137564936 0.3250053245477172 119 114 101 3.83
2730 0.5558241308206251 -0.1869020438714438 0.7983331021816378 112 114 111 4.74
2731 0.5558241308206251 -0.1869020438714438 0.7983331021816378 112 114 111 4.74
2732 0.535630476519529 -0.1861261484299456 0.7832222573755745 97 98 94 4.57
2733 0.5419979134073767 -0.1691943076405718 0.7462939968191312 68 67 69 3.3
2734 0.6650385614351964 -0.2763460426700854 0.4262166823761067 154 155 150 3.73
2735 0.6157602073796746 -0.1976069637286622 0.6215123374883726 77 79 85 4.62
2736 0.5496426558759046 -0.1428350748061494 0.7825008970737728 124 122 118 4.26
2737 0.60364295246422 -0.2038863550571875 0.5609546634636318 124 123 113 3.84
2738 0.5777268173242085 -0.1604850613567566 0.6989649930331663 59 59 53 4.02
2739 0.6285336600571882 -0.2369033511247575 0.3908351109659937 140 139 131 2.93
2740 0.583242038953647 -0.1703308660158664 0.6257695361509604 96 93 91 2.73
2741 0.6075705780608778 -0.175183434089481 0.5877001414812506 101 98 92 4.84
2742 0.6291877327189581 -0.1852328468816511 0.5164225369118464 97 95 92 2.16
2743 0.6390365613542138 -0.1802586666557683 0.5108921467078344 104 104 97 4.06
2744 0.5808617641549543 -0.1231072269734633 0.6955308731204628 121 120 115 2.76
2745 0.7352101779903724 -0.2480239756906138 0.1400626857410521 92 90 82 4.92
2746 0.4650715680900519 -0.1284707234925277 0.4795434271474716 78 76 68 4.39
2747 0.6722153921365761 -0.2056427742556781 0.2762016218055104 111 106 95 2.99
2748 0.6942031168023606 -0.1641295118779513 0.4878452916618384 103 101 96 4.61
2749 0.689942384512118 -0.185586246727917 0.3914038328639412 69 70 64 4.75
2750 0.5754286903870139 -0.09857820416668236 0.7272463938083347 62 60 58 5.04
2751 0.6883594279872769 -0.229898013761101 0.1338957435888224 92 88 78 5.34
2752 0.6717139360060214 -0.1902694565761369 0.2870787652978927 108 107 99 5.51
2753 0.9495845388697521 -0.3261476428111444 -0.2267659566267559 209 219 229 5.01
2754 0.5911561180436848 -0.09307104512713651 0.6945304282108054 62 63 64 4.8
2755 0.5219345487229247 -0.06180407727816334 0.7736070782009803 84 82 83 4.84
2756 0.6724833466071589 -0.1911173962663019 0.2721523981235644 104 102 87 4.85
2757 0.5881530711035946 -0.07891835269160366 0.6990870044413241 61 59 52 2.23
2758 0.8404498380721512 -0.2593902452675675 -0.1218513140489355 50 57 57 3.16
2759 0.8404498380721512 -0.2593902452675675 -0.1218513140489355 50 57 57 3.16
2760 0.6721555234427861 -0.18166848213067 0.2861644288172391 100 103 92 3.17
2761 0.5785031731995717 -0.08187335600985809 0.7250634022548126 79 75 62 4.27
2762 0.657695652502205 -0.146298751416479 0.3318158205518641 61 60 51 5.41
2763 0.659885567508394 -0.1535223851661754 0.3580909580310777 88 89 83 4.88
2764 0.5779849086278713 -0.07950930512569851 0.711554646202623 101 95 84 2.31
2765 0.5695330458945628 -0.09577050018752206 0.5650806164994998 73 73 69 6.56
2766 0.6517252861756136 -0.1312487826433439 0.4685364750949594 115 111 101 1.4
2767 0.7391615242243514 -0.2024922052673277 0.1585665925198779 84 84 77 4.3
2768 0.5848499289323276 -0.09194487676689778 0.6409609575935021 99 93 80 2.59
2769 0.6701588495671968 -0.162382302593393 0.2923400736130438 119 118 112 4.08
2770 0.7337111484865342 -0.1912243816013119 0.02549393154658297 88 85 78 5.73
2771 0.5855724424314005 -0.09504494566598198 0.6215006861522877 111 107 88 3.27
2772 0.5683962303572127 -0.07207383111661075 0.7364334295552051 119 116 110 2.85
2773 0.6274257565838544 -0.1106317439742006 0.5316063227543703 87 86 81 4.31
2774 0.6070611602617858 -0.09833996435439826 0.6019911430488133 116 113 105 2.22
2775 0.7445922818419655 -0.1756203314395676 0.1455178158755355 78 78 74 5.05
2776 0.6939143940959949 -0.2470911574622371 -0.1834119666432752 84 83 74 3.31
2777 0.7534484764498166 -0.2021475006396332 0.08751659370002585 114 113 108 5.48
2778 0.6112150891679301 -0.1062149315692576 0.5487395585330108 93 92 85 3.17
2779 0.6441677931499007 -0.1005821195278636 0.4583447591877303 69 72 68 6.1
2780 0.6669288359354502 -0.1238898203681984 0.4286124520580147 104 104 95 3.76
2781 0.6659179609290338 -0.1304897279750962 0.3369969525582101 71 70 69 5.75
2782 0.7313454888784221 -0.1700154876571181 0.1786285198902039 100 101 97 4.18
2783 0.5973665853769436 -0.1347366810325343 0.1906909149775465 64 63 66 1.81
2784 0.9396548767675112 -0.254693887200279 -0.2229625586918698 47 47 45 4.36
2785 0.7879355768460796 -0.2100424584302349 -0.02779150279415399 99 99 96 3.16
2786 0.6742338997336512 -0.1242514650008565 0.3422895159198429 57 56 50 4.69
2787 0.5882908878540142 -0.1241935264253761 0.2245111627571028 75 74 69 2.76
2788 0.9596255330411287 -0.2063635409677165 -0.042789558232603 58 55 46 5.94
2789 0.6874137425228488 -0.1382441358866063 0.2553124775403837 95 94 88 7.31
2790 0.5965521311683241 -0.07755444595088673 0.6102717522463041 90 90 84 2.38
2791 0.6823237960666697 -0.1075446789475313 0.4536301847028676 92 90 79 5.45
2792 0.6323879105258684 -0.1035809307141969 0.4725106019602631 128 127 120 2.69
2793 0.6670455892257938 -0.1429725193871817 0.08431124236814036 53 48 42 1.53
2794 0.6673191140035482 -0.1026991497351133 0.4333982645100846 99 96 84 4.08
2795 0.6307428804542364 -0.07972948733631274 0.5431995789976583 88 84 72 3.69
2796 0.8311654761438696 -0.1944021571403664 -0.05677141110835482 94 94 88 6.63
2797 0.7716689039071418 -0.1819112993968612 -0.02093158495260772 85 84 78 5.17
2798 0.7055110059088443 -0.1429075323776874 0.03225321418899529 60 60 54 5.51
2799 0.6750360034839991 -0.09303568836554998 0.4208225168491834 88 86 79 3.28
2800 0.7560178463453955 -0.1576567655266422 0.07318802690915316 100 96 90 4.57
2801 0.6373250623005985 -0.1126615114645242 0.2874395730905698 108 101 86 3.14
2802 0.5843845667255159 -0.02037710560373281 0.7098047618819938 45 49 49 2.39
2803 0.562627586667064 -0.05880787365636964 0.4110001653505584 62 61 54 3.72
2804 0.7489247708275659 -0.142023441474707 -0.01068947332228998 90 92 93 6.3
2805 0.8438335234264034 -0.1394072958265469 -0.01809486135387406 74 74 67 4.61
2806 0.6817938522364695 -0.07544840183944246 0.3337324969751139 35 36 29 6.39
2807 0.7540263569801602 -0.1300587177255103 0.07843785491321098 79 76 73 2.79
2808 0.8146320711178154 -0.1204038924512579 -0.005330889639598713 41 40 35 5.11
2809 0.7294845911912335 -0.07209121262944296 0.1997367085141731 69 70 67 5.18
2810 0.4400902096298617 0.004228321733798182 0.598501343709636 68 73 76 6.3
2811 0.5602906126028903 0.01038110889288701 0.6532276297863211 47 56 49 2.79
2812 0.6906158708051857 -0.06321201414714889 0.2142227576402466 67 67 65 5.9
2813 0.6579242246233918 -0.05151748962674418 0.3052398163803888 113 110 100 3.61
2814 0.6238319678916844 -0.02635864083941046 0.4659428466481559 80 82 80 4.46
2815 0.6727598601900655 -0.04719098448145993 0.2864058860757386 64 68 69 2.99
2816 0.6140928373503762 -0.01215873899341084 0.4901891838846649 76 78 75 3.94
2817 0.6801421994552472 -0.02224914722483946 0.4513042956028679 104 106 104 2.18
2818 0.5465999068628016 0.01137344807428475 0.7241592783134061 73 75 75 3.2
2819 0.7056757762660388 -0.04072008356683807 0.2785860126769296 71 69 62 4.16
2820 0.7165228585575061 -0.04510781953001558 0.1673772710704018 54 55 57 7.04
2821 0.6971230464831608 -0.04963976922164579 0.2116075362198599 108 112 113 2.63
2822 0.7674744117126104 -0.07298452955361248 -0.05045618690381226 74 78 84 4.24
2823 0.5425893406717979 -0.3542467362532158 0.8101705806770956 120 118 121 3.81
2824 0.7534678442811458 -0.643642945814008 0.2705578527839357 108 108 103 5.5
2825 0.7105993887049318 -0.5648796198453041 0.2871379405295763 92 93 89 6.12
2826 0.6641514018008761 -0.4581912766398091 0.3072070158682351 88 88 84 5.07
2827 0.6116773299576241 -0.1726324339372564 0.5883833874432397 93 96 95 4.56
2828 0.627027709858335 -0.1821084360811044 0.5094551933253244 119 117 109 3.45
2829 0.5587002162946553 -0.09550210455883743 0.7351602174292198 73 78 72 2.38
2830 0.6332073588653188 -0.1540001969906865 0.4519710324808681 60 62 47 4.0
2831 0.7058528945616669 -0.238202567894162 0.1929843820018782 89 86 77 5.34
2832 0.6306301090235022 -0.1349049260675199 0.5769901978364531 74 74 70 5.26
2833 0.6675012692545961 -0.1995661683939497 0.3222096820016331 128 131 126 3.3
2834 0.6363161858427752 -0.1490179208471131 0.5224806753002725 97 92 79 3.86
2835 0.7474895480944284 -0.2437707048692124 0.110375295005671 87 85 78 4.61
2836 1.126728412366824 -0.2349722221144007 0.2327506545639779 49 49 45 5.69
2837 0.6429362255984241 -0.1304219574821066 0.5079547526361633 69 72 74 4.18
2838 0.5617515468044776 -0.08083076523203217 0.6537033049031099 79 83 72 2.51
2839 0.7250997890980682 -0.2063735991029572 0.1927417646465959 70 70 68 2.59
2840 0.6171407868108618 -0.1078254912909265 0.6223793437321981 91 90 88 4.09
2841 0.5918143576237694 -0.08483064274847499 0.692723383845319 111 107 93 4.42
2842 0.6150824681151214 -0.1129988279558921 0.5600051692071221 89 87 80 4.21
2843 0.5685738676108988 -0.06553137806490167 0.7433833641491079 86 82 72 4.82
2844 0.7398312563893015 -0.2128619773748476 0.1132200455134583 63 61 57 3.17
2845 0.7851237261027675 -0.2094831857116827 0.03507089610832514 83 80 74 4.99
2846 0.6449768139017211 -0.1086062062316609 0.5431788855469244 94 93 89 5.52
2847 0.5743647090693067 -0.06841536839885001 0.7337861814833879 104 102 96 4.31
2848 0.7971385632548484 -0.1977724414669287 0.02869287107273011 78 75 66 5.27
2849 0.8493997133987454 -0.2477122940082616 -0.1441316959542382 64 62 62 3.67
2850 0.7522411949071364 -0.1711659254504603 0.1071681543428253 79 81 79 4.31
2851 0.6454055188778365 -0.08861997471838517 0.4651523016351785 83 87 92 6.36
2852 0.8011923794550515 -0.1559222030100711 0.00605101817462339 70 69 63 4.74
2853 0.6663579447225316 -0.07366099122119321 0.4789536373098092 47 48 46 6.58
2854 0.7697040382157487 -0.1476463274746741 0.0733177768760146 85 84 75 4.22
2855 0.7431815704845575 -0.1348423554180775 0.09749717816609127 81 81 75 1.61
2856 0.8369379689223739 -0.148063902537069 0.01679873155273759 94 90 80 5.65
2857 0.686594561990775 -0.1008345342406878 0.2606119086700983 49 47 42 5.99
2858 0.6623362602257543 -0.07141602800097435 0.3387258805879471 19 20 14 5.04
2859 0.7488648159459093 -0.09636010742569279 -0.0111517002153434 94 96 101 5.24
2860 0.7848544853307424 -0.08774648604620858 0.01298540063209241 78 79 72 5.04
2861 0.7887341516458848 -0.1167690836163831 -0.1742234763143016 46 48 47 5.41
2862 0.6288572248404977 -0.03025691801898175 0.4549943813427495 57 60 54 5.09
2863 0.836712742528378 -0.09535173842444458 -0.1976749467108183 39 41 37 4.27
2864 0.6795725178563323 -0.4593717262155558 0.379619782945485 74 74 68 5.94
2865 0.5921872219644573 -0.1602404145510344 0.5788105997838296 77 73 61 5.3
2866 0.6337879230727981 -0.199495527943646 0.326618434858693 85 87 91 4.58
2867 0.646568848589449 -0.1781882158721086 0.4960154867958179 36 37 32 4.02
2868 0.6259822281844103 -0.1341083842124365 0.589811841464974 71 67 63 6.55
2869 0.6546353513430058 -0.1503204861087787 0.366570144294793 72 71 65 3.3
2870 0.6590036971295298 -0.125562881252217 0.3800353657328498 78 80 80 5.83
2871 0.6029807468158468 -0.1098067176510905 0.2021553239706417 59 59 57 6.1
2872 0.758091345714673 -0.1301939537579407 -0.1618681887431566 31 33 32 4.89
2873 0.8547063529483709 -0.1142573145027452 -0.169593619652388 39 41 38 4.83
2874 0.5680545945199513 -0.01470385065711827 0.4552093373958604 52 56 56 6.47
2875 0.9148621794376965 -0.2399180089755775 -0.2359187799477136 35 35 31 3.74
2876 0.750724249535049 -0.1119478191810248 0.08643924785665247 66 66 62 3.95
2877 0.8901515506175397 -0.1295274034767041 -0.206745761283831 45 46 47 4.78
2878 0.536306040141295 0.01609485068876959 0.6699218258352996 57 58 57 3.7
2879 0.7674350277714668 -0.209078434166282 -0.0002289623055546919 121 120 112 4.4
2880 0.5798898311356072 -0.1327537084185639 0.6879128404322956 84 85 80 5.29
2881 0.8452492159325353 -0.1613677406035256 -0.1794240837250178 20 22 22 5.14
2882 0.6594798047228309 -0.3014802163186032 0.3437055157217186 95 94 84 4.95
2883 0.599735499834484 -0.1294255884963846 0.5946214447157282 80 76 67 4.32
2884 0.654364327960654 -0.04925243954288475 0.4962186283359264 65 63 55 3.6
2885 0.6724679346434688 -0.1011813786584748 0.3714311265278788 57 58 50 4.12
2886 0.6558617324022983 -0.574780918567579 0.3039641385055631 200 220 240 5.3
2887 0.689455952035315 -0.8891548853188651 0.4778861841458444 85 88 86 5.08
2888 0.7979450512108184 -1.029755494560511 0.3725622225653721 74 75 73 2.61
2889 0.6719265997071386 -0.9118779892553888 0.4363089268139047 76 77 76 4.86
2890 0.6959059871367863 -0.8616323969240554 0.4540533020880159 80 80 75 4.22
2891 0.750095793506055 -0.8450102689944172 0.4288396753797556 92 91 85 3.81
2892 0.7059920711599299 -0.8313471168117303 0.4033040038714903 98 97 94 3.52
2893 0.6270598061898186 -0.7656117641269413 0.4447088943637098 90 90 89 4.31
2894 0.7090280355062542 -0.775349397919342 0.4501919037169647 85 86 83 4.66
2895 0.9027428064389214 -0.5658911230661334 0.3345766287590107 85 80 77 3.76
2896 0.7317361347387732 -0.9619706011694009 0.4326074022984352 102 104 104 4.1
2897 0.7004425294907402 -0.8526850551716285 0.468855756551831 73 77 75 5.05
2898 0.6177384257298355 -0.7280494015487526 0.4865438747834621 70 72 69 2.75
2899 0.6525229462197564 -0.7822675906883045 0.4306376119809063 81 84 79 5.21
2900 0.7339127234994658 -0.8183333404963817 0.413240699902768 88 88 91 3.8
2901 0.7781722617292683 -0.9021963011584682 0.4613753994716984 116 127 136 2.52
2902 0.6946313281437064 -0.8294651851182475 0.4948912112809881 108 124 135 4.06
2903 0.7321709293302074 -0.6945991638306472 0.4111191964183591 94 93 92 3.99
2904 0.7910985582975669 -0.9514070428972419 0.45183070356712 139 141 148 3.64
2905 0.7475025848017465 -0.8558072663282332 0.4720252018315741 105 110 112 3.5
2906 0.7327964821096711 -0.9271683707044285 0.4726635902292607 67 69 69 3.31
2907 0.7226796608507264 -1.131940698161686 0.4515889723994188 94 98 89 5.79
2908 0.7332058527003817 -0.9782023866330594 0.4386767894652716 86 91 91 5.15
2909 0.6776657246469155 -0.9127369421763867 0.3884355299132135 151 162 173 5.31
2910 0.6945836165224144 -0.8112170979581173 0.4571228647125167 96 99 99 3.29
2911 0.7032526280543057 -0.5382888578483838 0.4503122052924362 99 100 92 4.22
2912 0.6636338552133823 -0.2659452056771787 0.3952427120876554 80 78 76 5.27
2913 0.7355707590597813 -0.8863070869220673 0.4237137541474768 90 94 92 4.64
2914 0.7460551959476194 -0.6588071203727826 0.3933655515278102 90 90 93 4.96
2915 0.753503644213914 -0.6162322197429015 0.4268738215230601 95 93 88 4.58
2916 0.5878595711687913 -0.5029782175021498 0.4624712103962193 97 97 100 5.46
2917 0.5553678270520288 -0.4760472314705239 0.4718354323614253 97 101 98 4.24
2918 0.685694335236924 -0.5154072542263972 0.4847635676748535 159 179 195 2.11
2919 0.7774897023172869 -0.5578845793971794 0.453894340404527 142 142 141 4.44
2920 0.6221908560257232 -0.4572245948532683 0.4302344219251353 112 112 111 6.01
2921 0.7928670727925711 -0.5128747235739122 0.3876009912125091 106 102 100 4.13
2922 0.747149369425715 -0.5052678772643517 0.3622341282606897 79 79 79 4.91
2923 0.7219997081598946 -1.183205874960347 0.4673960650629952 206 213 217 4.45
2924 0.7357915764689638 -0.9308460518313617 0.3845559794201211 109 110 105 4.12
2925 0.7337357051368805 -0.5391091821202665 0.4691753547158872 90 88 88 2.71
2926 0.8119220539077427 -0.6139379435912578 0.4481690233737208 92 89 88 4.66
2927 0.7258101379999544 -0.519773393726132 0.5045339025204513 224 225 229 4.07
2928 0.6494994055492913 -0.8931628409126657 0.459206753839735 109 112 112 5.16
2929 0.6958133447546218 -0.8027068368592822 0.448184808593844 86 89 89 4.85
2930 0.7070208955613904 -0.823784060665085 0.4439706405752127 94 93 96 4.45
2931 0.6900702060268535 -0.7914203387777898 0.452815324476925 71 76 74 3.77
2932 0.6595357911930602 -0.7808668086433861 0.4349647784873658 98 102 101 3.96
2933 0.6565794384591463 -0.7624359821521898 0.4261158142535989 73 77 82 4.19
2934 0.6609933971963458 -0.6565128781576703 0.4151393499308195 94 95 95 4.5
2935 0.678310291679233 -0.6826270563276677 0.3280231013231755 193 199 208 4.62
2936 0.6753654087376311 -0.6571073922280766 0.4060224540819514 94 96 100 1.5
2937 0.7039550310347655 -0.6355442407422178 0.4581230282535014 77 78 82 4.42
2938 0.6684889000233643 -0.6339517071115792 0.3227363857517477 138 149 150 3.95
2939 0.7097862788900158 -0.6387736852903747 0.4627503218706047 130 130 128 5.05
2940 0.6339578174940376 -0.5892003446862828 0.4486228140917339 68 70 71 6.18
2941 0.7685820556289862 -0.6497617821962054 0.4715383367454952 160 168 181 0.96
2942 0.6661655511833875 -0.5540715808724994 0.325012574728847 114 126 132 1.88
2943 0.6422046034284279 -0.5075069173167102 0.4297263621965551 92 87 79 6.04
2944 0.6685990840529861 -0.5411177177931012 0.3171464523496743 107 111 120 4.71
2945 0.7609140448936158 -0.516568572657282 0.4589268500684445 99 104 110 5.73
2946 0.6810456959025806 -0.4686906929148709 0.3079493561565849 113 117 124 5.23
2947 0.6483088926652951 -0.4219185497353263 0.3558527478167668 104 105 105 4.16
2948 0.6690247072635658 -0.4374098244895722 0.3161501475549027 120 114 107 3.69
2949 0.6446984762898647 -0.4067231629807387 0.4206029796230571 131 126 121 4.86
2950 0.7942946581911019 -0.5005942327351141 0.01485178759620043 125 129 141 5.57
2951 0.7942946581911019 -0.5005942327351141 0.01485178759620043 125 129 141 5.57
2952 0.6468080601116294 -0.3893882774389547 0.4199035648681111 127 122 114 3.64
2953 0.8086862404146951 -0.5055699182088327 -0.004373972992202102 156 160 157 5.24
2954 0.7737520729824774 -0.4936725998875198 0.02212310413561114 182 186 185 5.81
2955 0.8634005747634215 -0.5451053461184949 -0.05572392959933947 195 198 192 3.18
2956 0.8697656422504116 -0.4996231965608562 0.01990140906911853 180 183 193 4.81
2957 0.7240418328272136 -0.3703550483180297 0.4378829603788202 132 134 130 7.11
2958 0.6469386277409453 -0.3205401425171877 0.4384637487042308 118 130 130 2.81
2959 0.6305039883143341 -0.3260295745835257 0.4178735152045587 88 87 86 4.0
2960 0.8747421900419017 -0.4591364725335124 0.1368763018315117 112 112 115 4.06
2961 0.6490111887677293 -0.3407165222450678 0.4149061334818167 153 147 139 4.46
2962 0.7649803618714675 -0.4194000323200341 0.01820325855476934 137 134 129 4.29
2963 0.771264161236966 -0.4201309378129225 0.02695731849809979 144 147 147 6.38
2964 0.6496173285684217 -0.32210335745002 0.4115222550474669 126 120 107 3.14
2965 0.6279304005235992 -0.3073387876458047 0.4204437128597136 133 125 112 6.59
2966 0.6780847403649088 -0.3374623499699911 0.3070467639285404 118 114 104 4.83
2967 0.6599763407920066 -0.3111134878940696 0.3167603082908386 82 79 68 4.35
2968 0.6696409975255058 -0.3253128395770667 0.3588761629406581 85 79 69 5.12
2969 0.6569757060891304 -0.3137440554293489 0.3247986148733716 91 84 70 5.12
2970 0.6818473232249251 -0.2859399144236096 0.4188142958009682 112 116 115 5.62
2971 0.7619685952043604 -0.3556855164295574 0.02873465775256223 79 81 74 5.38
2972 0.5729003989403012 -0.1908905088744359 0.7414445022867129 59 61 58 2.72
2973 0.5342810077539932 -0.1855626610678562 0.7832376193821076 99 102 98 6.14
2974 0.7656285298881809 -0.3431207701395534 0.02186529716607022 76 72 63 5.06
2975 0.6722907205842545 -0.2459624511262389 0.3931407776192807 108 104 94 6.18
2976 0.6837888930144069 -0.2525086106409584 0.2670683669889915 120 124 126 5.25
2977 0.7356744746655561 -0.2738249222568822 0.1925107046596667 79 82 81 5.72
2978 0.6502363950631438 -0.2127123004363118 0.3918642553210163 105 101 88 4.13
2979 0.666027895600195 -0.2226471159535178 0.2981872352320983 84 84 87 2.72
2980 0.6899187640761357 -0.2276717192387587 0.2990666437983717 113 107 90 4.15
2981 0.7291237661771184 -0.2356073241521414 0.183494592217732 66 64 63 6.31
2982 0.6425902407699616 -0.1939086452226141 0.3901639619847532 66 68 65 2.69
2983 1.252742797057034 -0.2919012960430059 0.6194107462543015 31 38 39 6.38
2984 0.6445843890774517 -0.1842284265526864 0.4724962295362833 97 95 93 5.58
2985 0.8430054830383915 -0.2699087648477497 0.1075475701176019 112 110 98 5.13
2986 0.5623826394233853 -0.1765366763302637 0.2495183638346198 64 63 55 4.54
2987 0.7313446747927557 -0.2017232686793192 0.1830336180132013 100 98 96 4.83
2988 0.6390268959114781 -0.1573456380865793 0.3992923248739434 76 83 80 5.04
2989 0.7294490566960212 -0.209652382538526 0.1872686434857034 90 89 86 5.0
2990 0.6588418614263789 -0.1678098556865743 0.2910984918170231 76 75 67 5.79
2991 0.7760147932035244 -0.2098294357167137 0.04944004071229391 65 67 68 4.11
2992 0.7289872476640025 -0.1971381364328844 0.1852991385713331 112 111 104 5.27
2993 0.6073660804437808 -0.1517449715681526 0.4126851332337325 121 118 107 4.65
2994 0.7792807455176014 -0.216878245271302 0.01637643555385582 117 119 119 5.57
2995 0.7522879423139266 -0.1829490954646371 0.1149346319190157 70 73 72 3.22
2996 0.6432556826559702 -0.1093716634440128 0.4917754547433514 51 50 48 3.89
2997 0.6713947860599323 -0.1264924125286196 0.2756690111553241 70 65 53 4.55
2998 0.7877167906456506 -0.1668601665405137 0.01029842666812075 61 60 56 4.66
2999 0.634524806242018 -0.109602408356744 0.5217517370494996 85 85 82 6.05
3000 0.5727220338348069 -0.07011415447398298 0.7212811241603528 69 69 64 2.71
3001 0.6653017255079938 -0.1181896665948873 0.4171408705606461 92 92 84 5.22
3002 0.6143664530246029 -0.08621563836916582 0.5766760258569273 76 75 74 3.2
3003 0.6327566764338006 -0.0916559031450882 0.5216353825686761 83 81 83 4.37
3004 0.6142716813618976 -0.1177898717752014 0.3658637780674012 85 75 56 3.2
3005 0.6763044550609281 -0.1256820766620473 0.2834953770078984 87 88 83 7.2
3006 0.7607981595277749 -0.1360273918023876 0.1091111709993199 66 61 52 4.71
3007 0.6572314320953221 -0.06480948685901408 0.3151125978048882 46 45 34 5.07
3008 0.7311020208192958 -0.08055251627948953 0.1744835270063801 72 70 59 5.69
3009 0.6588719233154724 -0.04647363603310542 0.3841590182024197 88 89 83 3.32
3010 0.7041597126954058 -0.05987016553954486 0.1592150609976225 90 90 85 6.61
3011 0.595769500242768 0.01702614748729054 0.5219941122361101 53 55 56 3.26
3012 0.7021595532020355 -0.9165648251284306 0.4657127998860086 114 120 122 3.0
3013 0.6752072181553415 -0.8674990825523197 0.4111416387319188 98 97 90 5.82
3014 0.6634622928493936 -0.8124257241009412 0.4432929638914964 83 82 80 5.58
3015 0.6530562105991767 -0.8063014865678835 0.4114936666985051 88 86 81 4.65
3016 0.7047606633341275 -0.8250631688730921 0.459314622812535 90 94 98 3.16
3017 0.6987115799888826 -0.8180729516924286 0.4611138185110534 81 87 94 2.96
3018 0.6769115017698444 -0.7970972153011746 0.4083584720483244 89 92 91 4.16
3019 0.7005643314218835 -0.7964571893247205 0.4549775456113594 89 92 90 4.72
3020 0.660722402360175 -0.7635128631418437 0.440063219924227 106 107 102 5.57
3021 0.6886460033740105 -0.7279074944849846 0.4431702874352685 85 87 88 4.1
3022 0.6619578416845381 -0.6346180220516213 0.3842501844688542 87 91 91 4.24
3023 0.6326282398106512 -0.5890760827191623 0.4375174317376075 86 86 88 4.63
3024 0.674564854940543 -0.5905369859714336 0.3963897070837504 69 74 76 5.49
3025 0.6439508678560771 -0.5404668528962333 0.3758624541947014 109 114 112 2.28
3026 0.6513443859981788 -0.4485930883111586 0.41240448208213 100 93 81 3.08
3027 0.658580124701044 -0.3698933002211486 0.4157642166670493 170 168 158 4.16
3028 0.6281815116221345 -0.3429552177764409 0.4081581020363343 80 79 73 8.04
3029 0.675902246828249 -0.3805491187316237 0.3166361501021191 102 100 91 5.34
3030 0.6474095017240006 -0.3578557419227674 0.3848391228053014 114 114 121 3.03
3031 0.9214594844711406 -0.4802800302892006 0.02565354652078811 199 206 217 6.08
3032 0.8395630873028619 -0.4542827655604305 0.1473786564286591 116 118 118 4.69
3033 0.6548724618212013 -0.341284752746022 0.3797331584774792 107 105 105 4.23
3034 0.9088487714532183 -0.493708481877948 0.02154118883243128 172 167 162 2.43
3035 0.6851506289416198 -0.3473750722923902 0.4261918384559205 59 63 65 4.32
3036 0.6454676574941292 -0.323652346318968 0.3798747134865441 101 98 93 4.9
3037 0.6769744594887424 -0.3520618719922266 0.2845690948769254 101 100 94 5.02
3038 0.6556584874346535 -0.3382476994967392 0.3290871494988916 107 103 89 4.45
3039 0.7692569927506565 -0.3636681430702976 0.02979403459141028 120 122 120 6.26
3040 0.6071477728899777 -0.2104345353009714 0.630973104100217 75 77 69 6.03
3041 0.6467982563964317 -0.2500103215814743 0.4624389370704096 81 82 76 5.66
3042 0.67187247244812 -0.2551291755050538 0.4104516388478314 110 108 97 3.53
3043 0.6642405044444692 -0.2671762581429031 0.2831202487365413 83 85 81 5.94
3044 0.6460766090429623 -0.230854972247312 0.4965652243802298 67 63 57 3.74
3045 0.6671982856404102 -0.2430754412506492 0.3118095701364545 105 106 98 5.83
3046 0.5813366274216614 -0.1589595558647235 0.7837183866073735 80 81 78 6.63
3047 0.7686460188446655 -0.2846765032444734 0.03126590077366509 72 75 66 3.31
3048 0.7351217309080835 -0.2610364445424517 0.1810947655920588 113 115 109 4.51
3049 0.6539948459129246 -0.1970895916023984 0.3372553773468432 77 76 73 3.33
3050 0.6738250802183261 -0.1821789336295804 0.2818544327567539 72 68 57 3.72
3051 0.7557735680392159 -0.2139039838351812 0.08356299424263769 109 107 100 5.82
3052 0.6675946585925581 -0.1749383894366748 0.2957302514072254 127 123 111 4.79
3053 0.6474389535634858 -0.1423987343083521 0.4757522201812446 89 88 82 5.68
3054 0.7524151519052737 -0.1975012277217101 0.1142351606427855 105 104 99 5.92
3055 0.7521934349190789 -0.1748856435291386 0.1146718021347176 100 103 103 5.41
3056 0.6553328953016101 -0.1187232478386968 0.3191974646340191 73 68 57 4.49
3057 0.6564136048391479 -0.1075216346998629 0.343365857831251 70 64 50 6.61
3058 0.664517513237733 -0.1081814175232941 0.3878960977396265 98 98 91 5.03
3059 0.581598106854521 -0.06014154083228701 0.6995972289820858 62 59 47 5.61
3060 0.6687013643563955 -0.1134629090746865 0.2722310846111676 91 88 79 5.96
3061 0.6704121170792243 -0.1146833625126127 0.2728442214933698 91 86 71 4.47
3062 0.6437791325419464 -0.08652003852010112 0.3221000475633249 64 63 56 6.68
3063 0.7319744422432852 -0.09023262129272783 0.2023110894024903 71 71 69 6.15
3064 0.6712548240389313 -0.05837336653638098 0.291267400010033 90 88 80 4.53
3065 0.6893021695567199 -0.02128979454238954 0.2986936921116042 34 35 26 4.27
3066 0.6618672386773309 -0.02952386042425159 0.3215106272346504 36 38 28 4.36
3067 0.6848737326255274 -0.04143615951100403 0.2752532642382264 95 95 92 1.45
3068 0.7056577318614974 -0.9041954805158197 0.4159955866275089 90 84 74 6.97
3069 0.6632088895013077 -0.8433084929097667 0.4194481785309843 105 106 104 2.02
3070 0.6692091660030903 -0.8174802551355194 0.4139433557213937 93 95 86 2.85
3071 0.6861232029017728 -0.7879644343392791 0.4143334878739225 59 61 62 4.97
3072 0.6817823127564893 -0.7368710312767865 0.4356608235292559 116 114 104 5.46
3073 0.6979540497153145 -0.7169897556497578 0.4827466253461351 142 150 156 4.6
3074 0.6689632945291957 -0.5525145879331805 0.3037356319488506 141 145 153 4.52
3075 0.7620798372660784 -0.4350784176063583 0.4627538857657746 113 120 117 3.6
3076 0.6364069305474606 -0.3792960749551665 0.3965216437113839 131 132 126 5.19
3077 0.6466783973698877 -0.3646370488703868 0.399281553791152 139 133 125 4.3
3078 0.7735803225816658 -0.4638253255635971 0.02158677872246773 156 159 160 4.85
3079 0.6480947340493015 -0.3384057548981483 0.3887596737545457 127 122 113 2.26
3080 0.6193754493344623 -0.3119759324247336 0.4073959416720482 94 94 81 6.01
3081 0.6677064211153463 -0.3109180441854475 0.3630842396261215 75 72 67 3.83
3082 0.6548398073299538 -0.2347529668785013 0.3321646688870848 96 94 88 3.47
3083 0.6442215113278436 -0.2024128280933171 0.4642398482361093 55 56 46 4.54
3084 0.6720471224093953 -0.2210417127013838 0.2935517637050805 85 82 73 4.41
3085 0.7843104318421481 -0.2715619991627136 0.01487236499090927 84 82 73 3.33
3086 0.768172344584795 -0.2588328555802349 0.04967757907450521 97 93 86 4.82
3087 0.7540963377406984 -0.2406663290743675 0.04767266453365504 68 63 54 1.97
3088 0.7540963377406984 -0.2406663290743675 0.04767266453365504 68 63 54 1.97
3089 0.6376938322293092 -0.1690323683472145 0.3756396703617489 49 54 37 3.88
3090 0.6926850943848109 -0.1764801123261007 0.4109431019040126 79 78 72 5.13
3091 1.048135619835043 -0.2300149183579808 0.2855856138832887 75 70 63 4.14
3092 0.6389419987659202 -0.1368880211386793 0.4788071898096098 79 79 73 4.46
3093 0.6623062652139172 -0.1347964442899114 0.3202427103319556 80 79 72 4.67
3094 0.6208883739479848 -0.08956881316921994 0.5475999146696041 78 76 66 5.66
3095 0.5990148985448117 -0.0773640002481889 0.6238256223863675 62 60 51 6.39
3096 0.6559763698547941 -0.1021953797990915 0.3340439104056243 48 46 35 4.99
3097 0.6423484964296594 -0.09083463751087315 0.4828969958475876 87 81 64 2.02
3098 0.6649934205901669 -0.1015334417658498 0.2785483876144269 63 61 48 6.04
3099 0.672312731654221 -0.1120848841613477 0.2905288975774548 87 86 80 6.08
3100 0.6667016595258901 -0.09653362940188256 0.3229216806712042 77 75 64 4.63
3101 0.6440843870178503 -0.07216773721533101 0.4303013798376222 68 70 66 7.35
3102 0.7550031231075967 -0.1155290688531131 0.07515734924018047 111 110 106 6.13
3103 0.7163194796232788 -0.09121760127158149 0.2268081370217812 37 43 42 5.68
3104 0.7620612784876035 -0.08411540521473476 0.09879075516457281 67 68 64 3.98
3105 0.6026453528464135 -0.02107631110663163 0.6516256074646544 49 52 49 2.76
3106 0.5371522714050634 0.01120626256048499 0.7244743095276187 75 76 66 5.01
3107 0.7294994310014569 -0.06262439710820225 0.07993001844750036 61 61 54 6.22
3108 0.6222207607776106 -0.006815419026841033 0.4632716458222969 65 67 60 4.15
3109 0.6315964067604495 -0.01149101447283141 0.4274400955593388 80 79 71 3.69
3110 0.6854238323864239 -0.02500706316967501 0.2264735436415343 45 45 40 4.91
3111 0.6700423933803514 -0.02643325324869353 0.3202108504370726 48 46 39 5.49
3112 0.656543117076565 -0.8010217046112407 0.4398968293459525 94 96 91 5.4
3113 0.6702201427468129 -0.7611971768788934 0.4381610331373905 102 106 101 3.9
3114 0.6752967396106502 -0.766697249095502 0.4353671998752591 100 101 95 5.55
3115 0.6652338141909044 -0.6369553498874123 0.395475423646517 99 96 89 4.48
3116 0.7779772152038891 -0.4685908249001478 0.4633204880606676 175 176 190 4.85
3117 0.838724320550871 -0.4217742933988671 0.02733820140734267 112 118 119 5.38
3118 0.6471744839324322 -0.2096336717874576 0.4933338067460076 90 85 71 4.7
3119 0.6030834650374988 -0.1618086945301417 0.4071966101033531 102 106 92 4.4
3120 0.7171172344389138 -0.1791373336944947 0.2156850287096586 66 71 68 6.29
3121 0.6350234995280596 -0.1509460657357757 0.3824732733601431 85 81 69 3.64
3122 0.578707595333659 -0.0946880954523478 0.7079620082627969 88 88 85 5.89
3123 0.6178399770558644 -0.1026444592695585 0.5791239920023735 76 74 65 2.63
3124 0.7774550730243295 -0.1698553096158376 0.01940041331080078 80 80 71 4.52
3125 0.6618202152598014 -0.1294914613482966 0.2972933055892222 64 61 51 2.02
3126 0.6605315620558563 -0.1174401039602381 0.3432455647272445 84 79 64 1.9
3127 0.6672948758720858 -0.118903489051144 0.3006679630922339 77 74 54 4.76
3128 0.5815710823516321 -0.06245545299668542 0.7087179563010957 68 66 59 5.91
3129 0.5711146054962597 -0.05521225153820547 0.7202454310707522 61 56 43 3.95
3130 0.7270048054961042 -0.1059590360346786 0.2168387758315561 50 50 44 4.77
3131 0.6331142409852946 -0.05425105345736109 0.5469748893090836 67 63 48 0.47
3132 0.6774896018116072 -0.05375543883624992 0.3870985602666401 70 68 61 6.04
3133 0.7381290510972254 -0.07393814739517895 0.1799553643355204 25 30 26 5.37
3134 0.6074585185162908 -0.2108426785319479 0.637236043271427 95 94 92 5.38
3135 0.7201778633697171 -0.2566016110437257 0.1916860640065428 81 91 83 4.57
3136 0.7124478876557436 -0.05281675089493906 0.1223770853514093 77 79 76 4.79
3137 0.4643121216440356 0.02575875820283285 0.7117185443346915 38 39 38 3.37
3138 0.6898839486403801 -0.8640768374898589 0.3767928158557771 83 88 89 2.51
3139 0.6507879506813053 -0.1164828945425703 0.3901496127217546 86 82 67 4.63
3140 0.6541529743927236 -0.04350035807448342 0.3218134007312857 45 47 38 5.84
3141 0.6339887309718103 -0.03322197110056836 0.2413192171991999 93 102 99 4.15
3142 0.6689536292817559 -0.3761801912934051 0.3131335317027085 144 146 137 4.83
3143 0.5747273021608141 -0.07031423294615718 0.6833210296730237 100 103 95 5.59
3144 0.747161215027252 -0.1343357332709567 0.1117611457546627 121 123 121 6.24
3145 0.747161215027252 -0.1343357332709567 0.1117611457546627 121 123 121 6.24
3146 1.19543782461089 -0.04722409959152951 0.348650316319997 76 78 77 2.44
3147 0.642865815302298 -0.408493307039794 0.3907745499606001 117 120 110 5.52
3148 0.7698752364160186 -0.3475024463013507 0.1738037310195146 42 51 59 6.02
3149 0.7315818929854538 -0.205488816868666 0.1800645959918692 116 119 118 5.29
3150 0.7368445374222443 -0.1714581619201796 0.1378513728878393 70 72 64 4.46
3151 0.7321905128993411 -0.1702851307082529 0.1398982913965477 66 72 61 5.69
3152 0.7451084564913852 -0.1461661980382636 0.1110810786248332 131 128 110 2.89
3153 0.6359052937573931 -0.4311642892586604 0.4104967448708333 49 52 44 3.64
3154 0.646174680530904 -0.3545821452982578 0.3763882093358165 75 74 66 4.37
3155 0.6550567492854046 -0.3618604511877334 0.3533919112633752 122 118 96 3.82
3156 0.6540326378872867 -0.2006006250009769 0.4448016578993789 80 82 76 5.21
3157 0.6430163914055695 -0.1026561780949405 0.4869958770393805 110 104 85 4.97
3158 0.6555445108343286 -0.1088734629183022 0.3205685356667486 74 75 64 5.74
3159 0.5845683588724474 -0.03882719225238131 0.2751858959051694 109 110 104 3.57
3160 0.6497569281898999 -0.03003330198152365 0.349523075607558 116 109 85 1.85
3161 0.5508774196211215 -0.3431495915584123 0.7809345755245424 229 231 237 4.75
3162 0.6540283875475015 -0.2641468868266822 0.365104941349911 81 61 63 6.67
3163 0.6644439651835821 -0.2670947320350368 0.3196452835582134 54 58 54 7.56
3164 0.5846036205291949 -0.1374358631510309 0.6918095283825517 90 88 72 6.44
3165 0.5844236833483032 -0.142576720129538 0.6930181112359705 107 102 84 4.99
3166 0.5862269525912662 -0.03991998447412506 0.6826916865397556 62 63 51 4.25
3167 0.6388299856344911 0.009075086214666531 0.3949396969204041 13 13 9 1.98
3168 0.5616005067106365 -0.3128666978403449 0.7765347647430281 51 57 67 5.13
3169 0.7109202985564071 -1.187046028168563 0.4575772417484872 96 88 83 2.39
3170 0.7101229825520516 -1.156987535017844 0.443094403673801 149 153 159 1.2
3171 0.6031281108987019 -0.9136365111845932 0.5091054088073982 103 104 108 2.86
3172 0.6502253001482865 -0.8925204878629109 0.4821806440360212 67 71 72 3.5
3173 0.6535003578032702 -0.8907447570849616 0.4814817064763834 86 89 89 3.61
3174 0.6853867738573767 -0.9232170809674631 0.4489169050578612 72 75 80 3.96
3175 0.8055824334663366 -1.042588232786842 0.35750640049518 105 104 102 2.72
3176 0.7037732135525379 -0.8422660816058001 0.4764764655417094 104 106 102 4.83
3177 0.8479870488724151 -0.9375067776511232 0.3991149068058585 89 89 87 4.98
3178 0.6127674700472195 -0.7573391044631066 0.4080533383437177 204 215 226 3.07
3179 0.6607779468452853 -0.7878719048983756 0.4071306839754821 123 125 122 4.41
3180 0.7041849298548786 -0.8122048464144098 0.3907257604435943 100 104 104 3.14
3181 0.5468936284565727 -0.6693084886449114 0.4594479614887954 70 68 68 3.23
3182 0.8565027942381116 -0.9196469330693238 0.3131607911221956 117 115 102 1.51
3183 0.596363950078095 -0.7034088066074422 0.4414944679216497 104 100 100 2.62
3184 0.905642333079661 -0.9135723028721492 0.3787146678516485 72 69 62 4.36
3185 0.8134434604055021 -0.8228746705420011 0.4190279275573536 116 116 111 3.62
3186 0.744161737360036 -0.7542836339711703 0.4511621802384751 115 114 111 4.57
3187 0.744161737360036 -0.7542836339711703 0.4511621802384751 115 114 111 4.57
3188 0.7809611506921679 -0.7624381612185558 0.3274938480362507 112 110 108 4.85
3189 0.6791342991736742 -0.663281529254889 0.3770405682423471 71 72 70 5.39
3190 0.7601757628720895 -0.6864938304640236 0.4305291773743898 80 80 80 4.84
3191 0.6565332625288309 -0.6118067890678411 0.4629618163750607 66 66 63 4.19
3192 0.6904157928973811 -0.6282286471741536 0.4456388970912329 63 66 67 3.29
3193 0.7329871702134032 -0.6500496550830022 0.4293037572135366 76 76 70 4.9
3194 0.7361332304674451 -0.652527244869942 0.4275976498825167 71 70 63 4.67
3195 0.5889937541355416 -0.5656035492156388 0.406501810767086 185 188 197 2.49
3196 0.8000335372412404 -0.7074223891668654 0.3347169377387165 105 106 107 3.53
3197 0.3922184163730992 -0.3259926923699822 0.8337513376687495 119 119 131 2.28
3198 0.6041335993996227 -0.5634676280920337 0.4631197732131852 168 163 160 1.78
3199 0.9676263755712033 -0.8209141443524064 0.1586716593069073 106 104 97 1.44
3200 0.9661420961673963 -0.7633897938669536 0.3138641247981726 90 85 72 2.03
3201 0.6585230412341173 -0.6229893516440621 0.3241315275145435 138 142 145 4.19
3202 0.9525295718754867 -0.764623973782401 0.2354045252014129 103 98 86 1.77
3203 0.6819623087013684 -0.6247591259434744 0.3304737546136411 159 162 168 4.14
3204 0.648255983233156 -0.601387565444429 0.3437058089631536 129 130 122 2.49
3205 0.9303932392435839 -0.7014403417525494 0.4106354816826183 217 220 221 4.43
3206 0.4367900992331393 -0.4243948236775154 0.4807762982977335 128 132 136 4.84
3207 0.630980279245516 -0.5598168468243536 0.389034064623438 140 140 137 2.79
3208 0.6315529053410934 -0.5402694989725076 0.4464622829291156 128 131 130 4.5
3209 0.7159847213083712 -0.5757435142701257 0.450220704585337 99 98 105 3.39
3210 1.041380620706628 -0.7323338530763814 0.3379915077357754 122 117 105 2.69
3211 0.7957565787295484 -0.6334454625837187 0.2943981190661393 108 110 105 4.87
3212 0.6441786640355955 -0.5601807703634503 0.3530475596399152 112 110 110 4.46
3213 0.3818010942636131 -0.2866025770805951 0.8305730692188047 93 96 111 6.23
3214 0.6901989301495228 -0.5642728798034018 0.3255146873633774 197 207 232 3.46
3215 0.6901989301495228 -0.5642728798034018 0.3255146873633774 197 207 232 3.46
3216 0.5298351251477711 -0.3623435534264187 0.8319127931160379 142 147 161 3.13
3217 0.3815248999195613 -0.27918415579385 0.8339269446192307 64 64 73 6.03
3218 0.9531961405498703 -0.7176532944941869 0.1398685486381215 116 115 109 2.26
3219 0.4766441268369864 -0.4005095699945484 0.5257401744322988 99 98 100 5.05
3220 0.676646439802532 -0.5540626231160095 0.3194234794038447 112 115 119 3.58
3221 0.3930029064960009 -0.2742665418441164 0.8223220857057786 102 100 107 5.86
3222 0.5534899051780492 -0.3552466005541205 0.8170332936262503 123 124 133 3.95
3223 0.6349438025253001 -0.3906350365281605 0.7721848771455228 211 216 231 5.55
3224 0.3077274963957964 -0.2998822378701759 0.5283320716564289 157 173 185 3.37
3225 1.130727714143644 -0.7707205157473185 0.02141472183207638 150 143 128 2.73
3226 0.9415067296863822 -0.6600085137616576 0.1623740815420925 182 192 201 5.4
3227 0.5259592380785602 -0.3921225361755288 0.5176327763887529 92 91 92 4.64
3228 0.7981533696959329 -0.5255986049972867 0.3822209376983359 104 102 95 4.68
3229 0.641999893482629 -0.4738967519431577 0.372941858822343 147 147 139 3.42
3230 1.045169217953892 -0.6257257130151486 0.2847607485760045 177 171 155 3.95
3231 0.7972726038857363 -0.5019684618643487 0.4361428845320359 176 173 169 2.28
3232 0.6804349971221446 -0.4888133432200386 0.2978597533277946 125 128 130 5.15
3233 0.5888121125465333 -0.4306277979794071 0.3936816065515114 96 94 83 1.33
3234 0.4656976381242083 -0.3324066499395546 0.5030915681246065 81 74 68 5.92
3235 0.6439521292560922 -0.4374317487392507 0.4057088955109447 89 84 72 3.93
3236 0.7551563013669855 -0.468997772145254 0.3999480431933082 109 108 100 4.27
3237 0.6492744795497511 -0.4190266809178991 0.3767352872603499 82 74 62 3.64
3238 0.5198944737042596 -0.2841948119359459 0.8066752450125642 113 114 113 2.27
3239 0.5336271712918795 -0.2815164360549184 0.8180537516072154 81 84 84 4.8
3240 0.8397197340624021 -0.4287619900932858 0.6239515162013833 71 75 79 6.95
3241 0.8323906438884445 -0.5089824534679956 0.2545115285983572 113 108 104 7.47
3242 0.6770299609282058 -0.4236994282189381 0.3343989996316608 71 67 57 0.77
3243 0.6950678645524451 -0.4529568433911214 0.3078712952951197 115 110 102 4.14
3244 0.6454993087577564 -0.4405613857327662 0.3068969109889461 110 102 98 2.44
3245 0.5086586318944932 -0.2522033807266045 0.823358185141756 91 86 76 5.32
3246 0.7193361460482235 -0.3407080564226043 0.7698170974651908 123 124 128 3.85
3247 0.6238054519495736 -0.2811540806609083 0.7912606829500393 115 114 110 6.41
3248 1.011921101162595 -0.5342967962220115 0.259524095158276 120 130 138 3.81
3249 1.254929371327342 -0.6658991593384849 -0.06783824371511171 137 129 114 3.28
3250 0.6577393678405554 -0.3584942546109579 0.4299812864471371 108 107 103 5.09
3251 1.305702859860813 -0.6621254905902605 -0.09799702271812216 142 134 119 3.06
3252 0.5072920295870355 -0.2997107360545452 0.4140234552097161 120 117 112 2.19
3253 0.689006295705082 -0.4049063749552989 0.3016537428345115 154 151 140 3.93
3254 0.6892163678663292 -0.4000655406538839 0.2943812715435722 148 140 124 1.33
3255 0.6836022658648957 -0.39742222770808 0.2922745170101798 135 137 135 4.58
3256 0.688001606977779 -0.3722990351742706 0.4167970872977684 139 138 132 5.17
3257 0.5439159359240892 -0.2391164161082938 0.7942735265854962 94 100 105 5.26
3258 1.089642436789614 -0.4174498570976717 0.6703708153584234 35 39 47 6.78
3259 0.6639391194644686 -0.2962609659119346 0.654789179101769 62 74 86 5.39
3260 0.8472929524163779 -0.4608002014290197 0.1322182342190072 162 168 172 4.59
3261 0.7461957126871406 -0.2935305614607335 0.7680788816183872 117 126 133 4.23
3262 0.7411936157270611 -0.2921629133249443 0.7650691178279543 114 123 128 4.02
3263 1.212591487300778 -0.5591890024503414 0.04459237378230396 96 88 73 3.82
3264 0.7657948104085421 -0.3962562198395181 0.1921616561364488 74 76 79 3.47
3265 0.5959613265087809 -0.2392554120178305 0.7073444693915016 24 32 38 3.17
3266 0.5883191087841947 -0.3223207259279255 0.3739817134357545 97 91 78 1.27
3267 0.6766298692712833 -0.3167151875753904 0.4209832429500113 131 130 124 5.03
3268 0.5347403899585953 -0.213991820388609 0.7905180682561581 136 139 136 4.95
3270 0.6073390083439836 -0.2455960919804181 0.6351883002452765 26 29 33 3.17
3271 0.6919563780999407 -0.3505633154219959 0.2978727967653119 141 130 112 2.19
3272 0.8977842173536079 -0.4738392970814355 0.001074829930588717 134 147 149 2.57
3273 0.8938841290900577 -0.4967114731752479 -0.07052703812861183 99 97 91 1.94
3274 0.4507793656921982 -0.1619265158292531 0.7933814303580102 49 48 46 5.17
3275 0.7744912730677436 -0.3795558351421391 0.02829691519511845 96 96 98 2.19
3276 0.6117570041719699 -0.2146287519186967 0.7508469867071733 85 84 85 3.74
3277 0.787188120199688 -0.3954842760961406 0.06780831233591633 114 116 112 2.96
3278 0.6012821491882899 -0.2650483950805578 0.4307350645239327 156 154 146 4.53
3279 0.8023621244984391 -0.2845840659128951 0.5192372696148788 73 73 76 7.12
3280 0.6053408916931959 -0.2351013152277222 0.5591395375043545 57 57 50 5.36
3281 0.7133515683695155 -0.2490053792789768 0.583449539504322 119 115 107 0.86
3282 0.299303916263529 -0.09873519050166513 0.8022757550313298 48 50 44 1.27
3284 0.6335965121077647 -0.2529545804844643 0.4579363389221792 80 83 83 2.84
3285 0.6378778902044321 -0.2562251378453195 0.4274312680224486 100 104 96 5.72
3286 0.6026520369729073 -0.1896490622837315 0.6476696941969939 59 58 54 2.68
3287 0.7977065511061692 -0.2857914865971656 0.4235864596096948 94 96 96 5.58
3288 0.8582865800945085 -0.3099307197148289 0.3353082103195831 100 99 101 4.05
3289 0.6402026630589762 -0.2278349869125004 0.5424369605815773 63 65 64 4.4
3290 0.6427616337796243 -0.2091703931383762 0.5446000213668013 95 95 93 5.79
3291 0.4681173499433058 -0.1281322306930872 0.7976401585542402 82 80 82 4.83
3292 0.7966103476352338 -0.2838461492904784 0.3569955089464946 73 69 60 1.93
3293 0.5864733682523597 -0.1988284383980796 0.6030629670476263 89 86 75 4.59
3294 0.6372083631666506 -0.2178823804300433 0.5182535459702765 104 105 107 6.32
3295 0.6109114908289386 -0.204302235742527 0.6179777230404171 119 122 121 4.08
3296 0.7194787472010853 -0.2363172205772162 0.459887947673013 77 74 64 5.73
3297 0.7498286102913925 -0.3319334185267602 0.01346850087019513 112 109 102 4.7
3298 1.247786593526314 -0.4680774357835746 -0.2834249541496943 44 46 48 4.87
3299 0.6352869385146034 -0.2183670744190911 0.5331599486842884 113 110 102 2.58
3300 1.169008407765499 -0.4387089585840845 -0.2380219571003044 40 41 43 3.94
3301 0.6346346673923078 -0.24893280921263 0.3345905863292123 72 68 58 3.81
3302 0.9529188615900746 -0.2806613344847248 0.4533439620583282 77 72 58 6.88
3303 0.7871268515774259 -0.3193158792557111 0.08649247912086055 79 84 89 3.62
3304 0.696730010908831 -0.3015924944954901 0.09343183487264328 73 73 65 3.89
3305 0.5422893023330934 -0.1435379193357225 0.7441789294878296 60 53 46 6.07
3306 0.6586228622030125 -0.2577791238053466 0.1727182593225286 52 52 54 3.29
3307 0.5251842844824267 -0.1381756771169742 0.789110808436865 105 105 98 2.34
3308 0.7006447073777704 -0.2360178140121857 0.392753944219432 120 117 109 3.5
3309 0.6341600265044738 -0.1753939554171185 0.5660106974506445 36 39 37 4.63
3310 0.657096361466057 -0.2180351935442255 0.2909430516767126 88 84 77 2.8
3312 0.7449435020800481 -0.2321029666446423 0.4192354315025442 89 83 80 4.93
3313 0.4969517711943872 -0.1687856321681168 0.3856121985083278 56 58 62 1.98
3314 0.7201628073397079 -0.265733267195043 0.1953458172266325 101 103 96 4.36
3315 0.6131492666833462 -0.2167007680010036 0.3607392594090748 137 131 113 2.7
3316 1.525297218587817 -0.4586533471208742 -0.1949279329599398 119 110 92 4.71
3317 0.5973175394404127 -0.1644857830109062 0.6561514949913692 90 87 81 4.31
3318 0.6935894414148478 -0.2815938414816104 0.0465740955496512 216 217 216 2.41
3319 0.5988631424757149 -0.2096909742833425 0.348867088391573 124 113 90 0.92
3320 0.5346698870177843 -0.172938419673434 0.3667497189556691 54 53 54 1.76
3321 0.8433429367141083 -0.3131790229672891 -0.03650423601238151 108 105 94 0.97
3322 0.6650409670412432 -0.2209520165242322 0.2584170905692946 75 71 66 7.76
3323 0.7672245006812637 -0.2853346987421239 0.02331976030197414 119 119 112 4.08
3324 0.7230797886938118 -0.2487993831838333 0.2102264158208531 88 86 76 4.06
3325 0.7500377555401301 -0.267896238657102 0.1017797980423847 96 93 85 4.06
3326 0.5782330765623093 -0.157480448200976 0.6264017139431728 129 127 121 3.6
3327 0.5050612844167374 -0.1027554405183384 0.7673567503995096 22 26 27 2.91
3328 0.6315834692073463 -0.1961266727667279 0.4117004734848911 102 99 90 3.0
3329 1.055987471697689 -0.2361861253902901 0.5593866516101691 55 58 61 6.61
3330 0.6356393874487055 -0.2107047388645824 0.3375726761759837 116 114 106 2.5
3331 0.5803668723869007 -0.1359850375793853 0.6123582064546761 27 30 31 2.33
3332 0.5560216765339121 -0.1719791314492484 0.3495594960641036 86 86 88 3.7
3334 1.439936117540074 -0.3902266811626269 -0.09199875192918405 105 97 79 5.34
3335 0.4608683265233854 -0.1447156098798213 0.3925305798725186 48 45 40 4.86
3336 0.6127380463848708 -0.1861789229775632 0.4234992111661222 110 107 95 2.6
3338 0.5781397509973697 -0.1328274102417293 0.6197542788335467 47 46 47 5.75
3339 0.5675840561909152 -0.1263797959947131 0.6335733487879746 50 51 49 2.7
3340 0.7348799829791153 -0.203173504639431 0.4264876551132439 72 73 70 4.57
3341 0.6863663728105072 -0.2301199948780813 0.2034032174068191 95 87 75 3.0
3343 0.7013498873705484 -0.1790285001256313 0.393579451277164 68 69 58 5.44
3344 0.7419949467512696 -0.257262268336846 0.07525901954055714 107 106 101 2.71
3345 0.6116052418139893 -0.1848785700856165 0.3386733155876359 83 79 66 4.98
3347 0.8202590812713102 -0.2725910163167994 -0.03924868004864113 99 94 79 4.67
3348 0.6642898667172774 -0.186646978378871 0.385961856189922 96 99 100 7.16
3349 0.6996302943379833 -0.1854930747672645 0.2709316833512709 78 76 64 2.47
3350 0.6996302943379833 -0.1854930747672645 0.2709316833512709 78 76 64 2.47
3351 0.6244241670153695 -0.1603283050568453 0.3888306531807708 82 81 75 5.9
3352 0.8575112310911122 -0.1965139667738462 0.4389928311212596 35 36 34 7.1
3353 0.5829195233589058 -0.1450653108169263 0.5580104902542211 105 102 92 4.69
3354 0.709909227952519 -0.2207184990587889 0.184883813279328 87 84 75 3.84
3355 0.6923939033589259 -0.1734385312565545 0.445059548786883 89 90 75 4.37
3356 0.7759667702745103 -0.2410072993408124 0.0214548943871804 95 92 86 4.88
3357 0.7927092165774432 -0.1521648191212792 0.5800518397754532 65 68 68 6.72
3358 0.6670469558990426 -0.1867791416241834 0.2831438037455725 105 102 88 5.38
3359 0.6137230432690022 -0.1482238377682415 0.517926921341712 103 107 109 2.09
3360 0.6603816398491181 -0.1597725365807593 0.3565879481938788 32 33 30 4.46
3361 0.6522518252122267 -0.1847802134235072 0.2880768802133503 137 137 124 3.83
3362 0.5930116957802221 -0.09476997795946446 0.7384543192581343 55 52 51 5.52
3364 0.559596811765752 -0.1032746741644137 0.6077409809024414 67 67 71 4.19
3365 0.9012891222890662 -0.2362069038021257 -0.03721784134609929 41 38 38 5.28
3366 0.5798767393213223 -0.1029190305678126 0.6205092962653986 82 83 86 5.07
3367 0.5798767393213223 -0.1029190305678126 0.6205092962653986 82 83 86 5.07
3368 0.66797104215583 -0.1975814327676267 0.1432150190188947 87 81 70 3.22
3369 0.4850634873225519 -0.06727224608744439 0.7920195902837601 78 79 68 5.99
3370 0.6916315619084017 -0.1655318656152729 0.2065705631350717 65 67 63 4.91
3371 0.8560096402746473 -0.2437545777698984 -0.01653083488200124 84 79 67 1.37
3372 0.8560096402746473 -0.2437545777698984 -0.01653083488200124 84 79 67 1.37
3373 0.6618067228238886 -0.1520640639154816 0.4389936054096943 83 83 77 5.86
3374 0.7166336049493074 -0.1672639494399933 0.3642634148178566 85 84 82 5.63
3375 0.5742455409318884 -0.08870671615468873 0.6858746921933168 51 53 52 3.34
3376 0.7847982945834768 -0.2094828956159343 0.0067337370886007 70 71 64 5.13
3377 0.749488359450851 -0.1859759080204731 0.1709169680168641 81 78 71 5.08
3378 0.6874768891329079 -0.1807045911453239 0.2365531904212262 138 136 128 2.51
3379 0.7480989502434627 -0.1836245004877688 0.09199647464429361 83 81 80 3.45
3380 0.7736142037766478 -0.2218843136700373 0.01072134289095139 117 114 104 4.64
3381 0.6657157325191547 -0.1434139612793982 0.4378718781746935 117 115 104 2.56
3383 1.507737978048703 -0.3232222169481044 -0.2311590537801809 59 58 54 4.66
3384 0.6207352241920771 -0.1304787939788931 0.4913471034712882 111 109 101 2.17
3385 0.575200166500884 -0.08110110052972899 0.6851697917757983 96 96 95 4.62
3386 0.591693554039629 -0.0984189219067991 0.6827382748508405 111 112 109 5.94
3387 0.6499653741533135 -0.1333225138503471 0.3130694125748293 70 74 72 4.21
3388 0.5222729982886618 -0.06186138668644559 0.7793865045170761 81 80 80 5.04
3389 0.5706097599750288 -0.09345071141582337 0.7008563933542374 80 78 70 3.34
3390 0.6977357062809617 -0.169492289134659 0.2244506038412728 82 82 76 3.71
3391 0.6543639237143218 -0.1309691581074754 0.2997479862430376 84 82 77 3.77
3392 0.5760467904153787 -0.08061255444480334 0.6442497757593557 66 64 63 5.16
3393 0.5796268889102928 -0.0997529289849825 0.626631713596442 75 71 55 2.32
3394 0.6447206245080345 -0.1388563485704943 0.2268165319661287 73 69 64 4.8
3395 0.6398138863952696 -0.1171735027154178 0.5545557100247644 84 82 73 2.96
3396 0.6552678265037271 -0.1345264347604538 0.2906630329178146 55 54 52 4.41
3397 0.6253618448057624 -0.115494735944502 0.5532096722982236 86 81 68 5.36
3398 0.9090970563742145 -0.2364368296336278 -0.0892507941066456 85 79 71 3.19
3399 0.5972564037751713 -0.1116881324474092 0.5531678883162674 96 93 86 2.08
3400 0.6694451291483636 -0.1351139896084167 0.2914589269070548 73 73 74 4.09
3401 0.5822292490007797 -0.09704444695812184 0.6330890014014194 85 82 73 2.39
3402 0.6739914898521393 -0.167743611694583 0.1574407358525136 57 53 41 3.45
3403 0.937625797512994 -0.2451492542124271 -0.05506346847252597 100 96 87 5.84
3405 0.6316944651034612 -0.1094876961867637 0.5606775438615217 76 70 55 1.53
3406 0.6643244315108137 -0.1308747585842 0.2794747712669571 61 61 56 5.15
3407 1.146504852026522 -0.2149477217650252 0.1180153520974051 106 98 81 7.18
3408 0.5697141684023026 -0.08751610949286526 0.6511170156188708 101 99 82 5.47
3409 0.592639102716374 -0.07660219712315697 0.6150014516925993 67 64 58 2.07
3410 0.6874414851436581 -0.1457204265358519 0.1057377455354047 54 54 50 5.08
3411 0.6409965614491792 -0.1179983381242763 0.4893696460092823 108 104 92 3.21
3412 0.6397887237097247 -0.1090535444812104 0.516897313184651 86 85 77 4.87
3413 0.7030183108888044 -0.1777800686038485 0.07290405670932298 74 70 61 2.88
3414 0.6637090917997348 -0.1399259309816497 0.2956252495602051 122 117 103 1.27
3415 0.6237084361056995 -0.07974487681727713 0.6039099877372762 75 71 68 5.2
3416 0.6503210168986957 -0.1363352783690759 0.3322725615604893 82 77 66 3.95
3417 0.6799616033832312 -0.1252722115215878 0.4237398423631058 93 89 79 2.43
3420 0.6710182814948094 -0.1365439046153312 0.2736131292279137 91 90 81 5.5
3421 0.5952969911871132 -0.06526864665465268 0.6652688769985999 39 37 30 2.53
3422 0.5842165903256509 -0.08818690163638715 0.6174748019010898 140 141 129 3.05
3423 1.229156284123829 -0.1806762747135873 0.3661426645138686 95 89 66 5.34
3424 0.5918534909012167 -0.06890277873238151 0.6169966318128031 57 57 58 4.56
3425 0.6827586764913478 -0.1428324375510037 0.2493440187011751 87 85 78 3.52
3426 0.6405325379617847 -0.1178667326763797 0.4022531853493163 100 98 86 3.86
3427 0.6736170885144526 -0.1148236266724337 0.4524633772740667 127 122 109 2.65
3428 1.457169309408051 -0.2419523264557009 -0.04113690745139875 73 69 62 7.15
3429 0.6138540384485057 -0.0716443878191754 0.6049475891535658 70 69 65 4.99
3430 0.6359969072566374 -0.1013991541006219 0.5022327239449231 88 86 77 4.85
3431 0.6331664457028414 -0.1089676261403003 0.4493861222272096 120 111 88 2.51
3432 0.6331664457028414 -0.1089676261403003 0.4493861222272096 120 111 88 2.51
3433 1.530598689848706 -0.2587310908858448 -0.1622427335569427 55 51 40 5.66
3435 1.165932861473236 -0.2313522780212501 -0.3003101998772175 70 65 56 5.23
3436 0.6761953814944672 -0.1294730864180782 0.2765452062356256 72 68 60 4.98
3437 0.5744259883217716 -0.05603964959195498 0.6787420973383953 34 35 32 5.01
3438 0.6591756816642271 -0.106690296782068 0.4590207371088997 128 128 120 4.54
3439 0.7463121767542042 -0.1423352225753564 0.04745748286371687 47 45 41 1.64
3440 0.5506869818324818 -0.07041705226148098 0.5905165955354468 67 64 54 3.67
3441 0.6205141091584171 -0.1092563594627284 0.2387013672926185 50 47 46 3.55
3442 0.7422166278541347 -0.1334993205211393 0.1357015640649442 51 50 46 5.39
3443 0.636357522924014 -0.09611639082661264 0.5065982125926973 111 112 108 5.02
3444 0.7849306231523374 -0.1482686094987145 0.0295099945781454 69 66 59 4.62
3445 0.6740710652627018 -0.1064354879480601 0.4042715557914736 76 73 70 4.76
3446 0.5526641381035361 -0.04260264942230624 0.751651329954152 76 74 67 4.51
3447 0.6511379797863234 -0.09667120289947373 0.2929334091705804 56 54 43 4.04
3448 0.6691697198754005 -0.121196983288319 0.299683858621384 95 91 77 3.59
3449 0.6679406320538779 -0.1034484374392355 0.2859038257364142 60 54 47 6.7
3450 0.788026926816126 -0.124514874867418 0.1535656687030749 27 28 24 5.17
3451 0.6876901537296598 -0.08317575078558165 0.4482330039407517 74 73 68 5.14
3452 0.7403103847550094 -0.1119925901029944 0.2217124053513512 46 44 39 5.13
3453 0.6417880422851985 -0.08387027189344826 0.5299705601142758 127 120 104 1.38
3454 0.6304030358714203 -0.08022821640211006 0.5351945577840911 113 108 96 5.33
3456 0.7379537022879812 -0.1548082813602246 0.005568818492236893 104 103 96 4.53
3457 0.6528896209499775 -0.084085017086966 0.5308157951129381 96 90 79 3.03
3458 0.6195102387836974 -0.05876699787203243 0.5449199539715639 70 67 65 4.46
3459 0.6558327616066409 -0.1003605752051549 0.1502030089403803 47 45 43 4.71
3460 0.6480139127603967 -0.1011869184400318 0.3347259511698134 76 70 54 5.08
3461 0.5801205335971473 -0.06193498438377035 0.617594119559017 91 83 63 4.11
3462 0.6361837901175128 -0.09552006292739432 0.3399748639322274 87 80 60 4.65
3463 0.6099193160221356 -0.06232202875339907 0.5790476034672507 87 82 63 4.02
3464 0.734040347646074 -0.1224647514050962 0.1685731245942779 101 96 90 5.22
3465 0.684958438608541 -0.08031288577862863 0.2244006390736684 63 61 56 4.9
3466 0.71855312369479 -0.1006579902583141 0.04392987072932852 67 65 60 1.87
3467 0.6985534426212425 -0.1034597888812206 0.2443039586209007 80 80 78 3.95
3468 0.7680836119874563 -0.1156481773847989 -0.02369243870341786 66 62 57 5.0
3469 0.7338563372859896 -0.1191834458196577 0.08249147818439906 59 56 46 3.18
3470 0.9407156032699813 -0.1526245858856236 -0.0897958509352903 72 68 51 1.54
3471 0.6549389471681037 -0.08244344660673983 0.3275039921969696 84 79 65 4.58
3472 0.9330006645735067 -0.150832379882838 -0.16968787989904 87 83 67 2.89
3473 0.6055788690516861 -0.07634525349571231 0.3456368108301543 91 87 78 4.67
3474 0.6966243819918374 -0.08005438569435397 0.1179474904777851 61 59 51 1.2
3475 0.6787007897853394 -0.07427929896388274 0.3869904625214763 78 73 59 2.77
3476 0.6477963081842925 -0.04694834743592056 0.4604837284073354 73 76 77 4.24
3477 0.732524867445902 -0.09015892758349645 0.02194102071505877 22 26 30 2.28
3478 0.6495862664055757 -0.07580841039823097 0.3339546333879042 86 79 65 5.3
3479 0.5283011851842176 -0.03650400006269663 0.3922043231150906 51 52 45 5.99
3480 0.7364949802177343 -0.09887647188495394 0.1715422135660882 83 81 72 5.17
3481 1.013754239121933 -0.1627939759358266 -0.2402320175702295 88 86 77 5.8
3482 0.6886990785817853 -0.1045622424839725 0.03600419261468846 105 107 98 4.25
3483 0.7278372112373237 -1.224045274956992 0.4480021496204396 131 140 138 1.63
3484 0.778548714498658 -1.246891629246854 0.4351598121979876 117 118 100 3.69
3485 0.7630441407765827 -1.181453801126124 0.4454747253958576 107 104 91 3.95
3486 0.6909183787292636 -1.11595740915518 0.4453523800314003 146 156 166 3.49
3487 0.7513143339543236 -1.161530929633616 0.4138726827195059 109 107 94 6.07
3488 0.6450223810875843 -0.9282062147075867 0.4645860268666281 65 65 64 3.25
3489 0.6536959696260994 -0.9217461709622154 0.4842237123926963 95 97 95 3.97
3490 0.6741957132774326 -0.9595730561860381 0.4370297983712829 94 96 94 4.22
3491 0.5806622574021372 -0.8397640880258006 0.520000379019177 109 112 115 3.25
3492 0.7900613860885655 -1.070513093844508 0.3523836925116102 97 100 94 2.88
3493 0.6775804258378151 -0.9427942659959641 0.455399700543488 117 114 110 3.95
3494 0.7174387997048093 -0.9853380192271903 0.4107495563633884 98 101 95 2.42
3495 0.6921041823085936 -0.9491302118645115 0.4594523359432581 91 93 90 4.85
3496 0.7301651449791822 -1.00432462613237 0.3769819049585286 156 167 174 4.6
3497 0.7056464829757341 -0.9594733295178093 0.4217136364642449 71 69 67 3.56
3498 0.6620677265959869 -0.9179210822878292 0.4280220869670563 88 90 87 3.56
3499 0.645597049063822 -0.8744956703088405 0.4951127539004854 82 81 81 3.15
3500 0.8212517492045543 -1.026510066777486 0.4431348659475284 89 90 86 4.38
3501 0.6716424228525029 -0.9251897526372377 0.4205837908184871 101 103 100 4.86
3502 0.6546794932475941 -0.8802759268334484 0.4690885354773651 101 103 103 3.39
3503 0.7166292267879746 -0.8995366755754599 0.4581441348055766 100 107 110 3.74
3504 0.6752438631365634 -0.8875347606283703 0.4064853948075184 99 101 100 4.54
3505 0.6297350082332234 -0.8292817832585053 0.4655323609478431 100 97 93 3.06
3506 0.6867606588577038 -0.8618510068030034 0.4419918967556209 122 125 122 4.68
3507 0.6734968949438405 -0.8494645979886741 0.4486473568685659 124 125 122 5.54
3508 0.7444160334019723 -0.9250568406966995 0.3714305772585474 77 80 74 4.09
3509 0.6234228252995401 -0.8178169908475237 0.4288121149701514 127 125 119 5.27
3510 0.8319448740407431 -1.012259442967377 0.2955250801098941 104 121 133 2.81
3511 0.8069364416227456 -0.973833711679865 0.340671889095742 113 115 109 4.89
3512 0.7117446352119083 -0.8552715697875712 0.4685753715521693 74 75 72 4.22
3513 0.7047098823455127 -0.8685784024216334 0.4181596410950966 97 97 92 4.64
3514 0.6843555486259951 -0.8364127330124391 0.4517437800994434 64 67 67 6.12
3515 0.727339586238732 -0.8709051387815061 0.4438091667953986 100 103 102 3.72
3516 0.6548929943614813 -0.8453251204507832 0.3876906521820116 195 212 234 4.98
3517 0.6759879188553277 -0.8173455965587353 0.4754779124720085 88 89 91 3.55
3518 0.7017006579174796 -0.8298275668627406 0.4692250164136701 71 71 66 4.85
3519 0.661273471664902 -0.8107204564512227 0.4488153612696724 68 69 65 4.68
3520 0.6486048547245856 -0.8156800970076716 0.4111995283048409 100 102 100 5.56
3521 0.5940024296081995 -0.7535259576743527 0.4416130302560133 83 85 85 2.89
3522 0.699419398426502 -0.8127752558415355 0.4753353765586417 69 74 78 2.95
3523 0.6758803121734389 -0.7831504546687433 0.4796598158587269 92 96 96 4.26
3524 0.5988667415748762 -0.7295472171923518 0.4586337782330856 66 66 62 2.74
3525 0.6292934120485478 -0.7261232974793683 0.4840029706446425 71 69 68 2.93
3526 0.6621879098151279 -0.7634536040701714 0.4544902365513926 104 106 101 5.37
3527 0.6888519224223155 -0.8016906400274408 0.3828965435440426 83 85 80 3.51
3528 0.680235330755808 -0.7636659640059122 0.4036503415912888 118 119 115 4.88
3529 0.7231660208716653 -0.7568643677866544 0.4536372649650392 92 93 90 4.67
3530 0.7691956710390291 -0.7977143078535225 0.397118426839796 125 126 118 3.54
3531 0.8295906763809806 -0.8361096575663023 0.387854919203112 126 124 114 3.36
3532 0.6801263849468058 -0.6948452944211201 0.4676312696874849 77 78 77 3.24
3533 0.5969861293029582 -0.6467712368781768 0.4207449848745278 110 107 97 0.76
3534 0.5300445960568152 -0.5587191339584432 0.4955322970290806 88 90 88 3.14
3535 0.6870626231982071 -0.6800708279529979 0.3606604475477534 101 101 98 4.34
3536 0.7174401421297714 -0.6978721775944956 0.3577247139830924 93 94 87 4.47
3537 0.7458436469503515 -0.7204046794082031 0.3418548439185164 107 105 97 4.85
3538 0.6970769234079246 -0.6840977697832902 0.354264254763873 84 84 78 5.02
3539 0.5320783509583337 -0.5450317735916592 0.4897844518149073 76 76 76 3.0
3540 0.6889034913451166 -0.642103440063893 0.4440976311448521 84 88 86 2.61
3541 0.702088341897606 -0.6469293174231663 0.4687529191277537 108 105 102 6.06
3542 0.8175981728241555 -0.7202308616732624 0.3993103274135327 70 69 61 5.24
3543 0.6721115223712057 -0.6385622340253676 0.3903667044673027 91 89 78 6.25
3544 0.7939316382349875 -0.7220882424526514 0.3202745902090265 77 74 68 4.21
3545 0.9421068215880184 -0.8148140078209256 0.2369793076763252 99 94 83 2.03
3546 0.649668507704444 -0.6156898353229401 0.3718890451695609 89 90 92 4.26
3547 0.7739577027516149 -0.6686612846846496 0.4160807382749314 94 92 94 4.83
3548 0.8811797437652953 -0.7798949103756914 0.2286050962748651 150 166 178 4.18
3549 0.604904519001597 -0.5814972148330781 0.3924886608933509 184 207 225 2.99
3550 0.9286098759861607 -0.7910089849243964 0.2120256858491594 204 211 213 5.68
3551 0.8980196386616583 -0.7280660943342347 0.3865367722473985 165 170 170 4.13
3552 0.9680754686196364 -0.7688943519543123 0.3562919282056111 168 172 171 3.34
3553 0.5686958968690029 -0.4214066223943705 0.8127738968283401 74 76 79 3.4
3554 0.8129187296322271 -0.664211891659918 0.3694639149381437 74 74 75 4.05
3555 0.7814681971249251 -0.6703038744316663 0.2509965672493409 86 88 83 4.99
3556 0.5506375808577393 -0.4974883347711639 0.4386908683105198 97 95 95 2.18
3557 0.6352208432969015 -0.573093465043965 0.3730835065605764 129 139 149 3.67
3558 0.6749703405878229 -0.5908853001130139 0.3109089882362768 108 113 124 3.59
3559 0.7256103002083369 -0.5876982606929204 0.4233352687798819 97 93 82 5.23
3560 0.3387752312033921 -0.3551832539810471 0.5410796835960771 125 129 137 2.55
3561 0.8798452213689598 -0.6740356061085404 0.3316255842881105 99 98 95 4.45
3562 0.4127297134209958 -0.3091276586867853 0.8305170706647632 114 118 126 6.55
3563 0.8325081814374371 -0.6428860905274347 0.3363376322159338 116 114 102 4.39
3564 0.3335332471947645 -0.3335501251200105 0.5831920976967518 88 91 97 3.23
3565 0.8057609024334502 -0.6418882782637569 0.260817937694137 184 193 202 4.69
3566 0.6812444698568192 -0.5695456506498213 0.330788333892845 169 183 198 5.73
3567 0.7369753552420679 -0.5789016344486186 0.4144160522018252 86 84 83 2.82
3568 0.5312520265339927 -0.440021205196221 0.5160323749314607 73 70 66 2.95
3569 0.3690184518838083 -0.2741915340434453 0.8465280420218848 104 106 114 4.91
3570 0.6558504919186381 -0.526947530626531 0.3820253679216612 85 83 72 2.79
3571 0.913688701204352 -0.6812013009936364 0.2604727266173489 140 148 150 4.13
3572 0.7273625257220049 -0.5595566719712224 0.4174198533894999 125 118 110 1.8
3573 0.564132373747482 -0.3788228857952817 0.7892046779923259 141 137 150 2.89
3574 0.5511411193569211 -0.4428514477418266 0.4807978999868585 110 107 98 4.2
3575 0.7509825675381478 -0.5861510430981032 0.2708502613247411 90 91 87 4.84
3576 0.7102380573196425 -0.5219201621028728 0.4277529616092051 92 91 80 5.81
3577 0.8528831419651373 -0.624888409182953 0.2600081955097677 114 112 100 4.89
3578 0.557564347785421 -0.4439715301314115 0.4409907911763264 86 79 72 2.13
3579 0.7883912644759881 -0.5598049895007813 0.4478167284333967 122 123 128 4.01
3580 0.9658026140682794 -0.6744622429089975 0.2424424615578784 166 168 169 3.29
3581 0.9644365169425302 -0.6733960018435947 0.2311171033189382 145 148 156 3.27
3582 0.7970855042930765 -0.5955118983985361 0.2355925491827298 109 107 103 6.06
3583 0.8163179591126337 -0.5648374075695366 0.3556075167247787 78 76 70 4.01
3584 1.06329444727679 -0.6616817788122582 0.3261783216584926 113 104 93 3.01
3585 0.541192997460791 -0.3320189904837191 0.8044298639404022 128 126 125 4.0
3586 0.5313504480855309 -0.3856247642311819 0.4909973724315337 140 138 123 2.21
3587 0.6681763930443478 -0.4740015742662726 0.422309893918719 107 104 100 3.51
3588 0.6389717587906577 -0.4624164444592143 0.3858040655708707 82 80 77 5.21
3589 0.5360839070449009 -0.3095116365873212 0.800383320207351 108 109 112 3.54
3590 0.5002708873402795 -0.3641257365430461 0.5205189733748005 74 72 72 4.81
3591 0.3036887116299867 -0.2655030852128852 0.5889239372370441 103 105 110 3.72
3592 0.8792438148560178 -0.5596943564223016 0.3106717765955457 134 130 123 4.01
3593 0.7788117998839716 -0.5235948369510164 0.2910740454745236 76 75 71 4.09
3594 0.6524339209990624 -0.4577924797458331 0.3670451218835656 88 88 86 4.54
3595 0.6130407518439768 -0.3300671533973216 0.7833707288060813 96 95 98 5.93
3596 0.7982324497849689 -0.4847667161186839 0.3972780780560197 76 70 61 6.64
3597 0.5366323565931369 -0.3585187637143964 0.4910288120320403 79 74 68 2.53
3598 0.7652795271427433 -0.5002212262720045 0.2728166395525626 110 107 105 6.56
3599 0.9683151730479589 -0.5487098950979401 0.3628587509358606 92 90 91 3.8
3600 0.9557878410388738 -0.5672157544763228 0.2533025183011147 128 113 90 4.34
3601 0.8149163847066625 -0.5280279173301403 0.2004797087076804 104 102 94 4.87
3602 0.562370318249485 -0.3010508393391174 0.7838774545623381 129 135 140 5.02
3603 0.531533103807064 -0.2818584111682003 0.8135559495776243 118 114 111 3.32
3604 0.5933791588261315 -0.3106333075359023 0.7801636568338062 96 99 102 4.81
3605 0.6266560358667809 -0.3929120497487535 0.4245144235297927 116 112 99 4.67
3606 0.940493058834815 -0.6249985482837941 -0.09947035240166335 188 189 197 5.0
3607 0.5570835846777112 -0.2813239182907341 0.8196336335246995 97 93 85 2.52
3608 0.584218753197403 -0.3007265524958144 0.7838660829512317 117 114 114 3.93
3609 0.4839265101314919 -0.2483367878150829 0.7953291527398657 79 81 80 4.87
3610 0.6314082924935013 -0.3829066269456008 0.3914295338751203 62 61 54 4.17
3611 0.7706478617596528 -0.4268966282593591 0.4461444375831942 152 153 145 2.66
3612 1.146225605309133 -0.6020453382218809 0.1033182530046297 76 68 53 3.75
3613 0.8106387845018626 -0.4412640144180884 0.3126848641195489 116 114 105 5.41
3614 0.6520636222636966 -0.3377133435730155 0.6253283039373834 102 104 110 1.89
3615 1.173681669187989 -0.6285120331642138 -0.02880314569110243 119 126 123 2.84
3616 1.336859880382382 -0.5310380451876413 0.6319325880853255 37 43 48 5.34
3617 0.6315671315656549 -0.3026036061626069 0.7265808492941577 95 105 117 1.45
3618 0.5062853122833783 -0.2889903694943526 0.4934010909507653 84 86 90 4.63
3619 0.68600466365715 -0.4054391951486776 0.2822276379515121 151 154 155 3.64
3620 0.6536335175948286 -0.2932648220181857 0.6627248218294873 33 37 38 2.75
3621 0.9125383459266407 -0.4274933748067974 0.4153951551969672 57 56 54 4.41
3622 0.7449754101578765 -0.4361553952788482 0.05844974858908014 147 145 148 3.32
3623 0.8366954687861219 -0.4363617799999108 0.1470135474824185 81 85 90 2.27
3624 0.6471959718273582 -0.340041686135312 0.4036682264731506 146 146 137 4.26
3625 0.4022631867344831 -0.1762249810818507 0.7708931386196827 23 26 30 4.99
3626 0.4755845699495312 -0.1848153137619052 0.779648809749936 66 70 69 4.21
3627 0.5781147416095711 -0.2187502206725176 0.7590833950298312 55 61 65 3.31
3628 0.4689050376856547 -0.2204605177047283 0.575189727612523 35 40 43 2.62
3629 0.5171023456791162 -0.2388892289601537 0.555297577576161 43 50 59 1.44
3630 0.6634118538650782 -0.3443269295886853 0.3230538373569062 113 108 99 3.99
3631 0.625284637724891 -0.3311289310987597 0.3448212074799416 114 110 102 3.7
3632 0.4871902132141406 -0.1941137431843109 0.7527875101148156 38 41 46 4.88
3633 0.6294527080712214 -0.30312109413786 0.3480771962154235 40 41 38 4.72
3634 0.4944491238686263 -0.1784687307152038 0.803508871950616 75 73 70 6.66
3635 0.4351455445155805 -0.1618407360021465 0.8057269053717389 75 74 80 5.02
3636 0.2944593579523976 -0.1179927882032233 0.8198943429387597 63 67 68 1.57
3637 1.31969338348495 -0.6028755631421212 -0.2581972971754645 62 64 71 3.87
3638 0.6346482705753378 -0.2752060457720369 0.4673830611538177 39 42 41 4.74
3639 0.5865607328071927 -0.2303087937099511 0.7098513169258129 74 79 86 3.17
3640 0.5667914830527441 -0.2006240252070803 0.7399112597883412 64 66 63 3.07
3641 0.7784436508081356 -0.4084465859998786 0.02314188253240101 88 90 85 4.59
3642 0.519493407343342 -0.1906515641907067 0.6868046749276577 69 74 74 4.27
3643 0.5385120205005872 -0.1904704081429225 0.7935916228771126 90 86 81 5.19
3644 0.7203593075546524 -0.2890737046008789 0.4963925202057105 44 44 44 1.83
3645 0.9170831928166585 -0.3946131778544419 0.1358885942626193 91 87 81 5.17
3646 1.03123794195194 -0.3827926832170941 0.3409680188328625 59 60 59 4.27
3647 0.6485205545128765 -0.235968037400921 0.6246771963546118 63 66 60 6.82
3648 0.6112799678997463 -0.2108595335181032 0.7520467199658146 90 90 89 5.49
3649 0.4910962181121883 -0.1730284540178647 0.7325528492989926 78 77 80 4.9
3650 0.2801448995967327 -0.09791306865112462 0.834851419996637 73 72 65 1.45
3651 0.5010482573420393 -0.1613954891589219 0.7921670594200287 80 79 79 3.5
3652 0.5365388868650854 -0.186595125048567 0.7899378237656747 115 114 105 3.83
3653 0.5642489895963797 -0.1873784505276026 0.803299452496685 110 105 94 3.0
3654 0.5901898922617983 -0.2058891317494609 0.6584490732354096 58 59 55 2.73
3655 0.2815510037197289 -0.09923095798600653 0.8188554323805968 44 42 37 1.44
3656 1.081217333389256 -0.423582161731956 0.1161305673001319 61 51 41 4.75
3657 1.01017638580277 -0.4003210373017129 0.1045515198899818 88 82 74 3.69
3658 0.7486786279533262 -0.3741923208896153 0.003998483315949874 179 195 209 3.87
3659 0.8936209982856647 -0.4134527108964823 -0.1185510435570551 118 128 139 5.88
3660 0.4394565532211508 -0.1376824589098394 0.8106320947628383 70 68 68 5.06
3662 0.731576073235535 -0.2793486528769704 0.3787958587725351 101 98 90 7.59
3663 0.6129306188220793 -0.2112948836575963 0.5955957624328476 81 82 81 2.27
3664 0.5332278869068687 -0.161826028304188 0.7430698764739569 61 60 54 4.43
3665 0.7220263422466395 -0.3528322510766311 0.04089386578329857 134 134 126 4.1
3666 0.8888154129267267 -0.2889311362588874 0.5085704538144776 50 50 48 3.93
3667 0.7844012831561964 -0.3673447788731805 0.01497672442387388 125 118 104 1.74
3668 0.6349885637065349 -0.2178774356698033 0.5817708534042763 77 80 74 6.36
3669 0.6845976306020798 -0.245917308596847 0.457115552973845 72 73 69 5.29
3670 0.7134420197801699 -0.2382881148206074 0.5308064483157229 44 45 34 6.5
3671 0.5383766442752853 -0.1920479623904102 0.5624645391209715 58 57 60 4.51
3672 0.5383766442752853 -0.1920479623904102 0.5624645391209715 58 57 60 4.51
3673 0.7185774709754336 -0.2737792837964559 0.3917467801711354 117 118 112 3.9
3674 0.6898736384307884 -0.2312240450604757 0.5166834119170719 55 55 50 5.87
3675 0.5966211182972572 -0.2219924107676371 0.5519362063333544 72 72 70 3.75
3676 0.800545242714769 -0.2809307230447782 0.3836217425360514 50 46 38 5.59
3677 0.6850643065905544 -0.2421115690255366 0.4497978078094216 80 80 78 4.92
3678 0.6340370186919004 -0.2787947633238306 0.1402695621281709 99 96 90 3.5
3679 0.62135833599874 -0.2603168521424405 0.3426534551025305 96 90 79 3.69
3680 0.5979488557107789 -0.2098590667367196 0.5984213686590137 108 110 105 2.33
3681 0.5975696193182439 -0.2238760264707208 0.5260126627005629 91 94 94 2.56
3682 0.7546035107694193 -0.3428770792668536 0.02156571508054639 98 96 89 4.6
3683 0.7115640088574 -0.2535505562952972 0.3960519615682537 63 62 53 5.29
3684 0.7537993989267631 -0.3414873228272537 0.004702104016431452 107 109 104 3.97
3685 1.010972598349419 -0.3923721800162794 -0.03550569302768891 65 70 74 4.03
3686 0.8626200622141482 -0.3240092284788349 0.09874429135836871 39 48 49 5.23
3687 0.5365906559986405 -0.1470763498337824 0.7274535605161709 63 63 55 5.38
3688 0.7440439989974885 -0.2830265801633464 0.1407246129217752 42 46 49 5.84
3689 0.5453174533050288 -0.2123330356697525 0.3600474083674556 77 78 83 4.01
3690 0.8074290666193722 -0.3367626999064938 0.0672361564832642 80 90 96 4.53
3691 0.6515428826516603 -0.2375635928007068 0.4401102828289686 74 72 67 4.73
3692 0.7156938574616405 -0.2679802486312712 0.3283987301864441 101 97 94 4.36
3693 0.6200279045309929 -0.2395710067978574 0.3956851360132579 146 142 130 2.86
3694 0.9067730698940029 -0.326986028915554 0.08588337095572363 55 55 52 4.74
3695 0.7338831126258252 -0.3243299452395731 0.02591725599842909 74 73 67 4.58
3696 0.6332053486545201 -0.1676883839599194 0.7480454869964559 76 73 69 6.62
3697 0.4876485205559934 -0.1290186285605285 0.7761531792497627 62 59 60 4.83
3698 1.160425618514008 -0.4305880932764195 -0.2316192980326666 49 52 55 4.02
3699 0.5247201264249675 -0.1474760718376603 0.7009235883859453 75 73 73 4.54
3700 0.636841152857949 -0.2019155628440989 0.4878181971010234 62 61 55 1.92
3701 0.6357464223031767 -0.2213856949184638 0.4893074911236576 121 115 106 4.5
3702 0.6179933226381727 -0.1636435217418006 0.7256928799782552 55 53 49 5.78
3703 0.5814102306508546 -0.1667467798013135 0.7357118641461367 102 99 93 5.01
3704 0.620572371085899 -0.2185785021321208 0.4585576033667277 85 80 73 4.38
3705 0.9139483083838686 -0.322243938765841 0.06823644226654069 51 52 49 4.7
3706 1.074472669848316 -0.3776111006029089 -0.06166083167852321 38 39 41 3.64
3707 0.4886102215547034 -0.1524610369478212 0.5745176842357642 79 78 72 7.21
3708 0.6401671041053318 -0.2157541517650551 0.364554764763839 68 67 56 5.99
3709 0.5283748277070148 -0.1712407180340606 0.4347751064425592 76 72 61 3.97
3710 0.5405104551857101 -0.1421981015903349 0.7622901151915645 85 86 74 3.97
3711 0.8097240144032491 -0.3172938693195763 -0.03327301481814948 133 133 128 4.8
3712 0.7600348536863701 -0.3012616698110154 0.004178388901802332 145 142 134 2.24
3713 0.7671092781234383 -0.3003932412089577 0.01673680792743149 125 127 123 5.1
3714 0.653531759921138 -0.2357265718388392 0.2764128687200009 82 81 72 5.22
3715 0.7480115363033353 -0.3006842962671324 -0.008244649891753442 190 193 197 4.52
3717 1.084300995807648 -0.3462728019690019 -0.06888669903683753 59 58 55 4.03
3718 0.6774087711326158 -0.2151948734465666 0.398333250548918 118 121 115 3.59
3719 0.5898956874650937 -0.1958546202243828 0.2690451490381047 48 47 45 4.99
3720 0.9229160223182309 -0.3026737646477754 0.02304627515605495 66 64 59 4.86
3721 0.6783396273618405 -0.2158840430965539 0.3893135080439398 97 99 94 4.37
3722 0.5524949122563456 -0.1300259776189757 0.6919475356786777 52 48 40 5.72
3723 0.7442254366137462 -0.2573590468777692 0.1926399105836369 100 99 88 3.5
3724 0.7535748480674025 -0.2864363119169697 0.002942634901493602 144 146 142 4.53
3726 0.4570190055165364 -0.1467950862727889 0.4098454483951627 46 43 41 3.84
3727 0.6309273883478614 -0.1847150063403353 0.5157167765490963 125 131 127 2.05
3728 0.5247487377538536 -0.1131742952008636 0.7374668761726857 54 50 48 4.73
3729 0.7638261689503834 -0.2077274695122618 0.4441903312811024 82 78 74 4.34
3730 0.5536729563412053 -0.1262443029841862 0.6252254624033751 30 32 32 5.44
3731 0.8250707821525378 -0.2579535482265637 0.08778596602510513 61 60 55 4.67
3732 0.7559600931589296 -0.2614480969364305 0.0873428109298936 65 68 68 6.89
3733 0.6262816216585434 -0.1905335409332378 0.4089508606089369 78 78 72 4.59
3734 0.5428935222164054 -0.1543022678739629 0.3885057524755627 31 31 23 4.15
3735 0.7405298886853797 -0.2478039238680795 0.1439867528540653 77 74 63 3.48
3736 0.7872430296824449 -0.2472552655395731 0.09010971646331467 84 84 80 5.97
3737 0.7762084676859256 -0.2841402353741976 -0.0174747565141411 112 119 122 3.79
3738 0.6461206328893851 -0.1406324009629715 0.6494444506429442 59 61 58 5.42
3739 0.6715986707313137 -0.2437554148832738 0.06913789103991497 92 93 87 5.76
3740 0.7273609519280009 -0.2538714490978443 0.04880160740785211 94 91 82 5.23
3741 0.5531909733780798 -0.1070832431721869 0.7259343774875437 81 88 81 0.72
3742 0.6223678837429678 -0.1853711622035224 0.3874485378429462 78 78 72 5.84
3743 0.6434394026106345 -0.1884579381888102 0.3763829210006953 77 75 65 5.33
3744 1.235714843443125 -0.3137056485013585 0.1000783830384924 47 45 43 4.89
3746 0.7940966897862964 -0.2527302329590801 0.08931487372365166 88 86 75 4.86
3747 0.6666634921237871 -0.2028144454186165 0.2823691542746611 98 96 87 4.65
3748 0.7636283714013641 -0.2267666393274388 0.2036930855335499 98 95 87 3.51
3749 0.5932861336301846 -0.1627671649978258 0.3189007550244158 36 36 32 1.91
3750 0.7462454058785193 -0.1963116227325657 0.2616917228533754 33 32 28 4.26
3751 0.601345379877599 -0.174501278331675 0.3915243422921411 56 54 44 3.19
3752 0.7641561769126681 -0.25328423477606 0.01422821098085114 113 108 94 3.89
3753 0.6224076713188876 -0.1269003294638162 0.7286981149238206 78 81 82 6.35
3755 1.433480040784251 -0.3474385969195346 -0.07145852487662308 81 76 64 4.98
3756 0.8062551826473876 -0.2301662774282727 0.07844584491175588 64 63 53 5.9
3757 0.6899570834448778 -0.1282535050123895 0.678911788278086 50 49 45 5.2
3759 0.7675131294187358 -0.1947424284387694 0.3437710392886216 60 58 43 3.87
3760 0.7018459537053074 -0.1625874080252911 0.4115398004063003 25 27 24 5.87
3761 0.375452569767972 -0.05744915494956199 0.781481180183645 50 51 51 4.71
3762 0.375452569767972 -0.05744915494956199 0.781481180183645 50 51 51 4.71
3763 1.273875938925962 -0.343455535193994 -0.2766838373918796 57 54 50 5.33
3764 0.6304819180889771 -0.1603498388475538 0.2695367532083728 24 25 22 4.77
3765 0.5793087976250118 -0.1084210268976711 0.7397638361786356 109 105 99 4.2
3766 0.5235850843448652 -0.09371160731836431 0.7853528775614356 92 89 73 3.05
3767 0.6286408022105027 -0.1392650027483653 0.541461584061288 127 126 121 4.61
3768 0.7660514522081241 -0.2320393691612643 0.0455921495468492 55 52 42 5.22
3769 0.825756622125253 -0.2465051826340082 -0.03534714038085363 90 88 76 5.58
3770 0.6075016371972716 -0.1548225472444127 0.4005622015333753 117 112 99 2.89
3771 0.9601178686563216 -0.2564662545361751 -0.1319964158592377 50 46 40 7.14
3772 0.6255396587811541 -0.1349966119275304 0.3776655621328084 81 83 78 4.27
3773 0.6493903205555063 -0.162789680449591 0.3372742615205935 104 102 90 4.14
3774 0.5936673765352031 -0.1378514727291316 0.4248319899697114 90 84 71 3.62
3775 0.7016965065341763 -0.1515862903509926 0.2498420877695049 59 58 55 2.7
3776 0.54600898925737 -0.07537871604948843 0.7112263264921281 62 62 61 3.13
3777 0.7312054787913818 -0.1718317221504674 0.1322425051238348 86 84 84 1.71
3778 0.6023792756732834 -0.09924780783872281 0.5614632218577915 59 63 59 2.26
3779 0.5220315223075643 -0.077913202571083 0.7833376553878431 128 125 117 2.51
3780 0.5220216628998111 -0.06405719906248572 0.7721478093826444 77 76 77 4.9
3781 0.7216044547028075 -0.1306349229023803 0.4175972194289711 60 57 48 5.5
3782 0.6047252282448854 -0.125699538781956 0.474387958273305 104 104 98 3.5
3783 0.5404477788307875 -0.06472022907813607 0.7565447380023976 58 58 57 4.6
3784 0.693933733106612 -0.1589055382089148 0.2442078503192996 61 58 53 5.88
3785 0.6875269675648328 -0.1684629600905629 0.1953790088130348 81 77 69 3.63
3786 0.5564762962960604 -0.06592193905320487 0.7515417969682732 50 52 50 4.81
3787 0.6177154417625209 -0.1058451084872549 0.5736237944025726 72 67 54 2.05
3788 0.7359670295429801 -0.1216981429805061 0.523440371477139 72 69 60 4.59
3789 0.7761355620786445 -0.1726155519482977 0.06239463598218153 70 68 65 6.73
3790 0.705283113983175 -0.1733666612087569 0.1206870026999378 120 117 110 4.17
3791 0.8108619135614084 -0.1817855239941352 0.07868846589791345 85 82 74 3.32
3792 0.6303254231303846 -0.1018218254011199 0.5890429245525073 101 100 90 3.0
3793 0.708255062282259 -0.1396026568643051 0.1896144312341468 71 74 67 4.25
3794 0.7438011439299139 -0.1572958993913729 0.07134997136959687 56 52 49 1.5
3795 0.7092437177407083 -0.1191176790821693 0.4060398178417529 74 72 57 5.65
3796 0.7746288288094194 -0.1888157812764548 0.03000933003923967 87 81 74 2.97
3798 1.139599028842206 -0.2297230665213698 -0.127225379879307 69 66 64 4.27
3799 0.6170091078276192 -0.09827391891190684 0.5796019790068067 99 100 89 4.96
3800 0.863676090086942 -0.1045081876561912 0.6423893837427689 59 54 38 4.17
3801 0.7521016728896821 -0.1858062425245917 0.05449224044287893 86 86 80 4.44
3802 0.7130128153368074 -0.1542499352660948 0.1860505223574395 98 95 89 5.83
3803 0.7746539626343696 -0.1872549704789304 -0.003061476107082184 104 103 96 5.92
3804 0.5919960429631926 -0.06635113770413922 0.6687705812433744 53 51 50 2.42
3805 0.6701054801595103 -0.1389242379871664 0.2703062208809709 114 116 108 5.15
3806 0.6701054801595103 -0.1389242379871664 0.2703062208809709 114 116 108 5.15
3807 0.8637113882866967 -0.1957389475471402 -0.0146052294928507 96 89 76 2.74
3810 0.6179889435789145 -0.08677164089042672 0.5153257679952697 71 72 69 5.17
3811 0.6687350279041153 -0.1383140715665743 0.2888434175303121 84 81 71 4.36
3812 0.6723146685588544 -0.1018247813191149 0.3898083534216938 58 58 56 2.4
3813 0.7623297778655678 -0.1835927522695515 -0.01884073170699319 96 92 84 4.35
3814 0.6180626395537075 -0.06809740137245776 0.6708415201458726 62 63 60 5.54
3815 0.6180626395537075 -0.06809740137245776 0.6708415201458726 62 63 60 5.54
3816 0.6189343168991168 -0.0901341071689252 0.586707407544425 87 85 80 4.07
3817 0.5239386141910347 -0.0402070736988183 0.7487494763329543 45 47 45 5.4
3818 0.5182803850631283 -0.04380197879383009 0.7567145673540278 23 26 22 4.14
3819 0.5849758470542774 -0.06907754226589599 0.7241318219636284 111 109 96 4.33
3820 0.6647477178790839 -0.1081148852380569 0.4665815578728865 106 101 88 4.73
3821 0.5856686019206839 -0.07941927697905229 0.657685571380655 121 116 104 3.16
3822 0.6495376593669052 -0.1071255002978487 0.447506743469692 97 91 77 5.77
3823 0.6704036226179302 -0.123655616764556 0.1289833096542384 44 44 42 5.7
3824 0.6704036226179302 -0.123655616764556 0.1289833096542384 44 44 42 5.7
3825 0.7188604725898429 -0.1492869060475946 0.04284490932977147 67 65 56 7.15
3826 0.6477693085208481 -0.1193392258493674 0.3561715445999836 118 111 93 3.92
3827 0.5799237104614205 -0.07293596090140869 0.672952914650193 129 124 111 4.36
3828 0.6587915377200065 -0.1251299005702867 0.3060615702376371 105 103 90 5.56
3829 0.5824677381293305 -0.07385090697158686 0.6648976454563738 121 117 103 4.37
3830 0.5646726298755097 -0.04783007253209702 0.6854942731425191 74 72 62 1.81
3831 0.6478551416212099 -0.1160603469482078 0.328011215177429 121 112 94 2.83
3832 0.6692328469830877 -0.1049589122485118 0.2892398886511519 81 80 76 3.6
3833 0.71947299761229 -0.1173540170822386 0.205559670286364 44 43 37 2.93
3834 0.6791758874522966 -0.1224150716367911 0.2824351456893309 104 104 97 3.36
3835 0.6839105791602886 -0.09537251406575445 0.2963848316694461 50 51 44 5.13
3836 0.6920490007478464 -0.09553882378739773 0.2498406134699731 37 39 37 3.45
3837 0.7261129697593478 -0.06907950811652155 0.5902124095135438 15 14 12 4.01
3838 0.890791842904409 -0.1698887978693824 -0.03148114819354242 94 90 74 5.24
3839 0.6502484942734218 -0.08904502189991378 0.3220870418456764 71 70 58 5.95
3840 0.6275749429018052 -0.09264794728170958 0.2356640120430779 53 50 49 3.36
3841 0.642685058830857 -0.08462004547371604 0.4616054198330346 81 79 72 5.18
3842 0.7325316742268497 -0.1257744019626796 0.1800336188220457 77 73 64 5.59
3843 0.6582265503712567 -0.1007647330309231 0.1440514740878973 53 51 49 4.48
3844 0.6689352468332428 -0.09654435608946169 0.3987193291814994 62 61 52 3.88
3846 0.7588783274898927 -0.1277738625748564 0.09526344173545231 64 63 60 6.51
3847 0.6192843516283488 -0.08443097148764009 0.2124405559395225 80 81 83 3.67
3848 0.8867440094407772 -0.1558063078454695 -0.1050997411726728 80 77 68 4.73
3849 0.6879386092872879 -0.09186708515868147 0.09101881950281598 59 59 53 4.58
3850 0.7114078912669939 -0.1247432612503282 0.07755654997398054 45 41 29 2.98
3851 0.6882868910004853 -0.0743557325048573 0.2588721613971106 90 92 83 4.52
3852 0.6692815849649898 -0.07286190542362558 0.4776460039344333 72 72 67 3.82
3853 0.682339554104396 -0.073124688941474 0.439650633706577 78 78 71 5.0
3854 0.7270521224149498 -0.09588617290739238 0.09079226822671316 41 40 42 5.52
3856 0.7355896317638588 -0.08203509718048502 0.1695224567728684 74 75 66 5.41
3857 0.65182808575461 -0.07161509438492206 0.3232515018271923 88 84 73 5.28
3858 0.6868513650159074 -0.09368179561205681 0.1733414555687876 109 105 100 4.6
3859 0.757671821453662 -0.1093938744554091 0.06450730083361789 108 106 104 4.61
3860 0.7242884281147832 -0.09194772790479241 0.1957543879790077 82 82 81 4.01
3863 0.8394567579715364 -1.326994452668443 0.402359748048037 130 129 118 2.68
3864 0.6056358839177479 -0.9738008078779985 0.5151914565590012 94 93 93 3.12
3865 0.7445468969782225 -1.124228136173932 0.4593215697911097 178 181 184 5.14
3866 0.7164986234068715 -1.064451952795177 0.4679251873548095 91 90 82 4.69
3867 0.7448210940726732 -1.085063946689119 0.44066540750952 50 48 48 3.93
3868 0.7311008764795057 -1.023638822490522 0.4026271805868332 107 108 109 4.59
3869 0.7081207444153221 -0.972247982988474 0.4585030213096639 107 107 107 4.68
3870 0.7124905503468537 -0.9935815395541061 0.4129527421783593 88 94 97 3.33
3871 0.7381365916928948 -1.029209328147655 0.3770903272685782 80 86 95 1.03
3872 0.6894226238924255 -0.9411034608505267 0.4619634215246381 103 105 102 4.7
3873 0.7668573349023626 -0.988866354742969 0.451720525621787 102 105 104 5.09
3874 0.7085427408013896 -0.9358850530773934 0.3890274366826798 82 82 80 4.63
3875 0.7910985582975669 -0.9514070428972419 0.45183070356712 139 141 148 3.64
3876 0.7247739566379436 -0.8929297373697627 0.3768016198920492 131 133 126 1.81
3877 0.7676656484591717 -0.9245729570439054 0.3573593880313984 105 102 94 3.07
3878 0.682129126065449 -0.8465794739021748 0.393721816568959 69 71 72 5.08
3879 0.7955788003352318 -0.8962042004972559 0.4340441841362663 82 81 71 3.12
3880 0.7559391375583395 -0.8798074033014136 0.3543369620958547 83 82 77 2.46
3881 0.7059945770930238 -0.8097792927339282 0.4539604837351908 118 121 116 4.65
3882 0.5762048215285945 -0.6868447605450421 0.5271121772233762 90 89 91 2.89
3883 0.8152737214437888 -0.8735886966384792 0.3596435570824164 128 129 126 2.68
3884 0.7211862537537301 -0.8005805669441046 0.3600926940713604 94 97 97 5.35
3885 0.6543295306547683 -0.7402368333703053 0.4156687213317325 117 117 109 5.61
3886 0.7673324556497965 -0.7713074343336102 0.4479135637752669 103 104 96 4.13
3887 0.779038554415006 -0.7821581942316005 0.4433286172683577 98 99 91 3.73
3888 0.5688685181500217 -0.6386705021169383 0.4625500813119223 160 164 178 3.32
3889 0.7653416868049365 -0.7720727015387334 0.4301471054697681 89 87 82 5.29
3890 0.7972512376901706 -0.8170745460274942 0.3343439675221309 123 123 127 5.24
3891 0.822579592229332 -0.7917268725069262 0.4059881347893343 80 82 75 5.53
3892 0.85116139869045 -0.8053085123154182 0.3593840636897362 66 61 55 6.33
3893 0.7497215318090633 -0.7290353172215733 0.4223051526710231 112 111 102 5.24
3894 0.9124747843675205 -0.8434084766727501 0.3316152058433336 108 103 90 3.02
3895 0.6965744453036535 -0.679261593575422 0.3744353716758814 103 102 92 2.8
3896 0.7412371609182642 -0.7031410003868797 0.3657266026001348 78 78 79 4.71
3897 0.6961968486174122 -0.6695995097693881 0.3904765765885608 77 80 78 4.31
3898 0.7332362107445443 -0.7002429516352568 0.3590781756775133 88 86 82 4.69
3899 0.6157198607905305 -0.6154448176154355 0.403468477928461 154 156 156 2.17
3900 0.7333722778945904 -0.6676630432907094 0.3799941754235077 82 84 94 5.6
3901 0.5367844557583611 -0.5125310504635006 0.5186777797535322 84 83 79 2.88
3902 0.8400414225759003 -0.7401497762739344 0.3014284487897164 87 85 72 4.57
3903 0.8861542758006469 -0.7468158498843904 0.2985861222304471 67 65 57 1.6
3904 0.6751541189833352 -0.6170710748115824 0.4090858562549878 72 73 69 4.49
3905 0.7027039779622382 -0.6408144808790275 0.3166070512927704 106 111 121 2.27
3906 0.5019853491503675 -0.4992010504278555 0.4159588944660528 101 106 121 5.3
3907 0.6175423567149771 -0.5619136149784631 0.396090860789185 110 109 100 2.43
3908 0.7335674803033025 -0.6323018951524788 0.2921683257871659 75 77 74 4.84
3909 0.6843178292379697 -0.5674230625609091 0.4610475700069523 116 116 113 5.15
3910 0.7592840034305941 -0.6028779438483982 0.4275071203132118 82 83 80 4.21
3911 0.6845882585686447 -0.6064802218049603 0.3048948589452763 115 120 125 4.04
3912 0.7143299051543361 -0.4642009847087995 0.7917953498037325 105 101 92 2.39
3913 0.6670039242181891 -0.435991435208051 0.7904645380382995 83 81 71 3.06
3914 0.6982565513816106 -0.578349435365739 0.3505719863073156 69 72 65 4.53
3915 0.7160489077967116 -0.5915965129651624 0.3400964093571116 80 83 78 5.46
3916 0.673232333451564 -0.5514105224587729 0.3968222599504236 89 97 107 4.41
3917 0.7608040797111832 -0.5803028631498841 0.4759487735735168 129 124 118 1.32
3918 0.8378446262826527 -0.6752981064587469 0.2207078479048719 114 113 105 5.27
3919 0.7338864695131218 -0.5887467292841839 0.3367154406607114 69 70 64 4.71
3920 0.7621170737552647 -0.6050522187770764 0.3433891271142266 156 167 179 4.15
3921 0.6283536492552608 -0.5211627754503585 0.408870345063435 113 111 103 4.32
3922 0.5189553040764634 -0.4324061736702108 0.4641899302920033 77 76 75 3.47
3923 0.770856961301247 -0.601168765303284 0.2376880167267645 139 146 148 4.56
3924 0.7375641544621241 -0.5702505483960845 0.2962993759971123 79 84 90 4.3
3925 0.7610536099633538 -0.5512343071415562 0.3996690943413469 89 87 73 4.8
3926 0.7927390293977685 -0.6159598678357563 0.2221761992453001 91 99 102 4.24
3927 0.7307798109848416 -0.5319168579687672 0.4133782095743994 95 92 85 5.2
3928 0.6552470333903326 -0.5143438601464034 0.3182086516285162 70 69 68 2.85
3929 0.542341552031411 -0.420752046746779 0.4507644895594953 100 102 100 2.11
3930 0.7016142833018564 -0.5306769337456048 0.2949087369928265 115 115 108 4.86
3931 0.5767013333348084 -0.4345014517956253 0.4376554891975193 134 138 146 4.36
3932 0.8769664183041328 -0.6007987280434688 0.2746205021525694 141 140 138 3.91
3933 0.7282339858589937 -0.4798264193161808 0.4759729296988447 114 112 103 4.1
3934 0.5875922332197407 -0.4431134007318765 0.4479151672523949 138 136 129 4.65
3935 0.7868501032376793 -0.5359937754251753 0.3229057580182833 95 95 93 5.08
3936 0.6304715256946699 -0.4461881288332609 0.4378063285175757 123 123 119 5.38
3937 0.6639525448094956 -0.4668288900633117 0.4309578690026569 81 80 82 3.21
3938 0.6795395416432179 -0.4775732921664261 0.3306284882194374 107 113 116 5.28
3939 0.9722930052299552 -0.5824872888738497 0.3300400621612269 157 152 143 3.34
3940 0.517190839740221 -0.2958418528792611 0.8119643629231375 136 135 132 5.92
3941 0.7403458014638578 -0.5047420409848213 0.2872988129821423 139 142 146 6.13
3942 0.6614732136058933 -0.4813186087161406 0.3005820473761101 195 202 206 3.22
3943 0.6781580127875875 -0.4295668422192155 0.4609143795015125 106 110 105 3.7
3944 0.6413244531300859 -0.4504763773514912 0.3315306569403882 93 92 93 5.25
3945 1.081135517500939 -0.6122709497616365 0.3134222814957128 141 134 120 4.67
3946 0.658335104528044 -0.452678290562817 0.3224496252966069 110 106 103 4.9
3947 0.5294921342220407 -0.2893111030654702 0.7885521697844288 90 91 89 5.23
3948 0.5594403534715806 -0.3031350164266117 0.7899025711578853 88 91 98 2.74
3949 0.6638381726743716 -0.4582771016706395 0.3040643437034409 119 118 111 4.66
3950 0.7857795089187252 -0.4459453581137002 0.4472805143211412 89 85 81 5.71
3951 0.7663910879589357 -0.429741370649315 0.4693901736839808 72 74 73 2.31
3952 0.9826158221239927 -0.5283287817605928 0.3085931168399719 118 111 93 3.0
3953 0.6203247016550638 -0.395893132790999 0.4354564793866534 166 162 151 3.61
3954 0.6852579588754915 -0.4425438786182707 0.3111087412115584 140 129 116 2.66
3955 0.7567054393219406 -0.4573078777630734 0.2528109097760169 113 104 90 1.54
3956 0.5314064338290962 -0.2700678485447714 0.8022051025973913 108 105 93 3.37
3957 0.5310516285663383 -0.2555174575095805 0.8255913019274378 130 123 112 2.62
3958 0.6386438344187999 -0.3666393760186914 0.4249408719051894 124 124 117 4.82
3959 0.7200145437743324 -0.3985379427539755 0.3434809622997023 60 58 53 5.45
3960 0.6716585084620186 -0.4027079440207382 0.3227992546594631 141 139 133 3.91
3961 0.950962641456202 -0.5246584393275853 -0.008736268509750289 145 149 152 5.09
3962 0.950962641456202 -0.5246584393275853 -0.008736268509750289 145 149 152 5.09
3963 0.5249587481346563 -0.2171720142852414 0.8033086177629537 157 155 149 4.49
3964 0.4843298328256798 -0.2496007103941427 0.446668910033226 98 94 80 1.0
3965 0.6208094332066215 -0.3261031273761348 0.37115263273377 121 118 107 3.39
3966 0.823136592360501 -0.3948038404914233 0.2171887641355283 94 88 73 5.45
3967 0.7423574124058803 -0.3673352960538781 0.273051670330235 101 95 76 2.48
3968 0.9209072710191137 -0.3496246732429643 0.5207079290281721 59 59 58 4.57
3969 0.7447781285434616 -0.3302336705791288 0.3572424550002452 109 99 77 5.41
3970 0.3399025196387967 -0.1417086733189125 0.7542322826843737 31 34 34 1.73
3971 0.8156179685532625 -0.4376114167535471 0.009338220391208019 169 170 171 4.26
3972 0.7948743659064108 -0.2829895875485834 0.6136762062896153 50 52 51 4.08
3973 0.9999154460430995 -0.3621602659973959 0.4544733683159117 42 44 40 3.22
3974 0.7240946646189528 -0.2482327725742693 0.6473933985357904 67 62 54 5.71
3975 0.6336773105479344 -0.2212672819813344 0.6648151962842687 63 65 62 6.04
3977 0.5675401577479269 -0.1919732051816896 0.6875310087701477 58 58 58 3.22
3978 1.432377062923729 -0.5670983319590825 -0.258930724302713 59 60 62 3.77
3979 0.58172044715195 -0.1929526870699481 0.6870755623237231 54 58 52 2.29
3980 0.539243231250362 -0.2045012356593391 0.5381292342403066 73 78 88 3.79
3981 0.4902200051223253 -0.1682003291098268 0.6805974973539575 57 62 69 3.74
3982 0.833279290311072 -0.3541248233328516 0.08885267476175163 43 50 54 4.02
3983 0.5856419952022685 -0.2987490774726358 0.1522882779902673 129 141 147 3.56
3984 0.6146200684247549 -0.2234159119300345 0.6172044533962793 76 77 76 4.54
3985 0.5195858202263622 -0.1635650844718687 0.7063908263692746 71 66 54 4.67
3986 0.8208408650071906 -0.2737165609332411 0.5225733952826591 52 51 55 6.76
3987 1.102384322980726 -0.381453931040561 0.1890600826823717 101 96 85 4.2
3988 0.5995907408293781 -0.2412939365618628 0.417948036346755 98 93 81 5.16
3989 0.925893567806056 -0.4012974198658999 -0.06881203839527861 92 91 83 2.15
3990 0.7048744834509135 -0.3056633092786386 0.07222297293123503 102 104 104 4.68
3991 0.7395171846614099 -0.3080103796377658 0.03220247498207152 125 121 109 3.63
3992 0.9138933797679245 -0.3656176889815237 -0.0606233465389403 44 47 51 4.61
3993 0.7591326489390546 -0.2712212777428936 0.3368604673512301 121 118 110 4.69
3994 0.5559391653752118 -0.1489611624956081 0.71769463185516 32 29 21 5.62
3995 0.6397873536316732 -0.213499979462627 0.3731592819594027 98 97 81 4.55
3996 0.6229271739713428 -0.2079014912751556 0.4860450298911271 96 93 83 5.99
3997 0.7692628499338974 -0.2063716208207876 0.6305765610231509 55 52 43 5.01
3998 0.6738850454464433 -0.2074643780155273 0.509935465282765 72 68 60 5.26
3999 0.5450581835513524 -0.1378979792685474 0.7280511080277741 24 30 31 4.03
4000 0.6429390220199658 -0.1999191897637352 0.4038198371792532 93 93 83 3.74
4001 0.4637648422289937 -0.1548485397876164 0.4794150036783091 59 60 58 4.52
4002 0.3861753176022923 -0.1364003273901334 0.4922817489656879 67 64 63 1.76
4003 0.8241505504253335 -0.1976282831478022 0.6555374485166048 36 34 30 5.89
4004 0.577918707728038 -0.1644097774715654 0.6347649516680922 98 94 87 4.59
4005 0.8322288266447824 -0.3134509185851412 -0.04422734255114458 120 118 111 3.86
4006 0.6542475749716385 -0.2262955467802379 0.3172077355171701 134 129 116 3.62
4007 0.6934861650692339 -0.1905182572870499 0.4757132568381425 33 32 23 6.03
4008 0.7401790063664124 -0.2557876365757726 0.1811568098748968 83 86 80 3.85
4009 0.5905879439332827 -0.1913313114998846 0.4137467736741267 130 125 114 3.63
4010 0.6707340507633099 -0.1948359469419739 0.3582172554988738 79 79 71 5.6
4011 0.7611756103983414 -0.2816032506113045 -0.01800984097880676 122 119 113 1.68
4012 0.6950137947254522 -0.2106143843325815 0.396545737950477 91 100 102 1.58
4013 0.6409845554133659 -0.182373340619799 0.4623414053264812 74 68 56 5.46
4014 0.7974401747443816 -0.2505347815100784 0.07684588239843693 56 55 48 5.56
4015 0.278585079172249 -0.05759932115518507 0.7470020205868483 58 58 55 2.9
4016 0.7625573989617966 -0.2688142280841438 -0.003994376793195142 94 93 88 4.62
4017 0.7907051496475861 -0.2375813871895665 0.1651915048132361 59 58 50 5.52
4018 0.6090544011668229 -0.1736098750598511 0.3079005441775458 32 31 24 4.82
4019 0.6374114867276075 -0.1815243527809033 0.378906542532107 92 87 70 3.96
4020 0.707803775605536 -0.1928163705887246 0.2260452120479701 61 62 58 5.49
4021 0.6201630251776852 -0.1769269104231674 0.2137060507127732 66 65 63 5.36
4022 0.5840925850391561 -0.1183298721833988 0.5943044811121839 82 81 72 4.29
4024 1.194449779965533 -0.3138710003665491 -0.08949540709892356 62 58 50 5.81
4025 0.6582552965632769 -0.1640970752366765 0.4828594845997473 93 89 82 4.35
4026 0.5643872397109879 -0.1080515486346648 0.6082770288522872 70 72 67 5.13
4027 0.5933473141742731 -0.109670580359102 0.6196320969417459 73 74 71 5.37
4028 0.6320537198354013 -0.1792619868351175 0.1571987663100064 53 49 40 6.09
4029 0.9125741544340125 -0.2580223019355458 -0.07748437962641685 67 64 52 4.75
4030 1.012548189225223 -0.1909061185359489 0.5025211906170833 47 42 30 3.74
4031 0.6344335646310488 -0.1682755357068861 0.1982387813846106 35 34 33 5.23
4032 0.6279084243607951 -0.1398947528227059 0.5458467180941753 94 93 83 4.91
4033 0.6800634154910885 -0.1664581419362701 0.4322241010155312 121 120 112 3.52
4034 0.7595782501065347 -0.2281680841799025 0.07227446851094776 79 80 78 6.23
4035 0.723719660690672 -0.2185366911156585 0.09339101149781492 84 84 76 3.79
4036 0.7211836559661196 -0.1484575632230375 0.5203344586889402 88 87 78 4.58
4037 0.8370098878874843 -0.2285755117317441 -0.06856604117769582 89 86 76 5.77
4038 0.6088193496926716 -0.09260180991057509 0.7094890922314427 50 52 41 4.61
4039 0.8749820331426093 -0.1387557941095922 0.6324538876601625 57 51 38 4.07
4040 0.41780439795478 -0.09847800757584227 0.4367459657131397 36 34 26 5.56
4041 0.6655785857584067 -0.1731647335922068 0.2627074196845942 79 78 72 3.06
4042 0.5550790651999593 -0.09014090486957252 0.7504267747613419 75 76 70 4.28
4043 0.7276674168908244 -0.123617472144355 0.585495552720257 77 71 61 6.56
4044 0.6274288327189889 -0.1389028900995841 0.2772807005172029 74 76 72 4.79
4045 0.7103636128215329 -0.1903640931545986 0.1679474739439343 101 100 92 4.86
4046 0.730002788623153 -0.1351885891516761 0.49098879809606 67 64 54 6.64
4047 0.7561485055280239 -0.2040730292361601 0.07713664620153338 119 119 113 4.92
4048 0.4338255661322536 -0.06578555933258201 0.6375168235210568 78 78 74 6.04
4049 0.6155080085576312 -0.101782529086647 0.5713377496204883 43 45 41 1.48
4050 0.5572850586308906 -0.07977627087718281 0.662565873730492 69 70 58 2.49
4051 0.5726006341877066 -0.07632378986061569 0.7273434375780115 78 74 59 6.31
4052 0.7382245193256378 -0.1797705193672439 0.185678951705865 88 89 84 4.6
4053 0.701145628305943 -0.1463642237073283 0.240596020983147 51 52 49 4.02
4054 0.6181411642746164 -0.1486224059090946 0.2987979115782122 57 54 44 2.73
4056 0.6740905078200148 -0.1578865211336734 0.2437037333897663 89 87 81 4.14
4057 0.7260421307288236 -0.1673576977046047 0.1857419179953227 85 88 83 6.2
4058 0.6289758852427277 -0.09315982775669698 0.5495346787824659 84 78 64 4.7
4059 0.6778397867994594 -0.1453131309449467 0.2679806797418568 104 103 97 4.94
4060 0.7682192024364085 -0.1814995304583866 0.07633341957396556 84 80 76 3.88
4061 0.6219608588608614 -0.09778809017263329 0.5448813796784797 118 114 97 4.53
4062 0.7013318999139613 -0.119686467190612 0.3178026048107254 77 74 58 5.16
4063 0.6451023520023769 -0.1095460606643268 0.367882911599589 62 57 42 5.71
4064 0.7279969809978035 -0.1523137960627674 0.2086156729116648 73 70 59 4.59
4065 0.7690175444163085 -0.1475351965072212 0.06901496918923222 71 68 62 4.2
4066 0.699559339600057 -0.06973379324341114 0.6878904283460919 66 62 54 5.7
4067 0.6460453193988147 -0.06353186562618982 0.6989089806339075 69 63 49 7.35
4068 0.7363641173673594 -0.1588010081821221 0.05749573417667142 109 105 96 4.01
4069 0.5248618777389666 -0.0434373896818009 0.6365546188385984 71 70 52 6.39
4070 0.651735119847306 -0.07430527582728613 0.4278660580253181 16 18 16 4.83
4071 0.5704657736825112 -0.05989161113080285 0.7090477559408488 68 64 49 4.1
4072 0.5704657736825112 -0.05989161113080285 0.7090477559408488 68 64 49 4.1
4073 0.6880578177232375 -0.08555907483171146 0.5441708914000025 102 98 87 4.29
4074 0.6722201498813873 -0.08370151664923614 0.3931958894612155 50 52 38 6.86
4075 0.7037609710894703 -0.1001668501733355 0.1821117284152092 30 30 25 5.53
4076 0.5061455480249675 -0.03907454321512241 0.6356489522188573 17 20 19 6.03
4077 0.6631038970575763 -0.0946894228985955 0.4338903220971493 84 84 79 5.01
4078 0.6631038970575763 -0.0946894228985955 0.4338903220971493 84 84 79 5.01
4079 0.8335919815499488 -0.1483336286845556 -0.02006806621990553 60 56 44 3.44
4080 0.6462561236857486 -0.07920823071358274 0.3601009084842035 80 78 65 5.46
4081 0.5099442574241537 -0.02945736199930885 0.6300714486776404 11 14 14 5.54
4082 0.5756716629316144 -0.03165531120326177 0.7359816449340393 32 33 31 4.2
4083 0.4891159679973224 -0.03293483631225165 0.5578406639228255 40 42 40 4.8
4084 0.7395072480010174 -0.1266035644944096 0.07287801488436108 82 78 67 4.95
4085 0.7109348684596581 -0.06898142542390051 0.5590841461037912 37 35 24 3.73
4086 0.5720655723460909 -0.02579632479783156 0.6492781498720015 65 66 57 1.49
4087 0.7241733469472251 -0.08401308079654818 0.2177960623855635 31 32 28 5.07
4088 0.7856800255159373 -0.09284079047701713 0.1768563477115056 39 40 35 5.26
4089 0.7667103416197076 -0.1249599011918743 -0.008994187032197232 123 118 108 4.81
4090 0.7147530255223977 -0.1182328943846376 0.0337441924909363 120 114 104 4.3
4091 0.7540905270129183 -0.1003352722399962 0.07494014578185781 98 98 91 3.03
4092 0.7233331722686673 -0.09216164378222563 0.2112525148263737 89 87 77 4.1
4093 0.5163538311887157 -0.01745367000537962 0.7725621242359108 113 106 94 3.48
4094 0.7546101654344282 -0.08127403570389985 0.05182659223852615 70 72 62 5.47
4095 0.7253179861456853 -1.109340102987923 0.4291128896775513 112 113 113 1.98
4096 0.7094682906919951 -0.9353973705821146 0.3756403010610142 127 132 137 4.76
4097 0.6916557176885783 -0.8512624504721467 0.4545800669941287 81 83 89 3.76
4098 0.71173314965654 -0.8395967540541118 0.4500639148105277 94 95 92 3.38
4099 0.7329040993460503 -0.83777908758157 0.4458589890260843 100 100 94 4.7
4100 0.7072811780621127 -0.8197745203884677 0.4138353429620896 100 106 104 4.87
4101 0.8036827207659016 -0.8106510593210436 0.4429372348828151 83 88 92 4.27
4102 0.7107853662509407 -0.7659601479432576 0.3922093625843159 75 74 72 5.33
4103 0.8915907526294526 -0.8615683901715072 0.4025231303601452 125 128 127 3.88
4104 0.7847956852207181 -0.7866247020190145 0.3461649215514754 146 155 168 3.58
4105 0.760672327531126 -0.7367659730132816 0.4105588354369497 70 68 62 5.3
4106 0.7363821171052152 -0.7114971250549349 0.4097990612961172 70 68 58 5.9
4107 0.8977409605903781 -0.8319011097964129 0.2375106497295334 99 101 94 1.1
4108 0.8283583720438243 -0.7399283234583636 0.4230059684545895 97 104 117 4.85
4109 0.7572245885415421 -0.6794085700299446 0.450855561313781 96 99 98 4.79
4110 0.7033789118702332 -0.6641962347475472 0.3815005829405138 86 86 82 5.5
4111 0.6155512657226282 -0.5789550027436643 0.4827786704808337 70 68 62 4.19
4112 0.6219604156530056 -0.5653833109417616 0.3970006329188019 121 122 119 4.44
4113 0.6931808914920938 -0.5979506596243174 0.3373270308248507 114 122 132 5.0
4114 0.7350732264734181 -0.5806085155328067 0.4269475526094173 77 72 58 3.83
4115 0.6184879888134014 -0.5592589844781848 0.3754622769838392 175 182 186 3.96
4116 0.7649991299655998 -0.6361198030699367 0.2908793587418026 200 205 219 3.99
4118 0.7952727679131923 -0.6217954617913442 0.3227566924692369 74 74 79 3.93
4119 0.7886043271042948 -0.6016381753494358 0.328041077576004 210 218 226 4.97
4120 0.6649903967985684 -0.5195725690055448 0.41772261806029 91 86 77 4.1
4121 0.6997414042639465 -0.536139437770899 0.4375174610142576 114 109 100 0.78
4122 0.9321225539592504 -0.6615885115587083 0.2488887178356395 148 149 154 3.74
4123 0.9337160891767851 -0.6461654169026094 0.2467374781773988 152 153 158 3.23
4124 0.8428710865400482 -0.5875133810837903 0.2914329228282636 76 74 74 3.84
4125 0.8412325424329294 -0.5865185466572815 0.2921899874283299 78 76 76 4.59
4126 1.027882693993012 -0.6543894988227135 0.2799997436936521 102 97 81 2.11
4127 0.6207403262213259 -0.3584170995888975 0.7870432394757139 130 130 133 6.45
4128 0.7667970181575494 -0.5081140151210772 0.4547328382552379 144 146 142 5.56
4129 0.9500908539282458 -0.6181306652847729 0.222873761313467 96 95 89 3.77
4130 0.6218591120416089 -0.4637974223320245 0.3243519327604824 205 216 222 3.53
4131 0.9139039495037824 -0.5103912466123413 0.2219461221869513 97 84 67 2.9
4132 0.6455544467636019 -0.3243279059273804 0.4253594416490789 145 146 132 4.85
4133 0.6683369638250458 -0.3735143413711436 0.2929998936667898 115 122 118 3.28
4134 0.7979409194946914 -0.4095202913188651 0.1809150292771774 51 55 57 3.97
4135 0.5574205846059497 -0.2988991050122252 0.3951516753722512 68 66 59 5.41
4136 0.5072211767940868 -0.2661497481183167 0.4527368056143871 68 66 61 2.8
4137 0.6569647710693353 -0.3307727983442933 0.3618455266248268 117 113 101 4.87
4138 0.626766355040887 -0.2261732316558382 0.7440323726130877 39 41 39 5.75
4139 0.898155362436343 -0.3840034045100825 0.1944249355533444 83 81 74 3.79
4140 1.298193449298421 -0.4980743683889413 -0.02113492191533428 105 85 63 4.04
4141 1.021426447255702 -0.4057947089021099 0.1433335426509078 88 72 59 3.92
4142 0.5849538807256814 -0.2373922895763502 0.4296859558162324 107 113 116 1.6
4143 0.6497891772128601 -0.2155079370900157 0.6675645671945756 59 57 47 5.24
4144 0.5994643120912616 -0.2589588452432153 0.4329349354509935 150 150 142 4.13
4145 0.7683565126388678 -0.3581244207682749 0.02127894633508443 100 103 100 4.82
4146 0.7789658040886003 -0.3368801288286133 0.02040089156160363 62 62 58 4.64
4147 0.6847004153020677 -0.2539830597729406 0.2554662193450199 47 48 47 1.47
4148 1.329038814879783 -0.4807947611196013 -0.3312160330483307 52 55 57 2.72
4149 0.6530225463716494 -0.2026783723248459 0.5320427756817304 72 71 63 4.71
4150 0.9793938520579961 -0.3510870637943456 0.00985476799361007 40 43 46 3.5
4151 0.6676168604758679 -0.20212301212069 0.503571779971499 84 82 74 7.41
4152 0.929928675912437 -0.2715424359211597 0.3617406186042981 90 85 75 1.74
4153 0.9173415289560292 -0.3443792759699786 -0.1459856664928021 149 151 156 3.86
4154 0.7639510616177474 -0.2387039102982522 0.2775375669299295 94 88 73 5.44
4155 0.7403437887090991 -0.2396223669187887 0.2227216093700924 63 60 54 3.61
4156 0.8778705920532495 -0.2832375000796422 0.09002488283187848 82 81 76 4.85
4157 0.7301472873216186 -0.2108454991618265 0.3309774293609499 73 72 62 4.21
4158 0.6508755665824946 -0.1643861005699321 0.5303883924885466 34 33 24 2.03
4159 0.6514208778469495 -0.1634890065715938 0.5220448906428548 21 23 19 3.57
4161 0.619607695968834 -0.13117179377939 0.6140249412959193 76 75 67 4.44
4162 0.5921903390826557 -0.1412752981613881 0.6236878437471995 121 117 106 4.01
4163 0.8313191930366728 -0.1947448707118886 0.3152249931150273 46 44 36 4.22
4164 0.5544144854514754 -0.1048862796272433 0.5666630160079298 60 62 60 5.29
4165 0.7592069171549314 -0.2370102696035845 -0.01089452285157932 117 117 110 5.84
4166 0.751616961931149 -0.1849676035388702 0.1550132155354855 28 27 22 4.81
4167 0.8377785375766102 -0.1435891290964792 0.495671852132415 76 75 67 3.64
4168 0.7926330642213422 -0.1879232930856648 -0.03170120542997856 86 87 86 5.87
4169 0.557144531093445 -0.06999795646555534 0.7748507702848682 122 118 101 2.33
4170 0.6640435504710369 -0.12509278960751 0.4265943472168298 84 84 76 4.23
4171 0.6771522736233575 -0.1071050358730019 0.4180239768651934 85 82 73 4.53
4172 1.34692057977815 -0.2978065869918815 -0.5249588653602084 54 50 43 2.93
4173 0.6828738612709691 -0.1137044861874469 0.4742163565699663 65 67 61 4.7
4174 0.6895495562372895 -0.1143280620120486 0.2175493563294065 33 36 29 5.05
4175 0.6974028223604825 -0.09596220167570987 0.214383000206683 28 27 20 5.09
4176 0.7050494755239003 -0.09656381060117447 0.2100004707084956 32 32 26 5.84
4177 0.7072475972595953 -0.1052934386994529 0.3138676242846186 69 67 55 6.05
4178 0.5836459772014219 -0.05319103803960834 0.6688614205803433 54 58 52 3.56
4179 0.6764323904647578 -0.08121656476579178 0.4705656241226335 33 34 29 5.66
4180 0.8783488439567071 -0.13385357010146 0.003768686925452958 47 44 34 3.95
4181 0.5862391212763844 -0.0274885607889868 0.5838832484181041 95 92 82 5.14
4182 0.7045604653076818 -1.051204504536886 0.4322673714869998 124 123 115 4.35
4183 0.7392237624951583 -1.072844981777655 0.4116405845442817 120 120 113 4.4
4184 0.6852329710732272 -0.9998237374011736 0.4256606297579211 106 108 107 5.2
4186 0.700844948461856 -1.005602392609601 0.4224904310220717 119 121 117 3.76
4187 0.6530937373291565 -0.9290976535189799 0.4674345416214766 123 122 118 3.72
4188 0.7298418469419756 -0.8642169660329684 0.4285900716277415 88 88 80 4.39
4189 0.6927627253109758 -0.8647298904358103 0.3654158807989094 183 198 211 5.79
4190 0.6699539407969934 -0.7967729031391655 0.4342030367850817 118 120 115 4.38
4191 0.7793709973731062 -0.7887267659701158 0.392967523014175 41 42 40 5.65
4192 0.6462321954094064 -0.687801862814432 0.4086808063041268 116 118 114 5.13
4193 0.800919825307949 -0.7824137544103538 0.3275723342402711 126 126 115 4.99
4194 0.4343963824808279 -0.306383325287908 0.843414276357206 103 107 115 6.42
4195 0.6538818891160659 -0.5229028060501035 0.4068819422314623 63 74 86 4.27
4196 0.9046882792256168 -0.6199980166531529 0.2690599230653676 77 80 86 4.0
4197 0.6510307614462837 -0.4348173375829048 0.4441061106685638 69 69 64 6.57
4198 0.9135834286387678 -0.5023575278544865 0.3715043203848892 120 117 109 4.98
4199 0.7142637092614854 -0.362463970249592 0.6971719773113561 64 70 77 4.38
4200 0.5811864394458174 -0.3118174294491502 0.4683697845215636 121 122 124 4.55
4201 0.7850903058468788 -0.372088144287484 0.4072011896325382 148 150 143 3.4
4202 0.6769746830856596 -0.2450612312648389 0.7835153772758487 114 109 98 5.88
4203 0.5903890541953897 -0.2976917127939465 0.4305336818411919 155 156 148 3.9
4204 0.8095068315298901 -0.269717526378321 0.7668085232860746 81 76 67 2.69
4205 0.6579238935336705 -0.3160385818671935 0.09743793191382488 79 78 72 5.79
4206 0.6625331480690785 -0.2116971365863443 0.5001687448237585 89 88 81 4.53
4207 0.6869205167399508 -0.2870106573526821 0.1963230992207557 70 73 73 2.73
4208 0.6554753344394201 -0.2361998792220613 0.3706886403737978 89 86 76 4.2
4209 0.6431124223392248 -0.1726540196283899 0.6568831977706648 54 49 43 1.4
4210 0.6654560186314933 -0.2120168953753222 0.3788193767941267 90 90 84 5.66
4211 0.6275663719269545 -0.2030658265369512 0.4018044576202517 91 88 77 5.28
4212 0.760090817507072 -0.1821477399381222 0.5457526407176558 34 35 29 5.6
4213 0.6104830368136031 -0.1539549864402375 0.4903980075603516 97 94 82 4.39
4214 1.037572350123435 -0.2795455475980793 -0.1173647527516897 74 68 59 6.38
4215 0.6691403544526673 -0.1586870618220784 0.2799559605419876 70 71 62 5.24
4216 0.6743956003263281 -0.1469375941791763 0.3039832293691387 58 58 53 4.63
4217 0.7835941619621516 -0.1923605826338209 -0.03342731324467807 92 92 88 5.46
4218 0.8019041778152631 -0.1548831067252233 0.1136872254896276 79 76 65 5.54
4219 0.7149591757845324 -0.109435556980567 0.137051844882745 57 58 59 4.21
4220 0.6947984519708701 -0.07176940717834765 0.3987174484214936 10 12 10 6.13
4221 0.5930461364391226 -0.06399619870363021 0.3532341974689841 55 50 41 5.89
4222 0.4851660082473798 -0.01288938010435828 0.640684725327773 23 29 29 5.14
4223 0.7946678580365438 -1.280741611422429 0.409156237519993 195 202 210 4.03
4224 0.7344660347990537 -0.9083286227192602 0.4100351882380161 73 75 74 3.93
4225 0.7026669871718789 -0.8773298414844688 0.4243758337520516 78 80 77 4.72
4226 0.6487691414321402 -0.8244676902074044 0.468594029439898 82 80 72 4.35
4227 0.7453210234003662 -0.9158373408605258 0.3738218895375318 89 87 78 3.5
4228 0.7108519806217692 -0.8918334972196817 0.3887402419474761 89 88 80 4.42
4229 0.6554028420485617 -0.8052436962721912 0.4911535409109969 82 80 72 3.9
4230 0.7147154298312481 -0.8529457369430242 0.3585232225035182 78 79 78 4.04
4231 0.7018532120580392 -0.8004708966610961 0.4567693231596112 132 136 132 4.47
4232 0.7366512930914404 -0.7830804862651364 0.4503291762250358 71 71 72 3.93
4233 0.7520316642314997 -0.76995461591428 0.4282413167484231 122 123 115 4.69
4234 0.7420540484113898 -0.7841867937697731 0.3450939372964459 129 131 122 3.82
4235 0.7420540484113898 -0.7841867937697731 0.3450939372964459 129 131 122 3.82
4236 0.8539419985442434 -0.8243772424789417 0.3807676752356648 122 120 108 4.57
4237 0.7546311058496942 -0.7436249636491223 0.4246678944294947 119 119 110 5.24
4238 0.7153916888075473 -0.694807038076833 0.3586541480897789 91 88 82 4.36
4239 0.7517165951435014 -0.6852204228664018 0.3121125404204133 182 184 187 5.42
4240 0.7725387930861396 -0.4778043803623745 0.258431347729038 145 143 141 5.2
4241 0.5550170008106882 -0.2683623529161517 0.7951060147598651 107 108 95 4.76
4242 0.8718389629569934 -0.4416916570039229 0.1111633555112571 67 68 72 2.39
4243 0.9406390666619884 -0.4461541075316518 0.1031352542816569 36 40 41 3.64
4244 0.6538275041854691 -0.2866651990019853 0.4682449448879742 27 37 45 3.68
4245 0.591980226536558 -0.26199815322615 0.4890049679580833 70 74 77 3.05
4246 1.063491045760169 -0.3573245933432951 0.3861978661441483 84 82 73 1.24
4247 0.6573774062424674 -0.2375047593560428 0.4794460068535841 93 96 92 5.29
4248 0.6321015569367101 -0.1448855787869523 0.7294301357020746 20 22 16 4.9
4249 0.5570500597500815 -0.1393247780243214 0.5753960446398763 91 91 86 4.64
4251 0.4762792114017796 -0.07844260560012289 0.7809514267193175 51 50 43 4.77
4252 0.7144519635075075 -0.1980587471285997 0.05347460718182517 90 88 81 5.67
4253 0.7904052370798815 -0.2032819951281843 0.1914290782973495 77 74 60 4.67
4254 0.9790479470397373 -0.2172432808756826 -0.1367271958431369 88 82 72 5.08
4255 0.9702859421508137 -0.2146554717129874 -0.1282243729493964 98 91 81 5.69
4256 0.8964154893173539 -0.1350580216958744 0.2324941386591466 59 54 45 6.49
4258 0.7681083901078471 -1.22038000348311 0.4086785400844533 212 219 224 4.88
4259 0.8104832825261947 -1.116333237556322 0.3878665585331879 99 102 100 4.19
4260 0.7844967898275568 -0.9579793796708338 0.3997171619906841 118 115 105 4.17
4261 0.6925884945261129 -0.8192498203373728 0.3999250407143801 111 113 104 3.34
4262 0.8092201464852049 -0.912731489021396 0.3382153454206023 91 91 80 2.78
4263 0.7691593022283967 -0.5686904935441652 0.4015875378643915 106 104 94 2.83
4264 0.7195425537751985 -0.4524150410426209 0.2543521220972642 197 220 235 5.62
4265 1.440671119106864 -0.6136673804908679 -0.2662608172200287 48 49 49 3.42
4266 0.6257135485073306 -0.2619515498967379 0.4627078853059007 107 109 106 4.32
4267 1.128525831258321 -0.4392581785054895 0.06610760845136521 93 86 71 2.08
4268 0.7090989339710005 -0.3111542575808401 0.202432039847264 98 104 108 4.81
4269 0.63222062821056 -0.1957772756499619 0.6441383098893783 91 90 81 4.39
4270 0.767283434692323 -0.2216267663055468 0.3024351166144585 73 70 56 5.54
4271 0.7436980914699258 -0.2249081615887411 0.148880095561073 73 74 70 4.32
4272 0.7214554593048272 -0.170945916721859 0.4257243087503185 22 23 15 5.26
4273 0.5667060133188929 -0.09520263711890367 0.5642990222660786 63 65 65 3.08
4274 0.7123775675916462 -0.1558288299520572 0.2422930521879852 74 72 61 4.69
4275 0.7045569798361724 -0.954306929826725 0.4410413102484017 115 116 111 4.45
4276 0.7045569798361724 -0.954306929826725 0.4410413102484017 115 116 111 4.45
4277 0.6950045102879099 -0.873029864983784 0.4880174773886109 101 102 102 3.79
4278 0.6371753315231394 -0.8313322977183879 0.4667737076104338 111 109 104 3.97
4279 0.6371753315231394 -0.8313322977183879 0.4667737076104338 111 109 104 3.97
4280 0.7856900556903401 -0.7168459288953295 0.3247144288695106 67 65 58 4.66
4281 0.9305882022867367 -0.676590200464521 0.269353258715179 62 56 46 2.45
4282 0.4999227588135675 -0.2702917171118048 0.7930897712381226 77 82 91 5.03
4283 0.7220154458011228 -0.3914731013798206 0.4705274644781412 85 88 91 4.14
4284 0.6166184735912209 -0.2595118665211296 0.4788663559971033 28 35 39 3.88
4285 1.215181765071841 -0.4921722302669536 -0.01110277861530973 44 36 23 4.94
4286 0.610352747690212 -0.2520748568194855 0.2957604687677606 60 64 74 4.04
4287 0.7762848473772002 -0.2857647289015861 0.2525479094219572 36 37 35 4.62
4288 0.5554323903640026 -0.1220197382385936 0.6696095409831648 88 82 69 5.08
4289 0.5805786533004923 -0.1469018328719502 0.3768976927410581 86 86 82 3.79
4290 0.4775069312667317 -0.1038362271375253 0.5812005074451514 86 87 82 4.13
4291 0.4775069312667317 -0.1038362271375253 0.5812005074451514 86 87 82 4.13
4292 0.7666629031497278 -0.08208868313681031 0.3905798265194904 34 35 29 5.53
4293 0.7117459841773879 -1.193925378805612 0.459994499402635 80 75 69 4.27
4294 0.7117459841773879 -1.193925378805612 0.459994499402635 80 75 69 4.27
4295 0.7479642127323223 -0.8793084360946106 0.4000949255702246 75 74 67 4.4
4296 0.6504398783011639 -0.492808739889331 0.3259848936484571 132 135 132 4.53
4297 0.7612967445565682 -0.4324989948661122 0.4568953213656256 76 75 70 3.36
4298 0.903679948927236 -0.3403743943907159 0.07455009417633585 30 33 32 4.88
4299 0.8011013543325372 -0.1946330662157149 0.616693118422009 44 43 38 1.4
4300 0.5709276432509147 -0.1186209122652501 0.5558038760779336 58 60 57 5.37
4301 0.5965920762597373 -0.1238980720541629 0.5173806428871665 54 55 52 4.43
4302 0.6077062095239273 -0.07592328072994833 0.630500880672503 89 83 71 4.85
4303 0.7150707321842509 -0.0781795249980124 0.5543078338958201 35 34 28 5.25
4304 0.7396206760714916 -0.0776252016048419 0.4757933211432734 27 27 21 4.15
4305 0.5768545232560377 -0.6232555908092003 0.46439202277585 118 121 134 3.27
4306 0.8679236997914164 -0.7478908534646911 0.2313196164492075 168 194 221 4.54
4307 0.6641163304651545 -0.4992439010933808 0.3409150094563375 223 233 244 4.6
4308 0.9192790375264854 -0.4571822689892259 0.1012380698760479 54 59 60 3.87
4309 0.6292857708763598 -0.3193029730329072 0.1394394350496141 121 125 134 3.78
4310 0.6446471102961825 -0.1789263490662817 0.260762150406796 34 32 29 5.14
4311 0.7448102725438157 -0.2086410880823616 0.1916235278288471 39 38 34 4.99
4312 0.6550763562658941 -0.125755103213856 0.5043988119159151 82 83 78 6.44
4313 0.7407108526357329 -0.08148147217980764 0.4441874979192756 34 34 28 4.53
4314 0.7303414563778579 -0.3486441521624038 0.4263181892528459 139 140 134 4.55
4315 0.5582123835755023 -0.2055443694566054 0.363137392440118 91 97 101 4.43
4316 0.7765581453815715 -0.7265676680974407 0.3259662359141466 73 71 63 4.67
4317 0.696761548947757 -0.6333212574563292 0.4599833384896013 75 76 74 2.73
4318 1.156950209923032 -0.7719154112360334 0.203929805158915 55 53 52 4.17
4319 0.5985323053922708 -0.4547535071952474 0.4446913228776472 117 118 115 2.56
4320 0.9546113934296692 -0.6532288099183401 0.1011726160490484 218 222 226 5.43
4321 0.8154981719366481 -0.3716012724351054 -0.04215174419866874 117 116 111 4.92
4322 0.8152089921078074 -0.3571325620364748 -0.0290997824383703 119 116 105 4.43
4323 0.7396346963972338 -0.279391376746494 0.05527348672658883 120 119 108 4.73
4324 0.8322922201781815 -0.3238451423216776 -0.1786253510137952 132 128 125 5.62
4325 0.944637841883726 -0.3429406024802815 -0.1269209819865722 73 69 60 3.86
4326 0.74931616955106 -0.2644233998596601 -0.1243964882791142 108 106 109 5.42
4327 0.673124297617363 -0.1319352277264986 0.2814346374354268 96 95 90 4.0
4328 0.7731585530723246 -0.1925347022925988 0.02046928773843359 71 69 62 5.0
4329 0.8238052430486587 -0.171414444066054 -0.0356014047709905 62 58 48 5.22
4330 0.8559931092978939 -0.1539491383373971 -0.1780456612797592 60 59 60 4.15
4331 0.6703592081320338 -0.04431075004046346 0.3245744444742312 75 72 63 8.14
4332 0.6598540990784492 -0.0462438574305279 0.3106194513600361 78 75 64 5.76
4333 0.7044538651131229 -0.3328007293119198 0.0795477219146965 93 96 95 6.03
4334 0.755005334114748 -0.312263245823812 0.02418967161298458 144 140 130 4.19
4335 0.853079751633413 -0.3310937189462011 -0.1942068778104047 76 83 80 5.32
4336 0.733060502845418 -0.2183250496265949 0.1945500735685393 65 60 52 5.85
4337 0.6406601763618491 -0.09393682225789912 0.5273061165661461 58 60 52 3.01
4338 0.6359614218520478 -0.1352297771226133 0.3887225453128256 78 77 74 2.95
4339 0.6702747346292308 -0.1723744852173092 0.2706549655308963 90 86 76 3.99
4340 0.8710793569479272 -0.2641780980530873 -0.07503929179360536 123 120 110 3.24
4341 0.8787495571551489 -0.2880221814866678 -0.1974261594590696 88 84 71 5.84
4342 0.6724369306994893 -0.1591018033929519 0.2830238937787098 109 107 96 5.28
4343 0.650453431067805 -0.1223756251028889 0.3960811822595411 86 83 73 4.7
4344 0.4313174165296301 -0.0857944743144835 0.4090341478567591 66 64 58 5.23
4345 0.7845264920997141 -0.1852299996384703 0.0734213251992818 92 90 83 6.39
4346 0.6007467112450705 -0.07091554515066836 0.4915485072146358 93 94 95 6.73
4347 0.7394131983011416 -0.1651504104522514 0.07691303259306004 73 72 66 4.39
4348 0.7656300155078044 -0.1736447007202543 0.0683929502218652 90 91 84 5.06
4349 0.7679839611410015 -0.1711874324259429 0.09878755001239792 90 91 86 4.72
4350 0.7731071434978474 -0.1796116257697621 -0.03548096303147519 94 95 91 5.94
4351 0.7628401353276548 -0.1628052073183329 -0.1308120909561401 35 35 35 5.04
4352 0.6714070092471909 -0.07075898011178264 0.320048588895002 79 76 66 5.3
4353 0.643598198311942 -0.03788642825702643 0.4618385598009923 104 110 106 4.01
4354 0.6270923291079562 -0.02537692892231287 0.4830566047378784 98 99 97 6.44
4355 0.6674868199667583 -0.05378550044092487 0.3000880751273489 131 131 125 6.78
4356 0.728716368829919 -0.02908431204320627 0.1331090197349206 50 60 57 2.84
4357 0.6025109814574758 -0.1982719449074245 0.4391372348531786 67 69 72 6.25
4358 0.6482300240438033 -0.1497828073957515 0.469929470222114 112 113 108 3.55
4359 0.5584074274244771 -0.0931143694948216 0.569297131720931 76 76 80 6.37
4360 0.7001573345089456 -0.3132157333310063 -0.1867802773167908 111 110 107 4.37
4361 0.6748936599836972 -0.1737078680104165 0.2387151514879353 70 71 67 5.58
4362 0.6394003715125059 -0.08945557656215414 0.5424032430362531 84 83 72 4.82
4363 0.5887593401934489 -0.09024422805334295 0.4619017882118882 82 80 74 7.83
4364 0.8538397811692016 -0.2718208157664731 -0.2043671077685487 100 96 84 5.6
4365 0.7594521485003407 -0.1807948197006901 0.08490838607503415 80 80 76 4.18
4366 0.6994477664616494 -0.1534291826020255 0.1399488159143 60 58 51 3.45
4367 0.6903563872614584 -0.2436810705959507 -0.1825285510535375 106 105 99 4.89
4368 0.8576912200196374 -0.2099939015966158 -0.2053405823048258 46 48 43 6.01
4369 0.7054789703017521 -0.1071559499582683 0.1530518893332062 49 47 34 1.36
4370 0.6714955328828427 -0.02369369174470544 0.2423210630479609 43 45 42 4.26
4371 0.6292458514281827 0.02048766457099047 0.5025559624347132 27 27 21 3.69
4372 0.6326539482216035 -0.2062854644979537 0.5346119828364598 97 96 89 3.05
4373 0.6366444325761066 -0.2174612270413716 0.5026308770171142 104 103 93 4.56
4374 0.8324551358767613 -0.4160068418289398 0.01715673023005104 124 126 129 5.12
4375 0.5596315484168665 -0.1499782854326406 0.553736585754391 70 69 67 5.95
4376 0.6647424698133197 -0.2353642775770317 0.2978888880578382 109 107 100 4.44
4377 0.5798591829358027 -0.1086191589505769 0.5537610837278857 86 85 83 4.09
4378 0.7713057734504405 -0.2636047633662521 0.1228523662033547 85 85 76 6.09
4379 0.7639933677603861 -0.2693763099045508 0.04090382071968024 98 97 90 5.1
4380 0.6532390946271149 -0.1045529136295324 0.507845426092195 82 82 75 5.2
4381 0.6158626464872239 -0.1053583238806503 0.5431126219901568 105 103 99 4.15
4382 0.6461012828529932 -0.122855455812529 0.4979649920910999 89 84 76 5.27
4383 0.8239408991513784 -0.308093462413279 -0.2040105835458139 95 95 94 5.45
4384 0.8239408991513784 -0.308093462413279 -0.2040105835458139 95 95 94 5.45
4385 0.6589564854517658 -0.1026422711849871 0.4320267008367822 102 98 87 5.26
4386 0.520348583063738 -0.0370379896314313 0.6073236348667075 66 65 62 6.52
4387 0.7734598714520498 -0.1722152658196028 0.04514398169021894 71 69 60 4.1
4388 0.8367520143512559 -0.2278947381317651 -0.2046916634632974 29 31 26 6.09
4389 0.8528732425334808 -0.204514554812933 -0.1521695443446698 32 34 29 4.03
4390 0.6731555141435532 -0.05105907294666592 0.5040974559881973 64 66 62 4.81
4391 0.7773959511673327 -0.08631649941284453 -0.04241931880983141 79 78 70 5.03
4392 0.6258597178518811 -0.0009942180751538604 0.4046364328887617 32 33 34 4.21
4393 0.6355735391926411 0.007103323835753989 0.3932174278362994 26 28 25 6.7
4394 0.6591571364961302 -0.0242472944096777 0.4539551540101135 94 97 94 4.7
4395 0.5992565919538407 0.008718299758230574 0.5090552547793965 25 26 26 4.82
4396 0.6250232431948916 -0.1610952943714959 0.5332089714075099 28 29 23 3.87
4397 0.838827680303889 -0.3211252792583069 -0.1961858928908795 59 63 63 5.57
4398 0.649728631510286 -0.08523139438557184 0.4621670811243898 80 79 71 4.95
4399 0.7052994367837564 -0.2598132969968559 0.3895691825191837 60 63 57 4.18
4400 0.7466436065153526 -0.2492195587979367 0.1111153242505146 81 81 73 5.49
4401 0.8497187401653752 -0.1473936650831982 -0.1877152480071111 10 11 11 7.12
4402 0.8649030645033686 -0.1519418240576186 -0.2048633350201547 14 15 12 6.81
4403 0.6690857609451824 -0.2129996595096298 -0.1235191418959798 70 70 75 7.75
4404 0.7281246902968472 -0.4606062941209836 0.3722082135138235 105 106 111 5.33
4405 0.7347616391170468 -0.4018339273792187 0.3363969544940453 98 100 100 5.25
4406 0.8770018732581872 -0.495902164371889 -0.09795004427859455 174 177 184 6.38
4407 0.8057906442643104 -0.441407479579339 0.02024199618163913 136 140 134 1.39
4408 0.6797269989944654 -0.2742331182662588 0.2853370882100547 127 130 121 1.13
4409 0.8111505438228022 -0.3419622122758501 0.06437513531293404 80 91 100 3.74
4410 0.4583811158307929 -0.1544851774179754 0.4516015235557524 83 82 77 4.21
4411 0.6621262565472373 -0.2381915443630034 0.3080578592182045 120 117 105 4.52
4412 0.6523646311253666 -0.1770416884147993 0.3949486634312819 89 91 89 6.0
4413 0.6303666295343576 -0.1765372688192625 0.3842308245021618 84 86 80 5.78
4414 0.7918832570955394 -0.2387193514355201 0.1299367590507987 38 42 39 6.08
4415 0.7654166438160879 -0.2080409227063265 0.1489987421274259 104 107 105 5.58
4416 0.8027542151965987 -0.2392296059783469 0.001378368297785704 82 86 87 0.42
4417 0.6913599935060426 -0.1721644747961391 0.25752189726028 84 86 83 1.62
4418 0.7443173173651509 -0.1749848393609173 0.1825081617657514 94 99 94 3.31
4419 0.7602447390155269 -0.186250389283348 0.09735783600367443 67 66 63 3.8
4420 0.6302593467377261 -0.09134365839509129 0.3991527751549135 33 37 35 5.05
4421 0.6509790673854982 -0.1035946302810168 0.359224242969378 77 76 74 8.66
4422 0.8989931153735407 -0.1718051932104353 -0.1144476314292184 80 80 73 5.63
4423 0.8989931153735407 -0.1718051932104353 -0.1144476314292184 80 80 73 5.63
4424 0.675732115147706 -0.04123366833760195 0.3040470234790945 82 78 71 3.14
4425 0.8122245554598089 -0.04064481682807705 0.1047045397068314 63 66 64 3.86
4426 0.6401997448274921 -0.4476605942941131 0.4012295273636548 88 91 89 4.5
4427 0.7039822136903819 -0.4715614511582389 0.3473551989680289 79 83 84 4.62
4428 0.6516222399334335 -0.3693260456506881 0.4006553061020454 87 84 79 3.62
4429 0.6856232629777446 -0.4002010465934946 0.2821058002987004 137 141 143 4.37
4430 0.7653325081639952 -0.04277386509164872 0.03971427904988201 52 54 50 7.11
4431 0.4753250621406103 -0.3164040625748887 0.450631005015483 53 51 50 4.25
4432 0.574854452442658 -0.1059950984815749 0.7216055796490326 80 84 81 4.58
4433 0.5804748748668835 -0.01854604392277233 0.5704234359461425 56 59 59 2.54
4434 0.5422015346335438 -0.0003016347146428677 0.6357673809361749 48 62 63 2.83
4435 0.5823361676275943 -0.02242711955276726 0.2269000144385684 51 56 58 5.86
4436 0.6543829492305934 -0.002175177565149233 0.3459358242933985 38 38 33 5.22
4437 0.7892396390612855 -0.1843211811215368 -0.1317784031215532 58 63 61 4.95
4438 0.6151561328442767 -0.05499415023815912 0.1851392381681274 77 80 75 2.9
4439 0.573653930684537 -0.01071132646808727 0.5932814112288255 55 60 64 5.85
4440 0.6280413815335049 -0.6187796885530115 0.396426021985348 132 134 132 4.14
4441 0.6170463486534696 -0.2747943924621365 0.353187724061044 50 48 47 1.46
4442 0.6283888750445202 -0.2030845550482003 0.2923231233401489 57 58 53 4.6
4443 0.6244679017517848 -0.08606883172762655 0.4778277627916629 53 57 57 5.36
4444 0.716748627837976 -0.09121924625059044 0.1041304347246426 73 80 87 5.17
4445 0.5264087456957539 0.03528530951032029 0.7067795606455965 53 60 62 5.88
4446 0.6742225894487199 -0.9866059956145732 0.4773231609510418 100 104 103 3.79
4447 0.674495389380374 -0.9732537172128386 0.4775993494709058 115 122 125 1.81
4448 0.6960147223152686 -0.9651269892278613 0.441874604706776 96 98 97 4.54
4449 0.6333146760860245 -0.8754466138200465 0.4374168340242065 110 110 106 5.06
4450 0.6642168403568347 -0.9030189199630525 0.416969724149709 78 80 84 6.98
4451 0.6549373948705731 -0.8084130910766036 0.4968243156523668 119 127 131 3.78
4452 0.6399250336117837 -0.8111210664041884 0.4453437469307194 78 83 84 5.08
4453 0.6282171838761731 -0.7688867995079371 0.4689441012403117 104 104 103 3.89
4454 0.6211116675479609 -0.7698400908499847 0.4315836838407764 89 90 90 4.31
4455 0.6298261157633577 -0.7395945629419507 0.4714606510159532 111 109 108 3.9
4456 0.7059348916606778 -0.8446316457762404 0.3611699940384659 183 196 203 1.89
4457 0.6289927624321366 -0.7271843415215185 0.4870279849701916 109 109 107 2.92
4458 0.6334487312682134 -0.720362362275041 0.4907134204354329 122 122 120 2.88
4459 0.6524926526821604 -0.7676761345506842 0.4130329782651782 106 112 108 3.78
4460 0.6618004762767216 -0.7734468483937076 0.4136063368775775 97 99 97 4.77
4461 0.5884633412096113 -0.6839703374650778 0.4393040259703904 75 74 74 2.83
4462 0.6913784540245791 -0.754418160631704 0.3714464285581422 113 114 108 4.74
4463 0.6207091996681029 -0.6804545570819716 0.4209017728238189 115 111 110 1.37
4464 0.7103075580243792 -0.6864256169808567 0.3870496019656776 122 118 116 1.86
4465 0.6156499895307607 -0.5725795160232019 0.4423665388423668 87 92 90 1.9
4466 0.6262646061209953 -0.6011862914566575 0.356187302558989 109 112 123 4.57
4467 0.6438613139084995 -0.5916243901687204 0.4311066351949427 97 96 98 4.87
4468 0.6576770549145732 -0.6135273880633776 0.4034811292896089 92 92 88 4.34
4469 0.676096378314023 -0.6491675481986776 0.3293969437938227 120 126 143 4.9
4470 0.6899804552390996 -0.5788680590588848 0.4425356365506908 75 75 72 2.08
4471 0.6366449011215877 -0.5817760341361897 0.3988401688340891 115 115 113 3.48
4472 0.6422461548713249 -0.5754134582598791 0.3771609398912097 134 135 135 3.23
4473 0.6846727879594372 -0.5955763728657424 0.3655121124075948 114 114 123 3.6
4474 0.6968847341732014 -0.5636320772339332 0.4509715675987535 128 124 120 7.06
4475 0.6576858528825952 -0.5769727227383743 0.3309483393153794 115 116 111 4.04
4476 0.6137639773403818 -0.5453809902249307 0.4030309843203569 101 102 105 3.64
4477 0.652400935093702 -0.5706467155434538 0.3813073344778599 91 93 92 3.13
4478 0.5640591345274359 -0.4852249360328307 0.4792463775763268 123 123 122 4.93
4479 0.5619052746838908 -0.3676915571390435 0.7957319138201563 99 102 106 3.77
4480 0.7287939573641522 -0.6149410380139624 0.3007926565568816 106 112 124 4.58
4481 0.6404421723306808 -0.5137095743058986 0.4254025130828721 100 102 106 5.76
4482 0.6930150823691272 -0.5567220812121634 0.3185569027874157 114 123 138 2.64
4483 0.5656265535972408 -0.459176148098255 0.4630510166039349 116 116 110 2.94
4484 0.668246983424637 -0.5490940020554316 0.3161114564958096 92 94 95 3.8
4485 0.6809066528404695 -0.4821458193147143 0.4935373327446911 81 82 83 4.41
4486 0.721167168140127 -0.5708224875646042 0.3088310918623266 178 190 208 3.5
4487 0.7821397480014365 -0.534696786031152 0.4470424407150532 85 88 92 3.93
4488 0.8159694691629933 -0.5667819162688947 0.3697361462956074 86 84 73 3.89
4489 0.5994920529304102 -0.473578956321541 0.3716284494431255 191 195 209 6.36
4490 0.6697139856968692 -0.4789253723352987 0.4382679918938636 87 85 83 6.32
4491 0.9229804495299783 -0.5991336356305907 0.3711322929452475 128 133 151 4.55
4492 0.566136498708153 -0.3035150428487842 0.7906213048982113 106 108 114 3.64
4493 0.6825915012202937 -0.4782683363186481 0.3680457310361319 91 94 96 3.13
4494 0.6079942001314415 -0.4371532506979096 0.4047190922001951 106 108 108 5.48
4495 0.5758002885087381 -0.3052811801524547 0.7870894476735282 110 114 120 4.43
4496 0.5849362778442249 -0.3988326312937006 0.4882726704127595 103 101 104 3.1
4497 0.5494498045255869 -0.2882013004021133 0.8001258714146287 82 86 92 4.71
4498 0.7555880828972132 -0.5004326385800915 0.322963948016613 75 78 76 1.48
4499 0.5537774408920396 -0.2754101195482831 0.7932503969544246 79 78 78 3.31
4500 1.275975373253592 -0.6038191788256424 0.5111254389326443 42 54 67 4.34
4501 0.699491572613123 -0.3668127733327464 0.6593888831654888 62 68 73 6.06
4502 0.6452005421440554 -0.4191582991782068 0.3981872505914861 112 111 107 3.12
4503 0.60893985296412 -0.298067608121044 0.7779587156121444 87 93 96 6.57
4504 0.6511712747020725 -0.4113922849033521 0.4265287269517255 138 135 134 5.0
4505 0.783919346211152 -0.4633823649900569 0.3893848965648428 151 144 134 4.76
4506 0.6977302304080446 -0.4505977066227826 0.3236949418795991 107 104 98 5.2
4507 0.5195998944675034 -0.3175857974129217 0.4835045988337889 117 113 108 4.08
4508 0.4330374125734091 -0.2315502712892062 0.6849008986810021 46 51 52 1.71
4509 0.6505122984633037 -0.2926886750424509 0.720429583915989 77 85 93 5.18
4510 0.679326680546479 -0.3135369281474415 0.6558436636563394 80 85 88 6.43
4511 0.8620920106101966 -0.4205727177936683 0.47325330345593 65 71 80 5.74
4512 0.6777837243666007 -0.3732016794644022 0.4199053427081355 135 134 126 4.87
4513 0.832589022095231 -0.437839066603874 0.3457739407345988 129 131 129 5.41
4514 0.8135577490017467 -0.4175573496557688 0.4037722770350516 153 164 174 5.92
4515 0.977349536616926 -0.525669886158133 0.05380218965464023 194 206 218 5.59
4516 0.929436936755365 -0.4998705279164617 0.08402389933508692 201 209 218 4.58
4517 0.8149258481549664 -0.3686128895805241 0.5132569335024975 64 74 86 6.81
4518 0.8580346331649302 -0.4076516388440489 0.4089817437157868 53 64 73 6.82
4519 0.810056160269504 -0.4186340724426103 0.2908835904595914 101 101 108 5.59
4520 0.6670480838925565 -0.3663071951306774 0.3674220226561775 115 113 109 4.32
4521 0.7013346896736401 -0.3069241163348024 0.577657277668989 74 85 94 5.15
4522 0.504549641708691 -0.1937662845961305 0.7956131236989397 99 101 111 5.86
4523 0.8093159173549991 -0.4063292153025954 0.2906614500738386 99 98 104 5.62
4524 0.8237519463800682 -0.3996713686934719 0.3291052435651228 117 120 128 5.41
4525 0.6248719457203247 -0.3105773382355437 0.400174611793886 88 88 83 4.8
4526 0.686828559002447 -0.2989183489008277 0.5831494631317684 83 97 105 3.03
4527 0.629529759915169 -0.3076458762259683 0.4049663172282686 109 109 104 5.33
4528 0.9270129765855801 -0.5137004146899404 -0.08097890353380666 199 199 211 6.29
4529 0.8094930242486902 -0.3867296012572561 0.248701687085471 107 103 100 5.67
4530 0.615321398575821 -0.2439132557440677 0.6239041495152013 91 95 100 5.32
4531 0.715425279213991 -0.2877212907905721 0.5121055792804523 61 73 80 4.81
4532 0.5999694340737877 -0.235885432262291 0.6224567525515655 92 95 102 4.99
4533 0.7118628958559234 -0.3696954018376123 0.08063849486506325 96 97 97 5.11
4534 0.7014764356685721 -0.2613575645525301 0.5758380040994819 87 89 95 5.0
4535 0.5932861217381824 -0.2043035454260573 0.6666769596009239 76 82 84 5.55
4536 0.3581654942865086 -0.1162778910011112 0.7942901573057887 72 73 67 6.18
4537 0.6105422267593384 -0.2288540139195664 0.5868734753937042 131 130 123 4.6
4538 0.5924375713268708 -0.2192021592456769 0.5597290365268615 77 82 87 3.84
4539 0.6596183834814295 -0.2407128205788287 0.5591113956932758 76 80 84 4.88
4540 0.6738919488396362 -0.2421275462180648 0.5544647499657087 67 70 71 2.93
4541 0.5376603570167297 -0.2054442475963564 0.5558792446299439 65 68 68 6.01
4542 0.6504160067175653 -0.23877823156345 0.5101677441294026 56 58 56 3.51
4543 0.6246965157621184 -0.1940290836287316 0.7052373820339641 78 75 72 5.08
4544 0.94390269462892 -0.4234031927213827 0.01731439546337699 60 70 78 6.47
4545 0.7435756637113964 -0.206808743523603 0.757255610419208 71 74 75 5.05
4546 0.5761286811768261 -0.1883330620303036 0.6226741241915947 78 80 85 5.21
4547 0.8858950022034653 -0.3117276488201096 0.3853224176411099 80 82 87 5.24
4548 0.6404016715484313 -0.223771046374225 0.5003012212328253 44 46 42 4.75
4549 0.6813320470535293 -0.2392178023075985 0.5022296132890247 96 102 106 6.32
4550 0.6418331426470084 -0.221109932013471 0.5183943759225708 84 89 85 4.58
4551 0.682101657574919 -0.2517250901600122 0.4768500468423887 138 144 140 4.24
4552 0.8706896591428701 -0.2340048524367263 0.7008342758479753 71 74 74 5.45
4553 0.6219580422084365 -0.1985035880637755 0.5850376458067792 77 78 78 6.01
4554 0.5007883647031656 -0.1245862579370561 0.7938695210842051 76 77 84 5.04
4555 0.6061126982362234 -0.2281448131253924 0.4989728761972425 140 146 149 2.49
4556 0.6701895182027089 -0.237172724062599 0.430406510989218 54 54 49 5.58
4557 0.7028356898842085 -0.242624538061242 0.4427379421637176 90 89 89 3.08
4558 0.7767786229387406 -0.3127969281781093 0.1697425476936191 46 50 54 3.2
4559 0.6085508239645788 -0.198156165374973 0.5987752605147363 128 128 124 3.4
4560 0.6572797220158026 -0.2249220560510254 0.4425604805128984 70 68 62 4.7
4561 0.718873203250322 -0.2237985090522632 0.5272676372271776 87 84 80 4.54
4562 0.6026778262884718 -0.1728457892281252 0.6929387308165262 91 93 93 4.79
4563 0.578124683356827 -0.1530745695213496 0.6889526355613045 64 66 66 4.94
4564 0.658321250632426 -0.2398167393046846 0.4252256653862232 73 74 68 4.77
4565 0.6125156382617333 -0.202348443963021 0.5723002821199368 118 114 105 1.27
4566 0.653613436584332 -0.1973535791838739 0.5373768412714774 67 72 71 5.06
4567 0.7407590002496058 -0.3091589593972129 0.1731398510092629 70 81 85 3.83
4568 0.8607488083656147 -0.2377471063821953 0.5219361565472543 74 72 65 6.85
4569 0.6110081430527632 -0.2321113387858391 0.3848273819086219 77 74 65 4.8
4570 0.6384291837753968 -0.1913007312455612 0.5270734808394997 54 55 50 5.52
4571 0.5568324456174965 -0.1575144668754376 0.676102331536668 82 77 68 6.05
4572 0.6422627068543789 -0.1959675606373589 0.5009862000021252 68 67 59 6.11
4573 0.8272370317739206 -0.1965653685304264 0.7111421222502275 100 100 97 6.02
4574 0.6496749497692337 -0.1931084474760227 0.5180966383162369 63 63 57 6.11
4575 0.666794846289549 -0.2008606161386614 0.495067566982799 59 61 54 5.71
4576 0.8208051234890206 -0.2606859566223829 0.3830427288146139 104 103 106 5.3
4577 0.7562985810212339 -0.2491606355370814 0.3619310947058337 74 78 77 3.05
4578 0.7547437309782308 -0.2335504983773494 0.4462973783056953 68 65 60 4.64
4579 0.5421051189370545 -0.1165563158359356 0.7889267567450671 56 61 60 6.04
4580 0.6259278615387475 -0.1820876739850921 0.616676644182152 115 121 118 3.69
4581 0.6660087675219906 -0.2508691144495185 0.3277773663929102 134 138 138 1.48
4582 0.6370483667577107 -0.2118827571005193 0.4519187238490373 106 105 96 4.04
4583 0.6589662949039465 -0.204013323884055 0.4033487570907516 75 77 78 5.21
4584 0.700471685009036 -0.2041124370680639 0.4562381282123176 66 68 69 4.11
4585 0.6596181495330204 -0.1921154916065242 0.4973293125371846 99 94 84 4.0
4586 0.7082072585417998 -0.2415540180399395 0.2920366649575007 83 86 79 5.62
4587 0.6461899109975142 -0.1603480595213317 0.5779152003838194 78 80 76 6.28
4588 0.7851407989330597 -0.215109603497914 0.4064759688261366 106 106 109 5.44
4589 0.68937910865814 -0.189681246492329 0.3962525438207647 45 49 45 5.02
4590 0.7778158142740546 -0.2482809048549804 0.1574558887387555 58 57 52 4.48
4591 0.4856951605076509 -0.1394991414732945 0.4967439355633976 61 58 55 5.43
4592 0.654082730410126 -0.1580243508804079 0.47605687840859 81 79 71 5.34
4593 0.6453467308643628 -0.1886488252305133 0.3415283799865674 60 62 54 4.94
4594 0.6630645548329608 -0.2032946703431578 0.360078946303079 117 116 106 4.37
4595 0.7008376808493868 -0.2228277065645691 0.2566261473909726 86 90 82 5.62
4596 0.610091729922273 -0.1749366021895378 0.3114559529967817 51 51 42 5.6
4597 0.775767709308713 -0.2311541909863015 0.1636628129195703 41 46 43 5.9
4598 0.7918832570955394 -0.2387193514355201 0.1299367590507987 38 42 39 6.08
4599 0.6005945493416239 -0.1271120513604231 0.6587240119760089 104 107 102 3.44
4600 0.7815909350862165 -0.2492890599323599 0.1262448402300373 88 89 84 5.71
4601 0.6895825603059704 -0.178660141726654 0.3639250795788356 68 68 65 3.1
4602 0.7141283159024316 -0.1803105479753047 0.3668767823951028 67 67 65 3.62
4603 0.6095372218475537 -0.1755530036944133 0.3634985964405418 111 109 93 6.08
4604 0.6773145226209023 -0.1722549131109702 0.4217115943310635 54 57 54 6.34
4605 0.6347582698997217 -0.1569306425983676 0.3775799327009273 57 54 50 4.95
4606 0.623772659677181 -0.1795862709087989 0.3408212974249786 98 97 93 3.95
4607 0.6092336943137446 -0.1728995916665759 0.3213946511521768 94 87 72 5.1
4608 0.709510954659953 -0.1898247927743885 0.1905052373930003 99 101 108 5.81
4609 0.7017406454150492 -0.2220450216978935 0.1037016090436101 80 80 73 6.3
4610 1.635828087985554 -0.3231925801562061 0.03818386464227053 86 87 81 3.04
4611 1.635828087985554 -0.3231925801562061 0.03818386464227053 86 87 81 3.04
4612 0.679694099336261 -0.1398417659711347 0.4277056671932959 66 70 71 6.25
4613 0.3681811062111298 -0.0386209056689419 0.7766177190409832 71 71 65 7.22
4614 0.6112984962450413 -0.1468355459501756 0.3182070455660108 71 70 64 3.85
4615 0.6387716219002141 -0.1623372357568338 0.3372226113656226 105 100 88 4.28
4616 0.7665531386978124 -0.197930187650505 0.1242225343935736 78 75 73 4.79
4617 0.5930910783209571 -0.08666860170618026 0.6142941306782996 84 86 87 6.24
4618 0.8462933631967264 -0.2377591513969375 0.009972240568939972 104 105 102 6.69
4619 0.6425348501726124 -0.09998430605559991 0.5613828151156522 71 75 72 5.08
4620 0.6576728007625108 -0.09991133500627417 0.6054019349345252 83 81 80 5.61
4621 0.6699796706593664 -0.1373944326504823 0.3438448468125873 68 75 70 4.26
4622 0.7899606948457789 -0.2063364722660246 0.03175648521906571 65 64 60 3.61
4623 0.5868122670303956 -0.08513336366327867 0.6026361390134567 81 85 88 5.41
4624 0.5721353882332703 -0.0733351506697163 0.6509717819017143 47 47 47 5.85
4625 0.5999273410434802 -0.09824731137508388 0.644683251124988 94 93 89 0.91
4626 0.6473222679492333 -0.1268637385654103 0.3568903554169843 60 60 55 2.67
4627 0.6481402149571115 -0.184382955119693 -0.02183984818217777 60 55 50 2.87
4628 0.7307053167810298 -0.1485084840941697 0.2119789873475816 64 63 57 7.09
4629 0.6687043183496064 -0.11582163028277 0.4142569582357354 68 69 66 5.58
4630 0.7671131790366448 -0.186465056104376 0.05110724280716639 76 76 72 5.49
4631 0.6237110819883306 -0.08377273531299717 0.5478410706977322 57 60 54 6.28
4632 0.7244533816332803 -0.1626546185033267 0.1256934748947747 58 57 50 4.34
4633 0.7318425568194469 -0.174454358671799 0.1472713057922537 78 83 82 5.3
4634 0.5627516835406343 -0.05102590442924353 0.6834420727307762 64 64 60 5.26
4635 0.5872328207243399 -0.06970660779530033 0.5835707136369189 52 48 48 4.03
4636 0.6683061017769916 -0.09951232737337543 0.4234559854683998 64 61 55 5.2
4637 0.867386837140858 -0.1831965684068093 0.0319540072811193 77 78 77 4.25
4638 0.6173760106931871 -0.09342204763411371 0.542157833418528 135 139 135 1.56
4639 0.6283706076300921 -0.09516573513470319 0.3926298866835833 32 32 32 4.41
4640 0.6437617532780799 -0.1258904557633308 0.336073979808153 99 100 89 1.91
4641 0.7203815126407529 -0.1122844055615905 0.3420816793855121 58 60 53 3.57
4642 0.6447261726411635 -0.0812601724960077 0.3597816137948542 57 57 52 5.4
4643 0.3303535627756423 -0.03900198189148887 0.4916875846635718 58 60 59 6.72
4644 0.7328064386258224 -0.1069594643823792 0.1653148960178281 59 65 63 4.11
4645 0.6015725231081144 -0.03073245316992168 0.6023418012948498 21 25 24 3.86
4646 0.6709135004835252 -0.05500088771435582 0.5173713349144815 83 83 78 6.15
4647 0.850212489594139 -0.1168215624781515 0.06435531359434632 58 60 56 4.23
4648 0.6603720678285985 -0.03629757938856233 0.4533731331276943 50 59 54 3.7
4649 0.6727666467566407 -0.02819676767883707 0.4179940939903501 58 61 61 3.09
4650 0.6463202185384883 -0.01468502573784727 0.5088195765628152 70 72 75 2.85
4651 0.6780528702737305 -0.05361044201579443 0.2550300495401993 77 80 76 6.2
4652 0.8165515515682453 -0.06896681793395357 0.02629463277003441 54 56 50 4.98
4653 0.789274632015597 -0.05555952205223202 0.1674842831119308 51 54 54 3.75
4654 0.8353844160546364 -0.08551497556145773 -0.08460037131940989 72 75 71 4.98
4655 0.6035440032221107 0.001284033608358284 0.521893779032826 48 58 48 2.77
4656 0.6184312081049275 -0.02190179943246368 0.4625148511828573 99 98 96 8.24
4657 0.6476931461080713 -0.03808002250412058 0.3242739860682979 84 77 66 3.17
4658 0.6590094454032646 -0.04365416978726816 0.3047011373786765 100 95 86 1.52
4659 0.6779396713464156 -0.01584055960440414 0.2520660568941574 41 46 45 5.59
4660 0.7213144726813057 -0.04086946744837006 0.1337737960006536 66 68 71 3.84
4661 0.7483907784454451 -0.04301230172855758 0.06277446809092369 45 46 43 5.57
4662 0.8439812218466853 -0.05283564303981192 -0.09029653834435458 35 34 35 4.51
4663 0.6444270787586428 0.002135892430797981 0.3616292199330937 66 68 63 3.7
4664 0.755355499792209 -0.003854700590951152 0.4076945384087706 73 75 73 4.04
4665 0.6647090632710368 -0.01245783641231224 0.1618042503150694 25 26 20 2.97
4666 0.6822036119763137 -0.004816083679819644 0.2468448059162623 58 60 57 4.24
4667 0.6646555424227094 0.01839089347275573 0.3253653886618528 8 13 12 4.38
4668 0.7000807079889411 -1.061346875074162 0.4749553407160207 107 110 108 3.65
4669 0.7345022145580449 -1.109722375163069 0.4055809576661201 123 131 140 1.49
4670 0.6721822529103656 -1.021871991132848 0.4567874093062088 63 64 67 2.08
4671 0.6496169970588784 -0.9875717081050748 0.4539044452142124 123 126 127 2.28
4672 0.6693329749639962 -1.004505108254506 0.4419788883595365 135 138 141 0.91
4673 0.7278956439209598 -1.032764139438564 0.4671457936104383 142 147 157 6.53
4674 0.6531184811628983 -0.9435144693650148 0.4527886004095674 103 105 104 1.2
4675 0.6949190425178682 -0.9788950755706278 0.3955902040936985 167 177 186 5.1
4676 0.6460055210599309 -0.8944520494221939 0.4791427380382792 104 103 102 0.68
4677 0.6657135828268901 -0.9280735089703691 0.4161032574899128 105 109 108 2.14
4678 0.7220819942962695 -0.9431126182741201 0.4552785711080518 55 62 70 2.9
4679 0.6375292811961796 -0.8449564954284483 0.4719153944351384 113 121 119 3.64
4680 0.7374186512363712 -0.9272598581900853 0.4643195620476576 72 75 73 1.98
4681 0.6882913154113541 -0.9250877117495817 0.3817110427261914 163 172 195 3.83
4682 0.7056467845557894 -0.9023113150243696 0.417570238355757 121 120 122 3.81
4683 0.6848867761798216 -0.8624824168202183 0.4172975037033322 97 99 99 1.16
4684 0.6438749375633962 -0.8076400090975453 0.450998786065318 67 74 76 4.66
4685 0.5704284255201171 -0.692831871051103 0.5265781869685682 89 90 91 3.05
4686 0.6462653722552124 -0.7713159957142257 0.4314506985720014 67 66 63 5.29
4687 0.6657086764175588 -0.7265182530165188 0.4742866804764096 76 80 82 6.25
4688 0.6657086764175588 -0.7265182530165188 0.4742866804764096 76 80 82 6.25
4689 0.626577700890529 -0.6940664101327803 0.456255006159586 125 127 121 4.77
4690 0.6420822413965767 -0.7028161598853462 0.4419364623745602 117 120 119 4.88
4691 0.6709001907565821 -0.6372010129794172 0.4679007010318359 84 84 78 4.83
4692 0.6490151174316366 -0.635529225856998 0.4227838058603584 89 92 91 1.69
4693 0.659862923849708 -0.6218773428059148 0.4649238246783272 83 82 78 6.13
4694 0.6164447837695199 -0.4546242760885217 0.8123398586993855 146 153 160 5.12
4695 0.5676320256752329 -0.425647923984552 0.8210426783965783 100 111 128 3.85
4696 0.5807007334173496 -0.5627387804452166 0.4653657548937448 86 86 86 3.6
4697 0.6246974289537079 -0.6001729498229464 0.4430137932106923 140 142 149 4.63
4698 0.6749006772898336 -0.6254337913831698 0.3373893242895238 176 185 195 3.45
4699 0.6814198091181665 -0.5779560730905784 0.4551820105711932 90 91 89 4.77
4700 0.4410057462170364 -0.4335920470604478 0.4855100295549176 130 134 139 5.4
4701 0.6174945731140588 -0.5433207348129616 0.4010047489708365 97 99 98 3.47
4702 0.5712508490291559 -0.3716753866582128 0.8229478275745444 69 68 73 3.98
4703 0.6270553966414414 -0.5369542402590077 0.3885979856287972 111 111 111 3.89
4704 0.55607245863542 -0.3577647179835404 0.8069170102664669 118 119 123 3.69
4705 0.6503223925895624 -0.5473659911822706 0.3627710472320588 136 149 162 2.12
4706 0.5176249198812286 -0.4633153724513396 0.4409310788735527 231 235 244 4.15
4707 0.5551477908603062 -0.4748981421617202 0.4529699682939412 180 190 205 4.24
4708 0.5585310334850708 -0.4517406817789705 0.4800389257707325 88 86 80 3.75
4709 0.8373418411962057 -0.6011141491535696 0.4157981812941658 177 195 215 2.11
4710 0.5879928872294126 -0.4683287106103756 0.4710614110409084 75 72 73 3.01
4711 0.5847581891692016 -0.4807062726317737 0.4318977260581304 97 95 94 2.88
4712 0.7100677232285426 -0.556680936675696 0.3142947976012141 203 209 228 3.26
4713 0.502221078323887 -0.3957459756593417 0.472632178962521 101 102 103 5.87
4714 0.7822550901663423 -0.5187902392618959 0.4368723746997405 220 227 236 3.43
4715 0.5659765110844696 -0.426389006207346 0.4351215141875808 130 135 137 6.11
4716 0.6792161987787857 -0.3645494687512597 0.725759782512621 77 84 93 4.01
4717 0.6551443708663599 -0.4114609226879978 0.5007905740802912 116 115 117 4.16
4718 0.486453322223623 -0.2625845133605409 0.7938969597126281 72 76 76 6.21
4719 0.6536990135892851 -0.4524821130100721 0.3449522003853447 84 84 83 3.15
4720 0.5326658823343121 -0.2644731888764095 0.8142104983385767 107 103 95 5.34
4721 0.7025262063217448 -0.3454874041354587 0.5701401761761771 68 71 72 4.51
4722 0.7175443290586767 -0.3255248257638749 0.6317553965039593 60 73 83 7.04
4723 0.812651660396013 -0.4041638860591596 0.4656966788960105 63 72 82 6.0
4724 1.121388681673436 -0.5191775809291368 0.3373774718666696 46 54 63 3.38
4725 0.7531104640356554 -0.2928269455632978 0.744572941879275 103 110 119 4.49
4726 0.7097604469575833 -0.359688056472916 0.479875159341734 74 84 92 2.24
4727 0.7520852080606171 -0.3440335076800339 0.4886521305475926 84 96 112 6.38
4728 0.7003425045051253 -0.3083606717410912 0.5068545717598714 43 47 47 3.46
4729 0.6543715138011218 -0.3361640998710112 0.3416614168917768 95 94 93 5.59
4730 0.5912856523379297 -0.2033439224567408 0.7394479628377005 49 50 50 3.4
4731 0.7709873929619016 -0.3666586190940069 0.1752162329559651 43 47 48 5.08
4732 0.5631264927019312 -0.2021565674607395 0.6794088187000025 66 73 74 5.77
4733 0.6364309521256285 -0.2389043489376761 0.6132138071788737 48 48 48 4.83
4734 0.6788140669985256 -0.247097564007676 0.5755995454643346 42 45 45 3.07
4735 0.8431178656806195 -0.3371479519364311 0.3751877631923911 39 44 45 5.38
4736 0.58417886120341 -0.2214561855493228 0.5740828730709762 97 105 109 3.8
4737 0.4355337398049963 -0.1715600379599503 0.6295013271420759 42 48 59 3.78
4738 0.5481609127925812 -0.2068563438212268 0.577093298560295 51 52 55 3.41
4739 0.7173230389701137 -0.2695948142270803 0.4596757329784354 62 63 67 2.96
4740 0.5140138161684276 -0.1412056237132693 0.7981345456198873 26 27 19 1.96
4741 0.6328940280398215 -0.2087964576539114 0.6166836357374624 93 92 88 4.8
4742 0.6665485972327987 -0.2066501785981209 0.6551890913356292 77 77 71 4.56
4743 0.8064262916127058 -0.3814359518105168 -0.02145485061482533 104 106 106 3.0
4744 0.681774724775601 -0.2526438689156495 0.4261515303842119 57 59 54 3.31
4745 0.7904162691069503 -0.3391211007778802 0.1315176705116303 50 54 55 3.24
4746 0.7670210300264724 -0.2521540566559958 0.4616240717983647 84 86 84 6.4
4747 0.5194411755272749 -0.1759719065626023 0.5646442382891362 48 48 48 5.29
4748 0.6347295842993639 -0.1778115237705626 0.6547308257298086 82 84 83 6.02
4749 0.5210812822063092 -0.132299839362036 0.7907220728508291 112 113 111 1.88
4750 0.7093896824460006 -0.258712214092931 0.2454856201358945 52 53 48 3.44
4751 0.4177748098681207 -0.143856871902905 0.513290740002371 88 84 79 4.13
4752 0.4408880678529602 -0.1125654941529093 0.6710025518880842 80 85 77 5.48
4753 0.5504441445084238 -0.1837099216808137 0.4417233237532026 78 74 73 3.18
4754 0.7230613158739914 -0.2722120213284465 0.131641958753108 50 53 51 3.15
4755 0.6870044279188232 -0.2514087707596784 0.2665126084194893 117 119 115 3.76
4756 0.697889583198775 -0.2798807552601891 0.09479338205250998 50 53 52 6.03
4757 0.6796510469189305 -0.2498264114855407 0.2326986703815854 100 103 101 2.47
4758 0.5733694396681461 -0.1530831678964137 0.6115377043931152 109 108 100 3.22
4759 0.835050253254731 -0.3107750709961996 -0.08561001876434404 115 112 113 2.78
4760 0.3297316050618843 -0.05413240023000182 0.8186634911858133 73 70 62 6.73
4761 0.8284269761149428 -0.2835478257585985 0.02822960966199273 76 77 76 2.92
4762 0.6115588073287221 -0.1456430585549795 0.6388460274113966 93 96 95 3.78
4763 0.7255910543668067 -0.1880884287644878 0.3921539551522466 29 29 27 3.09
4764 0.6624310690999227 -0.1643309810108529 0.4293961892495791 38 42 42 5.64
4765 0.7753421983881308 -0.2448626344153327 0.09458566259734336 66 65 58 5.76
4766 0.7801842898887927 -0.2997553356225714 -0.09696987027654136 201 203 203 3.72
4767 0.6466873767053813 -0.1427500233807793 0.4416287884166128 54 57 51 5.09
4768 0.7395942117657284 -0.1921025655546231 0.3083149327781626 41 42 38 2.96
4769 0.5529324286928322 -0.09802055954900316 0.7304490065664917 124 127 121 2.49
4770 0.5869383398864192 -0.138397412895899 0.5195322819644297 67 66 59 3.15
4771 0.6920336365934194 -0.1834104888793341 0.2827909186498835 100 100 94 5.47
4772 0.6939874247160625 -0.1847908341441593 0.2813329484045525 109 108 100 5.98
4773 0.957640089904704 -0.2713823646703254 -0.05194131171728023 38 39 36 2.98
4774 0.5651275683339738 -0.07731359829656562 0.7260224264286035 70 70 51 2.49
4775 0.5984572365194136 -0.08372038491074713 0.7265648486804952 67 67 57 7.07
4776 0.6116605130218574 -0.1006652624874166 0.6407502243955935 41 41 41 2.78
4777 0.6504050425515256 -0.1921184112711397 0.1238168298441279 59 56 53 2.88
4778 0.5797422779067166 -0.08115425537365356 0.6818153116821504 62 62 55 4.17
4779 0.6629062861320284 -0.1468470953723301 0.350015094126443 73 79 83 5.21
4780 0.6418877762546592 -0.1297018384222925 0.4418649173957596 81 84 89 5.73
4781 0.7537376854883417 -0.2209728049956635 0.09855787471326782 69 69 65 7.0
4782 0.6929039324399275 -0.1447662618389143 0.3707308975801363 70 71 74 3.24
4783 0.6717202322980302 -0.1405151056915802 0.304781583010343 56 62 54 4.72
4784 0.737259267383978 -0.1656997596745435 0.2013184421223241 69 75 70 4.49
4785 0.6317793331713841 -0.129804580081556 0.3537394105942477 71 77 75 4.77
4786 0.6500723770048418 -0.1006425857142211 0.5206165319090863 60 64 65 6.32
4787 0.6091853904174981 -0.09315929992193503 0.4964815745491054 69 74 76 4.29
4788 0.843353261176673 -0.2077707497565471 0.002761151666785144 44 43 38 2.26
4789 0.9841585304452312 -0.2646493786355844 -0.257797512011926 54 47 47 3.68
4790 0.8645720269965385 -0.2298620067863947 -0.2109538171748817 43 42 39 1.78
4791 0.7510204938649363 -0.1749447941936784 0.08481100770317229 79 78 74 4.43
4792 0.7202964996914791 -0.1468693295392629 0.1970261097788486 63 65 63 5.65
4793 0.5889420747739188 -0.08089511038419425 0.5560218647287553 70 77 70 3.97
4794 0.6657613622977845 -0.1470513380747341 0.1936594907610345 58 56 50 3.75
4795 0.7103969743215697 -0.1448420120927457 0.2164256146633126 65 64 58 3.32
4796 0.641808303645192 -0.134929594430142 0.2202236393564907 57 57 56 4.95
4797 0.5596122201597501 -0.09908139479063488 0.3217722781391945 45 47 42 5.98
4798 0.72885515570167 -0.1751576228787606 0.141834704137081 76 73 66 4.53
4799 0.6276618154332497 -0.09148974310097024 0.4680988114827849 68 74 69 4.36
4800 0.6198321301105845 -0.09548697195479083 0.3968558122836476 48 47 43 4.53
4801 0.6996072248408651 -0.13820026361058 0.2244459239801846 73 71 65 4.5
4802 0.6369458934994089 -0.07142596874231866 0.5736484789334588 65 65 58 3.54
4803 0.6630824976809235 -0.1367729356372972 0.1509313197094614 78 76 72 3.3
4804 0.5931460589467048 -0.05802184025168364 0.61593332854326 56 58 55 5.97
4805 0.7432042957747751 -0.1468394956734437 0.1135318994670075 69 74 74 4.66
4806 0.8001914796953289 -0.1574823322019789 0.07682569206507617 62 60 53 4.93
4807 0.6599340954205355 -0.1132339937626227 0.2705924221946387 65 63 51 3.21
4808 0.7929712977258558 -0.1642673891264505 0.008675888665124587 74 74 72 2.83
4809 0.7432984485992578 -0.1348225028144648 0.05386116832052079 33 32 34 7.65
4810 0.9179822216796409 -0.1857434785579304 -0.08412041235269285 74 75 75 4.06
4811 0.7221508307442279 -0.1193248234490483 0.2246062865939086 54 52 46 4.97
4812 0.619560572635707 -0.06137663459366238 0.5641533164664055 53 54 48 5.32
4813 0.619560572635707 -0.06137663459366238 0.5641533164664055 53 54 48 5.32
4814 0.7363788965814704 -0.117317884439485 0.1962109533729403 94 93 93 1.23
4815 0.731935620110677 -0.1060909227244034 0.1613726603490281 49 51 49 5.43
4816 0.6880362619793479 -0.1194301953589874 0.2444373054653911 63 61 51 3.95
4817 0.6881406557906682 -0.1162532006777187 0.04511393575754841 63 63 56 6.41
4818 0.5621513357960628 -0.04430594352419656 0.6884359384621763 126 123 112 1.85
4819 0.3405107926511074 -0.03720394546910749 0.4901636090641082 55 52 43 5.37
4820 0.4880144727080581 -0.01718002278918013 0.6403567506472769 11 15 16 6.69
4821 0.6785330780113694 -0.05973200312474886 0.386264532955316 54 64 57 3.98
4822 0.7504092766222403 -0.09055981709980979 0.1708317994819856 56 58 47 3.8
4823 0.7840638044905397 -0.1259822286416692 0.0446916834263692 69 70 71 7.04
4824 0.7045953338990523 -0.0596641073596616 0.4261830913260761 53 50 50 6.16
4825 0.8580938646830074 -0.1291888142563309 -0.09593496491040798 67 69 67 3.52
4826 0.7196004280098891 -0.05789656810671381 0.3936931007660744 55 62 61 3.86
4827 0.6647741485278644 -0.07354623756704062 0.1279057683831212 50 54 55 5.29
4828 0.8182408876247127 -0.1234480293099002 -0.08679761125042473 62 65 67 4.33
4829 0.6552441153050641 -0.03563470111268038 0.5024804084350106 38 44 37 5.82
4830 0.7893394460269414 -0.1140534028556135 0.006383260289590131 77 78 72 4.54
4831 0.6730588649059785 -0.03532862711817046 0.4775997434129703 56 60 53 2.98
4832 0.5802619852120277 -0.004422615619694162 0.6843343281324574 62 69 58 3.62
4833 0.642908615181576 -0.001406870912410013 0.6112313779975571 67 68 68 6.21
4834 0.6551666630182963 -0.02785177267555121 0.4856538643179811 39 46 35 4.19
4835 0.6937120103093197 -0.05127112126090867 0.4332460084614619 36 38 34 7.08
4836 0.6416778500702259 -0.02201314569768681 0.5124611749187914 32 34 29 3.07
4837 0.658689946417796 -0.02751797987795754 0.473830749237364 43 44 37 3.75
4838 0.596752825112097 -0.01260067456960276 0.5581875573557348 67 67 60 2.9
4839 0.6639269586252958 -0.0163788734980736 0.4400477682446088 60 59 50 5.75
4840 0.5884269227873702 0.01068981300190436 0.6435014629578926 59 59 51 5.94
4841 0.5584214886925916 0.002264358334129565 0.6505968728483627 44 50 55 5.4
4842 0.5667579946314737 0.002268877290111646 0.6483183451103526 49 53 52 4.91
4843 0.7333688622758805 -0.05492440472491075 0.1834181509852222 87 94 101 3.5
4844 0.8646805364355998 -0.08144451975445227 0.08749904572487865 65 68 67 4.03
4845 0.5131962896539419 0.01733626065267869 0.7550226937752667 32 42 36 3.84
4846 0.5956733615293024 -0.008211822115774717 0.5846952945278703 48 50 47 5.74
4847 0.6725270177627052 -0.02935707004853291 0.4271474777916345 69 73 74 4.51
4848 0.5596128354427394 0.009822535932893298 0.6562256747096338 37 47 39 2.82
4849 0.5380926848733121 0.01723134147357654 0.6940195479106072 38 49 44 5.55
4850 0.7197941347825236 -0.05356321285011759 0.1094195478051381 60 61 57 4.83
4851 0.5602906126028903 0.01038110889288701 0.6532276297863211 47 56 49 2.79
4852 0.7258280650196014 -0.04392066539254373 0.2735205463815445 49 50 44 2.69
4853 0.5445961238767824 0.01213078493883253 0.6716057477352597 34 36 35 3.95
4854 0.6379605270398558 -0.01857547090124664 0.3894600660195204 72 84 80 2.67
4855 0.6428303120439449 -0.01960241522555187 0.3340913603766164 17 19 15 5.54
4856 0.6958002061534652 -0.06476140637935976 0.2182309325489492 112 114 114 4.13
4857 0.8017950644837157 -0.07315888642740276 -0.01245281397529396 66 68 62 4.0
4858 0.5943586604698391 -0.01573846754266237 0.5921561388300807 84 88 88 1.65
4859 0.6126017970754138 -6.380534834814211e-05 0.5109377185496138 70 81 74 2.75
4860 0.8702728645923026 -0.0793527097100398 -0.2297557618726089 30 30 31 7.67
4861 0.652698143285357 -0.03863434943048993 0.09466519681891683 51 55 52 6.8
4862 0.6175475615830697 -0.001279308686241029 0.4768305168148975 65 72 66 4.19
4863 0.6606871454417685 -0.01175459791480095 0.3769832965672657 76 85 82 5.6
4864 0.6055536550664502 -0.02663791817821554 0.4413886046241401 94 100 95 1.87
4865 0.687380866236073 -0.04264583056636941 0.2409722218870393 79 80 73 5.28
4866 0.5279170399952688 0.03215190317363719 0.73677033751228 45 47 46 3.62
4867 0.7547868951159247 -0.03753587909356809 0.1287670018432187 65 65 64 5.32
4868 0.609873110589212 0.01412208500864525 0.4860738106801797 49 58 50 4.73
4869 0.6285256086104247 0.007301635229296652 0.3848171986618729 38 62 51 5.71
4870 0.6732807533733312 -0.01285548577535826 0.2868538991162612 63 64 58 3.62
4871 0.793035832410381 -0.04152357430352509 -0.02003631638590453 50 51 44 4.73
4872 0.7677787422585276 -0.02339543977301965 0.1586312679997456 61 63 59 3.74
4873 0.6728443209150281 0.01156172699402112 0.3395928282478838 12 18 14 3.13
4874 0.6948320999839606 -0.006652215788657559 0.234228677736112 30 30 22 5.09
4875 0.8104737135695621 -0.0387772597069977 -0.09948734929587255 19 20 23 2.88
4876 0.5687834086522482 0.03888855966332051 0.5922430375180137 20 22 18 4.04
4877 0.659478936332307 0.002861679390284422 0.1141808800938248 76 78 77 3.87
4878 0.6909979922236298 0.02283352913796654 0.3305528323912363 55 55 51 4.78
4879 0.6390255427085321 0.0363691945497842 0.4639850207956734 42 46 44 3.57
4880 0.7082974592749769 -1.115248927431071 0.4515192170717937 91 96 93 5.82
4881 0.7093399677558108 -1.091797125962301 0.4279566735308079 96 98 98 0.44
4882 0.6467932190613485 -0.9207681708584496 0.4404531589308299 108 112 106 3.1
4883 0.6714402470102654 -0.9118598146676926 0.4847155045052274 88 88 84 3.14
4884 0.7053609054753434 -0.9236884511004761 0.4922338845261206 93 98 103 1.68
4885 0.6990005154086485 -0.9244643821232938 0.3772700198010314 201 211 224 4.05
4886 0.6784799745153474 -0.8242838356755444 0.4921563422438477 109 121 126 3.55
4887 0.6076139712917715 -0.7903824542342461 0.4365261970958273 111 114 114 3.6
4888 0.6387980304957979 -0.8283517374553957 0.4206735519346868 120 122 120 2.69
4889 0.6298819408057571 -0.779078608675337 0.4477157564252103 82 81 76 2.85
4890 0.7122582546229523 -0.8670476048340627 0.372820574611909 87 90 89 3.08
4891 0.6020014292276882 -0.7067274358895157 0.423845553619864 94 94 90 4.08
4892 0.6505707124319855 -0.7293763695521132 0.3932552080422203 106 106 104 4.06
4893 0.6535409116045954 -0.7322302469158877 0.3917949967276567 103 106 103 3.53
4894 0.6966181103505498 -0.6898052706740736 0.4557600938520161 120 125 123 1.25
4895 0.6614305265780855 -0.6656801560673591 0.4533931606219808 71 70 66 1.45
4896 0.6486100497257197 -0.6719487449731227 0.401831532413469 86 88 85 3.83
4897 0.7468977266691141 -0.7043934710918021 0.358355179302887 79 81 81 1.24
4898 0.7152093131332176 -0.6172257121589149 0.4720747920131224 104 107 116 1.32
4899 0.606379348650335 -0.5974030530632422 0.3701257906455944 136 138 141 1.03
4900 0.7886956557372364 -0.6500861066869701 0.4606676564929734 132 139 146 4.08
4901 0.5638479053392608 -0.3865828391315043 0.8108142113919797 123 129 137 4.51
4902 0.7748238550567008 -0.6953496534829184 0.2432933265665863 108 120 134 1.44
4903 0.546370174405029 -0.5250367037972321 0.4155531249376747 110 112 130 3.91
4904 0.5131521789736416 -0.5015762452680166 0.4036182656349153 219 223 233 5.47
4905 0.8042690922414228 -0.6049980042911169 0.4486510457636632 138 134 134 5.83
4906 0.5708326218265414 -0.4782799189349702 0.4860525895174242 92 92 92 3.05
4907 0.7385917700963818 -0.5643358454538139 0.4519045644747338 196 193 196 4.79
4908 0.6968941539921945 -0.5442215101278274 0.4361829403500392 88 87 78 3.53
4909 0.6990457114471287 -0.5095982387219244 0.4373255854404786 97 97 91 3.74
4910 0.7075257152884182 -0.5357480153461645 0.2819235931159489 121 130 139 4.38
4911 0.6331658466892021 -0.4351852918062832 0.4173719103316318 60 66 65 3.07
4912 0.5567935885463233 -0.3808473461502155 0.4793000620948791 86 82 74 2.45
4913 0.4999020521215156 -0.2530772001555365 0.7953228035473225 102 105 108 5.35
4914 0.6644224935474452 -0.3299704556587113 0.717630638648467 61 67 69 6.09
4915 0.7379749266677624 -0.417457280327296 0.4739226672952839 62 62 62 2.47
4916 0.6720673301943965 -0.3821435959345674 0.4973020070046822 52 51 48 4.54
4917 0.6501986371199202 -0.4173721114625429 0.3154550646435588 114 113 107 3.24
4918 0.5484604033474652 -0.2498395966686688 0.7923549855581266 113 119 124 2.91
4919 1.261739662802209 -0.5269646797916716 0.5940374666840196 32 43 54 4.07
4920 0.6443345669467945 -0.3569631150456443 0.4111647561770472 65 64 65 3.8
4921 0.5756951599402875 -0.2360921079622418 0.6383538689129628 28 39 47 4.59
4922 0.5612508918015569 -0.210359703269959 0.7324477437754497 38 46 48 3.13
4923 0.7912356232120774 -0.3966476556091666 0.2368480071373765 81 83 80 2.13
4924 0.9917934531823283 -0.4495123982568234 0.2286440908872803 124 130 136 4.98
4925 0.5752062624835197 -0.2175543914211055 0.71768312780829 72 76 78 3.72
4926 0.5743898282963581 -0.1968152542618024 0.7421059179920663 42 50 47 2.88
4927 0.5264828791135491 -0.1796398825410799 0.7375058453601883 66 72 74 3.34
4928 0.5772604558781619 -0.207559791782487 0.6812391477689124 48 50 44 2.42
4929 0.7226846444688408 -0.324272639514718 0.2540415685486752 33 41 56 2.45
4930 0.6383477001527792 -0.2413000865596682 0.5264100230336891 47 55 65 6.23
4931 0.658787901540079 -0.2516781209553849 0.477652662680437 82 85 89 4.14
4932 0.7229630368805822 -0.3108578383497589 0.2308378745715685 65 71 73 5.23
4933 0.5270718997671402 -0.1355811611507016 0.7747559083352334 76 79 72 4.32
4934 0.7878747520122729 -0.343173098273875 0.08471548717160493 41 50 57 6.23
4935 0.8185231538379032 -0.3538551569448241 0.06387693319836019 47 52 51 4.03
4936 0.6827815980539984 -0.2722407125905516 0.1515141147920567 50 54 57 4.85
4937 0.3150776370593013 -0.06289833318799243 0.803792011119127 66 72 72 4.43
4938 0.6181749243948043 -0.1596900355580978 0.5216207237213764 92 92 82 1.83
4939 0.5762754029642866 -0.1202927520605012 0.6796070714674098 61 65 63 0.88
4940 0.728101969599052 -0.2309874980908426 0.1579639816126832 78 80 76 4.15
4941 0.8336146067054395 -0.3293585868278779 -0.2598755561905148 102 91 90 2.54
4942 0.5884537610153978 -0.1150620499048408 0.6747102554059469 60 62 53 2.36
4943 0.7575067036125394 -0.2300439918539486 0.1302475282873505 62 60 53 4.91
4944 0.5909109128210269 -0.1140276930747206 0.6376751916078167 99 103 108 4.26
4945 0.434926008249745 -0.09169979293096894 0.6197045483084036 39 44 52 4.67
4946 0.7417828840311325 -0.1534435542270594 0.525316961024172 64 66 67 2.63
4947 0.7278403162658678 -0.2022923384199132 0.2059987093873594 61 61 58 4.61
4948 0.7535064138183203 -0.2096786571655619 0.1875546096482794 60 61 61 5.02
4949 0.6808232522623838 -0.2785128769184904 -0.1764840739390277 103 104 101 4.39
4950 0.6910316365769413 -0.1974840893316847 -0.0324514592395464 74 68 65 2.79
4951 0.5283932756477345 -0.05544804192257746 0.7168480060699238 62 61 58 5.34
4952 0.7107108664774255 -0.1461034211548078 0.277240898948458 64 63 58 4.78
4953 0.6149483378663649 -0.09475095835790726 0.5841185336964023 107 108 103 5.78
4954 0.6047399750879354 -0.06126180649577895 0.6001054527015761 35 34 30 5.98
4955 0.6879728183441116 -0.1305335475422064 0.2416509829240225 65 65 63 5.23
4956 0.8028620465647676 -0.1542740180209969 0.1561042612770769 64 64 62 4.38
4957 0.7178121235456099 -0.1212545326645995 0.2086394018238268 66 68 68 6.07
4958 0.673670634237155 -0.1156682132334867 0.2362905581980156 70 69 66 5.77
4959 0.6378474605150579 -0.06543894288160573 0.5679300916560224 71 68 57 2.44
4960 0.6061841922261633 -0.04399984352518588 0.6992045935331211 40 43 43 4.4
4961 0.6923571910917687 -0.09279306123579453 0.4606706570190001 76 74 66 5.88
4962 0.8271759074784601 -0.1666417453752972 -0.03484712476235408 50 47 43 3.97
4963 0.7604352270774306 -0.1427453704135865 0.03853486833829645 81 78 77 3.04
4964 0.6386749200101579 -0.07124237893609486 0.3820066490264221 101 107 104 5.24
4965 0.6044757071346747 -0.03516820764594709 0.6408551291768785 69 68 56 4.48
4966 0.6512637581805296 -0.0243817937760244 0.5834314065196022 40 41 34 5.1
4967 0.6546589242062125 -0.04216491433348474 0.5172536020031065 12 15 10 4.13
4968 0.7804352202822216 -0.1037969844135824 -0.01924656602589714 73 81 89 6.37
4969 0.5479971709861903 0.002178234725807041 0.757259841015719 63 67 56 2.85
4970 0.6963034573127371 -0.02653056672838588 0.6002275867230468 62 66 67 1.66
4971 0.6532767055921769 -0.0294332167342591 0.537672450743411 73 73 66 2.83
4972 0.6772361621858904 -0.03360402294740357 0.5014107527835918 39 43 39 3.49
4973 0.711542739951653 -0.02107804373743818 0.5980096782056135 44 47 48 1.43
4974 0.9532914122325018 -0.1111350533786705 -0.04147696076920027 64 68 65 4.72
4975 0.8528842581739899 -0.09475893059043886 0.07288592040082165 64 66 69 3.55
4976 0.9359686402739005 -0.1345775386746575 -0.2304641053271301 24 26 22 5.9
4977 0.8279044289500068 -0.1012796626228673 -0.1246010034180565 28 28 26 5.68
4978 0.5725245973670539 0.01363091127642584 0.7159693353538961 86 90 78 6.38
4979 0.5651893571264592 -0.003992404501792682 0.6075602960672228 50 60 55 2.43
4980 0.6338064728241717 -0.004732102442285474 0.5540001435904984 75 75 68 6.66
4981 0.8563509829470572 -0.08777788774431367 0.07044054345157358 72 77 76 3.57
4982 0.4612554752817614 0.001018646817248947 0.5915027286956106 71 75 74 5.67
4983 0.6501195553253034 -0.02428860570951639 0.4547883286073632 65 69 66 5.54
4984 0.6567293158970728 -0.02480124571864263 0.4458832337163526 68 70 68 3.9
4985 0.6529902107718406 -0.02658303507721567 0.442790051845375 58 60 54 4.67
4986 0.8896750976720287 -0.09682169722016806 -0.2113846816699838 27 31 33 1.58
4987 0.5995263363232048 0.01407575463593949 0.6454411616586355 67 72 64 8.0
4988 0.5849105053065 0.006402346343488477 0.580063793167646 41 53 47 2.69
4989 0.7851933919443304 -0.05123677487212669 0.09822131373044618 83 87 89 2.15
4990 0.7260344072010998 -0.03836845319462384 0.1406061027540033 63 69 74 6.11
4991 0.7557510958554339 -0.04373955633913917 0.04121226338980466 69 72 73 3.74
4992 0.6787294059744413 0.01232123117499386 0.3250280442631888 16 17 14 4.39
4993 0.6280020837128031 0.0246372753971682 0.4746348833279742 59 61 58 3.76
4994 0.7455505129331339 0.004415094013174622 0.1759856019926836 28 31 30 2.89
4995 0.6656636587456173 0.0229267434470907 0.3454313485446252 94 97 100 3.95
4996 0.5801273202735037 0.03319519843306085 0.4930014514073633 49 51 51 2.52
4997 0.6479657455715018 0.03857950178938349 0.4640508337261016 91 95 92 2.26
4998 0.6232250615624783 0.05724374013395152 0.590944529860854 20 23 23 0.31
4999 0.6154213539939033 -0.6359662889728244 0.3948599582462078 104 107 107 3.25
5000 0.5135329897665459 -0.5020056660014298 0.4030262444033212 224 228 238 5.44
5001 0.6797957284086016 -0.3340255124203039 0.709089383911522 73 85 101 6.23
5002 0.7812508196493255 -0.3824054448992023 0.5441021686718789 63 70 78 4.56
5003 0.5236311944374468 -0.1895346000978514 0.7979608520334015 98 105 105 3.73
5004 0.6000872954745023 -0.2954488763572843 0.3601947251668898 81 77 73 3.1
5005 0.7873285526201101 -0.4188359595869749 0.04135871663774071 121 124 129 6.58
5006 0.5169553212024236 -0.1450356611498332 0.7540531508708885 62 60 54 5.57
5007 0.7576459114145908 -0.3186477386905085 0.02232141094819262 112 115 110 5.46
5008 0.5549472296784549 -0.1315926906773054 0.7515223566852299 44 52 57 2.24
5009 0.6237976867125667 -0.1697389061629936 0.5362936720817711 41 38 32 1.17
5010 0.706807843202639 -0.2135511267857805 0.3930214125289132 89 88 79 4.14
5011 0.5220103520891461 -0.1657520711183068 0.4891088777621804 92 90 82 5.27
5012 0.604427427752544 -0.1474947403079047 0.5413389539395721 30 31 23 3.43
5013 0.7653727147811196 -0.3161434197075993 -0.2195736990784318 96 88 90 3.6
5014 0.561674788611158 -0.09334893071094194 0.7484736556114275 74 78 73 4.69
5015 0.5390047006646731 -0.1100593331569683 0.6363868473662015 105 113 115 4.57
5016 0.5005730553423894 -0.1095439151472036 0.5386779152553449 87 89 86 4.79
5017 0.5938824401243855 -0.09029860484852881 0.7351037767534819 84 84 84 5.48
5018 0.6583576441354111 -0.1309058148731293 0.450718883159416 69 72 73 3.14
5019 0.724358534225825 -0.1991285895457137 0.1163179823157218 82 82 78 3.05
5020 0.6073650550622447 -0.09135022232783221 0.6481430046191912 54 54 49 2.41
5021 0.6685713209762951 -0.1411608744336629 0.2546618140505763 96 94 84 4.3
5022 0.6121483059216146 -0.04730815282035479 0.6341963505815447 33 35 33 3.89
5023 0.7637426208856006 -0.1164640575018023 0.1761052345505741 60 63 61 4.44
5024 0.833464250393873 -0.174833590083564 -0.2146263540325362 35 34 31 4.03
5025 0.6578141374554544 -0.05407378581441516 0.5059302002074728 18 20 19 5.56
5026 0.6073842061884384 -0.001104459081940623 0.7316814954998396 58 61 59 1.91
5027 0.636115845053924 -0.01641675980702055 0.5917368693204728 59 60 56 1.82
5028 0.6508574604027311 -0.04572489867189508 0.2768810598893043 82 84 84 6.51
5029 0.4324861575963764 -0.01202524707890047 0.3932741482624749 68 74 74 5.02
5030 0.7089664414657539 -0.01783199889373051 0.3941998647756454 52 52 46 2.38
5031 0.6399277233877204 0.02562633845501443 0.3690856796890793 61 60 59 4.69
5032 0.5758698033574986 0.06665685716178053 0.5318524355265408 62 64 60 8.62
5033 0.6402280139651788 -0.8152982339406918 0.4630685200113853 130 129 130 1.12
5034 0.7630428431195655 -0.648121929278823 0.444799293745156 107 109 113 1.81
5035 0.7393523705727991 -0.6078569342628881 0.4101414252852646 39 37 38 5.24
5036 0.8280212951860519 -0.6212329497865881 0.4161361618457875 123 124 130 2.12
5037 0.6747901221126424 -0.5437525064938724 0.2907981001379202 203 222 239 5.09
5038 0.6559147814447874 -0.3491902210339883 0.4321698454770255 137 139 137 0.89
5039 0.5261437595194626 -0.1802035147226428 0.568218945225214 79 81 74 6.11
5040 0.7612475680479622 -0.2242953378302787 0.08066891664704179 78 79 74 5.0
5041 0.5676236370566662 -0.0058112545523515 0.709863813520473 22 31 24 2.48
5042 0.5983751480896555 -0.01459748446175513 0.6572835841882574 48 54 49 4.33
5043 0.6052660160160446 -0.01569831224377 0.6243159898949135 23 33 26 3.61
5044 0.4713659284261673 0.001047360372015582 0.6048824661832115 42 48 50 2.84
5045 0.8115086333214723 -0.08369757461928815 -0.005391969247432904 46 54 49 5.36
5046 0.5419536031122327 0.02247661269120245 0.7014276438522747 65 77 73 2.75
5047 0.5179113134873342 0.02524560418580768 0.6653040383019473 54 55 54 5.84
5048 0.6263959859577694 -0.003288943527428853 0.4143364215007729 46 62 57 2.57
5049 0.585357255581304 -0.01151064986639813 0.2189452135218155 39 44 44 3.16
5050 0.7297691502613828 -0.03437845201342578 0.06606655879940027 43 44 39 5.29
5051 0.697247023966814 -0.0333478410632612 0.05522719073559523 63 62 61 3.2
5052 0.705800415730347 -0.8714952298324696 0.4034352160567599 106 105 98 3.91
5053 0.7122646604688099 -0.8783546681107144 0.4005209874497041 98 102 104 4.38
5054 0.6451557751879397 -0.7694138089585676 0.4633030103115582 135 139 136 1.46
5055 0.6750244685888123 -0.7614128121505084 0.4977724031779364 128 127 133 3.31
5056 0.6688087149516584 -0.7998901964043041 0.3785601100589751 225 237 246 1.66
5057 0.5633446644073626 -0.3775401968401934 0.8111546113694339 102 110 113 4.95
5058 0.6910804393073948 -0.5355152690880407 0.4420421561661493 84 81 67 4.51
5059 0.5973646456639249 -0.4320067695877598 0.4800872951546177 100 97 93 2.21
5060 0.6115407033616309 -0.4097619784859511 0.4431628154742849 86 86 77 4.45
5061 0.6921036983692141 -0.3564421972387393 0.6622039456377022 60 66 70 7.31
5062 0.6527573966413225 -0.3094926794027154 0.6769106571445458 38 48 56 2.12
5063 0.6723212343720799 -0.2757602758726236 0.6463989192333188 33 37 40 5.09
5064 0.7527017306278192 -0.3448186044388105 0.1961530376256564 44 49 51 5.0
5065 0.7429702314224325 -0.2865616042567506 0.496773031199095 55 60 68 5.15
5066 0.6424459879406461 -0.284007258090866 0.3375008579597545 44 40 33 1.36
5067 0.5385644029619657 -0.09495414874354613 0.7527377801623212 69 75 73 3.75
5068 0.6546669838337208 -0.1836335996751804 0.420324402026911 98 99 94 5.16
5069 0.8121762429363437 -0.3043386878934769 -0.2290645754686211 89 79 78 4.47
5070 0.6502779032608088 -0.1652641964970615 0.06606271959282761 107 89 88 5.34
5071 0.5308443771970449 0.009888006781459416 0.7076949016631175 42 51 48 2.73
5072 0.6507149061679255 -0.01411851432054548 0.4542020286258833 60 62 55 3.82
5073 0.6613499124130641 -0.01671980826842823 0.4487313480400044 53 55 49 3.73
5074 0.5898730471806904 0.02356496241778052 0.5884848312782334 43 45 40 6.17
5075 0.5178394427697498 0.04705369588104945 0.577604837120791 49 50 44 6.75
5076 0.7902127200407616 0.03980605317095098 0.4360729219512691 15 19 14 2.06
5077 0.668473948268824 -0.992249533353325 0.4184394726155692 216 224 232 4.13
5078 0.5357493671551101 -0.3612088026708536 0.787796020249275 223 228 240 5.09
5079 0.8730381907121849 -0.4129959451687485 0.3711452993600648 123 122 118 5.68
5080 0.7995098654745252 -0.3345827911064361 0.1591812989970036 52 57 62 3.0
5081 0.9338295654202449 -0.3946066977433897 0.01632778838549576 47 52 58 2.64
5082 0.897220543924119 -0.3436601550649756 0.03344185368161945 28 34 36 2.39
5083 0.8191942841212669 -0.1853979704170847 -0.2195781645868466 37 36 37 4.12
5084 0.7963028869791824 -0.1778696703403717 -0.2179525202992574 64 63 57 4.12
5085 0.7112332724925077 -0.9233267339556346 0.364240663809575 202 215 226 3.04
5086 0.7213998687299448 -0.8697911053113347 0.4866638009515165 226 235 248 1.3
5087 0.6787009144613634 -0.7693879444281262 0.4904018164115368 114 114 111 3.98
5088 0.6803189885665053 -0.7348171803444037 0.4832853230219853 84 86 84 3.58
5089 0.7235663163513661 -0.7859655627114779 0.4305752217008252 85 89 91 3.89
5090 0.7319582264140954 -0.8098486569285988 0.3900214919493242 83 87 91 3.51
5091 0.6380510835379377 -0.7175685274060499 0.4367280463617247 96 99 99 1.64
5092 0.571220783773587 -0.1494988038031362 0.4044154968660895 36 34 32 2.97
5093 0.8880203068627666 -0.08448396768966995 0.4129420060056151 13 18 14 4.01
5094 0.7457959919294292 -0.09843458454388074 0.1760673968486348 35 34 27 4.75
5095 0.6598721025268037 -0.05454668264150839 0.4936412518333878 51 48 37 4.8
5096 0.6608581907083581 -0.02976740563995411 0.4907001308026584 77 77 75 3.47
5097 0.7111566132936638 -0.03750304575485287 0.4685764828899273 85 85 82 1.74
5098 0.8338301461311766 -0.03081019443488579 -0.04673506732037347 21 20 15 2.48
5099 0.786132339387736 -0.02728314571898943 -0.007151911953931833 24 22 17 2.68
5100 0.7469975859374289 -0.7340272023457981 0.4457919974932785 118 125 135 3.26
5101 0.8102132775370607 -0.6901709493290697 0.4365634598904625 215 225 238 5.3
5102 0.7700143947013631 -0.6240069789279272 0.4476462363775517 232 239 247 3.03
5103 0.737109730918144 -0.6018500061562615 0.4629884472111723 229 238 246 1.0
5104 0.7296474264602222 -0.5427352911850813 0.4568495747260914 231 234 236 4.87
5105 0.4766491953043175 -0.1931907192350449 0.5741331661849391 40 41 45 5.78
5106 0.5487898783343578 -0.1069031818537605 0.6408751728160524 92 97 99 3.81
5107 0.6731025174606615 0.01653705565430155 0.377066963953698 26 23 19 4.34
5108 0.6788447143127212 -0.2724997749148383 0.6449823129153152 33 40 44 6.49
5109 0.7197215416329286 -0.250299251266616 0.1912745335523931 90 91 93 2.76
5110 0.6005397380676876 -0.06210236031141445 0.6152447600763105 97 95 82 6.2
5111 0.5920141737378513 -0.01986770639094761 0.6994234308614597 28 32 31 4.38
5112 0.5949127060818895 -0.02058267998564239 0.6798908354293994 92 95 91 4.88
5113 0.8916026132129546 -0.4401008251263759 0.0273890623887707 44 47 47 4.78
5114 0.781602244771689 -0.2690847721823329 -0.119971970917413 60 48 47 1.81
5115 0.9093963014311235 -0.3240907113736057 -0.2030762570726499 196 198 204 0.51
5116 0.8566807443614295 -0.2548718756570304 -0.1739022518100684 52 50 38 3.78
5117 0.8234588353000176 -0.1438236935772054 0.1537174318278016 82 79 69 3.48
5118 0.8160371441138965 -0.1409688547649655 -0.1710998261229417 42 46 43 3.5
5119 0.5802195559968159 -0.04993489738622908 0.33751462968117 35 38 36 5.56
5120 0.6806424833449667 -0.4544825618133365 0.3098607774467645 111 99 85 1.35
5121 0.6878227188096668 -0.3971116056817451 0.2925509254906401 142 137 119 1.43
5122 0.7967623426838371 -0.4850887723656422 0.001596152182384181 141 146 142 2.77
5123 0.8870821918892211 -0.4930495267443586 -0.08145834561022691 121 119 112 2.0
5124 0.7210886868341502 -0.3208269395132 0.04174106143529066 121 116 107 4.84
5125 0.9488504887458085 -0.3355242295867127 -0.1174345250349125 97 92 79 4.06
5126 0.7003881297836245 -0.6760518494049899 0.3368365339933876 218 226 230 2.39
5127 0.7000518679529713 -0.6027092595668573 0.3304464674965182 177 181 185 3.32
5128 0.6365502853397774 -0.4337596177756218 0.4185732224841446 112 101 88 2.02
5129 0.6387844596367399 -0.4287400400210034 0.4177740574925828 108 100 86 1.57
5130 0.8086780135604297 -0.5057935146527641 -0.006421955348873576 156 163 159 5.77
5131 0.8356750184927049 -0.4584089692978877 -0.03207401831102374 113 115 110 3.88
5132 0.7270561172830665 -0.2948615115578072 0.25665634242127 120 114 102 5.4
5133 0.702011549024302 -0.2556917980411886 0.3370759269266959 82 80 72 5.65
5134 0.7314726104535894 -0.2519283183699312 0.2750334929202006 107 97 83 6.05
5135 0.7543437006882554 -0.3164578364333212 0.02315386352962978 146 148 142 5.23
5136 0.9435657161180677 -0.3243527801772924 -0.2267423118911134 160 162 163 1.52
5137 0.9536898327262417 -0.3309605590361465 -0.2375782436267644 184 185 186 3.57
5138 0.7654008008169753 -0.2901140366767674 -0.001018892795447535 118 120 116 4.17
5139 0.6509101875764957 -0.1687998999552144 0.3372259876970074 99 97 88 1.32
5140 0.9044266563524372 -0.268763048068483 -0.03108748573129527 88 84 78 4.86
5141 0.8888455245220421 -0.2533318068620972 -0.2064060591184012 55 57 53 2.91
5142 0.705953633223527 -0.1293350970999898 0.2594694657479526 69 63 46 4.11
5143 0.6588759679219254 -0.1126462036451163 0.3356919793163206 82 76 61 6.17
5144 0.7844970757452856 -0.1380731140867316 0.03078041688248168 71 75 68 4.64
5145 0.7132256378682544 -0.09572681877925024 0.1018956254404145 49 49 45 5.26
5146 0.8008900344497667 -0.1060049442228541 -0.06893683408602591 57 55 51 3.26
5147 0.6456503294444034 -0.2580838830837526 0.393971909952487 96 89 78 4.83
5148 0.6757631008719103 -0.2274796275073239 0.2925633562920206 78 75 65 4.08
5149 0.8330155952004201 -0.3630945796960215 -0.05229942154654865 112 108 92 2.4
5150 0.8361336110774718 -0.3072073023230237 -0.04297339252919996 86 82 69 1.6
5151 0.7463552826465476 -0.1887111571542269 0.1540877196130614 86 86 77 2.38
5152 0.8051947394633927 -0.1692904861542686 0.08302931100732902 79 75 63 2.27
5153 0.7283628863673441 -0.1404015369728701 0.1143537876508555 76 74 61 1.52
5154 0.7722242001714525 -0.1563007633503136 0.05241058063234716 56 54 46 4.29
5155 0.7425350353910125 -0.1092690216729703 0.1356638044900221 70 71 70 4.99
5156 0.7984082667276851 -0.1095991297866215 -0.03352266617476674 61 60 51 4.18
5157 0.6040380680749855 -0.04783588423914717 0.4028387636488168 127 127 119 4.29
5158 0.6383319124455898 -0.04323970297144729 0.3549763881522106 131 126 110 3.36
5159 0.6435023776406705 -0.04635572072390894 0.3089248907179118 110 103 92 4.08
5160 0.9566214533777921 -0.08643463163572696 -0.09635372151008603 59 54 43 2.79
5161 0.8212368249985982 -0.06303760767203798 0.009874329487512101 60 57 47 3.08
5162 0.6921141321387945 -0.03860320234241567 0.1069982560191554 52 52 42 2.72
5163 0.4690781345422326 -0.0183011819800665 0.4341911869367427 97 87 67 0.8
5164 0.7688325937788147 -0.0463304875627762 0.08869436436761524 65 64 58 3.1
5165 0.6785927221659913 -0.04245409717677914 0.1279613279368695 85 85 81 4.67
5166 1.011542770935591 -0.06326327613532456 -0.1189985404639404 72 70 60 2.77
5167 0.6640501141512996 -0.0317761200595853 0.2924981579381182 84 83 78 1.38
5168 0.6554137367777488 -0.02498445861931774 0.3079737398924839 101 98 87 3.39
5169 0.8177320264763295 -0.3497835194130845 -0.006372139065473625 75 76 67 1.17
5170 0.8755215417327054 -0.2857450981889387 -0.1980240103349844 48 45 37 1.43
5171 0.7086046998282551 -0.1613319641892159 0.2045117254504167 77 78 71 4.03
5172 0.6913512991279067 -0.1388552977822451 0.3327782108970339 109 108 99 7.14
5173 0.8027447738618656 -0.1694972771870803 0.1603886604396739 93 95 88 4.73
5174 0.7034469827154808 -0.1533408159707234 0.2132329877241331 84 82 75 4.94
5175 0.7817894500848399 -0.1257219342640911 0.07665577190519091 45 43 36 5.32
5176 0.7865036094189173 -0.1292320889336789 0.02774403527496738 62 60 53 5.23
5177 0.5610424175093552 -0.06177631279590026 0.3645332422037916 84 75 59 2.15
5178 0.6457414128369522 -0.06792563534397511 0.2999821730913905 120 117 108 3.57
5179 0.6973696047366591 -0.0490533188891626 0.1876689421006329 108 107 102 6.51
5180 0.676187053068632 -0.04358965934326314 0.2499061002972232 73 74 68 3.23
5181 0.4925183717592511 0.008801463563272285 0.3225058904191691 89 97 91 4.32
5182 0.6329419888085586 -0.3479505709431709 0.3759184607437374 45 46 36 3.22
5183 0.6528174984434627 -0.1556305220575472 0.3354280173983645 64 62 52 4.12
5184 0.8917635125538761 -0.2454764723052875 -0.1977162052071213 45 44 33 1.67
5185 0.6071185044179466 -0.08092720569729134 0.3484735683576722 98 96 80 5.64
5186 0.6498262959971877 -0.1022509157623028 0.2613422634196221 25 25 21 0.48
5187 0.8511703298440654 -0.1593396002385078 -0.1851382121117782 44 46 46 2.85
5188 0.6895074952532327 -0.062975369008023 0.2270243521677128 84 88 88 3.27
5189 0.6936765677414396 -0.04139840840527788 0.1842567393786814 80 84 80 3.62
5190 0.7018237251312125 -0.01598030418469991 0.1179443064520952 71 74 72 4.14
5191 0.7611153559601271 -0.1132442970889707 0.157600149923781 113 111 105 3.93
5192 0.7697919486674778 -0.1004613403909582 0.1931271135673291 28 26 20 2.83
5193 0.6781326918217148 -0.6443927173610502 0.3243740593775949 99 96 90 4.15
5194 0.657157729579206 -0.443828077993573 0.3684387801221956 89 87 77 3.93
5195 0.6547552806299594 -0.2538202683914195 0.3633794065089776 62 56 47 4.74
