{
    "merging_metrics": {
        "merge_success": 1.0,
        "merge_child_count": 0.0,
        "child_camera_counts": {
            "summary": {
                "min": null,
                "max": null,
                "median": null,
                "mean": null,
                "stddev": null
            },
            "full_data": []
        },
        "child_camera_overlap_with_parent": {
            "summary": {
                "min": null,
                "max": null,
                "median": null,
                "mean": null,
                "stddev": null
            },
            "full_data": []
        },
        "number_images_merged": 236.0,
        "number_cameras_merged": 70.0,
        "number_tracks_merged": 9232.0,
        "3d_track_lengths_merged": {
            "summary": {
                "min": 2,
                "max": 42,
                "median": 4.0,
                "mean": 6.960463604852686,
                "stddev": 6.028210051321385,
                "len": 9232,
                "invalid": 0,
                "histogram": {
                    "2": 3181,
                    "3": 1487,
                    "4": 949,
                    "5": 637,
                    "6": 448,
                    "7": 377,
                    "8": 297,
                    "9": 251,
                    "10": 204,
                    "11": 157,
                    "12": 141,
                    "13": 122,
                    "14": 106,
                    "15": 102,
                    "16": 98,
                    "17": 71,
                    "18": 71,
                    "19": 70,
                    "20": 61,
                    "21": 60,
                    "22": 47,
                    "23": 34,
                    "24": 30,
                    "25": 38,
                    "26": 24,
                    "27": 24,
                    "28": 18,
                    "29": 18,
                    "30": 15,
                    "31": 22,
                    "32": 16,
                    "33": 11,
                    "34": 18,
                    "35": 5,
                    "36": 4,
                    "37": 7,
                    "38": 1,
                    "39": 3,
                    "40": 4,
                    "41": 1
                }
            }
        },
        "reprojection_errors_merged_px": {
            "summary": {
                "min": 0.0009357036942207744,
                "max": 2.9977998642826864,
                "median": 0.3448230971921535,
                "mean": 0.4415942729599916,
                "stddev": 0.3647483926545217,
                "len": 64259,
                "invalid": 0,
                "quartiles": {
                    "q0": 0.0009357036942207744,
                    "q1": 0.20128224163642416,
                    "q2": 0.3448230971921535,
                    "q3": 0.5648084748531763,
                    "q4": 2.9977998642826864
                }
            }
        },
        "rotation_angle_error_deg": {
            "summary": {
                "min": 0.016714612022042274,
                "max": 2.7164273262023926,
                "median": 0.19623827934265137,
                "mean": 0.3641131520271301,
                "stddev": 0.5177534818649292,
                "len": 70,
                "invalid": 0,
                "quartiles": {
                    "q0": 0.016714612022042274,
                    "q1": 0.11676933988928795,
                    "q2": 0.19623827934265137,
                    "q3": 0.39244773238897324,
                    "q4": 2.7164273262023926
                }
            }
        },
        "translation_error_distance": {
            "summary": {
                "min": 0.004499952308833599,
                "max": 12.978792190551758,
                "median": 0.1400296837091446,
                "mean": 0.40068137645721436,
                "stddev": 1.5282036066055298,
                "len": 70,
                "invalid": 0,
                "quartiles": {
                    "q0": 0.004499952308833599,
                    "q1": 0.07930265925824642,
                    "q2": 0.1400296837091446,
                    "q3": 0.3072368949651718,
                    "q4": 12.978792190551758
                }
            }
        },
        "relative_translation_angle_error_deg": {
            "summary": {
                "min": 0.03278186917304993,
                "max": 163.76126098632812,
                "median": 1.6896005868911743,
                "mean": 6.5922160148620605,
                "stddev": 22.696468353271484,
                "len": 2415,
                "invalid": 0,
                "quartiles": {
                    "q0": 0.03278186917304993,
                    "q1": 0.8765216767787933,
                    "q2": 1.6896005868911743,
                    "q3": 3.3333804607391357,
                    "q4": 163.76126098632812
                }
            }
        },
        "translation_angle_error_deg": {
            "summary": {
                "min": 0.12144814431667328,
                "max": 124.66339874267578,
                "median": 0.6784218549728394,
                "mean": 3.0094656944274902,
                "stddev": 14.752406120300293,
                "len": 70,
                "invalid": 0,
                "quartiles": {
                    "q0": 0.12144814431667328,
                    "q1": 0.41910212486982346,
                    "q2": 0.6784218847751617,
                    "q3": 1.3136267364025116,
                    "q4": 124.66339874267578
                }
            }
        },
        "relative_rotation_angle_error_deg": {
            "summary": {
                "min": 0.015011872164905071,
                "max": 4.661374568939209,
                "median": 0.3645193576812744,
                "mean": 0.5855706334114075,
                "stddev": 0.6834641098976135,
                "len": 2415,
                "invalid": 0,
                "quartiles": {
                    "q0": 0.015011872164905071,
                    "q1": 0.1962321177124977,
                    "q2": 0.3645193576812744,
                    "q3": 0.630837470293045,
                    "q4": 4.661374568939209
                }
            }
        },
        "pose_auc_@1.0_deg": 0.108,
        "pose_auc_@2.5_deg": 0.3273,
        "pose_auc_@3.0_deg": 0.3841,
        "pose_auc_@5.0_deg": 0.5488,
        "pose_auc_@10.0_deg": 0.7276,
        "pose_auc_@20.0_deg": 0.8409,
        "pose_auc_constructed_only_@1.0_deg": 0.108,
        "pose_auc_constructed_only_@2.5_deg": 0.3273,
        "pose_auc_constructed_only_@3.0_deg": 0.3841,
        "pose_auc_constructed_only_@5.0_deg": 0.5488,
        "pose_auc_constructed_only_@10.0_deg": 0.7276,
        "pose_auc_constructed_only_@20.0_deg": 0.8409,
        "focal_length_error_px": {
            "summary": {
                "min": 0.0,
                "max": 1121.650390625,
                "median": 194.07789611816406,
                "mean": 295.95684814453125,
                "stddev": 225.4634552001953,
                "len": 70,
                "invalid": 0,
                "quartiles": {
                    "q0": 0.0,
                    "q1": 142.43838500976562,
                    "q2": 194.07789611816406,
                    "q3": 461.88204193115234,
                    "q4": 1121.650390625
                }
            },