# 3D point list with one line of data per point:
#   POINT3D_ID, X, Y, Z, R, G, B, ERROR, TRACK[] as (IMAGE_ID, POINT2D_IDX)
# Number of points: 1590, mean track length: 8.82
0 0.11047194063261179 0.037436896959883316 0.9782720725095284 140 141 138 0.53
1 -0.07551025503419669 0.04240186098118887 0.8823031264436021 168 162 153 0.18
2 -0.0816387927563212 0.04291602503216342 0.8758251680493828 93 85 75 0.25
3 0.11696948429769177 0.0519968927530999 0.9665664796125507 186 182 170 0.09
4 0.11665460497986498 0.051981441355762104 0.965468721416251 185 178 166 0.17
5 -0.13367525404740602 0.05323622422711841 0.8374949173956124 83 71 58 0.41
6 -0.1410352419049399 0.0543526041169046 0.8417101832506857 86 73 57 0.35
7 0.11643272609330997 0.06165308233575232 0.9611991010535328 159 155 149 0.3
8 0.11907781558260656 0.0624662176874988 0.9620810394647026 138 133 124 0.29
9 0.13373722941181307 0.06325041824817426 0.9627692156980576 148 144 137 0.1
10 -0.12085230910722673 0.05562914713167528 0.8327840379917706 153 149 142 0.3
11 -0.17969145814277176 0.05747396980557989 0.8106955011825232 99 90 79 0.49
12 -0.13551509111003546 0.06370198544256123 0.8378955927275623 115 105 93 0.28
13 0.014226413669968527 0.07528161045706916 0.929319444952463 132 128 120 0.28
14 -0.06951520628669769 0.07306724738514006 0.8794416403604473 150 143 127 0.3
15 0.17962336053100328 0.08252524496547077 0.9959504996890743 84 81 71 0.12
16 -0.19418730349474608 0.06625228714813934 0.7723913872470284 124 117 102 0.39
17 0.020578927722206222 0.07972643449192218 0.9316791110593611 85 80 69 0.22
18 0.2229334126267317 0.09106845358462509 1.0258049180830955 160 159 150 0.26
19 0.11856428638823667 0.0866170927011837 0.9505487759480972 100 96 86 0.35
20 -0.1549727120778103 0.0740314974429385 0.8062790825835958 53 49 39 0.2
21 0.08175372272191012 0.08892520983886423 0.9732370670900432 133 132 127 0.18
22 0.0580101774902514 0.0885068522532802 0.9557528758847541 116 114 106 0.22
23 0.060187106115628906 0.09275603526840547 0.9550452669793374 159 157 149 0.27
24 -0.19128393160666765 0.07603680840047965 0.7739407149330615 173 171 162 0.15
25 0.2454674099663387 0.10101069165111756 1.029732023655051 88 84 71 0.25
26 -0.15547759369316413 0.08973522471457018 0.8000476818183887 158 153 146 0.06
27 0.22163196901473167 0.11355842382362553 1.0134056602471104 172 171 165 0.24
28 -0.12123720581907481 0.09225027977574053 0.8156661574970412 145 132 113 0.18
29 -0.03994609869831594 0.10151277731157027 0.8689191054534959 106 103 91 0.16
30 0.1918238682241758 0.11444574421504064 0.9774013470435893 117 110 97 0.27
31 0.1918238682241758 0.11444574421504064 0.9774013470435893 117 110 97 0.27
32 0.08442387444680488 0.11416280965936708 0.9749365265488702 109 102 94 0.18
33 0.16707072758370065 0.11581236084034495 0.9817029663670908 148 136 124 0.4
34 0.22846769732191777 0.12094431203359798 1.0125267670718594 75 71 63 0.27
35 0.2289587291181523 0.12528201256001217 1.011936979706261 89 86 76 0.39
36 0.16915610647821758 0.12260503053145866 0.9795731978826502 108 101 88 0.35
37 0.03458538242061361 0.11689660558130598 0.9155292457765251 93 85 74 0.15
38 -0.20920855360452772 0.1007612453406522 0.7603492966469091 123 119 111 0.33
39 -0.20141159694877986 0.10162817290026425 0.763466575983038 76 70 62 0.43
40 0.18726610589270565 0.13218066103433757 0.9718689030441497 76 70 61 0.32
41 0.11240417920104545 0.12805590457697666 0.9356060926534819 132 124 109 0.22
42 -0.16963528592878135 0.11067507027885885 0.7855719823352947 168 167 161 0.18
43 0.23280121959410052 0.1486414086220141 1.0029427653045684 146 143 129 0.28
44 -0.12505180839256358 0.12286926715143695 0.8098758355648015 128 126 122 0.56
45 0.06419546500151664 0.1418310705981187 0.9377844679205212 80 79 70 0.27
46 0.18940869258465526 0.151026831565135 0.9639845722899287 149 142 132 0.3
47 -0.11633241062197437 0.12644626789567978 0.8048050933770496 154 149 142 0.1
48 -0.16142033455133076 0.12432295778766865 0.7839584239050589 146 142 135 0.22
49 -0.05021551482694786 0.13596062439536752 0.8577675218831265 130 126 117 0.46
50 -0.05032079953891692 0.13591898979575862 0.8569018659812004 127 126 119 0.27
51 0.24442154552959186 0.15901854577499194 1.002297213373053 109 103 86 0.23
52 -0.11625551245081438 0.12892398673019753 0.8029325578447528 162 157 149 0.2
53 -0.060499089548842734 0.1370847458805007 0.8528807620140202 152 149 139 0.21
54 -0.2054308083091647 0.12308360243741887 0.750968754047438 93 88 80 0.28
55 -0.11612202542527145 0.13169963091840656 0.8026318493540351 157 153 148 0.27
56 -0.05039985488649319 0.14050584488874018 0.8534915231307252 134 130 120 0.26
57 -0.050385952201701716 0.140488919881997 0.8536186903027605 140 134 124 0.26
58 0.18093971569602463 0.15922849546046433 0.9663066513615537 127 125 112 0.21
59 -0.19276917167112037 0.1250158735711803 0.7517642056092356 61 56 42 0.17
60 0.22919444046080437 0.16523743957590348 0.9949995251189772 95 91 80 0.27
61 -0.1967679505449659 0.12559735383775675 0.7519307079601735 61 54 45 0.2
62 -0.20633533996029405 0.12647947432590262 0.7471928657851337 113 107 95 0.22
63 -0.1640527695639396 0.13497199305761703 0.7785241878227219 80 70 60 0.18
64 0.23585851018933301 0.17529691835808897 0.9966759834030628 105 101 92 0.24
65 -0.1308758382766124 0.1409114881004843 0.7959225227946943 111 101 87 0.09
66 -0.15524087658857938 0.13844120442918625 0.7790200725236556 153 143 126 0.07
67 -0.16754590982982884 0.14198634895226767 0.7699868550678658 117 106 86 0.23
68 -0.148969367799156 0.1450541877410477 0.7801086185435127 134 128 118 0.24
69 0.12722928321099228 0.17005059819830354 0.9153073684035214 117 111 99 0.3
70 -0.013278113531791435 0.16375647458769463 0.8683420708845048 154 150 145 0.43
71 0.18964285403064374 0.17972819027791914 0.9528307985794041 138 134 127 0.32
72 0.18964285403064374 0.17972819027791914 0.9528307985794041 138 134 127 0.32
73 -0.0561328563574029 0.15924515019231839 0.8418445605111026 136 131 117 0.18
74 -0.21300263708794773 0.1409603202268421 0.7362691025162471 51 45 34 0.23
75 -0.21300263708794773 0.1409603202268421 0.7362691025162471 51 45 34 0.23
76 -0.1508241080659829 0.1501974865966567 0.7777951389742723 94 82 66 0.22
77 -0.0573038168286392 0.16289776784511387 0.8411198511718377 183 174 155 0.12
78 -0.14859435055842093 0.15249599974602535 0.7787386585745518 116 109 96 0.31
79 -0.1921557834134211 0.1464037877666891 0.7399542529521635 79 74 67 0.13
80 -0.16632323350875752 0.15082336371672228 0.7657610867296475 143 129 100 0.26
81 -0.14437749643034378 0.1558365038155501 0.7827687324180747 132 130 120 0.22
82 -0.14435758299975462 0.15566257573077535 0.7821608021510652 84 78 65 0.21
83 0.016003273932420885 0.17845183453193458 0.8876738414804624 64 57 41 0.22
84 -0.006983934127378105 0.17593212246815793 0.8708594692506618 149 145 138 0.27
85 -0.12082382227944466 0.16036591134117212 0.7879373390910934 61 52 36 0.22
86 -0.12084507073813783 0.16037840916120039 0.7879833086177286 66 54 35 0.23
87 -0.10973334885788975 0.16334373203396813 0.8018484666349682 153 141 123 0.34
88 -0.07984602788305827 0.16695093918261333 0.819613558767573 46 42 30 0.18
89 -0.13323908197680517 0.160882104786045 0.7877527254362734 57 52 43 0.2
90 -0.14651102855708364 0.15954417090025755 0.7750961501441881 150 146 136 0.21
91 -0.10066445997848147 0.1661377084095095 0.8079497150522361 133 125 113 0.21
92 -0.011035939428272135 0.1800003687314713 0.8668052676102915 84 81 73 0.28
93 -0.011042404425059956 0.18000308890464628 0.8667634417805978 84 81 68 0.24
94 0.02790594288880445 0.18254844571231613 0.8812517675207369 171 165 151 0.34
95 -0.07399429326724159 0.17394061752061699 0.8229533119624026 130 125 110 0.33
96 0.012820110533796043 0.18582789542438066 0.8815302711659152 183 173 160 0.33
97 -0.0780262704434136 0.17609933823301802 0.8217601896411739 95 95 92 0.22
98 0.057868867824686594 0.1955475851212265 0.907334755269965 150 146 131 0.25
99 0.08161762268491927 0.20035224318628908 0.9247284077781701 68 62 45 0.29
100 0.08160103239440956 0.20030006962121574 0.9244597498135948 83 77 64 0.32
101 0.05544281507862943 0.19773234160357026 0.9072238744093128 92 82 68 0.24
102 0.12045189818602661 0.19766569148748483 0.9031735312625073 162 150 128 0.03
103 0.245286770649273 0.2165137391603852 0.9810998459860453 66 60 48 0.09
104 0.12185578178995765 0.202001345507737 0.8986413913845519 133 126 105 0.18
105 -0.1572700523928917 0.17350129117477164 0.7638487728482596 102 94 76 0.32
106 -0.04466361275757068 0.18741953646326187 0.8296266530917451 132 126 118 0.31
107 0.12063496462895373 0.2046815864676334 0.8993605682894646 50 42 28 0.13
108 -0.1179260622005153 0.17885694524233736 0.7834225685362545 82 75 64 0.2
109 0.1768236074577515 0.21395668436191292 0.9373085918355903 139 130 117 0.29
110 0.2488540851585714 0.22527606599193944 0.9794843457888427 109 103 88 0.31
111 0.22892384262202206 0.22407802706000127 0.9713590366650113 76 68 53 0.17
112 0.22878611751067293 0.2327869637912511 0.9771160996795858 108 102 94 0.37
113 0.03329567163835799 0.21138169002921997 0.8762295301346562 144 140 129 0.28
114 0.02660158724573817 0.21361618503710275 0.8752777078877481 72 65 50 0.25
115 0.24191152152930095 0.2383318378373573 0.9705510097855654 109 103 93 0.1
116 0.027371762429634044 0.2161071174094267 0.8729342015391276 130 123 104 0.26
117 0.25349343494459015 0.2433183791217849 0.974219716356646 36 31 23 0.2
118 0.25281015088484016 0.24281212418160802 0.9723113457373448 47 44 37 0.16
119 0.18389706180121618 0.23434989504928777 0.9279535182985488 99 92 76 0.13
120 0.18570368834010786 0.24026900711391444 0.9285280034461313 121 112 90 0.13
121 0.1855607989443584 0.2399456392447258 0.9277886696843658 123 114 91 0.17
122 0.24410750627715586 0.2569499954483949 0.9738468993630541 48 41 30 0.22
123 0.1822645768535286 0.24859802206870885 0.9227796894420827 144 134 114 0.27
124 0.03601112406682954 0.23533125534152105 0.86743895272017 63 63 52 0.18
125 -0.04729525254150516 0.0542120621593558 0.8873673658122819 97 97 89 0.27
126 -0.19797707365401132 0.050448845890251934 0.7805985222857584 40 38 33 0.22
127 -0.1708736165320307 0.05531216818763477 0.815691834896186 146 142 134 0.24
128 -0.19091421721334093 0.0537002403955555 0.780895036987528 121 119 108 0.21
129 -0.19743228277244768 0.05481949404633117 0.7794711732913631 66 63 54 0.26
130 0.11083563020702367 0.06726938409245585 0.9684850600829654 123 125 118 0.37
131 0.11621740292340212 0.07087322259868989 0.958108459453834 130 127 120 0.25
132 0.2419297333281156 0.077686365387113 1.0410439358042667 112 107 94 0.27
133 -0.08865886136045298 0.06717728071948005 0.861832768927178 125 119 103 0.23
134 0.06485235471105347 0.08066385451805577 0.9638268079597793 136 133 126 0.19
135 0.017448072614143176 0.07855924844092714 0.9307916125949656 122 120 109 0.28
136 -0.12623570734483486 0.07197326666476261 0.8280069802911341 106 104 98 0.31
137 -0.15571341917708656 0.07082102494608614 0.8074965615473486 157 159 155 0.23
138 -0.18878841065096033 0.06937583434645204 0.7753436451463852 84 79 65 0.28
139 0.1600130537820246 0.08794859516673463 0.9831366460650023 131 128 116 0.39
140 0.12704865995442569 0.08501461416368727 0.9495123019420216 129 126 117 0.37
141 -0.09425802896084823 0.0783074550522271 0.8576720346008206 92 86 72 0.31
142 -0.1911160189165085 0.07132065915355505 0.7751722875979427 128 128 119 0.35
143 -0.19114238060792807 0.07141617133161479 0.774999740577639 128 129 122 0.35
144 0.08221494973778208 0.0918821881606161 0.9722025804932242 65 62 54 0.18
145 0.12695200092127965 0.09015296355142294 0.9465253157588238 152 147 139 0.16
146 0.12045073958107935 0.0963333289169865 0.9424745855407919 122 120 116 0.51
147 -0.15674226753347184 0.08569205130934283 0.7990287973722434 165 156 146 0.07
148 -0.15677337173013123 0.08571070591566309 0.7996577911146546 169 164 153 0.15
149 -0.11705028355462438 0.08973304574142049 0.8195409701641178 147 144 136 0.34
150 -0.08377210585061044 0.09435521949999282 0.8489554052009822 155 149 135 0.31
151 -0.04718442672216792 0.09806855988458411 0.8661519917407429 142 138 126 0.3
152 0.02546811278818774 0.10441630587298524 0.9181347719171374 31 29 20 0.12
153 0.025478731071835355 0.10436807156768733 0.9179493752325373 46 44 39 0.13
154 0.019464754043905484 0.10675446971502295 0.9247470470803119 80 73 62 0.39
155 0.23015898923861816 0.11677248526709466 1.0183432438879452 75 75 69 0.26
156 0.182682364603329 0.11442923943056824 0.9800923860364996 91 86 75 0.33
157 0.12284188291315705 0.11173684521954597 0.935984564137083 36 33 26 0.14
158 0.08624491381241418 0.11724054691102981 0.9710769884496899 106 104 97 0.28
159 0.1134085404157388 0.11448722633378243 0.9423912468924822 43 40 31 0.58
160 -0.0465235543629555 0.10672625981137222 0.8620321845902914 180 173 158 0.16
161 -0.1255605341116154 0.1017362776015416 0.8173471170901706 119 120 113 0.23
162 -0.2063634247752996 0.09712905482170278 0.7631124912814526 58 55 46 0.39
163 -0.19926029483962643 0.09911667950290105 0.7643998666651921 107 108 104 0.34
164 0.11857091241649877 0.12284434285977847 0.9326354422091077 66 63 52 0.22
165 -0.1610272034084506 0.1052479167915845 0.7938322210403601 137 133 125 0.17
166 0.18038417725767913 0.13123834571169996 0.9761510696842655 102 100 92 0.31
167 -0.17114661019131985 0.10721345710988847 0.7926365938503583 138 137 133 0.14
168 0.11943577096989032 0.12683932675580248 0.93201091118137 144 140 132 0.19
169 0.11970138011491509 0.12691710632799766 0.9327576900468187 146 142 135 0.26
170 -0.12526454855958621 0.11747446777300044 0.8108898791003634 136 135 130 0.28
171 0.251246748853526 0.15902170473708543 1.0061706892759898 71 66 51 0.3
172 -0.20418692959343135 0.1258337624598707 0.7514695720165753 60 60 53 0.29
173 0.1318070333966448 0.1547347068363663 0.9247268472251791 61 59 50 0.16
174 0.11344515265756452 0.1558796901634399 0.9283892364360106 69 67 58 0.22
175 -0.1702031612493542 0.13153971208953127 0.7736300500769316 124 124 119 0.28
176 0.18535021807462312 0.1683625097170762 0.9591402214664793 64 61 53 0.18
177 -0.19261496419682617 0.13256824512014298 0.7480710378169136 96 88 72 0.36
178 0.19332843952679798 0.16874683230763682 0.9589401798848635 56 54 47 0.24
179 -0.08107119206610541 0.14983036324742102 0.827082285876694 29 26 18 0.29
180 -0.12002953940239564 0.14498896135969289 0.795469743174212 150 138 113 0.3
181 0.23046447473861945 0.18132044877716288 0.9904655609475465 61 59 50 0.21
182 -0.11027816574039394 0.1483650135468492 0.8097800615239192 94 87 72 0.34
183 -0.1102931203252557 0.14842940823361284 0.8103800464987547 77 69 54 0.41
184 -0.08478690824047753 0.15385637557456563 0.8252203942661988 66 64 54 0.2
185 0.006753612409232278 0.1665165464456975 0.8833257307718807 65 63 58 0.33
186 -0.19012607361163797 0.1415386635860151 0.7453776648427686 142 140 133 0.2
187 -0.0982330700949115 0.1538365073611493 0.8126734026785197 130 130 125 0.27
188 -0.08989509948958516 0.1560710580620059 0.8187348144243685 148 147 139 0.27
189 -0.1424682295535672 0.1503420839519134 0.7853176974746912 77 73 66 0.23
190 -0.07424003513557254 0.15902645483078626 0.8303144015465797 168 160 144 0.41
191 -0.01535519964215833 0.16671729710493133 0.8686735779990505 30 28 21 0.2
192 0.22692942781833741 0.19037741592107782 0.9861764482085951 128 126 116 0.3
193 -0.16111408010402536 0.15639465116970994 0.77002743266052 147 143 133 0.14
194 0.1274862310139211 0.18525542246161775 0.9084270410383065 102 96 84 0.37
195 -0.14471396019834493 0.16010893556793618 0.7808449463748862 106 105 97 0.25
196 -0.0016947744110150955 0.17910104950850717 0.874176044405527 79 76 65 0.27
197 -0.13523416627799115 0.16250811206180477 0.7861589718935493 151 145 138 0.33
198 0.12378780335345684 0.18707319567283648 0.9077128528317969 72 66 48 0.2
199 -0.1896837639487067 0.1534443151358288 0.7399719506554746 103 101 96 0.19
200 -0.18964956331505792 0.15345247486435692 0.740063036539383 106 105 101 0.2
201 -0.09651058129804001 0.16729291873343471 0.8093711379696734 142 140 136 0.18
202 -0.09391743133939343 0.16961437605683663 0.8114828350678529 85 82 76 0.21
203 -0.10383042058651056 0.1698265352512229 0.804472241868965 116 118 116 0.26
204 0.2253010324755263 0.20634814142984798 0.9744023217305778 99 95 87 0.15
205 0.027786289926199647 0.1888169490226103 0.88317233864014 123 117 103 0.43
206 -0.06996714538955755 0.17812270705354266 0.8262489173241852 110 109 103 0.25
207 0.13124722802072214 0.19644276050675516 0.9083982949040513 164 152 133 0.15
208 0.2526885824252016 0.21328021697052338 0.9844709568583272 41 38 31 0.25
209 0.24909744156233418 0.21516892162806758 0.9832865343838533 118 116 107 0.23
210 0.24909068042576507 0.21515812864141393 0.9832242079352397 123 121 112 0.22
211 0.23013901758860475 0.21477021756406275 0.9756412570605598 62 56 41 0.22
212 -0.04101170452861204 0.18442355101919417 0.8354971200878166 145 146 139 0.25
213 -0.02180738745200567 0.1896988346738118 0.8557075463439802 110 110 104 0.24
214 0.21967775057585434 0.2152406399270274 0.9676659632586512 146 136 116 0.24
215 -0.01458059140571243 0.1909835454162583 0.8568891662810817 109 110 105 0.26
216 0.24387786845423062 0.21955902205849348 0.9815547723662612 114 102 85 0.28
217 0.1554400765084207 0.20817877138907886 0.9260193455660862 91 80 63 0.21
218 0.0019630748144292406 0.19536133416841173 0.8658589128861595 122 118 109 0.31
219 0.16777721276898352 0.21015947275789387 0.9322730129886087 148 139 118 0.35
220 0.013286886967040223 0.19846607627531535 0.8785739752531582 98 97 90 0.23
221 0.019211113590849475 0.1991864642203553 0.8784349106080177 116 114 105 0.22
222 -0.12160841224980659 0.17923347396326747 0.7836047407276536 67 62 46 0.21
223 0.2451123822213281 0.22408955308910383 0.9778950374111316 78 71 57 0.16
224 0.12150789198028565 0.20778281502401358 0.8978024693214675 108 108 100 0.17
225 0.2333975310186215 0.22582878179746524 0.9715905156681389 126 116 99 0.3
226 0.07848869812737345 0.2137612691040478 0.9177939020554953 108 104 92 0.25
227 0.1916077155613048 0.21938558983468992 0.9370252006298735 114 107 90 0.34
228 0.15979421430484889 0.21718274447940156 0.9230453700327989 108 105 101 0.19
229 0.1677807560673103 0.21878227038147938 0.9267756626239516 106 101 87 0.25
230 0.0792564529483221 0.22103148213614474 0.9174173463976456 96 93 83 0.1
231 0.07939962973611414 0.22122829426258028 0.9179432748264821 95 92 86 0.04
232 0.21352709262993788 0.23079618361435017 0.9564444307052817 102 98 95 0.17
233 0.23223152463335264 0.23312311336219033 0.9658989536535011 109 99 88 0.26
234 -0.08120867124326847 0.19519610641575993 0.8048037692013444 65 60 47 0.23
235 -0.11954963075418956 0.1902426275512568 0.7750167353095149 126 117 100 0.26
236 0.030871755979959375 0.21413903538579007 0.8745180113651648 85 79 59 0.24
237 0.22713014354278432 0.2369680717156639 0.9659908444291085 109 107 103 0.22
238 0.22708129349005102 0.23688577756543397 0.9659778724562927 109 109 107 0.17
239 0.24368023471962316 0.2414684119502999 0.9704392059853365 57 55 43 0.31
240 0.07036121934294387 0.22655858404936105 0.9101398764078404 97 95 88 0.25
241 -0.1938012325920723 0.18277577051834923 0.7256377174056765 118 109 98 0.37
242 -0.08289280845456462 0.201833495981274 0.8037650509581513 109 104 91 0.09
243 0.22662760351320532 0.24293097627073965 0.9648214631955698 113 111 103 0.18
244 0.2269723945146644 0.24713316549011113 0.9635318789372919 123 122 112 0.23
245 -0.15551237118182587 0.1944490091793149 0.7552495990726972 87 86 78 0.31
246 -0.009739315567865699 0.22925947867955024 0.8474645839254631 120 119 111 0.22
247 0.06477776609715159 0.24765915999631627 0.8951142753179194 102 105 103 0.25
248 0.1900812006646653 0.26176697359628864 0.9192294376719806 84 82 76 0.22
249 0.13638176345129593 0.2780511789383948 0.8831085202732654 95 93 87 0.32
250 -0.12356811834945196 0.22650923039944929 0.7154270056927697 56 55 36 1.6
251 0.058452944566044794 0.04364135749915176 0.9741238988505482 58 59 59 0.45
252 0.057855043592601886 0.04366181486195213 0.9714052286880006 64 63 60 0.57
253 0.13146906522057186 0.0448774307933024 0.9703555028578434 75 70 58 0.43
254 0.13102683850361313 0.044808057585979506 0.9690175114261904 86 81 67 0.29
255 0.10021987063844488 0.04820067304957268 0.9964619429025633 77 76 68 0.23
256 0.11960944727561003 0.05896740663724262 0.9619924880033869 117 117 110 0.27
257 -0.06629475147462557 0.05568245058017856 0.8801864787181408 65 61 53 0.31
258 -0.12736888499185822 0.05915830669853662 0.8367045515010966 126 122 109 0.39
259 0.18440074719675928 0.07862283245645259 0.9979893621661613 130 127 117 0.2
260 -0.18861355580271696 0.06374189652343072 0.7780718770672558 79 79 70 0.23
261 0.15541343718902972 0.0819775373302599 0.9803083202411672 141 140 134 0.26
262 -0.12164398721094706 0.0760617283076053 0.8225854220969208 136 131 118 0.39
263 -0.04903981247455252 0.08673986074710133 0.872119052747918 42 40 34 0.18
264 -0.04903667776694763 0.08671747468135645 0.871801471200447 33 33 28 0.16
265 0.22445953309506764 0.1032385304140464 1.021263770144429 117 111 97 0.33
266 0.22491385421403037 0.11668512948495587 1.0140698543479876 128 125 117 0.25
267 -0.019566691242777053 0.10480613885243137 0.9032647334025166 98 94 82 0.28
268 -0.19531337631842674 0.09173298863838497 0.7673758154410552 57 56 48 0.19
269 0.13368966485974398 0.11323326695950882 0.943451267501837 28 27 23 0.25
270 -0.18216534469908946 0.09758226589401739 0.7939439017193282 37 36 33 0.2
271 0.06582800154093373 0.11669293160713011 0.951440318499474 18 10 7 0.25
272 0.13965533653266032 0.11584505908134352 0.9459165331232714 33 32 27 0.19
273 0.14005134218293974 0.11603456222273446 0.9470244954632042 42 38 32 0.3
274 -0.15833887428066734 0.10369388692914655 0.795291358005248 65 65 58 0.17
275 0.17362347166449033 0.1290340492161115 0.9810828511590964 112 106 92 0.29
276 0.060491411721304726 0.13035750379295935 0.9412624265993458 108 106 98 0.35
277 0.12169974388771683 0.13887458608788508 0.9260473176131477 113 108 97 0.22
278 0.06039659072572265 0.14275768977861733 0.936221022204851 110 108 100 0.3
279 -0.1899567340318118 0.11908481706940025 0.7540415347897146 119 118 114 0.22
280 -0.18989077591868944 0.11900352211262438 0.7539960396140889 107 108 106 0.16
281 -0.21644959836561517 0.11890467804363491 0.7469494672648814 41 43 32 0.11
282 0.11332544648976413 0.14802317106167584 0.931441648356665 46 45 36 0.23
283 -0.19581805886321085 0.1204151788537362 0.7511212207637374 39 39 31 0.22
284 -0.20751533950711085 0.12075963666271378 0.7506008625934061 30 29 22 0.3
285 -0.15090381661290592 0.12849328894970613 0.7869438053135718 70 66 57 0.18
286 -0.18459996960459646 0.12589330095286105 0.76348442954156 38 37 32 0.19
287 -0.21622508334614166 0.12788838084660267 0.7417067305119744 90 85 72 0.27
288 0.0793402023039326 0.16734868971462383 0.9429845854160293 98 98 92 0.32
289 -0.18257028594745228 0.13703828585468403 0.7612031181243372 137 131 119 0.4
290 -0.07538658822797463 0.15219951624535555 0.8311575904250845 37 36 33 0.23
291 -0.058249853915061246 0.15680001502216256 0.8419964327893383 39 37 30 0.22
292 0.018000671546870326 0.16552530249167194 0.8916175255258326 107 107 103 0.37
293 0.017854827450523185 0.16544787551482773 0.890508430687312 162 160 153 0.24
294 -0.21181232564539693 0.13855948049918076 0.7385143544602808 118 115 101 0.18
295 -0.20522287740056128 0.1402023316103077 0.7421101403720606 111 108 95 0.26
296 -0.13098082544010908 0.15284235721044853 0.7893441507170047 112 107 92 0.2
297 -0.04594205201612884 0.16392900400339347 0.8412424311503116 135 134 122 0.19
298 -0.0011243488355884286 0.17034791797347038 0.8762344524476995 25 22 18 0.19
299 -0.18114986768773575 0.150461323199851 0.7546513928224973 143 142 135 0.2
300 -0.17369097713403525 0.15257367440203656 0.7592147225679456 111 110 104 0.27
301 -0.16498596387721778 0.1545736262121058 0.7656159382532879 115 114 105 0.18
302 -0.1525740618703457 0.1583438676015775 0.7763599132039348 104 104 97 0.2
303 0.06513125386009552 0.18635576738718856 0.9172143775368875 33 32 23 0.16
304 0.06529403224713452 0.1864122969955954 0.9174785822111516 40 37 28 0.25
305 0.1161757751871035 0.18601304273834543 0.9110969266155385 131 129 119 0.35
306 0.17683859199659155 0.19325966146193901 0.945016266723784 95 93 87 0.16
307 0.019619420125092248 0.18310095102376878 0.8862318979943489 120 115 101 0.27
308 0.23920903334046156 0.20472568180187006 0.9863805156203679 64 62 54 0.3
309 0.17440850432823846 0.19704426304912642 0.9439178419369547 38 35 27 0.22
310 0.12166856234708108 0.19036553689365207 0.9060764907300957 126 124 108 0.21
311 -0.0977839881326459 0.1705356787571298 0.8066222735284957 113 112 109 0.25
312 0.23321915666438542 0.20694380293245854 0.9787621535216482 96 95 88 0.23
313 -0.052895364316166774 0.17939570431120172 0.8368793725390498 74 72 63 0.38
314 0.23009007644796653 0.2104865734311327 0.9775299146204681 41 39 33 0.16
315 -0.15534243149860555 0.16625841200121336 0.7672872116616138 41 38 31 0.25
316 0.18546673704688774 0.204949204052155 0.9423152170974346 123 119 103 0.12
317 -0.09662355246747094 0.17806239932870432 0.8095758545405264 96 93 84 0.21
318 -0.05947241221561414 0.18356028714284484 0.8310815290245618 48 44 35 0.3
319 0.007218963239525345 0.19631855406655419 0.8753671645245557 106 106 103 0.33
320 -0.06173688096079179 0.18624066003779305 0.8301508512883155 110 105 94 0.25
321 0.24254224739411753 0.22700812340463827 0.9747834595646437 126 120 105 0.26
322 0.1208204449044968 0.21154240831522894 0.8970497817268429 40 39 32 0.2
323 -0.08827764381855047 0.1935225505272937 0.8085199564708888 116 113 106 0.33
324 0.11863751423329764 0.22259541447610262 0.8998559491538711 42 40 31 0.27
325 0.18361098064881018 0.23106013733848332 0.9293998458629688 40 37 29 0.24
326 0.24891150988640742 0.24366164588482905 0.9715431068135247 124 121 111 0.15
327 0.23076879014599266 0.24517592001113062 0.96540114784414 38 37 29 0.22
328 0.14499692046343995 0.24257480368949766 0.9038290221439851 65 59 44 0.19
329 0.06985902665558043 0.24892102474523195 0.8977834837813896 91 93 87 0.27
330 0.101756765680703 0.2535283469071823 0.9118947196236024 53 50 42 0.27
331 0.2309534461743438 0.2689774433955508 0.9553324895949065 79 75 64 0.29
332 0.2177511278980114 0.28315094752101416 0.9502064659390052 91 90 77 0.3
333 0.18219189712437475 0.28056925158724644 0.9213503500600251 80 77 65 0.29
334 -0.0902317300310897 0.23058298360563476 0.748511503824495 87 90 81 0.21
335 0.21606552985454475 0.2964636643942419 0.9371649877793412 106 106 100 0.34
336 0.21602982316715494 0.2964768825640007 0.9370072810886056 107 107 101 0.33
337 0.18473658154808845 0.2921139042489726 0.916814635864426 116 111 102 0.26
338 -0.028198779651194255 0.057233908534910526 0.909210655392002 54 52 44 0.18
339 0.0006937618164926344 0.0617955343412611 0.9296548558277596 110 108 100 0.23
340 -0.052666724548745845 0.06191234061416874 0.8896648609972747 121 119 114 0.31
341 -0.1584736437865175 0.06217115580134626 0.8107002340924505 23 15 6 0.25
342 0.1856347624904532 0.08281272089554706 0.9924926739751883 77 73 66 0.22
343 0.05457817929080121 0.0838867012387989 0.9554156345518455 123 120 112 0.29
344 -0.05322519505645853 0.10175824394712536 0.8737053917216346 115 105 91 0.56
345 0.12242692378272357 0.12019107723990673 0.9332781338395124 143 142 131 0.23
346 -0.05929984775085182 0.11410281162839311 0.8699712005076216 120 113 100 0.23
347 -0.04615164153993584 0.11897354882020106 0.8605056614302191 54 51 42 0.18
348 0.02011176914493136 0.1277532717590973 0.9160172471800233 107 97 88 0.17
349 0.23095672272729736 0.1404121840749895 1.0065830059032328 42 40 33 0.18
350 0.1318792896984024 0.144864730058713 0.9281683758408552 48 46 38 0.22
351 0.12236698756304211 0.150461866675561 0.9250263081323532 116 113 104 0.21
352 -0.013773334711598768 0.14676136844040816 0.8799188116879744 112 112 106 0.25
353 -0.08244391571860679 0.14118441821411265 0.8307320118480724 121 117 110 0.22
354 -0.21392719279081412 0.13141817504052022 0.7401360707375922 125 120 107 0.34
355 0.06025919979295348 0.16405639788774937 0.9222043795452556 115 111 102 0.53
356 -0.10093642188577391 0.1463678436396035 0.8160237260394758 38 38 33 0.24
357 0.22706709197165625 0.17739599117251295 0.9921007772539876 127 124 115 0.23
358 -0.20419567417968548 0.13469132356344313 0.7453640223328412 125 118 101 0.37
359 -0.20115195777944594 0.1386213818338417 0.7472361483622716 70 68 56 0.36
360 0.18010515314741257 0.1758227025598802 0.9573469521093804 102 99 88 0.33
361 0.1854896514098569 0.1761292349941561 0.957345940606483 69 66 57 0.29
362 -0.17320823183248527 0.14201666590021814 0.7643922869116181 117 114 100 0.29
363 -0.17320651359120018 0.14201944452770499 0.7646641964382412 115 112 96 0.32
364 -0.08887229669394031 0.1646471021413522 0.8156379326172245 128 126 118 0.33
365 -0.08873708094161621 0.16479264929684023 0.816618586366424 131 128 117 0.31
366 -0.07271857404789914 0.1678081225836761 0.8266504373073291 122 120 107 0.26
367 -0.09012344944875034 0.17179206189620977 0.8116758609181803 127 125 118 0.17
368 0.07950666265196837 0.19730694471709737 0.9266213781401609 122 118 104 0.27
369 -0.10075660154890881 0.17423816275605344 0.8072414906373013 48 45 37 0.21
370 -0.015107310956249701 0.18529619967099292 0.8593666367481213 118 118 110 0.26
371 -0.015091469647683977 0.18538097011286703 0.859811292677173 116 116 109 0.27
372 -0.006781054669635276 0.18637619893886337 0.8658423890244415 119 118 111 0.35
373 -0.0753743295376099 0.17992905309010068 0.8205817234263976 54 52 44 0.26
374 -0.06654668657844164 0.18256585871760972 0.8286416343171624 52 48 38 0.27
375 0.2257953651170092 0.21490450877471198 0.9748841356294433 124 122 112 0.29
376 -0.017761438494441128 0.19409091804424583 0.8573822456901885 49 48 40 0.21
377 0.057863674640179656 0.2125612810778395 0.9044547645709884 53 50 40 0.24
378 0.06841688278488824 0.21642184852646057 0.9072290665590066 111 107 100 0.35
379 0.1266590477845935 0.21320077431594428 0.8957428158139877 84 82 74 0.3
380 -0.01351602409092738 0.20439709823856342 0.8574697314843932 91 88 76 0.27
381 -0.013471839954128026 0.20451086999972387 0.8580595233407745 89 87 76 0.3
382 0.15580256351501698 0.21976457233522345 0.9198645612270322 51 47 36 0.25
383 -0.1533542768413652 0.18438718593922937 0.7617298865739062 117 113 100 0.28
384 0.06619930002993407 0.22111905402686804 0.905800040517306 36 34 23 0.27
385 0.20896834293359032 0.23286277461644916 0.9522013266640827 47 46 35 0.21
386 0.0620992629279213 0.22357461234520762 0.9039734054144579 140 138 127 0.3
387 0.06193370361781008 0.22344074279624043 0.9031032228586985 142 139 126 0.26
388 0.12991625637893411 0.23027292214173514 0.9011836529527126 49 46 36 0.24
389 -0.08382428954202834 0.2085499986684309 0.8028662489609815 92 85 72 0.39
390 0.19131284292211168 0.27207873175070246 0.9240115645808995 41 38 30 0.45
391 -0.19531136574587377 0.20529868634744666 0.6832707825424851 106 102 94 0.31
392 0.22103148195113914 0.2900596695585522 0.9433291775446052 56 56 47 0.24
393 0.14526561196274881 0.27713152155802423 0.8911607738961624 59 55 43 0.31
394 0.21113743484303144 0.2950028713393988 0.9371176303140977 56 54 43 0.33
395 0.12175900479014437 0.06885802755243274 0.9563701059478226 88 83 71 0.28
396 0.019896258997122232 0.07307068051094179 0.9341861373533183 106 98 81 0.33
397 -0.1217475188215656 0.06894785209015442 0.8314320853924837 40 32 26 0.41
398 0.041469594940949706 0.08080337325801859 0.9451436978447534 132 129 120 0.27
399 0.2178412541980776 0.0989640104505095 1.019600059690119 136 131 120 0.35
400 0.17817065779580707 0.1016559841672297 0.9857907917544847 136 129 115 0.36
401 0.08417995647432969 0.12163646092694001 0.9675480536382421 18 19 13 0.29
402 -0.19509688095916794 0.09803947041275958 0.7637500683498796 68 65 57 0.34
403 0.18448320549350744 0.12764676603064318 0.9748270455534195 50 46 38 0.22
404 -0.12502004260330898 0.10769010738235668 0.8137752376378654 122 118 105 0.27
405 -0.162852822904561 0.11225096843152317 0.7885207261346658 106 103 96 0.33
406 -0.08375936879894291 0.13058917953996171 0.8374558799513344 91 89 80 0.51
407 0.1211062172732674 0.1447175854614028 0.9263326550882842 50 47 38 0.2
408 0.24416029302864106 0.1567607713884857 1.0041385978961677 120 115 98 0.34
409 0.004738514032671777 0.1492373614151214 0.8988648145669053 127 131 128 0.4
410 0.22597895685887306 0.16684881025498657 0.9943350228841109 132 133 125 0.24
411 0.18113733198589596 0.16566453427362404 0.9617826329769528 121 116 105 0.29
412 0.23776373893676336 0.18058959562005056 0.9943208303158309 112 108 97 0.34
413 -0.1945672037677089 0.1555770691721345 0.739813734641633 52 49 42 0.23
414 0.2308507041175193 0.27779688199521235 0.9523564063010285 48 44 35 0.2
415 0.17357633495851651 0.2708292197254061 0.9223653972848405 86 82 72 0.22
416 0.1879198067823471 0.2813911464208114 0.9220012735358327 47 44 35 0.21
417 0.2089234225145731 0.28892149745566825 0.9362456067350188 104 103 96 0.3
418 0.157046335795856 0.2813130577314241 0.9016006221710235 62 58 51 0.28
419 0.16502569568248843 0.28400965606425593 0.9093968856255109 58 56 44 0.33
420 -0.0014853534246321613 0.05463297350109969 0.9240900824231353 92 84 72 0.51
421 0.148854511973105 0.06955244177897064 0.9812804191266501 127 124 114 0.42
422 0.08906187970462841 0.07782633926473194 0.9837360425123779 75 71 64 0.46
423 -0.15631282936678698 0.0798922829955667 0.8014480638845827 132 132 122 0.2
424 0.2412283998141019 0.10664197210996182 1.0279977265933957 143 138 122 0.29
425 0.13383770537312828 0.1224125627750745 0.935285489367495 143 142 140 0.21
426 0.11869539987619013 0.1378537508392416 0.9296401626828261 103 101 90 0.26
427 -0.061768064974267546 0.13598586189857104 0.8507220719071906 135 133 127 0.47
428 0.015420274415185273 0.18215528103440307 0.8816423961637078 116 108 91 0.33
429 -0.16238711264604636 0.16962088736878617 0.7648325570769974 88 86 74 0.35
430 0.10989127742017007 0.23244086239066508 0.9149640148943476 88 89 81 0.48
431 0.1039317659420829 0.23870855434362878 0.918083375395052 59 58 48 0.29
432 0.1038980933882118 0.2386931989888638 0.9181460613640975 59 58 47 0.32
433 -0.001581825852290798 0.07056177923368195 0.9203732340643089 128 125 118 0.3
434 0.1908849057139579 0.09100580859626112 0.987416365654854 143 135 126 0.2
435 0.0038780522397070007 0.09301795394160547 0.9202594745169834 152 142 127 0.33
436 -0.16337790660909818 0.09887991013942421 0.7990490279940099 136 131 119 0.15
437 0.2274092858510657 0.13209968596093769 1.0099076116456487 131 127 120 0.31
438 -0.15845139925427962 0.12445402425797353 0.7896242362389052 139 139 136 0.34
439 -0.07197043812381293 0.16068882602629425 0.8296770259938813 138 134 119 0.31
440 -0.1900739787878668 0.14909391363850058 0.7429966513851256 108 110 104 0.38
441 0.01058271088010242 0.1939713394723405 0.8780124524802544 91 89 80 0.55
442 0.0956299280461551 0.23580119958470938 0.9206882571563288 100 99 92 0.46
443 0.09371885500332328 0.0886310191959685 0.976612341900571 114 110 100 0.6
444 0.030675046068646558 0.113860136086742 0.9145994019204947 132 130 120 0.43
445 0.1692080052187616 0.20830628171177185 0.9306086073432364 102 90 73 0.58
446 0.12477322182147241 0.2288157759563782 0.9131338689859956 60 55 45 0.64
447 -0.08457558177155128 0.04524143127448602 0.8711878288215481 120 118 111 0.25
448 0.05850437895926403 0.05320054348585684 0.9727643887242848 45 42 35 0.14
449 -0.07818700332644878 0.05423598492823187 0.8743704394293818 153 151 138 0.17
450 0.06257922093096684 0.05461773374506754 0.9749071280477104 159 158 152 0.14
451 0.09110435902728477 0.07206217429085836 0.9828449510711342 118 114 104 0.33
452 0.1268898457187557 0.06944370637541597 0.9546333694707063 143 140 131 0.28
453 0.24418329855618018 0.07357427831177947 1.0410375310944802 138 131 110 0.23
454 0.07053229424625979 0.08938246423913898 0.9650188346448798 126 126 118 0.34
455 0.08801436471011546 0.09145107410425933 0.9772093116649765 160 158 146 0.31
456 0.023506416725715323 0.0954480645124801 0.930978196128124 145 140 128 0.19
457 -0.16113798657370884 0.10276383926473151 0.7935184380082081 151 147 136 0.38
458 0.1187080990737209 0.0911538268867137 0.9489443045860044 87 84 73 0.34
459 0.025866179786632824 0.10944388211447124 0.9177544687497807 78 72 59 0.23
460 -0.1785588165344149 0.11166094703447427 0.77712764597175 138 136 125 0.17
461 0.23491543769490694 0.11667371779018039 1.0192081764588459 134 130 114 0.38
462 0.12080032474295001 0.1145535311941725 0.9345546611716549 124 118 106 0.19
463 0.1242692041277597 0.1168712539638665 0.9352488019433277 92 90 78 0.26
464 -0.12062575902551217 0.12440443662597603 0.8041437398274113 132 126 112 0.2
465 0.11411427120133984 0.12161702847957855 0.938934379628903 84 79 68 0.24
466 -0.19928289378574715 0.1257370645671395 0.7517212555608169 138 138 126 0.04
467 0.3245503783492186 0.13501273337039751 1.122242878873705 52 49 36 0.24
468 0.10918799301331737 0.13005037984830217 0.9360612234714429 122 121 106 0.3
469 0.23196591715694412 0.1313329321935001 1.0090046145216718 123 121 111 0.26
470 0.1320077126487828 0.1297643794686336 0.9306562396989633 172 167 151 0.15
471 -0.0014921301522956992 0.13910124165807936 0.894819798783225 32 35 26 0.45
472 0.024558947024330237 0.139689731888293 0.9078522684393372 150 142 125 0.27
473 -0.21417805685983596 0.13486068497267728 0.7398829291095337 130 124 106 0.5
474 0.24497935222055167 0.14230050409896805 1.0110617584422394 48 47 38 0.23
475 0.24882852994680124 0.1451657354301843 1.0112322135439642 123 120 115 0.22
476 -0.16276952799770375 0.14568413997510257 0.7717673591779691 108 107 97 0.37
477 0.12758118474973085 0.15097048374612387 0.9273179751352726 97 93 82 0.52
478 -0.05852912762380711 0.1609732527800324 0.8421087820585222 95 89 74 0.19
479 0.15337213596173532 0.16963125204498672 0.9435671382079396 125 123 116 0.42
480 0.23150017324513097 0.17398255862524956 0.9956648225856973 57 54 44 0.27
481 0.09847425033893693 0.1774634843911843 0.9443537655852913 107 107 102 0.39
482 0.10113979210671666 0.18286623065570096 0.9420831901507336 96 97 85 0.21
483 0.10781397100854677 0.18254088825557513 0.9383296062331902 110 111 101 0.33
484 0.24303079284798862 0.18376089188254605 0.996577483544242 67 63 53 0.19
485 -0.011161119321372275 0.1854683352002344 0.8631726065742137 93 94 89 0.26
486 -0.1244646356914616 0.18052387415685012 0.7855368587312572 143 142 129 0.26
487 -0.047932556054175984 0.18803280264818134 0.830297213806388 130 128 115 0.31
488 0.24292941703054877 0.20287721228350997 0.9872039475811205 112 109 100 0.29
489 0.18687688619276016 0.19807505151124752 0.9444602942556917 46 42 29 0.21
490 0.23931160599660883 0.20487251687251762 0.9865237363536673 62 61 53 0.32
491 0.11119814860137314 0.19793656339767962 0.908392984882946 129 123 108 0.22
492 0.1305763166424258 0.20165321395972652 0.9046204764269821 141 140 123 0.14
493 0.06145828245492793 0.20999842647805927 0.9061648534731709 107 107 97 0.28
494 0.17559532007881704 0.21066411983503605 0.9372058566582319 110 103 81 0.26
495 0.13776180457336906 0.20658984001333777 0.908684707918083 128 122 107 0.35
496 -0.04943980877655465 0.20595370619856543 0.8288439442038062 139 135 121 0.18
497 0.08308814944437948 0.22034659294080505 0.9188840723966486 33 30 19 0.19
498 0.16714632153631173 0.21575690870033568 0.9308185219235776 126 120 104 0.26
499 0.23784727868470984 0.22440256263789934 0.9766133798700228 48 42 28 0.25
500 0.1102902624456719 0.21802662707560402 0.9083191670423157 110 110 101 0.09
501 0.1195303153750484 0.22000740221174978 0.8970699958501085 36 33 22 0.21
502 0.22489623734607211 0.23392395749981085 0.9649176595564966 128 126 114 0.21
503 0.23782975773328008 0.23699058069406964 0.9714925212458014 63 60 46 0.51
504 0.11973615091511498 0.2280520802784041 0.899845508864083 75 71 58 0.35
505 0.06318416039126058 0.23748985563786545 0.8968562978551998 160 158 143 0.29
506 0.10641697754674286 0.24292669941069792 0.9136576650380994 61 58 47 0.09
507 0.1083875127380709 0.24618847073588546 0.9101667424893437 138 141 131 0.07
508 0.06613515935207286 0.2503607143477798 0.8938963359186394 62 61 52 0.41
509 0.14066929664384428 0.25336991792686225 0.8996344872331703 57 53 44 0.3
510 0.22854470141161812 0.2689343771583959 0.9586769226212609 161 159 145 0.3
511 0.22663412028207774 0.2678973185789389 0.9546170533096618 147 143 132 0.31
512 0.12311792923775393 0.2762279729870346 0.8756262860834082 55 55 48 0.32
513 -0.04738315575797959 0.05418184004086776 0.8871455729632235 96 96 87 0.25
514 -0.1961877140746959 0.06464116012493025 0.7708644996872157 125 121 108 0.2
515 0.09326163060183282 0.05713004039203541 0.9896941100740374 42 40 29 0.43
516 0.10941489093099414 0.05827227958311299 0.9877464998211373 136 135 122 0.41
517 -0.12133751533474985 0.08115504986525679 0.819653643557816 148 144 130 0.35
518 -0.045383898755165394 0.08645821510520388 0.8723441452071024 36 35 29 0.17
519 -0.20617701554996679 0.09710379405372735 0.7645593469639235 47 47 39 0.06
520 -0.19933919084372534 0.10216958924001603 0.7619851262691427 98 96 90 0.24
521 -0.05227691951225687 0.10313680354441027 0.8697937455085661 119 110 94 0.43
522 0.0889976497632728 0.12385221127727682 0.9698957720282024 90 88 77 0.3
523 0.10798461012183397 0.12549520800564376 0.9595235347420614 77 77 69 0.48
524 0.0635634852634709 0.13059024414657966 0.9393310330333593 61 59 48 0.26
525 0.1860899379187277 0.1269956844828359 0.9729903705267232 43 41 35 0.23
526 0.17263705595419016 0.1362009885487317 0.9766541093118304 131 125 109 0.23
527 0.06117087275347488 0.14788817962885967 0.9346755520058807 107 107 98 0.26
528 0.18513987110657235 0.14207382370746743 0.9668461838695332 140 137 118 0.29
529 0.06565894705004516 0.16718674746889167 0.9272977652180813 86 86 76 0.4
530 0.13147076812469982 0.16035225524945776 0.922113759492965 63 61 54 0.36
531 -0.15254617798933162 0.15822903686313702 0.776016116974038 104 104 96 0.22
532 0.18496658920276973 0.16442480746022112 0.9613030041513281 113 111 102 0.2
533 -0.08403805112300741 0.16178321097550316 0.8199548159171741 68 64 49 0.25
534 -0.08041585493875257 0.1646338355366093 0.8227609625208382 127 124 106 0.16
535 0.12161342025026382 0.16847045662373508 0.9163885322371206 120 115 100 0.46
536 -0.014820192656669959 0.17403679132977123 0.8652300117475684 130 132 126 0.36
537 -0.014528868092737448 0.1741615534291458 0.866403373679964 165 165 156 0.52
538 0.11279843824295589 0.18440868624210094 0.9133891592567916 43 42 35 0.23
539 0.10862079661827051 0.188651254023409 0.9244804066840575 16 15 10 0.23
540 0.10869763226339435 0.18874700116546453 0.9247607253356217 18 17 12 0.25
541 -0.0018072030061832942 0.1875552386058644 0.8702113650360614 74 70 57 0.32
542 0.15973805519379192 0.18861652047734886 0.9344210943811807 100 99 90 0.26
543 -0.0617737778668279 0.18599095347804634 0.8296134485519222 59 60 51 0.14
544 0.15652406047054096 0.19247965814387683 0.9326769137081178 26 21 14 0.2
545 0.16581455225711586 0.19505448819543808 0.9389498401229367 27 23 14 0.16
546 0.08421401730593615 0.2027156116686174 0.9227076351565986 115 113 97 0.24
547 0.10764691027605458 0.19763836662216883 0.9092791436234411 68 66 54 0.28
548 0.10068397392839049 0.2062799544566982 0.9298747896707055 47 45 31 0.26
549 0.10340228572457566 0.20595669749737877 0.9284236673334939 101 100 87 0.31
550 0.2100771882001447 0.2058661433472363 0.9657419359296935 26 24 15 0.08
551 0.2193403438849739 0.20811373190982657 0.971716857136416 38 36 25 0.21
552 0.0932222959035988 0.21739201748480552 0.9319399209786045 110 111 102 0.35
553 0.23557242882808554 0.2198728788714992 0.97883405994928 101 98 86 0.39
554 0.025640063212818146 0.22350738165265657 0.8695225881991935 134 131 117 0.25
555 0.10084347990653343 0.23179719882841496 0.917400921577156 66 61 48 0.18
556 0.19360724646433689 0.23197685640915536 0.9320911152529888 42 40 31 0.22
557 0.11001537254225607 0.23876048829853827 0.9225600246461632 91 93 91 0.39
558 0.1296853475840806 0.26219972408866143 0.8828757318358021 168 167 151 0.52
559 0.15655020570503378 0.27179562392322515 0.9070010344776789 45 42 38 0.1
560 0.18090827601850915 0.2756106424992961 0.919781311136518 90 90 77 0.37
561 0.22483984586325687 0.28994422968277844 0.9393810926858687 118 115 105 0.28
562 0.11445129133626845 0.03920569853141639 0.9769613151668726 49 47 38 0.25
563 0.0006278957246186977 0.0617725219644561 0.9296771471194205 120 119 109 0.29
564 -0.1954071315591879 0.09151990281375842 0.7665133918715543 64 62 51 0.16
565 0.11985079705405187 0.08166251336549582 0.9521764853515512 103 100 90 0.62
566 0.16453464707864626 0.08798758689492532 0.9861394397224036 73 67 57 0.35
567 0.18466252962280563 0.08863434543452944 0.9919589361485192 128 122 109 0.3
568 -0.05957889714245964 0.10372189668454213 0.873218267229769 92 86 72 0.4
569 -0.08429387768448122 0.11706880668703093 0.8430322097677144 109 107 98 0.24
570 -0.059530515173686474 0.11835229616852042 0.8674514456570708 101 95 83 0.31
571 0.11919186403964109 0.11231107068315196 0.9376394565422966 42 41 34 0.18
572 -0.019654910373508395 0.13552412421818846 0.8879680710245028 96 92 80 0.31
573 0.12933270847285647 0.12703775276176935 0.932563498578685 81 76 65 0.29
574 0.33154521125262154 0.1459901105744067 1.1194779662885002 73 70 60 0.38
575 0.028421190566836032 0.14631638581599424 0.904590639965008 80 78 70 0.19
576 0.18184326413948554 0.14258017650195276 0.9687297411081405 90 85 67 0.41
577 -0.205290216702196 0.14006043880925492 0.7415071840517554 116 113 101 0.24
578 -0.21845699720020498 0.1422087251814999 0.7350094906794525 100 101 97 0.17
579 -0.20406905789699623 0.14509358008906492 0.7404500494390358 106 106 98 0.24
580 -0.17611136189714088 0.14970667095098433 0.7607522018986004 78 74 61 0.28
581 -0.18009162074587665 0.15055518853994318 0.7563693110865104 105 103 93 0.22
582 0.1729148819765813 0.16081157487125639 0.9671960315224961 98 94 80 0.42
583 0.17196138520212906 0.1649392356118865 0.9632794481297868 108 105 95 0.27
584 -0.13486810950456832 0.16526456206180043 0.7849318555125419 56 54 42 0.29
585 0.09247480542335819 0.19378638306869025 0.9349491285955382 39 34 23 0.2
586 0.14624478408306724 0.18979911846294478 0.925931431234549 34 31 21 0.16
587 0.09816796323946222 0.19842914982786258 0.9362556945584978 91 92 83 0.28
588 -0.1204765273685679 0.18193471174451967 0.7796855346902642 121 116 99 0.29
589 0.10134189980878248 0.21518023965808022 0.9276757870458732 52 51 41 0.22
590 0.10841592560001673 0.21240372097154464 0.9229630926760554 83 83 75 0.29
591 0.12103600953179981 0.21167353550126577 0.8975336276525127 39 40 35 0.22
592 0.1653636496938874 0.22244296569747057 0.9286141759493777 62 61 50 0.21
593 0.034522666586061415 0.23812075408431865 0.8675998851276067 112 113 105 0.12
594 -0.20855974540005418 0.054179676619826124 0.785476022869697 103 98 82 0.25
595 -0.19585289217854213 0.06935707636191533 0.7714659736278091 78 74 58 0.31
596 0.005442471388256837 0.0659104191412964 0.9287180432964105 73 70 59 0.24
597 -0.19888599604526283 0.07761058143065437 0.7707058827773046 113 108 96 0.28
598 0.05314715291757452 0.07443280337771462 0.960303155829785 132 129 122 0.3
599 0.017139942577436975 0.09590665148432172 0.9293215211874342 92 84 73 0.43
600 0.17333736518929338 0.08772875296395845 0.9918972087894892 142 139 128 0.37
601 -0.12038975553092936 0.11017384691010808 0.8123709709635766 76 71 60 0.17
602 -0.12528526699813944 0.11410415221847478 0.8125209846610008 119 119 110 0.33
603 0.03839248615363183 0.1793792436242218 0.8965142569230279 48 44 36 0.2
604 0.18577231431181632 0.1438911981030351 0.9660157364956249 126 121 102 0.27
605 0.10347424989106375 0.1558522262805264 0.9530927790143378 52 50 43 0.18
606 0.1848781362623517 0.15942609284843798 0.9630615116013664 61 58 46 0.18
607 -0.14845025053772404 0.15566308109089758 0.7782381058212505 53 48 37 0.23
608 0.10380175649721592 0.16665123668512807 0.9502151314562209 72 71 65 0.26
609 -0.1505857303456312 0.1621287549328512 0.7755653990098901 45 44 35 0.31
610 -0.14172607602181075 0.1642279110882938 0.7819517848622898 58 53 42 0.26
611 -0.07779170747292334 0.16813712185513965 0.8214603166944252 72 67 51 0.29
612 0.22676952333273045 0.1774244507414555 0.9910136616465014 163 161 151 0.12
613 -0.05853342932691619 0.18427589486993487 0.8319082077201677 66 59 43 0.29
614 0.017749881196279654 0.20333499135598557 0.8796887627502611 47 42 31 0.32
615 -0.13250625687633485 0.1977217546383301 0.784466647034027 93 90 81 0.28
616 -0.16768896915554093 0.20340946073608931 0.754449740246531 94 96 86 0.14
617 0.10388485410926504 0.23326774481275775 0.9202077610787844 50 46 35 0.17
618 0.18444035478830872 0.24457046130699073 0.9255424546486415 108 102 86 0.29
619 0.10369757378560257 0.2601357755329596 0.9105373939469166 44 43 34 0.23
620 0.11990478372735322 0.2586100990678965 0.8857006150580933 135 138 130 0.17
621 -0.08526978937925672 0.05124559560609724 0.8671874194298144 64 61 53 0.38
622 -0.06428407519832331 0.07770870638898186 0.8830806762371285 122 114 99 0.25
623 0.0730530933154624 0.07366834144809546 0.9706345352054385 75 70 60 0.25
624 -0.19504551441763338 0.09811917704820909 0.7642560644311023 75 68 55 0.34
625 -0.12103296097826838 0.10116197120687681 0.8156800731217186 61 57 47 0.19
626 0.24915378505016336 0.21959870462313769 0.9797605877120028 133 128 117 0.25
627 0.18064954686360812 0.21715574634593415 0.937763045266114 82 75 61 0.24
628 0.227503045550456 0.28459712751054317 0.9500395567186545 113 112 105 0.37
629 0.047837940675357155 0.06809231695762723 0.9577892669647509 97 93 83 0.48
630 0.007323106665201402 0.0791964049433148 0.9270450233911611 45 38 27 0.24
631 0.1468001813972325 0.26504243417020323 0.8997472774929633 176 171 156 0.56
632 -0.13079885249153714 0.09670697920640606 0.8175230849939344 103 96 83 0.39
633 -0.09680493232950545 0.15316891651381775 0.8051304506314146 161 150 135 0.37
634 -0.0686290361300802 0.17374871310455856 0.8281082253192572 114 109 95 0.44
635 0.15174321138372976 0.04552377176703483 0.992743320937044 101 98 93 0.59
636 0.07586808331216705 0.08665035410567731 0.9702896096487844 128 125 119 0.23
637 -0.04543251711723064 0.08642218250206375 0.8716658896913145 30 30 24 0.12
638 0.21777624145078897 0.10772297612174563 1.013413295705967 133 130 120 0.28
639 -0.010801578923239576 0.10251461229432456 0.8993179746235046 75 70 59 0.21
640 -0.12626900353841172 0.09455718130534321 0.8169372805009281 115 112 105 0.34
641 0.11922022882285498 0.11223372759838424 0.9377085674173861 46 47 40 0.16
642 0.10902370092393686 0.11905826289637948 0.9541781729395756 31 29 23 0.19
643 0.10002904271706828 0.12291287409111065 0.9636490026107787 31 32 25 0.26
644 0.31287301225768066 0.143446043190392 1.1124517650472985 59 54 46 0.37
645 -0.00650032566149518 0.1252874713097929 0.8911100321389153 113 113 110 0.23
646 0.22660003599612807 0.13808956058137345 1.0089733808401458 118 116 108 0.62
647 0.0668602712784784 0.14350185279368274 0.9340047378961417 104 104 99 0.21
648 -0.009260852903229458 0.13955664762954717 0.8858387024612555 65 64 58 0.2
649 -0.20413608372147726 0.1211224622050574 0.7525447907970216 36 36 32 0.15
650 0.06508933425274796 0.14971823725135622 0.9346588940492108 56 53 45 0.16
651 -0.21654854390099976 0.12216726977708654 0.7436455066326805 70 69 64 0.23
652 0.06859127550081985 0.15427939558581083 0.9366946755410455 104 106 103 0.24
653 -0.1297688511980739 0.13870716809678063 0.7978425971192693 36 33 26 0.09
654 0.06561865475879221 0.16727876783300558 0.9271672988332358 96 96 89 0.26
655 -0.14253099003493933 0.15034056355082775 0.785119744615107 75 75 70 0.23
656 -0.12078069547290819 0.15685563246794282 0.7881234279278473 127 124 115 0.19
657 -0.12070138196548913 0.15696920314743312 0.79021179019006 117 112 96 0.49
658 0.06115549696059197 0.18782903191221517 0.9153590202564823 100 99 93 0.26
659 0.060912160643255046 0.18752429316130742 0.9142402200649583 109 108 104 0.3
660 -0.02546425499327181 0.17588782803545872 0.8555252218401004 126 125 122 0.21
661 -0.1293683400033476 0.16375788036931002 0.7865384339620987 111 109 105 0.19
662 -0.12744817042653694 0.16754328181460248 0.7909822927472454 53 53 47 0.23
663 -0.011053253658697734 0.18559503457835114 0.8637207736671805 86 88 85 0.22
664 0.04165421401020528 0.1934665402677969 0.8961842524761684 108 105 91 0.22
665 -0.05519001288950584 0.18115261395704527 0.8325628578013599 110 110 105 0.23
666 0.3196278736283445 0.23357244848306424 1.0803131138808562 82 78 67 0.49
667 0.31782840824428354 0.23232679304643725 1.0753656367450564 88 81 67 0.44
668 0.24244420597899988 0.21129794432017499 0.980129318520716 44 41 33 0.32
669 -0.07791499956561776 0.18251646620375325 0.8189942403111665 118 113 102 0.15
670 -0.07054269425735922 0.18424387250291496 0.8253805224959189 110 104 95 0.24
671 0.15507046533367325 0.20248900473435233 0.9272980264782547 81 73 59 0.21
672 -0.08376182408136211 0.1848403963052247 0.8166547411310409 43 36 30 0.15
673 0.04424131075465335 0.20525008604138764 0.8951540640264923 103 100 90 0.22
674 0.033052336917603266 0.2019612612244385 0.8790267872602285 160 163 159 0.15
675 0.052291422191019864 0.20719533766421258 0.898541256513121 106 104 92 0.21
676 0.3167242618670089 0.2462613845111721 1.070157478633555 99 99 92 0.26
677 -0.12284958179365207 0.18461344192822202 0.7777286353885676 58 54 43 0.24
678 0.09021404676660731 0.2497516910399087 0.9199457809378851 88 87 80 0.3
679 0.1492856904550403 0.24525457513415277 0.9053747900455275 76 74 66 0.19
680 0.18574366615405624 0.26301341529582795 0.9185010466448468 55 51 44 0.38
681 -0.16744258015566435 0.21354787228136413 0.7014827858064451 49 49 44 0.1
682 -0.17039396291305556 0.21397594352160326 0.6990505523589147 82 84 84 0.25
683 0.14808072734823272 0.28590027180383176 0.8999452661826366 110 111 109 0.28
684 0.12631116363935754 0.040095273549662726 0.96897481300067 121 118 109 0.18
685 0.11435547155404285 0.04568628771390263 0.9730110590727419 48 47 41 0.22
686 -0.12646080831453377 0.06572649117904296 0.8294957419468035 95 94 87 0.21
687 0.06460069606564647 0.07529502381867653 0.9647195262366471 132 129 122 0.21
688 0.07047620370713163 0.08940504171463327 0.9647941104875771 130 128 119 0.31
689 0.1143644984948902 0.09134418093173374 0.9677280120483603 112 113 111 0.79
690 0.20924005215952962 0.09876219737299433 1.013673351135681 71 69 60 0.28
691 0.1104294317198729 0.0984497220153986 0.9475528689214511 138 138 139 0.24
692 0.12097920661377637 0.10255651186827028 0.9398087847385616 112 111 104 0.27
693 -0.007231695307294858 0.10656282190561324 0.8990172844879424 130 129 119 0.23
694 0.14145094486628226 0.10474112806486675 0.9522373614766309 101 97 90 0.37
695 -0.11716011405423006 0.09704986501727218 0.8156967640681896 130 130 125 0.25
696 0.10511249181983902 0.12422273531243286 0.9628626955903355 33 35 29 0.23
697 0.10526200046649678 0.12425462463743563 0.9634332763261713 34 36 31 0.18
698 0.12994054801138816 0.12982668041989948 0.9242403976872393 162 160 153 0.2
699 0.00385565397482842 0.14114653231446492 0.8989632746141573 91 94 91 0.43
700 0.06048837816689941 0.15841472560587871 0.9276015186922422 109 109 104 0.3
701 0.08417207089429155 0.1639963302631572 0.9499876826072917 34 36 32 0.34
702 0.05712676343704025 0.18463854704109636 0.9137807582290312 38 37 31 0.14
703 -0.05586572370309004 0.17412096407630429 0.8351424339990171 115 114 101 0.4
704 -0.015233389662875 0.18037523417076 0.8618747509889797 117 114 105 0.25
705 -0.12090041275733085 0.17219971892489372 0.7829855445380692 46 44 36 0.23
706 -0.19408792363615093 0.1632736323297984 0.7343195180878462 114 112 97 0.22
707 -0.12043953448291134 0.1820514656377994 0.7801185976413045 132 127 110 0.28
708 -0.008303943774293812 0.20338769019264227 0.8611387550106402 46 42 36 0.32
709 0.11232877809274068 0.214663204422512 0.9047546435906305 43 43 35 0.18
710 0.2184352992028444 0.22858374810572138 0.9613154676792334 71 66 53 0.3
711 0.14349928862873224 0.2174995464169124 0.9108481539192486 56 55 47 0.34
712 -0.0736744236220872 0.2025612011740752 0.8243559398724334 20 20 16 0.29
713 0.14738647557451565 0.2244331494623116 0.9144964755144496 39 35 23 0.21
714 0.09023063577080473 0.2404392669011563 0.9234911001042734 84 83 76 0.3
715 0.1499217291424563 0.23423439644409472 0.9119911477158464 129 125 114 0.13
716 0.08500183586368398 0.2405780487484338 0.9216850392453577 20 20 15 0.24
717 -0.1271535858079944 0.22323853452930498 0.7277696499517801 126 126 121 0.31
718 0.1162090908435358 0.2737592434177495 0.8805698842740973 97 99 93 0.64
719 0.22026593652857854 0.05481273797942208 1.0434397675387737 105 102 93 0.37
720 0.21632606916472313 0.06213542251358929 1.0473062299835052 59 58 56 0.45
721 -0.13410931361498604 0.08494082778598785 0.8266609374334605 103 100 91 0.22
722 0.18485178404899993 0.10295090336818123 0.9855804945046551 84 80 72 0.35
723 -0.05956993541709281 0.10930057374958327 0.871032731168502 99 93 82 0.49
724 0.11196523533846381 0.11435022752405392 0.9420805401789666 52 49 42 0.19
725 0.04933759067870358 0.12903156360566412 0.9408954795039445 26 26 22 0.23
726 -0.09381186508913 0.11679567464722505 0.8442057800480297 98 93 82 0.4
727 0.08456986075787441 0.13739816033396082 0.9630552564704347 24 23 19 0.26
728 -0.059441739702259355 0.1247977992494758 0.8646338996638127 98 96 85 0.31
729 -0.08805736500803103 0.1866320229737519 0.8095805207373419 90 85 76 0.11
730 -0.16777579950561555 0.19937476316771605 0.7555455317517598 79 76 69 0.25
731 -0.018444874104054817 0.2249371144339178 0.853769353673656 90 89 82 0.35
732 -0.11985766204781972 0.20626211839829553 0.775336681342357 55 50 37 0.23
733 -0.11994938073367772 0.20605951136047304 0.7748842973103487 49 48 42 0.23
734 -0.045506486203216776 0.2233464171263376 0.8193432711749735 45 43 33 0.14
735 -0.04544819603788673 0.22349019173275864 0.8198380346744203 49 44 31 0.13
736 0.3037019863110691 0.296951037157754 1.03857754129927 114 114 111 0.27
737 0.23011476989732807 0.2769699408048469 0.9502041928741698 47 44 36 0.16
738 -0.0920944033336487 0.04867996223338773 0.8690038789308222 126 124 115 0.18
739 0.212901887561176 0.07001733929602112 1.0311923936417837 37 37 32 0.53
740 0.1118361492812987 0.07110939535843337 0.9614172866256516 76 71 59 0.23
741 0.22959365479526403 0.08033362115667263 1.0326131639693799 137 135 126 0.24
742 -0.1953278868094404 0.08228797575184237 0.768923073818768 60 58 50 0.14
743 -0.19813316354465363 0.08757913736880253 0.7677161419006655 101 101 92 0.3
744 -0.0817646911045857 0.09535369313250856 0.8485804465193307 127 126 117 0.26
745 -0.12571441944343384 0.15224433845139268 0.7892025133024315 82 76 62 0.24
746 -0.05800449002431834 0.20217755748295235 0.8344958879759141 87 84 75 0.4
747 -0.12200340733983002 0.21062664475861428 0.7726060283861793 140 135 125 0.32
748 0.12529744305029486 0.27251733574465975 0.879493967280863 125 121 113 0.37
749 0.10155338717055615 0.07483738024384935 0.9847226589923579 77 74 67 0.52
750 0.21330098513274537 0.1144162298266382 1.009920314499888 80 77 66 0.37
751 0.10600553158980557 0.21428439312367967 0.9346211270278769 58 57 48 0.4
752 -0.1147341670499969 0.20221963287619069 0.7774098134448723 108 105 95 0.21
753 0.14837294658854017 0.2725414947038917 0.8993334642437835 111 109 101 0.28
754 0.037017209298871395 0.1712675171740609 0.9078684698218282 127 126 122 0.87
755 -0.04281909468447178 0.16608272487267683 0.8408679701855138 120 118 106 0.35
756 0.1628961601842701 0.2352057576870606 0.9227368195276192 25 24 19 0.28
757 0.16426580605544058 0.27147440126867095 0.9151751324737984 38 39 36 0.37
758 0.06447855892128507 0.1044204252162332 0.9491562026240594 125 120 111 0.54
759 0.06084179613825861 0.13906293886117357 0.9308410597019419 93 89 81 0.45
760 0.06084179613825861 0.13906293886117357 0.9308410597019419 93 89 81 0.45
761 0.045889339993004256 0.14742661998117618 0.9202395557295183 30 32 28 0.55
762 0.0801182854844123 0.23024522704654315 0.9112209537764107 19 19 15 0.43
763 0.08036434934326502 0.23044423541935619 0.9121032845379464 19 19 14 0.44
764 0.08075666096170704 0.24949994494548558 0.9116399920877509 18 20 20 0.38
765 0.08106139487590067 0.2497689519242878 0.9126633208140061 18 20 20 0.38
766 0.09629252765785964 0.2696190479378799 0.9066070606632364 136 136 130 0.38
767 0.006580519052653974 0.21467925503579988 0.8683120979262269 19 21 18 0.57
768 0.1319636257369432 0.2403955321365309 0.898084257414545 129 124 112 0.31
769 0.1320751085858933 0.24048460393616936 0.898492905838058 125 119 107 0.31
770 -0.010196755914705782 0.05614439081062458 0.920336340822608 136 134 130 0.21
771 0.004000738706297258 0.10286389011725608 0.9199970751786815 77 79 76 0.21
772 0.11091512821391218 0.15277720619576815 0.932092788131703 108 108 104 0.32
773 0.1044782715878785 0.16090794528829808 0.9537658613765105 119 120 117 0.14
774 -0.11368313819832063 0.14035257139067772 0.8020385102974774 42 43 45 0.08
775 -0.06385794020711918 0.1548986422369927 0.8390044333447025 38 34 32 0.15
776 0.016015163222420338 0.1742562214564628 0.8875016861570024 44 43 37 0.24
777 -0.13638194530906053 0.1685146177100132 0.7850068760066621 104 104 99 0.16
778 -0.0080480963742027 0.19111910326719334 0.8634000879814492 124 125 122 0.25
779 0.025317721832613424 0.19480459748454831 0.8833135948761844 108 104 92 0.25
780 0.01567741258168589 0.05300942607601589 0.937831539649836 129 131 127 0.28
781 0.12193225986168596 0.07575580130901773 0.9542853246799928 155 154 149 0.19
782 -0.01556616418796239 0.13775101040012366 0.887362687940266 82 80 74 0.43
783 -0.13291455832974045 0.13851639853628986 0.7963490181033327 36 37 31 0.07
784 0.21789147447395668 0.17800846402055148 0.9929322546736525 93 92 82 0.37
785 -0.02323247797800754 0.17116341599362853 0.8596918911055828 139 140 138 0.28
786 -0.056028615966809026 0.17393721605858378 0.834183447078421 118 117 104 0.47
787 0.06741473198964786 0.19970067062730823 0.9129047264504372 116 112 96 0.22
788 -0.07944187901266078 0.18787768576756947 0.8123811743879208 97 96 93 0.11
789 -0.09332416264800188 0.19069728648124848 0.8119108798682391 88 87 80 0.26
790 0.1044292955974667 0.2331095210333042 0.9199379686155273 65 65 58 0.27
791 -0.11314969555977142 0.22164764263696624 0.7653722268901157 124 132 132 0.24
792 0.13396461942699062 0.2734175309602632 0.8859024918866211 70 68 62 0.32
793 0.007416601879196532 0.05079282174760563 0.9332084498636611 159 162 164 0.29
794 0.039772107255925754 0.05878721164168039 0.9527845994498026 151 153 154 0.39
795 -0.05149985206347231 0.054221759485110946 0.8881788065215498 118 119 112 0.25
796 -0.0283507900657948 0.05721474437915778 0.9080349997462124 56 54 48 0.15
797 0.0813602736477665 0.06908646358074852 0.9771886898924002 124 120 110 0.42
798 -0.10091019006164001 0.1465665469057884 0.8166945422278453 29 35 36 0.17
799 -0.045630345292980504 0.19166362761898317 0.8297808895023383 47 45 35 0.27
800 0.0007525510011467686 0.22733914221519444 0.8662962440292813 20 22 18 0.26
801 0.11762889648615911 0.1513160578265728 0.9254743129241854 121 118 109 0.24
802 -0.08082883489658875 0.15706368454962136 0.8243358783555038 118 116 103 0.34
803 -0.13839543778120286 0.14927931129303706 0.7872965111507075 104 100 88 0.37
804 -0.0644020403007665 0.2019897655926017 0.8274460445935904 17 19 16 0.42
805 0.08220495656916812 0.09757807719135252 0.9729913961056402 60 55 50 0.24
806 0.020933262561260605 0.19192637135543034 0.884160400351984 84 77 63 0.58
807 -0.08162664367109713 0.20114744234762258 0.8026564875090906 94 91 78 0.34
808 0.06726760115052174 0.19521122898260407 0.915524247574959 139 132 121 0.25
809 0.11103417685906336 0.0429061744652736 0.9789451210221148 134 134 124 0.42
810 0.09362412755085286 0.05718640773468473 0.9903182102530477 52 50 40 0.27
811 -0.19437777767665482 0.04936834577919542 0.7787376082865891 36 40 30 0.18
812 0.014570266885590643 0.10654294805625315 0.9248784351833781 93 87 74 0.42
813 0.06803271310896926 0.13024399236582795 0.9414528511065239 114 112 101 0.37
814 -0.18440070563911068 0.11630243389494604 0.7594660748399523 66 63 53 0.27
815 0.004811778481861655 0.14173416060638883 0.9036832423109458 98 102 96 0.48
816 0.14668555860763108 0.1517669424999848 0.9430487443093302 65 59 50 0.37
817 0.13042602821256982 0.1503543621060088 0.9259074874220413 113 111 101 0.31
818 0.23088288963024942 0.18763528208669158 0.9884091800091742 66 64 53 0.24
819 -0.201617423428616 0.14862286623598617 0.7418770185974566 41 45 36 0.29
820 0.2091421614454309 0.19168173147405507 0.9717444075530041 87 84 75 0.16
821 0.324587306273191 0.22044496057008695 1.0955356632770061 102 104 96 0.35
822 0.31406774285233835 0.22522972376154457 1.0852878495518448 145 143 136 0.29
823 0.15702869363804894 0.19264795606916219 0.9339980840456819 36 34 26 0.17
824 0.14988316242696448 0.19598729448986651 0.9250052894204528 134 127 110 0.27
825 -0.12094724552984842 0.1725888782572907 0.7844967277098008 45 43 36 0.2
826 -0.00798369497242696 0.1913448947794275 0.8641568838790935 159 156 146 0.24
827 0.13758859678007881 0.21117459522723173 0.9040863349052338 128 126 118 0.28
828 -0.07958939898040596 0.1969537120710033 0.8001332618087886 120 117 104 0.2
829 0.005089360218016192 0.2291361882613762 0.8677879335502083 68 71 66 0.28
830 0.12039661509232445 0.037776007088297085 0.9662355920706583 24 24 18 0.21
831 0.1032898982888172 0.05412799214530469 0.9964814114859717 117 116 106 0.33
832 0.14632333718610838 0.08315105070235326 0.9727281388070704 156 150 135 0.21
833 -0.0937812578628932 0.08501291434016786 0.8573457336153798 92 88 80 0.29
834 -0.05971028340647113 0.08904014254101084 0.8785535217601068 98 93 82 0.36
835 -0.07464300723483537 0.09875715523076824 0.8657688213349555 19 22 20 0.2
836 0.008981546723569472 0.11017158755448296 0.9183027326230587 30 32 32 0.26
837 0.008814642444829787 0.10994362434640507 0.9166953659295718 31 32 28 0.36
838 0.23881994060425638 0.1645655829956345 1.0010921972797122 61 57 45 0.29
839 0.22021787481032873 0.19387689123061475 0.9813203797177361 70 68 59 0.27
840 0.13219451024586362 0.1838344834440253 0.9126709778221885 41 36 26 0.24
841 0.08451532085482284 0.19537425530556635 0.9224079607643022 95 93 83 0.48
842 0.14468362528386644 0.2105759404179879 0.9150284248117359 57 51 35 0.28
843 0.22124386802746984 0.23710044817772774 0.9643120380402794 52 55 48 0.47
844 -0.15714523416799966 0.1983996888738901 0.7556262026140889 50 48 37 0.19
845 -0.08243803891901695 0.21667077086049158 0.8021160696381462 47 44 36 0.17
846 0.19797872696649282 0.2925032522535537 0.9310685369337707 66 64 51 0.28
847 -0.06498104209375266 0.08546052115051647 0.8765920034503046 19 19 14 0.14
848 -0.0649120744963558 0.08562357297177961 0.8776678927487216 21 20 16 0.31
849 -0.09876578284102654 0.09324119809242275 0.849756040081251 35 37 36 0.43
850 -0.06476989322161691 0.1015326393287347 0.8706460761315333 22 25 22 0.2
851 -0.11547567172021887 0.10836340652088064 0.822120067633934 137 134 128 0.27
852 -0.040710232227944655 0.11519208103607456 0.8646265703798367 114 111 102 0.2
853 -0.11039090234826726 0.12917679006592964 0.8114194700263446 97 93 82 0.24
854 -0.18145802040419173 0.1417093399313818 0.7637852159152956 134 126 111 0.37
855 -0.10561795239064838 0.1504608066986921 0.8075996723527756 140 144 140 0.33
856 -0.0741422348380159 0.20871805850814504 0.8187794279052627 18 18 16 0.22
857 -0.06294284184586994 0.2149154371712845 0.8338494747199333 17 18 14 0.31
858 0.14466830900271882 0.2565437002441232 0.9008794322946059 58 54 44 0.26
859 -0.1848920158982889 0.12491950315149992 0.758010847192044 47 46 37 0.23
860 -0.1826446540893118 0.16767975585677655 0.753273661088276 20 22 20 0.44
861 -0.03996737418783695 0.21872473599899053 0.8208883112771599 116 113 98 0.32
862 0.21606199123239062 0.10314095321573831 1.0121508667291366 148 144 135 0.59
863 -0.11578268190973402 0.13430346503945492 0.8066916142139757 126 124 116 0.48
864 -0.04102691785758777 0.1845980079487837 0.834856705671099 168 170 163 0.35
865 -0.12990193914746728 0.18326009413635852 0.787633377229954 95 94 87 0.36
866 0.17602001846621007 0.23990544294483676 0.9300332388095921 92 87 74 0.45
867 -0.20204394568782053 0.08993585443033615 0.7693809545087411 103 100 89 0.43
868 -0.18798325206160682 0.17352388352539672 0.7357395862227659 119 112 93 0.4
869 0.064779419440618 0.244380902899805 0.8987650772685039 108 106 96 0.3
870 0.04545374474571471 0.0806580111176533 0.9490038909693607 133 129 120 0.22
871 0.23197118756201476 0.12308184769966948 1.0125924122471088 126 122 109 0.8
872 -0.08471414968380982 0.15000299700015718 0.8259547353363964 35 36 29 0.12
873 -0.058158024505425086 0.1569534029146928 0.8429283621504893 39 36 26 0.18
874 -0.005111413305160326 0.1715124040309171 0.8718420255354841 122 118 106 0.28
875 -0.10557594341572234 0.15693053742995972 0.807250347112598 123 121 112 0.4
876 0.07462988185559956 0.19354141500202585 0.9231100498600044 69 66 53 0.17
877 -0.030409060751614807 0.18719989910349363 0.8493564947909931 114 113 106 0.16
878 -0.18789747988870542 0.15659131095406148 0.7432738694754597 37 42 39 0.15
879 -0.1580396386193327 0.2222914660523692 0.7043037638930791 97 99 94 0.35
880 0.020005105634549065 0.11281154523559747 0.9227231917464438 83 74 61 0.46
881 0.15065799991372178 0.1865562415817858 0.9303243845852706 116 115 107 0.06
882 0.0090489214282548 0.17345621318901652 0.8848665795521657 45 44 33 0.21
883 -0.20170615110485737 0.14912990595817746 0.7435808030763809 43 43 29 0.22
884 0.2211361140989815 0.23622168484655703 0.9614895958641206 58 55 48 0.53
885 0.23814497242455795 0.25315648074172387 0.9698729270622937 107 101 89 0.27
886 -0.12116016130346913 0.22146994525901204 0.7224630732218871 128 125 115 0.26
887 0.04557466931026342 0.07522217492895227 0.9530098582701596 72 69 60 0.21
888 -0.19524472426873563 0.08179462086350678 0.7666109371599892 54 47 33 0.11
889 -0.12111027478978488 0.10112112449670173 0.815026671255261 57 52 43 0.13
890 0.09275301579347504 0.19383988450520184 0.9353593004088905 40 39 31 0.18
891 -0.12046892677980216 0.19366312851741457 0.767169744026894 90 82 64 0.52
892 -0.19455391117133566 0.1877366842585118 0.7275163339839451 58 56 48 0.19
893 -0.13886448526708842 0.08385699023605836 0.8236604105591406 28 29 26 0.31
894 -0.1851730582233022 0.11131209963603374 0.7704632101538513 59 61 58 0.35
895 0.24162878265085577 0.21373209559304668 0.9834158608326199 62 59 50 0.27
896 -0.11452932934106598 0.1924331754077526 0.7740942766674538 113 108 97 0.29
897 -0.1897213668177047 0.16414291282302798 0.7382631515757461 125 122 107 0.22
898 0.06576676217264937 0.17821998598930916 0.924175230192719 117 111 99 0.36
899 -0.0297054197070861 0.12811412094933383 0.8756985940226244 50 56 52 0.6
900 -0.19265863498455543 0.1215736758659289 0.753101941546715 45 48 45 0.14
901 -0.18857003320850124 0.08440380416997584 0.7740268006788245 53 58 60 0.28
902 0.18349757476980025 0.27169941686937676 0.9222796247891555 49 44 35 0.27
903 0.038424553472393964 0.06469122408912152 0.947950183661938 68 64 55 0.45
904 -0.2040785957253432 0.1499083253610896 0.7401792715614403 59 55 47 0.31
905 -0.06108775592909528 0.059418231942089124 0.8835331602289527 65 64 55 0.35
906 -0.16905924427375305 0.07546414337657029 0.8063535015240394 123 115 104 0.23
907 -0.07927161773993732 0.11341692244699651 0.8426212789584646 110 112 110 0.6
908 0.22641635154569967 0.14205010810914123 1.0051020081562472 127 127 122 0.26
909 0.10306849951327478 0.14915280372552592 0.9551106864188112 131 130 117 0.08
910 -0.1880574161856651 0.122396496051546 0.7552683899186907 37 40 36 0.2
911 -0.15901827303678848 0.13230126201865747 0.7814202329920862 35 37 32 0.17
912 -0.0669095563068173 0.15449987068436422 0.8378017361508957 46 44 36 0.18
913 -0.03049078024137876 0.16529737592625784 0.8570456546641041 112 111 104 0.33
914 0.048031229869779604 0.18228616825733693 0.9080103493802982 31 32 25 0.13
915 0.044049259986660295 0.18344058914520026 0.9035553224998408 133 132 125 0.26
916 0.06962677750000586 0.18946296287132075 0.9202127971498707 104 100 91 0.29
917 0.03332257456947929 0.1857546144996363 0.888253430155967 161 157 147 0.24
918 0.08317054655442446 0.1970821749495423 0.9252126494459164 121 118 104 0.2
919 0.137679679153997 0.21124587462850192 0.9040844957214004 148 147 142 0.2
920 -0.05966054056676932 0.09584530337149738 0.8788412243963317 114 105 90 0.32
921 -0.09441915669132993 0.1090274386043441 0.8475219003691429 112 104 88 0.29
922 0.08945410560028993 0.14014422166505608 0.9645705970669323 103 102 93 0.28
923 0.10270368458445127 0.22691044621304782 0.919903943112023 40 39 33 0.23
924 -0.127310838218206 0.22206678262731477 0.723456453047897 152 152 143 0.32
925 0.19642537134761368 0.2914738979191804 0.9273097239870765 60 59 48 0.36
926 0.009836848256657921 0.11909071745022191 0.9168994055823515 24 24 20 0.19
927 -0.04623028859314532 0.11888061667543731 0.8601497484892607 79 75 66 0.13
928 -0.08024620575172399 0.11801356023853884 0.8450976263130674 97 96 92 0.35
929 -0.0838321595920014 0.13054440991167493 0.8362835343472839 95 94 87 0.42
930 -0.05835584644804076 0.21451122897161318 0.8296924027662558 113 110 102 0.28
931 -0.12016778546293304 0.21777896755126117 0.7271705403992237 37 38 35 0.09
932 -0.0076942954920100224 0.17448540225844442 0.8627579036138083 120 125 123 0.23
933 0.01666667916925558 0.22286313776616984 0.8797287947492752 92 89 78 0.44
934 0.10292984956094736 0.1229610356107996 0.9627428257112151 46 43 33 0.56
935 0.09504164978759197 0.1289029680278931 0.9658392919253126 142 139 133 0.67
936 0.06329042260905456 0.12582463251536616 0.9435973862766142 111 109 97 0.33
937 0.06343938975043048 0.12587982142416737 0.9441303494913551 114 109 96 0.34
938 -0.1017070934017684 0.09122854927767399 0.8366001645657775 36 39 37 0.23
939 -0.05075199480721028 0.12702112404039265 0.8592505943545653 145 141 134 0.42
940 -0.10304100347533231 0.1982985402014342 0.7737661501666823 14 22 23 0.65
941 0.08928981314250958 0.061322771086979845 0.9865787152586415 128 127 117 0.42
942 0.08641572017856154 0.06605211753616366 0.984550312906655 36 33 24 0.3
943 0.2471867741469481 0.20907928180168586 0.984313251822349 102 101 93 0.31
944 0.16684829200644405 0.059294589959711944 1.0010625022045518 74 70 60 0.13
945 0.15732368561619833 0.08472798298701414 0.9812373876592994 148 143 131 0.17
946 0.04146782587556386 0.07681270976303234 0.9523770638752815 119 118 119 0.5
947 -0.11344482084557288 0.07763541530384695 0.8269024076650157 146 148 146 0.21
948 -0.1550935673861053 0.2217533499699703 0.7046375046889735 52 58 62 0.25
949 -0.160074823080869 0.09947805447329845 0.7973990096579303 132 135 128 0.27
950 0.11647609027552751 0.23068084643211015 0.9010857820651214 47 45 35 0.22
951 -0.15713876514025357 0.19813104434766757 0.754725413961565 52 50 44 0.15
952 -0.177847312780327 0.09070559945121084 0.7941026397978367 78 86 91 0.41
953 -0.17773870918213547 0.09055717711263397 0.7918819079718686 82 88 90 0.4
954 -0.1898626313338892 0.11248370280616207 0.7566653460667174 111 110 105 0.33
955 0.22622769805062756 0.20263929336384498 0.9790213583577488 113 112 106 0.24
956 -0.14428391746823294 0.08480645251532846 0.8286347500429945 109 115 114 0.19
957 -0.1991913493507603 0.09211992265970538 0.7661524257206688 106 104 97 0.4
958 -0.046102299072469675 0.12792045568639931 0.8569726271378281 108 105 94 0.36
959 -0.16806001974519866 0.12445439321747032 0.778166302905598 56 62 60 0.23
960 0.18425862040963803 0.2231798751579076 0.9338063652997673 106 104 94 0.2
961 0.04575087976453041 0.0752182703843285 0.9538631092605458 74 70 65 0.15
962 0.08010103754207855 0.10453289438842038 0.9713562200291943 126 117 107 0.24
963 0.18461726772753342 0.10307268953461453 0.9846559357741256 94 90 84 0.26
964 -0.17766089070785673 0.10173653349689038 0.806090841825366 80 93 94 0.28
965 0.020834793697310783 0.1271198398562942 0.9144638465343916 93 82 69 0.31
966 0.0280097829954417 0.1374625827236441 0.906864259692891 71 68 56 0.29
967 -0.015683505083819937 0.15735850780410585 0.8721586373472676 112 112 106 0.28
968 0.0983260233875503 0.17072948938860824 0.9482310215810744 109 108 102 0.34
969 -0.04598363319327125 0.17007301451803528 0.8361723487834171 150 145 130 0.38
970 0.058167195421485865 0.0692410264169925 0.9613359775264338 71 69 61 0.32
971 0.053149805374221995 0.07444894960626412 0.9601841736749992 118 115 106 0.24
972 -0.17785586438554257 0.06701532129158819 0.8010152695638132 92 98 99 0.37
973 -0.02458351279018233 0.1114948560636091 0.8982202059600918 25 27 25 0.29
974 0.0842679579837539 0.12162474349170431 0.9685168207876208 22 22 16 0.31
975 0.007363396949007376 0.05970091421378378 0.9340646132387871 71 67 56 0.49
976 -0.022057087841087654 0.0619891504586043 0.9038699873299676 144 141 131 0.39
977 0.11708053986232919 0.07876119734717102 0.9585431054319992 151 149 141 0.49
978 -0.024942633246114152 0.17097099351956319 0.8561383893682081 140 140 138 0.27
979 -0.04853680090364959 0.050855485133082426 0.8900989687304798 139 136 129 0.34
980 -0.010170826032615023 0.0629702126860756 0.9180597002138623 129 129 124 0.26
981 0.029277456616008744 0.10424351833571502 0.9179102760852532 45 44 40 0.14
982 -0.11288981719861453 0.09284840401094793 0.8191992968051143 133 137 137 0.14
983 -0.17913937359261817 0.1244787212059684 0.7697630486608844 90 95 94 0.33
984 -0.046438089441243696 0.1564632797212873 0.8435185811949772 55 54 49 0.16
985 -0.08471418223232827 0.1539197643860329 0.8255159037812421 77 78 69 0.24
986 -0.01356817569676204 0.16946494243376786 0.868438078844028 122 123 122 0.22
987 -0.025378962817418468 0.17595665586515608 0.8560444241382175 130 130 127 0.19
988 -0.18789141635929382 0.15634879817239175 0.743517618846066 58 60 57 0.18
989 -0.049825033954215024 0.19491975663144423 0.8305809578791227 116 114 103 0.22
990 -0.09027872685205378 0.2304381359926853 0.7479452528897712 84 87 82 0.29
991 0.01671881190267088 0.053203423252428286 0.9437186878562204 145 147 147 0.58
992 0.021478835219993202 0.05449760176818613 0.9442489020009339 132 141 148 0.49
993 -0.12439111519645671 0.08970066617329972 0.8205361690414131 147 144 135 0.23
994 -0.09100379053225918 0.1388163126521733 0.8251375598091932 111 112 110 0.28
995 -0.10760171534138736 0.17123915109984364 0.7979989311742053 56 54 46 0.23
996 -0.10333112473183614 0.1893345747446339 0.8096178494333325 82 85 84 0.18
997 -0.06943615891540095 0.19752337938100273 0.8268043011960224 72 75 70 0.34
998 -0.16790969179050538 0.19402061123036526 0.7597272522592533 105 105 98 0.19
999 0.007388039195062925 0.050789667502635846 0.9332070597029836 129 134 129 0.25
1000 -0.07028096934156315 0.10118844873519597 0.8670813767299808 83 84 77 0.33
1001 -0.07027357233289307 0.1012198209057461 0.8672847565689683 93 92 86 0.33
1002 -0.08071437859623752 0.10700468329571104 0.8434352061442173 116 115 109 0.27
1003 -0.14050017963169328 0.13685661254660378 0.7913584391325679 38 40 40 0.18
1004 -0.1405600048035336 0.13675947289880183 0.7906700913793882 23 27 20 0.1
1005 -0.09194144846885689 0.1484502971798501 0.8219548927920931 35 35 32 0.23
1006 -0.08280609122514519 0.18535885205446187 0.8150470735542679 42 41 33 0.16
1007 -0.08003190796629475 0.2124929437648771 0.8025825465909742 90 90 87 0.22
1008 -0.17964395148489506 0.13198807821565378 0.7622163628014135 122 127 122 0.3
1009 -0.12497454331094557 0.14568852997921095 0.7964933586541045 109 112 108 0.4
1010 -0.027449935176768876 0.07064149212803236 0.9038310469382964 41 39 32 0.23
1011 -0.041511914548326534 0.20222200545707975 0.8323758953839745 109 106 88 0.29
1012 -0.0662919451531617 0.06047895052665142 0.8832143177005426 48 47 41 0.31
1013 0.12192869838499562 0.07575886333289004 0.9539657976166208 198 181 158 0.21
1014 0.21779628792141967 0.09893639628484102 1.0192395705903305 156 147 131 0.32
1015 -0.15277881281369463 0.10786913092244409 0.8136832346236272 134 131 124 0.23
1016 -0.1204108572732065 0.11008121267548492 0.8119375606998291 83 78 68 0.18
1017 -0.03825316438918839 0.12342769741764802 0.8594236565624113 28 26 20 0.22
1018 -0.04898521604316512 0.12463190368958625 0.8604940611544558 132 127 116 0.22
1019 0.12211138274723168 0.1613715836886074 0.9195326349167576 94 87 77 0.35
1020 -0.008924556393576111 0.16882340745040716 0.8728672279660372 53 48 39 0.27
1021 -0.008816726256027252 0.1688761152164123 0.8730223662142662 52 50 42 0.29
1022 0.12006824772683228 0.1825407315554627 0.9078536946111874 61 55 43 0.21
1023 0.08421483118896196 0.2033071502077666 0.9220610573755097 195 176 159 0.19
1024 0.1371568702294116 0.22735520572771362 0.9024858566877422 108 103 92 0.32
1025 -0.018772020980958305 0.2304827102001737 0.8492069496090496 82 78 70 0.33
1026 0.028261317293650386 0.23988085902468864 0.8598286383174379 48 37 21 0.16
1027 0.10889567403540457 0.1614289538459251 0.9513879075596446 147 142 136 0.2
1028 0.10083757518036031 0.22031387954934772 0.9209969453089897 157 150 144 0.39
1029 0.19697622293511516 0.22695664724576975 0.9365471446046469 113 109 99 0.31
1030 0.18797957181558783 0.28603641129904084 0.9209374210947762 81 71 60 0.05
1031 0.10116742908344578 0.0668121471178304 0.9907250578847971 139 132 119 0.19
1032 -0.017354173719345098 0.10224751119829874 0.902807963935822 136 114 96 0.18
1033 0.09579306906516705 0.21551813888003185 0.9302892172747423 135 130 117 0.31
1034 0.0069781327256437905 0.07896702163170904 0.9253649222201272 54 48 38 0.29
1035 -0.08920079097349537 0.11756632365570378 0.84363290330753 109 98 86 0.3
1036 -0.08293101084384742 0.14253085390476988 0.8302636858177816 148 140 130 0.25
1037 0.0850173967548022 0.18467503444248878 0.938433993015786 138 139 131 0.3
1038 0.0973471819030948 0.18454452582471642 0.9418675237777021 146 143 138 0.49
1039 -0.10262627018176454 0.18417550696667 0.7907264510806612 21 17 18 0.58
1040 0.24326230698276263 0.06732208545673478 1.0435393119957836 158 156 149 0.18
1041 0.010374512401011874 0.07179621858386133 0.9286290903688713 137 135 127 0.24
1042 0.028974653975612014 0.10408717455681461 0.9165717083402558 38 35 32 0.16
1043 0.32421176546166386 0.15290033250524082 1.1123886027088778 84 88 79 0.26
1044 0.18270786823257754 0.1527048251781661 0.9655060171945445 77 72 63 0.26
1045 0.14698777257553572 0.16073225686865636 0.9401781616755089 74 70 62 0.39
1046 0.16217447210285796 0.1715498011906498 0.9511636368655709 129 128 125 0.32
1047 0.3170846802392491 0.21803518095492416 1.0909041798653492 31 32 28 0.3
1048 0.10715160925907305 0.1945605252859416 0.930083511835253 78 78 74 0.27
1049 0.22397801793206965 0.204750233085927 0.9741683722150368 103 105 102 0.32
1050 0.1082137219453753 0.2001034823369434 0.9291262789886339 87 87 81 0.24
1051 0.10733422550780007 0.20392411853816628 0.9212273818557957 96 96 89 0.3
1052 0.31456452948458097 0.2420631100994473 1.0730203489045032 54 52 43 0.09
1053 0.31456452948458097 0.2420631100994473 1.0730203489045032 54 52 43 0.09
1054 0.09914351652405047 0.21908853834281034 0.930432477238172 104 104 100 0.31
1055 0.14810674900027507 0.23189010957537987 0.9163284293565022 63 59 53 0.13
1056 0.16653073959306827 0.24469175986862557 0.9284091162593457 32 30 20 0.26
1057 0.167474328379814 0.24572830593591455 0.9310266617359579 26 26 17 0.33
1058 -0.1580130962119332 0.22218891971760427 0.7045094277101913 108 111 107 0.45
1059 0.027405368199832175 0.25982497837656043 0.8213248954584336 90 90 90 0.23
1060 -0.09440932165459803 0.1022990511449579 0.8503079414852794 116 109 99 0.21
1061 0.06608603204161372 0.12365801327256151 0.9438584774420751 139 136 121 0.19
1062 0.0834423899327397 0.1292186517867597 0.964135947235261 25 26 22 0.34
1063 0.0538867939089762 0.13024211705128302 0.9395149523389862 111 108 102 0.13
1064 0.015074887534317712 0.1431046554976971 0.907495433222139 101 99 88 0.28
1065 -0.030493056589238697 0.14112400330382144 0.8764912437493949 132 133 131 0.13
1066 0.17378264604247626 0.15424453974256042 0.9729030612531497 102 97 86 0.29
1067 0.11088565910004877 0.15277295391285858 0.9321053975010178 107 108 101 0.28
1068 0.047819109539441164 0.15491814746833912 0.9216822827435118 36 39 40 0.07
1069 0.30005634652893226 0.19863708030354074 1.0773987668914846 136 137 134 0.23
1070 0.07447623442279576 0.1890178867060885 0.9236551690265529 39 38 31 0.14
1071 0.19427337325531943 0.19853507320816796 0.9474767138809436 35 33 25 0.24
1072 0.09052437949120987 0.20334794564686418 0.9268383631628379 90 89 85 0.35
1073 0.12169365642814677 0.19772678733048146 0.9030283306995021 117 114 100 0.35
1074 4.2256947415051356e-05 0.19891208344236838 0.868092403237787 55 52 44 0.26
1075 -0.004554941556303723 0.23191808846720016 0.8550218343269769 113 116 117 0.13
1076 -0.16144809375686245 0.2174984951267496 0.7020734472693383 65 65 61 0.18
1077 0.010138818425444984 0.22955091138669723 0.8703935096160889 20 19 16 0.31
1078 0.19781412225019906 0.25074187759787303 0.9281770480018828 108 104 92 0.37
1079 0.10291947434720902 0.19432594758935717 0.9339590025872024 52 50 44 0.36
1080 -0.014614320848610793 0.15926324819712498 0.8670559053490979 106 105 104 0.65
1081 -0.04099235792117336 0.21630037154528922 0.8139490767276069 99 97 89 0.32
1082 0.1799540501675651 0.1658058791174484 0.9668053493941515 111 109 103 0.39
1083 -0.024204136457364373 0.2104986487176979 0.8604594308768942 15 19 16 0.35
1084 0.10799176898118688 0.15683927392543384 0.9481500033472744 102 102 96 0.38
1085 0.03410166784949417 0.1673542040959454 0.8952730155509097 135 135 128 0.19
1086 0.028589424135740157 0.17454830322040377 0.8881668667768006 36 32 26 0.11
1087 -0.11556929611935558 0.1640951945985253 0.7903006003889674 136 135 130 0.27
1088 0.18951599017218965 0.17170304871925726 0.9571693624029647 102 98 91 0.31
1089 0.07446691354064842 0.1890303655658472 0.9234677255059182 41 41 34 0.19
1090 -0.13827636079541064 0.14974437151455208 0.7898762100073121 126 119 110 0.34
1091 0.15036303741293205 0.19620703973262701 0.9263206398659357 116 114 103 0.25
1092 0.14363731347491693 0.2176655117247214 0.9108648351588515 60 58 49 0.22
1093 -0.06515951238849385 0.1266075365344735 0.8531933729301956 30 31 27 0.29
1094 -0.11502076892224436 0.0974966613535403 0.8182573821411592 104 104 98 0.31
1095 0.22603035784360884 0.16674084277071227 0.9945458337772735 135 134 128 0.28
1096 0.10325827838412098 0.19436437077449228 0.9345703439284082 48 45 37 0.3
1097 0.029977887280418915 0.1791920469822995 0.8778313787631801 168 164 154 0.14
1098 -0.05081902299501604 0.12697088476807158 0.8587873423050735 132 127 117 0.37
1099 0.12357634651016632 0.2738137047274665 0.8802384521443603 134 135 128 0.2
1100 0.22987345636286224 0.09062015754200625 1.0291041646530246 125 123 115 0.41
1101 -0.15751583267514693 0.1129896794630708 0.7906100915429057 88 85 78 0.3
1102 -0.02490209640237386 0.05454591475644553 0.9113676062271387 135 130 120 0.16
1103 0.08666381390665105 0.06616405074782968 0.9853487887163863 39 37 33 0.09
1104 0.14600090277463001 0.08055013579859034 0.972234980097031 151 144 132 0.07
1105 -0.1007566561407371 0.06358039257392628 0.8612206481503543 76 68 53 0.27
1106 0.02047652971422836 0.07970266997728237 0.9312052917397051 80 77 67 0.24
1107 0.1896210609279807 0.09784820226897101 0.9863530990926503 148 138 124 0.13
1108 0.1897683851432252 0.09786024969933035 0.9868208075134111 147 138 124 0.17
1109 -0.12362012448902986 0.07397375874548011 0.8261932113422471 78 68 56 0.1
1110 0.0019043473240893817 0.09657736115556137 0.9180883577168495 113 106 98 0.35
1111 -0.050228210597334774 0.09628224339476574 0.8747187361174623 136 132 124 0.2
1112 -0.010721855898714022 0.10263050722390034 0.8996346208152377 80 70 53 0.07
1113 -0.12300998708393404 0.08988697429644855 0.8180606943740262 134 123 110 0.31
1114 0.06438072583944468 0.1207951751618335 0.9469317925501177 59 55 45 0.16
1115 -0.11172980226151641 0.09753762835547387 0.8190308944310106 122 125 123 0.08
1116 0.24762487552744217 0.1500503391987212 1.008219845103617 134 130 119 0.35
1117 0.14171513020186613 0.13777942655774802 0.9394064120958872 116 109 94 0.21
1118 0.2511363810975706 0.1589904187248805 1.0060819077067142 61 57 43 0.15
1119 -0.16115554931238407 0.10776638246963631 0.7914244983559581 140 137 131 0.14
1120 0.2416606548311117 0.16057547703720593 1.0011891410189206 136 132 115 0.15
1121 -0.17009490137292943 0.11384406769055354 0.7844496586612932 127 126 121 0.19
1122 -0.17009490137292943 0.11384406769055354 0.7844496586612932 127 126 121 0.19
1123 0.18948618002683837 0.17341850207047296 0.9547200477877157 120 118 107 0.27
1124 -0.041143338709097775 0.1496895582420724 0.8487806892398803 142 142 137 0.12
1125 -0.041112796264714604 0.14970075188113985 0.8489278607881631 142 140 133 0.13
1126 -0.09155104547356706 0.14458681914661844 0.821694486534079 110 108 104 0.28
1127 0.18473576111356604 0.18442004395900663 0.9492475419173299 77 71 58 0.32
1128 -0.11827916267424979 0.1432640312017885 0.7981857910465742 69 58 38 0.11
1129 -0.12952307722494313 0.1432621594078853 0.7969157717681791 76 68 52 0.4
1130 -0.055321910083887746 0.15704491025341122 0.8433302569197362 32 28 22 0.18
1131 -0.0673808658540014 0.15897328704359093 0.836730135042173 93 86 73 0.24
1132 -0.058606202513221364 0.16093606137351013 0.8416774727030716 88 82 69 0.19
1133 -0.03802999285617572 0.1648789985788868 0.845347432246485 151 146 141 0.2
1134 0.012491632864765085 0.17530276147903195 0.8830307850099188 124 118 106 0.25
1135 0.18696995584451345 0.2008634862974346 0.9422103312150456 59 53 42 0.11
1136 0.06098548589974661 0.19187980703975333 0.912486924696345 138 132 122 0.31
1137 0.10064241578392115 0.1995446670235973 0.9318452551588325 47 43 34 0.46
1138 -0.06027195593577736 0.18074116734170892 0.8330867388198695 112 107 95 0.15
1139 0.09622895753617913 0.22216701113454038 0.9288946596562463 43 46 42 0.23
1140 0.07417444897457597 0.24281842784123114 0.9064234297199455 26 30 27 0.2
1141 0.2178752383759112 0.06093179561685476 1.0377471509343301 95 87 77 0.36
1142 0.14570668305332993 0.12361114476504907 0.9497521885396207 71 69 65 0.25
1143 0.07920328638207104 0.15150795963324773 0.9514421556579006 71 71 68 0.29
1144 0.13610322544545256 0.15353363107086726 0.9289768175248702 125 122 112 0.26
1145 -0.2080869376875515 0.11441322934048323 0.7519121675188803 52 50 42 0.26
1146 -0.11860598270599818 0.13967480799528995 0.7984141818138595 50 43 32 0.06
1147 -0.19438954213969623 0.12716684131093195 0.7490250952658905 124 111 94 0.08
1148 -0.1333182039693699 0.1433132533442316 0.7959131279268021 64 59 44 0.4
1149 0.06865984666639785 0.18845133821333984 0.9158830129995436 68 66 55 0.18
1150 0.025437100909367225 0.1950419302608029 0.8839656058434326 109 103 87 0.22
1151 0.15897184749791166 0.209190648794222 0.9257150739068395 106 98 81 0.16
1152 0.001198837151821105 0.049615070710994906 0.9294616793685186 144 139 133 0.24
1153 0.05434440006937826 0.1162985248226004 0.9490677500224827 95 87 74 0.21
1154 0.06071246627579053 0.14763824229580816 0.9324632643673268 123 122 114 0.15
1155 0.11898310773590724 0.18343385575164292 0.9091142862517821 50 46 35 0.21
1156 0.07448716739868938 0.22975213826158683 0.9132038216828806 26 25 19 0.18
1157 0.3250544912574301 0.209163357048023 1.1006310549766558 100 99 93 0.39
1158 -0.11030782831224872 0.10526677945136816 0.8226165088827918 30 33 30 0.3
1159 -0.057324493592836784 0.04650901237489627 0.8975811466073476 147 145 139 0.12
1160 0.049026395030194125 0.03774517497414153 0.9715806435881402 134 134 133 0.24
1161 0.10911438774162636 0.037868432306357835 1.0008586731233942 168 165 151 0.27
1162 -0.006501430523164524 0.052481707210804474 0.9233978450476044 134 133 124 0.07
1163 -0.08356716626596543 0.06242564570629515 0.8630040679215206 149 150 146 0.29
1164 0.06800237802129758 0.04691460015430307 0.9766410860374268 144 140 133 0.28
1165 0.09659103118932189 0.054666383088742186 0.9953908540134938 142 144 139 0.42
1166 0.031426976133378685 0.06109235430716019 0.9412482719491875 132 124 112 0.28
1167 -0.016957488327360774 0.07057876775356604 0.910415415918341 150 145 137 0.3
1168 -0.05167982107831999 0.07509825672467796 0.882043019553609 138 134 127 0.23
1169 -0.08570711688936002 0.08404980716069416 0.8549005391399804 73 67 56 0.21
1170 -0.04343959073821311 0.08292989062055457 0.8733329846993815 146 147 143 0.23
1171 0.08192362331190833 0.08107532299932368 0.9787814614711108 137 140 136 0.42
1172 -0.042160756984043556 0.08833042431402476 0.8744822998373623 136 135 127 0.25
1173 -0.042160756984043556 0.08833042431402476 0.8744822998373623 136 135 127 0.25
1174 0.08481858048773504 0.08154712677257107 0.9769572906876364 150 148 140 0.3
1175 0.1026060949404704 0.0816665091067161 0.9867728967289788 159 158 152 0.31
1176 0.06055343198126984 0.08964289027527124 0.9558755709331936 103 100 90 0.24
1177 -0.042076633900486625 0.10975574380105131 0.8641016199592615 169 167 158 0.15
1178 0.06452141703679842 0.11334916468123414 0.9471993971425388 120 121 118 0.11
1179 0.06394360181216029 0.12061189976187432 0.9455269374024294 68 65 56 0.29
1180 -0.010950667997531768 0.12408215000380614 0.8912320991625741 103 95 83 0.11
1181 0.02791106426332455 0.1264596642246625 0.9089553836576584 79 71 54 0.15
1182 0.10218189955903992 0.12567878856457257 0.9627548123808868 105 103 93 0.26
1183 -0.0050389683928769614 0.1308812838468725 0.8919422867996464 134 135 132 0.1
1184 0.03201072499065744 0.13159269636813803 0.9072990181359823 168 167 155 0.29
1185 0.31065070261355276 0.13456943439390845 1.1105533752817225 91 88 78 0.16
1186 -0.09068316073935495 0.13825865043808583 0.8253878358423843 153 148 144 0.28
1187 0.22554126393139323 0.1293061576868415 1.0010617668991189 107 107 99 0.19
1188 0.18450870881347797 0.1298598449156463 0.9717035626542873 108 103 92 0.26
1189 -0.015751484268865155 0.14046802486817161 0.882207351546324 144 140 130 0.16
1190 0.18469569923009493 0.13511050714307452 0.9704467098204355 151 149 134 0.36
1191 0.1628601691442985 0.14044353324742676 0.9688869861125765 105 103 95 0.15
1192 0.23666221288562916 0.14294102273673287 1.007367270046456 47 44 38 0.21
1193 -0.012319994784608367 0.15222255334586313 0.8788539511071395 155 153 144 0.21
1194 0.128110078906906 0.1451174911748194 0.927807946395717 121 116 106 0.24
1195 0.10475846577237034 0.15347156231986772 0.9498920159847842 55 54 47 0.14
1196 0.10578605423289258 0.1539293429058591 0.9531001821376621 52 52 47 0.2
1197 0.1488054837956134 0.14745689334750342 0.9413216340039344 136 137 134 0.2
1198 0.2024060239761925 0.14823421022463346 0.9749102576732943 149 146 137 0.17
1199 0.18711498575217858 0.14824156288131146 0.9633341881574017 97 95 80 0.3
1200 0.23341963732560067 0.1527348175627106 1.0018458288375591 143 138 124 0.25
1201 -0.0926819101813663 0.1592288863262291 0.8164733541342203 155 153 148 0.09
1202 -0.08224827485144373 0.16039747096914375 0.8202702494821983 144 137 123 0.22
1203 -0.05497287763400763 0.16188355404173693 0.841913856396507 83 78 66 0.07
1204 0.18695434538560615 0.15946735425509068 0.9603964100324469 60 59 50 0.39
1205 0.09153029312863908 0.1685798596828687 0.9453939574491733 90 91 84 0.1
1206 0.23881335645851223 0.16293522950403375 0.9824001268682286 143 142 129 0.47
1207 -0.0835880127249286 0.1662048154061742 0.8175943619655619 51 42 25 0.12
1208 -0.007030097245742606 0.17114413041835091 0.8736253906957048 121 117 110 0.22
1209 0.3310863181964544 0.18331470197966493 1.1062338803686833 64 64 55 0.28
1210 0.25532962610541177 0.17080452800851867 1.0027194231596708 154 153 144 0.15
1211 0.03407177844752024 0.17397519033595576 0.8921070906694337 122 123 120 0.35
1212 -0.015406334354628924 0.1738204165882097 0.8671098018526465 172 173 167 0.28
1213 -0.07424709440500113 0.17145926814290885 0.8247599027544479 152 140 123 0.17
1214 0.19546409617126356 0.17078447378555592 0.9568950662563537 114 114 111 0.25
1215 -0.07790948642097868 0.1727753570971435 0.8240268050694615 148 142 132 0.39
1216 -0.009086781932105721 0.17889537915244108 0.8689628835427535 152 148 140 0.23
1217 0.09770381737096129 0.18608784932136546 0.9369871341127868 133 135 132 0.16
1218 0.10906517134283929 0.1851809818116697 0.919481573908268 114 114 109 0.23
1219 -0.06496605641682063 0.18417814595217008 0.8274940938849875 41 37 25 0.15
1220 0.011053640948386505 0.1896521696197172 0.8803723994935848 121 116 107 0.35
1221 0.10117858419244269 0.19446134386850053 0.9376082578416578 34 33 25 0.22
1222 0.13959794374433623 0.18614943636149767 0.918165695618308 38 35 28 0.21
1223 0.11371904941063755 0.18885066595840885 0.912912084352927 67 66 57 0.28
1224 0.19423087913794593 0.19438938320004198 0.9454334435995625 139 139 132 0.27
1225 0.049286732848560895 0.19743396852382142 0.9028980003789443 133 124 109 0.33
1226 0.24319807395437584 0.20007391163991178 0.989042730842374 127 124 118 0.09
1227 -0.00013105319036759886 0.19392677311366885 0.8638362163548745 153 151 140 0.28
1228 0.08285042574153123 0.2015316409324637 0.9234008775172119 158 154 139 0.18
1229 0.16881824697754624 0.19784543408590008 0.9406414398641877 135 130 119 0.38
1230 0.048886873307406646 0.20088744697164618 0.8992106439056416 141 136 121 0.27
1231 0.028148254983576763 0.19874995445417334 0.8787827561804299 137 131 120 0.17
1232 0.18453432000136893 0.19996361075205804 0.9439234314460228 110 103 90 0.12
1233 0.03310978758144479 0.19893910706985066 0.8800670039446703 149 148 140 0.21
1234 0.07506818066244877 0.20465199338753887 0.9168034157899841 145 135 118 0.18
1235 0.07500259342077946 0.20455489695294332 0.9164560967286831 161 151 132 0.18
1236 0.15129307549112142 0.20051569531575478 0.9255636311093826 162 152 137 0.39
1237 0.0701495569745388 0.2063747974173528 0.914446056105911 143 134 121 0.23
1238 0.06985783515001207 0.20605613239846426 0.9132387188615986 158 149 135 0.17
1239 -0.0432850626067306 0.1968069171052511 0.8301204931866117 79 74 61 0.17
1240 0.23259204794809807 0.2127121776326779 0.9766257072876627 106 104 91 0.16
1241 -0.04783665429540188 0.2035396365422979 0.8274608404038655 61 50 36 0.24
1242 0.05638010911926478 0.21370443059218053 0.9003738347658646 51 47 38 0.22
1243 0.03141322676961721 0.21022307504879548 0.8772589147523564 52 48 38 0.24
1244 0.02873396479561667 0.21090703968585026 0.8749374923999351 143 135 121 0.22
1245 0.024582843825098406 0.21366406256106302 0.8778362576890952 143 138 128 0.35
1246 0.14962825694408302 0.21451565809580797 0.9208323929409051 155 147 136 0.22
1247 0.2088640308443195 0.2233676975391228 0.9574352011160802 73 68 52 0.23
1248 0.2088640308443195 0.2233676975391228 0.9574352011160802 73 68 52 0.23
1249 0.1365373796167298 0.215824433886486 0.9026831768185059 146 144 139 0.34
1250 0.12876635650800258 0.22019140663060066 0.8973757864643407 45 40 30 0.13
1251 0.13515115526058946 0.22173561543670314 0.9029991533067726 50 47 36 0.47
1252 0.07151215948245894 0.2394723188216018 0.9070200945337813 94 95 85 0.21
1253 0.24425284071566902 0.25328762888384915 0.9731373031082653 78 73 61 0.3
1254 -0.04340375977818682 0.048367586391374215 0.891717835659448 164 160 153 0.45
1255 -0.010109381529374057 0.05615499037200796 0.9206850981728942 150 147 139 0.2
1256 0.10507709243345816 0.04462432766558731 0.999936247076576 128 130 122 0.42
1257 0.06187706307978526 0.06452871491757792 0.965752295594485 162 160 154 0.2
1258 0.15732745677452478 0.06857080951228148 0.9899090938479177 43 42 35 0.44
1259 -0.0014867659562580213 0.08755964445697562 0.917113695639181 71 64 54 0.09
1260 -0.021640883523572244 0.09144433776772355 0.9063573660712947 107 101 89 0.27
1261 -0.0019368170798911687 0.09039438620921472 0.916152929764706 140 135 125 0.31
1262 -0.03737186043801804 0.09344882856758012 0.8746035857303798 31 33 34 0.36
1263 0.10277294378897264 0.09072873827274812 0.9788571082799363 61 61 54 0.2
1264 0.01364287425443298 0.09963341085205643 0.9266531452187775 93 91 85 0.21
1265 -0.0055365079694544685 0.10124186084440538 0.9065057815609247 122 122 114 0.16
1266 0.08926507894109352 0.10501995672969935 0.9753932155368481 74 70 61 0.43
1267 0.20200024834186472 0.09382033631223465 1.0003720617809737 155 151 142 0.17
1268 -0.03479215364133123 0.11831974593354723 0.8703327428173738 71 69 63 0.22
1269 0.06685945023552188 0.1187478433965037 0.9460312292156425 120 119 110 0.16
1270 0.19743488190674208 0.1121514036774765 0.9862831205507854 128 126 117 0.37
1271 0.0791744630847359 0.1276452448914945 0.962888051025691 98 97 93 0.28
1272 -0.09506333518077768 0.13190999909657097 0.8312960033970705 154 153 144 0.27
1273 0.3194714885961667 0.12680033953861117 1.1239449907761074 126 126 114 0.21
1274 0.07326353863323135 0.1323189862422974 0.9471518597665973 30 31 23 0.36
1275 0.31959004570474286 0.13704620374738508 1.1213724882051503 109 107 97 0.13
1276 0.14703752708673604 0.13288700196708686 0.9488558146568951 108 105 91 0.18
1277 -0.04075852238222285 0.14133752842293146 0.8586834893772523 181 181 173 0.45
1278 0.2203762592810128 0.1402946707622596 1.013201796039286 121 116 103 0.36
1279 0.31600145073635333 0.1487619788457695 1.111529480379152 122 123 115 0.22
1280 0.25374977711877567 0.14371833812352483 1.015748941121352 40 39 37 0.27
1281 0.10902836328234443 0.15270127137392675 0.9515355153512729 120 120 114 0.11
1282 0.09532766697479285 0.1558966019242978 0.9566005096132671 153 152 147 0.51
1283 0.14569444943003565 0.15610988883950982 0.9398493648481198 127 121 109 0.27
1284 0.03466497972564698 0.16215477107339504 0.9035137767774623 147 147 138 0.23
1285 0.0341750749379388 0.1618813251144608 0.9013988795559051 141 141 133 0.31
1286 -0.06178514623463287 0.16322041805311535 0.8390630941523503 166 162 156 0.3
1287 0.3241852879142475 0.18015841783753422 1.1153400597384349 69 68 60 0.18
1288 0.15759182983067307 0.16688952398840243 0.9427948602427333 112 112 107 0.2
1289 -0.0888252589816505 0.16839159105488 0.8130687299992533 150 149 142 0.22
1290 0.22665177800621472 0.1737791972680563 0.9924936257754418 147 145 138 0.15
1291 -0.03127885498329746 0.17509231501984737 0.8522129973836409 164 162 145 0.12
1292 -0.08842756490813077 0.18034076933825324 0.8150088897814665 108 106 97 0.2
1293 0.1063543040372928 0.18712090348226693 0.926463713178438 114 115 109 0.18
1294 0.05242400145618317 0.18909308924745005 0.9064276964631651 144 140 129 0.3
1295 -0.08912406292628597 0.18380576639844626 0.8117393877006033 120 113 102 0.13
1296 0.07492326711004624 0.19670667755446444 0.9225935801818961 151 142 126 0.24
1297 0.15936743393551375 0.195103695475099 0.9322238996670927 124 119 108 0.34
1298 -0.02617237893502837 0.1934960943874525 0.85152937791998 42 35 22 0.41
1299 0.028019380255611542 0.195356368069146 0.8791842555511288 91 84 68 0.18
1300 -0.017644036505464495 0.19590680782807118 0.8582019637206897 47 41 30 0.19
1301 0.021637947784567155 0.2030592295418011 0.8802291596784735 66 63 58 0.34
1302 0.053850312643581616 0.21490968103936667 0.9029039096092427 128 124 114 0.16
1303 0.23275409733291097 0.22587759836946172 0.9636587244074136 63 56 44 0.17
1304 0.23275409733291097 0.22587759836946172 0.9636587244074136 63 56 44 0.17
1305 0.09811238386591646 0.22710244121320214 0.9251775219873077 98 96 86 0.13
1306 0.2569849021051271 0.24066621536491123 0.977555667224677 106 104 95 0.1
1307 0.2398228958644746 0.24089014653170382 0.9689143889923924 61 57 47 0.17
1308 0.23421737916545057 0.24817499647442126 0.963624630484933 120 120 108 0.08
1309 0.2009407310953092 0.2716150919084867 0.9229956500186858 23 25 19 0.34
1310 -0.01314403136398707 0.0461070699922357 0.9204617232064104 161 156 149 0.24
1311 -0.006210484648384133 0.047802956064872344 0.9257049834379747 162 157 148 0.25
1312 0.04463424148397853 0.055875675059949566 0.9615533466074765 48 48 46 0.11
1313 0.04696812684837378 0.060744819955160206 0.956075372933971 170 166 156 0.13
1314 0.026789641924296614 0.0646016362478373 0.9390990832039446 162 154 140 0.28
1315 0.054454402632827276 0.06252022865629178 0.9615685533699565 172 165 154 0.06
1316 0.21769541566754516 0.04566635031673691 1.0426917675494052 135 131 118 0.23
1317 0.06871395886456992 0.06590090289173861 0.9713372444595163 168 164 157 0.29
1318 -0.03910885693391345 0.08801296982557122 0.8773766108277659 25 23 17 0.29
1319 0.04721564447039087 0.0833437727530145 0.949299627589446 92 89 80 0.05
1320 0.014949545002847026 0.11996612990324514 0.9170424790535109 102 99 90 0.33
1321 0.10360643571522105 0.11665585807486697 0.9619405924119199 44 43 37 0.31
1322 0.10845965421991537 0.11895681429761568 0.9520027781387936 36 35 27 0.29
1323 -0.06915019378783784 0.1312066709442019 0.849517482871549 140 138 133 0.29
1324 -0.09022712884855384 0.1483645487053703 0.8207683762266731 54 54 51 0.17
1325 -0.03865217518053845 0.15822355195197452 0.8474220853495062 37 34 27 0.21
1326 -0.038708557541057835 0.15821316701309054 0.8469587197338931 37 34 30 0.15
1327 0.3221295564402225 0.1711922798522724 1.111905159255798 79 76 70 0.19
1328 -0.09555554151640833 0.15905885049221527 0.8125155455120547 102 100 96 0.36
1329 0.016294049355543443 0.17454308106499977 0.8884621480482119 43 42 35 0.19
1330 -0.03138960387893754 0.17884456191455497 0.850349104933934 129 124 112 0.2
1331 0.082111930055377 0.19056464861949354 0.9272357303749301 34 35 29 0.13
1332 -0.05277719157070393 0.1850886607514963 0.8351557312452806 54 52 47 0.21
1333 0.1588716856838916 0.20015631052970956 0.9299020716122858 121 113 98 0.31
1334 0.21016387559138924 0.2059023301655402 0.965949838866112 30 27 20 0.1
1335 0.21135805614829814 0.21263229908977951 0.9607615850994613 142 140 125 0.31
1336 0.11032665953819282 0.2229728932471635 0.9147271490774768 44 43 39 0.15
1337 0.03972047604354989 0.23342073281520037 0.8720364061896175 58 58 45 0.37
1338 0.21747686001417413 0.2513002909631681 0.9607595404443616 107 103 92 0.1
1339 0.06684227899086208 0.26602480673509177 0.8480947029841861 39 39 29 0.24
1340 0.0869877023447248 0.04728349271658872 0.9903693502806371 51 49 45 0.12
1341 0.041341820247738026 0.07151704339252335 0.9534789836960611 132 130 122 0.36
1342 0.022467590160122952 0.10224074451352576 0.9197112521651519 108 108 103 0.38
1343 -0.0015128202975834342 0.10875767626642828 0.9081468349318612 23 27 29 0.08
1344 -0.019559954286421204 0.11274065900389871 0.899330644809932 110 106 94 0.16
1345 -0.07031503680018487 0.12156637301555238 0.8580141223139445 115 110 104 0.22
1346 -0.07537372526659196 0.12455961620129202 0.846345762656434 26 29 28 0.28
1347 -0.036925699454787256 0.13284297342646986 0.8628381649926964 29 32 29 0.08
1348 0.1683599238630523 0.12639476659760987 0.9791567652537572 27 25 19 0.27
1349 0.1676003090075177 0.12610226397177873 0.9771014871306407 30 27 21 0.3
1350 0.17209011431673643 0.1450612658507954 0.9714309897407105 130 124 109 0.13
1351 -0.08868855193485697 0.15144417538755164 0.8221112892538476 118 120 111 0.25
1352 -0.017695016006598445 0.16672382932387203 0.8682455416223419 41 41 35 0.2
1353 -0.017682816255181873 0.1667377872914747 0.868304541587088 39 40 33 0.23
1354 -0.008424754764958778 0.20335060621480552 0.860953413650693 43 39 30 0.3
1355 0.09020120118518461 0.2352715174770571 0.9244585829835811 98 95 81 0.19
1356 0.25040731252565535 0.26619921689146503 0.9752381863409736 110 107 98 0.29
1357 0.05601344342948743 0.25855302675488606 0.8936147037050286 107 103 89 0.27
1358 -0.0332647927813648 0.053660183073231206 0.9079918897048681 134 130 122 0.31
1359 -0.033703683756069955 0.05916225971447274 0.9043472345508069 137 135 129 0.47
1360 0.0038888913853420744 0.0856367276005658 0.9229263551617201 144 136 127 0.3
1361 0.04825719804276186 0.10506943012892413 0.95022888371425 174 170 164 0.32
1362 0.15854543947749936 0.09241251193603141 0.9833891339307141 135 133 128 0.45
1363 0.15730985832160604 0.0922105169820408 0.979895437834076 129 124 117 0.53
1364 0.24408456851309945 0.09867435474808633 1.0311926737286956 79 76 66 0.35
1365 0.14534997810018338 0.11893487948443615 0.9512654525641981 52 48 42 0.27
1366 0.1431011451443788 0.11837631072312059 0.9448113995819288 55 52 46 0.22
1367 -0.07283532900899618 0.14344890860875195 0.8375670691537572 148 148 144 0.17
1368 0.00900458083696785 0.14489437555292253 0.9012679726350737 49 54 51 0.23
1369 0.008272574722327728 0.14446702331011202 0.8979151866696743 34 35 31 0.25
1370 0.24773108628943616 0.16886674845735372 1.00159044044394 148 144 137 0.66
1371 0.30408102700362055 0.22021859499140042 1.0779628172522426 173 173 172 0.44
1372 0.047600605578046296 0.22863641754715644 0.8907446654578126 16 20 19 0.52
1373 0.1802826149986978 0.2812367216218409 0.9164716048420692 107 105 100 0.28
1374 -0.06983424602343064 0.06787488657256008 0.8788257592257469 132 126 114 0.33
1375 0.10122782752049805 0.06686739113610705 0.9905273059975547 127 126 117 0.25
1376 -0.07489503584754088 0.08272873225207086 0.8691708609542326 26 25 25 0.35
1377 -0.0744830656175653 0.08286385492030589 0.8732363711609836 28 30 28 0.47
1378 -0.024315123619199488 0.09577360889958475 0.9061787329445855 16 18 13 0.21
1379 0.008697019042260713 0.10293796096848368 0.9190151692800907 11 11 6 0.24
1380 0.03172506689095616 0.11272267055903282 0.9166773088667082 164 162 160 0.14
1381 0.16027508616222724 0.11703380832952519 0.9695822779806106 184 179 171 0.3
1382 -0.02515596579871932 0.13701426678407772 0.8800168561190048 42 48 44 0.21
1383 0.2175089651638639 0.15013308630617703 0.9981966289725122 101 96 87 0.42
1384 0.199813164494291 0.26794381041138654 0.9414817309785017 158 154 151 0.87
1385 0.03451227276645224 0.131275865919907 0.9123934417742251 137 137 129 0.37
1386 0.2278523507260283 0.14959292704006763 1.0021997250367913 158 157 153 0.24
1387 0.2395416364259914 0.17289800500598973 1.0010360184534486 66 62 56 0.34
1388 0.23969913058724504 0.17293138013707893 1.001539884178332 58 53 45 0.33
1389 0.18848810945243344 0.18759400860430298 0.9411163290495996 130 129 124 0.34
1390 0.19491134283315661 0.1190130157443224 0.9860449763624928 128 124 114 0.4
1391 0.1898561969939361 0.14087031980982392 0.970990732383569 161 160 147 0.4
1392 0.14618623263127034 0.26748520544545773 0.897324499549729 143 142 133 0.41
1393 0.31397740724760437 0.19138652326758882 1.0963811684797828 32 29 24 0.15
1394 0.06008896525039536 0.16387771577816745 0.9214816487439261 117 114 108 0.35
1395 0.19753467952507917 0.20329647601839698 0.9462621089002936 107 102 93 0.33
1396 0.1360743375614766 0.17931533670673971 0.9127738987672087 105 104 98 0.29
1397 0.24587741615770342 0.10891194514003466 1.0220764785786343 138 135 129 0.18
1398 -0.11799308653024605 0.0657621196808618 0.8271621159486013 118 116 116 0.25
1399 -0.12514165408030753 0.1274851734531385 0.8076307460082257 133 133 134 0.36
1400 -0.09951693552493995 0.15129768038594527 0.8149683384082749 87 84 77 0.27
1401 -0.025257860966335564 0.18015637743915963 0.8545087546912142 138 135 132 0.12
1402 0.059876280475814884 0.1992504448336022 0.9088678941042624 132 126 117 0.25
1403 -0.11833626895904248 0.17321554732793848 0.782257259504263 52 51 49 0.11
1404 0.21733312850645836 0.2948356662269511 0.9293359504930565 54 55 56 0.14
1405 -0.15902225621676974 0.13256692112696009 0.7831598076761657 41 44 44 0.03
1406 -0.13291448420284 0.1387826207870496 0.7982901218718439 37 36 31 0.25
1407 -0.0009279028146334217 0.17047761607048964 0.8773052913513887 26 24 19 0.07
1408 0.3210285191105929 0.22434735973279735 1.0959405460596612 51 55 61 0.49
1409 0.3069981225971183 0.23560673274947522 1.0720615018795399 79 78 74 0.31
1410 -0.06991912969269896 0.19657388410181534 0.8225989778709311 75 76 72 0.2
1411 0.06877701606567635 0.25621520697342925 0.8894077910740398 62 67 66 0.13
1412 0.00999204630707526 0.11917419219202946 0.9173711315077121 18 18 18 0.18
1413 0.025179614520174136 0.142126017018934 0.9042280694722182 122 118 110 0.25
1414 0.12660877608172902 0.22100093246989902 0.8991122635047074 43 41 33 0.36
1415 0.05799706987509305 0.06923057035224935 0.9605490873086939 70 70 68 0.31
1416 -0.14820321999757435 0.17719368075820702 0.781116924010024 15 17 15 0.37
1417 -0.01794926288798385 0.05064789954621654 0.9148862378099196 72 71 68 0.22
1418 0.07506443170809417 0.06733495403301651 0.9757024123429675 143 140 136 0.29
1419 -0.12019187430526457 0.1391034709427849 0.7988887746854739 49 47 38 0.29
1420 -0.10384078903022027 0.1911777473586292 0.7972307585456532 88 87 89 0.35
1421 -0.10679280049476045 0.19820352861472018 0.7929810704672218 20 25 27 0.25
1422 -0.12112983076857278 0.224057229041727 0.7301172675683534 97 100 98 0.51
1423 -0.14949324241982637 0.08022454636952561 0.819718875693872 30 34 39 0.37
1424 -0.09891627096305765 0.11873551555582869 0.8332056894008794 35 40 44 0.31
1425 -0.14862123971980204 0.20079368518467866 0.7728986190625323 17 17 16 0.31
1426 0.07626605014820725 0.16937867695071387 0.9376661800544317 126 127 125 0.35
1427 0.13073630162403543 0.06859790157137165 0.9530689032877757 156 154 147 0.73
1428 -0.14736462794324248 0.10963262594570305 0.8066938094555535 77 80 85 0.7
1429 0.16583152465383832 0.2017381461442037 0.9347995433611093 156 147 134 0.08
1430 -0.1728291211026007 0.07513637299942763 0.8057188542826712 34 35 39 0.23
1431 0.04886052732290066 0.11349928321211138 0.9464072729910912 34 33 30 0.27
1432 0.21412993433914762 0.11456325521441019 1.0116150362926413 108 102 93 0.35
1433 0.22671789841799292 0.2529943963441588 0.951973317318056 88 82 66 0.32
1434 0.10083584974994625 0.07076671167466059 0.9876725984675695 129 129 120 0.4
1435 0.15022613035073684 0.08266240056118176 0.9741434307893152 119 115 102 0.21
1436 0.12013990843007996 0.12919653193086594 0.9280246422613265 69 63 50 0.15
1437 0.12083769230184883 0.13352504365551346 0.9279200886026842 106 99 80 0.09
1438 0.17605114088723303 0.1996212918658484 0.9427460167477353 119 114 101 0.31
1439 0.017413199215330185 0.2005372863678391 0.8770897570613596 60 55 47 0.3
1440 0.06350554252336559 0.21357362139998998 0.9067442162796376 128 126 119 0.34
1441 0.16356644086120256 0.08336737945580934 0.9858575702873589 146 140 129 0.27
1442 0.1898385647618122 0.1291685115551807 0.9733452286279703 133 131 124 0.28
1443 0.12492348173930537 0.14087362849033472 0.9257599394659501 61 57 49 0.25
1444 0.18964935260555335 0.19625256255094436 0.9450569247049219 107 103 95 0.08
1445 0.10142687215042186 0.19733222765042474 0.9358575480525267 47 43 33 0.24
1446 0.17292974059346825 0.20176791199525038 0.9424004753555443 88 82 66 0.21
1447 0.24521832356304915 0.22417763274612634 0.9781849259799407 79 71 57 0.15
1448 0.1805198091619189 0.24705105058053622 0.9253573691961825 81 73 58 0.14
1449 0.19300381916232306 0.17534846080635735 0.9562377550744111 70 66 58 0.21
1450 0.1839208928536633 0.23151947462430925 0.931324773101593 46 44 36 0.1
1451 -0.16883664644774465 0.06059593339910127 0.8113782315045925 94 89 76 0.31
1452 0.020005647888460116 0.13609060052968697 0.9136968857457766 93 87 70 0.35
1453 -0.013502750592151041 0.1695350843177795 0.8688925769168417 146 145 141 0.2
1454 -0.07675836408767964 0.10435955264023195 0.8418191695922461 26 26 24 0.74
1455 0.17638899328218693 0.18142060871880963 0.9558663983322044 76 73 67 0.45
1456 -0.11549990582294788 0.11478112227344762 0.8171943934854327 140 139 132 0.17
1457 -0.10981725849619486 0.11520397848437376 0.8251144424193827 26 28 28 0.19
1458 -0.1045013615279849 0.12373429039640561 0.8334407177919442 122 120 114 0.27
1459 0.13125237965431924 0.04833323245711571 0.9676331884333018 174 165 151 0.25
1460 0.08962037726651127 0.06647633975571846 0.9846239863073373 158 156 146 0.12
1461 0.09742401027282921 0.06740889310392349 0.9928890003646931 159 157 147 0.41
1462 0.10374620657327926 0.07066274416800299 0.990289673148503 130 126 114 0.32
1463 0.21885547865597632 0.07018184361304179 1.0336105783483507 134 128 114 0.26
1464 -0.12168792772657866 0.07142292715517384 0.8250587571772927 118 109 96 0.1
1465 0.12315845719362006 0.08770884458748371 0.943677625761873 119 111 96 0.24
1466 -0.12977076622939243 0.1193903979768714 0.8092795004393482 153 148 137 0.23
1467 -0.12017122741344459 0.15114232484947285 0.7925331035966584 167 154 123 0.27
1468 -0.12017122741344459 0.15114232484947285 0.7925331035966584 167 154 123 0.27
1469 -0.10954550148836559 0.1584737746785403 0.8013147976012857 149 138 113 0.34
1470 -0.12424234047599367 0.16063896796763885 0.7932142015025119 123 115 102 0.19
1471 -0.03147922169742023 0.17866472933591956 0.8496601292619259 167 161 138 0.1
1472 0.184537346270723 0.1973965189058972 0.9453590386510655 42 38 25 0.29
1473 0.10336891721916999 0.20576294629193476 0.9279386257321812 103 98 83 0.18
1474 0.031031406526262136 0.21430121403955002 0.8748146652402845 78 71 52 0.27
1475 -0.08287870240526213 0.20171909468602942 0.8031212232945648 155 146 128 0.13
1476 0.10929145743196471 0.2396437269969983 0.9157311791852069 119 119 109 0.37
1477 -0.06390617834791061 0.045385841255728664 0.889771747928564 170 162 148 0.16
1478 -0.12106984217250162 0.1054811136552698 0.8141573052172553 132 126 112 0.08
1479 -0.0785058784077802 0.12209182168469536 0.8486722810965187 126 128 128 0.32
1480 -0.005615010150957508 0.1710643847212222 0.8696200514218375 126 122 109 0.21
1481 0.14431029676402904 0.17886883352737212 0.9235362803552324 88 84 73 0.17
1482 0.0014799145021440053 0.22168601685454162 0.873549082820072 26 27 20 0.24
1483 0.04729615539622947 0.08915840406807832 0.9501006053966664 50 43 32 0.17
1484 -0.11562884540683145 0.18233353436825894 0.7825669217949153 137 134 116 0.27
1485 -0.059586955975769365 0.07280039939096146 0.8799677361695907 94 88 79 0.37
1486 0.04801311050624959 0.2380192640978459 0.8872798492723615 13 13 10 0.13
1487 0.1801691512962668 0.21693406779334606 0.936998376707103 95 91 82 0.12
1488 0.08978323152010903 0.05726013715441721 0.9891242340487366 138 140 138 0.32
1489 -0.024227939139461134 0.15606738623757557 0.8695835167550241 151 150 147 0.23
1490 0.15077454253894798 0.22108522499545916 0.9169632417857922 109 108 106 0.23
1491 0.12119421601501588 0.037766626234388215 0.9684866491590842 16 16 18 0.31
1492 -0.04371283967925837 0.043428481953382496 0.8944232592045073 143 137 126 0.18
1493 -0.0477789233890103 0.04460769180617399 0.8940958091756003 144 138 130 0.19
1494 -0.025977095069214858 0.056906147208385056 0.9103913121189958 64 57 47 0.1
1495 -0.004882424177930485 0.059539551754887544 0.9226062010692093 154 148 138 0.29
1496 0.16262007794870598 0.06799027387907432 0.9961489968282397 112 109 104 0.28
1497 -0.10080268683378463 0.0636180164810395 0.8623085415152565 76 72 59 0.23
1498 0.24460178021623577 0.0736244356030787 1.042368318187564 168 164 153 0.21
1499 -0.12125718178210845 0.09221252637935978 0.8151570106659439 147 133 114 0.15
1500 -0.026919379233450197 0.14621604567771265 0.8706813269353988 95 91 82 0.09
1501 -0.07828197882416281 0.1534379182646081 0.8311034601539045 127 125 115 0.16
1502 0.030043224212273685 0.1713109666435807 0.8892968935055927 145 140 133 0.28
1503 0.11830655871409283 0.17681011249323597 0.9138119108737569 83 80 73 0.12
1504 0.1106607665834308 0.18529044393153857 0.9165528031795857 24 19 14 0.09
1505 -0.10077663821986188 0.16223453893119164 0.8094358420996076 150 142 132 0.12
1506 0.019054547435104416 0.1900157216486234 0.8815549024985582 115 107 90 0.18
1507 -0.108680379887399 0.17333689322435195 0.7974207752017747 32 25 16 0.29
1508 0.06956336942039691 0.2024136474941681 0.9125848124636091 156 148 132 0.25
1509 0.11034570142089027 0.2106408821883122 0.9049546469843958 130 127 118 0.11
1510 0.10691920048709831 0.03424801890503535 1.0098090497707177 179 180 173 0.06
1511 0.10725954976713588 0.04209341916925637 0.9999280499255279 76 76 68 0.19
1512 0.05381305023407212 0.04276770970253687 0.9670935974112546 161 168 167 0.35
1513 -0.025808317556947583 0.0624566191493814 0.9078762606780966 151 146 136 0.2
1514 0.24246657736695898 0.07183536292072855 1.0456060086935033 138 131 119 0.14
1515 -0.15680060083842895 0.06497604284345035 0.8075048242021752 155 149 141 0.24
1516 0.06474073883708567 0.07528049385903562 0.9654731647238143 158 156 151 0.18
1517 0.12842592353376606 0.11530652431213904 0.9381472504765783 107 106 96 0.23
1518 0.10528357363769755 0.12707899770458791 0.9632400557593873 40 36 29 0.14
1519 -0.05002535532644302 0.12291974601916693 0.8620535993645401 156 150 142 0.16
1520 -0.04994805044557217 0.12769448998464716 0.8602867371935601 133 133 126 0.23
1521 0.3299396298678262 0.17792509771760295 1.1043527486829205 37 34 29 0.23
1522 -0.11935446788711927 0.13529908934985163 0.7974892642082799 126 122 114 0.18
1523 -0.16797037641607593 0.13431544549021293 0.7740780492031099 69 61 50 0.23
1524 -0.13980486635157172 0.15414812507485373 0.7826129335975162 141 133 122 0.25
1525 -0.11713307153924854 0.1678601880415117 0.7861503372986953 112 109 103 0.17
1526 0.12030122550705881 0.23100062132228016 0.899447650223169 47 46 34 0.13
1527 0.03673475400775384 0.047866680349483395 0.9567671687024197 37 36 35 0.23
1528 -0.13422893893782553 0.08483637026326431 0.8282251042190071 137 127 111 0.19
1529 0.1482764367473062 0.11037558341391407 0.9584877009346615 161 159 150 0.3
1530 0.06587972312741934 0.11678261866889927 0.9514463879511591 20 15 13 0.27
1531 -0.1676242745762684 0.12993955754435768 0.7744800950558487 34 31 24 0.25
1532 -0.10717370849476408 0.1446335080689216 0.8133533147792945 33 29 25 0.08
1533 -0.07543013996525845 0.1522416246225749 0.8317016960437181 33 32 28 0.2
1534 -0.18566538795529944 0.1534011653032515 0.7441361515875503 109 108 102 0.34
1535 -0.1457707512870231 0.16283295357608785 0.7782093305876132 59 55 50 0.21
1536 0.006094261473875002 0.19170417731067801 0.8754180803281311 144 139 129 0.32
1537 0.0041978955825055855 0.20241544304651207 0.8714005777447151 122 115 100 0.15
1538 0.004008586422262215 0.2021358822876698 0.8700439964028579 134 126 117 0.32
1539 -0.12970402126996353 0.08634518034589671 0.8282300893456838 113 109 93 0.24
1540 -0.15824486360048648 0.0957312242708582 0.7997573879926652 59 57 50 0.29
1541 -0.1720964252234932 0.10383947898549405 0.7960322315537777 43 46 44 0.29
1542 0.05921613142207185 0.1335269947080707 0.9483267577419968 96 91 82 0.34
1543 0.14418145228892593 0.14072382492386332 0.9405250569871604 56 52 40 0.21
1544 0.14421133575429462 0.14073043869063684 0.9405694246909813 57 53 41 0.26
1545 -0.17050051679539893 0.16001239143771645 0.7629008255832767 116 116 106 0.28
1546 -0.15310020807501556 0.09675343573710687 0.8004951513569546 120 121 119 0.35
1547 0.07140648153813832 0.08657706025177443 0.9682501610928855 137 139 131 0.25
1548 0.023588710074872347 0.1081263955880273 0.9201273360358658 160 159 152 0.19
1549 -0.08921260171858757 0.09699872320858341 0.8484943595494324 124 124 119 0.23
1550 0.1624896037800495 0.06800475132552815 0.9958231458439174 116 113 108 0.23
1551 0.11852445198095621 0.12293850196357645 0.9328725050550164 77 75 70 0.13
1552 -0.10983011504868095 0.1405721108881844 0.8091626264518478 122 120 117 0.26
1553 -0.03000877103959606 0.19436687908907846 0.8512056797665126 131 128 121 0.15
1554 -0.16089566313341297 0.21566850715304486 0.7050849182339536 73 69 60 0.14
1555 -0.05662773476241947 0.24063130488420764 0.7673354120845993 93 88 83 0.12
1556 -0.11638310512815274 0.101360395169321 0.8157715194157541 177 183 185 0.08
1557 -0.11638310512815274 0.101360395169321 0.8157715194157541 177 183 185 0.08
1558 -0.15013389095110183 0.13469991884863963 0.7877309302285377 46 46 44 0.18
1559 -0.08083409567994858 0.16388708899447801 0.8186871234244124 155 153 144 0.1
1560 -0.19525221150087754 0.15784993318342155 0.7354696814536472 109 106 100 0.18
1561 0.16041170255383905 0.2147043599916298 0.9282397103222878 98 91 79 0.16
1562 -0.02398855267681411 0.13792777108885806 0.8856046122991578 42 45 44 0.7
1563 0.13365240891170663 0.15031757839110496 0.9253002408185802 126 123 116 0.21
1564 -0.07835801989331385 0.0488711536932587 0.8788544169588864 164 165 159 0.42
1565 -0.03327742949137411 0.05364566077006928 0.9080172570939373 139 135 126 0.28
1566 -0.025726890017294623 0.16491799768634666 0.8646067059246583 37 33 21 0.36
1567 -0.08783789262453523 0.1871330863076414 0.8116146980961514 121 114 101 0.13
1568 -0.10209268862567299 0.2016085164041923 0.7877561789154686 18 27 28 0.72
1569 0.0084135969533544 0.04382270217382946 0.9387894457991924 161 162 156 0.14
1570 0.08200958373153452 0.09177081178394787 0.9716219445353584 78 76 73 0.12
1571 0.10540923591389244 0.12715612766264195 0.9636142162570683 39 37 31 0.09
1572 0.1945462983629501 0.12735183528204727 0.9746332034992576 31 28 20 0.17
1573 0.14653707377330966 0.2782423991284861 0.8946365339251597 63 58 48 0.2
1574 0.21345111294309835 0.26481377001149475 0.9454991366977514 104 101 92 0.6
1575 0.3009020156598348 0.3027001784004675 1.0310222235759596 132 133 134 0.33
1576 0.03782808580808236 0.16156154043170287 0.904553169409283 99 98 88 0.02
1577 0.23623032606624653 0.19584629239060616 0.9885944259228312 111 110 102 0.32
1578 0.09313305835606078 0.2646413427281573 0.925158107681498 110 109 97 0.24
1579 0.11601608329058304 0.27647615050985364 0.8745652639397977 40 39 32 0.41
1580 0.1461063070890783 0.05476085532574205 0.977671464530479 150 146 142 0.31
1581 0.00698451627393586 0.21513875919184142 0.8710992035340092 11 11 6 0.23
1582 -0.07358256219076147 0.16402136412172155 0.8259167580484494 180 176 160 0.34
1583 0.12117922009237604 0.037538406795058224 0.9690188997700607 11 12 6 0.25
1584 0.0981776842047316 0.14413444792668612 0.9569788818057525 129 134 128 0.23
1585 0.08570701079032146 0.24554554786691857 0.9147510833587187 31 33 27 0.26
1586 -0.08784011839401125 0.17616492137708226 0.8135572749247425 48 45 37 0.34
1587 -0.14833909525255098 0.07395118837521682 0.8201289660550273 40 49 52 0.2
1588 -0.181894132167369 0.10263684914371157 0.7930861847037467 38 44 44 0.22
1589 -0.18297391432730603 0.07219785653613917 0.800464837293505 32 36 35 0.13
