{
    "merging_metrics": {
        "merge_success": 1.0,
        "merge_child_count": 1.0,
        "child_camera_counts": {
            "summary": {
                "min": 62,
                "max": 62,
                "median": 62.0,
                "mean": 62.0,
                "stddev": 0.0,
                "len": 1,
                "invalid": 0,
                "quartiles": {
                    "q0": 62.0,
                    "q1": 62.0,
                    "q2": 62.0,
                    "q3": 62.0,
                    "q4": 62.0
                }
            },
            "full_data": [
                62
            ]
        },
        "child_camera_overlap_with_parent": {
            "summary": {
                "min": 56,
                "max": 56,
                "median": 56.0,
                "mean": 56.0,
                "stddev": 0.0,
                "len": 1,
                "invalid": 0,
                "quartiles": {
                    "q0": 56.0,
                    "q1": 56.0,
                    "q2": 56.0,
                    "q3": 56.0,
                    "q4": 56.0
                }
            },
            "full_data": [
                56
            ]
        },
        "number_images_merged": 71.0,
        "number_cameras_merged": 68.0,
        "number_tracks_merged": 2006.0,
        "3d_track_lengths_merged": {
            "summary": {
                "min": 3,
                "max": 47,
                "median": 5.0,
                "mean": 7.651046859421735,
                "stddev": 6.874959722590083,
                "len": 2006,
                "invalid": 0,
                "histogram": {
                    "3": 329,
                    "4": 243,
                    "5": 155,
                    "6": 106,
                    "7": 84,
                    "8": 75,
                    "9": 58,
                    "10": 65,
                    "11": 37,
                    "12": 27,
                    "13": 29,
                    "14": 33,
                    "15": 27,
                    "16": 15,
                    "17": 12,
                    "18": 13,
                    "19": 11,
                    "20": 17,
                    "21": 15,
                    "22": 13,
                    "23": 9,
                    "24": 8,
                    "25": 9,
                    "26": 7,
                    "27": 7,
                    "28": 6,
                    "29": 6,
                    "30": 3,
                    "31": 1,
                    "32": 3,
                    "33": 2,
                    "34": 4,
                    "35": 3,
                    "36": 0,
                    "37": 2,
                    "38": 7,
                    "39": 1,
                    "40": 1,
                    "41": 5,
                    "42": 2,
                    "43": 1,
                    "44": 0,
                    "45": 1,
                    "46": 1
                }
            }
        },
        "reprojection_errors_merged_px": {
            "summary": {
                "min": 0.0004955350467623762,
                "max": 2.984020802003807,
                "median": 0.2968425730681511,
                "mean": 0.3709150683215299,
                "stddev": 0.3013229351348813,
                "len": 15348,
                "invalid": 0,
                "quartiles": {
                    "q0": 0.0004955350467623762,
                    "q1": 0.17520392600002058,
                    "q2": 0.2968425730681511,
                    "q3": 0.4706024763625509,
                    "q4": 2.984020802003807
                }
            }
        },
        "rotation_angle_error_deg": {
            "summary": {
                "min": 0.017317315563559532,
                "max": 5.211529731750488,
                "median": 0.1363893747329712,
                "mean": 0.31993961334228516,
                "stddev": 0.8099615573883057,
                "len": 71,
                "invalid": 3,
                "quartiles": {
                    "q0": null,
                    "q1": null,
                    "q2": null,
                    "q3": null,
                    "q4": null
                }
            }
        },
        "translation_error_distance": {
            "summary": {
                "min": 0.002343461848795414,
                "max": 4.000948905944824,
                "median": 0.029722802340984344,
                "mean": 0.1135641559958458,
                "stddev": 0.489032506942749,
                "len": 71,
                "invalid": 3,
                "quartiles": {
                    "q0": null,
                    "q1": null,
                    "q2": null,
                    "q3": null,
                    "q4": null
                }
            }
        },
        "relative_translation_angle_error_deg": {
            "summary": {
                "min": 0.02463914267718792,
                "max": 151.0064697265625,
                "median": 1.4418299198150635,
                "mean": 5.096057891845703,
                "stddev": 13.146721839904785,
                "len": 2485,
                "invalid": 207,
                "quartiles": {
                    "q0": null,
                    "q1": null,
                    "q2": null,
                    "q3": null,
                    "q4": null
                }
            }
        },
        "translation_angle_error_deg": {
            "summary": {
                "min": 0.0058128722012043,
                "max": 9.09106731414795,
                "median": 0.23715996742248535,
                "mean": 0.6144022345542908,
                "stddev": 1.4157112836837769,
                "len": 71,
                "invalid": 3,
                "quartiles": {
                    "q0": null,
                    "q1": null,
                    "q2": null,
                    "q3": null,
                    "q4": null
                }
            }
        },
        "relative_rotation_angle_error_deg": {
            "summary": {
                "min": 0.011661465279757977,
                "max": 9.62971019744873,
                "median": 0.2146284282207489,
                "mean": 0.5388569831848145,
                "stddev": 1.1126761436462402,
                "len": 2485,
                "invalid": 207,
                "quartiles": {
                    "q0": null,
                    "q1": null,
                    "q2": null,
                    "q3": null,
                    "q4": null
                }
            }
        },
        "pose_auc_@1.0_deg": 0.1713,
        "pose_auc_@2.5_deg": 0.3722,
        "pose_auc_@3.0_deg": 0.4164,
        "pose_auc_@5.0_deg": 0.5323,
        "pose_auc_@10.0_deg": 0.6642,
        "pose_auc_@20.0_deg": 0.7573,
        "pose_auc_constructed_only_@1.0_deg": 0.1869,
        "pose_auc_constructed_only_@2.5_deg": 0.406,
        "pose_auc_constructed_only_@3.0_deg": 0.4542,
        "pose_auc_constructed_only_@5.0_deg": 0.5807,
        "pose_auc_constructed_only_@10.0_deg": 0.7246,
        "pose_auc_constructed_only_@20.0_deg": 0.8261,
        "focal_length_error_px": {
            "summary": {
                "min": 3.9989593029022217,
                "max": 500.422607421875,
                "median": 192.1297149658203,
                "mean": 241.6278076171875,
                "stddev": 139.83721923828125,
                "len": 68,
                "invalid": 0,
                "quartiles": {
                    "q0": 3.9989593029022217,
                    "q1": 134.8585090637207,
                    "q2": 192.1297149658203,
                    "q3": 386.65887451171875,
                    "q4": 500.422607421875
                }
            },