# 3D point list with one line of data per point:
#   POINT3D_ID, X, Y, Z, R, G, B, ERROR, TRACK[] as (IMAGE_ID, POINT2D_IDX)
# Number of points: 10797, mean track length: 6.43
0 0.07225545226312846 -0.2113706978944516 1.067051900632127 86 63 48 0.5
1 0.07003807480825086 -0.2272287748811367 1.152187930855148 75 71 73 0.57
2 0.05607235927352455 -0.1442546868454448 1.018849426458491 92 62 42 0.33
3 0.1268222162312536 -0.08467798706407226 1.04615180003497 144 109 75 0.29
4 0.067376802731198 -0.2082746444322932 1.063855143533638 138 109 72 0.35
5 0.06867114180858697 -0.1825932371169195 1.04507793186892 119 77 42 0.59
6 0.09548012677127449 -0.1885978381491358 1.075189992575941 126 95 73 0.48
7 0.08808923709442745 -0.175078783179295 1.062980998340119 86 61 47 0.4
8 0.109933421246847 -0.1806835192004957 1.086563803677037 108 76 47 0.34
9 0.1117531416222148 -0.1504624475844938 1.076750129632891 115 85 58 0.48
10 0.05339362617982701 -0.105489952087754 0.9961113357637514 117 83 57 0.45
11 0.3439125332268063 0.2059762996278426 0.7840139164600787 124 95 57 0.47
12 0.08790715872499555 -0.2321658692863557 1.089005629484904 119 90 67 0.48
13 0.05470710797810063 -0.1981101182311851 1.043453519548756 148 112 74 0.41
14 0.08098910523839437 -0.183732710830404 1.058513773348567 110 76 43 0.52
15 0.09089430928330983 -0.1555518754379384 1.057379707305361 106 74 51 0.34
16 0.04618532627408067 -0.1624891689472143 1.021975554566786 144 103 62 0.41
17 0.0590186544659968 -0.1434483455630576 1.022993141400907 92 62 41 0.44
18 0.08616733080404687 -0.1394505353152868 1.038948671169411 102 64 39 0.43
19 0.07717832286616255 -0.1368519342120332 1.034291967841855 130 88 65 0.31
20 0.05779610725040008 -0.124353086890201 1.01138159351936 109 73 46 0.34
21 0.09204142185521319 -0.1158159200315133 1.035962643414183 92 59 40 0.31
22 0.087203910383501 -0.09542618721891144 1.011515126591267 157 106 62 0.89
23 0.08545462985644681 -0.0930593901806327 1.013606869341809 97 63 41 0.35
24 0.09791746821764169 -0.09042890486258781 1.022697319204601 105 69 43 0.24
25 0.09432800043091077 -0.09032633728349182 1.029856481025517 65 40 30 0.51
26 0.1453435397994165 -0.05406078343370713 1.053616186800022 75 42 27 0.33
27 0.1523211733154533 -0.04838790380908559 1.060279292012244 153 106 60 0.27
28 0.1015599269759702 -0.05526064092442406 0.9954436657331871 155 108 64 0.74
29 0.1060033806554481 -0.06501108872448108 1.019266077112133 73 44 29 0.53
30 0.1446277490929898 -0.05027975149991998 1.053618877696237 79 49 33 0.43
31 0.1567828017061625 -0.03867535427724278 1.055563359796478 118 85 57 0.38
32 0.1187811757725089 -0.03322241961474015 0.9611689881746251 150 110 74 0.36
33 0.1557460442785271 -0.01977178450962858 1.039996045374797 133 92 60 0.43
34 0.165250714062293 0.02934361811358441 1.037299480253291 107 72 45 0.38
35 0.1874346388633599 0.08918739537659512 1.019594543480202 135 102 64 0.78
36 0.04313149898067703 -0.2182283227315994 1.04965973783297 84 61 49 0.63
37 0.08593109405853938 -0.1824995704857067 1.060350008103005 141 103 67 0.53
38 0.03683097905865673 -0.1817073132767497 1.026808799182523 125 98 86 0.93
39 0.01502241498721502 -0.04977972013449522 0.9369133213143208 210 223 227 0.57
40 0.05851232835975162 -0.1201653086805028 1.007808660295437 148 107 68 0.3
41 0.0750910728097422 -0.1175202186466336 1.026942794710191 167 126 80 0.64
42 0.06473780375236254 -0.07742202647704022 0.9868238124593116 153 104 61 0.44
43 0.4509545152147766 0.1606231052887819 0.6446470627850815 118 90 54 0.87
44 0.4983494515963062 0.205234679849557 0.5738947988759819 116 85 49 0.73
45 0.423015464138457 0.1786594105268251 0.675001900265792 96 68 43 0.56
46 0.07309459590744993 -0.1106442512433474 1.017111872162183 101 65 36 0.69
47 0.1146237514156908 -0.06497244914364425 1.026416674249907 138 88 48 0.43
48 0.4401664980527861 0.1957161138019043 0.6484107990166921 133 108 78 0.17
49 0.399583471505025 0.1929801133152181 0.7016873717069976 148 108 62 0.38
50 0.3304210129313817 0.2255314560698073 0.7965141623705856 49 29 18 0.62
51 0.4589886736873673 0.1730346824809695 0.6257051788871316 134 91 45 0.23
52 0.4504260536518474 0.1704330465734397 0.6388739135151124 99 77 45 0.25
53 0.4499072114413685 0.1790025323381139 0.6369508613837943 113 86 53 0.28
54 0.422745712856871 0.1911464082898012 0.6687399985935339 69 44 23 0.47
55 0.3751260549406164 0.1854059438153394 0.7385547260180612 101 76 52 0.67
56 0.4763856416438866 0.1641485476786837 0.6073547784134221 134 109 80 0.29
57 0.475837693890747 0.1694812676844775 0.6060476424370761 122 92 57 0.54
58 0.4760175760585648 0.173133728464529 0.6024699740616926 128 93 60 0.23
59 0.4775595499030349 0.1777999218437576 0.5983579287859147 132 104 69 0.33
60 0.4753236662116996 0.1746125103656607 0.6046714571018003 137 105 67 0.41
61 0.1418690025495489 -0.03151036423671766 1.024294572068233 175 138 110 0.58
62 0.4500434896840443 0.1721164165727698 0.6401404723662169 73 51 32 0.38
63 0.4616574534984546 0.1808635647963416 0.619880972367278 108 79 38 0.34
64 0.4493000833465609 0.1782183327731036 0.6390703617746235 75 54 32 0.44
65 0.4582465074903659 0.1886508365045429 0.6150782310321452 122 98 72 0.44
66 0.4495627771394976 0.1837958835222783 0.6353379249025921 119 92 54 0.5
67 0.4477265389008112 0.188289274610889 0.635191616874874 136 98 49 0.48
68 0.4146306377564339 0.2204459577771208 0.6812935166657922 121 95 59 0.63
69 0.4281839514589928 0.2213919572268234 0.662536966043221 108 80 50 0.53
70 0.4759374601439733 0.1506181696335394 0.6120089183771078 102 72 39 0.26
71 0.4772246397772493 0.1576235018692628 0.6076907968405055 80 57 36 0.5
72 0.4556426921263629 0.1390372144729723 0.6441338117249182 168 159 139 0.46
73 0.04854368171343076 -0.2175183732451006 1.052637497965238 75 55 38 0.64
74 0.4808069297375673 0.1679767051722449 0.598026503501675 100 71 41 0.25
75 0.4795675778841226 0.1675775158026807 0.6002708516249534 134 101 59 0.27
76 0.4754888478771351 0.1796470641719617 0.6011246197144883 159 128 90 0.15
77 0.4399218152471599 0.1679275310151621 0.6579319322351325 162 141 112 0.46
78 0.4459929833490447 0.1936964343846988 0.6379777442054879 152 117 64 0.62
79 0.4296142626095985 0.2194766654445524 0.6621261820706785 64 51 34 0.34
80 0.4818895415825596 0.164618410693764 0.5981168550329108 109 81 50 0.26
81 0.4349288148198324 0.1717040047504717 0.6607891885634056 134 112 82 0.41
82 0.4456615852030936 0.1908355741599551 0.6395046023674265 136 104 67 0.51
83 0.4315887158507666 0.2189147740791677 0.6594056922703752 53 39 26 0.69
84 0.4517929257460462 0.1774774466816021 0.6349250540465934 111 96 74 0.95
85 0.4750043818303253 0.2133966978192951 0.5995743937795766 51 33 10 0.28
86 0.4633492009572934 0.1851135268568259 0.6140442542058475 53 34 21 1.04
87 0.4644538978129286 0.1853424156914001 0.6138299376730568 60 42 27 0.73
88 0.1597394883226471 0.1174707326299256 1.081585741255787 70 38 20 0.56
89 0.4235823268668474 0.2037126737554742 0.6642659386530282 100 69 38 0.34
90 0.5226627947911109 0.1754059779984761 0.5429172180531667 130 82 40 0.76
91 0.09577345996372594 -0.08760429749966708 1.024655483667012 125 91 58 0.52
92 0.303837004068256 0.2987242777730988 1.060980449348132 122 92 64 0.15
93 0.1282487323986493 -0.08655761008543394 1.055741870926911 109 72 45 0.29
94 0.1806651757590688 0.09197222940151033 0.8942025403006784 73 36 17 0.4
95 0.5258112022386366 0.1679058258996017 0.5402619170750893 56 31 21 0.87
96 0.09155093523898328 -0.1705772679772548 1.061863487060749 135 100 68 0.51
97 0.03550513812200251 -0.1238344494288609 0.9942031693117099 99 59 33 0.56
98 0.05741719407267171 -0.1187230502844019 1.01283235282333 99 63 39 0.6
99 0.1842033706414513 0.02125928447774222 0.9123969437936323 122 74 40 0.48
100 0.1001841978089987 -0.1723055829550331 1.076059970739059 70 40 22 0.58
101 0.1058623770588973 -0.1407298186732022 1.062270183298962 136 95 54 0.36
102 0.06068274618842706 -0.09774802386216813 0.9993031933845038 102 61 33 0.38
103 0.03673666403597764 -0.08525995999847702 0.9675816886245666 131 96 66 0.87
104 0.1141498443072084 -0.04280975494517264 1.000690303217883 161 105 58 0.45
105 0.1830760569035605 0.01832418798271052 0.9110669087002855 159 113 67 0.57
106 0.08325990556853186 0.03211510121143546 1.170672261005209 107 82 60 0.86
107 0.1940845710240551 0.04922085414699739 0.9189683982808727 152 97 58 0.37
108 0.0608255832772161 -0.1811144013594158 1.043885886943326 81 58 40 0.47
109 0.07203276786150015 -0.08010787690878057 0.9944665258708282 94 58 36 0.79
110 0.1982089932108836 0.03970253768660728 0.9237889317037948 190 122 58 0.54
111 0.09034093685735189 -0.2720458102879789 1.093367095739183 84 70 56 0.53
112 0.08065228620248355 -0.2276149105794442 1.151429528598766 99 97 109 0.71
113 0.09980834128210853 -0.2085851906295655 1.099438966053336 125 91 61 1.2
114 0.09137852273442293 -0.1930048115010141 1.075505891061348 98 74 53 0.57
115 0.1041450894625437 -0.1864470597696435 1.083444885595257 146 109 70 0.64
116 0.1193118487790322 -0.1694905358690109 1.085437583270922 129 94 62 0.53
117 0.05183475948222854 -0.1874519163091994 1.039608135409438 122 85 60 0.53
118 0.07575532890990794 -0.1748968486188673 1.051836172632737 146 111 77 0.44
119 0.06682006556243697 -0.1699645558158331 1.044254887626916 142 101 64 0.32
120 0.09015002104615222 -0.1768556996434416 1.058864219156578 103 67 44 0.44
121 0.1095517679842354 -0.161680839360859 1.077411154730536 101 66 40 0.41
122 0.05632578117958126 -0.1493962857810291 1.029153929001569 123 86 53 0.5
123 0.09336545537182778 -0.1332376317679885 1.045771247189037 125 92 59 0.63
124 0.1312953777990644 -0.09439645280175774 1.066113724065874 89 62 45 0.43
125 0.0474140509802885 -0.126549257552676 1.002057014351163 103 69 49 0.45
126 0.08809462218032627 -0.1002832821481062 1.01678483416174 149 112 78 0.34
127 0.09958161978405022 -0.09035846157939759 1.025689420321259 96 64 40 0.27
128 0.1096620165998216 -0.08305962738011557 1.037923570900648 103 65 42 0.74
129 0.1311778271391538 -0.06322150037565111 1.041584996257273 111 78 50 0.26
130 0.0553933608906515 -0.08813291840889109 0.9867463791843925 132 91 56 0.74
131 0.09916205650173143 -0.06853377785995285 0.9993021223095304 71 46 33 0.66
132 0.1074400679511541 -0.06044831537081918 1.020911713136337 96 61 38 0.41
133 0.1205466343047705 -0.05079724643561417 1.021848798542444 174 128 80 0.36
134 0.124209428903775 -0.03779546565978076 1.011957598571146 115 81 52 0.4
135 0.09038803363333481 -0.05696440303354755 0.983575022550548 124 83 54 0.54
136 0.1224598075527177 -0.02694604215670909 0.9662305562789332 155 111 77 0.55
137 0.16605060004831 0.01623827246774695 1.044676757295845 100 74 54 0.32
138 0.1373858858397669 0.007665203353290823 1.096420878225061 65 45 35 0.37
139 0.1648698012450585 0.03397567305936183 1.036122799913021 100 67 44 0.35
140 0.09631207568391092 -0.01247966198997133 0.8580885028376081 193 194 196 0.5
141 0.1040604076886557 -0.01253166994598606 0.8642473854600279 198 201 202 0.53
142 0.1260062935795831 -0.002921206031887502 0.8734198794435994 172 166 160 0.29
143 0.1830307547727297 0.03675934375400763 0.9079151769910777 125 73 39 0.85
144 0.1151417286408666 0.01125253894525738 0.8588612244040381 121 69 34 0.36
145 0.169419606518371 0.04384292493363093 0.8855308100633825 172 119 74 0.61
146 0.1615591486399871 0.04355019031853652 0.8787415145604902 135 93 56 0.61
147 0.1716070835993071 0.03337592275636064 0.8953990309404071 86 51 34 0.4
148 0.1668632806447987 0.0385684517285669 0.8955218040373492 152 90 49 0.76
149 0.1791891839227416 0.04481380162772899 0.9055143148678706 85 46 26 0.68
150 0.1681342935401912 0.04760079950462287 0.890726369914884 95 52 26 0.58
151 0.1799574377204047 0.05149764105155477 0.9037809851794336 108 61 36 0.37
152 0.1882804912541649 0.05349265286814506 0.9102982149738523 136 79 43 0.5
153 0.2183233146337666 0.0685611453290661 0.9194722593087103 146 96 56 1.17
154 0.1795437778179699 0.0663362298176936 1.028766422743228 142 98 67 0.36
155 0.09852387188505052 0.02415662085227882 0.8437816282322612 115 67 36 0.75
156 0.1442915218080406 0.05351931188630726 0.8608997676333642 101 68 44 0.48
157 0.1681778709851991 0.08000075305593513 1.009612057842167 79 61 45 0.44
158 0.06561244344740058 0.02160746998521895 0.7980580647337149 142 103 67 0.92
159 0.166558117953518 0.07002739204884464 0.8791198454214748 145 96 55 0.53
160 0.168664514478544 0.07843394385420538 0.8812959109016832 118 75 48 0.77
161 0.1898423889166581 0.1111630880543429 1.013651972984596 79 47 29 0.29
162 0.1917902904024115 0.1148749760150745 1.029339832833334 124 82 49 0.52
163 0.5167398661177841 0.1382485499485862 0.5677378705907267 62 35 20 0.56
164 0.09456161982737182 0.07628285014191166 0.8279434008113404 142 74 29 0.64
165 0.1037080119350647 0.07872539276521684 0.8357678447515704 150 90 46 0.63
166 0.1133717052214155 0.06762122809805574 0.8488034376013832 98 56 33 0.49
167 0.1608953469077251 0.08968919873743125 0.8713490894975542 166 109 57 0.49
168 0.1675744744612389 0.09364602235924346 0.8750697357406045 103 54 27 0.45
169 0.2622477379403581 0.1419467584912006 0.9246292469987972 85 62 45 0.42
170 0.1908646682361938 0.1402835023829198 1.00151929699999 81 49 31 0.15
171 0.4374356095971109 0.1572710746258656 0.6641958859416081 97 76 55 0.38
172 0.469890575420707 0.1504897527737359 0.6202179308453702 136 103 67 0.23
173 0.1351625554467301 0.1114191383157579 0.8527040849014037 123 62 22 0.48
174 0.1787071342673665 0.1219014337063564 0.8825861092015566 122 71 38 0.61
175 0.1812700680944728 0.1246084113368429 0.8841435466711559 127 73 36 0.48
176 0.1921105867026777 0.1620728874134305 0.9884035793349191 14 9 9 0.48
177 0.1601771508720956 0.1625329481348957 1.069176469640642 53 37 27 0.43
178 0.5222132943781015 0.1514745381109256 0.5530368131107101 82 44 25 0.67
179 0.5062998780296974 0.1573389524326652 0.5736676346474773 72 41 23 0.37
180 0.4536146839585717 0.1622799571158804 0.6387044368363334 82 58 37 0.36
181 0.4282227005201252 0.1592359967848354 0.6762257819344499 68 47 29 0.49
182 0.369224785612776 0.1653936358867518 0.7632174420815407 156 112 59 0.36
183 0.3232353488003995 0.1744860311844025 0.8240518938431493 130 92 57 0.38
184 0.5150651280176407 0.166775444195436 0.5565293392916361 77 47 28 0.34
185 0.4894222013930385 0.1669080267112453 0.5854685572366309 157 132 93 0.26
186 0.4725136264461594 0.172396353332709 0.609203081695593 150 123 90 0.07
187 0.4537783309478266 0.17094202876649 0.6337080538397283 165 132 96 0.27
188 0.450641201012031 0.1736116552103251 0.6383735121631454 137 106 75 0.24
189 0.4256841834114204 0.1746824095622611 0.6723382747139506 124 101 69 0.4
190 0.5194695764190209 0.1736677246176308 0.5477225338411064 85 49 26 0.22
191 0.4776517456685987 0.1754017826518822 0.5991303049096591 129 98 62 0.19
192 0.396435731501304 0.1832378355802552 0.7116733377694264 148 113 75 0.51
193 0.4763170872023068 0.1939839955879177 0.5943371305503748 89 66 38 0.42
194 0.4484244457645935 0.1993545274121542 0.6310084084765112 77 52 28 0.3
195 0.1844209664076141 0.2231532455183 0.9743602488124585 54 40 32 0.89
196 0.1925101322453788 0.2256956692620078 0.9929027057686777 47 26 17 0.38
197 0.3641550560280976 0.1662931064606457 0.7688241198100318 122 91 60 0.3
198 0.4596561433837839 0.205298919710563 0.6252465306005724 33 20 11 0.2
199 0.1574680947390086 0.2454425726285872 1.01666627070249 86 65 52 1.08
200 0.2685706092512877 0.2736503399020677 1.050567649320576 114 95 72 0.31
201 0.2682615842518428 0.29089133239204 1.057223574080157 100 67 48 0.58
202 0.229756541046396 0.2758946959133771 0.946113255757542 99 91 70 0.41
203 0.3189380319138146 0.3209238730613321 1.052615319574816 104 74 54 1.25
204 0.09221978800908653 -0.2349726748595315 1.104830300478268 64 43 32 0.55
205 0.09432387281873422 -0.2077030120246777 1.083454983497629 145 118 87 0.37
206 0.107744059632951 -0.2103908731502093 1.09837081808356 136 110 77 0.55
207 0.05410905042530162 -0.2061928532486525 1.050579635211233 146 109 72 0.45
208 0.1001654787796493 -0.1900094966197695 1.081388347065337 79 53 37 0.43
209 0.1019105573285748 -0.1754806610799488 1.080939048770869 142 105 68 0.73
210 0.0948099516169883 -0.1348999873558561 1.050703321203803 77 49 33 0.42
211 0.07553720929350516 -0.118874039096203 1.020804881990144 101 66 39 0.37
212 0.09128885052688762 -0.1073434661711965 1.026797204662424 100 66 42 0.32
213 0.09842225843961594 -0.1134376345860133 1.041084377015971 78 52 34 0.35
214 0.05978629005505731 -0.09459864621639852 1.184090085542507 162 175 186 0.69
215 0.05037282175133162 -0.1046679640266616 0.9907315786588897 108 70 43 0.67
216 0.1180940428546112 -0.05788110980026379 1.028637939895852 183 129 88 0.67
217 0.1126911416317521 -0.02397364133542473 1.135518791351305 75 50 36 0.43
218 0.09516771505355537 -0.04419805315016873 0.9851083101946587 133 88 56 0.73
219 0.1545266373242982 0.02813277647044832 1.021473531259948 141 91 56 0.43
220 0.1721313803188514 0.0183268484435388 0.8910013092044574 143 104 71 0.39
221 0.1679330053307555 0.01763395709776933 0.8871341824945634 142 100 63 0.48
222 0.1759778633656832 0.01742214798421723 0.8932174179371584 103 68 45 1.25
223 0.1353926872362358 0.05947722829032567 1.103587003673863 79 68 48 0.92
224 0.1286116681289476 0.02380609012839358 0.8644419914926355 158 104 60 0.57
225 0.1595686902446498 0.05837169645546408 1.020701448006321 75 50 38 0.65
226 0.1796617952481664 0.08348522280993842 1.022346255352029 147 108 71 0.53
227 0.08756415786115479 0.02271960221849434 0.8354344706681459 173 171 171 0.46
228 0.1600366823078098 0.04669340550417145 0.8705152737374291 153 109 77 0.51
229 0.1574885182160771 0.04920403750787872 0.8690348010193671 153 110 77 0.6
230 0.1731988105406294 0.05583951095095013 0.8914483850282173 114 72 42 0.48
231 0.1837240462897481 0.05874956720116234 0.899344531826645 142 83 39 0.57
232 0.1766025482816486 0.06422412851556464 0.901810383921484 62 41 33 0.41
233 0.1740515766209697 0.08997401616523437 0.9948391382409996 95 71 49 0.4
234 0.5168686442112953 0.1248708914873922 0.5739144374238414 115 81 42 0.58
235 0.1779660827891704 0.0804902223079644 0.8901642680150199 153 98 50 0.45
236 0.183074613896305 0.08115706554403812 0.8927634590157851 135 85 46 0.57
237 0.1904437325783545 0.087663695995434 0.9059885421763397 115 66 33 0.48
238 0.1866064667925986 0.08945740005561653 0.8952887855689955 146 89 48 0.62
239 0.1926942872822366 0.0944228805803507 0.9015215463408597 145 83 39 0.49
240 0.53783294894336 0.131503147802968 0.5443280593351318 72 55 38 0.49
241 0.5289691773740703 0.1350631835257382 0.5554398863833134 93 59 30 0.49
242 0.522153556080666 0.1326421058203945 0.5740688817863312 115 89 57 0.52
243 0.5152525409396603 0.1383493600070687 0.57493010763152 75 47 28 0.31
244 0.1845175173431169 0.1159868514973091 0.8848102543705039 149 93 53 0.48
245 0.1974394341847288 0.1357098949602724 1.000786865202632 115 78 52 0.57
246 0.5230522130552763 0.1498266097903281 0.5529871459722152 58 31 15 0.47
247 0.5182331264375565 0.1423641805624329 0.5629685569509082 122 82 40 0.69
248 0.5106542104650927 0.1442188197330086 0.5729487370175369 92 62 39 0.44
249 0.145394946103536 0.1724702861865335 1.088599754752634 84 58 37 0.42
250 0.5352706210880515 0.1592591943626303 0.5337210859313217 92 56 30 0.57
251 0.5238586713287129 0.1526745325127487 0.5507375368168634 85 54 27 0.35
252 0.5069193368097208 0.1548521697738792 0.5740945691784658 54 32 22 1.03
253 0.4945432217174903 0.1593205667080555 0.5809830598350451 111 88 61 0.26
254 0.4240379302823675 0.1654755014744401 0.679390715982357 141 102 59 0.33
255 0.3891800560644688 0.160594151803583 0.7380984058666746 132 93 58 0.32
256 0.3665587958607987 0.1636746848595408 0.7659418775186553 104 67 40 0.26
257 0.3354084941281679 0.1721064257135407 0.8091896149980721 170 119 71 0.32
258 0.5042940839341394 0.1705420241132349 0.5692169535650287 144 109 73 0.41
259 0.4850550688609937 0.1669612316753194 0.5924732045545977 149 110 64 0.28
260 0.4654576391165975 0.1669592415560116 0.619793803237026 153 126 92 0.26
261 0.4623389323880576 0.1737247112622281 0.621166085003344 117 91 59 0.3
262 0.4600440706920718 0.1747948659292698 0.6239639631921802 134 103 62 0.24
263 0.4530996585903013 0.1728798894016777 0.6333249206639546 148 112 66 0.33
264 0.4448541822371503 0.1721116779515078 0.6481292804441359 114 83 48 0.33
265 0.4312993058439941 0.1691035790236579 0.6667631149235642 140 119 98 0.24
266 0.4263848241440972 0.1732658707213985 0.6723238817491949 154 132 102 0.35
267 0.4242537719283492 0.1667444886932835 0.6766382044416061 125 100 65 0.37
268 0.4137709220142973 0.1746582489676083 0.6883388062323693 98 72 46 0.41
269 0.4126302184899289 0.1783993092617738 0.6891634805459159 133 99 62 0.4
270 0.3883608259028619 0.1770871178051024 0.7241668595152297 139 101 62 0.19
271 0.3794466777441518 0.1761203855313914 0.7365523634097114 161 122 76 0.27
272 0.2950409104575696 0.1769035000578437 0.8575328225672363 99 72 48 0.56
273 0.2281720273652079 0.1863141017844186 0.9561461706479358 27 16 17 0.62
274 0.1595866463722551 0.1835174975769804 1.055656562727792 83 51 34 0.57
275 0.4707600704359726 0.185262666954373 0.6066455144905014 148 115 76 0.21
276 0.4310811687244843 0.1781040435354593 0.6630447297893308 106 75 48 0.21
277 0.4231976209817613 0.1799690219963339 0.6733594551088977 115 86 59 0.43
278 0.3801570114061821 0.1906235717251946 0.730235924993767 133 97 62 0.31
279 0.3382115611898823 0.1948157412386634 0.7962029077713357 102 74 48 0.55
280 0.2504615653828596 0.2125535462578933 0.9119040830269071 114 76 51 0.43
281 0.4504953682984778 0.1897785820621667 0.6319787566819166 162 118 66 0.41
282 0.3771384449604469 0.2041822409326558 0.7299843711103466 102 69 39 0.27
283 0.3368592573301687 0.2065321060260463 0.7930743131386784 60 35 20 0.35
284 0.1606140494729017 0.2384605143637702 1.034090072901038 95 65 34 0.43
285 0.3180185682941093 0.2739300381033334 1.097252461374611 120 72 40 0.33
286 0.1645167347673892 0.2499970094097063 0.9838292290930567 28 18 14 0.26
287 0.274543379472021 0.2837116725076336 1.060000193959102 100 62 37 0.48
288 0.2968233401145363 0.2769432161669769 1.06296891060023 113 83 66 0.8
289 0.2968722612477842 0.2835258050138167 1.071542928644435 111 83 64 0.12
290 0.464420815809914 0.2125351242262557 0.6163038523827959 76 53 39 0.72
291 0.4713159553067617 0.222323150243342 0.6062510541766741 69 49 30 0.6
292 0.4535168189067681 0.216862001969934 0.6298384382673197 113 83 51 0.48
293 0.4375496937210885 0.2195217542017554 0.6504756105886929 130 95 59 0.42
294 0.4313629891343973 0.2208398963842906 0.6582780212315071 87 65 37 0.57
295 0.4236380071977097 0.2206694866734499 0.6694111674415472 65 45 28 0.52
296 0.2612024341527867 0.2865496061752146 1.055080368162375 125 90 64 0.42
297 0.2538396577145197 0.3099475877368981 1.039271845112968 122 100 78 0.74
298 0.3002984086459595 0.3114836730558226 1.073600681353025 98 64 39 0.74
299 0.2868183898560069 0.3135185656643593 1.065477389780637 73 51 36 0.58
300 0.2982969635574508 0.317408415984256 1.070611603690706 170 129 90 0.26
301 0.2960448308615171 0.3165993181324825 1.076458898921122 123 81 46 0.58
302 0.3140788609942215 0.314180097371605 1.080517150585871 93 60 43 0.27
303 0.3073735519837806 0.3230868821265263 1.081845614215583 89 66 52 0.37
304 0.3148355851855088 0.3193913213646783 1.080295440061371 92 63 43 0.25
305 0.3187548329763997 0.3223945331191537 1.084935462036268 127 96 72 0.16
306 0.0607604336061317 -0.2042365223528865 1.051951006227321 144 113 79 0.52
307 0.08670497556643197 -0.1864736566372245 1.065432337548011 66 39 28 0.56
308 0.09864564965461814 -0.1768531598068949 1.072483658268696 181 145 97 0.49
309 0.06552250584967195 -0.1476157351176999 1.037939460094368 163 110 66 1.22
310 0.06971690422332616 -0.1160652249156691 1.01267918952198 157 102 55 0.43
311 0.1120704115715477 -0.09077139824411012 1.040764277282618 83 52 32 0.27
312 0.09189794611111474 -0.09958200752885038 1.020829742935565 139 100 73 0.48
313 0.1493279124140745 -0.03946042210075107 1.051459913560301 85 57 36 0.98
314 0.02361645815677127 -0.08088158966444314 0.9587680422088215 187 181 180 0.63
315 0.1659830717784678 0.02522810401509443 1.054774797199733 78 47 30 0.53
316 0.1510182550017819 0.0002331182798689102 0.8722711226475774 184 181 185 0.84
317 0.1409568999323283 -0.003031472087377335 0.8793752361538334 134 117 117 0.31
318 0.04588169900549655 0.02950675087602489 1.199215987464141 110 87 72 0.85
319 0.09474382739205595 0.009582391571288207 0.8475183749462617 171 116 62 0.95
320 0.1490395701043123 0.03777729570241145 0.8734206405941605 119 79 50 0.67
321 0.1736817853791313 0.04659645043416985 0.8973846350841341 130 90 55 0.41
322 0.1802541350030746 0.04829345124598355 0.9017555815874042 142 91 60 0.51
323 0.1038247524117182 0.02551913961787822 0.849264356918183 111 66 38 0.61
324 0.1211107344139354 0.04247206872486331 0.8547218287104241 148 91 48 0.81
325 0.1730674300363192 0.05393309389602663 0.8818808797116254 127 84 51 0.57
326 0.15417442798738 0.0575006709259567 0.8700194345508465 108 70 40 0.57
327 0.1610714182745194 0.05907803846129941 0.8753855588116941 104 69 42 0.49
328 0.2000189324418581 0.07251981026744661 0.9105491579073253 125 84 50 0.78
329 0.1917822275140899 0.1068360511529594 1.022162283569146 153 112 77 0.92
330 0.06359912234777904 0.01962427205296613 0.8058176855091995 139 111 87 0.61
331 0.1694759028748282 0.07610260658257267 0.8796385623726715 112 62 28 0.62
332 0.1910382728705329 0.09141674625046814 0.9059131374936437 164 107 59 0.47
333 0.1589231742542196 0.1151720883535356 1.080361318589925 121 82 56 0.39
334 0.129424697156394 0.1333475397017466 1.14445266991932 40 27 21 0.08
335 0.537771070546346 0.1374722904567931 0.5353662204212932 128 93 55 1.31
336 0.5364091192239669 0.1378251306422494 0.5375272085642664 74 41 21 0.45
337 0.5277546748520038 0.1352316372764119 0.5517676931023501 56 32 18 0.74
338 0.1036244518920629 0.06466593425061762 0.8445025710464905 83 44 24 0.87
339 0.1126921778383299 0.06976878757515162 0.8452261329834954 160 103 50 0.74
340 0.1272945220822964 0.07411635528666427 0.8559913096791211 153 98 52 0.83
341 0.26154275327736 0.1420720282227678 0.920184471373622 118 85 55 0.29
342 0.1906726091355031 0.129358031218989 0.9990399810394586 118 80 54 0.65
343 0.1325367947964383 0.1558517173117162 1.126596373648494 90 69 52 0.43
344 0.5121050823866651 0.1244302437852024 0.4920159926889223 111 84 53 0.57
345 0.5286965890977571 0.1407919262451696 0.5465419068768507 118 88 59 0.25
346 0.5234861311060601 0.141160640550515 0.5557096751127397 112 79 52 0.48
347 0.5241232425517045 0.1489511155282065 0.5546592995853479 114 77 42 0.35
348 0.5233773370249838 0.1507318416553876 0.5509489173389019 94 61 30 0.67
349 0.5222619510083197 0.1493182023828264 0.5565111137522935 87 58 35 0.31
350 0.4688586978560795 0.1486721073559676 0.6236387641145825 128 92 56 0.63
351 0.5301650083180857 0.1534828689602762 0.5408585849197952 104 64 35 0.49
352 0.5181724697097564 0.1566379768885329 0.5559656962573746 92 54 26 0.58
353 0.5126475337230438 0.1570721404586418 0.56462540485669 99 62 32 0.54
354 0.452224256572663 0.1619835999996598 0.6406547585012955 117 88 53 0.49
355 0.4435758310461909 0.1571161823004916 0.6541290667543483 125 100 72 0.45
356 0.3890737954958475 0.1652976973504884 0.7295521788916186 139 101 62 0.38
357 0.357549882479494 0.1698227907404499 0.7773628219119222 102 73 39 0.37
358 0.4931889728707 0.1652581326379152 0.5805089578066505 96 70 43 0.29
359 0.4681442326879597 0.1655220475914434 0.6158320241056204 125 100 61 0.52
360 0.4439461501024259 0.1702363385288633 0.6489680274330264 142 115 80 0.43
361 0.4127657157026193 0.176305151459359 0.6899208699181566 151 124 85 0.64
362 0.4004308319311995 0.1746497145065675 0.7082773903996891 134 102 62 0.27
363 0.3904770116710669 0.1804555632481106 0.7201545600315427 170 126 80 0.47
364 0.3510848644273824 0.1745164473848003 0.7852685262703921 104 74 41 0.73
365 0.5333998237113913 0.1815390399560838 0.5249321774922681 164 129 83 0.28
366 0.4909584356563119 0.1746483638190576 0.5802581377545624 125 90 53 0.2
367 0.4948029555536096 0.1799664154790663 0.5738615960283956 120 84 46 0.34
368 0.480833174837944 0.1794242360588887 0.5932604918884323 103 73 38 0.35
369 0.4440562569209077 0.1884074143196023 0.6429703666238565 142 99 47 0.72
370 0.4357110413130514 0.1810135727695645 0.655741924985436 115 80 45 0.39
371 0.3981878352147144 0.1933393624137787 0.7043569215853085 134 92 43 0.47
372 0.3846574256851955 0.1851384319111066 0.7256258859807148 128 93 51 0.3
373 0.3605370918961073 0.1884272154487593 0.7659154389578826 59 40 25 0.9
374 0.3374875296136484 0.2018613394084433 0.7941766165363168 64 41 24 0.52
375 0.3136465877199442 0.1948128452219853 0.8302569905171822 92 71 45 0.74
376 0.2718687531451811 0.2036119098002761 0.8860976695118103 69 42 32 0.33
377 0.2353453568009189 0.209042903506048 0.9389461744854648 24 17 16 0.7
378 0.1878486008135375 0.2161666811594721 0.9910930428151238 29 22 18 0.39
379 0.1785848247913562 0.2139274454421327 1.019598609961873 48 25 16 0.54
380 0.3063609590907271 0.2589928296508104 1.108146597569668 154 102 57 0.79
381 0.3148626577545042 0.2621165462540476 1.10247573121421 127 78 40 0.57
382 0.3107030438505504 0.263297823826257 1.10177793744956 164 115 77 0.93
383 0.3201176950077675 0.2632565875731157 1.104011938646404 94 49 19 0.56
384 0.4496350326024061 0.1987296665993179 0.6292082147951389 60 43 23 0.43
385 0.4302181502528949 0.2006267188052373 0.6564327005753638 123 90 50 0.24
386 0.4109431948251388 0.2014044824127262 0.6823455299801811 127 89 49 0.32
387 0.3811733166278342 0.2073355257573014 0.7224572328502841 143 103 59 0.37
388 0.3587351582130112 0.2096575965451602 0.7614587524986246 123 92 54 0.37
389 0.3407800461169982 0.2057929850590078 0.7874033716441176 100 71 43 0.33
390 0.3233358243739333 0.2869097600911082 1.095427987232193 99 60 26 0.45
391 0.3391478168514844 0.2191530741870266 0.7885808655162998 95 69 39 0.44
392 0.319644863393464 0.2862619926194223 1.093956898293762 96 65 38 0.55
393 0.4774041039470018 0.2112953835397247 0.5969985551723076 128 106 69 0.51
394 0.4604736981249605 0.2182508907829844 0.6201592663008501 120 94 68 0.31
395 0.4399127898242405 0.2169476888018977 0.6469852383733282 79 52 30 0.59
396 0.4414438270654901 0.2307374860328153 0.6485859916137668 117 90 59 0.43
397 0.08515316975550008 -0.2076166603547149 1.083160052472744 97 72 43 0.56
398 0.06397313417173872 -0.1870159068905213 1.169465536082501 60 55 62 0.87
399 0.08757269749865948 -0.1483611656859466 1.048395135412731 81 50 33 0.96
400 0.08654301595590785 -0.1444236031077181 1.043363539841632 162 118 76 0.52
401 0.08412804333723595 -0.1242094712037605 1.036244381399001 134 94 64 0.36
402 0.1050490499584583 -0.09837314077494702 1.043462743740596 154 111 74 0.52
403 0.1181700757738397 -0.09557491103672544 1.051265031051103 157 109 64 0.35
404 0.1320597326915142 -0.05127922242711069 1.101438019613215 60 41 33 0.47
405 0.05241982451113947 -0.03172587086512885 1.190569580167235 119 96 72 0.88
406 0.05901283551033232 -0.02814123560885898 1.192109443948096 114 108 101 0.93
407 0.03894691157559882 -0.07888940451314319 0.9603489150840904 151 101 70 1.1
408 0.03346206650994232 -0.06851356920349022 0.9528057480335377 117 79 56 0.72
409 0.1340510643838637 -0.01894033426053016 1.015070822300947 131 85 48 0.5
410 0.1386857203950912 -0.004595319657012958 1.095177414975383 71 47 35 0.43
411 0.1277562778248431 -0.001952841040490733 1.11595701164255 152 115 86 0.99
412 0.1327018150297431 -0.000141797301018487 1.018288893331275 148 109 66 0.96
413 0.1418856236716212 0.005338638090933989 1.008296830776532 90 52 30 1.04
414 0.1502405950495406 0.01440565086045825 0.8750828123430734 171 121 75 0.35
415 0.1639828825235164 0.04327435223498322 1.015075746590707 188 139 80 1.36
416 0.09119888857094915 0.006721085520056458 0.8434250389202775 117 75 46 0.73
417 0.1706913710236438 0.03780981098461136 0.8967017828424541 150 93 51 0.86
418 0.1702138842605675 0.0425542114683401 0.8913265416800493 89 49 28 1.08
419 0.1637714649852856 0.07314410890147585 1.053830440099166 76 48 32 0.28
420 0.1425724078596993 0.06896527500878075 1.093801541141129 125 97 67 1.09
421 0.1403295258214092 0.07972330509315709 1.105935715060711 108 79 55 0.74
422 0.05290634586661819 0.07663901035066478 1.203967162453575 131 122 115 0.41
423 0.5408611343707139 0.108501413384462 0.545312798958662 120 82 53 0.6
424 0.2056469382417785 0.07041190278873022 0.9286815139606497 102 50 25 0.76
425 0.5252913049822194 0.1306722887857947 0.571512061621821 136 99 60 0.83
426 0.107654012709517 0.06015410760284576 0.8458115488098816 87 47 23 0.66
427 0.1670486758129261 0.08141462104678115 0.8803252060071377 89 49 29 0.46
428 0.1653570983812621 0.08480365631761094 0.883893765753349 160 102 57 0.9
429 0.1790296425248545 0.08453276952412311 0.8963510327747497 61 32 20 0.53
430 0.1685906167687573 0.1215328869050435 1.052029337614442 96 63 39 0.8
431 0.1702029660141 0.1179852239225971 1.06693065637168 126 86 51 0.95
432 0.1310437831475167 0.1283514349189771 1.123671849401923 78 52 34 0.56
433 0.5322808496866072 0.1363223518396476 0.5450514210582847 128 85 41 0.48
434 0.5276734311172191 0.1375912464650364 0.5513412466896057 106 68 39 0.4
435 0.5207679627736106 0.1389733498177657 0.5603664101183087 102 66 38 0.46
436 0.1799544440133523 0.1042680709251057 0.8883658645903811 169 106 56 0.63
437 0.2579612693456659 0.1453492346557217 0.9256247507850177 142 104 68 0.36
438 0.5094688056754635 0.1493334317534051 0.5738130665075406 46 27 16 0.74
439 0.4719448135174184 0.1482781783528355 0.6187124503851377 134 100 66 0.4
440 0.08114363979550954 -0.002275579795594895 0.8438590851068571 164 170 182 1.12
441 0.4785065279265641 0.1568600746699043 0.605252806829084 136 113 82 0.45
442 0.4490990149610835 0.157062276018626 0.6490533535398487 97 70 43 0.66
443 0.4473689095960338 0.1620486632652894 0.6471812197198589 82 57 34 0.54
444 0.4156731360914609 0.1629797695460872 0.6918840024531969 107 77 42 0.34
445 0.533181025674073 0.163096421414429 0.5324523807773539 101 66 39 0.43
446 0.4918151553670633 0.1693195582013187 0.5808388177381444 101 71 42 0.41
447 0.4608062983655277 0.1676669313112071 0.6245470550637701 154 124 84 0.37
448 0.4561489949112094 0.1653190911249957 0.6335378783654766 165 138 94 0.46
449 0.4374909273889168 0.1700714181986831 0.6571785052494435 130 99 61 0.4
450 0.4366005403090295 0.1747840190624074 0.6573103903663436 140 99 50 0.52
451 0.3897980284805237 0.1759734001766996 0.7217240413881749 144 108 58 0.39
452 0.3840517142667731 0.1701015541393846 0.7319101879343634 128 96 60 0.36
453 0.3735805910668639 0.1752660178107321 0.7478504794264396 122 89 51 0.57
454 0.2778577576583272 0.1895588214245336 0.8834284279464613 115 84 55 0.51
455 0.1772727383180182 0.197974792518416 0.9842662324497612 129 99 67 0.22
456 0.3237897254232164 0.2449332503075033 1.111093517743151 71 38 17 0.62
457 0.4885999708130739 0.1771371671593187 0.5831630873079451 142 109 64 0.28
458 0.4882763731680486 0.1828192098359972 0.5816848605733344 129 98 61 0.37
459 0.4856720587622625 0.1824509858882685 0.5851847477776829 148 107 58 0.47
460 0.4705114127445743 0.1781352771602498 0.6093665355124841 101 76 43 0.35
461 0.4679801520497614 0.1788223876646593 0.6115489674232454 112 88 53 0.64
462 0.4588980285024959 0.1814286526672887 0.624072529914491 166 124 72 0.49
463 0.447446809808546 0.1834273969136314 0.640659731882451 152 119 71 1.06
464 0.3137418614626187 0.2033744458428676 0.8273466729392498 69 45 29 0.48
465 0.2966957392506019 0.1982999318056813 0.8522225347116371 56 32 21 0.3
466 0.2854676969990553 0.2088115280611914 0.8630103833261786 63 38 23 0.78
467 0.2361552777506397 0.2036733826090543 0.9403617350901901 18 13 9 0.56
468 0.26685406052337 0.2136824674195027 0.8900704437317177 55 26 13 0.31
469 0.248505743186365 0.2228161621638024 0.9003171162625963 47 21 15 0.32
470 0.4766337564822016 0.2095507165417906 0.5986767416471642 52 42 29 0.39
471 0.3033738732125402 0.2289241469739854 0.8388751725656449 111 71 42 0.89
472 0.4139599002824554 0.2226937210393123 0.6826150147776118 49 30 15 0.52
473 0.3017104584538496 0.2992413179130753 1.083737620762707 136 106 76 0.63
474 0.3154546942758766 0.3074578457299167 1.089245352537129 191 140 104 0.26
475 0.2439611903823644 0.2803019233675398 0.9225697747986673 89 70 58 0.59
476 0.3141019197686994 0.3289400357049931 1.064960326463481 118 94 71 0.9
477 0.3244738756298557 0.332190014346923 1.077621455794643 110 76 55 0.47
478 0.1190850648008352 -0.05928517825504087 1.032243452601809 70 48 36 0.77
479 0.1457243075999314 -0.04510530732590023 1.079892809304642 137 102 71 0.44
480 0.1046869736896371 -0.04323087797327524 0.99573314241642 116 74 43 0.61
481 0.1636397759015942 0.01884163036878042 1.056569699710263 52 34 27 0.88
482 0.2003214378107411 0.02011885067325381 0.9246331358324917 180 137 90 0.93
483 0.1391105300888731 0.0458956992432952 1.091953908220735 70 43 29 0.64
484 0.1089014966306358 0.05156712075080661 1.165230391703693 66 53 52 0.32
485 0.05338732485673714 0.04677760737056175 1.20396701773512 171 184 194 0.44
486 0.1048614088878664 0.008082582650446951 0.8534057521077952 179 119 63 0.6
487 0.1199893955805571 0.01222286198174607 0.8636327892961468 180 115 53 0.73
488 0.1807310707915834 0.03943965680869216 0.9003096079241555 150 100 52 0.81
489 0.1675849430309437 0.05675694842652496 0.8758820356762469 115 74 41 0.68
490 0.1734452197480839 0.06389823344474838 0.8780172919810081 112 69 42 1.03
491 0.1682806473584847 0.06814359843242579 0.8841356068744537 62 34 21 0.48
492 0.180115625613689 0.06287491590939356 0.9009967798212686 76 43 24 0.6
493 0.08825786758332776 0.03946341926148075 0.829629327034251 90 53 31 0.83
494 0.5392760546612194 0.13608712126279 0.5359599506532042 107 81 49 0.89
495 0.5296811041306492 0.1379350886352865 0.5481338678895546 98 62 34 0.6
496 0.26021399196877 0.134705328941128 0.9273284231434795 132 90 60 0.51
497 0.2640202049777857 0.1398749131690701 0.9224561816772562 41 22 15 0.43
498 0.4971887635825819 0.1409016518078899 0.5911707161001325 72 50 31 1.09
499 0.4665726409933648 0.1416581745797079 0.6340561308879027 167 130 83 0.77
500 0.4978917536120627 0.1586409158342219 0.5789930828547706 134 113 80 0.31
501 0.5039916052204991 0.1656682565942276 0.5737320912696601 99 72 44 0.43
502 0.4833724400173726 0.1649695214353023 0.5949748509049364 143 119 89 0.37
503 0.2390670623932259 0.2070616674002853 0.9314745333473148 55 39 27 0.67
504 0.3803884930677291 0.1970449347345136 0.727752583331276 143 105 65 0.53
505 0.3460552873412595 0.212478835916834 0.7767880902319224 122 89 50 0.57
506 0.296477240517212 0.2917406088379816 1.075168935261301 149 110 78 0.37
507 0.3141629566681162 0.2873115802068766 1.087004250144812 113 85 59 0.28
508 0.4273041927906788 0.2176396203760002 0.663370868906933 82 65 42 0.46
509 0.2945219330468912 0.2762491807978636 0.8501125085798986 134 96 69 0.68
510 0.1083498818271343 -0.05741924994629205 1.01073706403073 154 112 78 1.01
511 0.1222274004319935 -0.04914912025396778 1.018825216361723 174 130 92 0.72
512 0.1788451483104416 0.02670481397385588 0.9076314794441648 144 94 48 0.95
513 0.1339175901696281 0.04611469732786505 1.100828141636292 116 83 58 0.7
514 0.1871198740879275 0.0723173948733942 0.9061675739478421 118 85 60 1.0
515 0.06337027919183469 0.08548475115233725 1.200312490116372 183 204 222 0.65
516 0.1442708785219949 0.06819185838233213 0.8616451742009337 154 100 53 0.87
517 0.2448430997742474 0.1407176884449308 0.9437400113351071 112 80 55 0.28
518 0.256679103810829 0.1556921582054998 0.9241509085761108 113 80 52 0.61
519 0.0701282713458018 0.174253816859944 1.18747623014843 69 52 37 0.74
520 0.5079137606021131 0.1521479060794206 0.5717310302828003 112 74 39 1.07
521 0.4991231241029128 0.1733741832172128 0.5742893932991636 74 52 33 0.55
522 0.3731455161519566 0.1902289669404573 0.739995606708874 120 89 50 0.42
523 0.2740188418568968 0.2006766477404949 0.8860898103639243 57 36 27 0.65
524 0.4845521056250485 0.1893683188006487 0.5845161355071572 137 102 64 0.43
525 0.4655361495073841 0.1935676677463299 0.6089952820666326 104 71 32 0.9
526 0.4418261687644288 0.1911150789694991 0.6458662502417561 146 113 68 0.38
527 0.2762612529223017 0.2103008676391705 0.8788084415069529 98 65 45 0.43
528 0.4055166530279152 0.2234081060448527 0.694584353211913 132 105 75 0.46
529 0.3923101247001081 0.2218149113829739 0.7121232071294761 71 46 26 1.04
530 0.3842228424583249 0.2359874246839554 0.7229530767637203 111 79 43 0.52
531 0.1082598621266648 -0.06371451265086514 1.023173232887468 63 44 32 0.84
532 0.1317424335716784 0.01018103591163805 0.8666678619422511 115 67 49 0.73
533 0.148348436344636 0.02527424433341213 0.8714727158155876 161 109 64 1.29
534 0.164751408085093 0.03051807466760526 0.8874100180513242 159 105 57 1.17
535 0.1585255154360917 0.03407979400464517 0.8780832141573489 80 43 23 0.81
536 0.1589803821501393 0.04973891449131657 0.9039192620031408 142 91 53 0.51
537 0.1845430149493607 0.1174190108518343 0.8900633431228537 72 43 28 0.81
538 0.4785845006800313 0.1469251551470351 0.6092219761130513 125 96 58 1.19
539 0.1714691872047728 0.1611397414572296 1.045448492562683 53 35 26 0.46
540 0.3840394330964969 0.1858990137691394 0.7231371804906812 126 92 52 0.67
541 0.357352380027319 0.1949840050665345 0.7711279543200898 40 28 18 0.8
542 0.3423639905307615 0.1943892414929853 0.7896902271567637 111 82 51 0.8
543 0.4756544951732425 0.1913971072727044 0.5959250400574225 134 101 61 0.45
544 0.4064923160113414 0.1984056908004649 0.6913124203534423 146 104 53 0.61
545 0.4018639062799761 0.2035497104428882 0.695415109058099 107 78 40 0.45
546 0.3806740400524393 0.2042445685898282 0.7248495279204652 138 103 62 0.37
547 0.2584415992371865 0.2152484056479101 0.897827018059872 51 27 16 1.14
548 0.1576357694880086 0.02152790706098734 0.8804911802726665 59 35 28 1.12
549 0.1558531393147705 0.04623230651568216 0.8763198117247188 139 96 54 0.73
550 0.1780522591593264 0.07534850177693533 0.890685211040972 169 113 61 0.88
551 0.4639586162477571 0.1735076469124499 0.616916490961595 45 28 17 0.7
552 0.4213048459325859 0.1940943939578411 0.6704194765108352 112 86 59 0.57
553 0.2322984853867299 0.189314764792665 0.9478859241494441 97 71 54 0.62
554 0.1864752645699439 0.1961079615624243 0.9843439207847762 89 70 51 1.02
555 0.5048649698217211 0.1750971405765374 0.567988357241171 144 102 59 0.53
556 0.4621558471398255 0.1795419700913854 0.6228316767307445 135 99 51 1.26
557 0.3830689120578152 0.1930405056481689 0.725874812499762 145 108 61 0.46
558 0.3677653056003981 0.1900647597676392 0.7555180217131361 130 97 53 0.87
559 0.3510442368667455 0.1919145710143721 0.779432445665289 124 95 55 0.64
560 0.4761742825469598 0.1693502408234499 0.6046078255959251 68 44 25 0.29
561 0.1616261012983716 0.2312440677748889 1.014587824493242 61 46 33 0.19
562 0.3299189763529422 0.2294313297235456 0.8028236384110329 107 74 42 1.0
563 0.3066397460763015 0.2286811878955642 0.8290742222674499 37 20 11 1.0
564 0.1671146793748291 0.04873345529905404 0.8763892916048699 172 114 60 0.52
565 0.5038628893809624 0.1498275597520705 0.5777280607338748 50 30 21 1.11
566 0.126661071035435 -0.03481166680090109 1.028024748339181 180 136 89 0.56
567 0.450497518802994 0.1608132838889844 0.6429254543921237 59 43 29 0.85
568 0.4401802602518131 0.1768465816216025 0.6512303398660104 111 79 48 0.86
569 0.5136727360435938 0.1251461885328108 0.5752046159075157 202 147 69 0.54
570 0.4617958989914073 0.1627834280530059 0.626704238739328 126 104 73 0.6
571 0.4554547013009026 0.1892425990298552 0.6258170665097046 124 94 58 0.98
572 0.383895394656656 0.2030113084708947 0.7177420078785973 155 118 61 1.28
573 0.08668749517454527 -0.19207211738966 1.141583569900217 73 66 52 0.82
574 0.04615969183660651 -0.1655587787021906 1.019214771694884 124 79 48 0.18
575 0.09598262286654674 -0.0990068963557898 1.035478772391782 120 82 49 1.11
576 0.1240666840274337 -0.09104945257867814 1.060768587526407 198 149 101 0.47
577 0.1191644419450291 -0.09569071288533432 1.110750142221092 66 47 38 0.57
578 0.1341761558987623 -0.06424774487751633 1.047235474144568 108 75 50 1.05
579 0.1300496307311244 -0.04874528508559173 1.036090753161829 137 91 51 0.36
580 0.1089602858100181 -0.04810439299267533 1.131030598761674 80 60 49 0.46
581 0.05524979427398541 -0.06665171212261067 0.9669744221332013 144 107 80 0.48
582 0.1333806454329327 -0.04500650935663486 1.034980605730829 87 56 34 0.59
583 0.1386812809201177 -0.03073640837650288 1.033233598990982 157 113 71 0.76
584 0.1494842506814562 -0.02146672553088513 1.03637051586865 139 93 59 0.39
585 0.1490238001554788 -0.01830046269912525 1.035220687659535 99 60 37 0.73
586 0.1434588587263367 -0.009474813528286857 1.090647311692674 108 79 57 0.56
587 0.03801244135122472 -0.06610818344788388 0.9597124312247955 178 134 94 0.46
588 0.1608283521910977 -0.001021173584644874 1.019204075215328 182 157 121 0.26
589 0.1443263084071791 0.0109857306541439 0.8711391881590681 132 83 50 0.63
590 0.1702181952314911 0.01486839392619332 0.8893575971484895 105 69 46 0.41
591 0.2027897799816402 0.02311947486707708 0.9254979527948258 162 116 69 0.65
592 0.1758004994373762 0.04383081214982604 0.9003648422906956 123 75 44 0.52
593 0.1288611428276594 0.05559900531137515 0.8568850265050463 123 80 52 0.5
594 0.201205391277318 0.08770789245870791 0.9126596343963111 154 97 53 0.55
595 0.5156043861484743 0.1019049358974018 0.5134301009185703 137 92 52 0.24
596 0.5399153853069344 0.1100423672242495 0.5417387467694024 86 51 26 0.62
597 0.5035610392491545 0.1195742732805338 0.5855768926073116 128 120 116 0.47
598 0.2007008448443736 0.09707119536683223 0.9129155847725563 106 55 24 0.43
599 0.2003509623746105 0.103775834036088 0.9065719690022165 131 76 39 0.57
600 0.2826318634558523 0.1231978294452575 0.9076187312128965 106 74 53 0.46
601 0.2063877529585487 0.1386715758244205 1.017998209696899 153 120 83 0.22
602 0.1262716943487425 0.1459244741805962 1.123708661769906 119 87 62 0.42
603 0.5425971463869792 0.1313084649575125 0.5237446389634374 61 36 23 0.41
604 0.5305985257188185 0.1235163167050245 0.555225174957532 107 86 62 0.89
605 0.5298943417095694 0.1240469109787778 0.558409984206642 99 68 40 0.48
606 0.5193968185361196 0.125930557246449 0.5704034708604202 80 54 35 0.54
607 0.5186497832418294 0.1377295936886632 0.570925999693373 57 35 23 0.34
608 0.515239503649388 0.1343635443078965 0.5824810610214149 82 64 44 0.45
609 0.2474080824632777 0.1532417797461075 0.9406262600120572 80 52 31 0.33
610 0.1516093902965269 0.1663420121862918 1.089967824003257 96 70 56 0.17
611 0.5258688392115444 0.1370259014898045 0.514260425600032 106 65 42 0.48
612 0.4997577777090204 0.1466600817097729 0.5834107096388657 112 91 60 0.42
613 0.5049717796237642 0.1535738621139367 0.5781196297346251 67 39 21 0.4
614 0.4942765133992382 0.1453397105808866 0.5878349984937526 60 48 33 0.19
615 0.4886968678280447 0.146960702974984 0.5926277142595445 129 109 76 0.35
616 0.4787719584973045 0.1419552090830666 0.6168072993768935 85 52 28 0.37
617 0.4796243166846777 0.1506984340853991 0.6060863302925008 84 54 33 0.39
618 0.4732659274378095 0.155640351395284 0.6136086979785295 114 85 52 0.36
619 0.4630155874672905 0.1524181080606192 0.629123333201127 126 98 64 0.49
620 0.4676397311191389 0.1553780418163407 0.6276610550033882 83 62 41 0.86
621 0.4338008702665838 0.1605710323906165 0.6717728098094533 121 97 62 1.01
622 0.4123971734329034 0.1618201847343207 0.6959691430444004 97 65 34 0.74
623 0.3714607760866457 0.1666781662851688 0.7584106748071712 88 62 39 0.31
624 0.07609261612739687 0.1798917444007172 1.178623321307583 65 47 38 0.22
625 0.508246890491191 0.1498914852743367 0.50029767967147 83 68 52 0.4
626 0.5327816386541407 0.1481541452607341 0.5161353939413144 112 80 49 0.29
627 0.5350407407317082 0.1606905415232057 0.5297014150291404 92 58 33 0.45
628 0.5044483670632268 0.1554119577414387 0.5775776229884404 70 48 29 0.32
629 0.46223996429046 0.1689020609051354 0.6216233612534933 128 95 58 0.63
630 0.4265284748189208 0.1631395509031393 0.6752856605056279 96 79 61 0.66
631 0.4297027530067301 0.1780163884338127 0.6656863285225852 102 77 53 0.7
632 0.4230302857131072 0.1693436424769828 0.6783127500333497 96 69 38 0.41
633 0.3975126555169683 0.1753664916842853 0.7122032136047814 80 58 37 0.54
634 0.3645538073410317 0.1767803124710851 0.7480322911677955 63 43 22 0.88
635 0.3439726167405701 0.1753544248652367 0.7936158493748295 101 73 45 0.59
636 0.3378452836963929 0.1793418191334599 0.8052293388551912 71 54 36 0.31
637 0.2586816233528814 0.2024080523495257 0.911097722819566 98 69 46 0.26
638 0.3115665653355731 0.2469894921517103 1.112635294364102 87 54 39 0.25
639 0.5395421114988611 0.134522599236275 0.5522528664437532 39 29 21 0.5
640 0.4969778488303919 0.1623610950603972 0.4886079216373924 53 41 33 0.9
641 0.5328331725321104 0.1645882499586915 0.516722081824767 142 109 73 0.39
642 0.5296308633798892 0.1726392961541769 0.5323518379919125 87 64 37 0.42
643 0.5269785871475692 0.1693082123166521 0.5384236583368617 39 22 14 0.49
644 0.5165308112494513 0.1691714884634369 0.5527478765633994 129 95 63 0.35
645 0.4750763680693755 0.1791853063088228 0.6010349608422664 102 80 50 0.99
646 0.4685873667136252 0.1736976509049167 0.6127505510905287 82 55 30 0.42
647 0.4670421577240491 0.1846851456263653 0.6103553564425755 106 75 42 0.32
648 0.4218575989457301 0.1839238472083695 0.67035581371147 59 42 30 0.66
649 0.3640226903010143 0.1893498706946143 0.7605310171634981 80 59 34 0.3
650 0.3449662558104515 0.1996521294719462 0.785115918589403 119 91 61 0.31
651 0.327558787969838 0.2095110840866695 0.8075319144427906 60 34 18 0.48
652 0.3236183635161555 0.2066381805580311 0.8138856961667308 59 36 20 0.37
653 0.3144153128029198 0.1977131644526959 0.830379760660456 56 39 25 0.33
654 0.1794931604630502 0.2405521971059243 1.006916847705805 110 76 61 0.44
655 0.09411919056719964 0.240499378678788 1.136942845125025 49 33 24 0.43
656 0.5335802474141362 0.1815108606502409 0.5249866558485861 129 90 50 0.38
657 0.5077606755335212 0.1871081157501108 0.5614255390859139 114 75 45 0.28
658 0.4979482163145229 0.1979150979512173 0.5755929520061396 56 40 24 0.52
659 0.3789894701284092 0.2158482628676735 0.7217213197082863 85 62 39 0.47
660 0.3455253441809976 0.2143752435601605 0.7788774301625293 71 47 28 0.51
661 0.4806252709408967 0.2110440079335396 0.5940745924331445 90 71 55 0.37
662 0.4496552268153539 0.2154353053478599 0.6346564797749261 76 54 26 0.58
663 0.4148056967111283 0.2243096917049441 0.6806858599811347 102 79 51 0.46
664 0.4447566850625806 0.2298456751567926 0.6440183598471432 102 81 58 0.35
665 0.4447570018858997 0.1534079334091677 0.6541601477495316 111 78 41 0.44
666 0.5038385794542283 0.1785424838085181 0.5685629828906468 82 45 22 0.22
667 0.08217939322565015 -0.2253966813708383 1.094302427657986 90 67 44 0.62
668 0.1033353284473448 -0.18501255825605 1.073090308794739 138 115 90 0.19
669 0.1045269592979725 -0.1328887579802974 1.058805133153593 105 67 41 0.53
670 0.06156933876567589 -0.1236691186717319 1.171108255938777 69 58 51 0.64
671 0.1036916565872542 -0.09337354914273144 1.129711490497652 65 48 38 0.52
672 0.07013272178238994 -0.105967549112459 1.164054207586228 80 58 47 1.03
673 0.04270112546736071 -0.06536960813388593 0.9683123424232108 148 105 61 0.91
674 0.1599001660250035 -0.0147414568798363 1.049704402839674 109 66 42 0.48
675 0.1436526124328386 -0.002457239771857272 1.087449563402129 120 95 71 0.57
676 0.04727671692924962 -0.04802121718551067 0.9490996969361398 133 99 73 0.22
677 0.1255232919319172 -0.0009979593316184754 0.8696678774628144 198 189 182 0.76
678 0.1802145700457424 0.02028908177880029 0.9096241395519395 138 77 40 0.23
679 0.1500504383803398 0.05286115302527769 1.081386782379124 119 88 60 0.52
680 0.1650587505883621 0.07747647836934096 1.055127456813795 124 91 61 0.35
681 0.5268729926489931 0.1005615655013676 0.5667904289197108 76 48 32 0.58
682 0.1649272628418124 0.05161145685904048 0.8742078290944957 149 108 72 0.6
683 0.2009661603194083 0.09367371264653346 0.9152671779600305 154 96 53 0.62
684 0.13500047689693 0.07224819251861506 0.8567485475391872 109 58 28 0.65
685 0.2673909721324775 0.1161990704611459 0.9280743597891108 66 38 22 0.33
686 0.2778444573893996 0.1352903051530344 0.9068607077207325 99 68 43 0.59
687 0.2661205989840599 0.13657650723224 0.9179957551627349 115 82 55 0.43
688 0.1279382875646108 0.1405182084535962 1.12241869834971 81 54 38 0.58
689 0.5268748465817744 0.1265756012508019 0.5665406112811817 72 51 31 0.57
690 0.5188427053353009 0.1272712015184009 0.5741553873029581 105 78 47 0.31
691 0.5132662684100013 0.1277615168883973 0.5830843742372802 100 70 49 0.51
692 0.5142897445909894 0.1377216101876976 0.5827532396893511 96 76 55 0.34
693 0.2565015510979547 0.1505186445146839 0.9255458963248233 137 98 61 0.39
694 0.1717955554792532 0.1512340106445395 1.063564797494857 95 67 39 0.51
695 0.1357386839696531 0.1692763217435272 1.105014603790696 52 35 26 0.41
696 0.1215187828717756 0.1721693306109131 1.123531673295732 60 42 32 0.37
697 0.5194470747758589 0.1275697179191532 0.5107399906426803 122 77 42 0.27
698 0.5106323816747872 0.1390341118913272 0.5747564465767735 49 26 15 0.73
699 0.4929872807002292 0.1439048876563775 0.5901711446146503 104 72 38 0.46
700 0.484702343161672 0.1428806902925782 0.6063863799616119 80 54 32 0.68
701 0.4822768246673285 0.1463087446944228 0.6052971756213013 115 85 49 0.38
702 0.4623365285471193 0.150982003627937 0.6314167201375295 82 58 36 0.4
703 0.4301910688745351 0.1516974647914688 0.6807921893778119 97 70 45 0.5
704 0.3686958383079155 0.1696762798855586 0.7679467482956261 44 30 20 0.53
705 0.2453144771507644 0.1687708647482682 0.9322144387506213 114 79 49 0.52
706 0.1865594443875989 0.1708707411085618 1.020778806013929 69 40 31 0.47
707 0.1960593599540557 0.1856306602318271 1.007107369885923 109 77 53 0.32
708 0.1694561629489766 0.1912267467727796 1.032898840219568 119 89 63 0.55
709 0.501191526729419 0.1481894545426742 0.4920109535762179 56 39 27 0.56
710 0.5272118019000941 0.14805428504253 0.5138382366223934 100 70 43 0.37
711 0.508688313532387 0.1681795389456334 0.5675849033561353 88 59 36 0.63
712 0.4727796103075882 0.1685286455523405 0.6119240246877088 109 80 51 0.86
713 0.4654781267301216 0.1703619552432527 0.6177740860381487 109 83 50 0.89
714 0.3711284733579934 0.176118717080028 0.7529802252593378 72 60 46 0.44
715 0.3720569324802906 0.1788763700867563 0.7529043869157956 74 53 37 0.62
716 0.3521753961262617 0.1821899255676808 0.7872775509489718 107 89 62 0.8
717 0.32177672263778 0.1803533870629994 0.8257855466667433 116 89 60 0.31
718 0.3241695712505322 0.1896169151440618 0.8193266426653393 56 36 26 0.79
719 0.2910600374242771 0.1800987087812493 0.8575425244510527 81 58 39 1.54
720 0.3057835903851137 0.1867541210518627 0.845069458204297 76 49 31 0.41
721 0.3214811309355807 0.1901971833268117 0.825065318545102 65 48 33 0.5
722 0.2996641825168303 0.1948756369817757 0.8516142502499995 52 34 25 0.53
723 0.2738071013175972 0.1929814221166303 0.8858733756785689 71 46 30 0.42
724 0.2704335165064558 0.2010826019212345 0.892062291672443 52 35 24 0.59
725 0.1765924729651304 0.1895199202810401 0.9871283077635974 39 30 24 0.46
726 0.3004200236811042 0.2434143058455224 1.111038173205403 181 199 216 0.77
727 0.5319006806061805 0.1711530718594469 0.5331205864565104 35 20 14 0.67
728 0.4483267235654545 0.1863623639058763 0.6350944991333415 135 103 67 0.79
729 0.3894027978539019 0.1996294499135194 0.7140678702836387 109 78 40 0.29
730 0.3864661931974006 0.1940463262682566 0.7201471769240855 114 81 44 0.46
731 0.350369520108553 0.206122366076122 0.7746415024668067 72 50 27 0.35
732 0.2962878859149395 0.2030964477638161 0.850834019189878 61 28 14 0.52
733 0.2845925235239547 0.2140871741027871 0.8630677726023166 82 59 42 0.44
734 0.1617903709414056 0.2347493595638008 1.034911195258915 104 72 43 0.4
735 0.1072359955771341 0.2542141578254162 1.111149609146802 90 62 49 0.33
736 0.4978557668873361 0.1974289316676719 0.5774621552835029 75 54 31 0.61
737 0.3975046524548821 0.2104461540850341 0.6991115192411412 95 64 31 0.7
738 0.3375897868583912 0.2149599354911167 0.7859177061275388 57 46 30 0.43
739 0.5091093308956905 0.2048346099725517 0.5592638895489057 89 61 38 0.41
740 0.446962069243419 0.2158672437374654 0.6386703441596359 63 46 29 0.93
741 0.4431688092650544 0.2151860326946018 0.646019620643066 74 55 30 0.48
742 0.3179376219758261 0.2377676313306931 0.8092968399361851 59 33 23 0.4
743 0.2016061500692448 0.2624526000114074 0.9705901788255504 75 65 57 0.72
744 0.05905759708598651 -0.1656866175505244 1.028424089778878 136 103 70 0.6
745 0.0599789108824258 -0.1401812807327345 1.177430256535723 161 195 216 0.68
746 0.1086850562080769 -0.09466084885086684 1.030862366897613 125 88 62 0.6
747 0.1600733188719579 -0.03290175039466778 1.052028783788632 134 101 77 0.88
748 0.05646270221885236 -0.07283882800165342 1.189505255253045 172 206 232 1.12
749 0.138824030434143 -0.03417280986114141 1.035946680955354 113 79 53 0.55
750 0.1744978814317676 0.002510174449328439 1.058642201507092 118 88 64 0.82
751 0.1344363190644411 -0.005546712569387324 1.103314978678197 133 102 82 0.62
752 0.04666482426525109 -0.04509008259960073 0.9518450811304382 164 119 73 0.73
753 0.03941821241617793 -0.04213516823505736 0.9445582856016533 169 122 74 0.56
754 0.0524161343898179 -0.05544513696233211 0.9673831648551442 165 122 79 0.84
755 0.1458716660261788 0.02326652932087639 1.085587988035589 69 42 29 0.55
756 0.1131304456014798 0.02887790974222204 1.144986982300695 119 98 71 0.95
757 0.1349225403745704 0.1356132783109585 1.111540970340687 82 51 34 0.68
758 0.1332329768999168 0.1387083238543251 1.115990906517244 106 74 45 0.58
759 0.1206065014334192 0.1351518446182944 1.137839681482836 73 49 32 0.57
760 0.04503548494276088 0.1302149336407125 1.212000881296379 121 89 65 0.3
761 0.09344029576882856 0.1355441151449931 1.169510744835904 120 87 50 0.73
762 0.07114494495602336 0.1403289420355802 1.196934602337442 112 81 51 0.98
763 0.5351505326709468 0.1275392736840307 0.5562775523147037 122 88 54 0.65
764 0.5376603348443519 0.1331448845850517 0.547027213822539 61 39 22 0.4
765 0.5287964383757883 0.1296152654021596 0.5660764613842564 122 90 53 0.66
766 0.5252859619204958 0.1351646937110276 0.5639453133719161 49 33 24 0.38
767 0.2427716823695907 0.1436213765695183 0.9480606855502296 41 24 16 0.48
768 0.1929963862624827 0.1460561792627844 1.036183653892824 92 69 58 0.38
769 0.1258430535567711 0.1717302000106283 1.11547835926632 77 53 36 0.56
770 0.04490716247694693 0.1772591016569487 1.226393975288044 119 117 111 0.68
771 0.4869452768820244 0.1454203864713912 0.599248241393146 105 73 38 0.62
772 0.4703904818716466 0.152289484885789 0.6190418223059377 97 65 36 0.38
773 0.4682866543278009 0.152545214993672 0.6221541489258813 119 96 68 0.48
774 0.274585101171123 0.1685438612555498 0.8944528185131106 180 118 65 1.22
775 0.1624027774022198 0.1805207473966669 1.050722605993206 101 67 40 0.38
776 0.1415544166942836 0.1845649534389617 1.088308250491616 98 62 44 0.46
777 0.5204813516049196 0.155031149720282 0.5541384340275332 94 60 40 0.32
778 0.5164562014203683 0.1629406456732905 0.5549193535296558 115 76 40 0.72
779 0.4715802690760603 0.1587453199917114 0.6164248459257705 120 96 67 0.26
780 0.4224409005900529 0.1741603468098025 0.6773024597736654 100 70 45 0.62
781 0.3731723303514609 0.1789053083625473 0.7429524389683926 100 81 60 0.53
782 0.3660047433935302 0.1709554348602053 0.765437444648158 113 81 47 0.44
783 0.3668688289510498 0.1736044477208404 0.7615312735793202 90 62 34 0.6
784 0.3630407489804607 0.1816572248665523 0.7624269307563467 121 88 42 0.62
785 0.3616978189549361 0.1814593465409495 0.7629197776506791 106 81 54 0.68
786 0.3490956511360933 0.1860933694981239 0.7819883807520082 94 72 41 0.83
787 0.3407037188839371 0.1833506641810721 0.7985993856573752 143 111 71 0.33
788 0.310852959274865 0.1856188222946293 0.8384057864074501 77 55 39 0.51
789 0.3057333759799855 0.1901064399276129 0.84393143825473 114 81 47 0.31
790 0.2967901631147591 0.1956499413898812 0.8579118170118063 69 44 27 0.68
791 0.1667223295225768 0.2049358597477394 1.055133195487555 103 77 62 0.7
792 0.5290843480269108 0.1774480283088415 0.5320645985608532 110 80 53 0.35
793 0.4750826439568989 0.176229200491057 0.6025634779133644 68 47 29 0.44
794 0.339060461465048 0.1989053089026162 0.7941751800818166 61 40 24 0.69
795 0.2604176945989901 0.2177091874129277 0.896407392061247 61 32 20 0.78
796 0.1908342884060696 0.2284325503298441 0.996343998029134 82 58 40 0.41
797 0.5163233877286103 0.1976765692200832 0.54797990739845 72 41 21 0.97
798 0.5045431110907623 0.1995213545269272 0.5620714840287585 47 25 17 0.7
799 0.4753858252931321 0.1867572361697198 0.5981000568570664 138 105 60 0.6
800 0.3550650262475957 0.2112844215679797 0.7663228610294517 62 41 24 1.0
801 0.1221811794414343 0.2561977292239256 1.087255220908131 109 85 68 0.78
802 0.3994463533081049 0.2351459134765215 0.6994086319230401 76 56 37 0.78
803 0.3135677306753994 0.2498734441848479 0.8159347945799191 88 61 28 0.67
804 0.2198418398708637 0.2561866444048412 0.9332051028165886 47 32 24 0.94
805 0.2320631970528482 0.2599391295943688 0.9268560351407154 100 66 49 0.73
806 0.2259320019451492 0.2672440013588262 0.9288454900463798 50 36 26 0.74
807 0.1980986601518916 0.2638779805614315 0.9766445432701444 42 35 30 0.72
808 0.2053823261439001 0.2746194855180157 0.9789052324470127 74 55 38 0.74
809 0.127914961820856 -0.01790168575514858 1.106097302452007 61 37 27 0.75
810 0.1189938453425968 -0.01348442042251838 1.117934915166547 60 42 33 0.66
811 0.1364393718405827 0.0255594286880419 1.09889153884478 59 35 24 0.46
812 0.05787703717329035 -0.01054357845639267 1.198855774516061 168 194 217 0.95
813 0.1162813484692747 0.01591940194585517 1.135035067683169 62 38 28 0.63
814 0.2029496151628672 0.06983884198226142 0.919873279709797 100 61 35 0.8
815 0.1343907572310292 0.06375655255607521 1.102960903891159 55 40 31 0.6
816 0.1468276198618329 0.05970560289598126 0.8701257891999902 53 31 20 0.46
817 0.1513819170259654 0.0695185014023699 0.8755204453092651 25 15 12 0.74
818 0.1432809293239075 0.08749846831850966 0.8630595788073271 104 63 38 0.38
819 0.1836182896098677 0.1035175655500118 0.8918952787222234 103 61 34 0.81
820 0.1650567047082953 0.126326814917126 1.054371295706101 73 46 29 0.95
821 0.518500231811802 0.1187679080944937 0.4839082343366642 117 99 68 0.89
822 0.5210899082936526 0.1378634113017252 0.5628065985483199 39 21 13 0.32
823 0.5225690872613636 0.1390465561976759 0.5111970067984709 123 86 55 0.67
824 0.5268424581549251 0.1478706353630151 0.5488234898788075 100 71 40 0.4
825 0.4650763104755843 0.1541588244156788 0.6254381814542006 85 64 44 0.7
826 0.4770896852522493 0.1624707076734229 0.6045268838479088 142 118 88 0.4
827 0.4249833212431383 0.1727581692992598 0.6739121944822571 140 118 86 0.29
828 0.3282628034517788 0.1886288310899911 0.8112958422867986 61 46 31 0.36
829 0.3064082887613051 0.1956298198630693 0.8407182806844519 105 73 41 1.11
830 0.1250712860688392 0.2028449972183587 1.107917568745443 43 29 25 0.66
831 0.4882119661818338 0.173641110427948 0.5847977198118636 111 84 49 0.5
832 0.4798808866848206 0.1792983122367696 0.5943119401980034 79 60 36 0.29
833 0.4244117805883069 0.1955350014017943 0.6672500284321335 134 100 57 0.7
834 0.263805373388129 0.2191897425037405 0.8891960089052822 97 60 37 0.16
835 0.05740788901378197 0.2478974315297423 1.174122748383355 35 22 15 0.75
836 0.5243543130249335 0.1956025581151482 0.5369835244402283 31 17 13 0.85
837 0.5185714366014367 0.1968217378186541 0.5438440782364984 64 35 20 0.61
838 0.4991185675319907 0.2016321128244006 0.5736079742475457 59 47 33 0.36
839 0.4755880929790623 0.1960451683679197 0.593552782692446 55 42 27 0.53
840 0.39049831548206 0.2193814764272759 0.7184071654376294 99 76 57 0.82
841 0.3614655236529101 0.2156736075204465 0.7552748892269918 71 48 29 1.19
842 0.2637776882810084 0.2259282774857042 0.8715078117481962 35 17 11 0.21
843 0.09990679280582926 0.2623390711165599 1.116829435428352 84 55 38 0.66
844 0.11562637791262 0.2694697584239852 1.095595216196547 33 21 18 1.04
845 0.5060254459083087 0.2111204592888029 0.5631977674064428 89 59 35 0.74
846 0.3232761675992834 0.2479563779875062 0.803198927674431 105 73 38 0.48
847 0.2699394641219087 0.3004680363603508 1.052658899084056 144 118 89 0.64
848 0.08480344546839091 -0.1910197145336653 1.147133541223189 101 90 78 0.72
849 0.06142234829709847 0.0258956622823904 1.19526505513995 87 90 88 1.01
850 0.1256416841369925 0.1566388778465762 1.125737100022323 104 81 63 1.16
851 0.04533893852771254 0.1967281396123288 1.208788021183382 58 44 45 0.9
852 0.5243993692329665 0.166270266927524 0.5442384662438805 141 100 54 0.4
853 0.4475137931406149 0.173674543806126 0.6436115159464766 134 100 51 0.96
854 0.3581405191994972 0.1794022262941921 0.7721887135122174 117 87 50 0.74
855 0.1373204937626864 0.2187668885743334 1.098875972854856 69 56 35 0.57
856 0.3138543244049723 0.2707809969152012 1.152600669437856 156 198 220 0.65
857 0.4391343405564907 0.1802974138854916 0.6512892857942977 87 61 35 0.28
858 0.3029805256641489 0.2297179179091802 0.8298377458875673 67 44 28 1.04
859 0.2376468497720915 0.2435493169302163 0.9107294218958424 137 88 61 0.99
860 0.2306825294519155 0.2446135162692407 0.9256340783273114 86 55 34 1.27
861 0.2792555616431472 0.2447517024327335 0.8647376408394303 64 44 26 1.12
862 0.1335074832151543 0.2829167114831961 1.069020029807626 54 46 46 0.58
863 0.506170075378894 0.09913419127122206 0.5884855887163538 107 92 77 1.07
864 0.07570371311199775 0.117856921203902 1.188561120373608 109 81 61 0.83
865 0.517413524896423 0.1222335421785681 0.5749864883634196 150 109 58 0.99
866 0.1024666494492334 0.1679897534940988 1.149241056183411 62 45 38 0.45
867 0.4297817534096195 0.1725115157241445 0.6674817784260552 115 85 49 0.69
868 0.3853956715535929 0.1727205903676571 0.7313987381630843 129 99 60 0.65
869 0.1581454767638776 0.2118558792458226 1.061973323840019 91 68 42 1.1
870 0.1468436071407065 0.219708106277324 1.06655217670395 46 32 23 0.8
871 0.4734467866399564 0.1858052179839493 0.6060204088794086 117 96 68 0.56
872 0.2433266484510127 0.2180562683364786 0.9186209198884423 70 39 23 0.76
873 0.1281129479368826 0.2576321579061958 1.07985715876501 90 65 48 0.61
874 0.5207573515387587 0.2076019066905472 0.5399265903296684 92 61 32 0.81
875 0.08759551689087741 -0.2338240039804431 1.0970698545107 68 45 32 1.2
876 0.06588222891093243 0.09762396141977718 1.191286046370237 92 65 56 1.14
877 0.1796614424721341 0.1445976175328339 1.053636170361356 134 91 59 0.65
878 0.1650267772691294 0.1537694106473164 1.084498445248824 107 82 60 0.96
879 0.1514949381729249 0.1606901747682665 1.082641703542564 30 22 17 1.17
880 0.3719974372870872 0.1802573882815335 0.7504345274449095 61 39 22 0.92
881 0.2438127686036407 0.2091322070111478 0.9214156575435664 121 79 49 0.97
882 0.4121553540316676 0.1722942293175926 0.6967091715987795 132 114 87 0.69
883 0.3783973564290076 0.1787590945980612 0.7336862990319171 129 96 54 0.84
884 0.431095170414165 0.1911521603765195 0.6535815369971236 120 92 55 0.89
885 0.2358711892172373 0.2299953813473274 0.9203252057812822 98 61 39 1.34
886 0.5057734323037888 0.1389463261830103 0.5803365388685796 46 30 22 2.07
887 0.3634043361175567 0.2314988110728587 0.7556977880887076 53 32 23 0.89
888 0.5468202532315654 0.1275723699214944 0.5416765485085375 50 38 30 0.67
889 0.1125797088592859 -0.2107950084645853 1.106490910370324 99 87 73 0.33
890 0.09272143753714296 -0.1404612514768615 1.043431417069034 102 70 51 0.25
891 0.08755563113260545 -0.2671484468185982 1.147781188890611 175 179 179 0.79
892 0.5196060718397755 0.1364806732023149 0.5726837548775978 42 26 19 0.26
893 0.3416872220693873 0.1780672797939221 0.7978959457317353 89 63 42 0.34
894 0.1895465255638519 0.1999892025237123 0.9845860156171218 103 78 57 0.72
895 0.08095556091906836 -0.2173209843545542 1.076861833612129 133 106 71 0.59
896 0.5244024116612128 0.1351435700985795 0.5595913453755638 89 59 35 0.98
897 0.04602049184663914 -0.223669501864083 1.052866668896676 112 92 82 0.53
898 0.05534267958812417 -0.2126376552488344 1.054654372517115 88 60 36 0.43
899 0.07390685530488322 -0.1975785115578037 1.060036354277185 104 75 48 0.25
900 0.1046179225169563 -0.1827394373379162 1.084665466354629 107 73 47 0.73
901 0.05488567226745256 -0.1938366807992963 1.043655622182372 108 69 42 0.31
902 0.06888941992828551 -0.1799743227254649 1.048742186342788 97 65 45 0.39
903 0.06456931183907755 -0.161939964803305 1.036417476646548 110 80 57 0.27
904 0.05341092084037041 -0.1562709998079273 1.024084106511794 117 80 50 0.33
905 0.07874375926420835 -0.1604494796163746 1.042459319198893 119 89 61 0.5
906 0.1027468015166508 -0.1049165632480289 1.043644271292919 119 81 48 0.49
907 0.1218911613223015 -0.09900427375823373 1.059155810921632 124 88 57 0.25
908 0.1455797136656021 -0.05769941797164735 1.053479789086182 78 53 33 0.32
909 0.02405391809589574 -0.1132311925431953 0.9792147032799261 174 177 187 1.05
910 0.1159070172344762 -0.06107484565929749 1.027241642950147 98 60 34 0.39
911 0.1309296420220488 -0.040887316190789 1.029282967500346 145 110 79 0.63
912 0.06132831308013587 -0.07536120342903624 0.9887249235960565 94 63 42 0.27
913 0.08983785193991523 -0.2166943848132099 1.088063845546125 129 97 73 0.68
914 0.1000119499865096 -0.2069015561330981 1.091277475825932 135 109 78 0.45
915 0.5304476010178102 0.1217670462928916 0.5097001573160506 71 53 37 0.14
916 0.05726893797447979 -0.216044535929685 1.056797537948408 89 71 57 0.22
917 0.0587652678289835 -0.2120270841855887 1.058117501901607 96 67 45 0.7
918 0.06489278639896612 -0.1995419036082413 1.055433321970966 93 67 49 0.65
919 0.09639198964067991 -0.1819055947278725 1.075115341795407 143 103 66 0.51
920 0.1066443630015333 -0.1681219871159727 1.079081742626525 119 91 60 0.56
921 0.05005985571369392 -0.184222458972615 1.036280360530421 102 70 49 0.33
922 0.05561695641231601 -0.1829195485139285 1.040140912023543 105 73 50 0.27
923 0.06261965831394112 -0.1819856554744838 1.046890404219313 114 83 59 0.56
924 0.07067089286281986 -0.1799218100399551 1.052573465194328 110 75 52 0.53
925 0.09197314072792223 -0.1583700674352845 1.056858672517437 121 91 61 0.3
926 0.1075916611711749 -0.1514769758805859 1.071905404880338 101 68 45 0.44
927 0.1058276864056562 -0.151380349544285 1.067858552847893 93 64 44 0.3
928 0.07211616352717809 -0.1584597232848994 1.036008252227792 96 64 41 0.47
929 0.110754229222552 -0.1314352619860846 1.062576517668783 96 69 47 0.31
930 0.1105664567484542 -0.1146292339386334 1.053493315464485 121 85 49 0.67
931 0.0945664314016133 -0.1067431430976254 1.030433168949803 90 56 35 0.32
932 0.07445254218482167 -0.1000985346550501 1.008669261437295 103 72 49 0.5
933 0.1080969723017454 -0.0841178555883717 1.033804733096791 107 74 51 0.29
934 0.1015631217994276 -0.08490830101886637 1.02918421992589 100 72 50 0.33
935 0.05763355150834121 -0.1045910900948114 0.9989626645076299 114 78 51 0.47
936 0.0560800320352966 -0.08468378876266724 0.9883103263104714 77 46 28 0.38
937 0.08369832998857041 -0.0731422448409384 1.001645342794703 97 61 39 0.39
938 0.1045648455195101 -0.07297291614932699 1.016355003859297 121 87 59 0.55
939 0.04171665462259322 -0.0809142443789222 0.9654485423795014 107 78 60 0.68
940 0.1551785370218043 0.0005184116371166891 1.030063067189845 115 84 56 0.53
941 0.06321273610445438 -0.061199642143902 0.9672522125639509 129 93 65 0.51
942 0.5270577378031642 0.09632813768535427 0.5670171616525114 61 37 28 0.59
943 0.5404180306804161 0.1214576119876875 0.546481853790867 122 95 67 0.77
944 0.09750598523017123 -0.209287543984022 1.08829253992754 86 61 41 0.56
945 0.07732911894560557 -0.2125627276171908 1.0699323126163 126 99 75 0.66
946 0.07666660123349439 -0.1806607069113058 1.052472934436214 134 97 63 0.33
947 0.1140474039802271 -0.1864891625223161 1.093387676890783 96 69 49 0.54
948 0.07763583673518742 -0.1775602432891044 1.054421740658428 80 53 37 0.32
949 0.09166763582053261 -0.1363491378191403 1.044375577625226 75 49 37 0.32
950 0.05433554721604295 -0.09390868585948459 0.9951406020656841 118 81 43 0.32
951 0.1019932684954571 -0.06558681825941404 1.016054468293556 113 79 51 0.32
952 0.1675393080164551 0.01448498878648199 0.8868344010509375 94 67 49 0.31
953 0.1678888596636644 0.06036384236550593 0.8802518075826812 117 80 54 0.54
954 0.5232116806693909 0.1033193797161559 0.5192257675482385 139 91 54 0.76
955 0.0768378606573763 -0.1504863133882139 1.041555657016029 88 54 35 0.43
956 0.08423604234865784 -0.1715393123248968 1.055157328441382 152 113 71 0.56
957 0.110727084733717 -0.07000857908622221 1.024326257340353 88 51 31 0.46
958 0.02338310233663043 -0.0861581718167993 0.9620547467695548 99 76 63 0.65
959 0.07309450501000264 -0.06996100913597686 0.9880138731902339 98 61 39 0.62
960 0.1526658181999979 -0.01662904838192239 1.043395033971874 81 48 29 0.68
961 0.5324696047372897 0.161500255852723 0.5173658143991295 126 91 61 0.1
962 0.1107248849464788 0.03988490645089068 0.8494805300575845 145 93 43 0.52
963 0.5382746886199999 0.1521501841617177 0.5213908013242756 70 42 24 0.81
964 0.5177952360395617 0.1375130857132256 0.5061038901042499 88 57 36 0.3
965 0.533679836438395 0.1552267754285581 0.5169800072640351 77 46 27 0.54
966 0.5322545173582233 0.1667963210474591 0.5162068419956733 143 101 70 0.16
967 0.5333061556886176 0.156438516369088 0.5178205297496662 58 34 24 0.6
968 0.5330442742020963 0.1583275548592704 0.5181582089032752 124 94 66 0.25
969 0.5277213825611056 0.1659993958289267 0.5127070570789221 70 43 30 0.45
970 0.5313120938741521 0.16883003389998 0.5160415907551157 137 98 57 0.45
971 0.5319670728172423 0.1713619512821499 0.5153030481073374 125 84 48 0.25
972 0.5296573417877559 0.1658112280305936 0.5140521295466951 130 91 56 0.35
973 0.5336052165866256 0.1376423395779845 0.5202917855136815 88 70 49 0.4
974 0.538432423384233 0.1196418581171896 0.5175346469338795 166 109 54 0.4
975 0.5278229161155663 0.1653946349476178 0.5115815085106121 59 35 21 0.68
976 0.519115299534506 0.1360989192248015 0.5077609992608265 36 21 15 0.95
977 0.08986735767449061 -0.2426323257436809 1.094267380847034 99 79 56 0.72
978 0.07317596622471872 -0.2195862187974144 1.073163535789812 154 120 73 0.95
979 0.06355000664295235 -0.1514340458760542 1.031893507629405 160 118 79 0.14
980 0.06093941672541914 -0.04487116597343338 0.9619250977868816 163 116 89 0.1
981 0.1701561870648928 0.02096624465344171 0.8888421389361385 113 73 44 0.57
982 0.1897748949705325 0.01960069427870081 0.9168561550918745 144 103 67 0.45
983 0.1875732291519859 0.0217786017563868 0.9160099507008155 102 58 31 0.33
984 0.1434631216521664 0.03455843265841349 0.8647926129748282 104 60 33 0.49
985 0.1640916620456658 0.05995512111267257 0.8695561958004521 109 82 52 0.99
986 0.1106270142992038 0.06371139792454819 0.8408461528208817 158 98 51 0.48
987 0.1351198063740487 0.069342129908845 0.8557088346402709 159 100 61 0.46
988 0.1410032965810427 0.07473866629433143 0.8580190344746841 184 127 75 0.39
989 0.5552418140378881 0.1980081845002168 0.5300639930469322 47 27 21 1.6
990 0.1334946352999786 0.2502552214807439 1.076900313723848 52 34 23 0.48
991 0.3210425305947229 0.3122122469441332 1.095687922186532 172 130 102 0.44
992 0.05694620050180682 -0.1590255886965535 1.024663090831845 162 112 66 0.72
993 0.07927069671076431 -0.1574422103866933 1.042763715127893 115 80 53 0.19
994 0.1262820703142219 -0.09526505240193622 1.064207028278164 151 117 77 0.46
995 0.17409888752993 0.01862855195321875 0.9052791228740595 122 80 52 0.6
996 0.04086705487310771 -0.08546733444386806 0.9734295548002219 124 86 58 0.75
997 0.09706146873618982 -0.09663272737231282 1.022741331716385 146 107 69 0.34
998 0.1535938515826714 0.01661904676828591 0.877832159627383 74 48 33 0.49
999 0.2072260665741833 0.02722798600654858 0.9337146520449568 86 52 35 0.42
1000 0.2043405843840707 0.05226405111237231 0.9269628665108602 126 79 46 0.48
1001 0.1851847040549508 0.04349738658454502 0.9107013259978576 170 103 49 1.01
1002 0.5175007178550439 0.1331589888252202 0.581308977791045 90 65 47 0.25
1003 0.1403967190754526 0.05143688607888214 0.8573762921065811 71 40 24 0.68
1004 0.07910439777870237 0.2319388806450349 1.168811245976615 77 56 32 0.48
1005 0.1286161978916318 0.1658615229648518 1.114666085823439 86 61 44 0.63
1006 0.09097457391396613 -0.2451080736890341 1.096142035859668 72 49 32 0.57
1007 0.08887543978151086 -0.2138528925630638 1.089901134586627 111 88 67 0.77
1008 0.06888010518485738 -0.2185072432500645 1.072243712064746 115 86 60 0.68
1009 0.05984488842059649 -0.2201814258167021 1.066595333535893 93 72 57 0.65
1010 0.06673206334151027 -0.1891217136513588 1.054068075161966 128 91 60 0.4
1011 0.1093194730502898 -0.1628297940884873 1.083635411910864 100 66 42 0.72
1012 0.1407022032875336 -0.1037511352888901 1.075982235491093 126 90 62 0.37
1013 0.09547222314703518 -0.07560752577312058 1.012798591445712 87 54 35 0.51
1014 0.1452150310928628 -0.05528699250225666 1.071559122327698 99 71 49 0.87
1015 0.05254808801997446 -0.08532375712584384 0.9854769344815741 111 76 50 0.47
1016 0.142856840226626 -0.0307671315351703 1.037653164004086 142 106 76 0.68
1017 0.1580244170444861 -0.03051568936143847 1.061767132638334 110 76 50 0.6
1018 0.05498645462433366 -0.05922033664561588 0.9656585069222952 71 42 27 0.95
1019 0.06922188830126957 -0.05102463791678741 0.9672709377277031 123 85 55 0.41
1020 0.1229619487075543 -0.02809161553078127 1.006496968294125 200 156 111 0.46
1021 0.146376810147188 -0.005733799174500398 1.022255051115969 127 93 53 0.26
1022 0.04892787858136055 -0.01392464466963514 1.202107534081425 175 180 189 0.39
1023 0.09352931303227291 -0.007395303922854396 0.8465275683781948 156 136 121 0.5
1024 0.153964723275702 0.01367653624000459 0.8778758131852427 84 52 37 0.37
1025 0.04020018956094817 0.02507278186998171 1.206990428022723 120 101 81 0.22
1026 0.5085682287713471 0.1139855419358359 0.5852997387166097 126 91 62 0.94
1027 0.1861902507754001 0.06069562809622403 0.9034440221739124 138 89 50 0.66
1028 0.1800448888624522 0.07292348802730839 1.03415719623879 106 75 52 0.79
1029 0.1657326635673438 0.07084754177743366 1.053980307193985 102 69 48 0.44
1030 0.5468501906516816 0.1280516055756925 0.5280833664833909 52 44 32 0.25
1031 0.1585219064597655 0.002775017650023581 1.068745165801566 89 59 38 0.28
1032 0.5344891736494669 0.1311532342862541 0.5593089798535387 84 70 54 0.55
1033 0.5066245668402699 0.1293897416428699 0.5882814183260515 124 126 140 0.53
1034 0.5211716994542327 0.1375369511082052 0.5678013040898725 76 49 32 0.35
1035 0.1766488401185927 0.1074196386909425 0.8829704874285342 168 110 68 0.47
1036 0.1799529817383623 0.09831226683517577 0.8935403134314849 95 50 27 0.5
1037 0.180890957763982 0.1302489339645927 1.000431617462493 130 96 60 0.47
1038 0.5065643737994348 0.1544466077911227 0.5758139353937303 86 58 32 0.27
1039 0.200910921885485 0.1504708373522322 0.8983716953573098 118 65 36 0.34
1040 0.1669712539801181 0.1603176996913175 1.054712318117518 71 46 34 0.44
1041 0.05485577836769417 0.1711961993747351 1.221433426822441 186 175 162 0.37
1042 0.478361425196098 0.1663456978902562 0.6020205725679766 117 84 52 0.26
1043 0.4605515728347983 0.1675953286756608 0.6270115977843497 122 94 62 0.43
1044 0.3695344434799223 0.1794937639145304 0.7578012075237095 84 55 32 0.58
1045 0.3417570369171518 0.1788381307322512 0.7954784135349714 109 83 51 0.36
1046 0.1452701905545054 0.1788627171079528 1.089511379920243 61 40 30 0.24
1047 0.5039080179552191 0.1768477758120641 0.5680277866291403 137 95 53 0.34
1048 0.4692992315448812 0.1854155765749612 0.6083890438683829 104 74 46 0.18
1049 0.4423304391896805 0.1873530384607092 0.6453112540293526 146 111 64 0.26
1050 0.4226384313037724 0.1866831799346554 0.671738195507984 115 84 55 0.48
1051 0.3307827279061518 0.1926317123802575 0.8084722219606595 84 65 47 0.29
1052 0.2581661637697338 0.208201612145774 0.9035538476916936 132 89 53 0.24
1053 0.2491287611086565 0.2119205419072456 0.9031083168401087 63 39 24 0.46
1054 0.238792288597611 0.2319216223007418 0.9191418810612246 100 50 31 0.26
1055 0.06306332191717717 0.2455770825974001 1.174711113824059 56 41 32 0.56
1056 0.1737174673969162 0.05669224505853329 0.8796840632903953 132 88 60 0.16
1057 0.09462812811091936 -0.0632809003517637 0.9902442377697589 144 96 55 0.63
1058 0.09922292565354957 -0.2327483957585819 1.115268184651314 87 68 49 1.16
1059 0.05243737475177607 -0.1793684910434723 1.033423127997662 146 105 69 0.6
1060 0.08493114496538334 -0.1429470019086787 1.03834780155928 128 84 51 0.38
1061 0.04461688531453833 -0.1423047462540927 1.008608441715916 146 96 57 0.33
1062 0.1173819708232436 -0.1095997262868409 1.058553341845599 96 63 38 0.85
1063 0.02523913467769623 -0.1012453095162596 0.9734682010950725 187 179 176 0.33
1064 0.1469353654053803 -0.01835420934610446 1.030129991454883 152 109 66 0.32
1065 0.1661765904100942 0.01333660618478319 1.046846453394789 88 50 36 0.4
1066 0.1670366856879582 0.02248506202034939 0.8870236101717847 143 101 65 0.52
1067 0.156439261282086 0.04189266276632009 1.064818025229009 148 112 65 0.51
1068 0.5145551972593889 0.1167589250293275 0.5783492115897467 129 85 39 0.47
1069 0.1005396762628984 0.03761688014045855 0.8376442147978345 139 89 48 0.56
1070 0.06950776790569285 0.09006357285618835 1.193984313351387 206 198 190 0.63
1071 0.1986710391155607 0.08974916988011522 0.9156285403610009 87 46 25 0.62
1072 0.1913801405823697 0.1158201565991162 1.026117608827334 87 50 30 0.49
1073 0.1847626199574995 0.108509940425035 0.8880260062988907 89 46 24 0.54
1074 0.1743657318062151 0.1231357281575216 1.042406577008824 108 70 46 0.86
1075 0.5229682040597533 0.1488542497295613 0.5122698552763616 44 26 18 0.42
1076 0.1637215097559132 0.11813363835582 0.8702895777111965 103 54 25 0.42
1077 0.2442015258251842 0.1625528638909571 0.9379874975100112 143 105 68 0.39
1078 0.1845638081693939 0.1595730253727494 0.9979734749515364 58 33 24 0.41
1079 0.1943425302270136 0.1656408252736268 1.014689064763636 49 29 18 0.09
1080 0.5372275226381513 0.1607079690365787 0.5266755988138796 105 75 50 0.4
1081 0.4860372551998873 0.1689157903212202 0.5888588068354292 125 106 84 0.36
1082 0.4034889243477111 0.165465037149931 0.7066751473120985 83 58 34 0.63
1083 0.4181458762123638 0.1848215839676754 0.6806426857373594 125 89 47 0.61
1084 0.4068247121075763 0.1775476005475923 0.6965538191420511 138 117 92 0.53
1085 0.369874370316196 0.189162706058203 0.7530510585562943 136 106 66 0.37
1086 0.3628698404732468 0.1919498452934342 0.7597105176402131 92 69 38 0.39
1087 0.3109259571625435 0.1997651783437098 0.8366668724793718 53 37 25 0.78
1088 0.1932278674255851 0.2076780402030025 1.016185785638738 101 76 56 0.46
1089 0.4285419233287694 0.1923712545721239 0.6634677253553698 76 56 34 0.73
1090 0.2588837367490849 0.2200812111983595 0.8938537926164796 110 74 48 0.55
1091 0.2394075540307984 0.2207421629882971 0.9208976536572588 73 40 26 0.47
1092 0.1518189279390245 0.2261523518531456 1.052548668201447 43 26 18 0.29
1093 0.3238141086619434 0.2645062235352189 1.111109370556034 122 85 61 0.55
1094 0.3540638162173528 0.2305949853803901 0.7599145216375467 45 27 19 0.54
1095 0.4107613266387335 0.2429337350402053 0.6979191642113016 97 72 47 0.91
1096 0.1547480594439641 -0.03469161458021097 1.068120159472832 52 34 27 0.61
1097 0.1170742892330991 -0.01822099244453598 0.9852541576907692 113 74 46 0.41
1098 0.1603862461699596 0.006454158014508438 1.031488739987399 175 140 100 0.81
1099 0.1745180283836573 0.04832468778271098 1.036059533934643 124 87 59 1.09
1100 0.5391345220615238 0.1304688501522427 0.5456614766124765 44 32 25 0.61
1101 0.5431075390900402 0.1420485232122731 0.5303350586393105 55 47 40 1.06
1102 0.5288269351162926 0.139975317991252 0.5487308840463073 63 31 15 0.37
1103 0.5267113939018753 0.1439618426460232 0.5491726956375866 100 70 43 0.36
1104 0.5328853552284305 0.1444929403723217 0.5181259723154226 120 84 53 0.46
1105 0.4564824670141754 0.1574952538238305 0.6360571989756882 123 104 78 0.3
1106 0.5153562643824616 0.1647076685602501 0.5571284889459779 75 44 20 0.62
1107 0.3368179419489857 0.1862140514831982 0.7953254495743699 43 34 22 0.71
1108 0.3960235951931826 0.1966040686806908 0.7050869209208317 128 94 55 0.35
1109 0.3897228187249882 0.1963861728860453 0.715458800689255 146 103 56 0.46
1110 0.162161389471946 0.2299547238424724 1.036568485123333 109 76 55 0.41
1111 0.1388662445616092 0.2774687590476976 1.065670269054416 41 31 29 0.81
1112 0.3264610123078164 0.2915562200429641 1.102538317948284 131 92 63 0.31
1113 0.05660196496601988 -0.2312439096003019 1.074225200202869 140 111 80 1.35
1114 0.09799860645485403 -0.2282649274882577 1.113588764718222 56 36 29 0.72
1115 0.1651679802459255 0.04133705460356757 1.025663712124329 156 115 79 0.94
1116 0.1012520225574297 0.01643043822619608 0.8474771301691015 109 68 40 0.92
1117 0.142120748496183 0.04538401434537698 0.8611209381129572 146 100 60 0.58
1118 0.5514606270306953 0.1232643641797118 0.5292773243976134 98 72 52 0.43
1119 0.0794147928152531 0.03625891988569407 0.8217708947137847 157 104 62 0.88
1120 0.08265897177174425 0.04251523819866526 0.8257203860083424 151 101 53 0.55
1121 0.1853365626103673 0.09661570618901107 0.8997791118006034 146 89 46 0.78
1122 0.06389897167261888 0.1841999568498545 1.18787892918919 42 28 22 0.85
1123 0.3525588675575188 0.2040174244070464 0.7697476014982292 61 37 20 0.52
1124 0.4961562026343527 0.1447249756251207 0.5848322141043073 62 42 25 0.23
1125 0.04724944047055424 0.2396043938147902 1.198795722863023 68 57 41 0.4
1126 0.2383077734398482 0.2400992944278876 0.9182138206376075 83 46 27 0.56
1127 0.1418201174181034 -0.01436595544591002 1.0209647253654 101 65 39 0.61
1128 0.152634156456825 0.008860224931413668 1.07012482590447 118 83 62 0.75
1129 0.2082833289868863 0.03701753313029624 0.9379055418836693 107 68 39 0.72
1130 0.523242188660381 0.1146392959786591 0.5674688724665515 98 57 28 0.63
1131 0.2776577078346423 0.1206861529005861 0.8992212188131647 191 127 76 0.64
1132 0.3658964781315897 0.1946296604542953 0.756375270149795 61 44 27 0.93
1133 0.3492131658909264 0.1841589874783897 0.7856991333299392 59 43 30 0.7
1134 0.1287076383499303 0.2411145563137291 1.086252716664049 71 46 31 0.93
1135 0.1685295111955785 0.05381357867921668 1.049673256717879 64 38 22 0.67
1136 0.1967713347988705 0.09630381518284281 0.907764572452495 170 108 55 1.02
1137 0.1127040518727065 0.178660005214641 1.131407224292666 93 66 47 0.71
1138 0.2575372136900815 0.2145438067381748 0.8981479253082463 62 27 17 0.68
1139 0.1366367022956363 0.2318298650553008 1.070502842784399 38 24 15 0.78
1140 0.09506411379028545 -0.2187582214897124 1.099597550976658 153 124 80 0.92
1141 0.1590503087620839 0.003580166872146129 0.916346609365002 178 133 97 0.83
1142 0.2466069400335794 0.1430143130262085 0.9397727971626562 110 80 50 0.48
1143 0.05180121448514258 -0.2460015107290424 1.08481993960497 56 40 30 0.83
1144 0.4044305850428285 0.1833487073788159 0.7028701313527804 99 70 39 1.08
1145 0.4195840271245405 0.2007911315542218 0.677440812216349 161 115 70 1.04
1146 0.08219133067177375 -0.1892926040746734 1.061890178356112 122 87 60 0.56
1147 0.1553289098759867 -0.04188106804643016 1.055416382761347 113 88 55 0.33
1148 0.3601405678835909 0.1896685350073689 0.769357136105402 55 33 19 0.36
1149 0.1459694361086555 -0.08247007257047617 1.070082709094045 93 63 38 0.74
1150 0.168216295870219 0.02248124262583914 1.037465128275436 137 94 65 0.46
1151 0.1925245935939374 0.2283292759713821 0.9949619782464152 115 79 45 0.43
1152 0.09490952935847313 -0.1435942761975845 1.054824774035295 99 73 49 0.32
1153 0.08303731881232773 -0.2699730045539519 1.158180605412326 100 93 91 1.04
1154 0.06125427277253948 -0.1788703309456663 1.17113143490585 106 107 102 1.52
1155 0.04506747688091439 0.1893367827050776 1.213118050359246 63 66 64 0.54
1156 0.1286202814839686 -0.0291921352763366 1.009314897943658 129 88 57 0.73
1157 0.1633163816928918 0.03360685151630818 1.031467971117999 135 99 70 0.65
1158 0.105231699717842 -0.1244739978334459 1.058632609606946 91 66 39 0.29
1159 0.4221145349054846 0.1841331660764599 0.6681599726406718 78 55 40 0.48
1160 0.05358883240371082 -0.1834299566665107 1.038279347097006 121 89 63 0.39
1161 0.11796339788469 -0.0693182486586752 1.023812578988531 77 48 32 0.62
1162 0.1173938161765382 -0.03167748460602596 0.9585206742607272 100 64 42 0.48
1163 0.1710679334637144 0.01837926574731868 0.8815811954342198 113 82 62 0.82
1164 0.1415180645726848 0.1830151139411575 1.081786681814001 52 28 21 0.48
1165 0.05457761928364391 0.2365930603007977 1.198942718011291 92 79 53 0.64
1166 0.1483145287406419 -0.004615787376861968 1.044980774871519 130 106 78 1.37
1167 0.09243416682607453 -0.2744876304114072 1.089058100325788 103 87 79 0.61
1168 0.09930662264743151 -0.2307872157405215 1.104595486472929 71 53 47 0.65
1169 0.08514309435777556 -0.2439920095816502 1.158755002489118 159 180 193 0.28
1170 0.06157752824172547 -0.1624598662551231 1.033777457999297 112 82 56 0.27
1171 0.1422543961688201 -0.08081767298804049 1.067786763692833 127 101 73 0.61
1172 0.03112741136063424 -0.1083222691041047 0.9796460313961549 128 90 66 0.28
1173 0.1054044268397781 -0.06930944175150888 1.015778320333523 131 87 51 0.75
1174 0.1158563180314764 -0.08058965576512966 1.042449424563374 140 100 74 0.32
1175 0.1170339891350251 -0.0721247160295842 1.035315543445319 121 79 47 0.29
1176 0.1425203749313653 -0.053901851905793 1.059141885989697 120 76 42 0.58
1177 0.07354065795203379 -0.08279436222286596 0.9952254817961682 106 73 49 0.34
1178 0.1069229511121372 -0.05885734398723697 1.004325728829335 121 81 55 0.61
1179 0.1042780576295541 -0.06428765905309092 1.025005311200093 124 80 47 0.4
1180 0.113257107460956 -0.05303504172027174 1.018258956231774 129 90 62 0.46
1181 0.02601417458695454 -0.0894763367712193 0.9664099045813025 154 112 84 0.65
1182 0.03725422623275609 -0.05054680789745553 0.9488984337551143 152 106 76 0.33
1183 0.1662739061597833 0.01984198771044282 0.8873150276004746 148 107 68 0.25
1184 0.09001084626565792 0.001769453386015779 0.841402882895138 178 178 177 0.57
1185 0.1369615791880459 0.083160712821605 1.121571188206941 117 81 57 0.22
1186 0.1696447265600513 0.06127039518485011 0.8839142957607719 96 58 39 0.34
1187 0.2821857167837831 0.1268918897529649 0.9096794314722489 126 86 55 0.48
1188 0.1843638673525272 0.1110633013199852 0.8932761841936289 151 90 50 0.72
1189 0.1850305583034789 0.1601925377150039 1.027502439437952 106 72 52 0.3
1190 0.4423508003445857 0.1687175328026994 0.6504503072221941 173 136 89 0.38
1191 0.4344536479361252 0.1696646949644109 0.6624926844280697 135 119 98 0.21
1192 0.4230568615666698 0.1664941390754342 0.6786663892282391 106 78 50 0.2
1193 0.3239900933525379 0.1696439134815278 0.8223091282752897 165 119 72 0.23
1194 0.1849429424230426 0.1775085892388633 1.020036460256853 81 43 22 0.31
1195 0.1268706676819256 0.1756295637530737 1.113466887630442 63 43 32 0.36
1196 0.4494445442135691 0.1710905569226618 0.6414587102844185 127 99 68 0.19
1197 0.3980239964647718 0.1740841722151036 0.7138893947332237 125 89 61 0.14
1198 0.3650830219016408 0.1893806731012294 0.758034968671339 139 106 72 0.23
1199 0.4103376592922359 0.1896457189305238 0.6885948931823029 152 114 69 0.23
1200 0.362027290738536 0.1985230310576335 0.7603956728824015 82 59 42 0.83
1201 0.3607770309155272 0.2049374419333554 0.7592440794629863 106 80 50 0.27
1202 0.2579010867321301 0.2236830618261738 0.8938874408622437 111 69 44 0.57
1203 0.3882686929839425 0.2222385927443268 0.7205161324882152 88 62 36 0.41
1204 0.08327537857575767 -0.245939161993061 1.084504055148487 107 80 58 0.98
1205 0.079216580857771 -0.2158916452112551 1.076649166057659 117 90 66 0.75
1206 0.09819074633265662 -0.1954135249353143 1.086165439700019 137 98 69 0.92
1207 0.1046481440774342 -0.1904247546988949 1.090948579770838 108 82 58 0.75
1208 0.09799194170227732 -0.1732234923255435 1.07412394772084 116 85 61 0.54
1209 0.06746100228967278 -0.1780623819134516 1.047394414872196 124 96 72 0.48
1210 0.09864977789477791 -0.1654585769144669 1.071674307253821 90 61 45 0.6
1211 0.1160484773240928 -0.1408998602485492 1.072090250292052 103 70 41 0.6
1212 0.05840445660980242 -0.1658367833609994 1.033080983857546 114 78 56 0.35
1213 0.1013151427747271 -0.1441473186491286 1.058131942809505 111 69 45 0.05
1214 0.1022422675530164 -0.1327712564103358 1.048911383771893 144 102 61 0.13
1215 0.1123089570031799 -0.1309289157410426 1.066617737241868 123 88 57 0.3
1216 0.1346835777942593 -0.1079449868707342 1.073927917235988 139 97 61 0.38
1217 0.0695048956776087 -0.1127536126642763 1.014190020365288 124 84 55 0.49
1218 0.08594532446735176 -0.111556780628208 1.027429488210813 145 90 45 0.24
1219 0.1159636457218361 -0.08019278340913066 1.038417503925181 142 100 64 0.23
1220 0.1292523525879095 -0.06617840521086576 1.039979815349688 131 93 59 0.44
1221 0.1269583865937129 -0.06432864011597977 1.038257770618744 134 95 66 0.27
1222 0.1238982006191741 -0.07578337911319588 1.049684366909274 92 65 45 0.28
1223 0.1526209887170851 -0.05977463245237785 1.062425386765638 116 86 60 0.61
1224 0.05327373669820745 -0.08247780999231386 0.9830780217435044 138 100 69 0.45
1225 0.02934930815814618 -0.07298604844756468 0.9558580039000319 163 122 88 0.33
1226 0.05085964730272052 -0.06834227294382589 0.9753170945707039 136 104 80 0.45
1227 0.09444554699441182 -0.05627463513500214 0.9895683598119301 150 102 68 0.63
1228 0.1132906080919685 -0.0466021476991838 1.005775767168637 62 41 23 0.64
1229 0.1313541882996979 -0.0235699125289498 1.01539333104864 197 140 86 0.45
1230 0.06788341734770154 -0.02984632880031107 1.184765798593409 103 81 67 0.52
1231 0.02321411375130811 -0.07030540884482472 0.9541539380446531 85 63 59 0.44
1232 0.1507147352822966 -0.005683989561975911 1.079027247823847 74 54 40 0.38
1233 0.03772470806172601 -0.04816819742108591 0.9486728428840127 121 83 60 0.5
1234 0.1952510983322945 0.02573073192052655 0.9210292166822581 136 87 53 0.5
1235 0.5503438848020015 0.1240571231505607 0.5273286867758045 79 69 50 0.46
1236 0.09375002224502799 0.001478841164156364 0.8466124355958735 165 120 79 0.42
1237 0.1782521931529216 0.0363606453342816 0.904053720422314 123 74 43 0.69
1238 0.1765293583261064 0.04804419462560083 0.9005054067627676 146 97 64 0.29
1239 0.2130452505551941 0.05863227457083584 0.9298984911742885 154 111 83 0.27
1240 0.5263886897023793 0.1331337159074517 0.5688986912368552 89 61 43 0.74
1241 0.5108780534658312 0.1290621322950993 0.5831549710170321 100 67 44 0.47
1242 0.1694652320805176 0.06565141501285376 0.8817431411601749 70 36 22 0.59
1243 0.1729688576419308 0.0979521575878545 1.06259075276874 153 115 76 0.83
1244 0.2840140638664501 0.1247356689042336 0.9042526309854824 112 80 52 0.59
1245 0.3703511209265362 0.1859483941451326 0.7473194386308626 93 66 39 0.3
1246 0.1833951656468282 0.1003395793559021 0.8896775221625783 134 76 44 0.48
1247 0.1785644879378287 0.1068673723452004 0.8848885855638384 112 67 39 0.49
1248 0.1821099977654432 0.09963661009302684 0.896150340098987 122 68 36 0.58
1249 0.1833915426528343 0.1075927184578377 0.894291101826135 173 105 45 0.27
1250 0.2786572068526782 0.1314875301170788 0.9038364329954227 72 51 31 0.36
1251 0.2574063193157169 0.1401694997777367 0.9295512760619031 62 37 24 0.42
1252 0.5060217847022435 0.1591160506094962 0.5729415634073873 88 51 30 0.25
1253 0.4299307352031425 0.1692393556784887 0.668995440820162 143 121 98 0.61
1254 0.3558201754312885 0.1657754811876978 0.7809669311936529 96 72 45 0.35
1255 0.2710642384165792 0.1901014537856455 0.9063026072652844 94 65 43 0.24
1256 0.2992533415792726 0.197307133743401 0.8539237040149497 79 51 32 0.26
1257 0.4554689668830892 0.1876834300343235 0.6261738514206597 143 109 70 0.39
1258 0.3390371462698281 0.2009932889191071 0.7956807977669511 94 67 49 0.45
1259 0.2877550189306498 0.2038933133714562 0.8647233216212219 86 58 38 0.59
1260 0.2889993783870771 0.209458037145451 0.8627666832552467 59 44 29 0.53
1261 0.2661935932846179 0.2170767875375932 0.8870522591217249 127 81 47 0.97
1262 0.2367330411614562 0.218311265009134 0.9283040433610161 75 44 24 0.65
1263 0.1864025946103287 0.2506354968994788 0.9948295643673153 110 74 49 0.31
1264 0.1494188908270893 0.2597216588741129 1.042891918230147 73 46 32 0.38
1265 0.03807598516630673 -0.2511692458411821 1.08188748812506 74 67 61 0.81
1266 0.05966076850991792 -0.1968420544690754 1.048862084093141 135 102 74 0.46
1267 0.1171446818890795 -0.09618274993890352 1.107988139044931 107 77 52 1.26
1268 0.1284160549229046 -0.08886349010937361 1.095522925671283 72 48 35 0.7
1269 0.1549870195817191 -0.0619694995507411 1.064991227946139 111 76 56 0.35
1270 0.1114801935555762 -0.07917542528193927 1.037606939691061 104 72 47 0.21
1271 0.07736047814445207 -0.07173632560772941 0.9957750485753661 118 81 53 0.43
1272 0.09438923497359047 -0.07235440130131138 1.010930162194965 114 79 51 0.67
1273 0.1323118735582564 -0.03734252350164624 1.026759893702951 164 129 80 0.44
1274 0.1898429907372954 0.01951805303386334 0.9171514870164532 145 100 65 0.16
1275 0.1567995813356451 0.008218650955707202 0.8924459976057717 145 104 66 0.63
1276 0.152864601100118 0.04169660548845849 0.8699151405023009 134 91 54 0.62
1277 0.2150946066615719 0.08136109127981123 0.9279569342372902 179 122 74 0.56
1278 0.1400052204172074 0.05352394463353383 0.8598152782851769 98 67 43 0.51
1279 0.1714515910290377 0.07145701230170759 0.8892323136685083 114 70 42 0.52
1280 0.27546367792368 0.1322271737458627 0.9023630069540098 106 62 32 0.3
1281 0.1517034040102687 0.1285337742924423 1.095451933523852 121 84 48 0.62
1282 0.5073955518671404 0.1534439778798817 0.5743191430154188 65 47 33 0.19
1283 0.4799814910366673 0.1478149513994497 0.6061832508612052 88 62 38 0.23
1284 0.4683412582094231 0.1607322293483032 0.6176333897748005 112 88 62 0.23
1285 0.4339880487683556 0.1591802586690458 0.6675394085002806 121 93 59 0.3
1286 0.04626823975913263 0.1560003266055389 1.21564651813777 180 192 196 0.28
1287 0.3700068710662903 0.1887636944564867 0.7469317755159763 111 84 51 0.19
1288 0.2834746956776176 0.1930125000829268 0.8737281023235984 124 92 52 0.14
1289 0.3672789475152752 0.1971649805421487 0.7524423527621225 117 90 50 0.42
1290 0.1395096151478655 0.2208489717228993 1.095455767830877 97 72 54 0.23
1291 0.1620998059240215 0.2374009491256966 1.036138248451218 78 55 39 0.66
1292 0.3747041639511755 0.2106558411534278 0.7294345967239252 102 73 39 0.46
1293 0.09772084295285904 -0.1395083616396982 1.059198503222518 149 106 65 0.38
1294 0.1427527421156418 -0.0592148280800569 1.048023054428744 126 83 46 0.49
1295 0.1015858809930438 -0.0591599385132256 0.9954276945574877 118 77 46 0.84
1296 0.126973381264166 -0.05515120292978254 1.039477204483386 146 99 57 0.44
1297 0.0443372171109605 -0.05493679488680669 0.9644722777542725 149 113 89 0.69
1298 0.06578769395424405 -0.04267328409462418 0.9640633248696322 167 113 62 0.48
1299 0.543151521225943 0.105221325839739 0.5307156042998722 158 109 62 0.6
1300 0.1536798768411791 0.02140347188858399 1.075310162381129 77 55 41 0.39
1301 0.5513033294998816 0.125149855208428 0.5261965507310972 97 71 46 0.59
1302 0.2080707518886717 0.05308321188826406 0.9291010066494512 141 89 49 0.49
1303 0.202666303046449 0.05495654772347813 0.9236509469937627 167 106 61 0.34
1304 0.2113946675916936 0.0930158608983243 0.9229475554736153 116 69 38 0.49
1305 0.2214263657919351 0.09486788591285207 0.9284472249639744 86 41 23 0.2
1306 0.1823215430293226 0.09159819175754591 0.89884858926403 121 71 39 0.61
1307 0.2111396729664575 0.09958568674295827 0.9194233024154361 124 72 37 0.86
1308 0.1806496650566735 0.1086704448820392 0.8862852069248572 150 94 50 0.67
1309 0.5021270434991448 0.1580158040535961 0.5768930573288 76 52 37 0.85
1310 0.2545944984268745 0.1713933629371036 0.9230377896762985 85 52 35 0.38
1311 0.3737369138040146 0.17720341655957 0.7552903383052683 94 71 46 0.41
1312 0.1806365238287529 0.2207724348916846 1.015494501753152 52 32 19 0.59
1313 0.3681715978522687 0.2042221287946986 0.7478026501458741 65 40 18 0.24
1314 0.3363564906375627 0.2214298739876255 0.7897407079196719 62 44 29 0.55
1315 0.1246207491404099 -0.1485870534249496 1.079604932177198 145 106 76 0.54
1316 0.1213577676110572 -0.07686760532678666 1.044697620679015 144 106 65 0.27
1317 0.0437613153063301 -0.09230516155758123 0.9840911920882177 148 97 54 0.65
1318 0.1526856282195665 0.01872673521894164 0.8737457160467474 167 116 65 0.53
1319 0.1727322366170829 0.07302190999564084 0.8945058500892635 140 94 57 0.89
1320 0.1082058783684969 0.1594133032480161 1.147590671135182 90 67 52 0.82
1321 0.1648699196919425 0.2248707231952949 1.032277844794191 41 27 18 0.76
1322 0.3675115652650579 0.2081536959644636 0.7467969396856998 56 31 14 0.34
1323 0.1626879721181358 0.2315673096027183 1.030611711896853 45 26 18 0.65
1324 0.09923594441751077 -0.1589434457775987 1.067599324546994 154 114 73 0.45
1325 0.04452851311757111 -0.112727342863603 0.9960103358770752 138 95 62 0.72
1326 0.1117682792568292 -0.05205969548468525 0.9997895088982222 95 59 35 0.62
1327 0.1315469147154611 -0.05078983632781159 1.035633556844103 137 97 66 0.68
1328 0.07133565747369169 -0.0439500234457702 1.180766580994644 78 61 51 0.92
1329 0.271142357473977 0.07311113843050471 0.9363376118969009 150 122 66 1.28
1330 0.3759912410876786 0.1703333968965272 0.7552485843096799 91 64 41 0.62
1331 0.09133654639919431 -0.09832034410027424 1.017922314855755 177 133 84 0.62
1332 0.193105888101853 0.03308975317947135 0.9232328750012777 106 57 28 0.89
1333 0.2000382508861663 0.03274968435990608 0.928230130544669 167 107 57 0.67
1334 0.5444526641379932 0.1308745190676988 0.5427061792170138 45 32 23 0.43
1335 0.4211833404997151 0.1828793347403981 0.6769993128812561 137 102 55 0.69
1336 0.3303270340862159 0.1941517663535948 0.8089590296561766 111 81 50 1.15
1337 0.08052314469428251 -0.1920711949150758 1.078933118077724 91 60 38 1.13
1338 0.148028314635774 0.1682309148088775 1.08090027162175 39 26 20 0.52
1339 0.2744407917418224 0.1801856179614363 0.8923675632331541 57 41 31 0.5
1340 0.09264554215953941 -0.2157713659973979 1.074422048061836 170 132 83 0.99
1341 0.184836707535552 0.01445279664727037 0.9115815617160743 178 126 83 0.7
1342 0.335495918204063 0.1840214456882301 0.8048672553156173 135 99 60 0.68
1343 0.2726607286873224 0.190679247696719 0.8991790193045067 41 25 16 1.07
1344 0.33004688742018 0.2660489605614308 1.115708570440793 97 57 38 0.3
1345 0.2897716829797248 0.3113935032669449 1.068359206549858 158 116 78 0.94
1346 0.1377821916703877 0.1860345038796143 1.080178369426204 87 46 33 0.23
1347 0.1977925871528948 0.1506444029557775 1.005782076629217 53 37 32 0.63
1348 0.1056841477975542 -0.2092653471265332 1.103368802997557 89 72 58 0.87
1349 0.2777615665172988 0.0746121955860137 0.9236651564291873 112 70 42 0.4
1350 0.273147357562861 0.1739658732525556 0.8964647950865265 103 72 50 0.35
1351 0.2669593227418858 0.1922488549310926 0.8958605521762313 106 65 45 0.23
1352 0.06492598116769699 -0.1962024483935879 1.051225436352719 78 49 36 0.19
1353 0.05053769720537865 -0.2167644848998275 1.052123984580251 116 82 58 0.45
1354 0.03714000046545862 -0.07281504452944543 0.9629169746596304 148 105 72 0.65
1355 0.3701839169777045 0.2116609659894362 0.7364377257658756 94 73 49 0.35
1356 0.1143319773160255 0.03317962962989227 0.8569502074466893 121 77 52 0.5
1357 0.09036208191019501 -0.009324696072053718 0.8512807609404754 160 120 90 0.56
1358 0.4506100599752082 0.1665850797036994 0.6413074386016625 59 35 21 0.35
1359 0.4515921573502308 0.1642382468731427 0.6381813637822407 81 58 43 0.19
1360 0.3195018127905205 0.302108432323566 1.091645523974905 96 66 54 0.32
1361 0.3099600747832343 0.2793774166999385 1.092833798757353 135 85 48 0.29
1362 0.2908298942926288 0.3127153459847719 1.075292112467237 128 94 61 0.84
1363 0.1960212475729394 0.1574276701536034 1.003582251691596 94 65 46 0.34
1364 0.1996468317841233 0.195460174472197 1.001813478074203 98 72 59 0.47
1365 0.1330194408687107 -0.06937940829084743 1.099291861112789 128 93 65 1.02
1366 0.1805458315414572 0.2252151946161758 0.9870261384521162 40 26 19 0.49
1367 0.2755755079637084 0.1403518362971048 0.90231978492769 170 117 69 0.35
1368 0.05953142761949115 -0.1839800819984288 1.04188496003996 134 97 58 0.31
1369 0.1076698527277181 0.09557866079754902 0.8354239429757142 122 64 26 1.19
1370 0.3520385779515011 0.2013672247379371 0.7734702746237843 119 90 55 0.29
1371 0.1550283720001002 0.01415998928706555 0.8814932248871066 130 90 64 0.44
1372 0.4473444846752568 0.1593869066794835 0.6483819522786197 88 64 39 0.35
1373 0.4521310310259312 0.1730268669891944 0.6362246997838449 134 98 55 0.72
1374 0.4509763264963454 0.1753411502862367 0.6351187166345165 120 99 79 0.18
1375 0.4858317925806683 0.1488827971254733 0.6004994100393619 101 75 52 0.54
1376 0.4807970583651217 0.1763264277820756 0.5950853622877045 111 80 46 0.37
1377 0.3285829671767658 0.2632657343439631 1.100820342712295 122 71 41 0.35
1378 0.121396628525656 -0.01887034095548265 1.120913907004099 112 75 51 0.62
1379 0.1384957387721369 -0.06136320956765795 1.054361838100138 156 117 80 0.86
1380 0.06089798482916053 -0.2341819784018245 1.075092843158988 62 29 19 0.49
1381 0.045856498510077 -0.1312427436839179 1.004392627354306 133 95 65 0.3
1382 0.3727333956005551 0.1813816527985188 0.7542719491274996 109 79 42 0.3
1383 0.08946966056094846 -0.01300950156145134 0.8520909452369935 190 192 195 0.46
1384 0.4226547321049479 0.2227464983168857 0.6703561752733139 95 76 52 0.48
1385 0.4515339249999938 0.1718284147424415 0.6374551681976884 97 69 46 0.38
1386 0.4715970469780574 0.2224471451038589 0.6059373753610094 92 77 60 0.3
1387 0.08782205510474478 0.1709344379536408 1.168705940425251 88 63 47 0.98
1388 0.1446088854374131 0.1970084930141833 1.078120022965527 65 42 29 0.48
1389 0.2309753452574336 0.269519172939362 0.9444132040460027 76 62 48 0.57
1390 0.1625167005463652 0.003427394982022103 1.058901892407713 57 39 28 1.01
1391 0.05405854123398735 -0.09150386597592558 0.9955528158328444 156 108 67 0.75
1392 0.0450034595459653 -0.08599884997593477 0.9777406778549376 80 51 35 0.89
1393 0.4147146923088348 0.1830803938058592 0.6846105806358248 152 112 64 0.41
1394 0.3113834622744602 0.2912068493992886 1.087831917842704 68 41 27 0.28
1395 0.1437272265691463 0.1775494455630496 1.083145951444818 53 34 27 0.44
1396 0.08646658886494457 -0.2765890449264552 1.110420121353257 174 145 106 0.48
1397 0.1048588503481412 -0.1900870333187115 1.08678928153263 87 60 35 0.57
1398 0.370231201010715 0.1863594571364413 0.7507816148813133 74 45 25 0.42
1399 0.3727993626689411 0.2162026605078179 0.7320312965525733 66 47 29 0.55
1400 0.3207342580041064 0.2813059841377063 1.099165000814833 130 78 46 0.52
1401 0.1487369405491921 0.08333544085983077 1.081530017746545 61 36 23 0.81
1402 0.1648333597576093 -0.007396653375954798 1.049369122619146 160 123 87 0.73
1403 0.05528644382016806 0.144517767651637 1.207959498238476 76 46 34 0.79
1404 0.176630772300215 0.09114839591529067 0.886526098060288 143 95 56 1.12
1405 0.2780995936240354 0.09031220433340673 0.9047841672593164 174 128 65 0.89
1406 0.06788742985935964 -0.04471033891671994 1.186510056861498 116 100 96 0.72
1407 0.09527974209939055 -0.1922837732701339 1.077131430595076 107 80 62 0.37
1408 0.1142486031747903 -0.1652392744460986 1.081470609599034 128 90 68 0.73
1409 0.04223427520195344 -0.1666542922516732 1.016265591036242 152 123 104 0.35
1410 0.09828713881122259 -0.09734197314835069 1.026215084322667 145 107 71 0.74
1411 0.09328000927461932 -0.09169815149036958 1.020420756932795 105 68 38 0.28
1412 0.1220717716512381 -0.09061138186681278 1.044798029329005 152 111 70 0.68
1413 0.1105237177538085 -0.07474985238975684 1.124594445259013 129 97 65 0.33
1414 0.1526432399480585 -0.05111515345397732 1.058187070278729 117 82 52 0.49
1415 0.1591656478830372 -0.038272462670984 1.059109919988453 108 77 55 0.41
1416 0.1393955732976452 -0.05394443649822978 1.090358460816653 86 64 51 0.43
1417 0.1164844270359273 -0.03126565944149559 0.9967445428371392 156 109 70 0.34
1418 0.2124425379528507 0.02745680752987778 0.9491620946616257 118 79 52 0.58
1419 0.1769550576334455 0.02810371056584485 0.9905577925973104 128 92 61 0.23
1420 0.1539654669085775 0.01402615461800619 1.018420361416017 143 97 60 0.29
1421 0.1521955473698942 0.01675081270563711 1.018823188872221 156 97 55 0.77
1422 0.1578415032069436 0.019280055692981 1.024491386489911 139 94 60 0.2
1423 0.2590575819754949 0.06764016267158734 0.948440933784226 130 97 65 0.42
1424 0.2640139194377499 0.07183895384672201 0.9433075073470963 134 94 58 0.38
1425 0.1375249235760008 0.0662862156711565 1.131894042155416 140 100 70 0.38
1426 0.1262922604137764 0.05637823363777558 0.8553216572065676 66 43 30 0.16
1427 0.1750771566803075 0.09622245492360076 1.048512446899297 92 62 40 0.47
1428 0.1959989142507589 0.1034420780061373 1.0353750461523 120 87 61 0.71
1429 0.0649852863296117 0.07580942073550484 1.19019000954626 134 118 104 0.26
1430 0.1655067387798642 0.1073260958720802 1.052149347233136 94 67 51 0.42
1431 0.1785190648353416 0.1236439698804825 1.01932787369025 125 91 64 0.26
1432 0.2050310739988344 0.1355490120436537 1.006515018499771 116 81 54 0.53
1433 0.1386284861145146 0.1440530651628978 1.1081830122168 81 57 39 0.32
1434 0.05970720020576675 0.1340007751753545 1.210945657950461 154 120 93 0.37
1435 0.1807185554140647 0.1371483708812871 0.9909807933160156 77 53 33 0.44
1436 0.1657195658983201 0.1761126224107758 1.048975659480557 104 72 45 0.5
1437 0.04994624501531225 0.1813032089917327 1.213924705565618 77 67 57 0.38
1438 0.3307264720828563 0.1812978281407891 0.8131968656665898 94 63 40 0.45
1439 0.1437862900802456 0.2081244911228736 1.082077794760666 82 65 53 0.41
1440 0.4282469615200152 0.1868095406655173 0.6648031802456642 97 65 39 0.57
1441 0.3704261832062844 0.1919431708906535 0.7493958990816363 106 73 52 0.23
1442 0.3503059143450148 0.1915324973858304 0.7794796896459949 103 77 55 0.14
1443 0.3393993681687233 0.190021615364637 0.7962236337615206 124 96 67 0.3
1444 0.1180394588820086 0.2189887343934013 1.116562031599342 74 59 36 0.26
1445 0.4259694527013477 0.2001198338356059 0.6618982260530211 122 82 41 0.25
1446 0.3352681439827271 0.2080122512372773 0.7951829728978985 94 69 47 0.35
1447 0.1828790644301053 0.2276148351166363 1.006170463174826 95 65 46 0.55
1448 0.1014337525011584 0.2380619590258584 1.132631395222873 52 37 27 0.39
1449 0.07489527308118438 0.2518853315311356 1.142105496092277 50 30 22 0.81
1450 0.08290190830700594 0.2513543540880774 1.140988777564348 81 56 44 0.24
1451 0.2605094764965642 0.3095961687377843 1.068938904544554 99 79 59 0.21
1452 0.2716026344839317 0.319548643593168 1.064403694970416 101 69 54 0.74
1453 0.3311845013759827 0.3316465663715256 1.119396915418925 114 89 67 0.28
1454 0.09760829111251201 -0.2485458382181537 1.133247497889682 148 119 93 0.65
1455 0.08924207830469494 -0.1894172507870675 1.068125555701541 175 129 86 0.41
1456 0.1069884993632145 -0.1152650307411813 1.050127706368398 124 86 50 0.24
1457 0.1138712158610707 -0.1105613898347 1.054568425127548 118 82 53 0.27
1458 0.1360368857388979 -0.108621576866081 1.081469742078565 133 97 63 0.83
1459 0.1516058216008916 -0.05717488995209896 1.059610643772608 133 97 69 0.39
1460 0.163988277920248 -0.03955759575101914 1.058659095393162 125 96 66 0.52
1461 0.1201881804863261 -0.035925422726312 0.9626835801641647 112 77 51 0.29
1462 0.09951184420179177 -0.05315800493135359 0.9921065032033805 139 94 56 0.46
1463 0.112789453639104 -0.04711630722533472 1.002673804181461 173 120 71 0.97
1464 0.1274264531696927 -0.0269805851592845 1.009723663836278 172 121 74 0.58
1465 0.1605234027132927 -0.009989530179718459 1.04773207579694 100 75 46 0.55
1466 0.1549015900931693 0.0194956981351069 1.070423871441534 77 50 38 0.27
1467 0.2058428128674093 0.04713576278075127 0.9291577386365706 180 122 79 0.46
1468 0.1857420528238475 0.05727337343489425 0.9124917279384053 164 113 74 0.84
1469 0.06181736649131808 0.02324888928510063 0.8094185481394078 170 139 106 0.58
1470 0.1728572771901649 0.08210696495848777 1.015720759037954 146 105 77 0.45
1471 0.211209168877235 0.1073112306631719 0.9160953863733022 133 80 43 0.89
1472 0.2854101572848592 0.1164921886926565 0.9063250598962113 120 85 57 0.34
1473 0.2471571554263123 0.1368317924290129 0.9424875133611965 81 53 37 0.43
1474 0.2523115733778608 0.1328811320773629 0.9498709528620459 110 78 50 0.77
1475 0.2178529823236446 0.1379296528824739 1.015140146437724 124 91 57 0.74
1476 0.429703179813353 0.1606029749473703 0.6742968197737208 112 92 67 0.79
1477 0.275113889145624 0.1804528759518432 0.8860347874773229 148 107 66 0.45
1478 0.370803907921199 0.1865116603119608 0.7450090905941469 57 40 25 0.33
1479 0.3149022598714517 0.2035235880733268 0.8271435535030391 61 48 34 0.36
1480 0.4371250202145727 0.1938643072264454 0.6486572359169039 142 102 48 0.52
1481 0.2776844506303631 0.2454882002674262 0.859062442462236 62 44 31 0.79
1482 0.08834062925566261 -0.14151804862468 1.052734522828903 151 114 85 0.63
1483 0.09173257536126461 -0.1515701570923901 1.057148667611943 129 94 66 0.52
1484 0.1556521796194315 -0.03579753861428886 1.071212088719244 122 83 49 0.6
1485 0.1629897728586986 -0.01105150013782341 1.058146047306249 74 51 35 0.37
1486 0.1595312250268574 0.01366853321677988 1.036182256701692 155 113 69 0.7
1487 0.1059564479729739 -0.001398717555541024 0.8468624055870078 168 125 97 0.31
1488 0.1503651808055388 0.05659593667784563 1.086026797476589 100 76 57 0.78
1489 0.1364752257775899 0.08562036361615885 1.125813842120065 66 41 26 0.78
1490 0.16046267168639 0.09921882894393491 0.8712561320744139 176 112 52 0.54
1491 0.1790141412160586 0.1036062670965803 0.8776122176523078 176 108 50 0.41
1492 0.05676911496687814 0.1416428392987666 1.201018546729734 97 65 40 0.44
1493 0.4175124046260483 0.1787045122180747 0.68431438004578 158 116 66 0.7
1494 0.3422896070654702 0.1728271336821856 0.7970838930074711 73 52 34 0.2
1495 0.1538167029932014 0.2122989440573723 1.077459481501211 96 78 60 0.55
1496 0.4321683848994351 0.1947598062263074 0.655810611310843 164 127 78 0.36
1497 0.1016063795409597 -0.163112483257677 1.071240194731731 93 63 42 0.66
1498 0.1138972071288252 -0.04458233283319152 1.132279804662649 125 96 70 0.72
1499 0.1506232132498371 0.03334602326166547 1.014220541286085 182 138 97 0.26
1500 0.1417669623584099 0.1098050034681491 1.115837218945359 84 61 44 0.43
1501 0.1788909694524148 0.1973759659656743 1.015478124924082 87 77 59 0.72
1502 0.06794218111607803 -0.1658200059493717 1.042893388828567 159 117 72 0.37
1503 0.1536796294929841 -0.06172164963302762 1.07456056081214 150 112 67 0.61
1504 0.1197043558605659 -0.03247258933996192 0.9701068095611017 180 121 76 0.56
1505 0.1167819629985852 -0.03662874851235631 1.005273532391176 156 118 76 0.57
1506 0.1596529182391941 -0.006620116087739936 1.041021856838336 87 56 39 0.85
1507 0.2815018014555795 0.07304001351505904 0.9240055958351979 124 91 63 0.75
1508 0.167581892879053 0.04254503060114068 1.031986786912583 155 118 81 0.41
1509 0.1747922103510692 0.09988625359069923 1.052270878322958 76 48 32 1.05
1510 0.1351017907742513 0.1320544904481703 1.091482314601654 83 57 44 0.35
1511 0.1470936282637786 -0.06720205586521061 1.066777750161751 172 125 76 0.78
1512 0.1899497608073108 0.01701144775580371 0.9180406931263203 176 135 95 0.56
1513 0.1676124575393527 0.02939920022472026 1.058990157432869 122 86 62 1.5
1514 0.1691993213948754 0.04921079768776659 1.032544118988534 106 72 47 0.93
1515 0.254751054744885 0.07476965656576934 0.9536961606979155 165 128 81 0.69
1516 0.2428441904183383 0.134226576389087 0.9525507541198318 83 59 43 1.15
1517 0.2001852992048556 0.1348482833613221 0.9788759060902243 97 63 43 1.14
1518 0.3682658302879462 0.1658912450482916 0.7632871097113058 100 74 45 0.34
1519 0.1573073626412021 0.009535154228425463 1.033107286150499 172 128 85 0.56
1520 0.2686960227791683 0.07272401316536226 0.9370133264727443 147 108 72 0.96
1521 0.1350035718544943 0.0863926146192282 1.110276792373462 55 34 24 0.83
1522 0.1907283414260219 0.1332328156004045 0.9983465338744411 140 99 65 0.39
1523 0.1087893542546696 0.2494111932589578 1.116008132167399 106 84 68 0.24
1524 0.07726015490007643 -0.2522509807529377 1.09375434276513 152 106 56 1.19
1525 0.255942687732403 0.0551023413524365 0.9401941075681113 111 70 36 0.98
1526 0.2697639252055774 0.1510389159508785 0.9097074927329774 71 46 30 0.73
1527 0.1232391956615722 0.06546457856832444 1.129899742750307 170 121 77 1.42
1528 0.188702071817221 0.1455747973658341 1.008826841983793 59 42 31 0.97
1529 0.04026044924746175 -0.1870696018479682 1.030102661483067 115 90 77 0.31
1530 0.03505618261715582 -0.1500093598244897 1.005757961697978 133 103 85 0.49
1531 0.03052001797162163 -0.1116211278984379 0.9791545288576793 125 99 84 0.63
1532 0.1560865176204322 -0.02902016560951665 1.052048745143566 102 66 40 0.51
1533 0.04619393771990254 -0.0616079413648255 0.9631686558414316 134 92 61 0.29
1534 0.04635004851346913 -0.0401929138335913 0.9435707302531212 159 123 102 0.39
1535 0.173851482853938 0.01570697012274092 0.9064067796615962 171 132 79 0.68
1536 0.1849493282869208 0.03620976120833272 0.9008956117815861 117 75 47 0.89
1537 0.5448531513836484 0.0956647809715313 0.5407264358351415 90 71 62 0.52
1538 0.1673936685886039 0.06673872904864753 1.020808655882286 134 95 56 0.43
1539 0.08437723122911334 0.05174641912874375 0.7618022830223212 150 102 50 1.0
1540 0.08661145159019557 0.05582533747075799 0.822722141530862 152 93 53 0.7
1541 0.141364680986962 0.08336276154810834 0.8687532916307916 119 92 65 0.55
1542 0.14201635159098 0.0869397497802534 0.8570069543423429 152 97 58 0.38
1543 0.0888570267929526 0.08706815118612965 0.8321716645759151 160 98 56 0.76
1544 0.1503881516533202 0.1110467575099834 0.8453619283057192 145 96 67 0.21
1545 0.5081337957610242 0.153745086718982 0.5730893630388654 76 49 33 0.5
1546 0.5148169595575037 0.1695696814568643 0.5559383381758481 91 50 26 0.36
1547 0.2725427702923684 0.1822278178509547 0.8862363871374495 82 65 51 0.41
1548 0.2582346575384 0.2105507835778158 0.8996333149987241 76 46 31 0.7
1549 0.06914995134330387 -0.3077013730023304 1.130761704263435 214 184 142 1.31
1550 0.08725415630979244 -0.2284556763140926 1.143178897643558 56 42 36 0.78
1551 0.1563352876998151 -0.05609186272088024 1.062927079711609 152 119 82 0.5
1552 0.05900318700894286 -0.09244486441592586 0.9976975807271697 138 93 61 0.48
1553 0.08863123868616829 -0.02426333957451857 0.9398035122895934 168 120 88 0.6
1554 0.5307324829957811 0.1203240122944384 0.5085768072263879 139 99 63 0.4
1555 0.1137409230395472 0.08396973053510043 0.8424283203165555 137 88 53 0.34
1556 0.4729152977476722 0.1499817493255342 0.6159032934317026 90 64 40 0.28
1557 0.4736645298063009 0.1526400387077441 0.615407121951864 123 89 48 0.42
1558 0.1962164246205952 0.1942143458872391 0.9980536566782868 32 23 15 0.26
1559 0.3628269914406844 0.2010063146550394 0.7594703062114325 98 73 50 0.78
1560 0.05810443391253556 -0.2334083512830407 1.068298678169638 132 114 94 0.32
1561 0.1552997673156165 0.0277414506280366 1.016634633702122 180 131 81 0.53
1562 0.1299426056402899 0.02112292154659776 0.8645273242405668 131 78 42 0.72
1563 0.1630328934445893 0.0404963539867022 0.8799935777702363 75 44 31 0.68
1564 0.174168873050096 0.06784076784337278 1.025203902786139 90 59 37 0.47
1565 0.1242314124828957 0.09016866250927591 0.8504689768146372 190 121 56 1.44
1566 0.4856970031143725 0.1481945263693991 0.5976655018067822 101 83 56 0.48
1567 0.1997560330574625 0.1968518640481455 0.9956716343737719 72 62 46 0.67
1568 0.05298193731018241 -0.1437000563051735 1.014116879607891 90 59 39 0.4
1569 0.1544398373500904 0.04865571993284587 0.8638979005234031 141 98 60 0.93
1570 0.1963820002336874 0.06322133631272053 0.9146618160812017 134 82 53 0.84
1571 0.0605128819170232 0.02618354837385281 0.8108934869416851 152 105 66 0.86
1572 0.1806462025543806 0.1041037457444957 1.005923224658683 122 88 60 0.91
1573 0.1175783588091886 0.06814598447616674 0.8405657577190873 103 51 30 0.73
1574 0.5295866413861421 0.1462614312547561 0.5453641747691939 78 48 28 0.33
1575 0.5251649116500339 0.2676858258693772 0.6742555681547746 65 84 34 0.77
1576 0.06806230374121269 -0.3151886577561569 1.134333379560474 82 72 76 0.4
1577 0.05486799452781771 -0.1913304356690489 1.033239232059321 115 81 66 0.18
1578 0.1458543514540348 -0.01264985744119743 1.028880534729709 84 53 30 0.59
1579 0.5435768137365448 0.09030930234837489 0.5346194585253652 109 82 65 0.85
1580 0.1067600442239732 0.02102591110599639 0.8517245705573054 172 111 61 0.72
1581 0.0843174985576709 0.01455947281729195 0.7677067348815032 200 199 197 1.01
1582 0.2587524738108095 0.2035020652607022 0.9071211291025836 62 38 24 1.0
1583 0.1320061511108241 0.02340431435127022 0.8728554352514659 161 108 68 1.12
1584 0.1018145382470408 0.044284064828049 0.825668638366829 77 40 33 0.6
1585 0.1139230927201945 0.08784563703174036 0.8629895272958752 163 106 47 0.49
1586 0.1963432650721567 0.1544819537081172 0.9888409962330655 54 34 25 0.8
1587 0.04980539597678435 -0.1618757233499762 1.019449761786443 146 102 68 0.26
1588 0.0604540996170882 0.01982024440886554 1.200158112914583 191 197 193 1.19
1589 0.1914064531646131 0.08307430469349444 1.025168660789369 157 118 90 0.41
1590 0.4399137601228261 0.2326268989467726 0.6494713929487097 94 71 52 0.46
1591 0.1145228313873382 -0.1917933990620375 1.100562179415103 131 97 69 0.52
1592 0.1815648733649937 0.05536831245232554 0.8950949558546306 186 126 77 0.48
1593 0.06297689404974049 0.137827065089291 1.215409726719496 172 189 201 0.83
1594 0.2030921927896908 0.1127811574566412 1.017183893828385 102 72 48 0.53
1595 0.5249709819163147 0.1307640597799901 0.5690501288319061 73 53 40 0.92
1596 0.4280465984243045 0.1903611360435664 0.6634372424321743 62 43 27 0.52
1597 0.5461228562513546 0.1070879865510266 0.5375386722887018 128 96 53 0.48
1598 0.07275070822926721 0.002287119824196743 1.183294706083546 155 114 86 0.77
1599 0.5400117505288118 0.2109920739712907 0.512899095655854 105 94 66 1.12
1600 0.5440291880707869 0.1084789586608435 0.530216741004269 106 67 37 0.89
1601 0.5478142637695199 0.1199956623074504 0.5321768635080831 173 128 76 1.01
1602 0.3532503752709259 0.3016674166838962 0.9261721457815504 121 127 120 1.13
1603 0.5461211665576661 0.1186428095253037 0.5362646782924005 94 68 44 0.75
1604 0.5448835965185347 0.1104447917718959 0.5379459098560099 102 76 50 1.46
1605 0.5285669740565951 0.2656151778463283 0.6672311920172896 79 86 54 1.07
1606 0.05022402121553432 0.05195160917616018 1.206761065986335 166 178 191 0.73
1607 0.1935639122301477 0.01652607518391999 0.8678550724201117 198 175 149 0.65
1608 0.1652204142131794 0.07442850694647013 1.064656776644112 103 76 53 0.42
1609 0.04620468486472773 0.1477583839909877 1.219134555567795 155 167 173 0.36
1610 0.0490729747413588 0.1809684894073127 1.218132233844819 157 167 170 0.94
1611 0.189827141838994 0.2282899017924397 0.9964033324153022 133 93 63 0.33
1612 0.05512689722314479 0.05672998046183633 1.197023325389264 89 59 45 0.91
1613 0.5050175035258356 0.1673754208770834 0.5701506044692263 118 83 53 0.26
1614 0.08116044457090138 -0.2315405263539707 1.092575996290061 124 91 63 0.97
1615 0.04599725166095037 -0.07747402517978025 0.9702257587901779 147 104 73 0.46
1616 0.1760841214252581 0.04847944808565 1.034575016622097 126 85 47 0.34
1617 0.05964832111545348 -0.3068684552701547 1.1358438883104 77 55 44 0.89
1618 0.08582524173183248 -0.2767345675529689 1.100638176120575 194 149 100 0.52
1619 0.09659597750484361 -0.1732082165722235 1.070033304239898 127 86 66 0.32
1620 0.1270617206355702 -0.08911332702568708 1.053412575326379 141 98 63 0.38
1621 0.05400860507051292 -0.06262758473703051 0.9730521365704092 123 86 61 0.56
1622 0.105889594506101 -0.05044930213571064 0.9974146392552599 143 94 57 0.4
1623 0.1244939440077505 -0.0232540678909513 1.006244321472092 204 146 90 0.54
1624 0.1588190827038656 -0.01805684782263517 1.043348891991078 138 105 76 0.71
1625 0.1695961187428738 0.01770432255996782 1.04516583128499 172 128 89 0.29
1626 0.1113187433522409 0.02715366239107136 0.8506727558013139 120 73 43 0.6
1627 0.1746643258209334 0.04931291137555849 0.9014711020206236 176 98 53 0.52
1628 0.07587002700033874 -0.2442840692108297 1.079698489743431 139 96 55 0.73
1629 0.06200074495791785 -0.2204205851060012 1.062586271875296 163 132 99 0.48
1630 0.05653344296570439 -0.2162339828231995 1.054410310094588 133 101 67 0.72
1631 0.1076050898812444 -0.2037370652035198 1.093911035460323 141 111 79 0.47
1632 0.1021735601018979 -0.1994868137968853 1.092376598491438 146 112 71 0.67
1633 0.08554578929874385 -0.1777327222755943 1.055872379393528 113 76 46 0.43
1634 0.09895633833746798 -0.1619590949706115 1.067983303958449 153 107 64 0.41
1635 0.1096048981742893 -0.1422188954899085 1.068284011567416 159 112 69 0.42
1636 0.09552970603218502 -0.103385176629685 1.032925157708265 148 108 75 0.26
1637 0.09661159619152426 -0.08043905180612293 1.015697248997844 121 84 61 0.4
1638 0.1048301484128096 0.007803140887153004 0.8507271540664614 180 112 52 0.56
1639 0.1031513233838464 0.02801843467556761 0.8528965350351874 164 114 75 0.98
1640 0.0524368225995866 -0.179600201352977 1.035234643934946 125 88 50 0.21
1641 0.1129795209792322 -0.1193410967571675 1.059803893519817 147 103 64 0.38
1642 0.09525075700408986 -0.1108374321228312 1.034755168744846 136 94 57 0.42
1643 0.1151790066645882 -0.09885846577449081 1.053431551753734 143 105 69 0.49
1644 0.1228815906575296 -0.0880147117290257 1.052154881124259 91 63 42 0.45
1645 0.1310987333031923 -0.05976946101716285 1.045142278175511 82 53 38 0.73
1646 0.2064051301306646 0.02387128893222495 0.9316433007340948 159 115 74 0.65
1647 0.1686973198267518 -0.05177232524015452 1.038718045697054 146 102 66 0.96
1648 0.06777748277630041 -0.2050266841069478 1.063202350221803 168 132 88 0.51
1649 0.04948372360251507 -0.1524207341182493 1.021948924443874 151 110 79 0.75
1650 0.1289383351057464 -0.1450637938495232 1.090104651243416 116 80 57 0.27
1651 0.03573990909167979 -0.1334363870903023 0.9914887678289783 154 135 132 0.69
1652 0.06515266380076423 -0.120115502324017 0.9950664101898627 104 64 37 0.24
1653 0.05228182100794393 -0.08486906421158141 0.9812051266749634 144 102 70 0.55
1654 0.1615125682209154 0.02083170140143176 1.072151682789727 116 89 62 1.2
1655 0.06894570228936497 0.004177171012751751 1.182545384448982 125 103 80 0.31
1656 0.1285574126192426 0.03875851800673008 1.112064042902868 131 102 82 0.43
1657 0.1234881576740648 0.05478442386999083 0.8559235465703643 82 50 35 0.84
1658 0.1810785437079725 0.09734548045486183 0.8957645139850885 146 92 60 0.38
1659 0.2709492806624593 0.124004723625417 0.8978080898353191 120 67 33 0.51
1660 0.2718376070753938 0.1439748651050365 0.8945768419052453 97 56 28 0.27
1661 0.1756818856279421 0.1444542206829587 0.9884260137875214 41 31 26 1.33
1662 0.3140622814023586 0.2128544901733951 1.133516745825647 80 75 80 0.53
1663 0.1896971310653079 0.1821780090491418 1.013370123808949 122 77 45 0.39
1664 0.434323737054201 0.1858229076603807 0.655212759507381 163 124 76 0.47
1665 0.08662333177877019 -0.2157159548424619 1.081252095160582 154 122 84 0.79
1666 0.09338504430186645 -0.1732492790235684 1.066546345681179 93 65 43 0.53
1667 0.03969371129072641 -0.19577784760575 1.03566881464053 167 158 154 0.44
1668 0.06980548271078169 -0.1633122518920239 1.037263419629336 151 108 72 0.29
1669 0.05264657259141281 -0.1640145945632497 1.025360894497738 108 75 49 0.89
1670 0.07341717458772606 -0.1476847544248003 1.040179971501298 140 101 65 0.64
1671 0.2010372312583844 -0.08380878798697794 1.049645230874878 57 39 27 1.23
1672 0.09712198861811755 -0.1165815246860856 1.038184383160242 141 100 61 0.24
1673 0.05085681704224831 -0.1108966708433319 1.001923827579775 119 85 55 0.53
1674 0.0579224785180687 -0.06554134855660332 1.190364519920037 182 197 204 0.15
1675 0.1371960612922612 -0.02867030148525881 1.098291840035355 113 84 66 0.32
1676 0.1501162112232044 -0.01400225637691421 1.030145457457776 154 110 76 0.8
1677 0.1442976795684705 0.02403657819684993 1.091525600945136 84 54 38 0.35
1678 0.1198412219695901 0.01284964419602549 1.133928708913847 147 113 78 0.41
1679 0.136652110192543 0.04170155115078233 1.09306588353894 117 85 60 0.17
1680 0.1084499211671163 0.03483207569982899 1.146353762835409 92 60 36 0.29
1681 0.1416809747304915 0.06481396173043358 1.091880826965937 114 86 66 0.16
1682 0.1583893265650209 0.0682951817597216 1.011975698765283 111 75 51 0.78
1683 0.1654440395904788 0.05367079503220537 0.8647577017114907 101 68 45 1.26
1684 0.0723774112088521 0.078449835707805 1.179986676641042 96 66 45 0.38
1685 0.08917470976953834 0.05990024765995661 0.8303875138045131 180 117 72 0.25
1686 0.1460777719654467 0.1219602095520297 1.070217810567758 99 67 44 1.24
1687 0.1877041934306253 0.116888160307079 0.896345006954394 101 60 35 0.43
1688 0.2717125316883864 0.1465058674569907 0.8938559192605727 91 51 30 0.33
1689 0.180875945607977 0.1483394916726203 0.9927508678434707 36 21 14 0.35
1690 0.1665580229810273 0.1212364711211903 0.8708383660857573 164 101 51 0.37
1691 0.1775935713975371 0.1576814837003338 0.9956407658744064 58 45 39 0.48
1692 0.1089159169766565 0.1753062485937 1.140308758958095 31 19 11 0.2
1693 0.1998743885276883 0.1834238794152414 1.001516775537855 70 52 33 0.48
1694 0.2888310661970345 0.209459895322246 0.8629733840719086 47 29 12 0.16
1695 0.1647092074666061 0.2262189361732295 1.030894078853513 39 26 19 0.65
1696 0.3114431823731039 0.3083464162167296 1.084409468104691 84 61 43 0.61
1697 0.4432152005859679 0.2010127470360839 0.6398921772287461 90 62 33 0.47
1698 0.04843620963455803 -0.1988983572952915 1.037165066068823 168 124 92 0.52
1699 0.09810495613100834 -0.1531036028129452 1.063049067886897 108 73 49 0.46
1700 0.1491920729958597 -0.05062252176100757 1.047920667430195 184 115 55 0.54
1701 0.1554039288901045 0.03018129716810278 1.073723135654948 144 102 66 0.23
1702 0.1032369371506127 -0.01401846308167123 0.8603367629902848 116 96 86 0.45
1703 0.1291340753191506 0.001023701002134753 0.8723951947185886 109 78 66 0.6
1704 0.1656272768231299 0.04910739218071083 1.055993660900825 133 107 74 0.41
1705 0.159632692741815 0.04715553610262541 1.079708046748818 136 100 64 0.72
1706 0.08179913688323914 0.03643072806568914 1.170955871183856 84 59 46 0.34
1707 0.05049881462885858 0.04872957199287387 1.203117928238835 145 138 131 0.74
1708 0.1770560268895935 0.07093265501738139 1.028176047241032 121 80 50 0.45
1709 0.1257847096402233 0.0465385141778058 0.8544980171730759 55 35 23 0.49
1710 0.1466200606423235 0.0599423856815374 0.8654452127899533 134 88 50 0.91
1711 0.2762215201869024 0.1371748217970204 0.9068252845454456 95 65 46 0.45
1712 0.1849478071300661 0.1214549745715643 0.8847395047355449 137 84 46 0.46
1713 0.1961008497361581 0.152669078933414 1.006183357618022 38 26 23 0.47
1714 0.1978238081936243 0.1673259696800764 1.005873849935745 64 44 28 0.46
1715 0.1571222176948177 0.1633343786267386 1.067024141835339 62 38 26 0.38
1716 0.1343363736659747 0.1852464750599522 1.096207859577983 34 17 11 0.43
1717 0.3179249527210656 0.2448813715867493 1.11132506877701 102 68 48 0.51
1718 0.2752176862249952 0.1441927293916148 0.8989979507404637 102 61 35 0.88
1719 0.2224610456294751 0.2182008568148451 0.9379521543146041 82 61 48 0.21
1720 0.1325741314823861 0.2535544333752761 1.076944012659156 125 91 65 0.57
1721 0.2727890746619624 0.310556646343232 1.050077648327615 103 81 63 0.4
1722 0.3333085192420115 0.3249227691036511 1.088085103131065 169 126 86 0.68
1723 0.1068583642468922 -0.08416557707580624 1.126598465212668 60 40 33 0.4
1724 0.06041007268993059 -0.08124667648601869 1.176602841494976 92 70 60 0.75
1725 0.1665144789739499 0.01013888972295615 1.039931045171942 141 100 63 0.46
1726 0.1434897949710779 -0.005528212075720879 1.089159005193515 90 60 38 0.47
1727 0.137329812360425 0.03951922372980229 1.095789643319266 76 48 36 0.5
1728 0.06042122087424473 0.01422160454450899 1.190775776756893 93 71 54 0.26
1729 0.1547220018369418 0.05739238580139969 1.075182521030901 77 52 36 0.43
1730 0.05287705903859879 0.04033007967168495 1.202838432050609 147 134 124 0.54
1731 0.1610601213568021 0.06225181254348103 0.8754753941881948 60 35 22 0.54
1732 0.1426016192979256 0.1245987926302028 1.090602600235595 47 27 19 0.51
1733 0.1297400151435762 0.12580752330131 1.127072564686908 124 93 64 0.46
1734 0.273057300479319 0.1453958953408591 0.8965537311304612 154 99 52 0.59
1735 0.1835682055242938 0.1515961600888743 0.9934195654194271 69 40 24 0.29
1736 0.1666794463660722 0.1718158261742306 1.052347183059327 80 53 37 0.34
1737 0.3067872707441467 0.2199712337959432 1.126362352603929 96 67 58 0.61
1738 0.189399695052681 0.1732758128512517 1.000247885370426 96 67 44 0.24
1739 0.2697589093253882 0.20973877534286 0.8854874480811948 62 34 23 0.29
1740 0.1851759400351816 0.2256460811260954 0.9824910400550588 31 16 10 0.26
1741 0.3357392427859473 0.2165266979408635 0.7929099516377527 72 51 35 0.37
1742 0.3238341994885201 0.2237312308259634 0.8073493079564933 73 46 25 0.44
1743 0.2386959152894244 0.2262783904870867 0.9207395786889325 72 41 22 0.6
1744 0.2365978313025709 0.2320004139986669 0.9201975459400777 78 46 26 0.27
1745 0.1776483375773052 0.2378291212028167 1.008315977483731 79 53 30 0.32
1746 0.3790459265483271 0.1923417392158476 0.7315504626877891 43 27 16 0.81
1747 0.3259758550220829 0.2284498708354609 0.7968876915429 121 86 49 0.24
1748 0.381724981899153 0.2348439975264096 0.7251142492772634 94 65 40 0.94
1749 0.1172637982794715 -0.0882049079114548 1.110367114499825 68 46 35 0.91
1750 0.1237631226245001 -0.02101707296362998 1.113235016346483 104 71 51 0.38
1751 0.1347059620876279 0.1291472311970537 1.113379471984866 78 50 33 0.76
1752 0.1668601793923916 0.1808908665571007 1.043489731135808 57 36 26 0.44
1753 0.08897484661983229 0.1925456035575407 1.16090767265698 40 20 18 1.03
1754 0.3103866098389215 0.1835947556790533 0.842214851086738 106 74 41 0.41
1755 0.3032379067765773 0.1842346102519704 0.8489244440689625 117 88 57 0.52
1756 0.263005222373079 0.1879222051224935 0.8894117011468761 88 68 50 0.21
1757 0.1275213260938998 0.2327019813230292 1.090671780040259 41 26 17 0.41
1758 0.1763911577987735 0.228028359694352 0.9766124696068927 23 12 9 0.55
1759 0.1761654057537925 0.228263858934414 0.9815475487199634 62 39 28 0.48
1760 0.391530767675791 0.2271325446610033 0.7160573309013333 111 84 53 0.52
1761 0.3260313641297055 0.306453914076903 1.103643844661305 153 119 90 0.27
1762 0.08253029720995275 -0.2542156351237244 1.157790219338484 98 88 86 0.76
1763 0.1446287153941487 0.006435957201160719 1.080925356169682 84 51 31 0.92
1764 0.1806811846691916 0.07782535760535941 0.899407630036077 72 41 25 0.71
1765 0.1397266997922115 0.1092433483931672 1.13083696887282 129 97 67 0.75
1766 0.2689453621141494 0.1269052237674095 0.9272631842402089 136 99 65 1.05
1767 0.05450206525972112 0.132877467687171 1.217771268001713 148 136 116 1.45
1768 0.2471911050522393 0.1539167402148131 0.9384855137277496 69 47 33 0.5
1769 0.200504870355783 0.155059062150906 1.006831360971689 49 34 27 0.75
1770 0.1769833677386914 0.1291575940525469 0.8807712120860451 180 111 51 0.77
1771 0.1619898091480478 0.1666198690748319 1.058667602039723 111 77 49 0.78
1772 0.3315891090491023 0.1847216469094548 0.810187944476483 135 101 63 0.47
1773 0.1999667762628052 0.2065474884134862 0.9957699129697871 72 58 42 0.56
1774 0.1650467226856202 0.2250003658356313 1.032362996147228 36 21 13 0.36
1775 0.1379555574827564 0.01033741971149485 1.095612660327232 68 45 31 0.67
1776 0.1311449612125276 0.01346464521100205 1.116205659085763 54 34 27 0.95
1777 0.1550363016416251 0.03354374498478685 1.018928346897673 108 62 35 0.93
1778 0.1298777672181591 0.02926572119318163 1.113181688920199 46 31 24 0.7
1779 0.1812723392319689 0.1256159848742922 0.887772276310678 59 29 13 1.22
1780 0.1709409406588227 0.1613709333472594 1.045762961298462 38 24 14 0.21
1781 0.1867318363860525 0.2379952540684152 0.9893585428182884 47 32 23 0.5
1782 0.15141820409557 0.2384239017589501 1.044081952728621 54 33 20 1.0
1783 0.06558027476630696 0.007372053139796803 1.190393878346968 95 62 42 0.48
1784 0.1565064957970375 0.06692256872787233 0.8700492914819704 51 35 25 1.26
1785 0.1715456154315952 0.1822907256409019 1.059116625723215 106 81 63 0.25
1786 0.5196337392880835 0.1174490249531361 0.4805909975212866 142 130 107 0.45
1787 0.1588057966339476 0.2245066869414891 1.100212521457621 80 63 47 0.42
1788 0.1148396558481632 0.2401750257548256 1.093972388427779 118 81 58 0.77
1789 0.3189847373230316 0.3059785640902442 1.092450384692381 90 62 46 0.23
1790 0.06741752913859717 0.09872718013457056 1.190885319596888 49 33 25 0.54
1791 0.2075966196117156 0.216593260409949 0.9343516721477255 46 24 18 0.64
1792 0.1884318628177336 0.2237126782542535 1.003446954297678 88 60 36 0.74
1793 0.06261777779708871 -0.02159376994457449 1.201154879001872 175 196 218 1.33
1794 0.134054738767128 0.1374429903400147 1.035541793185719 24 16 13 0.8
1795 0.5351232165456382 0.1262260710974631 0.5538180679340473 101 76 56 0.78
1796 0.5247926692073259 0.1339211612833343 0.5722724541340963 66 49 34 0.74
1797 0.06957661616325156 -0.2530404306100059 1.080626617108277 140 95 55 0.76
1798 0.04604961976212418 -0.2131229088996541 1.052151159338213 106 78 62 0.6
1799 0.09983771186937512 -0.1915818001952211 1.084427454623876 94 60 37 0.75
1800 0.1016275940037802 -0.1819587836764702 1.079389884922239 97 66 48 0.12
1801 0.06129803847130211 -0.2014865283492307 1.05171848434654 145 108 68 0.38
1802 0.1205832828195657 -0.17020003682794 1.090492329349931 126 89 54 0.51
1803 0.03193949368741567 -0.1395414953080689 0.9986202149896329 176 171 176 0.45
1804 0.1188349982165483 -0.09729536562529389 1.0572724560737 78 52 36 0.42
1805 0.1368577816062355 -0.1045708501291709 1.073878949970962 114 75 48 0.53
1806 0.03237807546658689 -0.1312136579952314 0.992435597942365 144 123 114 0.79
1807 0.05336918235501892 -0.1086309131138259 0.9973878904767506 131 75 48 0.27
1808 0.1190876950756731 -0.08097784114067935 1.043546239173642 100 66 42 0.37
1809 0.1322006253298701 -0.07665943097891986 1.053980782558167 107 71 58 0.22
1810 0.1382372340227034 -0.05967942623086925 1.046004968902408 198 138 83 0.31
1811 0.1448464329311021 -0.05581865720938517 1.052309030710591 110 78 54 0.24
1812 0.06518266497278447 -0.1032856099766868 1.180293125857816 199 192 173 0.63
1813 0.125694042210964 -0.04565874099318029 1.024866274590934 149 108 72 0.24
1814 0.4791568057331625 0.1443112719617232 0.5957839766234467 96 74 52 1.4
1815 0.1797395333987775 0.009099222249545014 0.9161958519764462 110 74 49 0.67
1816 0.4720908322834138 0.1503725192900696 0.6180481345155594 116 82 47 0.27
1817 0.193820889376045 0.04210359922328472 0.9206004404421104 129 68 34 0.4
1818 0.2153450190394355 0.04932379752031735 0.9320821481522215 144 97 44 0.4
1819 0.2129804638323058 0.06002191969505646 0.9262096818997019 145 92 54 0.4
1820 0.5125220257563868 0.1857033678031346 0.5541649574484535 61 39 21 0.2
1821 0.1602109053674352 -0.02516643664222157 1.062022826886786 69 44 33 0.96
1822 0.1002775225228855 -0.04536632614983277 0.9869200350429355 164 107 61 0.32
1823 0.16455679118727 0.07668385684644341 1.064026455264788 98 71 51 0.48
1824 0.2794389358599141 0.1287582647520736 0.9030906209489519 107 67 41 0.38
1825 0.4218800495456555 0.1682275173683777 0.6807825879948131 111 78 48 0.56
1826 0.3948157779604 0.1687014190392064 0.7205508471189386 115 77 46 0.29
1827 0.2101299166090074 0.1248811766308684 0.9147224735577517 155 103 60 0.34
1828 0.1657441967063961 0.122583329587411 1.06403436865283 67 42 28 0.51
1829 0.4223482359388355 0.1886241135834121 0.6713971488342817 108 80 52 0.33
1830 0.3938842436023607 0.1865845475416509 0.7134545765863821 143 96 50 0.4
1831 0.1946843221647188 0.162846876096069 1.000819179636279 56 35 28 0.3
1832 0.5145578077836326 0.1220780999939269 0.5523980048889858 57 40 32 0.44
1833 0.08124798044220599 -0.2507701895160112 1.090192721356512 130 95 64 0.82
1834 0.08270602362305007 -0.2337357591271005 1.09600885169014 53 37 32 0.54
1835 0.08904457377366926 -0.2159697375906384 1.082885667675884 125 100 77 0.53
1836 0.1353305112858864 -0.1170134644441538 1.081698128768366 103 68 47 0.5
1837 0.06322722862949165 -0.3256043414849924 1.137838527680942 129 96 69 0.91
1838 0.0563867351430265 -0.124225484114877 1.006683839505747 108 72 45 0.4
1839 0.06821381553289035 -0.1303597329274646 1.026013450211059 136 94 57 0.41
1840 0.1381912986540451 -0.09281408122157686 1.073111005972678 116 84 52 0.7
1841 0.05667975459057584 -0.113570042691595 1.005966909177535 149 102 60 0.33
1842 0.1382356580015449 -0.06417646718556896 1.049968599923227 98 64 43 0.5
1843 0.04415612757015974 -0.08006003750984914 0.9743098796352831 81 50 37 0.52
1844 0.1437556506883835 -0.05224233663691219 1.050463250571254 140 100 62 0.56
1845 0.160669034019556 -0.02803829216576528 1.055734283818729 106 74 52 0.51
1846 0.02169175290211378 -0.07227832018156238 0.9504620696585335 163 145 137 0.55
1847 0.1149341080011286 -0.03437965527378684 0.9573380310129818 156 115 78 0.55
1848 0.4589945209251331 0.1466320974765657 0.644050743047817 71 52 34 0.24
1849 0.1917043166104384 0.05434024743242669 0.914819792716409 134 86 57 0.2
1850 0.4375720981614086 0.1579596957389164 0.6620941572160097 88 62 49 0.12
1851 0.1851596829906707 0.09247695355635328 0.9043161319252958 131 70 34 0.5
1852 0.4276126481054019 0.1726717050014807 0.6702996461437106 157 114 64 0.09
1853 0.4056959280048298 0.1640162608086284 0.7046937963254807 112 82 56 0.39
1854 0.2021707446168891 0.1402623532056662 1.000919435385585 93 55 32 0.48
1855 0.4754100424082484 0.1882715261275784 0.5990061749378292 104 74 41 0.11
1856 0.4173162146664504 0.1766593722687352 0.6837368298585462 123 88 53 0.38
1857 0.3981001575390205 0.1760095355167744 0.7103341193939285 131 95 63 0.34
1858 0.429459141261462 0.1952194280690094 0.6594517296225184 138 97 57 0.43
1859 0.1974882980768468 0.2026261787915759 0.9892064535333345 70 54 37 0.24
1860 0.446980243370414 0.2177665200990733 0.6376381716705287 101 75 49 0.49
1861 0.1263649987794225 -0.1447877119427119 1.081517147003057 70 46 29 0.69
1862 0.07588661252163909 -0.1383373324393286 1.029812956048361 100 62 37 0.4
1863 0.1216153857801323 -0.09297535503945203 1.060270195626748 120 82 36 0.76
1864 0.1271323645844951 -0.1075217789763048 1.06579654266793 113 71 42 0.69
1865 0.5115288639618005 0.1503759097264224 0.5694513074344507 130 74 31 0.2
1866 0.1007670111599785 -0.09326968815745529 1.032278818812177 89 57 34 0.73
1867 0.1330706549631767 -0.06914133209156348 1.05020408909275 120 78 46 0.86
1868 0.1426188017372007 -0.0626842838802863 1.057115614711041 75 46 31 0.43
1869 0.4920353969036695 0.1437629385396343 0.5927523283777993 110 82 52 0.18
1870 0.07396708674605668 0.01716597701773517 0.7898733624712734 188 198 204 0.91
1871 0.4833658079801217 0.1552820545737643 0.5979891732932645 185 155 107 0.31
1872 0.4837051474230343 0.1540630894715577 0.5979047591813432 178 151 118 0.34
1873 0.4790705106111346 0.1527324668132351 0.6057192059342182 89 64 44 0.15
1874 0.1661245624050144 0.01418256219396855 0.8801720417879881 136 101 67 0.67
1875 0.1955339758257377 0.03515277196386596 0.9219006693095209 102 55 27 0.27
1876 0.504552033293278 0.1653756449817934 0.5726266041245885 111 78 48 0.31
1877 0.4756412536035365 0.1551826791041021 0.6100978980429932 109 82 54 0.51
1878 0.2108455887727091 0.05662398710142638 0.9385950779899265 104 53 22 0.6
1879 0.5071487495946788 0.1759678264061847 0.5666405901061626 138 69 33 0.75
1880 0.4855824927357317 0.1695855718836781 0.5903920617072593 107 80 51 0.79
1881 0.4322678451664587 0.1535753480159608 0.6765083892835124 86 56 32 0.34
1882 0.4247422335181978 0.1649379865355547 0.677771578838699 87 62 36 0.37
1883 0.2021187163317053 0.1049282225610687 0.9110305310256277 114 58 27 0.42
1884 0.2758223295253679 0.1365141287520896 0.9005399345448315 109 64 33 0.52
1885 0.2762290807102422 0.1481766949345184 0.8967344943246511 126 76 43 0.64
1886 0.4827405557116284 0.1887637002963354 0.5879550223742599 95 68 41 0.24
1887 0.3722368852488196 0.1744622213304834 0.7509202111696491 48 33 21 0.24
1888 0.478830668371959 0.191402404882814 0.5916057507166708 94 73 46 0.27
1889 0.4219036741846894 0.1980210967063369 0.6688702797507178 121 82 48 0.24
1890 0.478446974364682 0.206887120330171 0.5973889743253556 37 24 17 0.42
1891 0.4306875959685657 0.2173198204218338 0.6600269143163101 37 26 17 0.75
1892 0.270650004268169 0.3065273028668907 1.04303732885354 70 50 38 0.44
1893 0.5249208056070365 0.1145930552423128 0.562747139320653 121 78 42 1.12
1894 0.07894625039625586 -0.2517755549548995 1.081762117608602 165 117 70 0.22
1895 0.09123897858113195 -0.2404388429725551 1.102738840225242 132 104 72 1.16
1896 0.5079331429845378 0.1247426711646279 0.5878763125841198 124 101 74 0.97
1897 0.04804595902364045 -0.2229916837611968 1.054318765804785 79 56 41 0.33
1898 0.519438727736973 0.1342301526216686 0.5782926254894359 51 35 24 0.59
1899 0.1093135358829567 -0.1568685437118368 1.079350028658567 155 107 63 0.66
1900 0.1029529297316534 -0.1392647762387737 1.064095817081641 145 98 61 0.92
1901 0.0518094840069408 -0.1237989396376455 1.002900128676228 107 67 40 0.51
1902 0.5077744283802486 0.1446809250589268 0.5767629699155162 104 69 37 0.41
1903 0.515036445506078 0.1576751472674886 0.5623421005693635 75 44 25 0.32
1904 0.1322802128689482 -0.04456571819192823 1.034640055118352 102 66 44 0.49
1905 0.5056761573490799 0.1561008825590921 0.5753705384870463 96 66 43 0.42
1906 0.1923446563767364 0.02337676145459866 0.9175285123731667 138 95 59 0.6
1907 0.1995049628868452 0.02578898327724402 0.9238947237426717 119 74 42 0.59
1908 0.5038737368369268 0.1729942194450298 0.5699403531372154 52 26 14 0.46
1909 0.4767134950013184 0.1627116301419295 0.6066321398883611 81 61 38 0.38
1910 0.4662359658185858 0.1632975783706431 0.6209819530525219 174 144 108 0.19
1911 0.5098754177805467 0.1833060163803303 0.5584461283804624 50 30 18 0.14
1912 0.4857771060630434 0.1760132445538229 0.5874804843142827 116 88 58 0.31
1913 0.1599971081953565 0.1086307253990417 1.0869549519298 81 56 38 0.77
1914 0.513303889241461 0.185909216927535 0.5551675474823452 51 31 18 0.53
1915 0.397542560302575 0.1695675649350816 0.713346051395757 132 106 76 0.37
1916 0.475778182831605 0.1887707668676271 0.5967801788225229 170 126 70 0.45
1917 0.4737698483211988 0.1852516365042413 0.602182217849994 116 85 42 0.17
1918 0.5090711927716783 0.196928990672177 0.5593710638591752 73 38 20 0.39
1919 0.4772030176266966 0.2030945968958752 0.6019065838637075 69 52 34 0.63
1920 0.3316075342479609 0.2171215127723214 0.7978907516376113 53 27 15 0.73
1921 0.4500543034281999 0.2171737277003716 0.6330901622183865 106 80 50 0.72
1922 0.4980714786838175 0.2189062994847255 0.5730069309234936 114 80 46 0.54
1923 0.4354733282187445 0.2294721532033949 0.6536303534610294 101 72 41 0.63
1924 0.3424719139402724 0.2428057376515158 0.7765588879283609 103 68 28 0.52
1925 0.4638809585504628 0.2499594720112603 0.6255034899448865 111 80 55 1.56
1926 0.5128107548242231 0.09741459871931114 0.5831481887245976 85 56 38 0.69
1927 0.5110978175630455 0.1128475724602193 0.5825834964887598 153 100 54 1.39
1928 0.08042373098622602 -0.2391835559640166 1.087704991765116 59 34 24 0.72
1929 0.5163746740416238 0.1414870270965261 0.5658392341901085 94 60 36 0.56
1930 0.5154481281359921 0.1509011047823386 0.5635147901666869 88 54 32 0.28
1931 0.0992435095623953 -0.09541794178533664 1.0263158845894 144 106 78 0.37
1932 0.5071741788165723 0.1523609392658024 0.5777153107814551 86 61 43 0.27
1933 0.5076075683819899 0.1564813826963657 0.5723356973233815 92 63 42 0.64
1934 0.4851999793633047 0.1471453295392988 0.5994900295534155 76 56 35 0.25
1935 0.5149278652905541 0.1666858518424642 0.5579306570594741 111 74 48 0.27
1936 0.4749326161667722 0.1475305096990631 0.6159935947240973 146 110 74 0.81
1937 0.5129275338712994 0.1709680480932984 0.5600119503577723 98 58 34 0.31
1938 0.5103849908921032 0.1757525141028953 0.5603486074825986 88 54 28 0.95
1939 0.4909915811398939 0.1659606061169628 0.5838763148941764 149 132 93 0.25
1940 0.5103263024008957 0.1798433260183748 0.5581210132547274 80 55 34 0.2
1941 0.507879414604376 0.1800331796281951 0.5616186032552862 46 19 12 0.86
1942 0.4752772800132623 0.1771640929841581 0.6041901825815305 119 93 55 0.44
1943 0.2780332098063792 0.1260698561500968 0.9008732133200685 120 73 42 0.61
1944 0.5082167752809377 0.1875638004027801 0.5601620849877516 75 43 22 0.37
1945 0.4740513161698488 0.181663389298412 0.6021945661867445 80 57 36 0.45
1946 0.449534552520912 0.1754674433551554 0.6390743828662144 66 44 27 0.58
1947 0.4529492262252637 0.1928715111345377 0.6273401992595237 143 111 60 0.45
1948 0.3780564367758762 0.1883168150800659 0.7343568779857618 64 46 28 0.48
1949 0.5046334732984719 0.2055732147304421 0.5659412693764596 79 50 29 0.41
1950 0.4268923847462132 0.201838363396763 0.6598539350426813 90 64 34 0.67
1951 0.4597637333864854 0.2113558552584408 0.6224450677943389 87 66 45 0.58
1952 0.4694671778766193 0.2132782893779951 0.6092055440630773 38 32 23 0.61
1953 0.4212393449654075 0.2188743212733768 0.6718714291111828 118 90 53 0.6
1954 0.06670109178417355 -0.3038295568515459 1.131288230121728 79 50 26 0.52
1955 0.5159445903732471 0.1372568443744776 0.5764580771348218 40 25 19 0.39
1956 0.5166937404855728 0.1507077036292805 0.5619723749861574 106 73 46 0.25
1957 0.09791503167783577 -0.07942098032855882 1.008649392492391 143 100 55 0.76
1958 0.5170570727744372 0.1562184746237971 0.5575402647867443 104 64 34 0.29
1959 0.5162153149848075 0.1621315213225315 0.5558494190519866 95 62 38 0.38
1960 0.5142993665305944 0.1584295553181013 0.5617289752619363 62 31 16 0.32
1961 0.1887453823309612 0.03145237810143939 0.9148243071551766 184 125 73 1.25
1962 0.5148490844780702 0.1712296847773457 0.5554683566970173 88 48 26 0.27
1963 0.514550954195837 0.1728028301054947 0.5567169127199854 139 84 43 0.41
1964 0.5099874654801784 0.1703437470105629 0.5637163922742275 44 23 14 0.61
1965 0.485553123435339 0.1574107520018599 0.5942634209631616 173 139 100 0.33
1966 0.5103018009634963 0.1757748769340835 0.5616044181661405 42 23 14 0.32
1967 0.5034184387158043 0.1859613161923856 0.5690919014600131 78 43 24 0.3
1968 0.4729568240456555 0.1823007457406744 0.6044362260793991 149 117 71 0.51
1969 0.472979836570299 0.1880677627574055 0.6024682049029784 122 97 53 0.44
1970 0.4625732913470083 0.1866127056568148 0.6180756996644878 108 76 43 0.62
1971 0.4375954950039549 0.1772871544684364 0.655085104910954 135 93 50 0.34
1972 0.5037370284790147 0.1955906430737122 0.568041675512184 78 51 29 0.42
1973 0.482185446760145 0.1904401340757426 0.5873622771569699 138 88 36 0.26
1974 0.4774638418818667 0.1925525362789273 0.5933780482024521 142 107 64 0.62
1975 0.4871492960760635 0.2086252417779087 0.5878459201172848 60 46 31 0.59
1976 0.4702279408819824 0.2086662585179636 0.60626189880009 89 65 40 0.51
1977 0.4702881487911251 0.2094484589189757 0.6090352537531529 95 74 47 0.59
1978 0.4526685394313541 0.2126077285936886 0.631075736907071 118 92 60 0.33
1979 0.4783999086333921 0.2127506425353162 0.5955717042385403 59 40 24 0.65
1980 0.2483610563877313 0.2550832770885438 0.8861219734597063 120 93 61 0.94
1981 0.3727331336213956 0.2558724390554139 0.7577941913187389 99 72 50 0.48
1982 0.5191776555029085 0.09647826928368911 0.5757392434449542 144 113 93 0.75
1983 0.505176944870625 0.1206369703355831 0.5864939732051375 178 173 168 1.14
1984 0.5202696693624072 0.1360352155506318 0.5695815089082258 41 26 19 0.77
1985 0.5161346055487214 0.1404242992888627 0.5673820240840269 108 78 45 0.34
1986 0.517523877705059 0.1544875292944293 0.5593855739430005 63 35 20 0.38
1987 0.4884872626159599 0.1461183450429424 0.5952066079347742 69 48 28 0.71
1988 0.5096510446240109 0.1634204558634921 0.5693166084002769 79 44 22 0.47
1989 0.4928632531596646 0.1728298907401211 0.5788263312628602 90 61 32 0.26
1990 0.4743745332234804 0.1695037067478009 0.6080728066012825 108 86 61 0.82
1991 0.2784303635988716 0.1299574958959491 0.9109034938690558 44 22 14 0.55
1992 0.4325536706994963 0.1714864506620827 0.6660417589467625 116 78 49 0.48
1993 0.4866828979285158 0.1854755689111962 0.581916766880567 104 74 40 0.45
1994 0.4752407734263634 0.2085990789491065 0.6022287670503261 96 75 51 0.52
1995 0.5181368371751528 0.1401804317991523 0.5643719685888009 118 78 45 0.44
1996 0.03526127510406885 -0.124874738671485 0.9927187805536277 71 46 37 0.52
1997 0.4965731754048818 0.1735376209120648 0.5730219220471224 64 42 20 0.92
1998 0.5093717337951837 0.183784366435593 0.5610657620048844 56 26 14 1.03
1999 0.4895594671829724 0.1791525605319568 0.5778397755499256 65 40 16 0.67
2000 0.4736641096094087 0.1740470069146999 0.6073532851324972 114 89 58 0.77
2001 0.4534887745116249 0.1703773457144034 0.6344186287850183 159 117 66 0.87
2002 0.4262066119644637 0.1892475215820194 0.6662191777721316 54 32 20 0.87
2003 0.4212762870896556 0.1856328206407099 0.6762761032358663 144 111 75 1.14
2004 0.5044382132468043 0.2006011822336717 0.5655905751794787 56 33 17 0.82
2005 0.5078242640295938 0.2096206287358663 0.5584736984019348 94 56 31 0.64
2006 0.5110047855755735 0.1760265383825012 0.5626498397129295 60 31 16 0.63
2007 0.5055453944581401 0.1889935213268359 0.5628799707611598 108 66 35 0.96
2008 0.4899625775287617 0.1697979820204769 0.5850640012537663 151 125 91 0.45
2009 0.04394006454883059 -0.2663111519687488 1.135932511937782 82 64 43 1.57
2010 0.05812968302543559 -0.3173367257204054 1.14069843214878 116 89 86 0.7
2011 0.1010307260087154 -0.2241963622161408 1.116810421747487 130 113 96 1.1
2012 0.09619128982297354 -0.2029029351789153 1.084197696164739 81 59 45 0.27
2013 0.08837405888075656 -0.1587694830096816 1.055797259903629 139 84 46 0.16
2014 0.04505733639063114 -0.1385527207850374 1.008209142944672 131 91 53 0.4
2015 0.07307647087447305 -0.1180642654284704 1.018001305724074 142 102 66 0.25
2016 0.03886910169950986 -0.1088882966252688 0.9831342001575301 114 79 50 0.37
2017 0.09919956452722173 -0.08299859008088095 1.024871793587606 89 62 42 0.11
2018 0.1278411324380125 -0.06909746983205206 1.047818417186526 141 93 60 0.39
2019 0.1285966091544881 -0.06635983065955064 1.04486727252788 119 88 61 0.22
2020 0.03980260458615037 -0.09989191377955181 0.9846892519702048 127 90 62 0.49
2021 0.04955586692590419 -0.08800548093531246 0.9778695272854747 141 97 62 0.75
2022 0.05071032156420419 -0.09811182332669699 0.9954472614194176 100 69 45 0.21
2023 0.09853818344185539 -0.07096967499445039 1.001450341212375 120 73 40 0.34
2024 0.1406799845463513 -0.05624247477661054 1.046502073251747 101 65 45 0.29
2025 0.1504485620123657 -0.04337279988383191 1.053161824502574 128 95 57 0.79
2026 0.02630995945420167 -0.07144872204248259 0.9522833546646989 138 107 87 0.28
2027 0.03458050675560098 -0.06887698237197049 0.9545529927244321 124 87 62 0.28
2028 0.05408831294550098 -0.06089737676638451 0.97016865995983 126 96 74 0.2
2029 0.1536790619959527 0.04513316945813894 0.8688451931533796 133 92 55 0.55
2030 0.1180135132451864 -0.03159677556800738 1.004564716978516 123 83 50 0.35
2031 0.1397654530084567 -0.0124866196341589 0.990670366920129 141 100 65 0.98
2032 0.1303847626533018 -0.02461753606594999 1.011649210864902 153 105 64 0.48
2033 0.1375822157370413 -0.02696051019907852 1.095421758555642 114 88 68 0.28
2034 0.06695569227286191 -0.03507870004225894 1.18269464022429 113 81 61 0.61
2035 0.07858164549499608 -0.02873991879750604 0.9459095686999477 164 111 68 0.4
2036 0.1755815823587656 0.01167097700815048 0.910819693411959 161 122 82 0.41
2037 0.2159508911051241 0.02517008595026959 0.9412155476300179 117 86 62 0.25
2038 0.1382173872816346 -6.009586872129935e-05 1.009475133043704 150 114 83 0.6
2039 0.1585526944952549 0.01580634685678298 1.025363606622373 128 87 53 0.54
2040 0.4987884405303639 0.08226420090320546 0.538338453935124 131 100 66 0.18
2041 0.156347833372447 0.01160025742263326 0.8778167718458421 127 98 78 0.48
2042 0.1900463670631152 0.04014276889513424 0.9696356084138349 95 58 36 0.4
2043 0.143320748383654 0.02699716806390678 1.087660802452268 94 63 45 0.36
2044 0.1623184588870264 0.05319871927586411 0.8723756632628091 106 73 47 0.68
2045 0.2022581829794192 0.07129103368121514 0.9203985225367017 81 50 31 0.39
2046 0.05217272828335229 0.06287709300046809 1.2027451844062 188 196 203 0.92
2047 0.5168686878338803 0.1229912999372407 0.5051948964690507 80 54 35 0.52
2048 0.5505568078226728 0.124865078323205 0.5301328935939335 85 77 59 0.4
2049 0.1807359770706875 0.0881679696604851 0.8910731118723438 134 81 45 1.08
2050 0.07752351287115844 0.08026815409279836 1.184266651945626 156 140 128 0.2
2051 0.5131834756044881 0.1364348441084549 0.5040053572833543 79 52 33 0.4
2052 0.5096198367597221 0.1379572172794592 0.5820593406658439 47 30 20 0.68
2053 0.1516845440993356 0.09060075134676732 0.868579881217139 105 72 50 0.84
2054 0.1783149592462428 0.09685771627257209 0.8880197031007316 148 87 41 0.45
2055 0.188806438421376 0.101246434817095 0.9001016626070819 108 60 32 0.42
2056 0.1958355638707758 0.1210249118922494 0.9014340587471783 157 96 50 0.87
2057 0.2624524898610114 0.1306545145917161 0.9360534077143263 116 76 49 0.61
2058 0.2007589648396815 0.1320480836678237 1.024385089714601 103 66 40 0.31
2059 0.1296232048882333 0.1174149703386659 1.139683984688502 118 86 67 0.46
2060 0.4817384353629716 0.147546125587474 0.6033847901619248 66 45 27 0.36
2061 0.441538520285957 0.1481500161268323 0.6680847568684266 160 122 87 0.36
2062 0.165161564209 0.1243386428271644 0.8726544607975303 129 74 34 0.6
2063 0.1982111233521593 0.1255235288116145 0.9045882507334656 113 66 34 0.57
2064 0.1455722084303074 0.1372409332560089 1.094394657243144 118 82 57 0.5
2065 0.5033365996997717 0.1576863210487114 0.4946859814923209 50 33 23 0.49
2066 0.4521870519487472 0.1741304893526163 0.6350053245498035 96 72 42 0.57
2067 0.4281300025445288 0.1710662411871376 0.6710507630606672 115 91 63 0.36
2068 0.3041542887912523 0.1759026123566335 0.8474994962782594 114 82 53 0.44
2069 0.1827261930314091 0.1551104395586051 0.9949790303954109 44 28 18 0.1
2070 0.429135649480714 0.1859743222217982 0.6626877001060093 88 59 33 0.5
2071 0.414232068197311 0.180842084861118 0.685472468091998 101 76 48 0.21
2072 0.4145699183384751 0.224349709125379 0.6835297112352651 87 61 42 0.61
2073 0.324184870989551 0.2356237502880265 0.8047233978337919 99 76 54 0.31
2074 0.4391410112791632 0.2421675359226759 0.6645154929833516 172 143 119 0.26
2075 0.3097984674553149 0.2503221815274347 0.8228881547057252 112 71 32 0.54
2076 0.3069162621467526 0.273646147031037 1.09083542167672 98 58 28 0.15
2077 0.231236520155123 0.2739773682335248 0.9274350292802065 79 64 54 0.52
2078 0.06633244669007943 -0.2969489693765858 1.131904508682513 133 112 104 0.14
2079 0.06122045917244462 -0.2187065020004511 1.05807924065987 153 122 90 0.55
2080 0.0662028539144775 -0.2328904707360564 1.065773746773972 151 136 131 0.27
2081 0.1023298890804717 -0.209620820840745 1.096615336813058 110 87 57 0.73
2082 0.1150524705395496 -0.1884908138472289 1.090107966788947 146 108 76 0.66
2083 0.1113250903319667 -0.1824174243918292 1.09133235758579 96 68 49 0.64
2084 0.03446224585157232 -0.1539492945909621 1.005828178656906 143 138 141 0.43
2085 0.0923773916045233 -0.1755931687126667 1.063800922344095 111 84 61 0.16
2086 0.07342628228723508 -0.1618406874359734 1.040936518752456 138 107 82 0.43
2087 0.06914793623958881 -0.1548208040407594 1.035276825947345 114 74 40 0.21
2088 0.03785183809916637 -0.1425984809836284 1.006282797670771 104 65 38 0.4
2089 0.06309333662974143 -0.1232685838961122 1.014537958147606 125 88 53 0.03
2090 0.07300959512955207 -0.1405364492877729 1.029291034446649 129 96 66 0.3
2091 0.1604234437706101 -0.1012289762336627 0.9885355916617835 93 66 44 1.14
2092 0.07793214949241856 -0.1193947363827166 1.022721494259489 102 66 41 0.38
2093 0.1269058969549904 -0.0980316653002945 1.099652366000668 77 55 43 0.57
2094 0.05874180357257563 -0.1075615113132556 1.001193280513826 130 97 64 0.74
2095 0.1343776349216027 -0.08814878802033133 1.063852943832549 114 81 43 0.43
2096 0.03527732077154544 -0.1012957142867058 0.9824364726107984 191 129 77 0.76
2097 0.04225651024267463 -0.09589212453889556 0.9859077775790961 159 116 79 0.53
2098 0.0689490315749523 -0.08162146782384255 0.9932942789702202 120 80 52 0.45
2099 0.06532378033214792 -0.07124917845633011 0.9882734471216654 154 111 69 0.64
2100 0.1707907485596535 -0.05155123662729527 1.009518654781721 90 54 30 0.78
2101 0.117377423596107 -0.05816869327551755 1.028787028927885 148 107 70 0.77
2102 0.1321875562683252 -0.06261150603704363 1.040861322784676 202 173 139 0.42
2103 0.1808616768177213 -0.03449619116889252 1.050402134030134 136 111 88 1.07
2104 0.09328124196935428 -0.05619852339933629 1.149284429554406 81 55 42 0.47
2105 0.06805826510773466 -0.04993985102789888 0.9705325155718001 185 126 76 0.35
2106 0.1127995488852855 -0.03429034308401402 0.9921896684287836 192 129 75 0.58
2107 0.1226992215845852 -0.0225378218671782 0.9960834824227262 100 59 31 0.52
2108 0.1256610735898885 -0.0337830947833605 1.011309809082435 167 122 81 0.63
2109 0.1265209410863489 -0.03116188880193219 1.015216262707775 174 129 89 0.38
2110 0.1620146934176991 -0.01451430600288361 1.008400793407186 133 92 60 0.48
2111 0.1704994827612136 -0.00121954524504328 1.025628790615543 142 101 66 0.36
2112 0.1780871412686202 0.09221803318649476 1.046217464643574 142 105 73 0.34
2113 0.4788789908399657 0.07623322765809912 0.5421793237627467 57 44 36 0.37
2114 0.1641063951387834 0.03667346953493242 1.031231051648765 113 83 58 0.61
2115 0.5111499139693664 0.1012958581895307 0.5081221603980796 161 111 65 0.64
2116 0.4806933094427766 0.09844735980646771 0.5545477549681923 80 51 33 0.19
2117 0.5238033923470381 0.1124293848697032 0.5690819701202996 113 78 52 0.51
2118 0.508647842452543 0.1161383582199961 0.5867009240098366 88 79 81 0.45
2119 0.2716090831399489 0.07676670173489181 0.933336575615842 115 82 51 0.56
2120 0.289728056522717 0.07747954777692007 0.931867399668532 84 66 51 0.85
2121 0.4988641111318577 0.1225038673950914 0.5502912246774813 47 32 24 0.13
2122 0.1418051474628549 0.07989405635349409 0.8695247449515509 111 83 62 0.35
2123 0.2022904621660849 0.09678515911114265 0.9159865154210891 140 81 39 0.34
2124 0.132014249662127 0.08212435463089304 1.119023903000672 105 80 55 0.39
2125 0.5345407610236542 0.1473767824084935 0.5186753357422856 57 38 28 0.92
2126 0.5288660784335167 0.1449493326458192 0.5526843637052303 67 45 31 0.38
2127 0.5262369002017043 0.1458676764142038 0.55874875013692 63 42 31 0.24
2128 0.5241220279162602 0.146225401141262 0.5607853076882893 78 56 33 0.26
2129 0.4989844956885884 0.1442684679402257 0.5824400443234813 55 38 23 0.41
2130 0.4882762635702175 0.1422303184634426 0.6026844686521375 64 39 23 0.37
2131 0.1109292513641011 0.08068421103996012 0.838571594243309 124 68 32 0.53
2132 0.1459016200471878 0.0904957293587948 0.8599842469921595 102 60 40 0.52
2133 0.1584136238202918 0.1028353022491589 0.8690450121265942 173 116 68 0.39
2134 0.1631170608107612 0.1041482053471195 0.872548392672999 160 102 59 0.4
2135 0.1679190514789786 0.1053427342786414 0.8759236308840639 165 103 53 0.54
2136 0.1252833478998893 0.1128768561037901 1.141955734024168 112 82 51 1.08
2137 0.05346758219015291 0.1108953920331517 1.207426803432982 162 156 154 0.4
2138 0.5236287883195258 0.150575702212115 0.5132114252666091 150 107 70 0.66
2139 0.5397947936244305 0.1526374882334036 0.5282334492790208 71 36 21 0.51
2140 0.461491489106281 0.1528518025236786 0.6315049649530254 113 93 64 0.49
2141 0.1253303428230678 0.1070621155777937 0.840936250930107 178 126 83 0.32
2142 0.1705628588636048 0.1332623658952546 0.8722033248790326 137 93 51 0.27
2143 0.5370493764733231 0.1761891915310179 0.5155484947004224 87 54 32 0.36
2144 0.2053144011090008 0.1531225439420472 0.9012843795094621 123 83 54 0.28
2145 0.3018049116874684 0.1736461618842292 0.8493969019143781 166 120 78 0.31
2146 0.3487629581189624 0.151483411896625 0.5069500411431906 152 103 50 0.9
2147 0.4675369777263657 0.1816024397440651 0.6109902272714189 107 82 48 0.38
2148 0.4736308508851002 0.1900813683255287 0.6000923022057137 65 46 30 0.8
2149 0.3015381448841143 0.1797566663938791 0.8538066353447598 115 85 51 0.35
2150 0.1975280112280784 0.194202565899008 0.9972778225264768 51 39 30 0.25
2151 0.5167156742631506 0.1939764851084772 0.4881374434765279 130 112 91 0.57
2152 0.4895888335749742 0.1999529281976475 0.5796309288216728 73 60 38 0.99
2153 0.4734333554986355 0.1972991169999328 0.5977166225637468 56 40 26 0.45
2154 0.4477672006775404 0.2010510830614812 0.6314112881579445 77 62 42 0.35
2155 0.3786920717674064 0.2005558915003386 0.7277190676124665 110 80 45 0.52
2156 0.1649293383919659 0.2233556480005966 1.042096250485491 66 47 32 0.13
2157 0.1403893907678533 0.2301035148042826 1.081825114341386 87 58 44 0.52
2158 0.1281533611063255 0.2287748992051359 1.093600972719751 58 35 25 0.42
2159 0.09949285940434238 0.2200160354101808 1.147797609838489 44 38 34 0.39
2160 0.113124238868135 0.2326316240190526 1.125768639478 62 42 30 0.64
2161 0.5439516106174014 0.2146470473645238 0.4943281559581481 34 25 23 0.44
2162 0.4757758829231089 0.2117285945283932 0.5998593899782438 154 126 95 0.33
2163 0.4677153889699073 0.2117871322722989 0.6117079251286602 86 63 41 0.46
2164 0.462183016238125 0.2137500099127936 0.6154434030563634 34 24 16 0.27
2165 0.4435465309098353 0.2193287226273571 0.6401025333750051 98 58 28 0.51
2166 0.4263158684897005 0.2198487353530607 0.6659575123154736 51 36 26 1.08
2167 0.3110690315799213 0.2238881028173117 0.8245985781562061 93 67 42 0.59
2168 0.3057547296555323 0.2229133062630444 0.8289361468980659 32 18 14 0.16
2169 0.4747809635468163 0.1722062551681044 0.6059192281520959 119 98 74 0.31
2170 0.1436885404690951 0.2360661459213859 1.02869910790776 66 43 30 0.32
2171 0.1092551694327341 0.2413041217588241 1.134178018402936 66 54 33 0.12
2172 0.3236280168272974 0.2636822241947764 1.104811675806938 81 37 21 0.68
2173 0.6460812619842804 0.2227106625695916 0.4382377501190673 34 24 17 0.26
2174 0.6450474178430455 0.2229581503960762 0.4395763252946922 28 20 14 0.35
2175 0.4489809907048282 0.2285538718349778 0.6365272736731775 101 79 56 0.27
2176 0.2702794776445362 0.2477554230408858 0.8725560694217005 39 24 17 0.51
2177 0.2623770118580164 0.2693308872155072 1.052510887966083 79 61 47 0.65
2178 0.3272093963888699 0.2756598151968971 1.100465568037245 86 54 33 0.38
2179 0.1019866180022888 0.2849507662255255 1.10786820527677 66 40 32 0.46
2180 0.3204143157295435 0.3174164929158844 1.085146727562654 148 110 83 0.08
2181 0.3269959719917626 0.3184994276909922 1.086787825133882 171 121 89 0.39
2182 0.3450010729675387 0.2037791045911988 0.7731965746809634 59 37 22 0.87
2183 0.08353979382040044 -0.2097616316990679 1.072927890533923 137 104 70 0.47
2184 0.09476086056298277 -0.1301660081923949 1.048087268122366 77 50 28 0.36
2185 0.1235216117369142 -0.1162191278490304 1.07005324077709 141 103 72 0.44
2186 0.03352388231051484 -0.08938539459329237 0.9674279122938854 171 127 83 0.73
2187 0.06711797727538349 -0.09074228888731212 1.005034376166801 165 119 73 0.52
2188 0.08248229992591521 -0.0628719827793992 0.9855093601717113 150 101 65 0.4
2189 0.1310397503888241 -0.02703322965534849 1.105723548143891 59 41 34 0.43
2190 0.1033744568946589 -0.01050379568753165 1.143436837371526 78 53 41 0.54
2191 0.03126927500905119 -0.0474168306860091 0.9440999543606736 129 84 53 0.23
2192 0.1532544432149356 0.004310540648486155 0.9011007860536951 91 64 44 0.37
2193 0.1409279756426132 -0.007606727048022205 1.01827467995248 144 98 61 0.54
2194 0.147238941344255 -0.002081547584314919 1.022710677133999 121 78 44 0.57
2195 0.1550962265366487 -0.002584920981230809 1.028986981577924 171 132 94 0.4
2196 0.1730106995193985 0.02345613202560556 1.041737580442321 144 105 81 0.27
2197 0.05042785692752377 -0.02151270478424064 1.196763233079051 127 108 96 0.65
2198 0.07116736113923594 0.008860258134816584 1.182356628570991 89 65 50 0.38
2199 0.5290001365775049 0.1032507251435698 0.5829531689226597 164 165 167 1.32
2200 0.1327591137046377 0.02911231631943217 1.10490339529398 133 102 69 0.39
2201 0.5503058429281743 0.1224410866031347 0.5351694344605098 113 89 65 0.82
2202 0.5339295211171878 0.1174391142725441 0.4221085355643226 125 108 87 0.86
2203 0.5235914259400724 0.1304540126250123 0.5275385649475044 72 55 37 0.11
2204 0.5269263128555607 0.1213654260718057 0.5320666859492782 109 87 64 0.25
2205 0.5515602776672145 0.1263731683210995 0.5340607456904801 101 80 58 0.5
2206 0.08045490671895655 0.06250384604282452 0.8216215469266585 168 106 41 0.82
2207 0.07480112355842217 0.06115470602042419 0.8392677495864942 175 96 32 0.8
2208 0.1119737399069142 0.07046700921298199 0.8380323905286398 165 110 66 0.68
2209 0.1855937782620239 0.09071916117339168 1.006379792126608 95 65 45 0.58
2210 0.5214751789132324 0.133802921205084 0.5049294986340429 100 73 51 0.6
2211 0.5212171091976406 0.131242567626326 0.5112095838982726 142 103 72 0.27
2212 0.5181161886227214 0.1422413313729186 0.526831870424007 78 48 24 0.3
2213 0.5292989597200718 0.1456310854667935 0.5245038487697267 186 138 87 0.14
2214 0.5292616548787497 0.1457019442592168 0.5551809010446795 84 60 40 0.4
2215 0.5151177816550691 0.1380747073608737 0.579629860281333 48 30 21 0.46
2216 0.4884002792771474 0.140702524906198 0.6040523097250929 145 112 74 0.69
2217 0.1525657384598452 0.1052055807585926 0.8541108295491842 135 80 39 0.52
2218 0.1663524322234878 0.08907095150341923 0.8778221680153491 108 54 22 0.61
2219 0.176437069156999 0.1080127316657561 0.877432973693935 185 119 65 0.3
2220 0.2625732257073884 0.1314871861089477 0.9049260509311026 179 115 64 0.42
2221 0.1474246523227299 0.125960980312365 1.094195138804688 80 49 29 0.43
2222 0.1030938186384223 0.1197220703360307 1.15260381015533 97 73 53 0.52
2223 0.5138048445994059 0.1439651829904783 0.465856520191537 67 50 31 0.39
2224 0.5014783815517336 0.1446062083001627 0.4905125709842613 25 18 13 0.76
2225 0.5093180414170458 0.1462446851864498 0.497104759434099 65 42 26 0.38
2226 0.5195333822690992 0.1587304321035402 0.5463874604058866 51 32 19 0.13
2227 0.5105028876958807 0.1589831062719818 0.5656163439344929 48 26 17 0.34
2228 0.1211963554824387 0.1092719645951656 0.8833949069425744 176 110 63 1.81
2229 0.1985961048610962 0.1394577860015184 1.002864550849639 103 74 46 0.31
2230 0.2013726152851241 0.1443663528024667 1.022461803546712 131 99 65 0.43
2231 0.1962514317135151 0.1408822388937928 1.031595644398182 140 95 63 0.41
2232 0.1895451118305309 0.1556566958779176 1.036151297285588 16 12 10 0.1
2233 0.1542380932491844 0.1353360140499911 1.090453057858167 109 78 53 0.99
2234 0.5027483599666526 0.1563127058044728 0.4931977664735016 80 60 37 0.65
2235 0.5279394239934291 0.1716409618568988 0.5374689950183937 33 17 12 0.26
2236 0.4999185969654822 0.1654363892928197 0.576091309647767 70 51 35 0.54
2237 0.3222145105665085 0.1716027839869328 0.8248597479532895 116 82 54 0.49
2238 0.09792029439483474 0.1808946377447962 1.148748781596392 47 30 24 0.46
2239 0.1034162041026177 0.1781897847996219 1.148187610357159 57 39 33 0.48
2240 0.3118940762926675 0.2112539530808724 1.138106138082903 164 190 202 0.58
2241 0.4992290499622656 0.1662747095147622 0.4352286580505964 69 53 40 0.73
2242 0.5145836276850397 0.1864628990898957 0.4980494082340871 156 117 78 0.28
2243 0.5238911024815536 0.1830143229801493 0.5033335593005936 128 79 47 0.59
2244 0.5373108701312462 0.1923100647218512 0.524338905596594 69 49 32 1.28
2245 0.5115899885110577 0.1846186720214655 0.5558884713161634 42 22 14 0.71
2246 0.4290308853202143 0.1797831027007269 0.6657288860003379 64 42 27 0.83
2247 0.5141519064828022 0.1962654087056796 0.5541150440665591 86 51 27 0.85
2248 0.4606632669171138 0.208445646799037 0.6195840763707215 63 46 28 0.79
2249 0.4555824606860292 0.209840882044908 0.6276781762482697 51 34 25 0.48
2250 0.3482622115347087 0.2170325384225303 0.7773221713456103 125 92 57 0.55
2251 0.25616254565484 0.2161119856420201 0.9022477560093874 81 56 40 0.31
2252 0.2341291195269675 0.2134693833119546 0.9342978682817673 96 69 51 1.06
2253 0.5579645487454336 0.2045770820057359 0.4758237293171789 30 28 23 0.37
2254 0.4744322092623759 0.2106893687415282 0.603497484352028 46 35 23 0.64
2255 0.4455334483817518 0.2141586955137277 0.6412026709091552 39 26 16 0.18
2256 0.3442103963581035 0.2321398812455579 0.7732865106789767 43 28 16 0.46
2257 0.3392274387656079 0.2333627586417169 0.7809090669638201 51 31 20 0.38
2258 0.2969050781363948 0.2288700256272684 0.8417161645359785 68 42 28 0.52
2259 0.2908134695333184 0.2308694709509425 0.8510895803540482 86 52 22 0.37
2260 0.1745633021788835 0.230829899898602 0.9786755024670368 30 19 15 0.68
2261 0.1730680509544116 0.2361416743982957 0.9773512218755109 22 13 9 0.23
2262 0.3948359216958256 0.237613442602378 0.7077062250145055 81 57 33 0.52
2263 0.3871144304932426 0.2340402496411443 0.717515602245492 78 53 29 0.52
2264 0.3802679948335779 0.2359343716816593 0.728771167732024 98 65 34 0.39
2265 0.374259930309892 0.2366743592810348 0.7356034915516623 95 65 31 0.47
2266 0.2873412007973101 0.2453340874240565 0.852958296530674 29 18 14 0.42
2267 0.4237998540171145 0.2532874997385799 0.6747792726144823 109 84 60 0.25
2268 0.2861980673825449 0.3219222137991284 1.059648279574189 113 88 64 0.1
2269 0.3162596709032277 0.3286037966857056 1.077894019026836 121 88 64 0.72
2270 0.1019354553973265 -0.2292999065834294 1.127106900859451 130 96 61 0.91
2271 0.07500737348557734 -0.2150891540041456 1.149702399613116 169 204 238 0.46
2272 0.1159845896523009 -0.1451202528615272 1.073846159353252 139 99 62 0.61
2273 0.126703324295004 -0.1311492210887595 1.077735655248159 193 153 108 0.65
2274 0.1171622943435712 -0.1060992687216644 1.055474092915063 169 125 69 0.23
2275 0.1063026944380301 -0.08735906327170945 1.032422861311234 133 93 57 0.45
2276 0.06966215252354557 -0.08501029823709255 0.9947903494741337 151 104 64 0.56
2277 0.1426276553558983 -0.03792409110537226 1.038055750097526 137 103 71 0.75
2278 0.03418037267433316 -0.0598186917172247 0.9598268288533909 142 91 52 1.26
2279 0.1021669524750333 -0.01462139168398965 0.9344460418364262 181 120 72 0.6
2280 0.02104164951865961 -0.06014162262775696 0.9444116715795685 203 204 204 0.34
2281 0.129788802859193 -0.001936387569772768 1.108922251277267 79 50 35 0.37
2282 0.1656997433321519 0.020620352994383 0.8843152986198848 113 62 38 0.14
2283 0.1122160790923795 0.03204302390670427 1.141994235863272 75 50 36 0.59
2284 0.08499709832083946 0.01034312330819301 0.7735787520271565 125 108 98 0.62
2285 0.06678076359043267 0.01240822237323308 0.7998578284219691 146 129 111 0.59
2286 0.2003992478273906 0.07233815994105489 0.9166887325749344 163 117 72 0.27
2287 0.5235507724221192 0.128819510506395 0.5138641292779955 110 71 42 0.31
2288 0.5445319959366274 0.1291781205570921 0.524336296741405 91 70 50 0.41
2289 0.5389389517100006 0.1339509039782593 0.5382871602335907 64 39 25 0.96
2290 0.5327299540998195 0.1350074479181418 0.5473326216144263 61 36 22 0.56
2291 0.1734503691921269 0.08430091760373903 1.009992998885829 120 84 56 0.83
2292 0.5287227742674049 0.1288438376624734 0.4765310561985524 146 127 95 0.53
2293 0.5079801947040329 0.1412881780666976 0.5771728599964551 81 55 29 0.44
2294 0.2007612930544636 0.1013281099426361 0.9151200592625457 156 100 60 0.7
2295 0.509491153050286 0.1522044615509232 0.54241742563069 45 27 18 0.12
2296 0.4558530779548933 0.1543220639929858 0.6365153435563942 132 105 74 0.71
2297 0.1504198571537287 0.1195610908971504 0.8648424233891707 54 29 19 0.96
2298 0.3592157091058413 0.1727192089339458 0.7754605661548016 103 77 47 0.41
2299 0.1915468689190262 0.1577809178539422 1.019828524386534 108 75 50 1.16
2300 0.4962889790895471 0.168663406005425 0.4395578645902852 106 101 96 0.73
2301 0.5261928768560552 0.1827855233804072 0.5061845838396001 152 108 69 0.51
2302 0.2930292541105023 0.1820235456299445 0.8613964068279669 88 63 40 0.42
2303 0.1474177773151736 0.2073594963870578 1.089027527234767 80 65 49 0.46
2304 0.5148153068463551 0.1981274117145417 0.5517641976557692 69 45 28 0.74
2305 0.460499143595491 0.2092009391612471 0.6243809469807906 59 38 23 1.21
2306 0.4957856803845805 0.2123047666866124 0.576614338788955 85 70 45 0.56
2307 0.4325485434019029 0.216552927035421 0.6570533230065011 98 78 50 0.72
2308 0.3773919409904719 0.2258664691316074 0.7306129220148707 39 22 13 0.4
2309 0.3622444561534198 0.2332592495118717 0.7554820109587471 121 92 54 0.8
2310 0.3381696119879227 0.2235818976603495 0.7857040969067302 119 92 58 0.5
2311 0.3291391390855928 0.2354611794237504 0.7957946430690797 66 44 31 0.58
2312 0.3256709536668846 0.2615566682971571 1.108515932202331 127 86 55 0.27
2313 0.2838371285401786 0.2487388257023273 0.8565681825550364 107 75 49 0.34
2314 0.28782995049261 0.2550500516998555 0.8509615277877043 125 86 56 0.47
2315 0.265068397830268 0.2518866662004655 0.8792226177076854 73 53 31 0.64
2316 0.1549173500048087 0.270085299756815 1.02341315395633 46 34 24 0.4
2317 0.1458005450710657 0.2752919640618338 1.046828979395854 16 13 14 0.5
2318 0.2616885202320435 0.2754407828952266 0.891545202220406 127 97 68 0.47
2319 0.0924543791372413 -0.1989432844186813 1.08317742207456 147 117 82 0.72
2320 0.1160997997663055 -0.1349391987714001 1.070613237388753 149 110 74 0.92
2321 0.1010845944251436 -0.1482723394526446 1.105845463864213 51 30 24 0.77
2322 0.04502144428411914 -0.1336196736147468 1.009285600373587 141 95 58 0.71
2323 0.1405038340696685 -0.1052811847562221 1.089810700888764 36 29 28 0.41
2324 0.03039602773255445 -0.1170897173659106 0.9886508476447462 183 124 72 0.89
2325 0.1342471975057204 -0.07947442749971029 1.053016899875181 135 88 50 0.65
2326 0.1479471433045506 -0.0637132833932299 1.078836482316053 180 134 94 0.58
2327 0.1118012336066172 -0.06534038560329447 1.121628109640239 65 47 36 0.79
2328 0.07155955049880597 -0.04952598221931265 1.151001046797667 35 25 25 0.38
2329 0.154085829114731 -0.0160585173481255 1.042980163024886 83 52 34 0.73
2330 0.1541509176223226 -0.01342329534306361 1.065410116280058 49 30 22 0.92
2331 0.1696520775648744 -0.01472344678926107 1.069644454052692 60 44 36 0.71
2332 0.1452192299227663 -0.007863744621342178 1.007773195494424 192 133 77 1.03
2333 0.5204910183044407 0.09943563062383197 0.5137609122624475 169 120 69 0.52
2334 0.09164073133919998 0.03670640287595842 1.160223576347243 72 47 34 0.64
2335 0.5160108018646233 0.100647944351006 0.5107435793600617 122 76 40 0.95
2336 0.1484318581450408 0.05225734967766593 0.8635390375718701 88 53 33 0.7
2337 -0.09266185299563301 -0.01767963392393893 1.015719198821445 94 53 25 1.31
2338 0.5242351167611398 0.118505039139714 0.4330282481438731 146 137 112 1.1
2339 0.5078342169829935 0.1099861189403373 0.4519686447044206 187 142 89 1.16
2340 0.5344318894908642 0.1581070952676132 0.5381019877994013 92 54 30 0.54
2341 0.5252033441699194 0.1626457285856844 0.5448177573996029 74 49 29 0.16
2342 0.1722326956729445 0.1187145915274057 0.8766959791981357 156 97 50 0.63
2343 0.5131764063991294 0.1661421592183811 0.4622848566395732 74 60 47 1.13
2344 0.5341760986835471 0.1729678148289066 0.527223173240055 118 74 34 0.89
2345 0.127043059209565 0.1780490466782677 1.112505518791663 52 37 26 0.63
2346 0.4968274230863905 0.1661438014338761 0.4381311584856412 6 6 9 0.7
2347 0.5352872770396411 0.1784373271591784 0.5209324655495067 88 55 33 0.8
2348 0.3614634067435981 0.1831088529452324 0.7667947376612816 76 58 38 0.54
2349 0.5115319172040278 0.191526296571377 0.4858389307698461 57 43 34 0.68
2350 0.4878236258758157 0.2019778930734004 0.5810487193451754 72 49 26 1.2
2351 0.4758031946364766 0.2199913597886456 0.6010569303607315 122 82 48 0.34
2352 0.4387647316568647 0.2119332204148421 0.6497530133055252 63 43 27 0.95
2353 0.4275992740341633 0.2153453369973696 0.6659038936444459 29 22 16 0.72
2354 0.6098730461822748 0.2267942363749864 0.4892644933093294 26 14 13 0.66
2355 0.3979649650564308 0.2332626729999621 0.7051370311658831 104 76 44 0.46
2356 0.3948646755758601 0.2338485109405881 0.7112450462610747 133 93 49 0.64
2357 0.3713144907847442 0.2385429130956383 0.7416709655545336 95 65 35 0.47
2358 0.3152346533246774 0.2431062921032528 0.8178212903677948 102 74 40 0.45
2359 0.2319110359758274 0.2523017589226466 0.9297861713510703 84 58 38 0.74
2360 0.05047137684472164 -0.2130013567771404 1.049632684575634 141 103 70 0.77
2361 0.140623410021972 -0.08963026570673266 1.072334588546902 174 133 87 0.42
2362 0.1493669104463402 -0.06984608750172006 1.07329558693077 68 50 40 0.53
2363 0.1126181139232382 -0.07254792327326437 1.127007869406946 99 84 66 1.25
2364 0.1704445979461942 -0.04346480096241268 1.058202633994279 51 35 31 0.57
2365 0.1589141567154817 -0.0330334471424806 1.05531709255596 164 129 98 0.72
2366 0.04032609798917719 -0.07407869298024844 0.9686566049340996 143 97 58 0.63
2367 0.127921604694352 0.04328805843635103 1.11074009021025 58 35 27 0.66
2368 0.1184998685563061 0.02985267083215598 0.8584917313464897 189 122 68 0.56
2369 0.5211446611069982 0.1211172170784834 0.4902754439193805 147 126 88 0.59
2370 0.5131492509064005 0.123737046756941 0.4896949600510598 88 66 44 0.74
2371 0.5360739030150946 0.1240072796380871 0.511757276153744 161 131 95 0.33
2372 0.5571877283816249 0.1371124594348108 0.5243884498792132 186 147 100 0.5
2373 0.5072141701571612 0.1335216729865583 0.5871510905586997 68 51 40 1.51
2374 0.5139345862569146 0.1344597353740435 0.5271675475351829 139 114 82 0.22
2375 0.5356446781851125 0.1503786865026033 0.5323425095764635 88 63 44 0.41
2376 0.1521371919268809 0.08535589848351771 0.8705592340717643 39 24 17 0.79
2377 0.5564311999008134 0.1662496786888774 0.5350494771207355 53 33 20 0.58
2378 0.450483518120448 0.153524372700134 0.6497575542562837 117 79 38 1.04
2379 0.1457640118850566 0.1113762829274135 0.8585663696760171 38 24 19 0.58
2380 0.5474758816409719 0.2063896707597749 0.5199768287251928 96 67 44 0.95
2381 0.5084299364244717 0.2026953358265388 0.5594750546980295 98 68 44 0.54
2382 0.4293852755177877 0.2039328070784346 0.6545013080197812 89 61 31 0.69
2383 0.3730975737762879 0.1976152089211823 0.7379370378391079 105 77 45 0.44
2384 0.2755163434940775 0.2200473918860802 0.874867548968294 89 51 28 0.76
2385 0.5140999093040228 0.2097948537158538 0.5518615122439008 116 74 38 0.67
2386 0.1501032715567924 0.2325578015693222 1.051435004758801 111 68 44 0.4
2387 0.3033145185225352 0.2399703398506237 0.8313111518116969 57 37 28 0.98
2388 0.3185817173685951 0.2988573588748383 1.093561073500465 157 112 77 0.39
2389 0.127305844406248 -0.02023095073359477 1.014502710076524 174 121 77 0.88
2390 0.06588146409256923 -0.007542511557071002 1.107677420120713 47 25 19 0.22
2391 0.1705092359831232 0.0237434398267258 1.040954470707053 196 154 112 0.4
2392 0.4269454258044419 0.07042490255401174 0.5199673297402397 221 164 94 0.6
2393 0.1332087212253039 0.01540523103721927 0.867492029737577 170 102 40 0.53
2394 0.1704233147690319 0.03012376056823918 0.894170667781145 100 55 34 1.02
2395 -0.3615446563937924 -0.07214366585766424 1.240987210403504 171 126 78 0.52
2396 0.5186704170549565 0.1236341066838722 0.4837239444563685 40 31 26 0.82
2397 0.5043202622450484 0.1125565422111781 0.490713207600868 33 23 23 0.42
2398 0.522995664472213 0.1397383488466911 0.5565386752070315 106 70 42 0.51
2399 0.5258283095946353 0.1716929401365606 0.5384609746456208 36 23 16 0.48
2400 0.358543351253186 0.2016636003181358 0.7624016919027319 116 84 47 0.83
2401 0.1561665646219084 0.2117093393675845 1.06280604128889 92 65 44 0.73
2402 0.6112712377340668 0.2111863888314773 0.4084486267689025 23 13 11 1.31
2403 0.2904615090796722 0.2358282303454915 0.849165252489343 110 80 49 0.52
2404 0.5447628343921613 0.09205213936269487 0.5420919510598783 84 74 65 0.86
2405 0.5135415095902559 0.09601141386586701 0.5074344279041402 137 92 50 0.66
2406 0.1626503940502004 0.04743881718624854 0.8815944989491462 138 81 39 0.55
2407 0.1715456077760331 0.06174894281779569 0.88664423712632 58 34 24 0.85
2408 0.5128047994968722 0.1281254936098949 0.5060253615815726 160 112 67 0.84
2409 0.09970418029613731 0.08474311914334781 0.8312183772908728 177 113 50 0.83
2410 0.1587146175264779 0.1473193688809036 1.055315368567497 68 48 31 0.66
2411 0.4965963316152523 0.1614619232520809 0.4386286172951479 94 80 61 0.69
2412 0.5097688262470952 0.1595734747421532 0.3746422487154124 73 42 15 0.97
2413 0.1405820266341572 0.2585092376267203 1.072426350262103 93 69 50 0.57
2414 0.1019211361240056 0.06612993355133165 1.164079915473504 77 43 29 0.75
2415 0.5565147072738786 0.1321682462040138 0.5177100780361934 56 27 16 0.52
2416 0.5215392865187922 0.1474319845167151 0.5596279740256612 51 29 16 0.94
2417 0.3282639382583984 0.3231080365050354 1.092936273858512 103 58 36 0.77
2418 0.1918681770099337 0.107836362111575 0.9021990298430023 192 125 62 1.11
2419 0.2644383188214198 0.1142590675509695 0.9076172586490359 222 162 93 0.75
2420 0.2735890457987781 0.1642622880957952 0.9234023209632162 84 68 58 0.76
2421 -0.05620812694157529 0.1946621773859046 1.287073529296499 190 195 193 0.21
2422 0.4599271307607181 0.1433926712506884 0.5337802826392403 53 29 19 0.23
2423 0.07267012697655384 -0.2427404822083561 1.080092903442804 59 37 22 0.24
2424 0.09817538564527273 -0.1871852439530718 1.074081611102485 169 136 97 0.6
2425 0.08917956066495603 -0.1803355233941502 1.064300907924561 57 41 34 0.35
2426 0.06305834295240065 -0.1166479460477353 1.178497411776045 169 171 175 0.62
2427 0.5178185929254733 0.121282232273635 0.4848987481342627 102 78 56 0.66
2428 0.5249817211873308 0.1341834104706901 0.5697903614156712 46 31 22 0.48
2429 0.1113875222526602 0.07277568048439434 0.8428570857192981 110 61 28 0.14
2430 0.1904874829043441 0.1197535328141074 0.897746690636251 139 93 60 0.29
2431 0.4333118965313492 0.1719547981798096 0.6638850165493509 138 105 72 0.12
2432 0.289804437497603 0.2633103606025464 0.8469872483281572 90 73 55 0.22
2433 0.5240086513334995 0.2333634072319372 0.5425039014036133 100 67 40 0.3
2434 0.1231710003996079 -0.1433801443233258 1.07694986638912 165 118 74 0.79
2435 0.03381035571553404 -0.1040804330672978 0.9808176282921111 87 56 28 0.52
2436 0.1530642083353366 -0.007833589472396707 1.074898604859093 62 40 28 0.53
2437 0.1384163193725063 -0.02952461187965125 1.093007634194002 63 44 37 0.33
2438 0.1469914772163361 0.01726473581072524 1.015492864194942 172 120 71 0.32
2439 0.1112753097910111 0.003334964292818626 0.8549349509987046 118 76 43 0.84
2440 0.1655610358014467 0.07049414997406686 1.02147113289274 109 74 45 0.49
2441 0.08387323768423843 0.01419046067905599 0.7790298262544428 194 196 198 0.7
2442 0.1810796322243179 0.05827743877082264 0.8964746683668129 129 85 55 0.43
2443 0.07983830288386257 0.09365966426277142 1.177811453096584 133 105 79 0.16
2444 0.08810756028186639 0.03456058394212527 0.8349838682555544 134 87 49 0.86
2445 0.08735880583866229 0.05401221450044616 0.8310791655519842 161 106 55 0.43
2446 0.07991324743453754 0.0587063472830697 0.8189961206701237 136 79 37 0.67
2447 0.2470590423970098 0.1465694097807096 0.9404928024871945 151 121 83 0.27
2448 0.07913144002638828 0.08027287208111222 0.773978931335536 73 39 17 0.29
2449 0.5188886291046231 0.1641261943772434 0.5524607077154099 104 67 34 0.39
2450 0.5118333652970654 0.165279364165264 0.5617521517253289 76 43 26 0.41
2451 0.4844307805996657 0.172547982291228 0.5911916454943464 110 85 62 0.28
2452 0.4422267309209854 0.1732943424045344 0.6499697404547844 109 84 58 0.3
2453 0.4044956578728747 0.1743211985372587 0.7019478824042999 164 137 111 0.15
2454 0.3850096788225501 0.1830077552954763 0.7260091087573931 153 123 68 0.27
2455 0.4649335004330833 0.1888884120637924 0.6120625841957708 102 64 29 0.43
2456 0.4358886981320464 0.1955000924469521 0.6501736873383114 155 121 73 0.18
2457 0.423529311035545 0.1994049360727892 0.6662238856173615 138 99 51 0.51
2458 0.4746556587733407 0.2026020887712628 0.6064788307976624 66 44 25 0.35
2459 0.4505569133079192 0.2007622304386787 0.6279497652576642 100 81 53 0.36
2460 0.3773270683577037 0.212916896768543 0.7252888439318896 86 58 33 0.25
2461 0.4260766405891677 0.2236095828210387 0.6661850908789423 62 42 22 0.48
2462 0.04139128735213826 -0.02796841602773278 1.18587228049527 132 103 73 0.31
2463 0.1121499209966855 0.03258730904647458 1.136761513787938 124 93 64 1.05
2464 0.5410206948768439 0.1291085222894059 0.546509023896249 76 60 44 0.34
2465 0.2638082381096293 0.1161188314079271 0.926499181239943 156 114 67 0.79
2466 0.17391895311604 0.1155426130965972 1.005575450135972 42 24 14 0.81
2467 0.1800160319831355 0.1125421087522089 0.8818960215731975 94 51 27 0.28
2468 0.1990701607623869 0.1322773558144341 1.003728696257999 96 61 42 0.67
2469 0.5297503333346776 0.141807465290188 0.5449322520162293 86 55 33 0.86
2470 0.4594142514926276 0.1508760465799985 0.6358272378412835 139 105 68 0.26
2471 0.1569129218150984 0.1135968843180175 0.8684428016603873 151 98 60 0.76
2472 0.3250099963656217 0.1708762236465093 0.8200789815297176 105 64 37 0.46
2473 0.2382700723769873 0.1720833523331921 0.9371985853819262 95 67 43 1.2
2474 0.2258754242759783 0.1993111608908712 0.9475022797064272 73 56 42 0.4
2475 0.4529310284993007 0.1976057144002477 0.625600094565459 104 78 48 0.25
2476 0.2923120774472542 0.2269747602036106 0.8475804359530248 137 94 50 0.44
2477 0.2930126660757476 0.2324986301476255 0.8470845288767856 140 96 58 0.29
2478 0.03380174125287505 -0.1312143728864344 0.9950217013026201 67 46 38 0.56
2479 0.1801503951970271 0.0698987559433486 1.031438355905821 45 28 20 0.49
2480 0.06610195053130646 0.01496027095143271 0.8049356664804675 193 195 199 0.46
2481 0.2534004587887219 0.1750178133648893 0.9318076306963874 91 60 32 0.19
2482 0.4171532803238075 0.1700206233530919 0.6857763436562756 150 113 69 0.6
2483 0.3767200354881337 0.1823102719894283 0.7394069893988298 105 79 48 0.47
2484 0.4743979679646305 0.1940542440792826 0.5971170376706324 114 86 48 0.64
2485 0.443112638824661 0.1965276037807919 0.6409961289111358 103 68 35 0.39
2486 0.4416545876135354 0.1959259059371199 0.6433542316103539 150 108 60 0.44
2487 0.3882557202833137 0.2040111033899813 0.7143988101548735 151 117 66 0.45
2488 0.350970377644459 0.2210588055632898 0.76901051514973 84 64 40 0.5
2489 0.1687642837588416 0.06487436109869185 1.020043523260972 145 112 79 0.89
2490 0.5379504999967457 0.1099440500100387 0.5512049845641834 149 106 59 0.99
2491 0.202530780794332 0.1028656226289122 1.0230990133439 187 134 84 0.19
2492 0.08696169138728821 0.02177370209731502 0.7626247460228034 120 94 76 0.86
2493 0.4770624401198026 0.148191420489833 0.6134019437253506 134 110 67 0.37
2494 0.5274384918647899 0.1615655808452693 0.5391439958642794 94 60 32 1.08
2495 0.245046840922377 0.1422716724578703 0.9539377427119116 97 66 42 0.77
2496 0.2439400189054999 0.1833810921997004 0.9368053312310201 66 46 25 0.45
2497 0.4586298750266958 0.1950852242315145 0.6181047097941822 150 114 61 0.35
2498 0.4003394396897831 0.1970095802065197 0.6988857549809744 99 68 38 0.68
2499 0.3032697547285494 0.3256111607062877 1.074846864403453 153 117 79 0.49
2500 0.1821642679510224 0.1229730666498932 0.8957812035606403 184 122 67 1.05
2501 0.5204538126748979 0.1527812944148586 0.5554721557849117 126 84 52 0.95
2502 0.4830262584042815 0.1833137512657064 0.5885243371172745 104 78 51 0.37
2503 0.4448911821570775 0.2023898196375804 0.6367878576215475 159 120 77 0.64
2504 0.04235257949319327 -0.06099103703538827 0.9480208762856821 89 70 56 0.71
2505 0.5099575598081739 0.1427866498535531 0.5754261855619278 124 82 44 0.5
2506 0.3896679429833503 0.1783853908977596 0.7207919937671408 154 115 64 0.83
2507 0.2225833582640507 0.1478758773869342 0.9623867422592047 25 14 11 1.42
2508 0.08902466890500876 -0.2711962321777455 1.099881584229622 99 82 66 0.52
2509 0.08937697358477481 -0.1707452597959619 1.066154842810586 92 65 44 0.59
2510 0.1372970253757677 -0.04302187839698735 1.039184109088528 78 54 38 0.04
2511 0.1370540404448634 -0.0004624239657975704 0.9896327655741656 71 45 28 0.06
2512 0.1407472764217387 -0.0007252276069369679 1.018279601871697 180 142 106 0.32
2513 0.155130252218795 0.0006689027555187854 1.024976999589636 81 60 46 0.57
2514 0.1608878595239291 0.01021672937461057 1.060897895367163 84 68 54 0.24
2515 0.147267916555782 0.008202369056107911 1.077600809869054 71 52 39 0.36
2516 0.1911958470144763 0.0335034882240326 0.9200238534418292 119 69 38 0.67
2517 0.1599169652611421 0.03477287324030401 1.062520939069965 97 56 32 0.8
2518 0.154426484903135 0.03633081395667831 1.07058583834593 86 51 33 0.43
2519 0.1269066914361783 0.04281293826153618 1.116405103406649 109 79 64 0.52
2520 0.2821891203942866 0.07524670232436845 0.9167472408401496 94 58 35 0.53
2521 0.5469640693983787 0.1194504329486776 0.5279295541355689 164 118 68 0.29
2522 0.5242370275590705 0.1132705422829807 0.5662613389237185 116 75 31 0.71
2523 0.5231405957718284 0.1142697097028381 0.56568880364105 90 54 31 0.48
2524 0.1713982139815004 0.07237279641364536 1.024642309475915 93 59 40 0.68
2525 0.4778382501399409 0.09350203821966796 0.4850408624904179 163 127 80 0.71
2526 0.1082821321824722 0.07230116064527223 0.8410046069723158 118 65 35 0.44
2527 0.125667534784728 0.06717908766356029 0.8465702983167287 123 80 56 0.41
2528 0.1377373231468439 0.06826430517908649 0.8577618726010457 122 66 36 0.21
2529 0.1431864935219417 0.07550665780843163 0.8702278196100914 98 72 54 0.39
2530 0.1963040662473682 0.08673940313709855 0.9102185442628317 162 104 59 0.42
2531 0.5275594648068446 0.1458177639649669 0.5482500364223237 95 62 40 0.34
2532 0.1993331247472917 0.1259783467573029 0.9078854332376189 115 68 34 0.86
2533 0.1115033583828943 0.1284281178650861 1.152267581799489 113 81 59 0.29
2534 0.5244813655104312 0.1498985339702239 0.5072561107700804 100 61 42 0.57
2535 0.5021647250216297 0.1490181272045464 0.5834931842414456 63 46 31 0.48
2536 0.4900434774923574 0.1534825957860052 0.5896078112289818 173 141 97 0.38
2537 0.461129529055566 0.1499424966910983 0.6334323082750006 102 70 40 0.74
2538 0.4556983874748213 0.1600585356014814 0.6386873569899401 67 49 28 0.63
2539 0.4143912402385629 0.1564992925136411 0.7019609849047895 131 80 32 0.65
2540 0.206511576315534 0.1551973059734357 0.9019053333211783 90 58 43 0.18
2541 0.170237068221545 0.1632684034685916 1.048141948697715 44 25 14 0.33
2542 0.521137983633304 0.1606362052113886 0.5507945852967538 64 37 23 0.34
2543 0.5201091563692786 0.1694379144505394 0.5486260753013689 91 50 26 0.31
2544 0.4730780014965462 0.1645227935060232 0.6114704218398948 133 103 63 0.29
2545 0.447699945393344 0.1668794587009535 0.6470845775654516 139 106 70 0.57
2546 0.436376265288801 0.1719949526619603 0.6589186450961122 142 121 92 0.41
2547 0.4126057164105922 0.1745641836063118 0.6903850484584008 134 112 89 0.57
2548 0.3768643680900865 0.1683428496583055 0.7457190107279527 93 73 46 0.18
2549 0.3733582075445572 0.1706503346515275 0.7550559608401706 109 82 57 0.3
2550 0.5138847648345479 0.16682933980659 0.4629504081693264 58 50 37 0.64
2551 0.5349751006790796 0.1716999918990891 0.5257216384296729 91 53 21 0.34
2552 0.5249123429083369 0.1731315688641799 0.5408678938775741 109 67 38 0.29
2553 0.5042818206977708 0.1737798581040187 0.5686061560108866 139 105 63 0.36
2554 0.4353750265368736 0.1877326397212626 0.654208019828875 105 76 42 0.3
2555 0.3625365458489317 0.1874271529861254 0.7627429365281366 94 65 35 0.33
2556 0.345839322175265 0.1972405725474309 0.7837401669446467 75 51 29 0.26
2557 0.3235036494327092 0.2004263331478068 0.8144900239477304 105 70 37 0.28
2558 0.1967876303075937 0.2162017586007484 0.9994242179850117 86 60 41 0.5
2559 0.5336249466080583 0.1851197626563291 0.5255962875422898 67 38 21 0.28
2560 0.4437480919668048 0.1927789680780259 0.64195702752664 118 82 48 0.23
2561 0.4437957147191688 0.203685885105396 0.6386745690101447 115 86 48 0.66
2562 0.3510850688838011 0.2028079095690755 0.7751782669707059 67 47 28 0.42
2563 0.3457932105645872 0.2033999980667884 0.7821172713382523 66 49 27 0.33
2564 0.3378632706541367 0.2142495519830288 0.7892952904703368 115 84 51 0.52
2565 0.3278574463561417 0.2160748230653121 0.8036612329435278 87 63 42 0.88
2566 0.3127548928186357 0.2077056045823582 0.8259904459102638 99 69 45 0.47
2567 0.2909014650295306 0.2164608875287176 0.85455524523043 116 88 59 0.36
2568 0.247462756360914 0.226640108548513 0.9271966806439486 26 14 13 1.19
2569 0.1096090163503243 0.2296187358983938 1.0934309871202 25 13 9 1.11
2570 0.3095405375108067 0.2754718920788833 1.093560858144172 110 75 48 0.23
2571 0.4637500329701724 0.2080901995934211 0.6157678021965645 39 27 17 0.19
2572 0.2821960920009279 0.2391764576216316 0.8593886601488658 98 70 48 0.7
2573 0.4958459946436534 0.2268402718281062 0.5876690829723016 49 34 24 0.36
2574 0.4443778976267964 0.2321055434363616 0.6460237398433961 94 70 38 1.24
2575 0.433627942748614 0.239136541456993 0.6697895705372829 72 56 38 0.36
2576 0.3444175637026011 0.2460090472689461 0.774462556294882 176 120 65 0.33
2577 0.2652543357343003 0.2602348436567194 0.8848189614032156 92 57 34 0.77
2578 0.2931828744679823 0.3139180675065202 1.080128324333645 92 68 52 0.62
2579 0.3220435789310884 0.3175947655966731 1.093317148665226 125 83 53 0.38
2580 0.08900702643421982 -0.2388148403508932 1.093713867499273 38 24 13 0.66
2581 0.03368750939250786 -0.1588872564186737 1.011517452272147 177 175 177 0.49
2582 0.06580403585870592 -0.1572515154799249 1.031780825714892 137 95 59 0.26
2583 0.08796623293071204 -0.08414082780519988 1.152102998791093 120 95 81 0.39
2584 0.1515658522506591 -0.05169952473755529 1.12265944544867 25 24 30 1.38
2585 0.0364804866320293 -0.07927211949985158 0.9724044313643532 148 105 72 0.5
2586 0.05012207152020526 -0.06436690260626293 0.9699021546949369 72 46 33 0.39
2587 0.127579142728148 -0.01086015868684753 1.141903398589801 35 32 34 0.63
2588 0.09733017515707765 -0.0136442003201489 0.8537189180629836 145 122 109 0.54
2589 0.1738760368550353 0.05070620579506832 1.041533257705589 71 38 22 0.44
2590 0.4978145695235457 0.08790245401891705 0.5022131558176531 183 130 58 0.7
2591 0.1684646187475891 0.07232597731249835 0.8844591598381092 126 82 44 0.71
2592 0.1530542814464618 0.08188656290297044 1.083955793121429 85 58 36 0.69
2593 0.2513753041943418 0.1161236688785652 0.9426517147368031 113 71 42 0.62
2594 0.2000761930689988 0.1076860597110239 1.024819086990476 90 54 36 0.47
2595 0.4981007890059105 0.1425721481679982 0.5954534930311598 79 48 24 0.94
2596 0.1193677241815993 0.09348741377573919 0.8392743215789297 153 94 46 0.62
2597 0.1913057343757536 0.1142874972397105 0.8992758283834285 158 85 38 0.85
2598 0.5399886242211849 0.1497151861108213 0.5286847500382017 69 35 19 0.26
2599 0.5295119038988597 0.1483081892873623 0.5448004259509462 73 46 27 0.41
2600 0.4974510180076797 0.155918124396327 0.5814227651818958 123 108 84 0.19
2601 0.4804874655100773 0.1511709504042949 0.6042013692850278 133 104 67 0.99
2602 0.4563769712468669 0.1512203985937204 0.6396882667482329 122 93 56 0.59
2603 0.44420701326439 0.1600599656865599 0.6523158669757496 124 96 72 0.63
2604 0.1739557120569634 0.1368077342064454 0.8758017340733518 78 43 19 0.31
2605 0.1955490701544483 0.1693303826788103 1.009410791504752 123 86 51 0.6
2606 0.5073546211324388 0.1713441398326406 0.5661514910504395 99 60 27 0.32
2607 0.5027003395915057 0.1673812920097037 0.5731763064873217 112 79 48 0.41
2608 0.3957912506927295 0.1771335825160701 0.7156325415757201 127 87 40 0.38
2609 0.3865909521800588 0.1756952929655857 0.7270406206284762 164 124 74 0.64
2610 0.3747101571013952 0.1688439834169015 0.749373026808557 76 54 27 0.3
2611 0.363610585633526 0.173781498411185 0.7668503901126692 79 51 28 0.45
2612 0.1898789085249142 0.1776078205494608 0.9988999957315472 56 33 18 0.43
2613 0.1826844924428767 0.1874681230035355 1.023131800597843 100 64 45 0.25
2614 0.5332234381760407 0.1842273459828001 0.5240997361889128 110 74 42 0.55
2615 0.4470274062309155 0.1790289657902941 0.6417190480534843 132 100 57 0.35
2616 0.3620169410248523 0.1937159396315559 0.7634759188793683 50 32 22 0.74
2617 0.3230064817083607 0.1983887293293539 0.8170534916592311 65 32 16 0.34
2618 0.5144652364859763 0.192906342557101 0.553543683361531 65 36 19 0.49
2619 0.5061324559952068 0.1946672436482092 0.564567334143142 75 37 17 0.47
2620 0.4832111905297694 0.1933880302686282 0.5846601987863923 132 94 62 0.64
2621 0.4195510588574853 0.1952173940722564 0.673523635620815 125 86 53 0.75
2622 0.4087026103046446 0.1977150706259724 0.6872388875973667 101 72 36 0.29
2623 0.3820684450993235 0.2086446394788973 0.7205345323793059 89 61 32 0.42
2624 0.3688770620635234 0.2133987350161841 0.7381317268647839 61 43 25 0.41
2625 0.3666417733974162 0.2133038898542647 0.7506590982066146 101 74 43 0.31
2626 0.1686677936725788 0.2249809390578824 1.025150250750942 95 63 44 0.42
2627 0.4436353617752338 0.2119392573313221 0.6416916321022693 52 38 26 0.51
2628 0.425841958042518 0.2135213272677271 0.6736597946363398 69 36 19 0.86
2629 0.3118780009575794 0.2284840463030854 0.8224087854766565 102 75 47 0.58
2630 0.3081633960573019 0.2405578064456819 0.8239247902115661 58 35 24 0.3
2631 0.2823314330188168 0.2457846778800577 0.8573006651469626 26 13 7 0.53
2632 0.5111263613758571 0.2234515789291942 0.5668008431713939 94 72 49 0.4
2633 0.3850667369170907 0.2393948717115976 0.7193613115389418 132 97 52 0.49
2634 0.305050662644598 0.2516935589142513 0.8312714677965927 125 85 52 0.49
2635 0.3113361944103693 0.3053776531355858 1.094524898079773 53 35 25 0.62
2636 0.1405236429222466 -0.01294673407625921 0.9859830546324313 159 116 82 0.19
2637 0.1405324093689141 -0.003852161501125162 1.017921990057475 100 64 37 1.07
2638 0.1379626391717276 0.01302172276056293 1.088696636104865 91 75 60 0.72
2639 0.1177700777468383 0.01639644142298233 1.128804947313787 111 88 71 0.55
2640 0.127906072647235 0.02395713016867651 1.122605462839097 128 104 81 0.64
2641 0.4953333204116193 0.09576840568458442 0.4947344613855302 114 81 50 0.71
2642 0.5239907276398935 0.1371753730003833 0.5586599588187795 41 22 12 0.58
2643 0.174866600934928 0.1191898153363102 0.8802688477258498 156 94 54 0.46
2644 0.1303530437740373 0.1436785133115979 1.124833371419474 111 75 51 0.24
2645 0.5331913243405099 0.1538610482165389 0.5184371212726689 34 14 10 0.17
2646 0.5213356144543253 0.1556885342381929 0.5515341127619784 66 40 26 0.62
2647 0.4438197187440472 0.1554162333551483 0.656436783684698 77 51 27 0.69
2648 0.4417055644163501 0.1581302840055843 0.6576820573262181 132 112 83 0.84
2649 0.05941410082037285 0.1690350054917028 1.21480807336808 108 105 97 0.71
2650 0.5019013255885333 0.1604899036579687 0.5760570114834599 80 49 25 0.62
2651 0.4428838193380674 0.1757656724937425 0.6483482690032463 94 66 32 0.32
2652 0.4340669322658227 0.1757506250456307 0.6646803015644336 114 89 56 0.86
2653 0.4036099933455649 0.1736053452371454 0.7029574500602942 134 115 86 0.37
2654 0.3988397806491324 0.1639356799515941 0.7172246964243789 126 84 41 0.28
2655 0.2756697207607974 0.1867227543406572 0.8867667967373958 58 42 31 0.56
2656 0.2756726828840556 0.1870339722647508 0.8920707759195332 79 57 40 0.54
2657 0.2462771391530694 0.1746801252682349 0.9295921406740473 120 84 51 0.39
2658 0.5255819619780689 0.1838103646563587 0.5368689213996252 56 28 16 0.46
2659 0.4603632123071801 0.1840670875167364 0.6219481572220857 118 83 47 0.28
2660 0.4329380330316115 0.1868813608824891 0.6575352774710277 136 102 56 0.28
2661 0.3482511955393409 0.187003926805263 0.7854521054180994 47 26 16 0.37
2662 0.2736985945236531 0.195390453221237 0.8824352772070558 97 64 48 0.65
2663 0.5062058424544785 0.1851942929984151 0.484154246944198 140 112 85 1.02
2664 0.3705675530075186 0.2271907804043868 0.7402338479223367 69 48 31 0.67
2665 0.3511917447400916 0.2314143171996965 0.7659714012073955 50 36 23 0.52
2666 0.4450823524913771 0.2511854507739928 0.6477642418619908 129 102 77 0.87
2667 0.04105274041115936 -0.1231809430579684 0.9967672643808835 140 93 57 0.59
2668 0.02754804589879067 -0.09273838741478557 0.9688626092218744 72 47 34 0.51
2669 0.1475038944023471 0.06057152950895345 1.086557932800605 74 49 35 0.4
2670 0.5108877426802633 0.09994723603122382 0.5057358456700676 99 64 38 0.71
2671 0.1453773409419379 0.07677257172429902 1.093483722907918 98 72 56 0.55
2672 0.5257161434021216 0.1059401813163819 0.4259709618380981 106 90 64 1.06
2673 0.2266672984404183 0.1095559324595873 0.9579599051277752 139 82 49 1.46
2674 0.1425017248029926 0.1188361999065253 1.122254023245912 92 65 41 0.26
2675 0.5082053355809721 0.1274503121570306 0.5012932890620144 64 41 29 0.83
2676 0.3912683342508918 0.1654063307816721 0.7353009592739567 70 46 22 0.77
2677 0.1867655376630295 0.1573960243628718 1.030064254253064 49 33 20 0.39
2678 0.07651556797580972 0.1668310128321106 1.19711045192778 72 61 56 0.78
2679 0.3806250404864647 0.1765249052160753 0.7346569445962047 139 107 66 0.31
2680 0.1883797493056489 0.1899029415423846 1.012156380016744 100 73 52 1.04
2681 0.1687829710447877 0.1899249216763305 1.038939425658368 59 38 28 0.43
2682 0.5170148018204008 0.172267846936629 0.5014927065291021 77 50 34 0.89
2683 0.5153650970111247 0.1833320746961321 0.5507445810693694 96 58 31 0.39
2684 0.1672332772575185 0.2050460150280052 1.055260188371189 49 38 27 0.53
2685 0.3257953377535581 0.2462600618267201 1.118079625999163 48 32 25 0.18
2686 0.5101590760155243 0.1980866816889028 0.5552980105508585 43 25 17 0.38
2687 0.1805230067604538 0.2208121882669281 1.015780636159967 32 20 14 0.4
2688 0.1685412411768094 0.237152197351909 1.019665909745424 95 60 37 0.44
2689 0.4510411494444116 0.2101884425292748 0.6329323333474894 64 44 28 0.64
2690 0.4146935631975 0.2223555960127277 0.6863930893459137 95 69 43 0.76
2691 0.3854854132295379 0.2291706784529423 0.7256788092037024 110 76 49 0.5
2692 0.2852509340804122 0.2820263781722284 1.076770624685351 166 138 106 0.73
2693 0.522247295894732 0.102418928545734 0.5159966463901247 122 75 39 1.35
2694 0.1952761701421892 0.1066604686230893 1.008458360954334 114 75 48 0.93
2695 0.4141010653036907 0.1652565317367593 0.6956967510034519 124 108 86 0.49
2696 0.5044779817017924 0.186130409277798 0.5661251884192969 92 52 27 0.42
2697 0.1908112102737937 0.2178668594396505 1.005170643091375 85 59 40 0.47
2698 0.2907046055328284 0.2071870855549071 0.8562906459342017 114 74 37 1.01
2699 0.1566580442448106 0.2638435959754262 1.03419894781764 101 73 52 0.81
2700 0.1040848175010449 -0.01058388670827615 0.8975986545151068 200 204 214 1.0
2701 0.5011145754247925 0.1290698380240067 0.590948637986779 173 215 241 0.85
2702 0.526844910707307 0.1467339206283409 0.5526762256425711 43 26 18 0.79
2703 0.5320432517613325 0.1631724556096851 0.5356277709444948 51 31 21 1.14
2704 0.3620118827801206 0.167886887171963 0.7720072943215459 101 71 40 0.39
2705 0.1147117112868536 0.1786594027936107 1.13116477086842 101 71 50 0.53
2706 0.5061574529719318 0.1654748520264211 0.448482134647463 14 8 9 1.32
2707 0.5057658845617918 0.1700623933307302 0.4951170990662963 44 29 23 1.09
2708 0.1485777515746273 0.2200336258812518 1.065663928661544 7 6 5 0.59
2709 0.379075046417814 0.2100590243844106 0.723355281653259 103 68 29 0.5
2710 0.3540350200379461 0.2177164059900162 0.7659433195960839 42 28 19 0.8
2711 0.1821732505419397 0.22883863684848 1.014600737079151 109 74 51 0.6
2712 0.1217370043229727 0.05973452796322856 0.8520941585067139 159 102 49 0.98
2713 0.1677818318649169 0.1145006481573211 1.069577400542168 120 76 42 0.59
2714 0.5338340657417359 0.1815152183159342 0.5288059554278584 52 33 20 0.94
2715 0.3338662932231447 0.2010131379670823 0.801031430105599 50 34 23 0.67
2716 0.3085892546623052 0.204788927553191 0.8350570728587356 46 28 19 1.37
2717 0.3162743797662472 0.2175800125352992 0.816193040207826 126 93 50 0.79
2718 0.4421472470758436 0.1657281798275134 0.6573188273897084 121 102 81 0.9
2719 0.06897243597494557 0.007943262262955525 0.8257655130709415 197 214 222 1.39
2720 0.4928743359583657 0.1605632022606278 0.5893338544238832 139 117 83 1.14
2721 0.0733341530881656 0.03949310144154897 0.7865334112788769 129 72 44 1.17
2722 0.1633812753700241 0.2137695118810394 0.984429389982866 25 18 16 0.95
2723 0.5166724193334614 0.1247356943432692 0.5060014996286695 55 32 20 0.44
2724 0.4393508657964765 0.1823368160816674 0.6490330378628062 145 103 55 0.56
2725 0.2858770844455382 0.2296828032856808 0.858858949524667 103 69 38 0.57
2726 0.1910052946846679 0.2526943214816743 0.9645488965413973 74 61 51 0.31
2727 0.1082561127602369 0.2578778406399788 1.112046226818619 59 43 30 0.58
2728 -0.1830667494574335 0.3509178133174936 1.419664634109472 112 76 41 1.14
2729 0.5394706363708071 0.2191144363532132 0.5355672464621811 68 58 50 0.46
2730 0.1233908131222092 -0.07964896481689593 1.106120976922411 94 72 46 0.87
2731 0.08917442159304056 -0.04673974951252347 1.126815959165345 110 92 78 1.16
2732 0.5231175423596967 0.1199572362505079 0.5675680689271387 144 104 58 0.39
2733 0.5491138676428301 0.1288484203262064 0.5228606124000361 60 40 28 0.97
2734 0.234546569970672 0.1697958213420273 0.9430770754685627 78 57 33 0.46
2735 0.5100889395112601 0.163827719587374 0.4634166579347359 18 10 11 0.63
2736 0.2490239480483672 0.2207899364340511 0.9085821284558664 106 72 43 0.73
2737 0.1740055768835886 0.2431185234487207 1.02649308120902 86 63 38 0.53
2738 0.04463237479593041 0.2492102006675077 1.196547661319198 45 32 26 0.48
2739 0.08122161707639486 -0.2105655195241304 1.124270537391124 66 53 45 0.7
2740 0.5760584963636346 0.1234078790336989 0.4471072683541778 130 114 88 0.96
2741 0.1710923594776902 0.2606313989374154 1.010621779791297 93 67 44 0.63
2742 0.5274714160730507 0.144261336066246 0.54444474950519 87 57 32 1.15
2743 0.07438324726093098 -0.1335823140316829 1.025418683109477 146 110 71 0.33
2744 0.1416705067731843 -0.008095024940483808 1.02040024487484 216 166 108 0.58
2745 0.1595794457299176 0.05001185690155011 0.8720195814490516 147 113 91 0.53
2746 0.3260940764200031 0.2554194494918245 0.7997322445134136 99 77 51 0.55
2747 0.02189042841695599 -0.05395259123872281 0.9382512495790225 161 151 155 0.54
2748 0.1449106728191075 0.07711991940074875 1.091430869873907 116 90 78 0.34
2749 0.2598548393415256 0.2052072048704322 0.9035970087307217 100 68 52 0.13
2750 0.1694921235804486 0.03629581593140893 0.8910612868084238 112 67 36 0.32
2751 0.06972930026296537 0.02846287050079643 0.8163054087176013 170 130 86 0.61
2752 0.1384123602768245 0.01159339831142794 1.092185350620427 76 55 40 0.51
2753 0.1228514686725029 0.1355140406036441 1.131090673684441 133 94 60 0.61
2754 0.02708796270327729 -0.09464617987241308 0.9657400403990624 166 162 163 0.55
2755 0.04086814925303806 -0.07302620281489697 0.9775251584834042 135 93 66 0.81
2756 0.08959571670621452 -0.2025143555737428 1.081654546587466 98 72 52 0.35
2757 0.0990278737660073 -0.2106689326622864 1.095306672709595 111 85 63 0.87
2758 0.09548756917206874 -0.1737856526690564 1.071133417488521 131 98 66 0.54
2759 0.1254974049165299 -0.1493970669117727 1.085075174381622 141 101 63 0.72
2760 0.05222316414131206 -0.1674371539317916 1.027831681362151 138 100 70 0.25
2761 0.07867554867252435 -0.1497520789931663 1.04425105466734 171 117 73 0.35
2762 0.09178148105924716 -0.1666352201293158 1.06108561308135 81 56 39 0.27
2763 0.1105789963440691 -0.1484869959394912 1.075535127353229 98 69 49 0.27
2764 0.1056955677866446 -0.1434665628374476 1.060027722536683 94 60 41 0.42
2765 0.06523842221057147 -0.1539972940203884 1.033589490518666 75 46 27 0.09
2766 0.06737181405264359 -0.1442009889156444 1.026837495378468 136 104 74 0.28
2767 0.0694238425265396 -0.2212391517124252 1.07099443298663 196 147 119 0.7
2768 0.1069818440530467 -0.1126631180615317 1.049392026353108 114 84 54 0.15
2769 0.130565509834137 -0.1010142577445423 1.069379249970039 74 45 25 0.66
2770 0.03957172668855713 -0.1361259130520545 1.001884237852494 104 66 51 0.72
2771 0.004643159602567781 -0.1616624894420875 1.039602350336173 116 76 56 1.2
2772 0.07231982758855515 -0.12376458807509 1.023751250550299 89 60 40 0.46
2773 0.1067689151969935 -0.104008225911601 1.051707353938009 114 77 47 0.53
2774 0.1253458905379107 -0.09788270822235023 1.061904325115813 108 67 36 0.83
2775 0.1307100301024207 -0.08848952992662834 1.056746213132554 154 105 65 0.21
2776 0.1221186492278807 -0.07081137405587973 1.040612605610479 97 66 52 0.43
2777 0.04703997504453705 -0.09928643375801699 0.9846953986788889 133 86 50 0.52
2778 0.06946583182829824 -0.07476105148320084 0.9903000332772667 124 75 45 0.33
2779 0.1266952281679796 -0.04739373210215769 1.027026720492629 100 71 45 0.3
2780 0.1324766760760475 -0.04295204925144325 1.027385502841274 125 92 66 0.34
2781 0.1255777041067712 -0.04876373361816622 1.051589594775736 119 83 54 0.92
2782 0.1559440733864675 -0.03631011005290324 1.054985307133453 96 76 58 0.31
2783 0.1126504674024876 -0.04015256298645259 0.9973153777636443 123 80 47 0.52
2784 0.5118085505618611 0.1425721696648186 0.5717446552300637 70 45 24 0.04
2785 0.351392721835134 0.1975654165238564 0.7712196969042469 56 34 25 0.15
2786 0.5269252022788897 0.1137101574787131 0.5611408291321004 97 59 34 0.57
2787 0.5196099658525938 0.1772220395327575 0.5484950482458817 113 71 36 0.37
2788 0.0768415123713026 -0.2415303088030955 1.082030114378642 102 49 24 1.0
2789 0.1081483732018471 -0.1783463440219324 1.084647359374126 120 83 43 0.5
2790 0.04588600648859531 -0.1703523803910068 1.027904233347277 118 78 46 0.62
2791 0.08941857523598284 -0.1367718965003333 1.041336044797201 119 90 68 0.26
2792 0.09852933760614163 -0.1376034636105541 1.053317760802978 135 87 44 0.82
2793 0.1139195345629369 -0.1024423966731195 1.051869790074281 137 96 58 0.22
2794 0.08178354177654423 -0.09413169121460646 1.010723607373114 87 52 27 0.4
2795 0.1249440585514677 -0.0590585904949909 1.038437943343357 112 78 51 0.37
2796 0.1297276853176131 -0.05754325659451337 1.04163244204712 104 68 44 0.12
2797 0.1528236607488866 -0.01976969175216273 1.038994141977368 145 108 77 0.94
2798 0.1625634208246859 -0.01503351738795772 1.051019964125443 105 73 43 0.38
2799 0.1935548595751876 0.03024778732052566 0.9187146505015399 145 98 65 0.49
2800 0.2047766528088396 0.03683413977399036 0.9303818778810053 98 58 33 0.28
2801 0.2133971621712333 0.03459240201496405 0.9331404803753407 123 77 45 0.41
2802 0.1757580439819742 0.09783392793716621 0.8797950584256716 152 112 77 0.33
2803 0.3622046950974709 0.1901718431653164 0.7640225625669841 101 78 51 0.37
2804 0.2691339317081596 0.2180919406249993 0.883297820150964 86 38 12 0.38
2805 0.5342215723183211 0.1664541522702354 0.3846479435235723 49 36 28 1.79
2806 0.1254388735460292 -0.1313731743662305 1.078343085429615 130 91 56 0.4
2807 0.1187971225923756 -0.03637822497357102 0.9588424671998064 102 73 47 0.58
2808 0.1207512217345156 -0.03975741295755869 1.010339395490609 137 100 65 0.49
2809 0.1934615873512253 0.04947208379532822 0.9162823077041398 152 94 55 0.57
2810 0.430742094363687 0.1701405072061079 0.6675294747834579 117 101 76 0.25
2811 0.3966664435976958 0.1713283616334016 0.7140346140112406 72 57 41 0.4
2812 0.3751921171416505 0.1834010011656969 0.7401454720242491 101 77 47 0.32
2813 0.2756632263572867 0.1865658878421744 0.8947435475655626 56 41 25 0.33
2814 0.476104262130206 0.1671966566566085 0.6043280688919371 130 92 56 0.48
2815 0.4699265323127587 0.1623777520457508 0.6146796622647106 52 39 26 0.12
2816 0.103452260062222 -0.1277331925336875 1.050020108068065 126 86 53 0.52
2817 0.1129187768119175 -0.1273615857064702 1.063351364886135 111 75 42 0.21
2818 0.1044755856475765 -0.1070871187368916 1.04073786554781 152 111 69 0.43
2819 0.06982123733494655 -0.09620337534304763 1.000151736478098 141 98 65 0.49
2820 0.4412020615823768 0.1521072543203129 0.6622546122717785 80 54 33 0.09
2821 0.4322755215965676 0.1535199219895577 0.6783948777392299 113 76 46 0.28
2822 0.4554167208136922 0.174331377056728 0.6306817804349409 90 70 50 0.33
2823 0.4143821120241916 0.1611317168049704 0.7050419961005502 148 102 52 1.47
2824 0.2168463845731217 0.07038969653863003 0.9241866772528993 105 60 32 0.54
2825 0.5016422104296229 0.1399159625968502 0.5848769888530831 57 39 25 0.4
2826 0.3973353308341722 0.1736461550668714 0.7141788467310491 45 23 12 0.35
2827 0.4345786018827711 0.1953984314611638 0.651974855364239 125 92 51 0.62
2828 0.273506903630284 0.1688953824401177 0.891627700144085 124 78 46 0.44
2829 0.2731381032438412 0.1773468635657124 0.890493367424696 128 90 59 0.53
2830 0.1616467923434755 0.2297328542575233 1.036779944052567 77 51 30 0.72
2831 0.3348627094777553 0.2210377690475965 0.7848978011154966 107 81 50 1.6
2832 0.4701408261672727 0.1461540478698923 0.6230546654507152 93 62 40 1.02
2833 0.08068669741218404 -0.2024909629224955 1.078150567424047 163 133 92 0.85
2834 0.07161511860476322 -0.1698989703140351 1.045246831050766 97 64 48 0.61
2835 0.4573705326195536 0.1521226648568069 0.6374270878053854 84 56 36 0.3
2836 0.4783382672314562 0.1729770145935664 0.5992206448005254 111 87 57 0.14
2837 0.4395001403505504 0.1527379508432709 0.6672756841302909 69 43 24 0.07
2838 0.4501835193013978 0.1626837171147941 0.6439097615517305 85 60 39 0.23
2839 0.4531339120294854 0.1699644589196238 0.6359148438770522 96 81 61 0.1
2840 0.4621381327973338 0.1798777589675012 0.6196300626102333 95 72 49 0.18
2841 0.4739623081315469 0.1880141500539786 0.6004233785351014 60 42 23 0.33
2842 0.4299726358242182 0.1935748058316679 0.6595439476291234 93 64 26 0.57
2843 0.424793076910555 0.1979278055498671 0.6651126849353317 167 125 76 0.33
2844 0.230028332887848 0.1815966812102634 0.9422615612221645 54 37 29 0.56
2845 0.414181307064887 0.2358364336863319 0.6844046586352036 138 90 40 0.5
2846 0.2471651865775962 0.2880959160218327 0.9096000243752027 121 79 50 0.36
2847 0.4797177271511401 0.1520341754150326 0.6067150421981427 112 75 46 0.41
2848 0.09998501501796642 -0.07302195961289332 1.013381074318678 106 62 33 0.5
2849 0.4744227149222192 0.1843394618921179 0.6019335900872131 94 75 49 0.18
2850 0.4774468884911592 0.1880742346537286 0.5954560594787724 108 75 40 0.13
2851 0.1607095804223878 0.005375577945546495 1.031959432850931 120 78 28 0.95
2852 0.3966148439597775 0.2355612613559207 0.7050487393262247 86 52 22 0.96
2853 0.4761769866137381 0.1639987276385676 0.6075961944068858 118 89 57 0.44
2854 0.4646224036330382 0.1557566736447406 0.6267935901567084 60 48 36 0.82
2855 0.06923318671751327 -0.1323919969143448 1.029861161964917 100 59 33 1.29
2856 0.4762019376335073 0.1767323192986233 0.6009796868824641 84 70 55 0.18
2857 0.4743180131123478 0.1902224957354716 0.6036432955723554 133 101 60 0.34
2858 0.4797140745451701 0.216548163416591 0.5962649551881058 74 61 37 0.33
2859 0.4539960060448898 0.2213694706449275 0.6295275829330605 126 92 62 0.56
2860 0.2230068233192357 0.2635903562597993 0.9298379474015195 44 29 20 0.7
2861 0.480265287595434 0.2297488765203395 0.6066957296188163 141 106 60 1.04
2862 0.4471304385140499 0.2384464298181678 0.6534155391713483 149 111 90 0.31
2863 0.1442740016772864 -0.0237936627355248 1.031594921937348 209 142 87 0.44
2864 0.1612032558394014 0.02213030374195094 1.062793920684848 118 91 59 0.52
2865 0.4903036243422353 0.2287119448113694 0.5973501382261452 93 68 46 0.27
2866 0.4714591060989024 0.2056057572434624 0.6097875404039654 102 80 43 0.43
2867 0.2439381830780311 0.267412546422741 0.9258635323032827 39 28 26 1.21
2868 0.4634880307363659 0.1748510407418003 0.6215438101949315 97 72 44 0.58
2869 0.04402565530577807 0.1146845497143401 1.214468408543236 161 170 179 0.14
2870 0.1850002557111516 0.06313264554152045 0.9049559563010873 57 38 24 0.64
2871 0.492357025530043 0.1672975603882647 0.5811659551107644 91 74 53 0.29
2872 0.1410368419234276 0.07881717741643779 1.097942039554632 111 82 61 0.35
2873 0.08826748747479601 -0.2360836153662204 1.119609139030068 66 42 36 1.21
2874 0.5232017462401954 0.1342456827148543 0.5734477478388507 61 40 28 0.41
2875 0.2036427028590556 0.2668042214287057 0.9711098647341421 74 66 50 0.62
2876 0.1353476146687353 -0.1226359900704192 1.081555989553501 150 112 78 0.49
2877 0.2892858248919338 0.1731100628804689 0.8623025413734042 146 81 21 0.55
2878 0.106494343748132 -0.1709115420941933 1.081931906286887 129 92 61 0.85
2879 0.06916425288464628 -0.2163089214669861 1.063671051733325 114 86 62 0.34
2880 0.1993507670011211 0.09339999763580777 0.9122184659550643 198 129 68 0.45
2881 0.0415621906929301 -0.1565734819082989 1.01158821151523 114 79 56 0.63
2882 0.380551955255358 0.1664592137975499 0.7379149675385233 117 86 42 0.75
2883 0.2584724181221735 0.08780386790083333 0.9420618210681789 163 121 74 0.71
2884 0.0821704271003077 0.1058872922460984 1.181783118040324 179 173 167 0.55
2885 0.1340275512431771 0.235884213934067 1.08293379336087 82 67 55 0.55
2886 0.1388337928190977 0.2724737098198191 1.063445430786509 73 55 32 0.3
2887 0.1632139165227865 0.2400996438766809 1.033580188958254 64 46 30 0.79
2888 0.1446686715594072 0.2664870462991477 1.0499290424316 48 30 21 0.74
2889 0.1792521066502863 0.2334791109095414 0.9832964127873665 43 28 21 0.64
2890 0.1776503494009693 0.05529975919136867 1.033708007503035 108 84 63 0.39
2891 0.2322750429413356 0.2134124402166122 0.9368830791344598 39 23 16 0.65
2892 0.249787828841284 0.2268180208571923 0.903586250147387 124 61 35 0.65
2893 0.1590684855851384 0.01845952463615766 1.041490133209234 128 79 45 0.31
2894 0.2613702854387097 0.1539073780785027 0.9174781101860684 140 89 50 0.47
2895 0.1735844508945576 0.1191323452434621 1.046399495575137 122 86 53 0.87
2896 0.2701445443964501 0.2307580735383889 0.8774885307594086 76 47 30 0.3
2897 0.1267088661088658 -0.1287869745703156 1.084277276137609 104 66 40 0.71
2898 0.1160673589749771 -0.120905118956419 1.066865973114733 154 109 72 0.64
2899 0.1358073867842065 -0.05508673239549905 1.043017664988316 129 88 57 0.65
2900 0.101351150247262 -0.1799922231545213 1.081332064881263 102 68 46 0.26
2901 0.2169542943245452 0.1228988704241337 0.914171672328288 81 50 31 0.4
2902 0.09815162963990476 -0.08351970064504011 1.029333544754703 112 79 53 0.47
2903 0.09274336225849145 -0.09391897854428266 1.015903630065908 170 133 97 0.51
2904 0.200728948127456 0.04937047053808624 0.9217213707148737 163 107 65 0.38
2905 0.07089463159216886 -0.1609068046664175 1.044433266689349 131 99 81 0.17
2906 0.077100343935188 -0.1115566421723523 1.024270661597654 116 80 53 0.46
2907 0.05335679070490629 -0.1732427071143894 1.035089613531457 159 116 79 0.25
2908 0.05312885002074641 -0.1178892993391497 1.006520249526134 114 78 50 0.26
2909 0.1813185507744197 0.05286817883917941 0.8997393825642566 123 76 48 0.44
2910 0.06593271859715355 -0.05838067341541042 0.9727721872350181 186 135 93 0.49
2911 0.1670280930888789 0.06449094222077068 0.8774371803182219 93 59 37 0.71
2912 0.1514286455552096 0.04020049380529275 0.8681713721025817 149 96 56 0.22
2913 0.1060829909305597 0.07666746650785833 0.838452252588723 188 136 93 0.19
2914 0.5578868084626905 0.2072780292102793 0.465133149705961 113 73 46 0.68
2915 0.1484960620535008 0.2258986503740022 1.065875340745979 66 50 39 1.06
2916 0.01535987581249598 0.158170793532765 1.241365814910928 180 192 199 0.67
2917 0.158974025514052 0.1659405111180385 1.062128542291741 145 104 70 0.16
2918 0.1686289826475989 0.1218981591726733 1.064820270843472 69 46 24 0.47
2919 0.1644290541417607 0.05388265037579368 1.058098932790154 65 44 31 0.34
2920 0.2496930475986516 0.1890503518877543 0.9372254711133874 127 103 79 0.36
2921 0.1658535000988663 -0.01388950607463602 1.052640771248065 100 70 52 0.34
2922 0.1602759923089712 -0.002443598653415868 1.045707736340333 103 67 42 0.31
2923 0.2617100323647436 0.1427665112939712 0.9226879332433725 73 49 35 0.33
2924 0.2712511215546464 0.2026482808467017 0.8893658477571502 98 66 45 0.36
2925 0.2625301696463934 0.2307334922734989 0.888659489513363 97 56 35 0.54
2926 0.1393432058254183 -0.05885379811399516 1.044732368393961 113 77 51 0.32
2927 0.4485021401054172 0.1821399418588336 0.6379415525060338 68 52 32 0.68
2928 0.2931969597081763 0.2182700206442695 0.8497137471944989 104 66 35 0.79
2929 0.1075156795831907 -0.1301224130391365 1.061202661032938 141 102 71 0.7
2930 0.3147890754778248 0.1766679839308587 0.8367980090598623 127 93 58 0.59
2931 0.08004206220601728 -0.2073985703254578 1.074200982018657 108 80 55 0.78
2932 0.09498172404484323 -0.123867683663931 1.045430642070453 91 62 43 0.45
2933 0.2085090727579367 0.03507475395697135 0.935327630310921 124 76 40 0.35
2934 0.2091629293349279 0.06101332003271218 0.9257163779975249 142 99 68 0.53
2935 0.09005955041905039 -0.12778667746944 1.040083761973795 84 51 34 0.38
2936 0.06736646124071349 -0.2030394376916163 1.059820147590131 173 133 98 0.38
2937 0.3323536963308356 0.2303364261797598 0.792085257486973 84 62 43 0.54
2938 0.0714355922013728 -0.1145340752442031 1.016467487783087 148 101 61 0.46
2939 0.1722580104816118 0.08594377287993185 0.8870937774968386 101 58 32 0.96
2940 0.04552924882327936 -0.08258704260851929 0.9737570084971845 81 54 40 0.55
2941 0.1588744328957987 0.05592077355128044 0.8646846027839199 83 53 37 0.92
2942 0.1487786918323079 0.01354889723311248 0.8712111225115551 135 90 58 0.46
2943 0.1283293341059081 0.02798173565526454 0.8625499196721452 135 86 43 0.36
2944 0.09724247588096918 0.00734433572318749 0.8432601733571257 108 72 46 0.87
2945 0.1277220637187177 0.2342879678697846 1.095688565302059 58 34 26 0.12
2946 0.1927487559942102 0.2206052271153366 0.9949124299573735 60 40 31 0.5
2947 0.2394665874840225 0.1982827101538707 0.9299918084879487 89 63 49 0.37
2948 0.1635403706448046 -0.01749392456332549 1.055034954083968 109 79 52 0.47
2949 0.09754289985493753 -0.1283102988046906 1.13294626006839 65 47 35 0.58
2950 0.2572559621302382 0.2251273619634032 0.8961374137733937 53 26 16 0.49
2951 0.03897081912991507 -0.1855244567555869 1.027495776596882 169 153 146 0.92
2952 0.2873193062177215 0.2049557276277235 0.8632414032813609 104 75 48 0.39
2953 0.1199613550476682 -0.08290739527287444 1.054379761273506 122 78 47 0.81
2954 0.2701950167228906 0.1149116828190894 0.9015879596760719 122 78 46 0.21
2955 0.1091579170447068 -0.1359182178046648 1.068930856567367 118 72 47 0.88
2956 0.09841854974079961 -0.180513430584634 1.078546180236832 89 63 48 0.38
2957 0.3181138215226191 0.1741899859023711 0.8359894398855565 78 53 32 0.43
2958 0.3154097390705662 0.1999426705300762 0.8259954000581561 57 45 27 0.54
2959 0.1988018140362406 0.1213717184992835 0.9069711763548303 85 44 22 0.41
2960 0.1996395946051606 0.10139155230361 0.9094371944942965 172 114 69 0.44
2961 0.3287554821647362 0.2085568444420893 0.8053093740442089 97 67 42 1.07
2962 0.3278061131881428 0.2108413663214685 0.8052024158053925 87 61 39 0.36
2963 0.3473461202585391 0.1892399038889872 0.7853200090539698 77 50 26 0.43
2964 0.346073123160722 0.2002863291228963 0.7828402559977331 81 61 38 0.42
2965 0.1779645835072859 0.05724165751486984 0.8937718734221098 106 69 33 0.37
2966 0.3529104143031264 0.177257186472273 0.7817936503730741 135 96 61 0.28
2967 0.3607005818978168 0.1905133727676751 0.7672573688492372 104 82 55 0.25
2968 0.3561856867508321 0.1915882304240662 0.7716861010704098 58 42 25 0.32
2969 0.3646035155800401 0.2140226928245961 0.7546531340257607 117 79 46 0.29
2970 0.08567962722885253 0.1709158144095013 1.178040459104172 97 75 55 0.26
2971 0.1105445339574672 0.2386557934880124 1.120270319841978 21 14 10 0.67
2972 0.1473962313259953 0.2081017530730003 1.073119539565682 88 64 35 1.49
2973 0.1625339074737904 0.2666650873290102 1.026334256077484 99 74 52 0.21
2974 0.09541988572572913 -0.02568790322216968 1.150209884843792 104 86 66 0.31
2975 0.2566440711599908 0.1663108707855345 0.9200418097248195 116 80 56 1.14
2976 0.2462022458417132 0.2441081489274283 0.9010264210601286 118 84 59 0.88
2977 0.2807755113239011 0.1234985839162424 0.904758188058818 167 122 81 0.43
2978 0.1191307098225524 -0.04380777901068306 1.026201130767726 151 106 72 0.65
2979 0.3162475566875397 0.1990020224156313 0.8274999134399819 82 56 36 0.39
2980 0.3163714401047282 0.2108725283686177 0.8209678864084174 88 71 50 0.17
2981 0.3207707034102678 0.2362737174911663 0.8106975477346348 80 55 36 0.91
2982 0.07025379394604736 -0.1897334489053473 1.055720672460352 109 64 39 0.52
2983 0.3239031680779837 0.1731363983432933 0.8214129036241492 152 114 75 0.23
2984 0.3325657274553844 0.1961103393141362 0.8055443652602851 71 53 36 0.28
2985 0.3282247701049974 0.2320763271829791 0.8001078465643684 69 49 34 0.56
2986 0.3454107033683424 0.2024969572447539 0.7839942937213028 125 104 49 0.35
2987 0.3581721791273904 0.1771345858398516 0.7749335847947507 100 72 40 0.36
2988 0.359729084655011 0.1957957209373974 0.7674377589070804 44 26 15 0.2
2989 0.368157338379235 0.1662786912971524 0.7686218230107388 190 138 86 1.48
2990 0.3625296569490461 0.1867783552670567 0.7646218811212502 76 49 26 0.26
2991 0.3583362611935673 0.2117280979917921 0.7610456451173329 111 82 50 0.33
2992 0.3645498172939609 0.2241774698472397 0.7532923914670797 48 33 21 0.25
2993 0.3703187266959493 0.1905905771678476 0.7509024142786647 69 46 25 0.2
2994 0.3751600385522507 0.1745359769706525 0.7454070988522694 89 64 39 0.34
2995 0.3779173845655941 0.2206594297995314 0.7347966452388757 55 42 30 0.47
2996 0.3828961428256691 0.1707262155934758 0.7341402786654154 111 83 52 0.27
2997 0.3787765864120004 0.1724361190847604 0.7381294163639451 127 93 49 0.42
2998 0.3880892363097904 0.1739211703622669 0.725367100936561 101 68 29 0.61
2999 0.3882896907825781 0.2016036082829055 0.7152023208931955 139 99 37 0.21
3000 0.4041564328377689 0.1670160705837825 0.7142221168583744 95 72 50 1.31
3001 0.4037738091077645 0.1756261011666417 0.7034501835169124 128 103 71 0.25
3002 0.1532560232486548 0.2140220862295315 1.072931810745831 60 49 36 0.82
3003 0.132844020617695 0.1238684517985709 1.122833605293531 152 109 67 0.65
3004 0.2442014737813107 0.249728143893429 0.9130365168650183 119 78 53 0.41
3005 0.1654829210087136 0.01504391768832389 1.040430214094647 73 39 20 1.17
3006 0.1046112427806239 -0.1234484234648327 1.053961268340892 105 62 32 0.2
3007 0.314578784010472 0.2035020868531287 0.8240852296999726 110 85 66 0.84
3008 0.3187360973322737 0.2219452672399824 0.8138171889338046 140 104 60 0.51
3009 0.33541064648441 0.1884159640297159 0.8030697545914049 150 112 61 0.19
3010 0.1651262255231538 0.04208400864457709 0.8824623723612917 135 97 68 0.74
3011 0.3738529494577773 0.1715980023477762 0.7488598818255101 69 49 32 0.53
3012 0.3752560233148238 0.2076829665609987 0.7293772515242121 157 114 64 0.34
3013 0.4070516484104784 0.2186955947316256 0.695984940521185 83 65 40 0.59
3014 0.196489936262422 0.1937332379930708 1.002794881217712 33 21 12 0.5
3015 0.1839199089272525 0.06635471239204874 1.034135285937339 102 70 55 0.95
3016 0.273829455797728 0.157491992134131 0.90066948645557 134 93 54 0.57
3017 0.1948649114358065 0.06697047191150723 0.9171136197106838 105 61 30 0.72
3018 0.3252820250312894 0.2258805278837988 0.8038430407521573 115 85 53 1.01
3019 0.3408221372947721 0.1878760515972821 0.7947259427503588 60 41 26 0.42
3020 0.3383539084324803 0.2027472557961237 0.7912578098503618 110 83 46 0.75
3021 0.3672518915368966 0.1943664157066474 0.7531014737857634 115 86 41 0.43
3022 0.3776792678598137 0.1783948174701629 0.7390934478774879 148 110 67 0.58
3023 0.3695191084097078 0.2076042328801871 0.7383819011702265 107 80 43 0.22
3024 0.411053698885552 0.1611505647934217 0.7002695363764627 134 99 57 0.76
3025 0.3000794095549285 0.210653308616687 0.8427351591274909 111 73 40 0.4
3026 0.2186702969700363 0.09973981731801652 0.9213888436981871 177 101 49 0.47
3027 0.348791079352516 0.1971800058492108 0.7794877275658376 140 103 61 0.48
3028 0.1686551584022413 0.07515923937312244 0.8866101925439769 160 100 53 0.88
3029 0.1412559017358108 0.2625363791975234 1.058276625567592 36 22 16 0.94
3030 0.2925293586698574 0.1753571814288193 0.864180009461632 170 130 75 0.76
3031 0.1481181183834155 0.03250732039785409 0.8698090526170253 144 94 45 1.14
3032 0.3736485853083718 0.1709419524304265 0.7518308709152347 42 30 18 0.8
3033 0.4059296085790838 0.2316346369436874 0.6986467419380198 82 52 26 0.61
3034 0.2715953252292379 0.2200173882124371 0.8810866613255121 110 71 45 1.27
3035 0.3520930096222643 0.2229673585294036 0.7700584510920851 146 110 71 0.64
3036 0.3686598229512195 0.2192583316793058 0.7470357120877966 117 85 46 0.87
3037 0.2512255212458213 0.1614291561788645 0.9300129222462774 94 70 47 0.98
3038 0.1341285136787939 0.002216603669646711 0.8816820685426381 169 114 76 0.7
3039 0.353050767982478 0.2294596701374654 0.7676003768060929 88 66 40 0.73
3040 0.3642876498568394 0.2269042501928143 0.7516627204189863 58 42 28 1.0
3041 0.3679616509338454 0.1635125395680423 0.7373990734611064 153 108 67 1.07
3042 0.5298771108666739 0.1056346467106502 0.5197776505885439 164 114 64 0.8
3043 0.2195586586173452 0.07110125820554034 0.9352449823217726 117 66 32 0.43
3044 0.07112626449625969 -0.07254606647640383 0.9907498157028842 101 60 34 0.75
3045 0.2067111854092492 0.0504975850258908 0.927886002343952 191 137 86 0.49
3046 0.1391436704636059 -0.0117133989174372 1.018542423093955 124 78 46 0.4
3047 0.1751243892310751 0.01273459176728559 1.043254084944239 148 111 87 0.46
3048 0.118028157300207 -0.01863461090691673 0.9611353846667496 168 109 70 0.58
3049 0.09694996563120728 -0.2454045886605225 1.091169505260291 151 118 81 0.71
3050 0.1971094559973074 0.04648163498951924 0.9190351362481427 189 129 76 0.74
3051 0.06760604302018836 -0.1859817831945282 1.053515152567178 160 119 84 0.46
3052 0.07209244207388987 -0.2304305879492539 1.093764863581649 82 62 47 0.91
3053 0.1275371529103244 -0.195684496113011 1.111064868225283 84 64 51 1.3
3054 0.09651419837628811 -0.1883555364116526 1.083320954357304 66 40 24 0.95
3055 0.1235708314881649 -0.1694005584061025 1.094136598540026 135 96 73 0.4
3056 0.1208611592457268 -0.1677418438727722 1.099593405917603 83 57 40 0.72
3057 0.1042911071289874 -0.1702521963025531 1.13134898139907 96 64 37 0.4
3058 0.04788952434859017 -0.1876007275793452 1.034313144253526 120 88 58 0.74
3059 0.09721148227553666 -0.1590137673969486 1.133323439538961 64 46 39 0.71
3060 0.07714532172831606 -0.1552962404401593 1.040970111905984 67 55 51 0.22
3061 0.1267389302005585 -0.1236408739383283 1.092939566617185 64 45 35 1.07
3062 0.1258092249201921 -0.1020660902286157 1.101844117882195 106 86 61 0.57
3063 0.1014835913612823 -0.1155149800485482 1.138199312966556 106 74 51 0.31
3064 0.04766156727523596 -0.135022249557763 1.012345706262114 102 71 48 0.51
3065 0.07083935000263925 -0.1203860929431377 1.015978990493326 133 90 54 0.32
3066 0.07165959439081526 -0.1092703515129688 1.018132593811416 108 72 42 0.22
3067 0.1430766635165382 -0.09451963535747293 1.074341056729387 102 67 41 0.54
3068 0.1380771564051633 -0.0894177492709512 1.086342023686233 89 56 36 0.71
3069 0.1456785349098794 -0.07383512078460275 1.071159297856548 94 58 33 0.46
3070 0.1065317542943724 -0.1046502938400027 1.123316850436587 61 40 35 0.92
3071 0.0735635499787321 -0.05613784381192755 0.984028121795368 209 152 104 0.35
3072 0.02331417899253896 -0.1259630981846252 1.007087944097212 128 78 42 0.56
3073 0.0438565890523962 -0.101776146997123 0.9816682305422098 138 96 58 0.62
3074 0.06653258521367267 -0.1046909555512468 1.003553855686012 123 88 58 0.38
3075 0.09811581602204239 -0.08412136796425146 1.034044183547531 145 106 76 0.96
3076 0.1354860158806324 -0.05287575858988969 1.040719842438657 106 72 46 0.93
3077 0.1502676002009122 -0.06117678885539513 1.073016329810577 108 76 49 0.49
3078 0.1345002754248917 -0.06675289630462594 1.095965119125847 128 102 80 0.47
3079 0.155340191674572 -0.03898971637025 1.068159534478932 124 100 73 0.83
3080 0.08946777808384793 -0.08338142743731713 1.146309338450852 54 35 28 0.79
3081 0.1234649339994303 -0.05638813049366198 1.110757536480748 113 87 68 0.75
3082 0.08425641626170044 -0.08437384631055583 1.154815268955297 101 78 63 0.59
3083 0.1091520678675628 -0.06098829725715654 1.134982313065623 100 73 54 0.52
3084 0.04055111497151254 -0.08208629378820687 0.9724818265489912 94 64 37 0.27
3085 0.09891940228262597 -0.0592565399170234 0.9895813635957618 116 72 41 0.27
3086 0.09927649068506772 -0.04983211744546862 0.9872050534653349 182 130 85 0.7
3087 0.09461458231509207 -0.06987185105521637 1.014901545229466 103 65 40 0.33
3088 0.113395328788952 -0.05737347206807658 1.030555144457293 97 58 30 0.17
3089 0.1393442759107617 -0.03764666239860159 1.029353011350438 79 45 26 0.63
3090 0.153720685609175 -0.02407661672020769 1.05377122670408 133 98 57 0.53
3091 0.1366440275774641 -0.03413084726506671 1.093952997318529 96 75 59 0.64
3092 0.1288328714351702 -0.02500711170394293 1.10903811768788 114 88 67 0.7
3093 0.04086086792120325 -0.07418148873146357 0.9687000879394758 113 68 40 0.99
3094 0.06265325295845253 -0.04735560989721344 0.9642967383736932 117 77 48 0.26
3095 0.1257036205495818 -0.02575755798293811 0.9672343468142703 132 85 51 0.22
3096 0.1162690964629467 -0.03685339807903931 1.001147292084935 116 71 40 0.46
3097 0.1499728948337867 -0.01794704424517762 1.03130612257628 191 137 85 0.81
3098 0.155005579567118 -0.01191719240081901 1.037552533621419 107 78 52 0.27
3099 0.1622328211718082 0.001851545111821118 1.043579200302197 102 59 25 0.65
3100 0.1583661974493106 0.008674464408649413 1.062124186006241 106 81 68 0.91
3101 0.1547936505866853 0.01017613392078356 1.068233795554308 119 82 51 0.25
3102 0.1522175603822518 0.006654508414707244 1.078800262472434 113 81 59 0.66
3103 0.116017905017429 -0.00868057962201238 1.126038849742203 137 102 78 0.45
3104 0.1257600322190385 0.004745255445018248 1.123117443292733 164 125 89 0.39
3105 0.113165316971544 0.001780765531580603 1.146087480794246 110 86 70 0.79
3106 0.5433114021566386 0.09071784708954223 0.5442314049481002 85 75 68 0.57
3107 0.1569726437335976 0.005970430137702043 0.8955426098793036 152 108 73 0.32
3108 0.2103602870993085 0.02046498674654032 0.93234513935823 161 107 62 0.41
3109 0.2228641633267575 0.02849809973191936 0.9418367857276837 151 107 72 0.52
3110 0.2144395705329962 0.0292053403106656 0.9393187943229715 140 99 66 0.34
3111 0.2154998828935263 0.03192591347812762 0.9380240825846033 98 68 44 0.41
3112 0.2031047142237302 0.02785985027039828 0.9613067688365355 88 52 28 0.17
3113 0.1417525512990501 0.008380446802045444 1.01185527323408 176 121 72 0.33
3114 0.1544659828738354 0.0163333375773401 1.021552214426563 112 64 33 0.23
3115 0.1559889633284862 0.02605970315724995 1.023920265910826 123 69 34 0.38
3116 0.1608636432510762 0.02479110606424448 1.060157380845938 115 82 56 0.74
3117 0.1523238777449712 0.03312485666625267 1.078401861738703 93 62 46 0.89
3118 0.1330177003372477 0.02856686784317169 1.117574930130335 100 66 48 0.37
3119 0.1187578548613876 0.02082313247369946 1.131804442361322 62 42 35 0.59
3120 0.08163428488449725 0.01323864829060942 1.172706465392338 116 88 64 0.56
3121 0.1007984719780196 0.01845534556879025 1.150468872641642 86 53 37 0.5
3122 0.5233732634828595 0.09622037048557051 0.5676986867473527 86 57 40 0.27
3123 0.115431340905275 0.0007837413019708417 0.857291519878804 181 140 90 0.28
3124 0.1474491574459074 0.01553817917749006 0.8723594210257093 135 82 44 0.38
3125 0.161997736304351 0.02775642346881255 0.8933167669240776 125 66 30 0.54
3126 0.1677868629701089 0.0339659319465446 0.8964375534725921 129 83 54 0.45
3127 0.1763423477034797 0.05839430486302921 1.026949331443844 103 70 48 0.31
3128 0.1464330759804709 0.03874188218657276 1.077948096105292 109 73 50 0.4
3129 0.1176011663256648 0.03964766094299646 1.130803152975678 120 90 74 0.43
3130 0.132402453500901 0.06422265062385327 1.12941456696542 148 114 84 0.49
3131 0.5324145776290252 0.1044269310906401 0.5240804671952716 137 91 41 0.4
3132 0.1616476302208182 0.04113776364412042 0.8777792310740079 131 97 60 0.72
3133 0.1999965448522529 0.07165716429063479 0.9124916179281947 68 33 16 0.61
3134 0.1643127291504912 0.06566940264626436 1.016243179670184 117 75 48 0.31
3135 0.176596244916706 0.08264645900872847 1.020040306140213 144 105 61 0.51
3136 0.1669712834037408 0.06838639672835137 1.060679002998874 108 76 45 0.48
3137 0.1449533696784189 0.08155522555902425 1.121246405866124 115 65 36 0.87
3138 0.5449341878031515 0.125738288354883 0.5222459040092181 26 12 9 0.7
3139 0.5483668237197505 0.128565713130702 0.5240463594561401 53 34 24 0.58
3140 0.5512378620301104 0.1272941444086998 0.5350360738255466 73 57 45 0.44
3141 0.548661879230023 0.1240574574399265 0.5402963929200155 127 105 80 0.54
3142 0.5311657180480068 0.1220246902416164 0.555588143981548 104 74 52 0.2
3143 0.5292065776546384 0.122688709572099 0.5590564371275634 118 83 52 0.49
3144 0.5271983461053825 0.1227794757702854 0.5617734878425459 102 71 50 0.46
3145 0.5353876175119036 0.1288643694875906 0.5582841650288267 113 90 68 0.39
3146 0.5111909362374083 0.1216219990072535 0.579276659081064 166 122 76 0.69
3147 0.1284767575833681 0.05705747893856161 0.8591459400278886 76 48 31 0.38
3148 0.1677257283243112 0.07097888341745598 0.8872724583688415 124 88 59 0.58
3149 0.1778369738807961 0.07753842261911337 0.8891682794438006 176 120 55 0.25
3150 0.1765428649154324 0.07157399871147574 0.8957643441695409 109 63 38 0.4
3151 0.2742365358553759 0.1086713974858368 0.9131342863218173 162 103 56 0.43
3152 0.1699628642532856 0.09503669218762567 1.00037349339994 58 32 19 0.17
3153 0.1716209994070272 0.08825341444086293 1.048418999013565 117 80 56 0.49
3154 0.1683946887201552 0.098145742897864 1.058638078273992 108 77 52 0.72
3155 0.1710602055238754 0.09482872724837042 1.073324497358072 133 97 69 0.63
3156 0.1624783081769512 0.09494267017500382 1.090280260464425 93 72 55 0.83
3157 0.1372391895168061 0.101454375652 1.123091736121173 110 75 48 0.56
3158 0.1288137888674822 0.1110610603372187 1.143006331858091 118 94 71 0.45
3159 0.5394217819652257 0.1364503475290593 0.5341707048789763 72 45 28 0.24
3160 0.5297943335138967 0.1398637282983262 0.5445336624713083 136 90 50 0.55
3161 0.5225294057611545 0.1384264761126412 0.5587177322022558 84 57 37 0.33
3162 0.5239138774732141 0.1394179425991026 0.5563937865477114 95 69 45 0.49
3163 0.5199486425475304 0.1411939158824549 0.5618348031214404 59 34 20 0.27
3164 0.5137612417419997 0.1323902492667421 0.5851468309165304 125 101 80 0.22
3165 0.08985714124620892 0.04936016478251395 0.8262336570710465 105 59 29 0.77
3166 0.1276352436771131 0.06434982717283269 0.8528213281894228 157 99 47 0.7
3167 0.1661963727319065 0.09801055094607314 0.8763329268673301 134 82 43 0.18
3168 0.1842742272697173 0.1093939574219467 0.898702186280171 170 107 60 0.87
3169 0.2810552976414442 0.1195969473145619 0.905541299230362 169 124 77 0.35
3170 0.2744768834789853 0.1324946164571003 0.9084670473912071 116 85 56 0.38
3171 0.2763213441549074 0.1280951077104361 0.9187126353182334 111 76 49 0.26
3172 0.2646650436418408 0.1295085709510924 0.9395655942321968 173 138 103 0.48
3173 0.17771187392445 0.1108886142200845 1.0067698363444 86 42 23 0.43
3174 0.1991622121090232 0.1274455193887724 1.015366912998146 66 41 26 0.35
3175 0.5341108174183097 0.1499574918212575 0.5187411911898632 96 67 50 0.4
3176 0.5432515932688984 0.1430443810292547 0.5272836534392648 52 37 28 0.29
3177 0.5367800637058062 0.1521929298461119 0.532385506631157 98 68 47 0.2
3178 0.5255990192800477 0.1444760856445239 0.5514475398208377 58 37 17 0.07
3179 0.5241944183571978 0.1427001470673734 0.5545252108973661 64 44 29 0.11
3180 0.5119897994714236 0.1444881517084208 0.5701977503605052 86 51 25 0.46
3181 0.51163232937667 0.1457718756493842 0.5710915184313623 70 47 32 0.37
3182 0.5134030434395733 0.1491345969607457 0.5674674938301267 129 90 56 0.34
3183 0.4910870586210563 0.1436716198625733 0.5933942801705994 104 60 14 0.25
3184 0.4919227288428065 0.1454660833012869 0.590061359543534 82 62 40 0.19
3185 0.4628651605010282 0.1477217402749221 0.6360330735543327 81 54 30 0.37
3186 0.1348699082302718 0.1001695548775291 0.8566311207943755 173 103 53 0.49
3187 0.1416004493269406 0.1089629586350179 0.8558638095863306 95 52 32 0.49
3188 0.1557445834444104 0.1089172169663585 0.8571142527001112 118 79 48 0.7
3189 0.1731476895328517 0.122345979908673 0.8798806918279878 114 66 34 0.84
3190 0.20507605827002 0.1233854093543609 0.909696036568246 138 90 49 0.35
3191 0.2696575440560515 0.1413852572092575 0.8945520192040226 201 141 90 0.03
3192 0.2754057818201612 0.1427488099160081 0.9017917575681484 167 117 73 0.2
3193 0.2435828672051429 0.1505111267372113 0.9427582999012014 107 76 49 0.56
3194 0.1971226986766206 0.1487835941698397 1.008581973849857 29 23 20 0.07
3195 0.1561083119176661 0.1540432355915004 1.077380984965881 63 43 28 0.75
3196 0.1591732779179649 0.1496737993947744 1.096034883542819 108 84 50 0.5
3197 0.1060360907050882 0.1423890547705307 1.148487145519791 99 72 58 0.28
3198 0.06599635561469142 0.1465866483751777 1.17922681602094 65 42 31 0.22
3199 0.5231499228016347 0.1487220868212655 0.5103746151919675 92 68 43 0.25
3200 0.5269824448163285 0.1535034359852632 0.5474895588792267 79 53 37 0.43
3201 0.5259123433052091 0.1568073536920554 0.5432882890635408 69 49 38 0.16
3202 0.5203146986669146 0.1632478547696376 0.5503734944722309 75 50 36 0.43
3203 0.5155088217412953 0.1569417349495196 0.5606401638942771 85 57 37 0.35
3204 0.5110101551178147 0.1615760619271054 0.5675822578183105 45 28 20 0.44
3205 0.5097956499583211 0.1646230450062319 0.5676533007903886 90 58 36 0.22
3206 0.4886659515809929 0.157440428779108 0.5876968888409305 141 114 83 0.34
3207 0.476166151767271 0.1609909043832284 0.60937063918136 99 84 54 0.29
3208 0.4691488931799098 0.1623026830473234 0.6167777161507577 134 98 53 0.27
3209 0.4537897035955551 0.1570880537456821 0.6412034241866422 100 76 49 0.3
3210 0.4513290109112212 0.1617339253627058 0.6432744227973687 69 49 32 0.37
3211 0.4454458919922377 0.1551762664415869 0.6528339789341694 101 71 39 0.41
3212 0.427299766999494 0.1583377100294892 0.6778133341013876 108 82 50 0.91
3213 0.4096072121827169 0.1624968863863622 0.7005620340225822 98 70 41 0.46
3214 0.1338629712020566 0.1102611866348721 0.8490865122610954 139 74 29 0.39
3215 0.3339311775943007 0.1689376136181509 0.8101117302500014 116 89 58 0.15
3216 0.1611935718028395 0.1383166786533748 0.891826009193512 101 59 36 0.57
3217 0.2020081474376588 0.1526471874624246 0.8992689482691298 136 87 49 0.63
3218 0.2377559263924372 0.1539599782256298 0.9460116389313046 120 81 58 0.27
3219 0.182815493880561 0.1481272375354549 0.9854356875699632 22 13 13 0.31
3220 0.1959895747369963 0.1806497681258308 1.005587893554236 148 108 66 0.38
3221 0.1455241183006704 0.1738066437816934 1.085960853658726 60 43 34 0.2
3222 0.08502485091140366 0.1681013427897231 1.173583996154465 80 60 36 0.4
3223 0.1073981546572572 0.1716006796571053 1.142646796665733 50 34 28 0.14
3224 0.1009529967644456 0.174145729117219 1.149117477721843 52 37 25 0.25
3225 0.04789449597148565 0.1594834835068907 1.215287351370967 126 117 109 0.29
3226 0.07153058428024073 0.1670004737321784 1.192312779377688 111 78 57 0.3
3227 0.5362192072664522 0.1646628752530288 0.5261863202870702 148 106 63 0.29
3228 0.532835473229798 0.1644146551232913 0.5334587905040789 52 37 28 0.21
3229 0.5320840772847104 0.1683652289909268 0.533721537101161 72 51 36 0.34
3230 0.5229263924485125 0.1737838839784631 0.5428638856447513 109 80 59 0.16
3231 0.5196815616453911 0.1724137646219435 0.5469995788422783 120 83 44 0.6
3232 0.5087826867912222 0.170070858023073 0.5652270496482344 110 70 43 0.37
3233 0.494950453405718 0.170620251315953 0.5766067865520924 139 101 52 0.26
3234 0.4878706087053045 0.1747542731281054 0.5843232032600975 112 85 44 0.27
3235 0.4728389502615461 0.1664944313892428 0.6111829200559225 109 97 71 0.17
3236 0.2452915895016592 0.07670922539488204 0.9225075051877599 178 109 49 0.23
3237 0.3758928617318036 0.1721673212473085 0.746147269781426 114 82 52 0.1
3238 0.3655015528594895 0.173030521615029 0.7675414659084837 109 91 63 0.33
3239 0.3600251681824743 0.1761637225766126 0.772329062903686 163 122 68 0.37
3240 0.3630207865983016 0.1795785640649144 0.7641957561668442 142 99 54 0.36
3241 0.3166476897675632 0.1721089278416608 0.8359437829149989 147 110 79 0.56
3242 0.3080586731268072 0.1700125650628705 0.8412787756093592 152 107 56 0.16
3243 0.2755260407360313 0.1794170981015947 0.8881111325677589 78 55 40 0.36
3244 0.2621211934286926 0.1786757036922647 0.92583888077515 86 62 37 0.07
3245 0.1362218622528218 0.1901631703344127 1.093895567292241 57 36 25 0.43
3246 0.06336076115637701 0.205229520027891 1.177225289957772 74 52 39 0.52
3247 0.5238152945089486 0.174624835546039 0.5056731713924758 130 89 68 0.48
3248 0.526275098498206 0.1845306177962429 0.5353969159695762 145 81 34 0.68
3249 0.5092242260088836 0.1783932226059571 0.560745388733199 130 92 57 0.42
3250 0.5404286967455201 0.1451342309229398 0.5235385063372988 69 41 23 0.4
3251 0.4903625611930403 0.1757076983500519 0.5816069478356227 88 62 38 0.22
3252 0.4882519421489603 0.1784574292747683 0.5821572120314379 110 85 48 0.37
3253 0.4930933553054606 0.1815637671573484 0.5741579690466624 77 54 32 0.49
3254 0.4894214167466752 0.1840776872253234 0.5797866162505703 90 67 45 0.15
3255 0.4784935004380352 0.1833855146643374 0.5946646085041078 134 107 66 0.24
3256 0.4247787994748413 0.1818776137784475 0.6667331536309762 85 56 34 0.69
3257 0.5419478487497437 0.09255629946896414 0.5336424473261377 142 96 61 0.66
3258 0.4299225127393492 0.1906979970079099 0.659834806748719 170 102 34 0.28
3259 0.4122623538488294 0.1839910290190983 0.6886530881922646 108 78 47 0.37
3260 0.4056714779024039 0.1831716163201769 0.6956754340185257 141 100 56 0.45
3261 0.3650026933793058 0.1876656622132419 0.7443012462143382 115 92 56 0.13
3262 0.3612864637105093 0.1935163707976267 0.7591478275899544 93 70 44 0.15
3263 0.3648551828400791 0.1938031906072518 0.7675230628246745 41 25 14 0.16
3264 0.3398253536705108 0.1996613527609636 0.7914798765519397 109 81 50 0.44
3265 0.2743229262293618 0.194035612414364 0.8833696535080088 98 64 41 0.3
3266 0.2843097320121796 0.2049263106172118 0.8681224010858405 118 94 69 0.35
3267 0.252780392689192 0.2041662667904466 0.9095282567240784 52 30 17 0.66
3268 0.1906224377365703 0.2038062760666235 0.9909194206097643 66 57 45 0.5
3269 0.1451534881429308 0.2164860385244282 1.089576401029413 78 54 38 0.68
3270 0.5180624846340864 0.1754612951959121 0.4484448746928157 45 28 18 0.77
3271 0.5217508483774523 0.1789257584103895 0.4533796376014799 100 72 45 0.85
3272 0.524009098100056 0.1864972533028865 0.5366208954983561 67 32 17 0.51
3273 0.5113726120737155 0.1876618435387989 0.5559803426989354 59 36 23 0.23
3274 0.5103265723364507 0.1893135281299612 0.5560181588553643 72 43 27 0.26
3275 0.4925325216698058 0.1896528038590851 0.5729158895351542 103 69 37 0.59
3276 0.4500794811491766 0.2023707453446456 0.6285678864429397 73 48 33 0.28
3277 0.4324445717722152 0.1991754056552738 0.6538405488035898 140 100 55 0.31
3278 0.4287785093556927 0.1977961476869703 0.6596170439239482 125 88 47 0.38
3279 0.4048172478023 0.1945847452781448 0.6940005765580723 114 84 47 0.39
3280 0.4032900982651656 0.2038504334177171 0.6925712845318601 139 101 55 0.32
3281 0.3971657250728809 0.2050296531083395 0.7007832862496611 133 93 53 0.2
3282 0.3696782975989801 0.1995548885712133 0.7421268275091067 63 43 21 0.27
3283 0.352555255414967 0.2037835919186626 0.7727081024296359 117 88 53 0.2
3284 0.3621812869630648 0.2072885000528714 0.7565976211364867 50 37 23 0.43
3285 0.3358216311341183 0.2032419985997641 0.7964551534404967 74 45 20 0.25
3286 0.3265700234368245 0.214444162015086 0.8062165702195845 58 41 25 0.3
3287 0.2888395343323077 0.2061354594063544 0.8608178575053892 84 57 28 0.25
3288 0.2805240464239205 0.2067945855632707 0.8723291669118667 88 65 51 0.35
3289 0.278284470031729 0.2080552246950448 0.8757094966377448 73 53 35 0.36
3290 0.1852706220222576 0.2328572388771219 0.996909428027574 105 76 38 0.37
3291 0.1543798345133924 0.2188527695918889 1.036325879540313 38 20 9 0.78
3292 0.1995765482615374 0.2242199227749028 1.020991069524797 75 48 37 0.03
3293 0.1365505095217824 0.227267297970843 1.084207980836561 45 30 24 0.24
3294 0.0979095625684791 0.2464234144713881 1.117645539265895 76 59 43 0.27
3295 0.08024970044783147 0.2483523154643307 1.140277031521884 39 20 16 0.44
3296 0.4867619520814087 0.2022615859108347 0.5849027684071596 154 125 69 0.42
3297 0.3888087816195673 0.221249626052588 0.7226955718626762 71 54 34 0.72
3298 0.3670300683403229 0.2187975405518125 0.7325302390048258 87 62 41 1.18
3299 0.3634533898500136 0.22801838730403 0.7560342851282644 67 49 34 0.91
3300 0.3421034514768332 0.2312502090437771 0.7794130578932473 133 103 69 0.27
3301 0.3272269521056322 0.224003242896948 0.8021953135309626 79 50 24 0.23
3302 0.2945419842443199 0.225036342982965 0.8455847431814283 78 49 32 0.75
3303 0.3023353671818457 0.2261285591106646 0.8369500699108597 116 84 55 0.25
3304 0.2746109053019664 0.2325978381567454 0.8771798387827807 111 72 49 0.87
3305 0.2389187257808953 0.2311880103913216 0.9165134209805437 96 64 44 0.71
3306 0.2376850203903295 0.2323101582549175 0.9270440695633195 90 63 43 0.81
3307 0.175660714355204 0.2431844724964564 0.9799161264107964 41 23 18 0.51
3308 0.1814942794254507 0.2538024076386529 1.004020122726102 72 49 31 0.7
3309 0.1151743535983037 0.248982886554106 1.053133554104768 67 45 32 0.44
3310 0.15980864921162 0.2609937195014578 1.028681056171437 100 67 50 0.38
3311 0.1092227326586168 0.25268177649523 1.089228923968304 58 39 27 0.73
3312 0.09579871925178102 0.2643180068118909 1.117740130924704 83 60 36 0.44
3313 0.09900784519270722 0.2645726604873089 1.124482953933228 51 32 25 0.29
3314 0.2748629048078295 0.2699128384437616 1.057367021856042 89 62 44 0.68
3315 0.2636334248099864 0.2720233142672627 1.066083648997704 96 74 49 0.43
3316 0.5147813446987554 0.215979528044763 0.5519332654288888 130 98 58 0.34
3317 0.4757632530636815 0.2174694708276848 0.5835859737982554 90 68 49 1.2
3318 0.4415005118973963 0.224817300699502 0.6491484034255373 136 81 45 0.23
3319 0.4140762835516115 0.2235301448132099 0.6780714042380926 43 27 15 0.8
3320 0.4166470935185033 0.2335892078113841 0.6774115736006322 120 69 33 0.33
3321 0.3130347082312417 0.2374196058628064 0.8185854106372958 103 76 52 0.69
3322 0.3075827909578912 0.2377623557251713 0.8285777797189511 46 30 17 0.28
3323 0.2337768504526057 0.2527046524650519 0.9326652992411866 27 19 15 0.9
3324 0.1958325297310913 0.2594117835658531 0.9747596319861647 91 69 54 0.66
3325 0.1641149488953447 0.2697618923655882 1.027917208164416 108 80 59 0.59
3326 0.138542613309413 0.270753336660063 1.06571721560605 100 69 54 0.22
3327 0.5235539463734815 0.2316715386986155 0.5473808265917198 127 84 35 0.29
3328 0.4634412458376885 0.2333935652516175 0.6312854925749046 127 97 65 0.35
3329 0.4508069257698754 0.2411965122684394 0.6520422021362328 82 69 55 0.72
3330 0.3385932478207659 0.2547097348864824 0.7806345811601424 94 64 41 1.0
3331 0.2627784819493771 0.2872318363627578 0.952749082362911 70 50 42 0.58
3332 0.5064753485958396 0.240207471709175 0.5679484163666395 131 108 87 0.46
3333 0.4272684802411089 0.2508090158193548 0.6724724235700316 106 80 50 0.32
3334 0.3018739874863798 0.2806648916277606 0.8435796975124099 89 58 35 0.84
3335 0.2865891570649249 0.2804294063078173 0.8549259083178704 78 56 38 0.47
3336 0.2644084302631094 0.297486441829189 0.9566817919178544 121 82 61 0.44
3337 0.51428063626292 0.1766811996139857 0.5552520484805793 157 94 54 0.19
3338 0.09803340746078848 -0.2408240473778732 1.092729400778623 70 49 32 0.73
3339 0.09866729316368228 -0.2264977380033593 1.1253247359176 68 46 31 0.6
3340 0.07673381016352127 -0.1935684526893909 1.061933510180208 164 110 60 0.32
3341 0.1188337672195334 -0.1377220580312231 1.080374827412246 109 68 43 0.53
3342 0.08910607659263103 -0.1652322705945538 1.06329183319535 76 48 33 0.52
3343 0.06206851614317294 -0.1657522352690343 1.173181140326491 114 112 110 0.68
3344 0.1083954851785108 -0.09273954761768616 1.036236671468743 119 86 60 0.47
3345 0.1302674576063778 -0.08364760349139766 1.090817072448682 94 71 54 1.16
3346 0.1009624208844226 -0.1084338715768263 1.127580620778599 75 51 42 0.65
3347 0.07141617274794843 -0.1010397777240025 1.00422850348492 118 74 44 0.34
3348 0.1078412951277874 -0.05220022596421608 1.1393950185728 101 65 44 0.42
3349 0.02566770200973023 -0.09091003848047585 0.963070335819238 182 179 175 0.86
3350 0.1598239730686265 -0.01105618934290367 1.06734465601112 100 67 45 0.63
3351 0.1252536789295925 -0.04093589486129745 1.102112561609392 78 50 42 0.77
3352 0.07461069143647026 -0.05359378551237787 1.170347382664115 87 59 46 0.6
3353 0.1215385943966483 -0.03069619409767796 0.963359741674314 122 82 50 0.51
3354 0.10611160064539 -0.03660636987046367 0.9817762643083099 163 111 70 0.64
3355 0.1676907726016065 0.01492074569346094 1.055056473502204 104 74 57 1.09
3356 0.1363045604570872 0.01037003151854343 1.118967302382797 110 78 53 0.68
3357 0.07683395584119757 -0.03292346657334227 0.9492683095926293 170 123 87 0.29
3358 0.1935684150317016 0.0338585385978849 0.9669214835451451 106 67 45 0.4
3359 0.1680657197155849 0.03234187831755392 1.038662719879482 168 121 77 0.39
3360 0.1540681112323832 0.0157970925419578 1.072494474433077 147 114 77 0.15
3361 0.1552330318318754 0.03311072740430415 1.080226811635489 96 64 43 0.43
3362 0.1450605030369824 0.02157843950313507 1.091868644632835 105 76 53 0.61
3363 0.5373824969598636 0.09362062857869505 0.5306440350302625 173 122 65 0.47
3364 0.1569087049211548 0.03760565703454169 1.065829215002239 146 102 66 0.61
3365 0.1497666288052279 0.04042703368829922 1.072432386084286 99 62 42 0.38
3366 0.141090495677995 0.03756923450587518 1.097342318137711 135 102 79 0.43
3367 0.1291295964803903 0.03493617943814809 1.11417428189108 66 48 38 0.84
3368 0.07674783467680385 0.03860785097429342 1.17667801405917 76 54 43 0.34
3369 0.5464911051912714 0.1127082742323735 0.5341996702717948 140 101 63 0.56
3370 0.5307628743435052 0.1101754690912728 0.5573142316434495 135 97 47 0.49
3371 0.5289135781047147 0.1138564060484284 0.5563721557368568 142 100 54 0.76
3372 0.5019011681883948 0.108915214912711 0.5799586708710945 156 109 68 0.79
3373 0.1651410583822572 0.0612050736347142 1.01455781057922 121 74 50 0.31
3374 0.1648072980216742 0.06065629635521061 1.023219800819863 121 89 57 0.37
3375 0.1757129083129547 0.06507945400051876 1.025621068596354 149 98 64 0.79
3376 0.130799910635814 0.09003069752481913 1.111503611398504 80 53 37 0.33
3377 0.07997894693876939 0.09696252982116436 1.178207255794595 73 42 24 0.26
3378 0.5222046939538428 0.1127981054441806 0.4351020058877277 124 99 59 1.17
3379 0.5442376839247259 0.1266491381965558 0.4626800190190006 164 132 93 1.08
3380 0.541998692308878 0.1427959247424549 0.5323567943410068 74 58 46 0.41
3381 0.5281572947815496 0.1333314860042878 0.5654881722533143 87 56 31 0.64
3382 0.5230127211148109 0.1370275888105596 0.5645460593865479 77 47 27 0.53
3383 0.5229041893279326 0.1416360303607155 0.5573168043586216 78 55 42 0.14
3384 0.5224532581776248 0.1353420828420882 0.5729080399238321 78 54 34 0.39
3385 0.5134412497647587 0.1384143816075113 0.5771835969771397 61 36 18 0.11
3386 0.5099513764235903 0.1394057917045364 0.5769138543080524 50 29 16 0.3
3387 0.5105766128986029 0.1387574164680683 0.5801569564537337 63 36 21 0.18
3388 0.09814969980300225 0.06057571537413653 0.8327488932804481 121 75 36 0.05
3389 0.204846077146726 0.133890855532605 1.013235993440543 127 91 62 0.46
3390 0.1469934990914988 0.1295171636692038 1.079120704621526 85 54 37 0.61
3391 0.5170398226728022 0.1388110750115701 0.5074187125867116 42 23 16 0.33
3392 0.5241394684950516 0.1359581198744924 0.5126687728279141 92 65 47 0.51
3393 0.5243632983124467 0.145885418054462 0.5099602464138405 92 52 23 0.22
3394 0.5359940175956548 0.1465019751828202 0.5209363236374924 182 132 70 0.47
3395 0.5339256011944344 0.1476297784400376 0.5183768842815856 81 54 35 0.51
3396 0.5428126733360841 0.1463146589217973 0.5260537568097663 97 67 41 0.91
3397 0.5389291604055951 0.1432993305832588 0.5306531215939295 52 39 29 0.5
3398 0.1232247650773032 0.08902978855682084 0.8396480229076151 171 112 67 0.61
3399 0.2260555615781872 0.1457898044160622 0.928867543664966 60 44 32 0.81
3400 0.2521467836859666 0.1362795870001375 0.9430381658782782 76 48 24 0.06
3401 0.3266548505500029 0.1621392387473055 0.9173433805477701 20 14 18 1.01
3402 0.1949038914661174 0.1527765181458649 1.006506766146866 19 13 13 0.21
3403 0.111975206176468 0.1555553539783466 1.143584890809123 99 72 55 0.42
3404 0.5016042023533287 0.1375804284276457 0.487672339839034 34 28 23 0.38
3405 0.5143473850643656 0.1529828208248465 0.5037915421026505 96 66 49 0.31
3406 0.5293904294818383 0.1574250067352762 0.5108748332670593 112 73 40 0.7
3407 0.5368024476442966 0.1576816531941037 0.531165635263373 47 24 12 0.35
3408 0.5379020662501215 0.1617570875472554 0.5254789151631738 122 75 35 0.61
3409 0.5361673259578773 0.153482170920187 0.5325074744915291 57 28 12 0.23
3410 0.5303468175057438 0.1611129134508704 0.5357956121393936 92 54 34 0.6
3411 0.5301471788210522 0.1614338215396209 0.5373083305081647 57 35 22 0.53
3412 0.5243780498986969 0.1596375227367718 0.5413117136972747 58 38 28 0.34
3413 0.5188033782825554 0.1550487119149366 0.556391265676749 72 43 22 0.27
3414 0.5152687211179733 0.1632840616472028 0.5592894218859635 103 69 44 0.32
3415 0.4790511542045128 0.1552183175607643 0.6060365104349346 86 63 41 0.85
3416 0.4512795251756549 0.1641363298543092 0.6419122157595125 56 42 28 0.41
3417 0.4241367311311053 0.1568863313055639 0.6837311322664045 83 56 31 0.27
3418 0.3847512739275366 0.1642278764445348 0.7360244145309778 125 90 53 0.42
3419 0.2700096622607082 0.1575493387800901 0.8884205965956035 181 113 61 0.46
3420 0.1856124460124896 0.1608368172415342 0.990765683030066 52 33 25 0.53
3421 0.1978207577315015 0.1648071575787497 1.008502057517026 83 59 46 0.59
3422 0.1985979989670649 0.1751938043550594 1.005796801972764 123 86 46 0.52
3423 0.5367828393056593 0.171370999046651 0.5242965092388094 129 88 42 0.53
3424 0.5270549592110901 0.1705904629811014 0.5387916830411801 62 44 32 0.46
3425 0.5199674330503459 0.1653367545901192 0.5509703662726737 106 71 41 0.28
3426 0.4771316424334032 0.1728354274787143 0.6008786425666647 122 90 45 0.36
3427 0.422189518571067 0.1691340138035093 0.6765415675127391 177 150 120 0.29
3428 0.4175890098279456 0.1671455448763391 0.6831112946254632 130 90 36 0.31
3429 0.3835627690680617 0.1684967399182446 0.7347257558723262 79 60 34 0.23
3430 0.3235146620671892 0.1776898948517603 0.824877826902873 66 47 22 0.24
3431 0.4864988434549637 0.2110504828591476 0.836006336781663 97 74 55 1.08
3432 0.1840624795336393 0.1875674309561594 1.004622872421776 66 48 35 0.4
3433 0.1580364157425775 0.1783812852255969 1.057612186957619 59 36 26 0.18
3434 0.09564284818412544 0.2009588393646911 1.144013925386885 48 27 19 0.45
3435 0.5189178002058633 0.1751769036842024 0.5029753372567616 118 78 45 1.12
3436 0.5275081981525283 0.1763039039887952 0.509309520520704 91 56 33 0.34
3437 0.5261505601498684 0.177065144955891 0.507549208009405 106 69 44 0.54
3438 0.5152353703681423 0.1790400334715544 0.5519940677264269 97 63 33 0.24
3439 0.4929968998350797 0.1826744845544001 0.5751087931157792 95 68 37 0.31
3440 0.4322922977631879 0.1793918205135562 0.66145081334301 142 94 36 0.3
3441 0.4076540049073013 0.1836532113061159 0.6938021608317879 135 108 72 0.47
3442 0.3626685472290828 0.1930106745529951 0.7659105142493972 97 73 49 0.6
3443 0.2745084691448136 0.2008820853890842 0.8823389499042609 114 78 45 1.04
3444 0.1538505563070147 0.219994139774814 1.048908572774243 70 43 30 0.34
3445 0.4984821351352094 0.1745814313755266 0.4748437309886385 24 20 21 0.59
3446 0.5050811931198643 0.1808866139925198 0.480330458511295 73 47 28 1.11
3447 0.5326831873273634 0.1875619004879407 0.5324272912039208 27 13 9 0.41
3448 0.517831813363259 0.1959232736763895 0.5455236974231746 83 46 28 1.04
3449 0.5121777212632727 0.1966168335839216 0.5576804237334246 80 53 31 0.81
3450 0.4928929067338202 0.1879766931389118 0.5731202806499461 108 76 42 0.12
3451 0.5025535019694409 0.1952769191834686 0.5697551150875759 83 56 34 0.71
3452 0.4871766324993619 0.1901441089815108 0.582261976517896 110 63 23 0.12
3453 0.45078426217736 0.1970179065533331 0.628079703683836 130 100 49 0.19
3454 0.4275839969826216 0.2048752246148484 0.6581217636546783 96 74 44 0.52
3455 0.4196146434310053 0.2029819655014934 0.6710562280378768 101 82 46 0.38
3456 0.3999612229201647 0.204060165643756 0.6968793416724456 115 77 32 0.44
3457 0.3640970613512059 0.2117671450561169 0.7536839698292203 60 46 31 0.46
3458 0.3347050594612657 0.2048659960498057 0.7983666257031303 24 18 13 0.44
3459 0.304251932732066 0.2061059644794986 0.8396569883125371 47 37 24 0.48
3460 0.2451450811440521 0.2250420523087272 0.903988477488564 87 48 30 0.34
3461 0.08376566594205487 0.2271802857191398 1.122034214012827 72 50 33 0.3
3462 0.0947513545424612 0.2442241426421102 1.1331236320927 32 22 17 0.4
3463 0.08237921003085102 0.2430316864030404 1.152707514805446 31 20 12 0.45
3464 0.3198185786029312 0.2645459579006388 1.100739396597181 153 103 64 0.63
3465 0.4290261905622888 0.2198770745657307 0.6645594007004347 62 46 27 0.99
3466 0.4127044682849875 0.2080055572489606 0.6784656050870517 140 110 58 0.26
3467 0.3913019457832068 0.217691688922941 0.7148940874069702 88 66 42 0.49
3468 0.328000585039701 0.2226630716156722 0.7935476022281722 60 43 31 0.25
3469 0.186520463223153 0.2469116410611668 0.9926570693715518 87 58 37 0.43
3470 0.107801268252162 0.2597851952258556 1.114933881924922 84 64 53 0.47
3471 0.5209865018318731 0.214161985001079 0.5408606391862746 126 91 47 0.6
3472 0.4593153099931811 0.2283672044372918 0.6241089788811403 87 67 42 0.33
3473 0.412362424443362 0.2223251412814587 0.6828729536650899 59 48 31 0.32
3474 0.1759066652205873 0.2579357610951401 1.002575100114806 74 45 31 0.39
3475 0.5487296783321166 0.21849965353892 0.4975978157438796 67 52 43 0.65
3476 0.5181516282116068 0.2263802404586274 0.5552916916978563 89 54 25 0.36
3477 0.4735339410365744 0.2313579831317022 0.6191769328197363 137 100 62 0.32
3478 0.4400306148500232 0.2377555221140182 0.6610245350313044 104 81 52 0.58
3479 0.2503170955619071 0.3051298757372095 1.03248170134617 66 53 39 0.6
3480 0.2625647091785105 0.3060347650840257 1.041474319553271 65 46 36 0.56
3481 0.4270031438291637 0.2530010899560239 0.6724847589957177 155 108 71 0.12
3482 0.2914398647394038 0.2615041887554284 0.8477782949371875 129 104 81 0.24
3483 0.09146384404567037 -0.217459477589615 1.093322072612059 133 106 64 0.56
3484 0.1095002909886985 -0.195353944129427 1.111347276953235 74 52 38 0.46
3485 0.06231321119072453 -0.2248468587641282 1.067222354593301 154 124 84 0.55
3486 0.09716533806758004 -0.177808769193699 1.124697512177256 88 69 57 1.36
3487 0.1072609033477158 -0.1720363639074963 1.116536188046277 59 41 29 0.76
3488 0.04733715243326675 -0.1765089772232165 1.034277666796025 108 65 39 0.31
3489 0.07136553779647142 -0.1672365920844147 1.032627695572945 109 66 43 0.85
3490 0.08951118507633282 -0.1789459017075432 1.067121176122557 195 142 96 0.59
3491 0.1251514439222823 -0.1338210932763357 1.095256419658757 102 64 44 0.31
3492 0.09796935225448389 -0.1449804043947898 1.056275323241286 91 55 30 0.67
3493 0.08911062947843135 -0.1068846256711001 1.021117624314798 112 65 24 0.06
3494 0.1100037791110657 -0.08617398833792334 1.119792404660093 67 46 37 0.71
3495 0.1041465119079463 -0.08489633248851897 1.127906294721166 74 50 38 0.5
3496 0.08224186173860576 -0.09601015014038117 1.157418580561684 96 68 55 0.95
3497 0.1176595829326132 -0.06865657168725264 1.028109254004246 129 77 36 0.23
3498 0.08372875365007154 -0.07971679239702079 1.156012710438183 77 55 45 0.83
3499 0.133671404165136 -0.0107906481535214 1.013326593493244 193 134 83 0.71
3500 0.1571670074500987 -0.001579832070779025 1.034377839554321 165 129 91 0.69
3501 0.141283666134969 -0.009226842086108605 1.084098732186495 105 74 63 0.92
3502 0.1209500993221992 -0.01315233738177485 1.116615406361573 38 25 22 0.56
3503 0.1333122592931336 0.008598802008477929 1.123795413836914 118 86 56 0.42
3504 0.1671209011156558 0.02028466628892889 1.059431979425619 88 58 40 0.58
3505 0.1175028623935132 0.05107284522822078 1.137167361489312 85 55 40 0.51
3506 0.1144157502021934 0.05412826435653301 1.142729390505262 120 94 74 0.5
3507 0.544850956140818 0.110176775454842 0.5329655387530868 170 119 68 0.71
3508 0.5442255123449835 0.112897036982117 0.5320167406169659 161 119 80 0.22
3509 0.1652386083093706 0.07527278753263739 1.05896206549832 81 53 36 0.52
3510 0.549570016371294 0.1268554632055868 0.5385563984719488 106 97 85 0.1
3511 0.06765847135565028 0.02490170466859201 0.8037061796262482 150 111 59 0.49
3512 0.2748227515366939 0.1130884595338034 0.9056580757979987 155 109 68 0.14
3513 0.1825595675094865 0.09309880831081176 1.009194202556449 153 108 75 0.48
3514 0.1955305912374402 0.1096001848141115 1.026244453172431 81 43 29 0.49
3515 0.5197140886827863 0.1159067622520518 0.4438777888706555 88 68 46 0.72
3516 0.5115994329212072 0.1148021781312296 0.4479854270097054 85 62 38 0.97
3517 0.5336562861090129 0.1271263121285117 0.5178699226407297 69 39 23 0.63
3518 0.5366697792007509 0.1397622132936961 0.5220896061814357 37 24 16 1.13
3519 0.5207224331218223 0.1384281217697509 0.5647900215471895 53 36 25 0.51
3520 0.5153875226033768 0.1388242447117541 0.5700866990261999 49 28 18 0.35
3521 0.1189490879371031 0.07499851677971728 0.8462465810531279 160 99 52 0.46
3522 0.1697114046176796 0.1087247141116763 1.007650361945417 106 65 38 0.44
3523 0.4995299241573555 0.142235885799587 0.5820067340029336 103 77 47 0.34
3524 0.194292148119676 0.1019779217303253 0.9025712281512523 136 81 41 0.51
3525 0.2054644736145179 0.1209771860130684 0.9083769142947329 128 82 48 0.49
3526 0.2736847533703646 0.1482146730636293 0.9061964853074302 69 46 31 0.49
3527 0.1784172650772268 0.1282922748802287 0.997027928395794 148 110 68 0.32
3528 0.3198416211946852 0.2066461625289178 1.13306753547119 209 223 226 0.41
3529 0.531452341636261 0.1497877991526341 0.5164250424596841 104 74 49 0.52
3530 0.541496826600678 0.1534549978293592 0.524698280131595 56 39 25 0.16
3531 0.539986716727182 0.156205111792738 0.5327839895541521 95 59 32 0.7
3532 0.5251179015893095 0.1628136644196246 0.5408984496248244 66 41 21 0.26
3533 0.5165997313315194 0.1590390696773877 0.5579017108717284 83 63 48 0.14
3534 0.5127233433306554 0.1565812046859259 0.5668646714409185 70 39 21 0.52
3535 0.4898053415310307 0.1632429039164379 0.586760709571745 153 135 97 0.25
3536 0.4767021504744299 0.1583238241315133 0.60951689054423 84 66 45 0.37
3537 0.4215981917020891 0.1577276308900973 0.6819071596228843 132 104 79 0.21
3538 0.4229005160179293 0.1586224865679089 0.6854341774045024 109 75 47 0.57
3539 0.1261314528584919 0.106718182684026 0.8430866875368264 173 116 62 0.55
3540 0.1389755287577822 0.115008248226974 0.8644669501327178 144 98 61 0.56
3541 0.1763768568334814 0.1635291619179019 1.00347755604279 115 70 42 0.74
3542 0.1953754587543873 0.1659367317507609 1.013526312929582 67 42 29 0.41
3543 0.5185375358067581 0.1740724654118926 0.5508281318624247 83 48 17 0.58
3544 0.5017157178112635 0.1697404627911345 0.574787425484784 60 39 22 0.33
3545 0.3956781267166625 0.1682455911423539 0.7203286516127291 117 76 39 0.4
3546 0.3382449189649062 0.1819974790726019 0.7952909026224184 102 81 57 1.26
3547 0.2495769293516157 0.1704331609850032 0.8983262680899303 185 133 87 0.3
3548 0.2755169996748703 0.1888897386957585 0.8892522218520069 48 30 17 0.58
3549 0.1890165866886052 0.1865907366068102 1.015440799272205 118 76 53 0.31
3550 0.08197232217959405 0.1926061674653691 1.173317683862127 36 25 20 0.84
3551 0.500372185302596 0.1604538405202505 0.4811553475170799 58 57 43 0.21
3552 0.5150641475297002 0.1755177977683937 0.55249930961767 126 78 38 0.31
3553 0.4392934725563904 0.1881367975421599 0.6479637934748398 102 76 39 0.45
3554 0.4375697310262743 0.1891290375752804 0.6507911635430114 138 110 52 0.25
3555 0.2500585685911012 0.2006240121642533 0.9353476056844284 73 59 48 0.8
3556 0.2458747515039194 0.2028612580626503 0.924130787044297 83 57 44 0.39
3557 0.2359134086128473 0.2034227115363577 0.9408953953863948 64 46 32 0.77
3558 0.527132583377356 0.1884493662519657 0.5358880525352863 131 80 40 0.79
3559 0.4916885870698718 0.1897599878196355 0.5743491366279941 50 34 20 0.28
3560 0.5023202657337609 0.1987632656511564 0.5680986376614579 68 50 36 0.92
3561 0.3966794093563017 0.2067665302392958 0.6996542956683145 150 117 66 0.4
3562 0.2873490227554147 0.2089444764687989 0.8620248912849697 65 40 12 0.18
3563 0.1692158900119256 0.2248899579050514 1.0246415655942 79 53 33 0.69
3564 -0.04872771416283184 0.2441967504295589 1.247833755377493 89 62 48 1.19
3565 0.47480840130709 0.2133940313984709 0.5994081471963943 71 49 31 0.55
3566 0.4781723943084416 0.2067454117921226 0.6020944405142505 74 58 39 0.65
3567 0.3475968571054769 0.2170240218817256 0.7767286582824378 82 52 24 0.3
3568 0.3168218655219966 0.2251000927705607 0.8168713421415371 89 60 35 0.85
3569 0.3110171037665745 0.2369513280351738 0.8277888360284016 61 44 34 0.82
3570 0.1762386541287222 0.245824335495121 0.989046529095583 74 51 32 1.11
3571 0.1339173346929078 0.2598043569300046 1.072246604115772 96 72 56 0.64
3572 0.5139933068746376 0.2133427812174427 0.5486133719427143 110 68 33 0.39
3573 0.4555067724646785 0.2229875599653133 0.6287205667644822 153 102 52 0.36
3574 0.4283255871359746 0.2306450969029726 0.6635760511655842 109 78 36 0.64
3575 0.2542257544182645 0.2870035144066718 0.9463859927923843 100 57 41 0.24
3576 0.4890417297564138 0.1434876190686526 0.5952825005804284 78 52 34 0.61
3577 0.05828089743964926 -0.1534080514208773 1.024422706144976 92 58 38 0.77
3578 0.1124332048600677 -0.1167600754540765 1.060395776290352 133 94 56 0.8
3579 0.1235880952284653 -0.1130388976187264 1.069400016346829 119 85 60 0.44
3580 0.1338134701814191 -0.1039651465818592 1.070182882077414 122 80 51 0.36
3581 0.09869660459814733 -0.07322991804430024 1.013799526307122 97 60 36 0.17
3582 0.09006323733071631 -0.05590947350897729 0.9812621781330274 115 73 45 0.47
3583 0.2192601433599781 0.03184570635152834 0.9398996071868202 105 60 23 0.1
3584 0.2764954663454532 0.06679257643728678 0.9103834230582668 142 88 56 0.71
3585 0.1703085035414008 0.05833204857141627 1.023136319637642 88 54 23 0.4
3586 0.4500626806880406 0.2136665178504619 0.636853373136151 150 115 80 0.86
3587 0.5327343641527255 0.1190468781022059 0.5558159617305098 156 120 77 0.64
3588 0.1331534732922163 0.07412797526090004 1.105065601018187 62 46 34 0.26
3589 0.1711244887778355 0.06690074420810432 1.047268373054915 56 37 27 0.69
3590 0.1748209245480524 0.1122866492646271 1.089790592898308 92 67 50 0.6
3591 0.5465810338378317 0.1324624038338115 0.5284443218128956 41 28 20 0.54
3592 0.1443721599739177 0.08146085560285313 0.8641203015625214 78 50 27 0.72
3593 0.1316724474451954 0.1160732567121711 1.12768873110417 119 83 62 1.06
3594 0.5071000341875438 0.1455273482148089 0.5794510001125227 47 28 17 0.23
3595 0.5089081662319437 0.1486502218769392 0.5771504881359002 66 41 25 0.72
3596 0.4459160320914062 0.1497611597931538 0.6626825451554395 132 101 70 0.4
3597 0.1674052131306309 0.1596617330124564 0.9865018713291134 67 46 33 0.39
3598 0.4515957274620062 0.1659842291372102 0.6417644743598154 84 65 42 0.47
3599 0.3241707799620132 0.1785867316719919 0.8179732158667492 107 84 57 0.69
3600 0.05809770347601223 0.2023520823399338 1.185800733312686 41 21 17 0.71
3601 0.4996128389178364 0.1563475155560521 0.440619692461465 59 43 32 0.73
3602 0.5123076615540222 0.1633832911101723 0.4618004416436236 80 63 44 0.86
3603 0.5300102974303695 0.1806386864470835 0.5307165934456355 112 77 49 0.96
3604 0.4984421106146971 0.1825573829169772 0.5724337961329637 53 39 24 0.12
3605 0.433559299944103 0.1827220423987599 0.6588368786038152 128 95 51 0.35
3606 0.3695848315092849 0.1924458569166811 0.7521961030866514 114 84 41 0.37
3607 0.3076335084219662 0.1881090130367757 0.8363786571133776 95 70 47 0.82
3608 0.2705522236630586 0.2002797730846491 0.8880100834939203 66 46 33 0.66
3609 0.5270697570352142 0.1936556380477247 0.5355009451857605 72 40 17 0.42
3610 0.07664749128657045 0.2325333408265824 1.159677123898453 72 57 45 0.38
3611 0.2539108315656755 0.2343134687615991 0.8953448629240675 63 33 19 0.77
3612 0.1946178449183403 0.2413547729553595 0.9630877367476376 46 31 22 1.4
3613 0.1698281394680054 0.2464857136874274 0.9801777133320579 65 46 39 0.58
3614 0.1556986710653774 0.2474091390632228 1.029599476672026 48 27 17 0.36
3615 0.1397234597772397 0.2478894312885926 1.065491360397705 60 39 27 0.4
3616 0.2709496174037552 0.2745346189424616 1.049848390786904 144 116 81 0.13
3617 0.1917477488180011 0.2682048019208296 1.113259693952568 81 77 50 0.95
3618 0.5003749311995395 0.2333059254016666 0.6102241879929782 164 134 83 0.5
3619 0.6420936082863101 0.2239740658201959 0.4534003663006775 119 74 46 1.24
3620 0.2610287826142736 0.2884769111608878 0.9496595543242168 129 90 60 0.3
3621 0.5230729064778978 0.2320437945629654 0.5374069555435352 84 53 26 0.74
3622 0.4719818988827887 0.2428880399754215 0.6130634079888531 85 68 46 0.47
3623 0.1165307054863072 -0.1609323501933852 1.099354123937308 69 38 21 0.47
3624 0.1298376100621145 -0.05648661493570434 1.04121523401464 100 56 26 0.26
3625 0.1093271065483849 -0.01304597378022784 0.9220675722192093 132 84 54 1.03
3626 0.07886022615723859 -0.03022312684690243 0.9569053283500959 107 70 41 1.31
3627 0.2731701256314145 0.06421053998439943 0.9220518934317777 180 135 79 0.63
3628 0.1582703023149636 0.03254992183621508 1.016381197409902 135 88 53 0.71
3629 0.544466035146649 0.1168264812018432 0.5298614450084703 102 67 40 0.99
3630 0.1743124331324185 0.06089975792950428 0.8949128093769207 99 66 41 0.74
3631 0.5351079942198324 0.1235841829151926 0.5119211864704645 178 118 63 0.51
3632 0.1481736092436082 0.1049098761208715 1.093108637513638 79 47 29 0.56
3633 0.06476479033068128 0.03648647587741882 0.800680351253968 135 81 31 0.9
3634 0.2021780340514283 0.1137814159903339 1.011524478122524 114 84 56 0.69
3635 0.08729428115286703 0.1119017075709854 1.173129411780519 116 87 63 0.66
3636 0.5055929955417152 0.1298430711941902 0.4465774231630015 54 31 15 0.64
3637 0.5308547030248881 0.1499928411298979 0.5351811897522832 86 47 20 1.34
3638 0.522703132980052 0.1532413855675835 0.5519422969908969 65 42 27 0.76
3639 0.4817659510715592 0.1478364396161098 0.6087556188609274 108 74 41 1.36
3640 0.1652823095528222 0.1092113651050007 0.870443398358943 133 78 39 0.6
3641 0.4521301454421601 0.1639625258819546 0.6374335850680366 93 66 39 0.85
3642 0.1702089110404056 0.1631305548947101 1.039179091130974 110 79 53 0.79
3643 0.1597663555785322 0.1733020081201272 1.058935639058809 65 43 32 0.65
3644 0.3260628086076271 0.1826425585618277 0.8181905906257441 70 51 34 0.59
3645 0.4816841394308456 0.1720490812972022 0.594069652226285 79 62 46 0.16
3646 0.1126136271213986 0.1886951123947119 1.124508676129277 94 63 48 0.54
3647 0.4122566032719576 0.18120761533153 0.6916540965414268 110 81 49 0.61
3648 0.417207838402152 0.2030580487521813 0.673163025079754 153 106 53 0.73
3649 0.5196384679639111 0.2077356715874564 0.5450952122574769 119 75 44 0.43
3650 0.4801746717787585 0.2044159657536731 0.5964409617998047 60 46 33 0.8
3651 0.3550915837713303 0.2212556574038445 0.7630365392689422 65 45 35 0.22
3652 0.4648377783334304 0.2221398819124779 0.6161987858825639 105 65 46 0.35
3653 0.0998628394629647 -0.1842672431728955 1.082134480845153 92 62 41 1.21
3654 0.1722483399534569 0.01002114194713424 1.040713475234406 168 125 94 0.94
3655 0.1656120526378916 0.03144208887813288 1.030642001830682 182 126 77 0.74
3656 0.1705645627490068 0.04144878710793046 0.8834041141523448 151 100 50 0.74
3657 0.2791713876860176 0.09755046187653522 0.9136382983378848 168 107 59 1.12
3658 0.2686014064259165 0.08413568022534584 0.9291975723922834 146 105 55 0.56
3659 0.1689776612495199 0.07908482551204202 1.045850300172761 83 52 34 1.11
3660 0.1790990651012286 0.07963477614651288 0.9001677173988958 83 45 23 1.07
3661 0.225720818957286 0.09696226667270541 0.968802296052715 84 42 22 0.63
3662 0.2084838947178177 0.10130922158729 1.012716633692305 161 122 86 1.2
3663 0.5314699448853089 0.141323973337069 0.5425510064987775 67 39 22 0.75
3664 0.5027574506130267 0.1353148515991269 0.5891569144117195 168 132 85 0.94
3665 0.2729370477118214 0.1690251077422799 0.8999183322136577 67 41 26 0.77
3666 0.1783549749494246 0.1663336549552576 1.025854620209867 52 32 21 0.69
3667 0.6082457492251022 0.2293107594303808 0.4919708818984454 93 72 48 0.2
3668 0.3474648164711114 0.2137161431838975 0.77434089452355 124 95 60 0.76
3669 0.1987338570956801 0.2186564448771277 0.9915046313494782 25 19 16 0.68
3670 0.2390116211363606 0.2329474742151612 0.9143373942156684 119 77 44 0.83
3671 0.5495713865485395 0.2203710750640222 0.511979877074666 107 64 35 0.37
3672 0.122997081550753 -0.02691473583581935 0.9883673841060809 177 122 69 0.67
3673 0.1222396666288763 6.802026545052464e-05 1.12226785790316 124 89 70 0.84
3674 0.1760001121428727 0.045025672266232 0.9045075431354535 103 59 36 0.68
3675 0.5294698954583751 0.1389561677268623 0.5466978187945523 73 48 31 0.35
3676 0.5142816617688452 0.1416990868000929 0.5063436903805438 105 69 38 0.71
3677 0.5335950902822851 0.1453226812769826 0.5386481558053883 95 69 48 0.85
3678 0.5100970494597031 0.16097464876751 0.5662776682630758 43 20 10 1.36
3679 0.2661878856702501 0.1872285362551991 0.9122235460674541 123 98 66 0.88
3680 0.5201115569323771 0.1797480148522662 0.5461460362632031 60 35 20 0.32
3681 0.4466562818731192 0.1988936832719663 0.6327640721353023 52 38 26 0.65
3682 0.06839031015208641 0.2363325268938957 1.170437648471544 52 40 28 0.48
3683 0.5216986680432046 0.1498140708033203 0.5579771101048938 53 29 14 0.27
3684 0.1508668116185011 0.08779627848553115 1.014942719787889 69 45 31 0.93
3685 0.1987731432907199 0.1115401917727549 0.915349678522532 165 94 42 0.74
3686 0.4751523789545155 0.1596040299099129 0.6036587921231028 123 104 84 1.09
3687 0.208952960360824 0.1660552841043925 0.9900742977932533 37 22 16 0.74
3688 0.3955767685669517 0.1722940595607395 0.7184496813840126 103 76 46 0.64
3689 0.5026507825938229 0.1624579322972243 0.4394390347932464 65 46 28 1.03
3690 0.284544509806065 0.2000750739245087 0.8700392965221023 122 83 48 0.95
3691 0.4944772439203589 0.1898950589248386 0.5740076817406132 49 38 24 1.21
3692 0.1367167077891757 0.102199380121127 1.115197022877958 165 119 76 0.95
3693 0.1816089102862345 0.1520583806443067 1.041050993570552 27 19 13 0.73
3694 0.4731985216282909 0.1549845320206777 0.6120675270062103 73 53 29 0.29
3695 0.1246667581422704 0.1043955497417805 0.8411784206723147 121 64 34 0.93
3696 0.1341325272355121 -0.03219336981113363 1.024658107477531 222 186 134 0.35
3697 0.5659007722920907 0.135084759663045 0.5151812567234283 53 26 9 0.33
3698 0.5496362767298647 0.1320238424603303 0.5382726525214201 50 44 36 0.67
3699 0.5205258183456627 0.1216092619860233 0.5020135192729785 42 29 18 0.92
3700 0.4241989165728454 0.1849410465671378 0.6677635653062552 48 31 18 0.89
3701 0.1868129774019533 0.09191111174418783 1.019935629743096 206 156 102 1.31
3702 0.5422408379108058 0.1865734835910273 0.5161062596989996 117 74 48 0.59
3703 0.4488309414314329 0.152361436222524 0.6458329721407643 118 84 56 0.72
3704 0.1149640921890193 -0.2018520671048626 1.099182977058092 140 116 95 0.63
3705 0.1216759544289618 -0.144120415374581 1.077436723705661 91 69 56 0.77
3706 0.1236993728584903 -0.1293698449688542 1.097133028591781 128 92 67 0.73
3707 0.1170505065181586 -0.1172958132979949 1.108674049356594 110 86 64 0.63
3708 0.2444745064723051 -0.05667091105109828 0.9636991804054218 79 42 29 1.12
3709 0.1408437566014172 -0.09753154095309075 1.079343590540807 133 105 71 0.55
3710 0.1423539438394257 -0.07751032546698811 1.080520145119434 72 54 44 0.63
3711 0.09562224455941543 -0.08689952241132165 1.140257423018714 115 86 67 0.93
3712 0.09608655849926362 -0.07007279905498792 1.006244376877706 50 36 35 0.97
3713 0.1595235850452745 -0.03509519808550077 1.059413364349775 142 106 74 0.66
3714 0.04794791495915779 -0.07522644294953656 0.981848836315926 134 109 64 0.46
3715 0.12237518822559 -0.01085977007366293 1.112235397121142 103 86 62 0.28
3716 0.1415485798674515 0.003101253104629276 1.093415097706271 72 47 34 0.62
3717 0.05445686271791345 -0.04162566747837243 0.954490393232527 168 117 73 0.84
3718 0.1219211332109741 -0.01158310935500265 0.9577895825939331 154 96 34 0.27
3719 0.1591236713374287 0.03553086044381623 1.023924604636196 171 130 94 0.49
3720 0.1490330472289234 0.03060006303534271 1.030752910641437 103 72 52 0.92
3721 0.5300494679796398 0.101794709885211 0.5220186579103673 158 131 70 0.43
3722 0.5329397628815075 0.1120316726905785 0.5522218881575937 63 38 20 0.27
3723 0.2104037749212544 0.06375388863274775 0.9247100824263526 121 75 37 0.44
3724 0.2204502142868321 0.07255496577797188 0.9259056839953157 182 114 59 0.35
3725 0.2759124002962449 0.09037696311036225 0.9058004489614357 164 105 72 0.86
3726 0.1641684655269755 0.05800972600410317 1.024756554258523 131 94 70 0.59
3727 0.1727786433586936 0.07391328933194219 1.042647002000688 103 74 57 0.63
3728 0.1425728942474661 0.07211148346923046 1.092023531724766 99 73 54 0.72
3729 0.4981449986481554 0.09408921294689025 0.4955253534751664 192 141 77 0.87
3730 0.4972687979698232 0.09673085926198204 0.4994275058941084 100 65 41 0.64
3731 0.5267791021033442 0.1121569376342354 0.5167173075134134 176 133 94 0.77
3732 0.5393480955226336 0.1279828447314562 0.5212279673095297 82 59 42 0.45
3733 0.5459896981090261 0.1196397383752178 0.5304124018140579 135 91 61 0.45
3734 0.5467463674388107 0.129847016910216 0.5300413098359222 59 53 42 0.24
3735 0.5478806231396736 0.1317141264126996 0.5318846941788838 56 56 43 0.39
3736 0.5327540736713829 0.1321560315809874 0.5600087386614899 50 34 26 0.5
3737 0.1112475795156222 0.03694322294358632 0.8489152391855244 144 91 55 0.09
3738 0.1992710350989883 0.09767463780945973 0.9102673547280697 130 71 26 0.62
3739 0.2774139277431329 0.1002944548356605 0.9021916361738628 171 116 77 0.42
3740 0.2812168225016133 0.117266813405859 0.9065666867382927 141 102 64 0.46
3741 0.1729184008919493 0.09803037694813191 1.010014943974663 98 62 35 0.76
3742 0.1264328445458885 0.1200375928771232 1.134058600333504 71 42 29 0.56
3743 0.516478679584644 0.1171042577304962 0.4505623177827159 150 113 60 0.99
3744 0.5163486459357751 0.1259454945959927 0.4863297252309948 143 107 73 0.58
3745 0.5157183847437613 0.1221867982192727 0.4976915300796559 80 64 50 0.64
3746 0.5213506332299556 0.13640557043241 0.5098909037462989 68 42 28 0.42
3747 0.5361730845017909 0.1428959789750821 0.5171964318370237 134 96 63 1.0
3748 0.5417828605516883 0.1470177823116215 0.5271114601916649 116 83 43 0.55
3749 0.5196460814875755 0.1469748723502904 0.5625155532548285 88 49 29 0.27
3750 0.512808501165163 0.1376141933569988 0.5847239653239353 73 49 26 0.4
3751 0.06850442894841308 0.05025783275385315 0.8124056334243634 122 79 39 0.3
3752 0.1402831033766642 0.08426870131224168 0.8559949567123408 179 114 63 0.85
3753 0.1440405548753469 0.08943822837887705 0.8578165536795995 190 122 68 0.34
3754 0.1638610043170025 0.08778880028102801 0.8760406995524654 93 54 29 0.59
3755 0.1775425176446193 0.09424284778253726 0.8909384036060701 167 112 70 0.49
3756 0.282072278295908 0.1282743123972992 0.9041274234892753 90 60 45 0.38
3757 0.2678950777954643 0.1483232302135984 0.9126137722674899 108 76 64 0.17
3758 0.1637968535945918 0.1227639322895211 1.062490021496717 114 80 56 1.02
3759 0.526071545367964 0.1555767514366879 0.5133096348723618 79 53 36 0.22
3760 0.5381524959521048 0.1615478400023444 0.5181111470665706 136 77 41 0.91
3761 0.5354559669150606 0.1580933371008049 0.5344908961833028 65 38 26 0.68
3762 0.5298975178566039 0.1501938538474713 0.542231839266523 119 84 56 0.59
3763 0.523887239479272 0.1569268152978082 0.5488998797555265 103 72 45 0.36
3764 0.5106692624911133 0.1568378538415981 0.5691016285986044 100 60 32 0.59
3765 0.4499779354873782 0.1507401070460724 0.6563933571182291 139 103 63 1.01
3766 0.4009375406903508 0.1677882607903225 0.7124323651440333 125 108 74 0.61
3767 0.2119333181512285 0.152766241078641 0.9013330007664392 138 88 50 0.51
3768 0.2667061898272793 0.167815581128497 0.906800879561086 93 67 51 0.34
3769 0.2615775611130287 0.170120218872935 0.9147703554111759 68 33 19 0.2
3770 0.1760143807020107 0.1633565115691594 0.9883230876274047 85 58 47 0.59
3771 0.1819981073079109 0.1708000993342546 0.9958398553567689 80 52 36 0.58
3772 0.05048619064111248 0.1777609662691989 1.204346038117681 80 56 50 0.49
3773 0.5299801382636713 0.1634738622004392 0.5135695152853055 68 43 27 0.24
3774 0.5274279786107794 0.1775949895807238 0.5363327799562475 132 98 58 0.62
3775 0.5150645756794515 0.1685356428666531 0.5571304830607906 98 62 32 0.66
3776 0.5082440822826553 0.1666590264330341 0.5644204450565687 51 29 20 0.28
3777 0.4968259602607262 0.1714825751613396 0.5750281281739974 110 68 30 0.27
3778 0.4962814001734485 0.1753305851541235 0.5749180114160046 98 72 52 0.21
3779 0.3481119966710441 0.1790685352103205 0.7893474803127486 143 108 73 0.5
3780 0.3017847337811671 0.1888427090967136 0.8502681351200072 92 64 41 0.5
3781 0.2723276270650797 0.1781795312525024 0.8956326612581884 65 44 36 0.33
3782 0.2763084543713042 0.1863435796927862 0.8988128154192128 68 50 44 0.52
3783 0.1833486701251144 0.1834614413956303 1.021419976311967 128 80 47 0.29
3784 0.1502724488922436 0.2134034368463599 1.085956260663697 98 70 43 0.67
3785 0.5009407113129074 0.1603218083030954 0.4414318909855625 53 41 32 1.22
3786 0.5113424448133 0.1738146954456206 0.4443688005451772 44 31 24 0.62
3787 0.5136119271942036 0.1709440908914888 0.4618068655404432 51 45 36 0.48
3788 0.5230372752512383 0.1772726741574848 0.4633044288991886 63 46 34 0.64
3789 0.4999621858769094 0.1754155437211789 0.4768853392160992 30 22 21 0.43
3790 0.5019810096669395 0.1752423246603557 0.4901730043797026 32 15 11 0.26
3791 0.5303492880284032 0.1783449474374976 0.5123035291701787 95 62 38 0.52
3792 0.5315555865443266 0.1909472265859168 0.5327869903054622 91 56 35 0.19
3793 0.4913697234503983 0.190966967832437 0.5732680131064243 100 76 42 0.33
3794 0.4255222671439243 0.2028988643038115 0.6612654179183223 113 77 38 0.43
3795 0.270064640009995 0.207177068219486 0.8881337610686879 94 61 42 0.46
3796 0.2563071612058545 0.2047059899846285 0.912273881180398 47 32 24 0.5
3797 0.2339863249473635 0.209749772496065 0.9364798397919103 90 60 42 0.18
3798 0.184911763348076 0.2226580167488284 0.9861698881555513 49 33 29 0.11
3799 0.1270779296509517 0.2292320634783384 1.097924330455149 38 24 17 0.53
3800 0.5374462011346038 0.1839890952990347 0.4039270189074724 82 68 50 1.39
3801 0.5096275609912527 0.1868190523101421 0.4835935030422719 53 33 28 0.62
3802 0.543127171695294 0.130084088081821 0.523725756508663 66 50 36 0.11
3803 0.5189333267349643 0.2025071674062777 0.5473562750204248 102 70 46 0.52
3804 0.5144000063721854 0.2098488454042904 0.5509757169569173 128 94 53 0.52
3805 0.4947959370125392 0.2010123772342403 0.5804484292625045 86 61 28 0.42
3806 0.4443536927096264 0.2089871932840711 0.6449917380285646 54 34 20 0.4
3807 0.4220330926925543 0.2053510611796638 0.6664389048925916 105 83 39 0.43
3808 0.4144007602582102 0.2086005989443743 0.6757206417222129 65 50 30 0.42
3809 0.3538364929764944 0.2253898446437664 0.7689940113923808 94 73 52 0.42
3810 0.2462933675934569 0.238904426944678 0.9060734417924079 93 52 36 0.34
3811 0.4459572537654499 0.2264220200036632 0.6401165308596592 91 67 42 0.64
3812 0.4255787254180605 0.2350549230459598 0.6718593611821837 78 48 25 0.7
3813 0.3630824091028774 0.247236160635696 0.754792256225125 145 114 82 0.92
3814 0.5280003133892889 0.2307711390915489 0.5377985739719923 106 67 43 0.25
3815 0.495938338219695 0.2389387298094288 0.5814210745889121 127 87 45 0.28
3816 0.2882938964434569 0.2807211272319045 0.8575817280219376 79 58 44 0.45
3817 0.5463410650257551 0.2225219913441852 0.5140883137480643 160 113 67 0.73
3818 0.1044677456858891 -0.0873219525185448 1.13195224082634 134 97 60 0.45
3819 0.07964576008095503 -0.08352851777895287 1.00451678377426 148 103 72 0.58
3820 0.125587005794871 -0.05883981850332221 1.106372622231606 89 65 46 0.62
3821 0.1320945635880236 -0.05128524345014457 1.096662032259835 100 78 71 0.64
3822 0.05471007210267192 -0.08030764722535433 0.9799068004580148 127 106 82 0.69
3823 0.1371896257926063 0.006399823861253512 1.100289704599078 106 78 40 0.39
3824 0.172578179638726 0.04831174057394405 1.046115896954606 121 94 71 0.58
3825 0.128434138797259 0.0240817956344159 1.121480344280696 133 99 70 0.72
3826 0.5291404207973074 0.1067854585138785 0.5233253550295789 169 109 52 0.48
3827 0.1807438979040377 0.06317187920675679 1.031676339276595 105 76 50 0.75
3828 0.1381801122999148 0.05684600513431512 1.098307939052959 107 83 52 0.34
3829 0.4885610778775358 0.09619173511917088 0.4927677030755275 196 133 70 0.61
3830 0.4947012047793182 0.0969790048389048 0.4971641354981544 161 115 65 0.71
3831 0.5307018709243478 0.1140543684725618 0.5145171341502797 142 91 54 1.03
3832 0.5443992700188739 0.1249313768312673 0.5201302002783726 42 24 14 0.45
3833 0.5385543750327524 0.1260852452218925 0.5197576908076902 33 23 19 0.55
3834 0.5486319982874094 0.1296712408763002 0.5313884125875205 32 28 24 0.8
3835 0.2073525884574894 0.08722073734951891 0.9126869219112712 103 53 28 0.68
3836 0.2686846894208119 0.1033922617281007 0.904746018011117 141 76 42 0.86
3837 0.1767578194486579 0.1005612532346373 1.050467684326176 69 53 42 0.48
3838 0.5352917437065312 0.1139545039572376 0.418093942023138 125 106 78 0.82
3839 0.5096429569018287 0.1073436341582865 0.4473945773518616 62 39 26 0.94
3840 0.5203452246385923 0.1179530287253533 0.4413683018016357 93 72 53 0.53
3841 0.5067303577956138 0.1165874851490388 0.4950613563270029 72 53 44 0.73
3842 0.5237232608904644 0.1247505674789971 0.5081259633533739 77 42 18 0.93
3843 0.08629549930986408 0.05547929795209663 0.8279589342003187 120 65 24 0.46
3844 0.160029943945135 0.09973632410955545 0.8639680835825614 152 108 79 0.43
3845 0.07823629294672257 0.151850499299599 1.183892561566969 77 51 40 0.28
3846 0.5147537056639967 0.1355455744458682 0.4695918739899904 48 26 19 0.49
3847 0.5262479900557766 0.15396439423536 0.5107206502693088 80 49 37 1.24
3848 0.5407043509676861 0.155188789202457 0.5253763341621409 129 86 40 0.17
3849 0.5330045045774273 0.1517096410475399 0.539138481781708 58 36 21 0.49
3850 0.463903894209014 0.1496692942412094 0.6293835564675778 137 105 65 0.34
3851 0.4425919603914643 0.1544662234740708 0.6590052585378298 130 93 55 0.35
3852 0.1578157565309993 0.1121373522985535 0.8632956831487255 72 44 29 0.79
3853 0.2108640635320295 0.148473337694312 0.9034223457651142 85 48 24 0.37
3854 0.2538137856348818 0.1516125306811161 0.9304966345021159 86 60 43 0.39
3855 0.1098042989022193 0.1829526698785007 1.13595678638591 85 63 45 0.72
3856 0.5319420971890066 0.1355110759444285 0.5453627955054127 127 91 57 0.4
3857 0.5295349036093762 0.1732430511802567 0.5117821478924075 132 92 60 0.49
3858 0.5250759066208408 0.1674860762449871 0.5425571100321206 110 80 61 0.21
3859 0.5031507087622612 0.1718514128804952 0.5721283021814864 139 81 32 0.53
3860 0.5091686728723613 0.1734891966438772 0.5633466947378728 52 29 17 0.33
3861 0.2677320954210834 0.1945109351046935 0.9006021240908467 66 47 35 0.18
3862 0.1966224498181963 0.2014242380707028 0.9855731354487145 72 55 44 0.53
3863 0.02835511992906348 -0.1445786056839622 1.002387420827851 114 84 86 0.17
3864 0.5158540072304314 0.1622363910162967 0.4126050100346038 70 49 34 0.73
3865 0.5235640625706119 0.1841050994328629 0.5017851963079577 78 40 21 0.5
3866 0.5238788766330845 0.1934718397142921 0.5394576433815876 95 60 38 0.51
3867 0.4873615223891768 0.1875853309737667 0.5805608251183298 133 100 56 0.6
3868 0.4918697117030884 0.1930569637622979 0.5738456822407608 63 40 19 0.84
3869 0.4820340992540418 0.192605500279061 0.587155022696869 161 117 77 0.15
3870 0.3628598142472569 0.1762210581470537 0.7655716133227559 103 78 53 0.45
3871 0.4159198107353774 0.193925096711046 0.6797341868519382 122 85 38 0.91
3872 0.1515112845335382 0.2165579004838208 0.9871323098730047 41 30 26 0.95
3873 0.1505110778824244 0.2364298839603622 1.050758112137193 89 59 31 0.42
3874 0.02597638051854378 -0.06372297740712457 0.9449960188720232 106 86 79 0.94
3875 0.1961073970124086 0.1002479316128091 0.9024145574999576 133 71 33 0.88
3876 0.4763899752428987 0.2017282514546072 0.604758082067187 81 63 30 0.71
3877 0.4710106059867245 0.2142225932938375 0.6060674271138232 59 38 20 0.48
3878 0.3653033906138716 0.2217681201682569 0.751047927307791 116 85 51 0.44
3879 0.34452962877926 0.2216788169565903 0.7760967735770301 112 83 46 0.62
3880 0.5279009916472277 0.2289727596438572 0.5396748341930815 138 100 52 0.56
3881 0.4841339932696144 0.2218879924333207 0.5908831098168031 124 104 82 0.64
3882 0.4878178449210301 0.2217819587086755 0.5901678473651959 94 66 38 1.08
3883 0.1099853964410175 -0.1793487527043707 1.088998609247393 114 77 58 0.84
3884 0.06697409108033175 -0.1592650237135342 1.044888623307174 137 96 44 0.45
3885 0.1487483986339434 -0.04781156400262088 1.073195707611719 78 52 34 0.95
3886 0.1084478889772902 -0.07049670143800291 1.132419979954582 120 92 60 1.08
3887 0.1114814538877557 -0.06398174016261227 1.136083395221237 117 86 48 0.77
3888 0.1461095065647328 0.002031790942750911 1.086728470427488 145 105 78 0.48
3889 0.148040350584027 0.03855523015171261 1.056018097490371 129 103 84 0.45
3890 0.1677052409255063 0.07969118506562475 1.048501500419283 56 30 16 0.57
3891 0.524125938421375 0.114624791011284 0.5046214146912193 85 59 39 0.72
3892 0.5085045974008088 0.1180595064609757 0.5819523942738613 155 106 59 0.94
3893 0.2073866781025455 0.1028923284963729 0.9202249350041514 200 130 71 0.58
3894 0.5070643937166492 0.1152769131743021 0.4920013704719212 58 41 32 0.68
3895 0.5112458316340757 0.1235341391454903 0.5036427685537646 63 39 26 0.31
3896 0.5296944407822388 0.1304154686783368 0.5180519429237861 76 47 27 0.47
3897 0.53427712221315 0.1361999337664506 0.5421147558591689 122 90 62 0.42
3898 0.5087660390656493 0.1404888090594719 0.5795772289149453 35 18 12 0.35
3899 0.1358141723585231 0.09264258589751451 0.8549775713749492 212 143 61 0.28
3900 0.07056342019321782 0.1436944904387213 1.185134174936271 114 79 48 0.77
3901 0.5383721604509809 0.1550504967574198 0.5285867633824906 101 60 29 1.04
3902 0.5081479242827114 0.1596971536278301 0.5638660758369515 108 69 39 0.76
3903 0.5085243397793591 0.1597454293353103 0.5703395834299705 116 79 41 1.65
3904 0.5060046374008544 0.1580308817943183 0.5713828465549234 119 74 39 0.36
3905 0.1608918782774769 0.1760676529012175 1.042676873964435 131 91 61 1.25
3906 0.5145797052185129 0.1626844433271086 0.4577992553139045 92 72 39 0.79
3907 0.5293117484014934 0.1681680129549353 0.5372279700931041 91 58 31 0.41
3908 0.368521268791407 0.18574020154319 0.7549607500901874 102 76 35 0.62
3909 0.3176987706416271 0.1738992273058805 0.8309884531516527 133 99 61 0.94
3910 0.2774273629307593 0.1836285575638223 0.9004228617313337 130 98 77 0.84
3911 0.1314304735087669 0.1946952768341526 1.105129585946002 47 32 24 1.18
3912 0.5438111973311148 0.1639276936644525 0.4103274194142182 31 23 20 1.46
3913 0.525013611407955 0.1675256885731958 0.4120387398991921 21 11 10 0.82
3914 0.5048881409050057 0.1796021692673772 0.4839339440612377 66 48 25 0.59
3915 0.5047176480445834 0.1813789543156916 0.482787642616324 30 18 11 0.86
3916 0.5271437628730492 0.1795356470821709 0.5083088077465804 123 87 53 0.65
3917 0.5323365364478128 0.188007236185953 0.5291544865968305 100 67 41 0.93
3918 0.5009043313891529 0.1837662870670876 0.5700472511573161 93 61 37 0.83
3919 0.5095762608322176 0.1944088144804363 0.5604021685221385 73 45 30 0.84
3920 0.2485280709556111 0.2236020867340749 0.9123794928534064 106 66 40 0.34
3921 0.5203435291820527 0.2124118936478686 0.5417781791505429 103 59 28 0.49
3922 0.4694901533412495 0.2027040906849776 0.6113236907706059 133 99 62 0.25
3923 0.1676030331104524 0.008842633138307937 1.047938616435091 135 100 79 0.76
3924 0.1910186569478155 0.02399010959599621 0.9639317556256751 112 81 56 1.68
3925 0.2761747919387806 0.07673276255044664 0.9254021174366578 55 36 25 0.67
3926 0.1732072552399013 0.05663878141994277 1.039204410287363 125 103 82 1.26
3927 0.5375816423730285 0.1323687658775604 0.5509126745293476 60 42 32 0.98
3928 0.5435630767233752 0.1409808298680798 0.5265490472596218 82 62 44 0.59
3929 0.5016308084732058 0.1374570716697144 0.5873508975421432 97 73 51 1.13
3930 0.142243579408995 0.12551045530927 1.084984715171009 98 69 45 0.74
3931 0.0916965320963376 0.1379871956195168 1.165700370237573 114 69 46 0.68
3932 0.5343433921664232 0.1431508423133847 0.5389922033151809 78 59 48 0.3
3933 0.5412888952735376 0.1513353621840605 0.5263128809397114 134 99 58 0.46
3934 0.5272454833071081 0.1555212281188433 0.5417700004445748 49 29 18 0.58
3935 0.5206826497371542 0.1580994949667518 0.5530253097501687 120 75 38 0.45
3936 0.5221789595936376 0.1609902838934217 0.5475852322157124 167 112 57 0.77
3937 0.5169301383618915 0.1563180485254428 0.5057357259609249 121 82 39 1.08
3938 0.1854507900374772 0.1760179350022645 0.9911711596023279 75 53 40 0.52
3939 0.5179213903571613 0.1683467464894733 0.4196137348464511 18 5 8 0.82
3940 0.4973617463820418 0.1659499898760444 0.4377413779074676 40 28 22 1.14
3941 0.4450829871471124 0.1995462295167839 0.6369572429354812 107 82 58 0.76
3942 0.2788310123920439 0.2045968374623173 0.8779340004427039 109 76 54 0.73
3943 0.2595909782006075 0.207814787306042 0.9017475112684283 78 50 30 0.8
3944 0.2448956362055019 0.1575261537144064 0.8884276545179193 86 40 19 0.72
3945 0.539197345841479 0.1247544659111209 0.5460401543652309 133 100 63 1.55
3946 0.1333948099638921 -0.05600778839007164 1.043541734146304 70 49 38 1.07
3947 0.1634229661078888 0.0468473823085741 1.024050476362915 79 51 36 0.87
3948 0.510262856021532 0.117392215932533 0.5849369558975094 94 66 35 0.97
3949 0.171594354222969 0.1190535397602072 1.056335641461795 64 42 24 0.65
3950 0.5392542166382456 0.1486404130393185 0.5263903585775312 81 60 40 0.74
3951 0.2875958458835205 0.1998078783584595 0.8664782051036066 113 86 51 0.43
3952 0.5300344023692664 0.1852609505357411 0.5288169821688528 73 49 31 0.37
3953 0.5401420203707133 0.1938908849286141 0.5208231421879785 104 78 42 0.82
3954 0.3040039510853468 0.2187223990783695 0.8321409685813801 58 32 19 1.13
3955 0.1974329276276721 0.2110985937521845 0.9994717896875307 41 30 20 1.06
3956 0.5061930035808929 0.2038230726022486 0.5648025171282403 104 70 43 0.73
3957 0.1220568911680874 0.2584276237866577 1.090063802158289 26 9 9 0.36
3958 0.1263558770315162 -0.03245591674395429 1.017469814661256 138 103 77 0.49
3959 0.5248913319697156 0.1216208626538366 0.5071141661888898 71 46 29 0.73
3960 0.1011314997182548 0.03410417685555239 0.8436561151861599 175 125 69 0.85
3961 0.09484113897122559 0.05069128009078358 0.8325951797013014 183 121 74 1.18
3962 0.5276335864727167 0.142584238554028 0.5155109622464625 97 63 37 0.29
3963 0.1369753941957552 0.09140363765825485 0.8576427540082063 229 165 92 0.21
3964 0.1748435961951803 0.1501798895679258 0.9887990897692119 52 43 42 0.57
3965 0.516806509079344 0.168028241204527 0.5527746847394061 184 128 74 0.69
3966 0.5221859890310886 0.1546544201017517 0.3918522624192988 31 22 16 0.68
3967 0.5348261693474887 0.1830626778503517 0.5231786984762785 141 98 59 0.49
3968 0.5332042139429882 0.1825861220073469 0.5233205990622578 89 54 29 0.77
3969 0.4768404562726828 0.2051586741715571 0.5997393290868421 50 30 15 1.65
3970 0.4309382273753408 0.2135739989721082 0.6611029998871035 48 32 19 0.79
3971 0.3061657654283543 0.2336917088478999 0.8342377802590637 102 77 57 0.8
3972 0.168759744031855 0.03534041798375051 0.9225446212357475 185 116 68 0.65
3973 0.2428979668581723 0.1069459681135163 0.9506739197237173 164 107 56 0.92
3974 0.1493995719345895 0.1311719632495032 1.087469504504271 55 35 25 0.93
3975 0.45789378936647 0.1555861275132319 0.6338925862931458 114 92 63 0.87
3976 0.532718117863478 0.164956844277714 0.3732854150272006 34 17 12 0.39
3977 0.4321442445192815 0.1852576251720464 0.658222809738385 100 74 50 0.98
3978 0.1746979713128695 0.1367352104433495 1.05130323260146 123 90 60 1.21
3979 0.08898209073828195 -0.1930754632756609 1.068882714386511 73 46 32 0.86
3980 0.1110739205219202 -0.1846468061424928 1.10627504313468 108 74 50 0.86
3981 0.06569998469869653 -0.1311950816992001 1.023250542640664 120 74 44 0.3
3982 0.08877535306594003 -0.1119707616234869 1.02418104564204 117 73 41 0.14
3983 0.1106766343283578 -0.08866180689446518 1.118525557487826 113 82 56 0.61
3984 -0.04871829302043695 -0.1399587755638686 1.243019626685973 68 54 52 0.4
3985 0.08415482670192476 -0.1004547041345522 1.014986668450583 128 87 52 0.16
3986 0.09938362056890665 -0.0948355763462112 1.008570196396435 110 81 59 0.31
3987 0.08712601814844961 -0.1029026645413005 1.019327888173483 119 80 51 0.45
3988 0.09190137842289925 -0.09629536534891686 1.015818000320598 161 120 77 0.24
3989 0.1703161241396685 0.02357282901460511 1.039278718671367 149 104 65 0.15
3990 0.2608965515117373 0.05831588876193616 0.9432831474081398 157 114 79 0.16
3991 0.1616548533011636 0.04451741631916764 1.021125247917159 102 65 38 0.3
3992 0.2576372720955259 0.07692047060505469 0.9494796625420829 153 119 84 0.69
3993 0.1355745007815963 0.0550481570309361 1.110273324246854 135 97 74 0.14
3994 0.1992244219705703 0.05088140982435949 0.9219407792497565 110 64 36 0.69
3995 0.1694387051599723 0.06485401484269393 0.8871765763139179 54 34 23 0.56
3996 0.2774227917038864 0.1297182734533265 0.9020544826283549 102 66 45 0.29
3997 0.1709144130465121 0.1221175143267188 0.8763820301314251 150 90 50 0.46
3998 0.2523632797998929 0.1538906326750989 0.9300204267421988 75 46 32 0.39
3999 0.2636876766467812 0.1898271910614178 0.917860782347325 81 67 52 0.38
4000 0.08421848424205891 0.2309269236248075 1.159833774709532 70 58 44 0.84
4001 0.3145434432468723 0.2028723042965924 0.8308690990200098 64 45 33 0.36
4002 0.525086918307165 0.1508729255739001 0.5105014807462841 62 29 16 1.24
4003 0.01397330758914717 -0.2462779648655926 1.185509873039634 157 169 185 1.07
4004 0.1137030868249466 -0.119061402878491 1.056425076096563 93 57 26 0.1
4005 0.1282973211697366 -0.09458464685522283 1.100295423405335 117 94 74 0.74
4006 0.1481343574760925 -0.08064489752766019 1.072419826051 104 77 57 0.37
4007 0.1494025809118525 -0.08063443964511235 1.075300988344567 108 78 57 0.6
4008 0.1347107683071235 -0.05350497006103688 1.096812515701686 92 52 36 0.36
4009 0.1243160684857669 -0.06519712978083553 1.108798431434407 74 47 35 0.73
4010 0.1103154674742613 -0.06361444091973706 1.130536148779068 92 67 51 0.48
4011 0.08212163688296015 -0.06545904721867601 1.161994134681225 74 54 43 0.45
4012 0.195666873448928 0.02455649481951971 0.9601678354893155 139 99 65 0.39
4013 0.276182123422834 0.07141575033137806 0.9244443026633051 95 66 40 0.88
4014 0.165702177738055 0.0600972708179302 1.061648333466691 103 78 59 0.55
4015 0.1421688877044494 0.06184256637797278 1.096089568825032 72 44 30 0.3
4016 0.0462925755010235 0.04505242891044731 1.204164168712014 123 98 90 0.51
4017 0.1638748001364458 0.07832475173050929 1.009164014028922 109 81 56 0.58
4018 0.1556788438670385 0.07472415354144127 1.074331497686568 124 92 59 0.55
4019 0.1761795184701452 0.09077619488549374 1.042658201172867 129 85 48 0.18
4020 0.1443466823134273 0.1025813109145174 1.11322285659892 168 118 78 0.32
4021 0.02558724138025836 -0.07582619956850017 0.952538347516608 148 164 177 0.48
4022 0.1859137318477435 0.1315162167033741 1.004518455700532 138 86 41 0.26
4023 0.1656578463126336 0.1259969408582926 1.062676182081467 73 46 30 0.6
4024 0.1676823581850656 0.1712913595277463 1.048824770912689 123 90 62 0.57
4025 0.2724853789896492 0.1816186926901113 0.8960717631396253 65 40 26 0.27
4026 0.2756308560322198 0.1876185183976559 0.9021228619923275 94 71 54 0.28
4027 0.2636899983543384 0.1957221670577204 0.8947797578671478 92 60 40 0.38
4028 0.1785926315190857 0.2341431955352671 1.012245252140017 63 39 27 0.56
4029 0.119964593192747 0.2454558816469484 1.081914722572487 101 78 39 0.46
4030 0.09218338388276154 -0.05497331550082479 1.123853326727012 95 71 57 0.06
4031 0.1908137507064048 0.09412893013266233 0.9025502419101894 102 49 22 0.48
4032 0.1695827388494314 0.1593066127188956 1.044285090733148 38 24 18 0.35
4033 0.3269476996713669 0.1967049755815057 0.8114032921738246 74 54 40 0.47
4034 0.3092240557173633 0.2005723983029358 0.8352702574074827 59 39 23 0.61
4035 0.1932348959774026 0.2140006882436597 0.9916847203770923 41 34 28 0.85
4036 0.04118930650686958 0.2432822688991566 1.201848897036965 51 41 27 0.53
4037 0.2021370672752492 0.2636570878521713 0.967337936957976 62 46 33 0.42
4038 0.1987038729815424 0.2814753796745823 1.043589568021938 38 22 15 0.86
4039 0.04761056524220408 -0.1490859575213192 1.184945435781687 118 105 97 1.18
4040 0.1257993586502669 0.02933496668281821 1.125200000216171 74 46 34 0.75
4041 0.07875495178732156 0.02044745933161676 1.157090232487559 99 63 40 1.09
4042 0.07692159531110393 0.1804474611415921 1.172930514717803 49 32 27 0.63
4043 0.2866290200244945 0.06649382630793077 0.919039387893093 148 107 60 0.65
4044 0.2956560970386896 0.1898408570592641 0.8600300402347134 66 47 31 0.7
4045 0.08182770508816883 -0.005069666176079762 1.171055355571589 68 40 29 0.63
4046 0.08940449617953655 0.1865737341456493 1.180836973995587 68 54 45 0.69
4047 0.1619968859777138 0.1208047891642439 1.067106447356469 66 40 25 0.84
4048 0.1580988264766086 0.06534103894034665 1.012539227694249 93 47 21 0.25
4049 0.1812302213235962 0.0661724110175404 0.9039134171325873 102 66 40 1.74
4050 0.1868605853589931 0.08957907275634477 1.030025242194892 184 143 99 1.05
4051 0.249503645371808 0.1945807831424173 0.9221064642200989 47 32 24 0.68
4052 0.2803169535131849 0.1926578651809511 0.9175434596494672 86 56 35 0.91
4053 0.08648116280235563 -0.2403504317626473 1.094127614440328 99 71 50 0.85
4054 0.09382418329815423 -0.256974258560091 1.139881543460225 137 112 85 0.85
4055 0.06168668975966135 -0.2175993518999324 1.068059281970424 114 94 68 0.36
4056 0.07938331971708035 -0.206327884785508 1.067132984610502 174 130 94 0.18
4057 0.09939184050446637 -0.2170590149032973 1.09973657894204 175 145 97 0.45
4058 0.1094266806627721 -0.2107899823262363 1.103758294565022 152 118 78 0.6
4059 0.0472682427735639 -0.1925443193376162 1.03529524271744 155 120 75 0.13
4060 0.1150744199585521 -0.1787054897831651 1.09147247331743 176 145 103 0.31
4061 0.1185262837007146 -0.1763701369675801 1.094765349511521 163 119 72 0.36
4062 0.1059380316108279 -0.162413017763747 1.073491927865996 176 118 67 0.37
4063 0.04242838801759197 -0.1750356449027792 1.024695252502656 181 125 67 0.09
4064 0.05591810592489049 -0.1746166514644727 1.036391594190579 126 85 50 0.45
4065 0.08860956995034269 -0.1410629379839503 1.038476981265501 161 107 64 0.06
4066 0.08912236095640191 -0.1305095895338608 1.038599545892621 158 100 55 0.26
4067 0.1249088562057583 -0.1103414092451215 1.065400169560946 173 134 94 0.31
4068 0.1310270076497043 -0.1299012706310874 1.086778148677903 139 95 66 0.17
4069 0.03416339094684884 -0.1271691945283843 0.9920693715519857 149 104 74 0.29
4070 0.09277008059875774 -0.1075419790800555 1.03673767556479 90 64 44 0.79
4071 0.1463263970586208 -0.08206783052052641 1.073508049813578 82 46 31 0.32
4072 0.1449874787805575 -0.07686984634479876 1.078801359195487 87 61 43 0.34
4073 0.1438915523900966 -0.07398742220719778 1.065659211255518 138 95 56 0.29
4074 0.1104923007584035 -0.08012976296353497 1.033606976591584 177 139 83 0.36
4075 0.1224293282202116 -0.056924046391921 1.037177738170191 125 84 50 0.64
4076 0.1458049783741714 -0.06551752830043561 1.054202778505182 131 94 62 1.08
4077 0.06671887613218069 -0.05589001029685198 0.9741113950734721 168 124 76 0.55
4078 0.0833797543559599 -0.05651124416479586 0.983067791324744 107 74 51 0.57
4079 0.1063768015718572 -0.0578717549606701 0.9979793441110727 174 122 79 0.62
4080 0.1379682715218217 -0.02247902164123866 1.02345191949337 180 132 90 0.38
4081 0.1622033000269531 -0.004348943644335884 1.044554086655178 129 90 63 0.27
4082 0.1638888930769994 -0.009044327732144697 1.054470506805808 120 90 66 0.7
4083 0.5394309471589908 0.09284549330273892 0.5320994955952315 141 100 64 0.68
4084 0.1545068547798142 0.009230290124564416 1.021969998403156 183 129 73 0.29
4085 0.1521986311782111 0.008727073516364842 1.020466358275676 159 107 65 0.35
4086 0.1458300909340007 0.01352563000244328 1.016836411857026 143 95 57 0.6
4087 0.5151375809170345 0.1017190546354596 0.5064281034849984 158 116 77 0.3
4088 0.5148481610670388 0.1011883433163997 0.5118810477835165 104 64 35 0.48
4089 0.1393742111663634 0.007372785013043615 0.8735945448014614 168 115 74 0.34
4090 0.1645873604718671 0.01887757271712076 0.8858252663455932 85 52 34 0.42
4091 0.2052034229517088 0.04693486313725481 0.9220177427918292 209 148 88 0.35
4092 0.4982068815280946 0.09041857533711353 0.3970787524669497 153 123 106 0.99
4093 0.4176632196403782 0.06941123258472529 0.4399826975835167 94 54 26 0.56
4094 0.5087349310472747 0.10003798315592 0.5032662850199913 126 86 50 0.46
4095 0.5087101488212638 0.1028297355302317 0.5064560876532436 149 106 71 0.19
4096 0.5278546241435479 0.1171616064726679 0.506859695215949 107 83 63 0.45
4097 0.5324481866512917 0.1122916997947745 0.5201830936396656 213 148 76 0.4
4098 0.5331124819593288 0.1142113887033985 0.5192949954402215 186 126 69 0.44
4099 0.5558270335809141 0.126205728694705 0.5293732976733183 172 133 90 1.07
4100 0.5211382302372594 0.1149545090504047 0.5683521009162525 94 56 32 0.44
4101 0.03413888308074164 0.009720089321316655 0.8024346340910212 166 167 166 1.07
4102 0.09528210306402546 0.01795814098646914 0.8432167046779289 176 116 68 1.02
4103 0.1174774751426085 0.02951389210587813 0.8514828421548315 204 135 83 0.55
4104 0.1780348216762614 0.0680603787703605 1.026982630893905 114 85 58 0.64
4105 0.5172335700156888 0.1187114272875924 0.4485263783062852 153 113 81 0.41
4106 0.5384690998231749 0.1272929964148046 0.4580389497175623 95 79 64 0.37
4107 0.5406562753800507 0.1312143901279872 0.5416728083120754 56 39 27 0.44
4108 0.5410529366943834 0.1363048155829765 0.5371505478160232 89 59 30 0.26
4109 0.1087740595861422 0.06402156340888118 0.8385030623078636 164 120 80 0.48
4110 0.5134568277093259 0.1350975394242993 0.5024015316223616 85 57 38 0.62
4111 0.08952088098463767 0.06733886289987145 0.8231665159765064 124 65 29 0.54
4112 0.4462564093219509 0.1474754373672442 0.6624844754085114 162 125 89 0.35
4113 0.5054319123390589 0.1483495773272519 0.4956262551156485 51 39 29 0.97
4114 0.1606782428157957 0.07559541323827168 1.012464163491422 116 79 56 0.3
4115 0.5430632833742324 0.1520004685559683 0.5207724161314307 88 62 48 0.53
4116 0.5267140053661177 0.1569743350876811 0.543150861303653 74 48 29 0.19
4117 0.0894378241839654 0.1097214308178395 1.175447354609179 77 54 41 0.23
4118 0.4288557339156359 0.1611241595710543 0.6730227414082838 85 59 35 0.82
4119 0.4039004008961109 0.164165767596734 0.7086606269283741 95 60 35 0.51
4120 0.3462874976187509 0.1682248617531434 0.793431117870941 110 81 53 0.33
4121 0.1933590315140473 0.1603873252767807 0.9963570869254839 53 37 30 0.56
4122 0.1962379451717833 0.156546876447214 1.006899601619696 87 56 38 0.59
4123 0.1675677680403616 0.1624296988263579 1.045542997385752 51 28 17 0.48
4124 0.1513745901250038 0.1579646394161451 1.100541512424861 89 65 47 0.68
4125 0.530818130967679 0.1670653270547558 0.5152713609938232 129 75 43 0.13
4126 0.5340101189924688 0.1641719900532393 0.5178638149060923 108 67 49 0.16
4127 0.4853972752559102 0.1760420613923037 0.5879119747280251 74 56 32 0.52
4128 0.3647314898378565 0.1958320395866946 0.7553210156036706 76 52 25 0.56
4129 0.3207677325628953 0.1795220198655282 0.8293812491613213 78 56 37 0.96
4130 0.3134894321687094 0.1859768683783661 0.8350517892813666 76 57 39 0.29
4131 0.5176716212488967 0.1462633700870337 0.3511289276251087 165 147 130 1.48
4132 0.1770322300831256 0.0693535393114284 0.8943705810366542 100 68 46 0.14
4133 0.5362435502540783 0.1783374551559569 0.515779320980002 101 72 54 0.59
4134 0.2415283360655794 0.2142429814730068 0.9222810597445208 98 65 37 0.6
4135 0.1472074882393559 0.2139602965228165 1.091472554288289 54 40 32 0.67
4136 0.04641139475626188 0.224886987603544 1.208747241066439 172 181 192 0.62
4137 0.4999131371767199 0.184055074352697 0.4879762896776962 46 32 25 0.84
4138 0.2502322490047315 0.2352703024215243 0.9048822963335363 65 36 21 0.76
4139 0.2640238565792049 0.2716176368745973 1.053305656723234 142 113 76 1.19
4140 0.4990699384904841 0.228100115230165 0.5860519730124134 139 86 57 0.13
4141 0.4288623124941826 0.232419350214785 0.6630827917046089 66 30 11 0.68
4142 0.3918722498223729 0.2469467412949747 0.7280494853599138 69 51 34 0.93
4143 0.3043364421831004 0.3173707913273681 1.063926142922966 165 102 58 1.04
4144 0.1874048066813578 0.2097326772078552 0.9936189007410519 31 19 16 0.73
4145 0.1701116795579883 0.05295561196477341 0.8775936712507504 128 90 57 0.25
4146 0.07795455102468574 -0.2486062685507719 1.074606296556129 159 126 92 0.53
4147 0.08990200833701134 -0.2542469130062889 1.107240301156922 90 65 41 0.8
4148 0.05082584011730384 -0.2346245412958175 1.06824807372626 188 160 143 0.37
4149 0.1168186799162259 -0.1627560463136943 1.085655208453637 106 66 40 0.4
4150 0.07957818282270573 -0.140639054413168 1.03393600557565 173 135 82 0.16
4151 0.1102254576951424 -0.126758803403013 1.069425183692203 106 65 36 0.93
4152 0.1229204441678149 -0.1191561219718162 1.06867423599293 121 77 42 0.53
4153 0.1292211317569471 -0.1346667419090116 1.083797239730766 177 128 82 0.29
4154 0.05322542517097817 -0.1377080476207289 1.014227016880306 162 91 36 0.41
4155 0.0690694674407632 -0.1327307513531477 1.024244666158133 131 82 44 0.42
4156 0.03473403175738699 -0.09073101768516911 0.9730017844910717 104 69 46 0.71
4157 0.15296004495822 -0.05924913528383247 1.068085692276683 83 53 39 0.72
4158 0.0399103111617628 -0.08081386963108411 0.967113286704623 140 88 49 0.22
4159 0.03986435387468257 -0.07682045899101403 0.9663091663472732 163 111 51 1.35
4160 0.1476747440129209 -0.02670190577033921 1.038004913950003 191 122 70 0.38
4161 0.1462171304532296 -0.01246715081000879 1.029309635076549 159 118 82 0.49
4162 0.1539440460799795 -0.006100052496771813 1.034111096292444 183 135 98 0.35
4163 0.1525947170832327 -0.009870921895452411 1.048906612003611 123 74 34 0.63
4164 0.08914624583260805 -0.02072414090232932 0.9511012043436533 203 142 91 0.3
4165 0.1229224348083227 -0.01697497687171556 0.9899457961824354 168 122 76 0.64
4166 0.2096563641255786 0.02770162524320879 0.9380915096226441 160 109 61 0.92
4167 0.1215116678393832 -0.01970477689413208 1.008779704537648 193 122 64 0.4
4168 0.5333772594957457 0.1059632812373992 0.5248199528782895 117 77 46 0.49
4169 0.5415517463322987 0.1072562325767197 0.5280043699815387 151 103 65 0.66
4170 0.5406615138860864 0.1119346610915182 0.5285117020129667 211 143 74 0.57
4171 0.5439604125427964 0.1085703425085052 0.5345918262970739 181 113 49 0.51
4172 0.5204045649256563 0.1090453982580291 0.4646354965921632 116 99 91 0.45
4173 0.4775272737380406 0.09195674570835946 0.4841272593013019 109 79 59 0.68
4174 0.5030010801928771 0.09913151471507729 0.493080078942108 146 106 69 1.05
4175 0.5249651645293449 0.1118418530147673 0.5108457662115098 232 161 80 0.27
4176 0.5269523326823922 0.117320142234198 0.5057148031885215 120 85 58 0.53
4177 0.5265559021554976 0.1114649318467675 0.5155970377186309 189 121 58 0.51
4178 0.5344619723794963 0.1140979347384422 0.5164389627121471 173 124 56 0.53
4179 0.1054918773604039 0.02912085039265574 0.8396777566186638 198 140 80 0.54
4180 0.1423693692313193 0.03201726817091022 0.8671408499667125 165 114 72 0.45
4181 0.1707945323036059 0.06916866372374514 1.022859062126551 149 108 74 0.76
4182 0.5206889399517692 0.1116173970777487 0.4454450861416229 61 44 33 1.24
4183 0.07265737507770165 0.05937560174507367 0.8244586229216292 121 66 35 0.73
4184 0.1999974568209492 0.08996707671001811 0.9103686017777399 111 65 34 0.41
4185 0.2724710456617429 0.1209491072518267 0.8970825982250481 171 100 44 0.6
4186 0.5213291979063288 0.1230868087731861 0.4489981324768203 88 72 59 0.47
4187 0.5411660283090852 0.1444886166498174 0.5226872236331617 60 37 24 0.67
4188 0.1830507968634443 0.1020546334871363 0.8959991049177634 173 125 83 0.47
4189 0.5185676687077533 0.1470915896019206 0.5068906357010822 103 64 43 0.46
4190 0.5330446077971374 0.1519417564106557 0.5147180077548579 92 62 45 0.28
4191 0.5270731680768498 0.1611688047907969 0.5433178111054383 78 41 21 0.43
4192 0.4232254710498272 0.1606896118696754 0.6834080888107587 102 70 40 0.59
4193 0.2747886466100992 0.148957366254412 0.8937366343946851 159 111 62 0.81
4194 0.5249564705903006 0.1627525749202916 0.5094889902677138 165 110 64 0.28
4195 0.383594075075455 0.1735583812438364 0.7312712794265542 159 119 78 0.47
4196 0.3476741361972442 0.1864962146570613 0.7887175607532378 67 44 26 0.17
4197 0.2737894694405154 0.1867030590320027 0.8873724205415585 111 77 46 0.5
4198 0.520224172869779 0.1465566724728159 0.3564738532122594 151 118 94 1.44
4199 0.5189639778498518 0.1509444711233628 0.3725739270633003 74 60 40 0.69
4200 0.5188795857873376 0.1739397994927644 0.5061485054304501 162 97 53 0.19
4201 0.3404668213730246 0.1931580076165693 0.7914345031054084 119 91 60 0.27
4202 0.5162055282868253 0.172621853182385 0.4516795796698762 100 75 47 0.92
4203 0.5192391801504562 0.1827966569456848 0.4525071815486686 122 81 52 1.04
4204 0.5374737171355268 0.1881660686301049 0.5065341487947808 120 66 40 0.28
4205 0.5358849106793052 0.1877157860843981 0.5136086230082673 78 39 17 0.23
4206 0.5420374942774233 0.1878543706542611 0.5161525780310712 79 48 31 0.4
4207 0.3825284647438976 0.2107124297598896 0.7179811371232903 96 73 31 0.51
4208 0.3287389035518888 0.221210421185091 0.803829766990851 107 77 46 0.67
4209 0.2534503636997062 0.2369886330778894 0.8997650456601334 72 39 19 0.66
4210 0.5455496707867257 0.1853917777394221 0.3943949185903803 160 116 66 0.66
4211 0.5268896412768616 0.1910965485464658 0.4596542590568375 130 78 48 0.66
4212 0.5282044076580834 0.1941005407880522 0.4567278136220034 93 53 28 0.76
4213 0.1812984832335675 0.2576153013381283 0.9997600039310233 45 29 19 0.62
4214 0.4769707062677857 0.2284377298197788 0.6092253327374655 81 66 50 1.01
4215 0.2711404290757143 0.3112826343512606 1.054985002644792 116 93 74 0.54
4216 0.09224699480945359 -0.2635068707546029 1.094782463388255 167 138 99 0.6
4217 0.108000609092658 -0.2034229967128178 1.098296941708941 89 66 49 0.67
4218 0.1247556635022615 -0.1623827859154583 1.090893581176523 164 118 77 0.33
4219 0.09237287973402708 -0.1482152067565021 1.050912052253504 182 128 73 0.73
4220 0.1056420567608859 -0.1272876116707369 1.052064109024465 184 112 60 0.5
4221 0.1156636971945882 -0.1291933644165 1.068034453402289 115 67 39 0.55
4222 0.04356918695055967 -0.1464865163182386 1.005859167148033 163 113 68 0.66
4223 0.05050991824217888 -0.1406400618735462 1.009269347105733 142 89 42 0.29
4224 0.1466462827384164 -0.06505247087165095 1.059451205470017 164 117 76 0.32
4225 0.1533014927844893 -0.05574847757842127 1.072046597149032 86 62 45 0.71
4226 0.1218063275419812 -0.02016499320317802 0.9987598851825503 186 131 89 0.21
4227 0.1621946030012421 0.004485110152950528 0.9681070870780961 131 85 51 0.58
4228 0.5217322441078985 0.09652120578589625 0.5174750210265664 227 153 74 0.54
4229 0.5410570713172363 0.1046749361232152 0.526521408629529 188 128 61 0.98
4230 0.5402513955743633 0.1064449527704043 0.5292157313111666 130 76 35 0.66
4231 0.1290333636623798 0.0199451401451938 0.8692800050739217 206 133 69 0.74
4232 0.5379240284457631 0.1168998333004117 0.5191272082337486 192 137 78 0.66
4233 0.5405585875729551 0.1177822696331918 0.520739988672858 134 86 45 0.32
4234 0.5521920868779003 0.1271968894360309 0.5315329296511082 74 61 51 0.68
4235 0.5216974099074987 0.1031716811011984 0.3977198697534824 192 147 98 1.22
4236 0.5273111454229984 0.1188972371869036 0.4609388675842355 203 144 88 0.82
4237 0.5360942457868448 0.125968626664991 0.4536573530537693 146 106 77 0.98
4238 0.1461709385717846 0.1062111258844249 1.116737733302409 126 90 71 0.48
4239 0.5096664232142786 0.1197864163751932 0.3887917302509457 70 39 17 1.55
4240 0.5419797923590082 0.1432641342509066 0.5233667234496597 65 44 30 0.63
4241 0.5379892429025489 0.14522899495991 0.5220168216238792 109 69 48 0.44
4242 0.1353807086419369 0.09773881210133044 0.8480227757459313 182 115 60 0.75
4243 0.5086710568240275 0.1525098914141124 0.4996909638499476 98 78 63 0.34
4244 0.5271134108826536 0.1464366252375341 0.5095831577863899 193 133 80 0.14
4245 0.5292739150689583 0.1466254111158202 0.5145956089447944 111 72 48 0.26
4246 0.5329171635428132 0.1536104609551207 0.5155389128808319 64 45 32 0.48
4247 0.1666216227391643 0.1210067239983914 0.8741697680920776 108 59 31 0.55
4248 0.5030156575109166 0.153038018487698 0.4939922861342092 73 53 41 0.57
4249 0.3251805982022118 0.1883029016393674 0.8240082457079134 118 87 62 0.47
4250 0.168970713165431 0.1771287098193548 1.043023983025771 73 48 34 0.57
4251 0.5007879727335083 0.1615574986733097 0.4335343724397345 39 36 34 1.21
4252 0.3466760574225564 0.2640524270044387 1.102029880157192 207 143 84 0.78
4253 0.4695179231212304 0.1576925841331846 0.3652337776082599 63 42 10 1.19
4254 0.4154999595882916 0.2145913101994215 0.6856358038722208 68 46 26 0.29
4255 0.5138357886095453 0.1934336228267717 0.4884774280831942 123 87 70 0.59
4256 0.474200600688391 0.2098861110743931 0.6004875478956442 40 26 18 0.8
4257 0.09045061628662743 -0.2290308099678501 1.101921757322593 85 50 25 0.45
4258 0.1156154939560302 -0.1973490545013583 1.102787865693769 84 53 30 0.87
4259 0.101945871816606 -0.1709159668409886 1.07514662106531 97 68 48 0.52
4260 0.1245576373881931 -0.1561938674406699 1.094778480480291 68 52 44 0.55
4261 0.1303944619289569 -0.1413305404193653 1.084946368562132 164 125 87 0.38
4262 0.1407596895015805 -0.07636016280870994 1.062543285075941 199 142 89 0.7
4263 0.08101772592580064 -0.07579992788649331 0.9961706440436101 164 123 77 0.48
4264 0.1299524393469804 -0.05684298542119987 1.041849750218048 114 70 39 0.42
4265 0.1599983675832399 -0.01699814571673317 1.067358655698962 172 132 91 1.07
4266 0.1645428127459279 0.004832253549508558 1.035304048689019 163 118 78 0.56
4267 0.1250714618874915 0.01081689632080479 0.8585665536060535 201 130 62 1.05
4268 0.09632085468780566 0.02373066403225857 0.8389955454477148 173 117 68 0.87
4269 0.1679715709170059 0.09112557891570344 1.076753582062401 113 84 60 0.48
4270 0.526452765535666 0.1118775836919548 0.4348765205392123 132 105 75 0.31
4271 0.5402953169018546 0.1220873113437217 0.4651371579053623 136 106 82 0.8
4272 0.1007450028592202 0.06480140086024361 0.8351958130081678 167 103 46 0.71
4273 0.1187370629129336 0.06468423433402101 0.8458104032483638 196 112 49 1.22
4274 0.493536816841612 0.1472101525884122 0.5886876414751552 120 97 66 0.67
4275 0.1657658100068701 0.1170796984580254 0.8748667988276007 162 94 42 0.54
4276 0.5136552906356008 0.1695280207734862 0.5622542279792131 75 50 34 0.46
4277 0.5259934769711618 0.1583901814413664 0.541763395399541 47 24 12 0.28
4278 0.4714046476568914 0.1558656978369835 0.6203322267830069 125 97 70 0.56
4279 0.4116381527913818 0.164910266199014 0.6961111946965606 124 88 56 0.9
4280 0.2739223836101524 0.165274861738777 0.8957976938965997 198 137 81 0.25
4281 0.1541909691595639 0.1585898930251897 1.088144918386573 85 70 59 0.99
4282 0.1489956308511723 0.1594822077356287 1.096321956183462 74 56 35 0.18
4283 0.4069842534141475 0.1763539044341498 0.6996650547067607 119 92 62 0.42
4284 0.2754600505773209 0.1829009587254628 0.898184917127864 121 90 68 0.73
4285 0.5282675332617977 0.1624022416335529 0.408984219667144 35 30 24 1.31
4286 0.5395433474358872 0.185637593347497 0.5192919982378857 140 88 56 0.68
4287 0.526609840443949 0.1804834121542358 0.5316672939125032 64 41 22 0.98
4288 0.512866153829251 0.1779790662798979 0.5553755158987906 103 57 19 0.12
4289 0.3672359617681353 0.2177279123322686 0.7438937109393546 37 24 15 0.59
4290 0.09101496462868142 -0.2490764746197723 1.130156605383536 82 59 39 0.48
4291 0.06028468592228187 -0.1856166065704175 1.042225850514807 178 135 89 0.33
4292 0.1104310701939958 -0.0767624052500559 1.03226090744781 129 89 56 0.61
4293 0.1521215335411718 -0.04567776646387262 1.061157574754255 172 128 88 0.51
4294 0.1228375395276687 -0.01789528540899404 0.961256451070984 171 102 57 0.55
4295 0.1308722803700085 0.0262146643235838 0.864785265975871 159 106 62 0.6
4296 0.1500695737345987 0.06844984318060648 1.045541249608244 202 140 85 0.57
4297 0.5267560339697467 0.1220585146643466 0.4416340822318127 110 71 42 0.71
4298 0.5504821111998146 0.1287343176635318 0.5260487988892283 26 17 14 0.88
4299 0.1825891486122949 0.1072462419185508 0.8908324631419184 111 51 16 0.25
4300 0.1990418631243457 0.1208646296247161 0.9961096851227316 154 84 31 1.29
4301 0.5269985763253925 0.1540943550791091 0.5139971616858007 108 75 49 0.61
4302 0.1914570293607555 0.1648700348422347 1.002135103440475 86 51 28 0.84
4303 0.4782414825483635 0.1689455357100068 0.6012158262558802 88 62 42 0.79
4304 0.5303266626936434 0.1595630496322902 0.371044529172992 97 61 29 1.04
4305 0.5108632437028883 0.1712577290849417 0.4406653278395876 76 59 52 0.71
4306 0.5179180289179656 0.1853054716779738 0.4594519687770416 112 73 44 0.64
4307 0.3675862363192965 0.2170538667880973 0.7472987005531279 100 72 40 0.56
4308 0.1042276876346426 0.2801000217059729 1.130554379015693 67 40 26 0.76
4309 0.07434310349456213 -0.06287891470909063 0.9827338765274611 170 107 61 0.37
4310 0.1596125635017014 -0.02153338441770819 1.051893631005338 152 107 70 0.94
4311 0.1737473951813316 0.004984754969375366 0.964210788767941 97 57 27 0.63
4312 0.217297004490777 0.09416216658582909 0.9131970850222894 222 142 63 0.26
4313 0.1878680783992325 0.1197399313410631 0.8791694152131972 216 148 88 0.88
4314 0.517235582802829 0.1512515613690624 0.5061580975313026 162 107 68 0.69
4315 0.4970087249612455 0.1629457259497192 0.5784138805459748 119 96 70 0.98
4316 0.4111540041636958 0.1763295965395396 0.6929908294816287 135 117 95 0.54
4317 0.2725519067616433 0.1884210933326552 0.8987334226550829 122 88 56 1.33
4318 0.5361552650092383 0.1728508089309573 0.3776318260134226 58 38 24 0.87
4319 0.5367615112701842 0.1874863735076923 0.5217231634057126 69 36 10 0.69
4320 0.5158524381921546 0.18855799754665 0.5470347895575112 63 35 19 0.71
4321 0.5655521416327998 0.2074803995186502 0.4620759690108014 96 60 39 0.84
4322 0.5434472543833078 0.2087713644562515 0.5023361200694123 158 105 69 0.7
4323 0.5505268909605282 0.2154905894207189 0.501848039966281 115 68 44 0.94
4324 0.1177404724962248 -0.185369835855824 1.078980502047682 166 106 63 0.17
4325 0.4189533295657909 0.06010563184130785 0.4421264861740825 125 100 84 1.37
4326 0.5529977198436665 0.1153810741303465 0.5272143769602378 183 116 45 0.93
4327 0.2097230716317737 0.04594324139819761 0.9316055038767266 205 136 70 0.73
4328 0.1702839813795733 0.04107779385145732 1.035859395625861 185 116 64 0.46
4329 0.1687352335296062 0.03490678486328641 1.049120850257835 86 52 34 1.27
4330 0.5426375957211254 0.10957859488526 0.410284466573184 133 92 54 1.24
4331 0.1658862893414115 0.1052065427477705 1.075480927394576 96 60 35 1.0
4332 0.5405728400627537 0.1563951108118465 0.5210251592332155 201 141 90 0.76
4333 0.4325507354593668 0.1604388532542205 0.6700821834924922 78 50 25 0.75
4334 0.5360812679555341 0.1777066881968995 0.5133837492072126 94 62 41 0.71
4335 0.5111124215885547 0.1710980912824413 0.4459025971367279 68 56 44 0.92
4336 0.5362264180130296 0.1869033339233945 0.5152291894687679 125 90 64 0.8
4337 0.5169699598434923 0.1775871536662409 0.4082039951682009 66 58 56 0.97
4338 0.5520014229774075 0.2151718650563277 0.4964536007242978 124 93 64 0.93
4339 0.3761360118485095 0.2529560755672032 0.7465601537356872 131 89 54 1.04
4340 0.5171811533983321 0.164135618314692 0.5554109281189653 89 61 40 0.57
4341 0.1744013686263933 0.02754016572732948 0.9044569324978686 192 132 82 1.06
4342 0.5224521476487075 0.09571881314785652 0.4143005378410966 93 89 92 1.44
4343 0.5273633099173133 0.1119531880939121 0.4286621884761085 115 86 40 0.8
4344 0.5128905304809676 0.1846501033036742 0.5504184350058784 90 54 26 0.46
4345 0.1801575937513238 0.2435972729948833 1.003713873677214 70 43 21 1.36
4346 0.4794696847337601 0.1580967537086601 0.6030099132609716 119 103 68 0.37
4347 0.1197836283297505 0.02394374037695532 0.8560859400549747 198 149 82 0.66
4348 0.2531097195486851 0.09135105840032598 0.9187202900845145 218 147 86 1.0
4349 0.2407121249924664 0.1366276098494687 0.9730458764344054 204 135 71 0.97
4350 0.546398485020623 0.09785295689818931 0.5431862460722877 91 62 45 1.21
4351 0.1569539353921353 0.02196154697491565 1.030427329899377 182 129 80 1.34
4352 0.06110153846669164 -0.2487032704278031 1.082956371569186 114 81 59 0.96
4353 0.08584183672153989 -0.2404259562950104 1.090861264928972 90 48 23 0.27
4354 0.5201462494748409 0.1344796744101983 0.5760249610168948 55 45 36 0.25
4355 0.06686368239704743 -0.1894349616510496 1.058727813233028 73 49 40 0.45
4356 0.05251147236881959 -0.1158275932239652 1.000778343474772 121 84 54 0.95
4357 0.02220554497364802 -0.06524642031669814 0.9434768581509385 198 184 177 0.63
4358 0.03896343440310079 -0.0685446214237771 0.9630029988839175 125 81 46 0.22
4359 0.4843215361555731 0.1549064041281495 0.596890039317113 117 94 64 0.14
4360 0.1990313193632193 0.02495370214947368 0.9220838078855383 105 69 45 0.41
4361 0.4890454280715498 0.1442734451912642 0.5969682161301028 113 76 46 0.37
4362 0.4769645814139942 0.1564119790795843 0.6070675666238911 76 54 36 0.06
4363 0.46820835425232 0.156154416791828 0.6190255141736382 82 57 32 0.31
4364 0.1983868059138851 0.04527485073210075 0.919160295116717 184 119 73 0.62
4365 0.06592873557927842 0.1662330928081618 1.205730020682184 155 141 126 1.14
4366 0.5259093442328316 0.1088956145783316 0.5626896460648801 114 64 26 0.33
4367 0.5159262015273692 0.1370013567746793 0.581055627333373 84 69 51 0.2
4368 0.1388311544529129 -0.07847561785610935 1.056155216621416 137 90 50 0.77
4369 0.4905252153481747 0.1550151686372603 0.5881045942227645 130 104 55 0.15
4370 0.2832652498585581 0.07476656191041681 0.9125866282243189 110 78 48 0.47
4371 0.4912501122088316 0.1692189037495355 0.5823860866219699 130 112 86 0.35
4372 0.4831282297086918 0.1673201913910429 0.5954112164452607 108 76 46 0.13
4373 0.4764328931955452 0.1618840839684136 0.6076640505082114 109 89 61 0.32
4374 0.4354324686229768 0.1679489517830133 0.6632183217747979 156 127 98 0.31
4375 0.4874535100707694 0.1819520760335551 0.5835397779039467 87 58 31 0.14
4376 0.4678257921169487 0.1832518814685092 0.6105780249573279 94 75 53 0.08
4377 0.4613033584871076 0.1881687566462384 0.6163953051968002 50 31 17 0.54
4378 0.4460497035038101 0.1937164046132031 0.6380877143348974 140 106 71 0.37
4379 0.4306756880938643 0.1994436228302408 0.6581997019572726 102 75 37 0.34
4380 0.4197485580382124 0.2060314861703463 0.6700944486087348 125 94 58 0.27
4381 0.4180831066614435 0.206852388095135 0.6719449097622812 132 90 50 0.34
4382 0.422185571606568 0.2328344567331021 0.6717853951427739 123 70 24 0.44
4383 0.2961238635806872 0.315421344915926 1.060412728353515 132 95 70 0.83
4384 0.5220161457175456 0.1151162431220845 0.5657901896140499 120 73 42 0.71
4385 0.5182037454043558 0.1150285869098761 0.5719390347943417 50 22 12 0.11
4386 0.533654441879186 0.133152737300295 0.557781015914409 46 32 25 0.21
4387 0.5145800951731054 0.1160553568002491 0.5769623306432743 70 38 21 0.23
4388 0.508523369947854 0.1168444845965582 0.5850233070748319 151 122 102 0.53
4389 0.5131427766374221 0.145223027265911 0.5689732321906715 75 46 29 0.2
4390 0.5110570273959405 0.1420420946363494 0.5730822223668497 120 88 63 0.2
4391 0.5105223151168026 0.1428305807123234 0.5734766817658298 85 52 36 0.29
4392 0.5099288944651837 0.1454744730042759 0.5728338494646605 60 38 22 0.2
4393 0.5082655514057793 0.1407851262117296 0.5779758329482958 69 51 38 0.14
4394 0.5137914144098363 0.1495617360906248 0.5664823960761334 129 87 44 0.41
4395 0.5153935635679964 0.167371307709122 0.5553280122129834 94 57 29 0.1
4396 0.5151203575675083 0.1680410275600304 0.5559438546754184 66 37 22 0.16
4397 0.4804948442915042 0.1495915705141422 0.6057339340033973 46 30 23 0.07
4398 0.4778912994639876 0.1589479942010325 0.6058666500025822 162 142 108 0.27
4399 0.4712640992314994 0.1529597576257143 0.6173108925066946 113 80 48 0.35
4400 0.4673664426627802 0.1496754115890955 0.6248929889625304 140 107 70 0.3
4401 0.4651587677696695 0.1562449192195986 0.6244996819986702 85 56 30 0.19
4402 0.4660723980782689 0.1654015610369369 0.6189061301542849 140 107 67 0.25
4403 0.2246555923490527 0.09549818927937603 0.9204740284615797 119 54 27 0.62
4404 0.5090140900033429 0.1858012412574435 0.5630933366550857 70 36 18 0.53
4405 0.4915413807482097 0.1816638855520591 0.5784886553660431 109 85 53 0.33
4406 0.4785805067309748 0.1819821480181326 0.5962822838439166 158 125 71 0.24
4407 0.477250077972481 0.1830390754358472 0.5952221979066813 124 99 66 0.89
4408 0.2682986714149455 0.1415941834547609 0.8946945057802934 150 95 34 0.32
4409 0.4467359696903923 0.2008799196174503 0.6348117572424997 132 90 50 0.24
4410 0.3909779450083526 0.2119391635546686 0.7075437540935233 133 86 32 0.41
4411 0.1718641701212845 0.2103909894206602 1.03902531907188 117 94 79 0.53
4412 0.5136921893595714 0.221883776848159 0.5627508028850602 84 54 27 0.7
4413 0.4688005572253551 0.2348189164111116 0.624545212350421 114 77 51 0.74
4414 0.5278686884179074 0.101791137311016 0.5639349847839715 79 44 24 0.74
4415 0.5143840642316886 0.1166760414348288 0.575827192365595 93 61 41 0.68
4416 0.5276345561716095 0.1344268842193884 0.5654118583259563 74 47 30 0.51
4417 0.5174319467210927 0.1408041037748959 0.5658813263746959 90 51 23 0.23
4418 0.5097323536508694 0.1401444166573926 0.577337472767361 33 16 12 0.64
4419 0.0605104267354023 -0.1228116950727969 1.012678777335496 129 83 49 0.26
4420 0.516767303473862 0.1544342005299756 0.558061462991476 99 66 41 0.34
4421 0.5162665306075644 0.1552383312639819 0.5611317794384072 70 44 29 0.17
4422 0.5158552700004719 0.1572066353546956 0.5606824548872247 98 64 42 0.4
4423 0.4923357520352109 0.1425204886938736 0.594883191584787 110 78 48 0.66
4424 0.4913488341294795 0.1403453390765463 0.6005685755712928 120 77 44 0.23
4425 0.5155830702836508 0.1619642172958392 0.5592736158127981 56 30 15 0.32
4426 0.5105894096922289 0.1578803792874257 0.5687595985598636 94 60 39 0.33
4427 0.5097654012939573 0.1585503236624951 0.5692694371196323 90 58 40 0.33
4428 0.2039134108566155 0.03269764132931025 0.9318475996176212 182 119 60 0.94
4429 0.5136566110916162 0.1710372217766273 0.5587945361919849 57 26 15 0.15
4430 0.5131758546354496 0.1721526601831665 0.5591081407720967 106 68 38 0.3
4431 0.495549152118942 0.1641339176245041 0.579816057412973 145 119 91 0.76
4432 0.4740105130246633 0.1542313847495575 0.6127351104167117 79 53 30 0.41
4433 0.4510200284714757 0.1493439882897924 0.6507986290014403 57 32 16 0.51
4434 0.5050273248652243 0.1725930869753114 0.5678575232196474 107 72 41 0.22
4435 0.4527492180997467 0.1640789920562512 0.6397109145135426 118 83 51 0.54
4436 0.5122384823165728 0.1868871159091655 0.555083338157342 79 42 16 0.43
4437 0.5101356712465391 0.185386530458396 0.5601323541672095 49 29 18 0.32
4438 0.5102147890136934 0.1880379533323265 0.5585848441493921 102 67 43 0.26
4439 0.2854939053527349 0.2097123635608146 0.8697992200283072 72 44 28 0.78
4440 0.4822952798843374 0.2161852292883305 0.5929525932441012 106 71 40 0.46
4441 0.4779528477697461 0.2207147668945053 0.5963189889305269 105 67 30 0.65
4442 0.4146972678599317 0.2255727687385042 0.6795958763477632 85 61 30 0.73
4443 0.513942667373614 0.2226918918345962 0.5604824631763512 108 90 73 0.13
4444 0.4702456477712542 0.2344536423341749 0.6223616224027406 139 93 55 0.64
4445 0.4590336673319251 0.2369867012496561 0.6381360388027933 120 87 56 0.72
4446 0.5206591999515086 0.1006492280813191 0.5727882214767923 97 59 33 0.54
4447 0.5234901253350576 0.1355670122179825 0.566861611098209 34 18 12 0.61
4448 0.5156270640639031 0.1634306742154304 0.5568154888314328 58 29 18 0.2
4449 0.5088999456730627 0.1662125986348733 0.5669486669075143 85 52 37 0.38
4450 0.4820633263415077 0.1551650130591838 0.6009020842830872 173 143 104 0.38
4451 0.507416225320096 0.175289268664524 0.5643366485295148 70 42 28 0.18
4452 0.4881238559549639 0.1819604801945843 0.582055636985311 182 127 61 0.32
4453 0.4207475978832267 0.1781144942324905 0.678800774590632 146 106 43 0.56
4454 0.5008656302146924 0.1967155389447993 0.5720988475311194 79 58 39 0.3
4455 0.4194465310253956 0.1859266605514632 0.6768163461914171 117 87 58 0.52
4456 0.1938926921781033 0.2299990710257562 0.988253181316451 54 33 22 0.43
4457 0.5003108326579945 0.2165840395271942 0.5677054654832707 92 65 34 0.55
4458 0.471854328657295 0.2201958596926801 0.6056039974527088 152 117 62 0.68
4459 0.4327663377121217 0.2277050683235017 0.658510385656116 141 101 41 0.8
4460 0.5111200019705541 0.2355845952005624 0.5603683363672864 171 125 79 0.23
4461 0.5160939692968166 0.1611327355984915 0.5571706425808842 58 33 19 0.46
4462 0.1925646668157485 0.01230610364563853 0.9262745709988093 118 72 47 1.23
4463 0.4443920252301808 0.1969895299557861 0.6380356888822041 141 106 65 0.34
4464 0.5112745302839856 0.2146271873110876 0.5530576685345611 115 77 44 0.43
4465 0.4741367728887512 0.2426653378001972 0.6082829610941886 68 51 37 0.49
4466 0.5288914995602044 0.1347069951997936 0.5635355911779867 34 23 13 0.35
4467 0.5105166844741952 0.1511299757288301 0.5711854998054936 118 77 44 0.26
4468 0.4853570068875856 0.170853438256035 0.5882608928460258 219 185 137 0.12
4469 0.496741532420633 0.2169359622016134 0.5732125045767584 98 65 32 0.7
4470 0.466580915849017 0.2071232920188069 0.6133357934865918 59 42 26 0.56
4471 0.5099077849776826 0.2363958859828629 0.5619822707877864 103 71 42 0.48
4472 0.4822052487631323 0.2186672651242585 0.5931917035303973 129 93 53 0.6
4473 0.05477808042609067 -0.2021803107434337 1.050635435041948 101 76 53 0.41
4474 0.1373485196853305 -0.1623410061777246 1.106675180081025 111 82 61 1.11
4475 0.08411154223748979 -0.1528138558748092 1.042137490287084 137 102 63 0.39
4476 0.104497668292948 -0.1510403086907379 1.12004007354619 106 84 71 0.51
4477 0.09117303575103297 -0.1212596838286019 1.039454336351405 119 83 63 0.36
4478 0.1225504967924394 -0.09769909054473336 1.106035812180634 94 67 50 0.55
4479 0.08463772336968572 -0.1004020667762628 1.011490402328399 114 76 48 0.23
4480 0.0923384896097541 -0.09026460075255677 1.032878838786353 127 80 55 0.17
4481 0.1056050585548484 -0.04150248629731706 0.9897224364347057 133 92 61 1.0
4482 0.1091180541766698 -0.03520988376312106 0.9885198942724519 150 92 48 0.4
4483 0.1286496974313533 -0.0335805341550478 1.014290597046679 141 104 66 0.3
4484 0.1661482893849709 0.002373122531063365 1.052026149975557 106 81 62 0.33
4485 0.1519681390686685 -0.02540615734817062 1.082799762066195 87 66 49 0.5
4486 0.05774832625659393 -0.03818486472159816 1.192615297673941 150 153 157 0.18
4487 0.05020817193116894 -0.03361521165751141 0.9440195722668657 134 90 57 0.95
4488 0.1272491419158386 -0.002052838126505252 0.9160025161671925 177 119 68 0.5
4489 0.08440897988846985 -0.03192791960461924 0.9498757655292722 200 137 82 0.11
4490 0.2187183541959479 0.0178644628813534 0.943795572294034 181 141 102 0.19
4491 0.2260419199042459 0.03710338629778431 0.9552943657732551 161 108 64 0.21
4492 0.1785546441758918 0.01253056763698324 1.000814931181413 136 84 44 0.25
4493 0.1454936918887167 0.006768099177186432 1.014904298141969 145 100 58 0.26
4494 0.1639196854740317 0.005063051602381047 1.038690038170324 107 79 52 0.35
4495 0.5330448211708885 0.1032710498884063 0.5240410220591982 181 122 62 0.69
4496 0.2155502892162439 0.04917566144414684 0.9327325680807705 181 110 67 0.3
4497 0.08429022546030257 0.01610287047688833 1.168510928265986 74 55 40 0.24
4498 0.1027172330982799 0.02505953630327648 1.156054624299813 98 73 52 0.25
4499 0.04507877720630327 0.007928258026394103 1.207452097471383 158 160 158 0.13
4500 0.05401773622214529 0.02125549045326158 1.190134565894893 88 66 52 0.47
4501 0.06530500639948666 0.03079351829718224 1.183638135952517 112 86 70 0.38
4502 0.06479482335391656 0.02342912054315657 0.7738126599417726 162 114 79 0.23
4503 0.1665919594987444 0.0423250595907074 0.8883716386072353 109 61 35 0.4
4504 0.1617600934065707 0.06126624997933552 1.072341056397407 106 69 46 0.58
4505 0.1445870120365309 0.07145034508095829 1.096091144237262 68 37 29 0.09
4506 0.0930591718903378 0.07667519912929574 1.177142336932594 162 161 163 1.11
4507 0.05216128686371652 0.06446637176921219 1.20092254682436 143 151 148 0.26
4508 0.5390761468780382 0.1218854649035385 0.5168386726181105 168 140 93 0.53
4509 0.5397598222060359 0.1275610939630211 0.4600592902681917 111 87 59 0.8
4510 0.5318745924611465 0.1203631785067151 0.4698262635939406 155 140 106 0.63
4511 0.5239838313716503 0.1268518396326073 0.4801685572754177 124 101 70 0.36
4512 0.5086084411896241 0.120800775381144 0.5001770658293748 60 39 29 0.49
4513 0.5256580255773301 0.1170852836254942 0.503375837014326 124 86 54 0.56
4514 0.1696229593895816 0.08421112282050489 1.002897134727864 145 104 65 0.37
4515 0.5133379520544861 0.1349682653272713 0.5037524844170252 58 34 22 0.27
4516 0.5315720105302203 0.1352618602455372 0.5197873375296325 72 48 37 0.33
4517 0.5215697297667068 0.143404423121461 0.5585439308821032 45 26 19 0.23
4518 0.2864476449921454 0.1261763603727346 0.9110824669021584 100 70 51 0.91
4519 0.1237935270851972 0.1135792054646895 1.13875516829297 121 86 67 0.26
4520 0.5097052367947379 0.1526209689370739 0.4973923419659921 80 59 43 0.59
4521 0.1101735407426773 0.0985422465300187 0.8216070470092742 139 92 58 0.3
4522 0.1520884877789908 0.1341059071100774 0.876811595575547 201 127 70 0.37
4523 0.167357064127914 0.1429669215461276 1.075155589702078 79 56 40 0.75
4524 0.5479229872943258 0.1580537409813323 0.4018646415788363 135 96 69 1.5
4525 0.5238993558244015 0.1719690958475786 0.509437225451278 135 84 53 1.17
4526 0.5332561267382914 0.1714075030245387 0.5165705851343427 177 118 75 0.2
4527 0.1418935814214875 0.1368349958205696 0.8800674026604411 154 88 47 0.35
4528 0.2106311419129102 0.1508915767770992 0.9040501094949918 152 89 43 0.22
4529 0.2748010516434828 0.1767752499399343 0.8723882820771838 160 117 76 0.32
4530 0.2714643420471187 0.175565393801359 0.9026942519737822 100 71 56 0.25
4531 0.534614812180757 0.1639734351443982 0.3770548000208692 54 32 17 1.32
4532 0.4583231659095904 0.186929122487924 0.6137750165341189 80 58 38 0.5
4533 0.3197595595823822 0.1970776137740839 0.8069500620852246 81 58 37 0.37
4534 0.2357843870378283 0.201515497715814 0.9384854041922671 55 37 24 0.98
4535 0.497556056994909 0.1803735478173374 0.4405766091472296 117 108 103 0.32
4536 0.5232657204999179 0.1840620801705611 0.4569220515053416 93 66 39 0.54
4537 0.5223496199268356 0.1961777848240855 0.4980668499172574 106 77 59 0.84
4538 0.4714293500220773 0.2054892928228276 0.6091366742218058 87 65 38 0.34
4539 0.3892094098457779 0.2012693590659203 0.7137521564690946 118 83 40 0.62
4540 0.3677459984556342 0.2144300622101031 0.748240516508531 112 89 61 0.73
4541 0.3379320199648527 0.1997059837322306 0.797682966908568 54 38 23 0.25
4542 0.309718862376033 0.2007436684946761 0.8349765548508488 101 72 42 0.3
4543 0.2978248126652042 0.2135950202677717 0.9550943206777408 99 72 46 1.1
4544 0.4189052186812787 0.2156325947824284 0.6446774403435896 105 73 31 0.55
4545 0.4314048898144562 0.2187682724418848 0.6801033869806923 89 61 36 1.11
4546 0.3892893118512843 0.2212946549249755 0.7181390957177507 85 66 45 0.71
4547 0.3540981440044302 0.2268307172878176 0.7673033307252964 38 27 20 0.56
4548 0.2878277111342381 0.2290624987121281 0.8551485419837802 122 86 50 0.32
4549 0.607281002683393 0.2332831584071232 0.4958349333538881 208 190 163 0.33
4550 0.2895116938758933 0.2410985288981339 0.8549491714731565 66 45 26 0.77
4551 0.1519751327387161 0.2566241826780933 1.01172324423088 57 42 29 0.73
4552 0.09307919116336572 -0.2584041269850583 1.151197994835456 99 98 98 0.68
4553 0.04649985750372121 -0.1469075264035411 1.015039959390863 117 82 52 0.33
4554 0.07433065176396858 -0.1322226050230061 1.02713470659531 102 60 34 0.77
4555 0.1004267533163321 -0.1077207701391933 1.052260904232995 108 71 39 0.16
4556 0.1309654885404649 -0.1039282720679245 1.066690154967306 154 107 63 0.41
4557 0.07487069914764805 -0.1128537079921151 1.018579965478701 74 48 37 0.44
4558 0.1221891597680345 -0.07370546957966251 1.109501089283387 91 67 50 0.65
4559 0.1436862074385822 -0.04025039223500237 1.083470781756925 92 64 50 0.33
4560 0.1186826306486071 -0.04456958301285974 1.112842326558781 90 57 45 0.28
4561 0.1160414497378495 -0.04476427156172968 0.9952806141327772 143 91 56 0.38
4562 0.1470463788817525 -0.009000109743892398 1.027245422774401 200 147 99 0.21
4563 0.09715735575906842 -0.01348945517268366 1.151523965195661 114 85 65 0.52
4564 0.04678675848490621 -0.04012660733179246 0.9498948464834792 201 149 101 0.6
4565 0.1297303717348972 -0.009342830634317373 0.9393438742121631 175 112 65 0.5
4566 0.1838146512193219 0.02355041727228976 0.9744557269582872 175 125 90 0.24
4567 0.07354561241709723 -0.01012663615098144 1.166434845485117 92 64 48 0.23
4568 0.06012035407820954 -0.007274149573082228 1.194844834235059 160 160 158 0.32
4569 0.1966029505887604 0.03526378512490261 0.9791909694578473 152 103 61 0.2
4570 0.4575234411965868 0.07740740286066622 0.3595347564233179 74 67 63 1.21
4571 0.1633628990591156 0.05571677349598955 1.062777945681977 89 67 50 0.39
4572 0.5158280339727233 0.1074411609251219 0.4073482919762862 122 96 71 1.19
4573 0.5358358390639574 0.1290994801182443 0.5593354671903167 116 81 61 0.45
4574 0.5130755689034934 0.1286660241597996 0.5044618225851127 100 66 38 0.51
4575 0.5115507741957457 0.1485709479800006 0.4968169643884517 45 30 21 0.5
4576 0.1874847548964425 0.1385935395512632 1.044352262399745 114 85 49 0.29
4577 0.0929482672368343 0.145499329208715 1.150408140315648 65 48 34 0.56
4578 0.1070971550217534 0.1502261176741218 1.148470077852113 78 50 32 0.26
4579 0.5454665118498924 0.1536737963103595 0.3992950737419905 62 41 31 1.34
4580 0.5136435576657478 0.1665016019083802 0.4507893408740787 55 38 27 0.82
4581 0.3587032801686987 0.1629839986995632 0.7770105706048402 174 136 92 0.07
4582 0.1583251452191702 0.1397386262981326 0.8798233876267127 120 61 25 0.4
4583 0.2969358379438677 0.1792635532479372 0.8600025849722179 129 109 89 0.48
4584 0.1767009847186761 0.1663488808990773 1.031800565391316 97 59 42 0.43
4585 0.1752830661453363 0.1584207650580007 1.038828490527354 96 69 54 0.45
4586 0.5270786907932563 0.1762440037430462 0.5091571163027908 109 63 40 0.4
4587 0.533423697551186 0.1854030520113673 0.5255486270549788 70 37 17 0.3
4588 0.271376399630458 0.1957019295449289 0.8885150629716639 63 47 39 0.2
4589 0.5223471195129697 0.1882151419787693 0.4504711283699256 142 99 64 0.58
4590 0.527200841032102 0.1951000050753285 0.456245463458085 112 80 40 0.59
4591 0.5326486888606913 0.1974531081093202 0.4570395255416536 164 97 48 1.17
4592 0.5331478322288842 0.1953206967055196 0.4607261267137751 84 52 27 0.9
4593 0.5200458436392176 0.196643894613804 0.4881899948219839 117 82 58 0.4
4594 0.4537177886574777 0.1958645089691658 0.5831763811222683 59 45 33 0.96
4595 0.2855665394409838 0.2087655752954965 0.8684435819091011 68 39 20 0.84
4596 0.09929526879697181 0.2195668286673942 1.147848862658815 75 45 27 0.35
4597 0.5431724162830889 0.2077081154916157 0.4838708929737782 51 38 26 0.77
4598 0.4355220497803504 0.2200156245925816 0.6535864511733255 83 52 22 0.18
4599 0.2550686602827356 0.2392693375197217 0.8930031070064046 68 43 23 0.69
4600 0.6523351013856301 0.2226711912191328 0.4461659194607507 132 94 62 1.07
4601 0.6643522251527892 0.2263392749544803 0.4415275113797023 75 46 23 1.06
4602 0.6513866734398015 0.2233978588894864 0.447611153479012 127 86 59 1.34
4603 0.5421842240553073 0.2211461455172164 0.5233366347980328 132 98 67 1.05
4604 0.08263808121086319 0.07128723230300027 0.757655706527099 145 106 74 0.47
4605 0.4053496770702816 0.2373921053265722 0.6946161270005151 99 71 41 0.56
4606 0.1283947896679368 -0.1229464732990413 1.092469403265244 112 72 48 0.16
4607 0.1276273028667536 -0.06936618050057924 1.111368705237684 116 77 50 0.8
4608 0.05605476679102822 -0.07866127803742157 0.9848042461418445 78 45 28 0.76
4609 0.1525341392690019 -0.03073634481813625 1.073075615285059 149 110 80 0.32
4610 0.05532407384278437 -0.07281477097668132 1.184984617373676 115 84 68 0.82
4611 0.1311104549566688 -0.03319165641047567 0.9482882099149983 175 133 93 0.44
4612 0.1114523891950852 -0.02950356065709453 0.9914081556409904 203 144 89 0.21
4613 0.02735668053016083 -0.03513335080938312 0.9389120718018591 166 115 78 0.33
4614 0.2134887342839119 0.01443798699605139 0.8868721543703102 199 148 101 0.35
4615 0.1282757352757704 0.01867469921359635 0.8614547923476877 180 110 49 0.77
4616 0.1282735107644646 0.02564816312199414 0.8604119098895708 190 130 79 0.5
4617 0.1412474393759918 0.03445070712388876 1.09540279786695 77 45 32 0.4
4618 0.1812861545790009 0.06983471299581145 1.007976080589142 141 95 63 0.18
4619 0.1795925656745241 0.07011385054361252 1.059927670839161 121 78 47 0.29
4620 0.07878552113595566 0.0589587414607701 0.8279739019115316 112 58 27 0.82
4621 0.1146203291137473 0.07845681214822364 1.11746234880689 122 82 50 0.31
4622 0.1351220119020555 0.09746823399879873 0.8432712465888528 172 94 48 0.57
4623 0.5292540550227599 0.1120462963062211 0.5192485708071153 146 107 74 0.56
4624 0.4988703403570145 0.1417536345377554 0.4876871163564929 29 18 13 0.23
4625 0.5310260723453318 0.1542290472647452 0.5371934641021687 72 40 22 0.55
4626 0.4154526199625542 0.1607232505191935 0.6964373032767284 106 76 41 0.4
4627 0.06635374419175699 0.1372696458062151 1.189936829128437 86 58 41 0.42
4628 0.5117542700276069 0.1667630559324511 0.4323318078729899 31 21 19 1.15
4629 0.5653056939641553 0.191343766715648 0.3994344091973249 60 41 24 0.91
4630 0.5208472008949545 0.1990138741387862 0.4899585616650301 87 60 41 1.06
4631 0.5294711042006806 0.2032268753496042 0.5731241508836682 56 44 29 0.29
4632 0.4777862895470286 0.2037808133160227 0.5943351167652351 65 46 27 0.25
4633 0.3364252198045489 0.2055031687146784 0.795450478725316 97 72 49 0.36
4634 0.1746100602439206 0.2085848654528269 1.050352743990176 115 92 78 0.09
4635 -0.05234234719530195 0.2211130927987773 1.278597231982728 169 171 163 1.46
4636 0.530749836614169 0.2095654220131545 0.5266032614976822 134 81 42 0.38
4637 0.4457480205633147 0.2206638490934157 0.635447083974501 124 87 52 0.63
4638 0.2915405469311 0.2243919306904948 0.8487213215319268 104 68 45 0.42
4639 0.4472536235549748 0.2486598281923992 0.646168721758734 92 67 42 0.79
4640 0.2073929418010136 0.2743751661228953 0.986039711458681 84 66 45 0.81
4641 0.488669588364404 0.1941568215690094 0.57728323116595 67 44 22 0.48
4642 0.1222158856754106 -0.1210460172144203 1.101264941250625 81 51 32 0.45
4643 0.08957854151689904 -0.1444430718476915 1.144451438468233 95 73 58 0.76
4644 0.1456264343997963 -0.07149911972790501 1.084203341556278 103 69 45 0.87
4645 0.139470951323268 0.004142139379156862 0.9942495653438702 133 89 60 0.74
4646 0.1449568769447108 0.04346752808187773 1.084732305241463 125 92 61 0.61
4647 0.1560825131933697 0.07458350473108744 1.080286049805044 88 64 45 1.33
4648 0.4890269003495922 0.1194625627646027 0.372001771976866 89 84 83 0.98
4649 0.4162020223650863 0.1597072602119421 0.6925748797867666 119 86 50 0.71
4650 0.1749742768175159 0.1446575456943085 1.058637544491232 134 98 65 0.3
4651 0.5211815013894647 0.1656206882763459 0.4045326759945731 18 13 14 0.56
4652 0.5370087898697437 0.1790885977810081 0.5170697708374112 129 104 82 0.76
4653 0.1830507408151154 0.2090309522215589 1.019892821877994 49 35 23 0.88
4654 0.4407951395316458 0.2277678279492537 0.6478085817971549 56 27 11 0.57
4655 0.2818418310928243 0.2757151241809158 1.063020740697985 101 79 64 0.74
4656 0.1255375300752929 -0.1104982939302175 1.098738325182015 64 40 28 0.95
4657 0.122237571510804 0.006533987398651742 1.137153933849028 151 116 83 0.28
4658 0.1511615373609179 0.04050577533919864 1.013961084120394 143 93 54 0.28
4659 0.5123177661758326 0.1110851409444217 0.500881108838561 213 177 127 0.51
4660 0.1660461465752316 0.07026375920915215 1.055205240274055 160 97 49 0.27
4661 0.5189331890222839 0.1452770945076046 0.3603424624405707 171 136 108 1.58
4662 0.5031387921506066 0.1583490462549729 0.4364747649869689 20 10 8 0.54
4663 0.1556712043118753 0.139726200613341 0.8658689163666079 142 85 40 1.05
4664 0.5085332333315107 0.1699222849950017 0.4191291124855976 61 40 29 0.98
4665 0.532436598176949 0.1793953455229905 0.3641446333498203 73 46 22 1.28
4666 0.4085721174424942 0.2237232643785359 0.6939441567884554 76 44 15 0.26
4667 0.205400968959248 0.2509581283368739 0.9407725845497307 43 27 20 0.59
4668 0.3016932492169767 0.276903504141137 1.066256079294409 156 121 70 0.93
4669 0.5059332277611532 0.1117135631467226 0.4941340917795785 131 105 84 0.41
4670 0.5271140786278801 0.1227098155741261 0.5629675490144214 114 76 48 1.0
4671 0.2066837094126089 0.1462136145969048 1.01546546759341 45 30 20 0.67
4672 0.4966692614706968 0.1646182434692983 0.4132532908826552 71 55 43 0.99
4673 0.5043345405585581 0.1921172295103902 0.449201725281376 211 183 142 0.72
4674 0.4723690838576832 0.2022275247002333 0.6049927517115936 116 97 73 0.34
4675 0.1375044341667439 -0.1270251727112348 1.087849146717524 80 49 35 0.36
4676 0.5136282587800636 0.1146687904969747 0.5751294971658762 131 79 33 0.53
4677 0.09501957734003624 0.1138195600154791 1.164590467641809 116 90 70 0.74
4678 0.4150287822186487 0.1565985504636455 0.6968358941632551 119 79 43 0.84
4679 0.2092381827708393 0.151268493983515 0.9041548586406662 148 95 55 0.65
4680 0.1617878447139262 0.2499369073319839 1.022053424919041 99 70 50 0.22
4681 0.2643631295363736 0.2928697330131699 0.9161673230141409 52 35 21 0.85
4682 0.2786223049301814 0.0824043877394984 0.9087765633588606 201 147 96 1.44
4683 0.5361655499771658 0.1185637541794513 0.4417373273717918 110 86 66 1.19
4684 0.1138923763505566 -0.03268208634661388 0.9627986126506595 152 107 71 1.11
4685 0.55218741772909 0.1048615404766335 0.531499513031631 191 124 62 0.99
4686 0.1903033159391819 0.1736869149786782 1.007241119808095 106 82 63 0.19
4687 0.5487880830306978 0.163720398826567 0.3617991146696815 81 53 35 0.5
4688 0.5325992605518843 0.1790069480291998 0.3883399122975197 154 102 62 1.18
4689 0.08630355197392375 -0.2690838218141906 1.094214331485141 86 63 47 0.56
4690 0.1010443161701846 -0.2196207492540779 1.118834414440935 53 37 25 0.35
4691 0.0991309968697337 -0.2140060089472511 1.112126272731009 119 92 71 0.79
4692 0.1205768960942686 -0.185697900525311 1.118489167801569 90 72 53 1.13
4693 0.09132040999025343 -0.1876565733877945 1.077900137370645 123 86 61 0.91
4694 0.1359983526946321 -0.1004860388662056 1.086199957595395 84 60 45 0.51
4695 0.1176335565894192 -0.09024065444547891 1.114940264976056 104 73 50 0.7
4696 0.08815885298675058 -0.08569140259720309 1.012004663586495 127 90 64 0.32
4697 0.04300143938993484 -0.07403304937473942 0.9765901492837732 189 140 94 0.35
4698 0.1530764060230794 -0.0260934201920871 1.051530871714437 94 61 36 0.3
4699 0.1525701787348093 -0.02411309154564228 1.051935739381332 114 107 96 0.37
4700 0.06267919065517785 -0.05759663173581842 0.9686109172193741 144 107 81 0.08
4701 0.07318394719114307 -0.04270914996268216 0.9670995981836121 131 90 59 0.42
4702 0.07538630127124429 -0.05004408362988394 0.9732081025970213 144 87 48 0.24
4703 0.1185929404050228 -0.02293485463142664 0.9822186519695684 132 99 49 0.25
4704 0.5433215581554606 0.09211085112471851 0.5358863265842178 151 101 60 0.58
4705 0.5467186801381845 0.09468613797665829 0.536583430951605 162 114 65 0.34
4706 0.1561519373220804 0.002443001655964255 0.9229243723969351 144 88 38 0.71
4707 0.1855368518182289 0.01639930085616656 0.9107294880514518 217 166 111 0.14
4708 0.1443542538711554 0.01277030787803496 1.01471990456286 98 57 27 0.24
4709 0.1762999184723185 0.02766418132410267 1.039296705291306 138 103 72 0.29
4710 0.1597896398756594 0.03703467715377415 1.022680081379328 128 81 55 0.9
4711 0.1704175786131283 0.06050935612470729 1.027214266088185 179 144 108 0.15
4712 0.1756367910464741 0.05240886787752183 1.036294964918389 137 102 75 0.71
4713 0.1762454650030997 0.05963987849597263 1.029796111487054 144 115 84 0.45
4714 0.137357144484565 0.06367561269162575 1.133689026204638 138 92 63 0.28
4715 0.5257445653369976 0.1068653183229356 0.5210930388858844 167 124 84 0.24
4716 0.1654715120790365 0.05459121378909718 0.8841345082251524 59 33 22 1.01
4717 0.1700772550053878 0.057549607618782 0.8882803656025656 47 24 16 0.42
4718 0.531988454434137 0.1105951132916688 0.5232181141844745 99 60 37 0.3
4719 0.5495522900948767 0.121310624276326 0.5247482153940037 74 53 40 0.19
4720 0.5277624629657705 0.1180156917964899 0.5548963984086093 135 89 56 0.99
4721 0.1673106478341432 0.07295574836919963 1.058953558505789 89 65 36 0.39
4722 0.5476731743936343 0.1205268450440431 0.534950285550146 134 111 80 0.33
4723 0.5156704785555363 0.11414198311626 0.5007309293465093 153 107 69 0.1
4724 0.5054075514392842 0.1138440461263512 0.4940248456141214 118 86 63 0.84
4725 0.5376909710332192 0.1228783083378032 0.5145588183563412 95 76 56 0.43
4726 0.5393825672456455 0.1339910831553571 0.5239847248956303 89 50 28 0.3
4727 0.5489361276312567 0.1322515297611598 0.540601691602375 56 41 29 0.86
4728 0.5379964330720276 0.1330154995264548 0.5492936152962998 61 43 29 0.55
4729 0.5373104960501476 0.1350227047657201 0.5416486331984363 57 40 26 0.34
4730 0.5292250761137034 0.1315954626802958 0.5665048728550233 103 74 35 0.39
4731 0.5310746511680566 0.1325041061313888 0.5627554181964941 80 66 54 0.29
4732 0.5127859691739681 0.1373705229194008 0.5794055448970152 24 14 10 0.14
4733 0.08196613648788675 0.04229851471271651 0.8276034017439001 154 97 60 1.06
4734 0.0925819339470822 0.06231561840227204 0.8367691201706979 139 76 36 0.09
4735 0.5116028999618735 0.1277609869324083 0.4942316591207155 149 123 90 0.51
4736 0.51739359320384 0.1400611641892341 0.5648129618438149 118 81 48 0.32
4737 0.5009972605453056 0.1374514856797616 0.5898779883544836 94 67 50 0.62
4738 0.4962170788054697 0.1387559519237823 0.592693156759955 122 81 49 0.23
4739 0.1444064415144891 0.0894825208199117 0.8573208409724308 173 120 79 0.45
4740 0.1566997852471247 0.1088234542253049 0.85378943864026 123 84 63 0.34
4741 0.2729823617211753 0.1482663906038674 0.9077082719822095 102 74 54 0.19
4742 0.1086312744091328 0.1457669142370305 1.146070487478848 55 39 33 0.54
4743 0.5133454453601503 0.137771111451705 0.5034169431606992 37 19 15 0.32
4744 0.5195900710262462 0.143035800632509 0.5022663300052138 78 55 39 1.19
4745 0.5284127436614745 0.1415071869837199 0.5153141251202255 130 93 64 0.32
4746 0.5212376919828468 0.1440904544616147 0.5086845936542379 80 40 24 0.27
4747 0.5352433102376624 0.1482961683392825 0.5197499033451087 93 60 43 0.28
4748 0.5420147940176334 0.1468591861966976 0.524746590047198 70 45 28 0.21
4749 0.5346488103223435 0.1513500024259605 0.5183636085889551 73 45 31 0.55
4750 0.5292104538258179 0.1522150134694375 0.545629571669499 107 65 33 0.41
4751 0.524298079322444 0.1474076736963471 0.5535185549587717 48 28 18 0.41
4752 0.5131194817535848 0.1549843227901311 0.5664367827683592 128 84 45 0.23
4753 0.4657213060505786 0.152335843761325 0.6265924219236706 108 87 65 0.5
4754 0.4656606515548969 0.1527611640858517 0.6239540161426814 120 93 70 0.23
4755 0.4631310951057517 0.1553430667488946 0.6317062105320413 194 147 102 0.18
4756 0.4368029720602499 0.1528899765824618 0.6705536004004881 93 59 31 0.41
4757 0.2122831923696607 0.1458374152130708 0.9080392588209949 140 79 46 0.95
4758 0.2135224763010773 0.1496745126536137 0.9070955430778394 108 54 31 0.32
4759 0.2155247556142951 0.1517976079457962 0.9075770168928071 97 56 34 0.34
4760 0.4990873734496702 0.1431537916841124 0.4884990121229544 24 16 15 0.46
4761 0.5118421997060645 0.145375367802849 0.50210847972737 36 23 15 0.37
4762 0.524737110694216 0.1534864693859187 0.5069146576417239 77 51 35 0.33
4763 0.5211358128832565 0.1574922508316389 0.5075851221929242 132 90 60 0.34
4764 0.3884897648706791 0.1677294047925298 0.7300006139423773 70 50 26 0.46
4765 0.3531934787551481 0.1678829790084292 0.7808868278515688 73 56 36 0.69
4766 0.2898945022869022 0.1793519529740267 0.8697535495171631 104 73 44 0.47
4767 0.2943310709293626 0.1782872213490895 0.8692311458380907 153 108 63 0.64
4768 0.5313328369591162 0.1704230806966165 0.5132478444607218 113 78 61 0.29
4769 0.473632260924303 0.1701674012808991 0.609844937965174 114 92 67 0.13
4770 0.4658457633482832 0.1780377108649525 0.6137762938475829 27 17 12 0.67
4771 0.5027550628625965 0.1550430855956957 0.4264993764338554 42 39 37 0.36
4772 0.5388194476106083 0.1754100177351307 0.517043954547853 160 122 92 0.36
4773 0.5320797172101055 0.1777313101586299 0.5130138343719468 85 49 28 0.64
4774 0.5029552179663433 0.1879257064615484 0.5680898375203552 125 80 49 0.24
4775 0.3946273315483368 0.1915200911865862 0.7100761620666181 127 100 74 0.36
4776 0.5100744367709044 0.1691996499237211 0.4464489120522908 86 68 55 0.57
4777 0.5187881946879805 0.1811181593402481 0.5008404682388612 175 113 72 0.23
4778 0.5311461189169735 0.1866167776227734 0.5050377455884135 114 72 53 0.29
4779 0.5122077027833645 0.1935170051987552 0.5576043898121856 94 62 43 0.18
4780 0.4744119222882872 0.1936090662992972 0.5989124115299512 85 68 52 0.7
4781 0.3662460266711433 0.2185501475929991 0.7439893519091507 82 65 45 0.37
4782 0.1874317123317304 0.2331813151060739 0.9854283741582461 80 59 48 0.6
4783 0.5300352326868316 0.1823887636457338 0.4601383628215004 68 42 25 0.7
4784 0.5257725922100871 0.1832387575299279 0.4596068922813678 161 102 61 0.72
4785 0.5190693912268435 0.1843298418987991 0.4548583988583966 157 103 67 0.8
4786 0.3405727869205721 0.2321538889025968 0.7829670460910619 78 48 27 0.57
4787 0.3274779128530494 0.2351436512176077 0.800876116610679 132 98 76 0.23
4788 0.3133832032737304 0.237158873739303 0.8162323882751359 110 90 72 0.32
4789 0.1123867664270004 0.2555703844910219 1.017910950449845 48 32 23 1.14
4790 0.5289704923538392 0.1934203058982518 0.4581099157677364 160 106 66 0.52
4791 0.5308583429359262 0.2058341580818497 0.5001156595185396 133 85 52 0.11
4792 0.5521565383946744 0.2038784836637886 0.5073530151084689 105 75 54 1.54
4793 0.5370792392825456 0.2055783603758959 0.5064009130405452 107 78 56 0.34
4794 0.5483562523575009 0.2097772577950661 0.5115863236174996 126 77 49 0.44
4795 0.519234269033744 0.2147174763047925 0.5462869061462378 129 97 60 0.28
4796 0.4303690222147404 0.2350045813750648 0.6718544096337676 124 107 88 0.49
4797 0.397727103541515 0.2339659665995386 0.7027019037646364 120 82 42 0.37
4798 0.322027348220351 0.2564996453728952 0.8063820329052362 130 106 78 0.51
4799 0.4726226090757629 0.2403970379381264 0.6133650895666544 140 103 64 0.24
4800 0.06189250289924941 -0.2566505141207503 1.090502760348952 109 69 46 0.65
4801 0.09133579533582475 -0.1540664085366494 1.049782964548303 69 49 36 0.54
4802 0.1098426392456703 -0.03079290906003834 0.9818507838498448 162 115 77 0.11
4803 0.5426527098828758 0.09129259260513475 0.5343335431776622 89 61 31 0.47
4804 0.04275076421614865 -0.1415463724186852 1.01720230188206 130 75 43 0.58
4805 0.1546508416890508 0.004492152535025606 0.9918349393881929 144 97 71 0.47
4806 0.5429223412571645 0.1054109698260097 0.5400801657504004 167 113 55 0.38
4807 0.1760482823972933 0.03584240544226217 0.9015757221607139 189 122 58 0.36
4808 0.1907841486322978 0.03354083193363397 0.9197829770458912 126 75 44 0.4
4809 0.514685904061065 0.09777033033981618 0.5114654316578781 142 80 13 0.27
4810 0.5407747351399051 0.1092380409545701 0.5296265520738682 155 110 76 0.32
4811 0.5253577762145973 0.1105987172507718 0.5642489225578773 147 103 67 0.39
4812 0.1414431903380874 0.03463485823752574 0.8592791790487306 83 42 24 0.77
4813 0.5246123227531279 0.112466651965105 0.5130927177293165 124 77 40 0.44
4814 0.5500968722214681 0.1245540132653856 0.5222620577166009 38 21 14 0.49
4815 0.5521325321891523 0.1256251605141087 0.5325094686096419 96 84 72 0.3
4816 0.5180540046060365 0.1200577627954495 0.5711741832430428 153 124 89 0.39
4817 0.5171700499015681 0.1174498284462587 0.575138832313781 132 92 64 0.25
4818 0.5189069769280582 0.1224692109157244 0.5718764295110492 126 91 62 0.86
4819 0.08131397692221332 0.1098369475743082 1.189663955239053 122 141 147 0.6
4820 0.1272819811822205 0.06717730566985683 0.8494277404614023 165 108 56 0.48
4821 0.1113538919117963 0.07736197396953343 0.8508910458103047 181 113 52 0.87
4822 0.5167060693435992 0.1284552133091126 0.5088548737342345 71 41 18 0.14
4823 0.5363411115583393 0.1397775248666467 0.5186313602796713 77 51 29 0.6
4824 0.1445246984598062 0.09332803320880231 0.8754937743747502 173 115 67 0.56
4825 0.1876895118738628 0.1202129431578703 0.8855154154709435 54 28 14 0.55
4826 0.2608718243357282 0.1395884763255666 0.9236249885721931 82 64 47 0.27
4827 0.5385891343722912 0.1573324030434141 0.5345817072575977 65 46 36 0.24
4828 0.2216664462532716 0.1425278253524644 0.9163032471081233 91 42 12 0.23
4829 0.5231246507521754 0.1538554598318635 0.5087996197916179 65 35 20 0.15
4830 0.5309762705524723 0.1645908168712683 0.5360447663529436 75 51 36 0.51
4831 0.3173278836271116 0.1816670283010484 0.8322984859615168 115 91 62 0.36
4832 0.5257918051468456 0.1699225711257924 0.541930255681408 130 95 55 0.72
4833 0.4222483695123282 0.1834682991849181 0.6754541894783103 132 103 75 0.19
4834 0.1610711655838199 0.2131882303299337 1.055397819985805 90 70 44 1.15
4835 0.5403275009794682 0.1796897215787357 0.5192572429685041 67 43 24 0.45
4836 0.5226127245014197 0.1779543050762393 0.5376148663284427 73 44 30 0.56
4837 0.5123749441118338 0.1857190383412906 0.5540532250778064 134 78 41 0.31
4838 0.1039816836074207 0.2388268281174924 1.124655923539274 35 21 16 0.43
4839 0.5275891335021762 0.1761841755184811 0.4589528948075207 95 78 43 0.76
4840 0.5147914873647386 0.1781449863681689 0.4994214046598352 108 86 68 0.88
4841 0.5222750416233578 0.1919786168050766 0.5458202821349664 78 47 28 0.3
4842 0.3142209033138132 0.2279414005095149 0.8176265824007332 111 76 48 0.22
4843 0.5263190986221348 0.1807001100843806 0.4567966745292487 73 50 31 0.46
4844 0.5318103398305948 0.1887162771436743 0.4644644871873939 59 41 19 0.47
4845 0.4156472290667797 0.2221735985098222 0.6798788502167474 40 29 20 0.97
4846 0.5131570529255571 0.1878786002193728 0.4443036502096034 114 91 71 0.74
4847 0.5310487251779646 0.1885525139822073 0.4547469267136028 103 70 32 0.67
4848 0.5222211337840486 0.1920751593179346 0.451224937719303 97 66 40 0.97
4849 0.5330680896871369 0.2098587964114688 0.5241932270623941 121 74 37 0.63
4850 0.5350831323826098 0.2147431384277055 0.5300928217330307 100 83 60 0.53
4851 0.5337520525106428 0.1939637395787847 0.5249544178832205 75 44 21 0.55
4852 0.2179521012554445 0.2658434202123413 0.9360816488253851 71 56 45 0.84
4853 0.5458488716706043 0.2145335450437437 0.4953991669771202 130 101 84 1.01
4854 0.5493302981253154 0.2158483752183265 0.5001091699113651 74 48 32 0.47
4855 0.1085690570929677 -0.2127744471819442 1.107309186724007 176 131 96 0.38
4856 0.1212980398775694 -0.1192347740489075 1.075850368193959 80 40 15 0.68
4857 0.1241666117125052 -0.06423307913208975 1.108041485376623 100 72 51 1.06
4858 0.1111109082279494 -0.04170838428051987 1.124421091635047 46 27 18 0.45
4859 0.1301074149395505 0.06671638800760515 1.12097995325963 155 115 79 0.56
4860 0.5293550144801509 0.1141552279440635 0.5172825233074452 135 90 49 0.39
4861 0.5507688924154897 0.124107272426866 0.5237532034337654 106 80 57 0.42
4862 0.5284088582020338 0.1207685022197004 0.5609770050849373 140 103 70 0.17
4863 0.1862747120871913 0.0917593155862834 1.03386118100699 148 112 78 1.0
4864 0.5209258684236391 0.1065813938497955 0.4323100020239932 140 102 58 0.89
4865 0.5238874394243827 0.1131623234335557 0.4671443334439601 150 121 76 0.83
4866 0.5196045148755694 0.1181549224253082 0.503731179930105 58 34 20 0.42
4867 0.514710133806862 0.1222804371124504 0.5030755875303522 66 40 24 0.33
4868 0.5161987598994207 0.1291357264011242 0.5800317005440266 137 99 70 0.36
4869 0.534826353261036 0.1233331359787909 0.463867565497326 121 99 70 0.88
4870 0.1635822680052043 0.1088154706858454 0.8742545788959497 143 75 42 0.38
4871 0.5148793062595516 0.1410339787531384 0.5054496186847924 89 67 50 1.08
4872 0.5401614410706342 0.1531987811763557 0.5227565275954391 105 84 54 0.46
4873 0.3625525075975739 0.1660249006787159 0.7719274130691139 98 70 38 0.74
4874 0.5287029381500511 0.155818192490022 0.402733298734812 43 28 18 0.43
4875 0.2693025799745675 0.2074153242778013 0.8886090288243949 114 74 53 0.52
4876 0.5334227993666368 0.1924929912009454 0.5276330837045203 66 48 34 1.07
4877 0.5243733804765456 0.1924624844088944 0.5353139283177062 119 76 46 0.45
4878 0.3599525713786872 0.214896750420533 0.7607179183447026 97 71 40 1.24
4879 0.2424265305765769 0.2340010125877983 0.9129737603347086 125 80 38 0.94
4880 0.05897280787105208 0.2586638492696631 1.168669087804345 49 27 24 0.27
4881 0.5246059050930061 0.1855320408016168 0.469489498216992 54 39 31 0.45
4882 0.1917858520636561 0.2573817282405568 0.9654772921951323 89 65 37 0.66
4883 0.5433613020430267 0.2100897594974916 0.514617997361758 144 111 88 0.47
4884 0.5343184737920458 0.2092533544030225 0.5220837985152225 117 74 38 0.28
4885 0.5174573666404843 0.212852834089784 0.5455656994344822 113 64 39 0.07
4886 0.5440860196927928 0.2147052308926411 0.4942357625402046 69 50 37 0.96
4887 0.5408228819669842 0.2278088409835284 0.5205129504821864 167 120 74 0.67
4888 0.5239763755896792 0.2335553927039252 0.5425664212699265 89 62 37 0.43
4889 0.5222777341410488 0.2341541947027685 0.5452393195974266 77 53 29 0.83
4890 0.4847494907660544 0.153581362359133 0.5966989251015146 126 107 81 0.43
4891 0.09888873154816519 -0.1874987813127931 1.120959891321191 120 89 65 0.62
4892 0.06761382027137125 -0.1893138611670058 1.04759392822038 81 51 26 0.62
4893 0.1089445341694845 -0.1646551938080503 1.113064380230531 119 88 61 0.22
4894 0.04984397082475484 -0.1363810496262184 1.011017598429945 98 58 33 0.6
4895 0.03696887585989173 -0.039892815509455 0.9413632981373052 135 103 61 0.66
4896 0.2061105405479144 0.0478590754202266 0.9304889436841324 188 125 72 0.28
4897 0.5361339161781075 0.1183441833466189 0.5131473732319107 95 60 34 0.47
4898 0.5405723589807717 0.1160301764616589 0.5258967388440652 154 108 63 0.49
4899 0.5440166987895637 0.1246961945594015 0.5433875181869954 128 98 64 0.9
4900 0.07447413585996177 0.02948770279656193 0.8334836455003531 121 66 42 0.63
4901 0.2038344717274735 0.09337809958884699 0.9184143199491218 156 98 51 1.08
4902 0.5313899628226888 0.1315933166590313 0.5613473508719368 56 44 35 0.5
4903 0.09723183613044245 0.06908924856788135 0.8314887819653122 137 82 36 0.7
4904 0.5095384190876623 0.1231365391624113 0.4999437361662896 45 27 21 0.83
4905 0.08672685825032855 0.06769839489480334 0.8244487310474083 134 75 46 0.54
4906 0.3845025437704535 0.1811518608045661 0.7298574330082906 182 137 72 0.34
4907 0.4998377565200399 0.166177000437699 0.4895653348157885 37 24 23 0.7
4908 0.5278884836218122 0.1820454196998751 0.5356079473232238 130 88 48 0.89
4909 0.5309281261793829 0.1851283185979538 0.5077488695004531 109 74 48 0.56
4910 0.4016184337166403 0.239341850619619 0.7024276879995656 141 108 63 0.52
4911 0.547866697545858 0.2178177816020553 0.49569159676669 79 61 45 0.59
4912 0.1256443338099733 -0.1371247952134126 1.101220045512223 135 95 66 0.62
4913 0.1405802678368922 -0.0811884915285393 1.062049478749015 100 56 24 0.51
4914 0.1871322423994041 0.03164662464276674 0.9168848679262465 151 92 53 0.75
4915 0.5500379270345638 0.1222592250173149 0.5417817271789291 172 114 48 0.61
4916 0.507906968711368 0.1652770015427425 0.4130527398686528 17 13 16 0.3
4917 0.3539459329811679 0.219118024030212 0.771360541310498 97 66 41 1.11
4918 0.4151785362174892 0.2264064795426257 0.6860263740356629 25 15 12 0.5
4919 0.3813981308922093 0.3033943468249828 0.9213624814011403 100 92 70 0.88
4920 0.1097238495644586 -0.03080593255544448 0.9961087617421382 192 132 83 0.39
4921 0.07774256840042321 -0.02582784723121853 0.9477695462863588 157 106 53 0.71
4922 0.08002143019065849 -0.01390927211426213 0.8519468384447307 173 189 202 0.65
4923 0.1752405201175019 0.05836973501834369 1.032387709250239 175 133 94 0.8
4924 0.5554096788328615 0.1148240996946787 0.5314527960402057 172 130 94 0.83
4925 0.1250580542108616 0.0317705608187844 0.8660741212550025 128 73 46 0.61
4926 0.1692591220209748 0.06962065015251864 1.027347938866848 95 55 35 0.68
4927 0.49802396390554 0.1033973912403806 0.4872889023621698 156 114 62 1.41
4928 0.5235616534938106 0.1299843815930567 0.5126789770288708 75 43 27 0.47
4929 0.5453053558220167 0.1500489408077189 0.5257545832834254 127 96 67 0.63
4930 0.2517411074324745 0.2252973967984592 0.9075591254495854 110 69 49 0.89
4931 0.07350210952150615 -0.0598902567198909 0.9779097572218436 170 131 88 0.99
4932 0.5148846299314197 0.1283780668570997 0.50615813166114 84 55 32 0.94
4933 0.1858121895772171 0.108984327242961 0.9001271511510458 162 101 48 1.11
4934 0.5004918045999343 0.1463018225966632 0.4872680899018524 27 14 12 0.6
4935 0.4851514424362938 0.1702502893814156 0.5949006295352363 116 86 37 0.75
4936 0.1236927723305064 -0.05859628966262886 1.030866767885746 98 69 48 0.23
4937 0.2213236209348534 0.1375414623421403 0.902130264008281 197 118 63 0.97
4938 0.5190666038296984 0.173566295613132 0.4544794838379109 128 99 57 0.91
4939 0.47798353458861 0.1695988215437216 0.5983983395602172 95 72 48 0.81
4940 0.5441323089909058 0.120536575684853 0.5109082564005947 155 92 40 0.52
4941 0.08056464013676912 -0.2302057430262529 1.090472006869216 86 58 42 0.86
4942 0.04398517019451387 -0.2282721522302503 1.055649780077668 158 155 153 0.62
4943 0.05481483266329978 -0.2101224691454939 1.05080423282568 87 66 54 0.23
4944 0.08348760316295517 -0.1901027351787703 1.05867276620007 90 77 61 0.52
4945 0.1285577060471427 -0.1147453223626915 1.072056190234703 80 59 38 1.11
4946 0.1217440755875787 -0.08980152849795636 1.104733064474871 70 43 31 0.19
4947 0.1367674089481727 -0.08224280377506371 1.081921392725723 105 72 52 0.59
4948 0.1213209726972718 -0.06339824723857107 1.107612191017078 88 58 40 0.42
4949 0.1270730468244423 -0.04708701801844611 1.031404594484965 125 88 59 0.41
4950 0.1374057223680649 -0.01648452082582091 1.094441045899781 123 92 60 0.39
4951 0.02098738804497047 -0.05500608244124905 1.195179726709608 62 44 43 0.2
4952 0.02144530046109616 -0.04209430115720475 1.194471360233345 68 54 47 0.21
4953 0.5433232226671691 0.0938275463491991 0.5436796842991707 78 53 34 0.61
4954 0.1182616560266265 -0.02897867995232162 0.9589469816581065 155 114 76 0.39
4955 0.09708124210468289 0.03838681713001635 1.152252798722397 106 77 63 0.3
4956 0.1729841354089265 0.03355532296465205 0.8987003759203264 83 60 46 0.27
4957 0.2744205557896628 0.07677014201533441 0.9094061420523412 147 106 74 0.81
4958 0.1629047739031802 0.05479581770408126 1.026202362266316 74 42 26 0.51
4959 0.1799509563239443 0.06943749990187675 1.039295852126256 110 82 56 0.49
4960 0.1337633369872907 0.05943420437482097 1.107683083165012 66 52 36 0.34
4961 0.5278148706024545 0.09867516128417078 0.5658635236999638 123 81 49 0.75
4962 0.5240174072462259 0.1012398060996065 0.5691922550392238 98 72 49 0.22
4963 0.1577148619328376 0.08712445111612963 1.00759000190901 75 53 39 0.21
4964 0.131001765264798 0.09075777382252542 1.126556011293231 152 119 94 0.4
4965 0.1071049652802251 0.0826351599884505 1.156124507935575 95 61 45 0.12
4966 0.1094183210450439 0.09150841633332038 1.150188918624735 110 85 66 0.26
4967 0.5482790853942831 0.110657364529802 0.5269397330996363 103 58 28 0.42
4968 0.5387551010105029 0.1105233035706888 0.5439091520340483 73 49 33 0.23
4969 0.08326576003751296 0.02021831509472302 0.777995463426012 150 117 97 0.7
4970 0.1461941840274308 0.05919398890440161 0.8619761543694029 82 47 28 0.83
4971 0.1646585797704002 0.1198413935440652 1.074410134505114 120 85 62 0.51
4972 0.5090058487131605 0.104212722026545 0.5046878769758428 128 92 60 0.14
4973 0.5132806647565592 0.1009451108117381 0.5098742022054072 118 80 47 0.54
4974 0.5191715940030642 0.1052632299303794 0.5168726495483397 113 79 54 0.63
4975 0.551590146037277 0.1292506139327513 0.543371891072284 108 72 48 0.65
4976 0.5204223681648357 0.115370773192699 0.5673580436361866 103 71 48 0.46
4977 0.1469041113711772 0.1273096128141785 1.103124399678339 93 69 50 0.61
4978 0.1447358513773382 0.141439356861436 1.097559709751093 84 64 52 0.15
4979 0.5199769632205419 0.1112885269723802 0.4382223096687124 79 60 43 0.47
4980 0.51942739243936 0.1136635011830092 0.5017335952674532 141 102 61 0.56
4981 0.5194148133554241 0.1192456319220609 0.5000291732043054 45 23 17 0.33
4982 0.5450817928469496 0.132711727717742 0.5268273083430057 92 79 64 0.46
4983 0.5265668042923062 0.13302817189877 0.5672855730542702 41 25 13 0.54
4984 0.5262587223602349 0.1320778210078453 0.5753351336448395 178 128 76 1.16
4985 0.5167071057990457 0.1360400998201752 0.5806105325325195 50 36 31 0.34
4986 0.5540313697759367 0.1134413437037895 0.4023377629213564 192 151 97 1.17
4987 0.515080427048765 0.1305658472366015 0.5056566479160193 52 30 20 0.52
4988 0.5103875523909359 0.1306272161076368 0.4982200685275571 70 49 34 0.15
4989 0.5290130127051605 0.1358316088647077 0.517116992771091 75 52 39 0.12
4990 0.51109202396603 0.1466923777902293 0.5713199123569763 83 55 34 0.11
4991 0.5000206418524367 0.1409888507365276 0.5832791117812643 57 37 25 0.27
4992 0.4702818158238279 0.1458492733127337 0.6292259110889584 106 83 62 0.66
4993 0.4395772571742789 0.1501851317183057 0.6699895909803191 152 118 86 0.17
4994 0.1191678696125179 0.1059475737693903 0.8345308686007302 115 69 38 0.41
4995 0.1748987610593478 0.1317186054918941 0.8782092307558653 137 79 41 0.38
4996 0.146518557097281 0.1738611208070447 1.094898592339022 72 52 39 0.43
4997 0.539680148614891 0.1511527356806678 0.5284309109951689 64 34 20 0.39
4998 0.5199067294564408 0.1527258249536503 0.5559300998148098 108 81 56 0.38
4999 0.5103823914278395 0.1508521970033203 0.5711343940924678 104 73 48 0.17
5000 0.5090715212332432 0.15646934662017 0.570882980819053 84 52 32 0.25
5001 0.4111103318580582 0.1662047134039057 0.6946944111612289 156 134 114 0.22
5002 0.3619235839745637 0.1773383514420141 0.7697296089736484 111 73 37 0.29
5003 0.2868392120692592 0.1775664097492473 0.8651499463753525 77 47 28 0.48
5004 0.2825831560042634 0.1811277267545622 0.877730646057151 120 84 47 0.3
5005 0.1952559458603772 0.1908665701569214 1.002485942554433 62 47 38 0.19
5006 0.1878762129129882 0.2008300777375263 1.040577707333047 95 78 67 0.08
5007 0.5223557873961944 0.1617713071624151 0.5473591780704433 105 79 57 0.43
5008 0.5111214308692175 0.1651233366292211 0.5632929006330432 71 62 51 0.42
5009 0.5084217045754433 0.1722743252226596 0.5646435768438497 95 64 43 0.2
5010 0.3348615577957462 0.1952651631775869 0.8025412888305125 96 73 52 0.34
5011 0.3242380828265715 0.1897042766253625 0.8157674369368711 111 78 50 0.6
5012 0.2352361192258606 0.1983829456869745 0.922176829124002 53 37 27 0.21
5013 0.1085268549106038 0.2120089886713562 1.133425509249394 77 62 52 0.21
5014 0.5009803667312058 0.1644891869723966 0.4936533002083207 69 56 50 0.53
5015 0.5358524677569689 0.1749109414902811 0.5239718665100042 116 85 51 0.65
5016 0.5196500228578832 0.1727353517629316 0.549237068197328 109 70 38 0.46
5017 0.5205699906936349 0.1817785546169386 0.5481486346748728 107 65 37 0.54
5018 0.4115398091784178 0.1962246735017311 0.6844239512724096 145 98 45 0.25
5019 0.2077871228620236 0.2293928845060125 0.9754764187889161 66 45 36 1.26
5020 0.1156946008763655 0.236009840064199 1.116378625418682 66 50 43 0.16
5021 0.5163083119338806 0.1826074963618285 0.4978003651588642 74 56 34 0.77
5022 0.5375701951192576 0.1802817074024777 0.522129333102784 56 33 18 0.06
5023 0.5358462991774026 0.1821994698398001 0.5219832627206742 162 128 92 0.6
5024 0.4729707052501681 0.1968297899685281 0.5990488909932731 116 93 69 0.25
5025 0.4529749548883739 0.1932067464122227 0.6236976908935067 118 90 62 0.37
5026 0.4445032578882696 0.200351204651186 0.6381294478097116 163 117 64 0.39
5027 0.4286047377162057 0.2060235001137677 0.6557811018441659 96 66 41 0.41
5028 0.2564982076555588 0.2376177727774775 0.8925339264704826 103 62 30 0.65
5029 0.1047538241536395 0.2500679027835837 1.088197320116068 62 48 37 0.65
5030 0.5190644502852199 0.1843742703529534 0.4528707217860723 77 49 28 0.96
5031 0.5278231716715124 0.1846157973016899 0.4607142230441179 137 89 59 0.68
5032 0.5178962658088607 0.2027661911745914 0.548480219261534 38 24 16 0.26
5033 0.4364428836702917 0.2117452713338828 0.6559215910546643 97 75 52 0.24
5034 0.5209105175639275 0.189130645934967 0.4531086574718587 164 126 81 0.71
5035 0.5254729294863616 0.1933632776472413 0.45384563035652 104 73 48 0.53
5036 0.5266985712067002 0.2034110332523402 0.4963935123032359 92 58 38 0.56
5037 0.5420942908565036 0.2086259601372242 0.5103017697026393 133 101 74 0.8
5038 0.5295859976150896 0.2081295049493821 0.5288475949511029 151 102 56 0.78
5039 0.3539586891425026 0.24684930421902 0.7635631396938378 146 99 40 0.66
5040 0.2676013837950303 0.2732546537409125 0.891076895521326 104 73 50 0.58
5041 0.5545246791112158 0.2054576624202752 0.4632494659616852 123 93 64 0.7
5042 0.5329385631932851 0.2291518606377038 0.5311469966652769 174 121 75 0.29
5043 0.5285438157042842 0.2303003301545503 0.5363937692265888 98 68 45 0.94
5044 0.514006453376477 0.2347287063156187 0.5602697453469571 110 74 44 0.33
5045 0.05915025554386683 -0.2086823103629616 1.054662801960351 119 86 62 0.33
5046 0.115251510671657 -0.1584097556547279 1.113275873119794 62 47 37 0.68
5047 0.1139915840572722 -0.1191266335594891 1.127505299016239 94 68 53 1.11
5048 0.1078555115186617 -0.1148473173683474 1.129583995554154 76 59 50 0.87
5049 0.06421024577097023 -0.1221926815109319 1.169122248005004 124 100 81 0.47
5050 0.1350729915858867 -0.08359657539149518 1.08702396654594 101 75 46 0.31
5051 0.09639867908798333 -0.08753751837199242 1.144576010313817 67 52 46 0.69
5052 0.106514658935434 -0.03117846155628046 1.13815831414994 104 84 67 0.66
5053 0.1644916593643501 0.006139958405153439 1.051800724770299 129 99 71 0.12
5054 0.1541073371161764 -0.01044391370155684 1.07388543252297 82 46 28 0.39
5055 0.1550187160655582 0.004043375847981451 1.074345926093481 75 50 38 0.6
5056 0.1462506903121617 0.006032186621735297 1.018868553917836 163 119 74 0.17
5057 0.1433741900097589 0.004992138372442667 0.877823106471848 168 143 120 0.31
5058 0.2040328862816811 0.0363717647859971 0.9345579024271844 193 136 76 0.41
5059 0.4141719462334051 0.1047665927937598 0.8473492891690916 145 100 67 0.87
5060 0.1657786054117275 0.06085355240453158 1.009382070423057 104 68 46 0.46
5061 0.113463750474689 0.05667476635829077 1.132987759781241 135 103 78 0.4
5062 0.5391981906718217 0.0960067308617162 0.5487188606006208 99 74 50 0.19
5063 0.541955431443226 0.09848230866059497 0.5450438577750605 92 67 45 0.23
5064 0.1034843675371775 0.02301034670576563 0.8400008125042403 176 120 82 0.65
5065 0.1474564020294329 0.1006205594838328 1.095043947734144 71 50 36 0.44
5066 0.5374284325085608 0.1070233966582677 0.527715481267012 111 72 40 0.26
5067 0.1855099554013984 0.09673192580827623 1.011057868449166 108 85 57 0.16
5068 0.3673901629652305 0.04519606498841058 0.404320180980149 147 106 68 0.77
5069 0.1462263373761162 0.1303919441498188 1.097811575178022 81 46 28 0.18
5070 0.5364465093192667 0.1304680830427836 0.5516114600555578 33 21 18 0.44
5071 0.5248572089331474 0.1361261559732671 0.5560833757914516 55 29 16 0.32
5072 0.06968454046328071 0.0665389072881237 0.7485467205453906 176 158 136 0.83
5073 0.08441984803066926 0.07386525360136179 0.8226247337545454 117 59 26 0.63
5074 0.2411931898430806 0.1450864093570595 0.9527069295549307 41 22 16 0.41
5075 0.5325293220857604 0.1224752434276463 0.4655805002100298 75 60 33 0.78
5076 0.5152457317434953 0.1292463560952125 0.5073614561824653 102 67 39 0.29
5077 0.5225542246727363 0.13320623110747 0.5103631986841759 44 24 20 0.4
5078 0.5053282291718602 0.1432569474054987 0.5796940905848188 41 23 13 0.18
5079 0.4813379221987902 0.149045754675212 0.6042754953679899 112 89 67 0.79
5080 0.1677751777837077 0.1255831584616312 0.8745582813522716 156 102 64 1.03
5081 0.5396692934315586 0.1474813538016874 0.5294789517897086 66 39 20 0.42
5082 0.2739736347003172 0.1853057628665669 0.8907600093591063 75 44 29 0.51
5083 0.1706462152319477 0.1869656559619047 1.03522416205144 106 71 47 0.35
5084 0.1338447208437367 0.1871939098618962 1.078147844886574 100 75 65 0.45
5085 0.08775964343730164 0.2088581512504039 1.15169857058823 38 24 21 0.18
5086 0.2909030266746884 0.1893876705957979 0.8646539759551001 62 44 33 0.33
5087 0.4819934574627199 0.1780045702081784 0.5915002126065435 137 107 58 0.35
5088 0.4098627574375383 0.1932514873643501 0.6878254474123392 108 72 41 0.17
5089 0.5196123795848344 0.149320472382907 0.3715404142505394 59 40 26 1.32
5090 0.5091813870817818 0.1647046714721658 0.4159672644259151 73 52 35 0.6
5091 0.5422887751000059 0.187654903076486 0.5177972996682786 126 84 46 0.33
5092 0.5349421104793058 0.1871386164399215 0.5246898666573021 142 104 73 0.19
5093 0.5318732992663814 0.1897855816534783 0.5311926788443082 39 25 18 0.21
5094 0.5270076610494576 0.1870690944695322 0.5340105066159483 90 54 36 0.31
5095 0.5286306382398059 0.188568613105806 0.5330953946492429 99 69 49 0.88
5096 0.5218491468992092 0.1894792674350042 0.5401740888130614 111 69 47 0.21
5097 0.4947143482375031 0.1849962428944278 0.5724470878880427 65 40 22 0.18
5098 0.4668584424268949 0.1961711096875521 0.607317263167755 133 96 48 0.32
5099 0.4408887036388499 0.2014390568269507 0.6421203156471071 120 88 51 0.51
5100 0.4046045560119916 0.2001572789779288 0.6909729863746389 153 110 71 0.18
5101 0.5199885740578215 0.1932561939652269 0.4516106929960479 129 98 61 0.77
5102 0.5279628109818807 0.2054370179966418 0.4965092967478708 84 54 40 0.71
5103 0.5614447688491887 0.2120555283365689 0.4757865435580543 157 114 84 0.43
5104 0.5281856808793068 0.2200217895675105 0.5433270038430293 132 98 66 0.35
5105 0.07575732129043938 -0.1897980246060082 1.061228497797919 94 65 44 0.59
5106 0.09772824155120374 -0.07243337834698071 0.9961400028232793 159 106 58 0.33
5107 0.08889169061009677 -0.02406146760783526 1.158900515521186 109 94 79 0.09
5108 0.1410579501095097 0.00444699012248026 0.8794399581008876 188 176 164 0.84
5109 0.09362094501229351 -0.001802395009016716 0.8524535079943719 113 68 42 0.92
5110 0.2504578993351136 0.06442111909203335 0.9164701333769896 155 102 64 0.33
5111 0.1631644337146755 0.06651817951194847 1.016964007697119 130 94 64 0.63
5112 0.07211946673272029 0.07706495249993367 1.137158285277373 52 35 32 1.05
5113 0.172677845358815 0.1183216130990307 1.05170490490289 68 46 37 0.4
5114 0.2509842059063662 0.1283521128069748 0.9544800277052948 121 86 60 0.27
5115 0.5393164441534106 0.1203598789807806 0.4593661864705713 115 77 29 1.16
5116 0.5096023394350654 0.144266233624673 0.4967990700345241 30 16 15 0.58
5117 0.06454626153328885 0.2011421706186085 1.15163165143695 54 33 24 0.11
5118 0.5251607940398442 0.1743346168759683 0.5368105375019345 86 54 29 0.89
5119 0.5334995763044018 0.1877269589518085 0.5291741191738553 101 68 46 0.76
5120 0.5168612071356545 0.19098759934295 0.5518056768990709 131 75 39 0.68
5121 0.4841369678880022 0.194703931004338 0.5828845938596521 80 57 35 0.43
5122 0.3782498278072724 0.2062763197360939 0.7296892242609468 99 70 39 0.48
5123 0.2955683922882971 0.2433272539569283 0.8423220522101857 60 30 16 0.3
5124 0.5357418730615351 0.2318433928512002 0.5293592162852673 99 71 42 1.01
5125 0.5138758009681472 0.2357783875130803 0.5555842703809192 76 51 32 0.28
5126 0.1226027270522849 0.1241390616303918 1.146420958815841 143 110 82 0.77
5127 0.5268248813190648 0.114954734660789 0.469189626673042 125 97 59 0.73
5128 0.1789263572558741 0.1369610794795789 0.8903762479171571 141 92 51 0.93
5129 0.2017660422426443 0.1896422513686248 0.9913180744454894 85 62 48 0.37
5130 0.4785068904702494 0.1651985107752242 0.6018940251380861 110 80 43 0.58
5131 0.1463006079468987 0.2171585458073737 1.0810893125491 96 76 61 0.48
5132 0.1111628427355347 0.2173962358449984 1.133018732813916 48 36 29 0.6
5133 0.5208227453404647 0.1729131789408616 0.5081898962826905 162 110 64 1.0
5134 0.3946315926560655 0.1894806835910635 0.7087695537503361 98 70 39 0.94
5135 0.4362834860414342 0.203380281389433 0.6443345608398096 82 61 36 0.83
5136 0.2606185129984206 0.2703365722936675 1.049182034511288 37 24 18 0.61
5137 0.5304381188906758 0.2134793305736185 0.5340584903667444 121 85 56 0.25
5138 0.5060165061930244 0.2149478176813349 0.5596101846202186 106 62 35 0.38
5139 0.3297381867652013 0.2497770468338739 0.7939618801644844 126 93 73 0.36
5140 0.1640613822544412 0.2943380743346591 1.063725765319576 78 57 48 0.32
5141 0.4719730996634737 0.2433585428203974 0.6132472030735321 61 49 39 0.51
5142 0.0897648903107226 -0.1732334894570838 1.138405980020861 68 43 32 1.09
5143 0.5125171831917709 0.1020779518529181 0.583220374599817 175 125 58 0.68
5144 0.5469904945263014 0.1352517082664928 0.5310402262894144 86 83 75 0.86
5145 0.468003766326312 0.1619921735337293 0.6188918643498595 111 83 53 0.48
5146 0.3367368815869072 0.1750913847169963 0.8085538913181156 100 74 38 0.58
5147 0.508958818659008 0.1675433362463476 0.4988612402929975 102 65 43 1.02
5148 0.4983060775052054 0.2256490746876922 0.5810979863362069 146 117 78 0.74
5149 0.1160135680341095 0.006429895773282734 1.138872402128598 125 100 70 0.65
5150 0.22247939507581 0.04114711522418923 0.9313532209912285 134 68 38 0.58
5151 0.1558841514458238 0.1049263909964662 1.022475329495819 76 39 24 1.09
5152 0.5193657012467898 0.131061763625377 0.5788349482115368 113 93 78 0.7
5153 0.1602334781130873 0.2581617353721885 1.024560461811594 62 38 22 0.87
5154 0.5592854798019498 0.2179281462906988 0.5114518336720242 87 54 37 0.86
5155 0.1228495733177725 0.0901742039718334 0.8375705015222348 192 129 77 0.95
5156 0.2080570935163605 0.1238333389326459 0.9132722384527169 137 78 43 0.47
5157 0.1494155831404234 0.1231496749870577 0.8684531323392309 154 92 47 1.06
5158 0.1352591912115601 0.2543396531351283 1.064744571657278 52 38 24 0.71
5159 0.5072248377692514 0.180571057229916 0.4213702826430662 55 39 33 0.79
5160 0.5326454518631332 0.1197757431953691 0.512254694174978 109 85 64 1.05
5161 0.3979143831972985 0.1612387630648942 0.7224017096638772 91 55 25 1.17
5162 0.5250267086057498 0.156335680495097 0.5362929212445612 74 43 24 1.27
5163 0.06979906074592751 -0.1302073678670415 1.029238640992502 112 72 42 0.29
5164 0.1236715634290763 -0.07967951408589302 1.047137703364729 67 47 33 0.5
5165 0.08937987468382891 0.06729267775486603 0.8269201344306 126 75 34 0.58
5166 0.1275407483743901 0.08331802987510181 0.849025312961613 108 56 28 0.38
5167 0.1487531785220846 0.07390239990309516 0.8611574982801955 138 89 45 1.01
5168 0.508524287914242 0.142234867152166 0.5764527008585866 185 132 77 0.2
5169 0.1559602743093377 0.1071622987469506 0.8612936398798168 93 54 29 1.11
5170 0.4545531586733447 0.1642916331550717 0.6356140277669756 101 81 58 0.28
5171 0.5391563164840818 0.1654746765041919 0.5223223624412396 167 108 36 0.32
5172 0.4759723818250348 0.1736781349034268 0.6036266764215135 82 59 45 0.46
5173 0.5192870917830565 0.1789217850372964 0.5464295909281704 70 39 23 0.47
5174 0.5145554325391594 0.1801735196043006 0.5531703257763704 78 40 23 0.43
5175 0.3542475079517071 0.1974940147653489 0.7747398813828662 86 63 41 0.54
5176 0.4246367961680888 0.2046821434482178 0.6623889664133613 99 66 35 0.48
5177 0.1359846615114507 -0.1184867548353302 1.08447466327441 123 87 54 0.82
5178 0.2186784268211745 0.1069160877387676 1.02059514128596 117 78 36 0.2
5179 0.1293011617393318 0.09917549604239426 0.838524651843387 130 72 29 0.89
5180 0.5350064853875122 0.168101371675111 0.5266782556611329 221 135 40 0.19
5181 0.1691745168774421 0.2018755494821349 1.050007290952214 85 62 47 0.73
5182 0.1610719427614457 0.2028156239039899 1.063280911223658 82 61 42 0.46
5183 0.4856091683820226 0.2104362195966162 0.5893537226099336 102 73 51 0.61
5184 0.1917380390675746 0.2258894216415063 0.9987316786930209 87 58 39 0.66
5185 0.4822398662115748 0.2094768023700956 0.5939355488556712 82 54 30 0.84
5186 0.2578850157662982 0.1633418706559996 0.9164465129232504 115 76 38 0.55
5187 0.5303988131299773 0.1527023646057944 0.5428669111359274 53 30 13 0.44
5188 0.1332227256873486 -0.0953191218975461 1.090764686228972 126 93 61 0.69
5189 0.09512769721691439 0.04964752236582179 0.8320768480229039 138 77 47 0.22
5190 0.04436278328801402 -0.07756338471322727 0.9741072676680548 90 52 30 0.81
5191 0.1930481666568087 0.1142537979306448 1.025725057938906 71 46 30 0.74
5192 0.5314879046763852 0.1861474200448922 0.5228379051402265 59 35 20 1.1
5193 0.5394931789678465 0.2039160138604642 0.5205414630741695 142 84 25 0.66
5194 0.09582994871642941 -0.0004422147432013579 0.8443536244152512 128 87 57 1.25
5195 0.100097014222101 -0.2258274841441397 1.105821038305535 82 51 32 0.35
5196 0.122303974680116 -0.1267576115372525 1.076376827234778 138 79 40 0.44
5197 0.05814310403361389 -0.09308060711619209 1.000961978377969 129 86 51 0.63
5198 0.07432446424512762 -0.09231952403650567 1.005964396234942 85 44 22 0.31
5199 0.1082366196707413 -0.06990256845303222 1.019793447284459 112 76 55 0.22
5200 0.1283513346338079 -0.05007361815923689 1.109568100114998 68 39 27 0.11
5201 0.1293362436297575 0.005549029579475923 1.117530063972469 110 76 49 0.54
5202 0.1601071563410179 0.02259609013399133 1.023777268106136 186 120 63 0.28
5203 0.5371748739026593 0.1315606477192002 0.5235379921041576 91 58 32 0.43
5204 0.1184297322207466 0.06520171326355148 0.8494927645728775 209 117 50 0.35
5205 0.06484361313260772 0.01708903997344663 0.8108837666069892 222 221 217 0.54
5206 0.1667917317761753 0.09913858603761058 1.013586039442796 137 93 62 0.36
5207 0.1728430228518276 0.1012400282749038 1.07292933905867 85 46 21 0.4
5208 0.5142111901709762 0.1304930147418523 0.4978762509100247 160 104 56 0.22
5209 0.53937645224968 0.144854398806156 0.5318108128433717 76 52 31 0.16
5210 0.4564558063919724 0.1529616036772331 0.6423790662125139 88 57 28 0.87
5211 0.2742117879055346 0.141526933683677 0.9052702125875197 84 48 25 0.86
5212 0.198909515962535 0.1904339733435677 1.003462507593912 128 81 53 0.42
5213 0.5233067523075845 0.1791812290884557 0.5034720898599945 71 43 26 0.33
5214 0.2874931581478869 0.2039429638754449 0.8673294226413913 105 82 48 0.4
5215 0.05123017801472463 0.2255771626745715 1.208551880567738 95 91 90 0.47
5216 0.5280410169985644 0.1865476582755161 0.5028505673834149 122 67 36 0.41
5217 0.5415802149533451 0.1854339594133931 0.5110696592930374 141 87 48 0.26
5218 0.5375311191113468 0.1863379552525982 0.5093031395745513 107 63 32 0.67
5219 0.3818191778922768 0.2052098834647025 0.7212978507757248 151 87 22 0.23
5220 0.1566756056354725 0.2640392744076742 1.029924907292374 57 31 13 0.91
5221 0.4776327572701746 0.2364937702152567 0.6064365691371144 124 87 57 0.56
5222 0.134927515827057 -0.102396251888463 1.0904606087899 145 107 80 0.13
5223 0.1534191161044903 -0.05063082247921519 1.057726875214306 88 50 25 0.25
5224 0.1191235531485234 -0.02399234389133484 1.009033378666713 186 115 57 0.13
5225 0.1624421998342931 0.01517253645787348 1.063102294072745 110 77 51 0.46
5226 0.1425042710336719 0.007344614530115423 0.8767769005602417 103 70 46 0.25
5227 0.5038324070740779 0.1037322662069051 0.4495227986561527 44 25 18 0.81
5228 0.5360653497858007 0.1281681610796861 0.4733818843118449 123 81 49 0.6
5229 0.2726025424527692 0.128154732354254 0.9167475300667969 82 51 30 0.92
5230 0.2437388469767673 0.1546428263825528 0.9397131904748401 127 93 60 0.53
5231 0.4431360396226078 0.165956577649585 0.6604212801672026 171 141 116 0.67
5232 0.5100776463991165 0.1878685489913977 0.4384218955715358 42 31 27 0.56
5233 0.5333317105534292 0.1981471408723217 0.4988108189941528 176 117 81 0.6
5234 0.4380225203205162 0.2130150338408356 0.6477373488778396 50 34 26 1.05
5235 0.1302006884253958 -0.1774410768883333 1.088387931353416 173 113 63 0.13
5236 0.1418858386088086 -0.07848103869228357 1.084762778752474 155 114 85 0.26
5237 0.09653315749864066 -0.1008908068258235 1.14147625253617 57 34 26 0.47
5238 0.1356074634963012 -0.007903999389894639 0.9637183636791578 146 98 66 0.09
5239 0.182605218516032 0.05314690316708681 0.9030762082442099 102 49 17 1.07
5240 0.5235659091607743 0.1704333198956883 0.5084506395517758 119 77 42 0.74
5241 0.4718780944311007 0.1734139590548678 0.6087588207368801 111 83 45 0.77
5242 0.5294927570848654 0.1898541009472 0.455743830010595 168 115 81 0.73
5243 0.4635152115254787 0.2141201642967999 0.6155821271356045 91 70 50 0.34
5244 0.1364715109232971 0.2712395190611546 1.072841137535828 73 51 44 0.86
5245 0.09143951960462815 -0.1534716932849448 1.052527435128032 85 43 14 0.2
5246 0.1229682175181176 -0.1542631936980094 1.089875804344796 161 113 68 1.22
5247 0.1067534011347907 -0.03905996806717943 1.138154026854215 79 38 19 0.15
5248 0.1273275164344419 0.002029421910775375 1.124232445584911 148 116 83 1.16
5249 0.1193144412925893 0.01473343636222677 0.855732630673729 115 64 37 0.6
5250 0.1264910308358273 0.04903715891640861 1.110900117752229 73 38 22 0.65
5251 0.1046705118375643 0.02471703701430619 0.8739116438922299 108 60 27 0.85
5252 0.511917127573817 0.1262048469348954 0.5046191351415947 113 74 49 0.31
5253 0.5261556855327016 0.1458353616181968 0.5121035402418097 136 76 36 0.23
5254 0.5103869413186444 0.1462088939968103 0.5738239662599758 33 19 13 0.28
5255 0.07143813591547943 0.1912172283890379 1.171084858872385 74 50 39 0.35
5256 0.5144322459274314 0.1863258889059652 0.5507752637435228 104 55 16 0.22
5257 0.1125833138188231 -0.08971754534317622 1.042388412731846 126 80 48 0.68
5258 0.2158059202409362 0.1275001636492601 0.8897328750719791 169 89 28 0.4
5259 0.236254465504948 0.2041047187311666 0.933177112878664 45 26 14 0.51
5260 0.4836390052208143 0.1939508821264345 0.5822348316170589 48 27 15 0.47
5261 0.3670974737223333 0.2125072925832215 0.7459154559895301 56 35 15 0.22
5262 0.1320034716012567 -0.04228362098512106 1.098194013914523 56 35 27 0.53
5263 0.5136854581854521 0.1527274739045177 0.4260201772002365 82 61 35 0.99
5264 0.5167843775956504 0.1978503204920571 0.4943956429178171 108 67 33 0.79
5265 0.5474079556303206 0.2040207752859096 0.5111267948563745 154 102 73 0.6
5266 0.1575093622066788 0.2536537005833663 1.03658987504487 74 43 18 1.09
5267 0.5391708234528284 0.1248811796170837 0.5161609548829668 33 21 13 0.54
5268 0.5184849957884345 0.1060233447862075 0.5325229726103583 184 110 40 0.39
5269 0.05440904610344754 -0.2901590710714187 1.161711144696896 126 112 104 0.87
5270 0.04119571378311893 -0.2341117083573459 1.069305853046338 134 130 128 0.76
5271 0.1077870578223978 -0.1940460297945769 1.090673446446597 120 90 60 0.65
5272 0.05477973813858134 -0.2016419129759259 1.046899538599567 78 53 40 0.21
5273 0.09221113296122196 -0.1533059320785753 1.045145026740038 130 88 53 0.16
5274 0.0809922998384619 -0.1378479126718848 1.035901860778758 64 43 33 0.14
5275 0.07940566156762396 -0.09900139835297889 1.010353829803345 84 58 40 0.33
5276 0.08767318331966106 -0.08716431976643257 1.010267650851123 82 54 35 0.21
5277 0.03545040719630721 -0.06954634900293194 0.9613248491529873 93 65 46 0.18
5278 0.1321036959651141 -0.020009537007559 1.010396428519696 136 87 51 0.18
5279 0.1335883524953999 -0.008102003307784045 1.009559525642961 165 118 72 0.19
5280 0.1229161047175212 0.03119584694426356 1.137056728167177 98 71 58 0.59
5281 0.1258499920940029 0.04461710722144188 1.118981032641103 104 73 56 0.28
5282 0.2102008405290864 0.05035919184632232 0.9249887982185685 157 106 68 0.32
5283 0.2829069287052625 0.07272983866053662 0.9129513978612048 127 89 57 0.16
5284 0.1595731047061143 0.06249282375315338 1.019086665577083 82 49 26 0.33
5285 0.5333851483279783 0.1131338961476206 0.5511522151075784 145 92 29 0.7
5286 0.104513476023042 0.02311156679222895 0.850767164715666 138 93 60 0.53
5287 0.2099517300349557 0.0688021776440037 0.9234756596845548 76 40 21 0.42
5288 0.4756706673518568 0.08607937482838882 0.48520069279261 85 57 40 0.96
5289 0.5490746896176288 0.1247727005085003 0.5391203659481645 89 59 36 0.28
5290 0.5149324202077195 0.1196688012204338 0.5762881816821961 128 90 48 0.19
5291 0.122437281422507 0.0569228116542064 0.8541172689831957 136 92 58 0.66
5292 0.2457715298794984 0.1490253336798266 0.941205119259315 110 83 55 0.47
5293 0.5277630532832159 0.1419373379472736 0.5467886858523315 74 44 30 0.33
5294 0.5298194161555789 0.166270883228901 0.5368106399410826 100 57 31 0.07
5295 0.524788240117913 0.1799063533102422 0.5368165411814648 74 27 8 0.18
5296 0.4404223577268219 0.181030989164682 0.649761849424465 105 71 33 0.57
5297 0.4374602979014757 0.1862446428494536 0.6513456559617826 118 89 45 0.31
5298 0.4306155700451531 0.1828577434515445 0.6630633450843879 120 84 47 0.56
5299 0.3772398950088129 0.1819897758831857 0.7368425284874904 168 126 47 0.21
5300 0.5250732964511811 0.193939362748683 0.5401631853612504 55 29 18 0.17
5301 0.5195694863991961 0.1948475240215264 0.547238278171197 59 38 24 0.25
5302 0.504251811189501 0.1987813575543929 0.5683666576079121 58 43 29 0.39
5303 0.4502547897461574 0.20054258538892 0.6296530585915128 104 74 36 0.15
5304 0.4345809223924962 0.2108385381358293 0.6591094357832479 86 65 45 0.29
5305 0.4327447753108934 0.2164104581266403 0.6623026497603982 97 59 28 0.27
5306 0.1958632666921762 0.2567699688159081 0.9688859584188309 77 64 52 0.35
5307 0.1095008386763315 0.2456587767912566 1.056961188501778 62 40 27 0.45
5308 0.5208791348927215 0.2145359803663323 0.5436623381496253 143 82 23 0.91
5309 0.5320936633655657 0.2238178938572624 0.5682142253653489 136 125 105 0.68
5310 0.02511965438680319 -0.06748999068128675 0.9561272557235518 90 59 45 0.69
5311 0.04464756798695413 -0.04179562254207869 0.9477504591226695 76 43 25 0.81
5312 0.1840028372353616 0.01487708732182372 0.8788840712460187 150 104 67 0.29
5313 0.1711890524300767 0.03863070640916685 1.042324826743312 174 134 104 0.25
5314 0.1685032332973947 0.06406767940717067 1.017536420800646 150 114 86 0.59
5315 0.5396208166267574 0.1117561117099876 0.5423916751507901 105 75 41 0.48
5316 0.5281684932292271 0.1116983300825567 0.5588755764472112 133 78 42 0.18
5317 0.538405051393124 0.1215625291000703 0.5478729948606185 185 127 68 0.61
5318 0.5050497517402345 0.1594595440864389 0.5742904208699852 121 80 45 0.68
5319 0.4419893165326876 0.1638322858390768 0.6539742429385662 186 146 99 0.26
5320 0.4184601969304684 0.1728254799101274 0.6839898884380518 127 81 36 0.23
5321 0.5037889215531174 0.1782256196647432 0.5696371706508192 134 81 37 0.36
5322 0.1280494992211846 0.2196943844869982 1.110529615906839 59 34 29 0.1
5323 0.5151414723729628 0.1498072557803186 0.3780944779621365 69 45 26 1.11
5324 0.528315404908577 0.1779848444196206 0.5102252685900879 45 21 10 0.45
5325 0.4909197965127453 0.1847720541382151 0.577434421696201 83 57 34 0.42
5326 0.4025284054764582 0.1995203607593358 0.6943562796281757 157 95 42 0.3
5327 0.386096406425428 0.2055765560310479 0.7138272390511472 177 126 66 1.1
5328 0.5177785141267767 0.1674204459727545 0.5522060088610913 74 50 32 0.07
5329 0.1456048817119553 0.2672361224733888 1.045556622722879 92 65 45 0.38
5330 0.5010678497093575 0.2181808461341055 0.5694550524067405 114 92 54 0.24
5331 0.129697358084376 0.2808168392492046 1.078471486828467 47 32 24 0.44
5332 0.04583435227484667 -0.1149435778914076 1.000771612210477 73 53 45 0.27
5333 0.5005527578881989 0.1021023149869617 0.499372233691315 158 112 53 0.54
5334 0.5280541659474125 0.1226423567733176 0.5606471076980384 177 124 61 0.18
5335 0.1758134903642918 0.1122835277642778 1.060906036718326 148 101 56 0.54
5336 0.1760436412597592 0.1430834658349916 1.058542576267723 104 71 35 0.28
5337 0.4633386924730497 0.1440250813201265 0.6359160882072986 94 58 42 0.69
5338 0.1721987585645414 0.2013597319237228 1.039555788932897 74 54 37 0.64
5339 0.1171448926655803 0.2044784620737667 1.120686446168364 88 56 40 0.63
5340 0.5176316515351417 0.1920686639344829 0.549809004521521 72 36 17 0.2
5341 0.4615415228709208 0.1923092690790254 0.6178895679203048 142 100 30 0.44
5342 0.1704981504090913 0.2696306696793148 1.029594159605988 55 34 21 0.45
5343 0.1025786663019053 0.2755340661042402 1.114118395278459 84 54 41 0.32
5344 0.4473579948571394 0.1633390243317593 0.6498874024359305 120 103 84 0.61
5345 0.5286581546787443 0.1719858262535478 0.535715468940986 113 67 35 0.38
5346 0.5131717745880423 0.1733245639923864 0.5594405791596009 98 53 28 0.48
5347 0.4067393216478367 0.2194886635046862 0.6900448185701262 96 64 38 1.02
5348 0.5220254702714875 0.1175417672777601 0.5648935201187943 153 99 45 1.75
5349 0.20065144912837 0.1963940526941453 1.007101511224139 53 36 27 0.34
5350 0.4582504934638716 0.2073602383028173 0.6303822354994459 77 57 37 0.47
5351 0.01723036725279781 -0.04212346513221876 0.9341554323961633 128 98 67 0.34
5352 0.2017752164168837 0.08959208824208742 0.9154342727780191 104 46 16 0.88
5353 0.5171099940278731 0.1761955989473232 0.5501628412718235 166 94 35 0.32
5354 0.5405657643288643 0.18666004424754 0.5174011468987885 74 38 12 0.79
5355 0.5359431650894485 0.1183817919953469 0.5439092832747504 181 117 40 1.01
5356 0.144864617586241 -0.08465029894940235 1.065424709451233 113 79 57 0.71
5357 0.1298626750371404 -0.07405838467505527 1.051586668865476 149 104 65 0.61
5358 0.1432494876655101 -0.07880516282100108 1.072918861970755 132 103 74 0.37
5359 0.0882051982125846 -0.06042225027574516 0.985877492748889 138 90 58 0.32
5360 0.1636328898499125 -0.03132989176381595 1.057379636108648 115 76 49 0.25
5361 0.132835286204088 -0.03305245174713825 1.020990131270678 192 145 97 0.16
5362 0.1297245464264882 -0.01951829966774221 0.9919659399731091 134 90 57 0.67
5363 0.1290531090809057 -0.02375862461954129 1.006789065361623 175 130 81 0.22
5364 0.1625836551848489 -0.001861301983782732 1.056990763369974 96 66 52 0.38
5365 0.08855702418591566 -0.02318907829651765 0.9504262067206772 121 80 52 0.56
5366 0.215812052419231 0.03153335742102317 0.936474345974675 170 114 81 0.21
5367 0.1868998319541736 0.0397832364065307 0.9029060999269575 129 72 40 0.64
5368 0.1807892074495709 0.0422692615067741 0.9963492866164998 168 122 84 0.44
5369 0.552056574872317 0.09647793590226653 0.5372358340767738 138 102 73 1.45
5370 0.1088768069553706 0.0249370828112303 0.8441466230072374 113 74 54 0.48
5371 0.1700453005839289 0.04792749976505542 0.8824276175661332 131 90 64 0.61
5372 0.1763136633730475 0.05449660013815252 0.9020173154043591 134 77 47 0.32
5373 0.2172789529352525 0.0645382030183092 0.9269829888925007 150 103 62 0.41
5374 0.5464866487806387 0.1096354660091433 0.5304197256361618 111 75 54 0.52
5375 0.5225017386702333 0.1069421450708129 0.5207787109947413 120 83 57 0.53
5376 0.5365427746986057 0.1110766322360599 0.547187743051866 93 62 39 0.41
5377 0.5128322314778098 0.1094015120715058 0.4596622099140137 102 76 55 0.33
5378 0.1962400496982473 0.2061151176268708 1.028620394840029 91 72 54 0.59
5379 0.534090768744341 0.1218804850182015 0.5516396568992261 93 67 47 0.87
5380 0.2653060404661468 0.2131410516299167 0.8942485764147308 80 50 28 0.55
5381 0.240976350174482 0.2170473441738568 0.9097966441625345 83 55 39 0.72
5382 0.3698385822563045 0.2490015965285869 0.745806412204308 103 78 51 1.37
5383 0.3897717719776297 0.308442411266179 0.9177530156463528 86 91 83 0.5
5384 0.1057214151948898 -0.1106445807630546 1.048115491857442 170 116 67 0.38
5385 0.1183347313937093 -0.03341199960334493 0.9943307077343753 165 116 79 0.12
5386 0.122792663253392 -0.02057266106501646 0.9738747968054799 172 116 67 0.34
5387 0.1521599874660647 -0.01404634685434175 1.042201499118312 106 71 48 0.35
5388 0.02937742412280753 -0.03938998906621582 0.9360967056185647 129 82 50 0.53
5389 0.1631001596902122 0.03473839002853629 1.052888879699296 98 68 41 0.36
5390 0.1770911095389851 0.02306267257656505 0.889061461412327 92 62 40 0.41
5391 0.1506458520205877 0.04500774720588482 0.8854517679556271 133 93 61 0.88
5392 0.09785618961905368 0.07800659531680987 1.143630939008401 99 68 48 0.48
5393 0.1990672651727477 0.08322857992657867 0.9084866259124931 174 110 58 0.65
5394 0.07450435327238208 0.04557357871813483 0.7637096233766993 166 126 60 0.4
5395 -0.08236700066344993 0.06630068559682073 0.8356098886322316 125 73 36 1.44
5396 0.1989731058902863 0.1525460038722168 0.8954090077253829 169 104 58 0.81
5397 0.5233372978049337 0.1739980134231452 0.5076931702252862 129 82 55 0.74
5398 0.1639224408016046 0.2355327419214814 1.011837828854043 55 34 25 0.75
5399 0.4299619338612926 0.218147847223071 0.6653543607973359 62 40 25 0.51
5400 0.07534578682836113 -0.2012508801113864 1.157369795192444 169 186 188 1.15
5401 0.08415498695424095 -0.117252466127179 1.028379746627616 125 84 56 0.31
5402 0.09640952344071357 -0.1022347467910477 1.142092394649247 70 47 37 0.73
5403 0.05075061970760442 -0.03508462895170394 0.9614316981466248 215 171 140 0.84
5404 0.08536177175466902 0.05148646113872721 0.8255023498659465 145 98 66 0.46
5405 0.1638960922786203 0.1247382322312988 0.8788206412941197 123 69 38 0.86
5406 0.5429345827953761 0.1536474066057846 0.5247608538899018 77 49 24 0.28
5407 0.1179663592398834 -0.1406120335667185 1.076753062861602 90 60 42 0.89
5408 0.3872105922901466 0.188475191911442 0.7220020065049044 134 103 52 0.3
5409 0.0621196253618877 0.06519826727791866 0.7653709931314502 112 60 38 0.48
5410 0.1723610228186549 0.1109913411854738 1.003409095172225 94 61 41 0.4
5411 0.181666013117714 0.1415195300256196 0.8894903406623608 63 36 24 0.53
5412 0.4967566543892555 0.1676953648167382 0.4259379505599758 35 30 30 0.2
5413 0.04803309861105831 -0.09596398128748956 0.9863867138143454 121 72 43 0.62
5414 0.1461820301652625 0.01372915931671881 1.01474961219806 138 90 58 0.53
5415 0.09619558339893947 0.02752858547633996 1.159184889970125 107 85 49 0.4
5416 0.5339483452644065 0.1181675467841251 0.5518999718628189 132 97 58 0.99
5417 0.2560584769734365 0.1255685280177419 0.8999930289141636 189 118 59 1.06
5418 0.1160318962330767 -0.03658587899438881 1.125599380809111 56 39 34 1.03
5419 0.03329732914117745 -0.03311858395684317 0.9291652243629113 178 121 92 0.52
5420 0.1036526478966797 -0.0127033436453689 1.014797376195144 172 118 72 0.29
5421 0.1577292368040044 0.0255460001216879 0.9371356488360827 109 49 22 0.34
5422 0.202045673764947 0.113094183080543 0.9294861860165076 148 91 53 0.4
5423 0.5415873053426323 0.163943430975477 0.5234810758907582 92 57 26 1.4
5424 0.488441957797136 0.1585405185806009 0.4245270849769953 27 24 22 0.51
5425 0.18047096787015 0.08007153653448787 0.910612097369609 145 79 41 0.57
5426 0.114312383112542 -0.02285422207166107 0.9564787482747257 113 69 33 0.83
5427 0.2483560776531827 0.1435520083755408 0.8977035437149972 201 126 56 0.76
5428 0.5234216649734715 0.1609967433458598 0.5021319928623986 156 105 52 1.1
5429 0.09365580900071357 -0.2725043572597805 1.096137073929906 163 139 82 1.18
5430 0.06179434684302054 -0.211079417467669 1.081757828257559 153 112 78 1.22
5431 0.5359844612736875 0.1275898572486303 0.5580980574214846 81 46 29 0.86
5432 0.5033268368107079 0.09697225274350046 0.5041135748152852 72 55 38 0.69
5433 0.5109112436149728 0.1033995720505864 0.5088262828583737 105 68 42 0.32
5434 0.519314585481649 0.1006554153412873 0.5145288279218991 66 45 28 0.38
5435 0.5435353775746213 0.1064437934247336 0.4106593125322522 169 132 90 0.67
5436 0.5100254504081591 0.1096636188561645 0.5030471211472946 113 74 44 0.26
5437 0.5210138831522068 0.1249558582288192 0.5711267435741448 116 84 56 0.24
5438 0.5172719491828539 0.1339508754967989 0.5804087039962031 118 101 79 0.25
5439 0.08846585741806295 0.02696469593791775 0.8386805926764931 115 72 49 0.29
5440 0.5405127050174682 0.1453832383786835 0.5235441746535403 68 46 33 0.37
5441 0.4965505052499303 0.140056953478585 0.5889578691455876 76 49 23 0.45
5442 0.5344117308299969 0.153667195151295 0.5363455810812335 99 74 44 0.37
5443 0.5101805210796008 0.1584559583083761 0.5681363100586673 112 79 45 0.22
5444 0.1542749264106315 0.1019695969476395 0.8615540979955936 150 96 56 0.79
5445 0.5301397155444297 0.1569600296470319 0.5153426949143695 88 55 36 0.21
5446 0.526479843334523 0.1624249004174182 0.5436640836037604 137 97 56 0.22
5447 0.5051180443836434 0.160492386156553 0.5727709833840555 68 40 17 0.34
5448 0.1207059585355147 0.1738314095448318 1.12084045637302 121 92 67 0.1
5449 0.5110307000123734 0.16501462368955 0.4923860016875152 51 32 22 0.7
5450 0.5390287837463202 0.1785573866148751 0.5168595222575808 84 65 54 0.07
5451 0.4772905769641197 0.1764678736873893 0.5991133611515894 139 100 48 0.32
5452 0.3521959115438643 0.2099684594860867 0.7710653657530857 98 75 49 0.38
5453 0.4838555033065439 0.2324026415772077 0.6061100107114648 111 80 55 0.2
5454 0.1611739412427814 0.002564739425156171 1.033044263809179 56 41 25 0.33
5455 0.5191411766734008 0.1023804512425448 0.5151481801325883 138 102 72 0.38
5456 0.5287407994903837 0.1230366831825072 0.5623526331188285 128 77 43 0.08
5457 0.5187588857279133 0.1337297615224352 0.4972253619285952 75 52 31 0.31
5458 0.5014441588001205 0.150594144777803 0.582674004963802 118 96 71 1.18
5459 0.5095324646728612 0.1621910622675294 0.5707782582678016 118 77 44 0.54
5460 0.5251784036393167 0.1825801499216547 0.4586402729261131 97 65 41 0.52
5461 0.5431681256859467 0.190708386765058 0.5124347064637106 72 43 19 1.14
5462 0.5236716070766508 0.2159635471195107 0.5400904355234633 157 128 90 0.49
5463 0.5504150641608088 0.2171724020263814 0.4975093762143777 90 74 60 0.68
5464 0.526223731786341 0.1910209570969049 0.53886072433375 76 44 23 0.68
5465 0.5311542974047273 0.1380849691425317 0.5430413020082249 93 63 36 0.2
5466 0.3375186488809458 0.2196458103319135 0.7842639212932787 117 85 47 1.09
5467 0.5274589676593071 0.1589745199159844 0.5149908558577252 95 60 38 0.71
5468 0.1825464647509708 0.01652911200723142 0.8961038327293733 170 120 73 0.36
5469 0.1433922244752786 0.07994634735817457 0.858072099395273 163 107 54 1.05
5470 0.5134215269930409 0.1060125829194601 0.5075180350880234 152 99 35 0.77
5471 0.5067528227718278 0.1692608591773772 0.4654055235555244 10 8 7 0.69
5472 0.09114741922287733 0.06179275474531429 0.8325524734753333 83 43 24 0.79
5473 0.3559557637857945 0.1655299616083165 0.783013884443071 141 113 74 0.4
5474 0.2009249234154088 0.1547553833841407 0.900334804077521 81 40 17 0.17
5475 0.4117281090510763 0.1682887452175105 0.6947461435664725 191 160 115 0.27
5476 0.4189754662357482 0.1879882191489126 0.6789445771907712 130 91 54 0.57
5477 0.5148545146156862 0.191359631179354 0.5520381846451731 80 51 36 0.2
5478 0.510370232053208 0.2381601347797895 0.561258707737181 122 101 60 0.53
5479 0.4719254572547648 0.1809384556107411 0.6075077506549149 121 96 52 0.35
5480 0.3983101474784707 0.170936704974596 0.7100059380634467 149 128 94 1.01
5481 0.06213190109267669 -0.3021258131058305 1.138052155103653 164 166 166 0.78
5482 0.05580026532596805 -0.2277156206709327 1.06614258410563 156 118 78 0.31
5483 0.07164062444621538 -0.1812704193080471 1.047517110251266 136 97 58 0.34
5484 0.09593289202842076 -0.1574372148288183 1.065169200650565 119 74 42 0.22
5485 0.1064978028700838 -0.1240348482318873 1.053980657557647 96 49 21 0.38
5486 0.1205720071761691 -0.1055033632157786 1.054968851740723 115 82 56 0.33
5487 0.1418202419842778 -0.1009122013931518 1.075906288082688 155 112 74 0.62
5488 0.1205043090422931 -0.08624169033875179 1.044077340246441 121 93 69 0.15
5489 0.05710294106436581 -0.1022108320862526 0.9985951583696762 93 59 40 0.6
5490 0.07855321634735923 -0.08276539266364302 1.003437442291998 99 60 36 0.22
5491 0.03383200119606344 -0.08619599266786543 0.9577497302963027 180 168 157 0.2
5492 0.124738914590202 -0.03562279926251544 1.002882302632019 120 73 37 0.43
5493 0.136246231667287 -0.02247951149414673 1.016979529031185 173 130 86 0.2
5494 0.1436313668245199 -0.03499472111778951 1.036233600918651 143 89 50 0.3
5495 0.1551923319929033 -0.03470709405992001 1.036102758543533 106 77 54 0.65
5496 0.150046873035745 -0.03477712650821413 1.03890406236595 176 142 102 0.27
5497 0.04263966312533052 -0.06232753538665492 0.9563161599623222 167 131 96 0.36
5498 0.2238781337924586 0.03177942602633221 0.9329156021084206 180 139 94 0.81
5499 0.1323772507475592 0.04643702304699188 0.8571537502230009 166 119 76 0.26
5500 0.1787386899738064 0.0636991890586919 1.026056079097667 162 119 77 1.27
5501 0.170001174722274 0.06726455765838935 1.061968737369905 136 96 63 0.35
5502 0.5369052781544821 0.1160906338486237 0.5228478692672068 102 68 49 0.4
5503 0.1428400541956291 0.05818671485164895 0.8594120567242273 120 75 47 0.45
5504 0.1159403002990937 0.08237645756049672 0.8414067175597143 141 90 51 0.41
5505 0.1565520411790762 0.1030762126899957 0.8732988083643012 166 100 47 0.44
5506 0.2008493823236079 0.1312742565675208 1.010673463388461 150 103 70 0.29
5507 0.175547095442561 0.1379843520783297 1.055930449356184 86 54 33 0.27
5508 0.1562489825475699 0.1248344860513089 0.8775926858369333 135 83 47 0.74
5509 0.4980639162898735 0.1628104855376668 0.5763742095662321 67 48 30 1.09
5510 0.374555383794249 0.1667271076228254 0.7540788931700907 80 55 38 0.23
5511 0.3454757127603167 0.1789108071647128 0.793219180298548 96 74 47 0.29
5512 0.2928240521286104 0.1770279331108374 0.8605163580425453 174 134 91 0.27
5513 0.04714239750066307 0.1881335199868104 1.215457899937968 183 204 200 0.48
5514 0.487092773888007 0.1757292449483948 0.5861232093822155 94 71 48 0.26
5515 0.4296535950374299 0.1877620671104485 0.6635851271037827 44 29 19 0.3
5516 0.2260402155106992 0.2272451640899759 0.9284849357681766 91 68 56 0.12
5517 0.2530825264921976 0.2876487504504466 0.9548960987773083 77 63 51 0.41
5518 0.2796971863056666 0.2851080734630969 0.8699391629991822 93 59 32 0.4
5519 0.4634532674417078 0.1448449908813374 0.6336390064237546 98 75 32 0.61
5520 0.1156046018573558 -0.2133909738000669 1.11218764906367 65 46 31 1.08
5521 0.1101810388101605 -0.1058288367595976 1.117758071215791 73 51 40 0.51
5522 0.1298470154868798 -0.05364247029814817 1.106299563856845 99 64 44 0.47
5523 0.13070415618348 0.02896987745499383 0.8591910502964746 147 80 36 0.27
5524 0.1656054965387278 0.0638579155175247 1.02276250607206 177 138 98 0.28
5525 0.04448463559550786 0.06892000796437306 1.207117018865973 154 172 185 0.12
5526 0.07864973424589006 0.0752872493951327 1.176252098369613 90 62 47 0.38
5527 0.06829693761751215 0.06388736208037632 0.8234597126301707 164 105 53 0.89
5528 0.5220233018251531 0.1670398330392796 0.5441301026377555 106 78 56 0.24
5529 0.2541700186339991 0.2465339829013875 0.8925490022578449 81 51 33 0.64
5530 0.5454622525425012 0.108332724794823 0.5333783922820909 135 103 63 0.44
5531 0.2708066890515763 0.07351591653774675 0.9083368126381342 138 101 80 0.56
5532 0.07900882938640669 0.08615475743392811 1.180491885410212 98 54 34 0.67
5533 0.07280967770757424 0.07080573253919362 0.8171681142689597 171 108 56 0.18
5534 0.4556307788697451 0.2792338954247929 0.7651464098530256 106 96 64 0.97
5535 0.1076022380992781 -0.1377964036951116 1.112015567774659 90 55 36 0.21
5536 0.07737874340592532 -0.04443143623238538 0.9688466874428714 135 78 31 0.51
5537 0.08688680563360868 0.07207041195948802 0.840141013715499 169 114 71 0.1
5538 0.1003149187492592 -0.1327927749698504 1.134507414602616 146 112 84 0.84
5539 0.04700148546382032 -0.09626797758178468 0.9821410021602925 116 72 43 0.6
5540 0.05947559072747544 0.07299431749312427 1.195292757591921 140 130 130 0.49
5541 0.08576506599619954 0.06980945147772119 0.8187758187446005 178 110 53 0.57
5542 0.1818349404357023 0.1456243900749017 1.051964253373451 111 81 44 0.78
5543 0.1379142451086471 -0.04480411521698413 1.088369124675955 71 44 28 0.59
5544 0.09024501082904279 0.05522854975565808 0.8520680273925254 112 56 33 0.37
5545 0.2458553694226158 0.2842186026739867 0.9386846508200819 61 40 33 0.64
5546 0.1640411141660794 0.07784770939503158 0.8755646951714942 168 106 57 1.47
5547 0.1915809725571187 0.02590074702169118 0.9020493733762557 111 60 34 1.26
5548 0.08318028281807893 0.09215580043793303 0.8277951591630646 98 54 26 0.46
5549 0.05626216254842892 -0.1341690109125045 1.022492764177825 87 56 38 0.39
5550 0.1948918086154119 0.01624448986368812 0.928113760744711 165 131 98 0.74
5551 0.2642317598111026 0.07708409269393435 0.9412363449904327 91 62 35 0.34
5552 0.1955547525067899 0.07912641939979251 0.9022904970602044 149 85 50 0.59
5553 0.5393843875259744 0.1364270806918879 0.5341454509126992 63 41 23 1.04
5554 0.5213868220881599 0.1566676732094007 0.5530841944509683 96 63 43 0.28
5555 0.3141573268266784 0.2054005563593445 0.8287281781619409 84 50 36 0.28
5556 0.4897810753590445 0.1911411125470875 0.5749489429315814 65 52 34 0.46
5557 0.464684468463801 0.2075141468090139 0.6168062951999594 64 51 34 0.67
5558 0.4572713760643828 0.2156780658563997 0.6241309292806934 74 52 33 0.63
5559 0.2390493995011701 0.2688043544970707 0.9437791217113948 106 88 68 0.79
5560 0.05079732794958741 -0.1469100494763394 1.010007286503441 119 84 48 0.97
5561 0.1118654946144533 -0.06556596640341728 1.126512797134756 83 58 46 0.43
5562 0.1521694011319175 0.01024974112186294 0.8787576132319435 67 54 45 0.35
5563 0.1767658574646119 0.02541006540605967 0.8998590510220429 142 80 43 0.97
5564 0.1727966323088611 0.05859057435972884 1.035778947773812 122 86 57 0.45
5565 0.5149603339876326 0.1066114086887771 0.500244341167068 112 64 24 0.95
5566 0.1845433571814141 0.1020176274567624 0.8955357469372798 162 96 42 0.82
5567 0.5397615104229885 0.1916451974297281 0.5195762005225735 49 28 15 0.14
5568 0.2376870399169678 0.2805421946183551 0.9468691448480289 82 63 46 0.44
5569 0.1471578412763254 0.03918859837615152 1.082291918252486 66 37 25 0.38
5570 0.2719861476212921 0.1323081854668773 0.9122163424531019 68 44 31 0.25
5572 0.4699327123027711 0.2111319322270784 0.6073012210159409 45 33 23 0.31
5573 0.6106195369499146 0.2343796313225253 0.4939324311162188 88 56 29 0.72
5574 0.1369663575384393 0.243209141109903 1.068830067662748 77 53 40 0.31
5575 0.2309591794698201 0.246472904419254 0.9300811474539006 69 41 33 0.52
5576 0.01463269991100902 0.2518379845406421 1.211103740146361 89 60 51 0.35
5577 0.2494553832808484 0.08826532303867624 0.950181843025109 185 129 77 0.78
5578 0.07795980429400368 -0.1700457979664748 1.05221858239011 97 68 50 0.45
5579 0.08406331346007306 -0.07000493246319917 0.9964975837525638 120 80 52 0.41
5580 0.5419510712059583 0.1147633893408041 0.5480663169149007 123 89 32 1.41
5581 0.5321548207707155 0.1760879120518204 0.5297854387726202 64 44 36 0.26
5582 0.1749444089733262 0.05779216318462252 0.882922398624341 50 31 25 0.18
5583 0.473385606373217 0.151449237301656 0.6153748236580856 102 79 58 0.2
5584 0.3935912891638575 0.1609907400794632 0.7305353948076239 93 51 29 0.35
5585 0.5448644801959174 0.1350131046692667 0.5305733756567927 82 80 69 0.32
5586 0.540549502850753 0.1521439447192619 0.5272886030255668 84 64 35 0.46
5587 0.5100393206120906 0.1598656428645987 0.5674061139472777 84 56 33 0.45
5588 0.5384206769944151 0.1925604712494961 0.5199235177881415 61 40 26 0.1
5589 0.5356939652134695 0.1429886801210785 0.5361680986498957 64 42 33 0.24
5590 0.2060147180536812 0.02104027766723357 0.9293331717551661 157 112 77 0.56
5591 0.09943007576901325 0.0758887454269111 0.8442947899646918 184 112 68 0.35
5592 0.07304814209783828 -0.09153795158399552 1.006041567028258 130 88 60 0.61
5593 0.5394606772227053 0.2008755935803976 0.5108739622825524 121 98 77 0.23
5594 0.1597919840033706 -0.03286814865729523 1.057799140247861 155 124 91 0.39
5595 0.09851605129455954 -0.1617360275515521 1.131587084840567 88 58 46 0.19
5596 0.04962341691479993 -0.214519794590874 1.052256285072998 104 75 57 0.47
5597 0.1116286197759608 -0.08508598339020457 1.034744671522962 114 76 50 0.35
5598 0.08581099177293355 -0.2131650163858166 1.078316504689586 76 62 46 0.27
5599 0.09236439499392285 -0.1185720343981465 1.037313354409718 123 79 46 0.47
5600 0.0963193827780025 -0.1155230829763836 1.045109671761385 176 124 78 0.22
5601 0.116296815651457 -0.1597214055714736 1.082902499014224 96 59 38 0.59
5602 0.07691351958392206 -0.2154515917008026 1.07791512445472 95 66 45 1.67
5603 0.1144136293791213 -0.1829045004847912 1.086704742960539 168 117 73 0.11
5604 0.1062405924076998 -0.06175863806416443 1.028044866576681 74 48 36 0.56
5605 0.1394275710545383 -0.03978621627042472 1.036115119221588 104 77 56 0.35
5606 0.1572098553307776 0.00388737848554957 1.028010159046534 103 77 52 0.04
5607 0.1562326419379667 0.01052475535992967 1.024467209367032 81 49 26 0.25
5608 0.2360118318275749 0.2447711321317688 0.917818533051892 59 34 20 0.53
5609 0.1878802055880927 0.126731152150444 1.003214475538625 91 58 38 0.34
5610 0.1298315461399074 -0.1064354526815212 1.069631016223775 58 38 30 0.28
5611 0.1175036412123191 -0.0588050055392485 1.032325363964707 104 65 41 0.66
5612 0.1179662177707499 -0.04051776867697726 1.00680884576478 121 83 51 0.68
5613 0.01817562947919626 -0.05303287299736226 0.9393379333183172 94 69 76 0.18
5614 0.1102541096068977 -0.007028932270684463 0.8632276119704689 129 117 121 0.47
5615 0.5413348296716308 0.1602783710728234 0.5252873430089509 129 82 32 0.81
5616 0.6657286455075349 0.2387438234796867 0.4878847473432307 70 55 38 0.91
5617 0.06335772076690982 -0.1213059981233707 1.176739313187722 108 94 88 0.52
5618 0.08842258225377042 0.008153821515957227 0.7725455092842323 149 135 130 0.63
5619 0.04714678141082107 -0.05751936833672933 0.9620674414286322 135 92 62 1.21
5620 0.1152647748135664 -0.04203546132510838 1.003084890899637 83 52 31 0.56
5621 0.02082252944909013 0.005931376703394026 0.8152396245801361 207 207 209 0.89
5622 0.1011559746484939 0.009305258755460705 0.8503545326913879 73 47 35 0.8
5623 0.07539505704592764 0.243104049568306 1.16343445683143 43 28 25 0.29
5624 0.3654706306006462 0.2189866925044448 0.747900949072334 111 81 50 0.51
5625 0.0864322353529467 -0.2727607295385995 1.102030907919176 66 53 34 0.76
5626 0.1711736653073034 0.1840392467596163 1.043328542868338 88 57 37 0.4
5627 0.1648885191978276 0.0579223829551527 0.8761222643167887 109 77 55 0.48
5628 0.1287468087546501 0.09387263962053773 0.8483517284803759 165 106 46 0.83
5629 0.1180286660456362 -0.1487494636843821 1.079949409416629 109 79 55 0.49
5630 0.08567290740028971 -0.2399430025437522 1.158249583444719 205 213 215 0.3
5631 0.09724516792671334 -0.2045787804638619 1.091364174411184 88 61 47 0.46
5632 0.05838592639133905 -0.1931000695579675 1.047134968929585 124 93 61 0.48
5633 0.08547322665602924 -0.1909499796441746 1.062690776990509 120 98 79 0.5
5634 0.09820670907970758 -0.1840206724726505 1.077554129927305 86 62 44 0.38
5635 0.04827894650441295 -0.1774520484448009 1.032772655759431 108 74 48 0.18
5636 0.06905814356791229 -0.174541636311241 1.049444492883061 97 66 44 0.39
5637 0.112626279848608 -0.1422115012435586 1.070049427593591 61 50 44 0.04
5638 0.1152992200488741 -0.1501792382067789 1.079291016681017 90 66 51 0.6
5639 0.07139314559079513 -0.1527015649823372 1.039105250738152 90 60 32 0.25
5640 0.03464464882461371 -0.1340776652662145 0.9950136626769956 77 62 57 0.29
5641 0.09352257552015264 -0.09566946860189973 1.019057662092334 135 97 66 0.3
5642 0.06553903474148765 -0.08171517911438125 0.9861104267695979 138 89 56 0.6
5643 0.1630966400217388 -0.01311816136540361 1.051879653683716 106 78 49 0.12
5644 0.4143800791693319 0.1696451832308653 0.6912587201582944 125 105 81 0.98
5645 0.3714163240345738 0.1907210874110129 0.7426497854294978 81 60 40 0.35
5646 0.3808017629089087 0.1947794922489473 0.7278233625315026 85 65 44 0.3
5647 0.3358375056591759 0.2170294196834149 0.7913589831618169 59 45 32 0.52
5648 0.06757565927329767 -0.311735394267076 1.137317249370327 214 218 213 1.26
5649 0.08956027795665844 -0.2792986109584861 1.090391905556192 77 80 70 0.3
5650 0.4860933932104119 0.1414644140452089 0.6070201077021788 110 93 51 0.3
5651 0.08168645780150746 -0.2290780040063095 1.088793051902273 70 50 43 0.63
5652 0.09206963950925917 -0.1961675419685884 1.07775784493458 92 83 74 0.21
5653 0.1028614681264037 -0.2012536575366027 1.090168257507838 99 75 51 0.48
5654 0.07536200582393277 -0.2271384659016651 1.152119272083683 167 166 167 0.57
5655 0.06739785606289367 -0.1941391791902499 1.051935699284673 120 98 81 0.31
5656 0.111880511890153 -0.1581065833295394 1.078418676597786 134 96 54 0.44
5657 0.06649785382393603 -0.1636673008793272 1.035264291979991 102 76 55 0.37
5658 0.1105418386461209 -0.1341586103667979 1.061774361027247 91 75 61 0.26
5659 0.048052965486861 -0.1577891068044426 1.021878844475425 111 84 64 0.26
5660 0.1044394737475748 -0.1302266200101989 1.05547315082064 131 95 57 0.28
5661 0.1191439670557221 -0.111859129605744 1.058918470952782 84 68 57 0.19
5662 0.1228078274818546 -0.09133143164989083 1.052171992588314 86 67 47 0.4
5663 0.09889134741182887 -0.07745818100488355 1.016339024464033 76 51 32 0.52
5664 0.1413163169013803 -0.05663330548823015 1.050529967868563 90 51 22 0.35
5665 0.1212767020457006 -0.06168206576738589 1.029144114576754 102 66 42 0.19
5666 0.1399850119241267 -0.04573872052353978 1.040403266856146 120 85 62 0.54
5667 0.1467049401100849 -0.05037368997196878 1.058625185605644 98 71 56 0.32
5668 0.1597703981901287 -0.03057032405405608 1.053991790587805 156 120 75 0.18
5669 0.1506819624271855 -0.01908877068283601 1.039645105618571 71 45 30 0.3
5670 0.2035750351814959 0.04972604514869988 0.9244930333284826 133 85 50 0.53
5671 0.1909267884365759 0.03447015998581648 0.968322949737547 112 78 58 1.5
5672 0.4136064843052534 0.1584441708069181 0.6998990067985975 90 67 47 0.12
5673 0.14131001597113 0.06404906223648249 1.136044170992867 144 125 105 0.33
5674 0.2801641758658988 0.1258035510408312 0.908903667325714 73 51 33 0.32
5675 0.37276682650507 0.1747341801676395 0.7526769639988582 96 83 65 0.21
5676 0.3615022315761008 0.1948268548286732 0.761859891754766 85 68 50 0.63
5677 0.4939369235492771 0.1435282395409779 0.6162572893141229 142 107 45 0.8
5678 0.2357772096272051 0.2099184159215197 0.9329256620123356 47 25 11 0.98
5679 0.06630827558665653 -0.2448767594589732 1.079155246199071 134 112 77 0.58
5680 0.08088460299639655 -0.2319283443877889 1.085195551761821 128 90 64 0.7
5681 0.08158211447082464 -0.1906016462480422 1.133139433558637 123 101 69 0.48
5682 0.1186080733091937 -0.1369064695203431 1.072707475299697 127 92 43 0.65
5683 0.05759094735442388 -0.1404968982927027 1.019195032966228 129 91 64 0.68
5684 0.06612255180994253 -0.1376127410512322 1.024851014612278 120 89 64 0.14
5685 0.09757882390725447 -0.1186453740210268 1.045160364522268 126 87 46 0.66
5686 0.08534046299745857 -0.1089551866856049 1.025389516332631 99 63 37 0.78
5687 0.1178152139154037 -0.1011659857512762 1.057131458006922 73 44 34 0.07
5688 0.04225450555355847 -0.1123395359761412 0.9944130598492653 126 87 64 0.18
5689 0.138093820877999 -0.04047458810365545 1.033752217748064 115 87 67 0.2
5690 0.1520266907040135 -0.01450792992635891 1.038538293717146 145 109 81 0.75
5691 0.1963267810784113 0.03159967476168241 0.9233110689694595 106 57 31 0.37
5692 0.433236684792596 0.1631184599062451 0.6696720809154055 147 122 84 0.53
5693 0.4235200394473747 0.1763845365835983 0.6756774368002476 87 67 41 0.73
5694 0.201683187744119 0.1542681958870677 1.011721876882105 66 45 29 0.23
5695 0.3703335552262135 0.1960456656268668 0.7495976436223045 66 46 23 0.5
5696 0.4110637367567326 0.2064828714357146 0.6804711461094949 78 64 43 0.2
5697 0.3688528057589024 0.2090548493981819 0.7396689159197867 61 43 26 0.72
5698 0.3679459239609013 0.214544335968406 0.748048830958881 62 47 30 0.33
5699 0.393874000016198 0.2193014041892184 0.7129107689581452 44 32 27 0.23
5700 0.1097056344846785 -0.1109693351894058 1.049303985531466 60 41 27 0.25
5701 0.1153254640666444 -0.09357532209409125 1.042233952211283 114 82 47 0.35
5702 0.1395331996972574 -0.08713581531213954 1.063670291419784 87 57 38 0.88
5703 0.1037183991683978 -0.08984152762239345 1.041292736565694 143 94 29 0.57
5704 0.1033696230163065 -0.05099218735542915 1.002698226618814 164 119 76 0.77
5705 0.1386922863623993 -0.0527449885588161 1.04645594555079 127 91 54 0.38
5706 0.1480319416265132 -0.04367254666724668 1.050261492391594 115 82 50 0.2
5707 0.453677325304588 0.1672123262951865 0.6360995472849366 131 97 52 0.15
5708 0.1883008947181077 0.0368411899054808 0.9683591027609797 83 51 33 1.49
5709 0.195373812476518 0.05240758894010744 0.9204832963187815 176 123 79 0.52
5710 0.4085692540401913 0.1597449360631144 0.704475794426441 57 38 26 0.59
5711 0.4256533994288073 0.1789077819739753 0.6702471930808905 106 79 50 0.35
5712 0.4238361907055163 0.1777463248934538 0.6735256344100016 148 114 61 0.27
5713 0.3928644456147117 0.1633882480810906 0.7260764535272713 56 38 24 0.29
5714 0.2122104392938213 0.09657551850321623 0.9218135581837009 137 89 57 0.61
5715 0.3799442780784071 0.1690910055972115 0.7400192473670131 53 40 27 0.17
5716 0.2603410829805562 0.1383551303352822 0.9290290867544455 144 103 62 0.24
5717 0.3985962884284335 0.1800513985168282 0.7089689481307855 123 86 33 0.33
5718 0.44111962131986 0.1944442584792027 0.6438194100590904 146 104 57 0.6
5719 0.4293657484203664 0.2130934725315505 0.6663098429327446 66 51 39 0.08
5720 0.4183376129213829 0.2161647097559536 0.6801206610020214 62 48 36 0.22
5721 0.4173084932453326 0.2157611182969161 0.6821760994077168 43 33 24 0.15
5722 0.07274222975172023 -0.2417750243375628 1.08199947195277 36 18 5 0.62
5723 0.05364017743805122 -0.2411732574728659 1.082074345706629 56 40 38 1.21
5724 0.1078197120316026 -0.102066903707731 1.046078965470721 101 65 39 0.53
5725 0.09386120815689719 -0.08101462561103495 1.0126516186021 157 118 85 0.42
5726 0.4631491354475137 0.1674369195360421 0.6224630311190018 144 120 88 0.4
5727 0.06897990328917025 -0.07633779745010427 0.9901166032075848 143 102 59 0.63
5728 0.4515188811044224 0.1755766224511129 0.6351753007005658 99 79 59 0.51
5729 0.3935818419806922 0.1617907603935352 0.728515477487897 86 60 23 0.15
5730 0.2706906242445002 0.1153343092536584 0.9009555642494178 78 49 34 0.32
5731 0.4247451270100217 0.1754121583134004 0.6741148054228743 138 109 78 0.34
5732 0.4493632215145894 0.1920365459545086 0.6350118622955307 49 32 17 0.34
5733 0.4053543283715617 0.2049605676667903 0.6898669576022085 128 95 54 0.36
5734 0.04831597992359532 0.1924730710028947 1.212556137341182 198 205 200 0.73
5735 0.4827973542366745 0.1638370277666587 0.5966263617193093 147 120 91 0.32
5736 0.4623900962681255 0.1784729680573675 0.6200350394940124 119 91 52 0.3
5737 0.449812297016648 0.1921913516817972 0.6308775297755091 147 114 68 0.33
5738 0.3985888035129688 0.1782653606375248 0.7090678973402713 135 102 68 0.87
5739 0.4002367807202187 0.2357653684856579 0.7034225355064441 153 111 72 0.35
5740 0.4687848135781867 0.1440163882387572 0.6258359035453702 98 76 34 0.67
5741 0.03721229860948327 -0.2632554186445691 1.087510380598328 65 64 66 0.32
5742 0.2736783499175047 0.1191536444576713 0.9014572697169594 139 98 65 0.87
5743 0.482498074559328 0.1486259044302308 0.6023548517665059 142 108 74 0.49
5744 0.4692619978283504 0.146129538650593 0.627457253470852 76 52 21 0.78
5745 0.03537333325730097 -0.09138831470197378 1.193718751960896 79 60 46 0.6
5746 0.4437035780863945 0.1669778852481091 0.6506566094921231 165 137 104 0.36
5747 0.4315001767676304 0.1611574421243194 0.6740936354321917 66 43 27 0.67
5748 0.4584682956032927 0.2148934748076158 0.620638260112919 65 52 38 0.3
5749 0.4309230761415671 0.2175429499095159 0.6535462763259816 93 72 51 0.83
5750 0.4500757718967227 0.1901068357533995 0.633193669715063 150 114 77 0.59
5751 0.462636706054788 0.2068842479469606 0.620858510371153 62 46 21 0.4
5752 0.4725301599099251 0.2140201071704119 0.6030154064058257 49 33 20 0.65
5753 0.4770913691854228 0.2147446033149516 0.5975013026009119 55 37 21 0.76
5754 0.45366110251549 0.2150311979342184 0.6306924440320915 63 49 34 0.47
5755 0.4663359095153263 0.2368669845568608 0.6296588970022398 179 147 108 0.52
5756 0.4586831364987132 0.2135435391619885 0.6228910363328254 42 32 21 1.08
5757 0.4542695533439339 0.214171093705018 0.6283215568175788 61 45 26 0.74
5758 0.3693988898556915 0.2136592623123882 0.743548025717115 54 32 18 0.97
5759 0.3139593574968682 0.1986096326779257 0.830803274913682 70 54 43 0.95
5760 0.08932966646440837 -0.2695913962813168 1.140892210801038 97 87 75 0.55
5761 0.3677852650247936 0.1961683258206049 0.7515492928282318 174 135 55 1.32
5762 0.1497314207868423 -0.04128460870693995 1.051066873795081 73 54 40 0.28
5763 0.09935557332951711 -0.1936827680780702 1.080955636524441 89 66 44 0.63
5764 0.3315033421777903 0.181334385340243 0.8111450638925244 109 86 57 0.32
5765 0.06190889864172927 -0.1887945908149373 1.048490009839137 118 81 57 0.83
5766 0.07878954836698099 -0.1171450276797102 1.023601563565144 112 80 54 0.27
5767 0.3518926391853248 0.2133880109849327 0.7704186942334743 83 66 48 0.42
5768 0.04417475894532974 -0.06728155503004601 0.9666672154752828 62 46 35 0.19
5769 0.06954333960039244 -0.17591638863646 1.041882072684523 118 81 60 0.15
5770 0.1293176673593854 0.2358636159520968 1.088621026787878 55 36 30 0.3
5771 0.148397124034563 0.03705641908938806 1.088852436066216 82 59 39 0.19
5772 0.1824285834893138 0.08360426149717703 1.025280181704403 119 83 56 0.38
5773 0.271357642057058 0.1810213462633137 0.9032457796116031 86 58 42 0.74
5774 0.1523496989023779 -0.01593121192194114 1.039598474982075 141 103 76 0.31
5775 0.1243963560757091 -0.1166078406473786 1.073849622070327 55 45 40 0.23
5776 0.1123629632642409 -0.1903795810082946 1.100318970122939 104 72 51 1.14
5777 0.1209075714114989 -0.06776891756202896 1.033726712985001 93 66 48 0.39
5778 0.09775785496885725 -0.1747640492893755 1.068312634803637 89 62 43 0.65
5779 0.2078150939938137 0.0450314609215374 0.9382292936743581 84 49 29 0.61
5780 0.09089724003080601 -0.178953764550709 1.059531297852475 82 64 54 0.2
5781 0.09975754382111007 -0.09249479476232225 1.025530198699711 122 89 61 0.27
5782 0.07277603334887617 -0.1207815522103059 1.02022611234673 102 66 42 0.47
5783 0.04570457529457872 -0.1261248531084754 0.9930584225401125 108 69 48 0.36
5784 0.08829970644298335 0.04296285765552871 0.8279484404850118 69 41 27 0.78
5785 0.08652152276214181 0.1076594606339813 1.187094236701922 187 198 194 0.18
5786 0.2314803530258311 0.2229010522797066 0.9326656166176137 97 68 44 0.62
5787 0.05852582803784628 -0.17624704040884 1.175459707221119 101 93 84 0.37
5788 0.1612035245179802 -0.02798001591192906 1.05536317939448 83 56 37 0.3
5789 0.1363601112326833 -0.09366547887742438 1.08347370580814 63 41 29 0.97
5790 0.2738605828383569 0.2166836267038119 0.87689988875511 81 47 25 0.45
5791 0.2732734643336186 0.2188885231606308 0.8782790503957193 104 73 58 0.48
5792 0.2753465309124771 0.2226587277388998 0.8755189217817422 124 82 56 0.73
5793 0.1352571785695805 -0.09371366324274999 1.070286904999969 84 64 51 0.49
5794 0.291958953152949 0.2187290639734583 0.8522244160634225 65 42 22 0.19
5795 0.1982498008127141 0.123097349159252 0.9062694401042835 116 70 44 0.59
5796 0.1928599268245238 0.05241100902508097 0.915701738985415 169 122 80 0.58
5797 0.1777335780881536 0.03221723384831421 0.9037910508864668 163 105 62 0.39
5798 0.1745279358918868 0.04042060980374668 0.9032713782345865 117 75 51 0.46
5799 0.1748829963016916 0.04065472469901921 0.8986221204858091 132 90 52 0.22
5800 0.03040487449379392 -0.115120788358046 0.9889002745040092 102 66 50 1.24
5801 0.02104470730761288 -0.06896551393490674 0.9476685552633726 77 50 42 0.42
5802 0.404750554833387 0.1446590017488368 0.7026405225904749 153 110 64 0.86
5803 0.1349504839619953 0.02414570420228396 0.8707750780496488 64 36 23 0.37
5804 0.06079660234051187 0.164708320300692 1.209363298563998 118 102 93 0.31
5805 0.1098836008327285 0.1755024283845459 1.139495982472277 56 38 31 0.49
5806 0.03428545316505927 0.2718703860039847 1.133722205939855 83 53 33 0.76
5807 0.2034115673252728 0.1085084999487254 1.020802558292327 73 50 39 0.92
5808 0.256737309613644 0.2066962667983208 0.9069732713225884 62 32 20 0.46
5809 0.2625023420561713 0.1976725382927541 0.894998579748888 84 53 38 1.36
5810 0.2653028630922149 0.108218573423442 0.9241222737196664 192 138 80 0.59
5811 0.2804503718777167 0.2057483451130006 0.8743804979238293 79 48 31 0.34
5812 0.278752009143693 0.2317998698554843 0.8707700615787108 119 80 48 0.5
5813 0.284721896266718 0.2334712953609829 0.8553563456754756 94 65 30 0.39
5814 0.3018608273287412 0.1887688110047127 0.8520525690100329 117 94 63 0.32
5815 0.1186915552752471 -0.05696699429476348 1.03181057885407 74 47 30 0.2
5816 0.09525653638254672 -0.2004846762032336 1.081756450346179 137 103 70 0.34
5817 0.32644216291374 0.1832685584119566 0.819356111309815 133 103 69 0.25
5818 0.3199977591748524 0.2075134939221632 0.8177000531170963 98 70 41 0.28
5819 0.072866236385289 -0.09456906553931899 1.005048361625785 101 71 53 0.45
5820 0.1030002853610925 -0.09411856313286238 1.113920137082335 106 80 46 0.54
5821 0.3721723001046715 0.194934269819622 0.7431657902679101 96 67 45 1.37
5822 0.5126847246115587 0.09734187561034811 0.5827402125429256 84 75 75 1.07
5823 0.1623396809903255 0.1520692364452796 1.076136820541515 110 85 59 0.62
5824 0.1477772531928773 0.2324947478054761 1.05328370259209 93 63 38 0.68
5825 0.1730506538744642 0.1200651687089792 1.061202959671176 89 57 27 0.49
5826 0.248332139301998 0.2124111829467109 0.915478700916332 95 63 30 0.44
5827 0.2819145778707132 0.1848084420842974 0.8769541991248956 92 71 44 0.35
5828 0.1205558607168569 -0.07196375023546281 1.035349477119145 124 90 58 0.79
5829 0.3254800793862992 0.1919397022516278 0.8203382398152315 91 58 34 0.27
5830 0.05119970091272258 -0.2243877270062132 1.061986150583309 77 62 49 0.46
5831 0.3383361843105906 0.2077467069533778 0.7906403425776407 108 79 45 0.47
5832 0.361521658981273 0.1958375959488279 0.7644141555514576 80 59 39 0.52
5833 0.3694713859339174 0.1936049374770329 0.7424397768327903 82 58 35 0.79
5834 0.3772027017993719 0.2130661203081797 0.7253552853088298 101 75 49 0.3
5835 0.3967702523986952 0.1806942005979632 0.7109739154985868 90 63 41 0.36
5836 0.3958573417286084 0.1948623390075975 0.7074805581166652 71 51 35 0.35
5837 0.146337030560002 0.2749870135292127 1.045758023453009 43 38 32 0.47
5838 0.1924975509532977 0.1770642107460056 1.004873753651075 51 34 16 0.19
5839 0.2645216739430993 0.1589350789668384 0.9108763740894678 118 74 41 0.07
5840 0.2549668934450924 0.2488442194689108 0.8850621354294024 76 50 39 1.19
5841 0.1236707785476301 -0.08433826737258038 1.046022540584548 139 106 72 0.4
5842 0.06437762574485201 -0.2290694047539871 1.080826929125877 113 100 94 1.05
5843 0.1781202286459148 0.07300781756288116 0.9028056737743237 67 36 20 1.09
5844 0.3485003655193238 0.1844420106851558 0.7893956490967178 77 55 36 0.43
5845 0.3502922674073836 0.1865965226185714 0.787295210836118 95 75 52 0.57
5846 0.3472929797918713 0.2423854887132945 0.77185873612802 178 106 41 0.14
5847 0.3592292789353128 0.223508197733159 0.7592288214663412 92 72 52 0.65
5848 0.3792301365364589 0.2144985757752013 0.7235496447960197 100 71 35 0.38
5849 0.3885680255143573 0.2215663774726541 0.7190607881105143 124 96 61 0.35
5850 0.3965641435261781 0.1804332679689765 0.7126556386301101 144 106 63 0.35
5851 0.3953509527369192 0.1976927438169774 0.7061228570480362 104 83 60 0.17
5852 0.227924385092961 0.1660083513540624 0.9567350778596194 49 27 14 0.6
5853 0.2521495855454864 0.1975407225818166 0.9141762588777598 114 73 41 0.72
5854 0.2823732385814582 0.2568199459148911 0.8600011626766867 120 80 46 0.4
5855 0.3069224671573498 0.2333399842257204 0.8247030215898893 77 54 28 0.57
5856 0.3236381111326168 0.193073302466379 0.8184686370538325 48 25 11 0.54
5857 0.3241349534286565 0.2370681216483111 0.8025874789762795 91 53 29 0.44
5858 0.3477936806896426 0.204438209685728 0.7784078747364959 117 84 48 0.5
5859 0.3963461271917555 0.2202156676535642 0.7093744773689054 33 19 12 0.57
5860 0.3192254769108649 0.2552508417434487 0.8085151758113401 153 125 94 0.45
5861 0.1000965006561248 -0.1055686041031216 1.036963011410848 56 35 15 0.5
5862 0.2379416010107215 0.2436209313796282 0.9081062661013274 98 69 28 1.04
5863 0.2793440567558838 0.2329341596773913 0.8643462987788832 63 39 26 0.96
5864 0.3552293341815628 0.2415565937105285 0.7617845717749508 122 79 30 0.53
5865 0.3540166307937198 0.2204913203042831 0.7642231770550934 48 32 19 0.72
5866 0.3636721374457846 0.2058128583303576 0.7546642829162542 50 32 17 0.69
5867 0.1175929559241898 0.003032046881313644 0.8705719400941843 96 65 44 1.47
5868 0.2798582920174932 0.2107140081135825 0.8703850624228785 58 37 28 0.88
5869 0.3316503552968402 0.2349643178001581 0.7952920376705772 79 52 28 0.83
5870 0.3320598464440664 0.2225996466074614 0.7959965837900704 49 28 16 0.87
5871 0.07255254351724266 -0.2508974524769237 1.077814149269441 115 90 62 0.64
5872 0.08442630532796197 -0.1851162162939988 1.070418825174062 113 82 42 0.4
5873 0.09608822158072722 -0.1926308524880448 1.081114737877425 103 75 55 0.69
5874 0.1133281539247575 -0.1583480159424875 1.082981091038805 112 83 53 0.67
5875 0.1431318414549136 -0.1430425817133426 1.084752421129179 114 77 55 0.51
5876 0.08541751713295004 -0.1613361353078648 1.050240212543738 107 67 31 0.43
5877 0.09052143483962949 -0.1449161086969497 1.042087418602162 114 84 62 0.47
5878 0.1189914759057454 -0.1289585608074273 1.068169567275828 65 43 28 0.42
5879 0.1226772393157141 -0.1293124221510066 1.078038035394671 109 76 49 0.48
5880 0.04239423653962004 -0.1585421625440194 1.032953122570419 111 72 46 0.75
5881 0.1034478178645159 -0.1208830865727375 1.131082048748882 52 45 40 0.13
5882 0.07375071860132343 -0.1031481521261434 1.010765325609007 108 81 56 0.32
5883 0.04677937359349693 -0.1146586108630485 0.9964379896799407 142 106 67 0.48
5884 0.1608331537466984 -0.03252182190213973 1.056641736358413 83 63 52 0.35
5885 0.06525402023199967 -0.0596664050395842 0.9758418176168233 118 83 64 0.59
5886 0.06938101106921318 -0.07522046206193195 0.9942024364262518 71 39 21 0.64
5887 0.1177402144144533 -0.03357173989344778 0.9707494698205867 179 134 59 0.25
5888 0.06286462558596062 -0.005866889376633266 1.195092005861672 199 188 179 0.38
5889 0.05221171462709318 -0.02851528075981485 0.9247921527394454 104 70 45 0.93
5890 0.130815401397787 0.02148929884659564 1.115767138758295 72 52 39 0.36
5891 0.08276231801891015 0.01081276179383528 1.185802884173407 186 192 185 1.31
5892 0.05406021978300668 0.02272292771329049 1.204229340514972 199 208 217 0.36
5893 0.5242114087470343 0.100366565385942 0.5164331346313568 124 82 53 0.57
5894 0.5280752987378403 0.1019043065068997 0.5198005097421055 131 90 62 0.44
5895 0.5359141097857136 0.1079238450315853 0.5283217059846668 156 94 46 0.49
5896 0.5454311763386468 0.1097794593427583 0.5364195335639947 161 106 46 0.77
5897 0.5251744528584243 0.1094193466356379 0.5617848069797162 138 89 50 0.29
5898 0.5260438907002073 0.1143647077068544 0.5603032013224053 155 100 52 0.42
5899 0.171169246977346 0.02744983350627153 0.8890342987847333 154 109 65 0.27
5900 0.1980428696964279 0.05614399783014865 0.912766955350421 124 81 49 0.98
5901 0.4909673139496113 0.09361768359805309 0.4885252644874742 129 88 64 0.31
5902 0.517244653253937 0.1104345210285433 0.5082946111222297 134 91 44 0.4
5903 0.5392832044771531 0.1224835691451157 0.5154752460743716 90 64 46 0.45
5904 0.5308241561881913 0.1225068777005932 0.5398341385853591 81 55 32 0.54
5905 0.5514961038237784 0.1289026806245214 0.5361050232873731 87 68 47 0.61
5906 0.533598971886556 0.120635725068879 0.5504483721515248 108 63 33 0.17
5907 0.0811301074151885 0.01707111774413156 0.7802884962624956 125 106 96 0.54
5908 0.06889782976988174 0.02345150692359094 0.8234079432175658 146 88 52 0.37
5909 0.1674798673855926 0.07208683042752384 1.061308779753606 92 57 38 0.27
5910 0.1735862186102646 0.09475213207564083 1.074130577839408 95 67 49 0.33
5911 0.136199425282145 0.08528039456155004 1.131370488294053 122 89 56 0.36
5912 0.5200826190804574 0.1106494619786099 0.4716652899464029 41 19 15 0.24
5913 0.5127972317867696 0.111729121556853 0.4785475144196594 72 50 31 0.29
5914 0.5112081165544955 0.1122307953774115 0.4811372171309257 107 78 48 0.34
5915 0.5077136944665883 0.112047001391313 0.4840922721693637 62 33 11 0.32
5916 0.5424141796038451 0.1351817145872585 0.5285792154211757 69 42 22 0.12
5917 0.5366374899350337 0.1318910507863137 0.546782372689542 67 45 26 0.58
5918 0.09088357161806021 0.03783370130829164 0.8346117265058143 88 52 27 0.7
5919 0.1408257405364615 0.06963004935679093 0.8592536171669696 144 94 64 1.13
5920 0.1916061661095894 0.09312108954690988 0.8852406582303737 107 58 27 0.57
5921 0.279702011319378 0.1148687877898369 0.9069787431903461 109 75 49 0.26
5922 0.1367347591227422 0.1171710167550886 1.11962991168069 87 54 31 0.31
5923 0.08765888408232303 0.1138833882768973 1.18503070415141 196 192 178 0.44
5924 0.529218228773868 0.122016420059929 0.4577162345576011 174 139 85 1.03
5925 0.5325011341975655 0.1259843876222353 0.4528055613771211 36 17 14 0.36
5926 0.5049974876690828 0.1299973844556701 0.4979672808495197 118 90 57 0.85
5927 0.5264022638387333 0.1421219230916144 0.5506747132214654 55 31 19 0.37
5928 0.4951689733096353 0.1373351243326191 0.5940297370330485 105 65 43 0.32
5929 0.4931681115918163 0.1416369076731438 0.5954995116565897 76 49 27 0.46
5930 0.1440999437233006 0.07713274148545851 0.8676146390419583 76 44 28 0.73
5931 0.1974286204515784 0.1007169530539362 0.9059771943501413 174 124 66 0.48
5932 0.2082934955319531 0.1196689884576463 0.8999320613463693 88 42 19 0.47
5933 0.1985349607230397 0.1292972117646347 1.00834445930461 118 83 56 0.37
5934 0.1537359865752391 0.1312111513261222 1.074862572672753 86 47 28 0.68
5935 0.1312212608778008 0.1327171528585254 1.121809639369616 58 38 24 0.36
5936 0.5351370195460488 0.1252086840568009 0.4034111424464056 72 35 15 1.12
5937 0.5080241666568475 0.1418493803157977 0.4976372676808082 69 42 32 0.16
5938 0.5069960973646433 0.1428430493995733 0.4979967206296569 56 28 18 0.11
5939 0.5074605731593705 0.1414444539284798 0.4993808092252977 55 31 24 0.41
5940 0.5338407803529908 0.15084984719582 0.5387675772395484 126 74 38 0.49
5941 0.5218522118519929 0.1480074350924013 0.5579450250929987 34 15 10 0.73
5942 0.5121186401922722 0.1480181649926917 0.5690075300079929 106 61 19 0.31
5943 0.4791417530361106 0.1554198269832018 0.6044058231680237 183 153 110 0.42
5944 0.4652580012413552 0.146557747514552 0.6308650121875978 109 67 32 0.37
5945 0.1809942698734929 0.1392537453895566 1.008979898303223 52 32 22 0.77
5946 0.1043468375101008 0.1395294152488203 1.1497138568992 73 50 35 0.34
5947 0.5028835018213254 0.1511084953609736 0.494392999157486 59 38 28 0.16
5948 0.5330338715769589 0.1602320028270514 0.517546869933682 111 77 53 0.56
5949 0.5321217214091006 0.1615191267449921 0.5163817998840954 108 60 35 0.29
5950 0.4081355538230285 0.1666286161423785 0.7071950309939383 100 68 38 0.26
5951 0.1454454319228906 0.1668850707423626 1.091562819384052 50 32 25 0.7
5952 0.3726254141544751 0.1516659900509595 0.7333241510713667 191 123 59 1.26
5953 0.5122148418141022 0.1699207611174889 0.5611634676476396 77 36 17 0.24
5954 0.4791121517730936 0.1703598637714684 0.5988936655254671 146 102 54 0.4
5955 0.2428738161046506 0.1948056077909093 0.9500131587020444 39 25 21 0.55
5956 0.5034937763663913 0.1632454340041854 0.4918627504346061 84 63 43 0.69
5957 0.4992902233084828 0.1622695334539602 0.4905682471107495 31 25 22 1.09
5958 0.3153984309100705 0.1998649099433812 0.8258618899270117 50 34 25 0.84
5959 0.2071550653212778 0.205718667030635 0.9983450961117926 77 65 46 0.41
5960 0.2415071125864072 0.2067012627626997 0.9357648957721365 76 58 40 0.84
5961 0.1069546673783401 0.2241762120045953 1.136018040309616 53 31 19 0.38
5962 0.0825808318230607 0.2268318175722156 1.167297518187493 99 72 48 0.77
5963 0.5022983536751477 0.166301259171874 0.4413321706159874 49 31 20 0.76
5964 0.5206157757118065 0.1790752357307352 0.4976350205990725 94 55 31 0.23
5965 0.4551510141654153 0.1970270567582962 0.6211765125963747 100 72 36 0.52
5966 0.1940030199738207 0.2312401179288169 0.9952841736757887 67 42 27 0.69
5967 0.5374527096676971 0.1965561913902852 0.5233715403680668 108 80 39 0.77
5968 0.5202938421090373 0.2062416705101791 0.5470080151939807 77 40 18 0.86
5969 0.511335468895993 0.2030689682711094 0.5559925707575293 97 55 10 0.41
5970 0.4594411469654263 0.2053220553303076 0.6252953362306388 45 30 22 0.39
5971 0.4323789134968274 0.2108565812081568 0.661506257140507 48 37 27 0.15
5972 0.4191553407813843 0.2151826072216411 0.6793541506343233 44 33 26 0.14
5973 0.4052988717810273 0.2138943941396506 0.688332558980654 82 57 31 1.11
5974 0.2935825974004365 0.2289052543605998 0.8474476442197239 117 75 47 0.91
5975 0.05282734827787644 0.259817750146174 1.179714430839866 39 25 17 0.33
5976 0.5425058866523583 0.2205488543913046 0.5289487248528896 140 110 84 0.65
5977 0.4733145899813544 0.2338132652392084 0.618606646293035 162 128 98 0.41
5978 0.4486671702566776 0.2415435766091572 0.6517544159967184 66 38 24 0.33
5979 0.3624215376334899 0.2467287854456599 0.751685555897565 146 107 63 1.02
5980 0.3594740848778376 0.2547666255829211 0.7695548640657721 130 98 68 0.48
5981 0.4103917489811902 0.2584612977502332 0.7018348708098963 129 88 59 1.28
5982 0.09209534014031928 -0.1511776869283363 1.128439478382985 89 71 61 0.67
5983 0.07277068214109061 -0.2457072599427167 1.074900938667347 52 36 27 0.66
5984 0.1331794476876262 -0.1346451359699092 1.088264864758452 72 53 42 0.82
5985 0.1081214067836439 -0.1528407432637577 1.115825818215752 67 49 38 0.75
5986 0.1204615198073694 -0.1239254709241318 1.0795717840856 56 33 16 0.62
5987 0.1355137434183983 -0.1132766258145196 1.077846959012688 158 111 56 0.37
5988 0.05715404409011787 -0.1338828571507227 1.017054381642541 113 79 45 0.32
5989 0.1274557408917233 -0.04412220130696926 1.111723181324271 72 49 35 0.65
5990 0.1456252877971925 -0.02946893030238304 1.080300865670729 107 77 37 0.41
5991 0.1622999548790288 -0.003530627274111409 1.06089370987949 54 35 23 0.21
5992 0.1160921802718208 -0.03034008481716774 1.126539289471631 63 52 44 0.16
5993 0.5408118140655822 0.0885064360778095 0.5327468169513522 79 47 27 0.59
5994 0.176961698003427 0.0163593086974182 0.987462026647462 62 39 24 0.8
5995 0.1505341945376327 0.00434383525004467 1.078664714389465 66 42 32 0.6
5996 0.05676170985818346 -0.02461049190498751 1.194261149616672 177 181 180 0.39
5997 0.2937155242930756 0.04980184376310262 0.7785311766291837 214 214 210 0.58
5998 0.1341292041995201 -0.0002214847893473593 0.8833008632958972 117 80 49 1.1
5999 0.1564942665361027 0.01952207745007808 0.9011520334844174 113 73 29 1.6
6000 0.4980446884236415 0.09113928367485338 0.5006334618792706 112 67 40 0.9
6001 0.5436723583124842 0.1068895524537778 0.5303449001310172 100 59 38 0.48
6002 0.5321626309633818 0.1126896917012917 0.554053097656021 185 123 55 0.24
6003 0.5209466055094546 0.1039030226296637 0.5754673160090124 155 96 47 0.34
6004 0.5137181564083879 0.1132844704841621 0.5799144367963639 130 86 43 0.84
6005 0.1178371977036266 0.004431248295909074 0.8603631876238046 118 79 51 0.5
6006 0.1989048043526486 0.03853427550769781 0.9163244137918233 100 58 27 0.33
6007 0.4958018432476441 0.09914953692064153 0.4987221544315066 88 43 18 0.34
6008 0.4995624332000322 0.09875504853106784 0.5000113174161808 174 126 68 0.47
6009 0.5093174261071188 0.1061726140977431 0.5012206422426626 119 69 32 0.33
6010 0.1164959519139995 0.03097849830201821 0.8682059517377152 146 100 59 1.0
6011 0.1576935260390769 0.06128574332494111 0.8940193152034038 34 19 11 0.4
6012 0.2581579840451887 0.09465215463134241 0.9385415939952394 191 126 80 0.32
6013 0.1654510850318277 0.09073616147009189 1.083349185715125 54 34 23 0.47
6014 0.4567099793620144 0.08462098483798189 0.3669181580133499 128 94 36 1.31
6015 0.5412568691941561 0.1157229331231881 0.4163114332430271 103 73 44 0.71
6016 0.5242076223372035 0.11613510526638 0.4726220091614306 113 78 44 0.54
6017 0.522646718252016 0.1159744735856095 0.474291092229282 104 76 52 0.57
6018 0.5375428450312365 0.1306299952088213 0.5514073225597076 47 28 19 0.24
6019 0.07989433259259171 0.03781259247980778 0.790427446768259 119 69 13 1.25
6020 0.1072316741380829 0.04751201057888702 0.8391281859600872 110 67 39 0.71
6021 0.1344854774568064 0.07149749517027318 0.8483027315179718 102 56 28 0.94
6022 0.1711202671700979 0.08142399329358321 0.8839641127575596 117 63 26 0.3
6023 0.521388450752505 0.1177223937406659 0.4391300003453159 136 111 81 0.34
6024 0.5279539772289631 0.1209442200609247 0.4321378615612029 26 18 13 1.01
6025 0.5370942679760445 0.1283474444376357 0.4654763518682815 38 17 15 0.26
6026 0.5444596639755582 0.1289547154088058 0.468776047329744 87 60 29 1.08
6027 0.5368717927057871 0.1294218673086879 0.4677212449377822 39 17 13 0.38
6028 0.5351499908046099 0.1306557342874215 0.4727364188775899 33 14 10 0.36
6029 0.5326435687810003 0.1312085732110038 0.4754560315829914 40 23 17 0.37
6030 0.5309211013999925 0.1314597503364738 0.478043070606307 50 31 20 0.45
6031 0.5159899291143359 0.1323058216134714 0.5022797569513706 106 67 32 0.35
6032 0.5347876965634611 0.1353456190570161 0.5214471182578746 100 70 46 0.37
6033 0.512582346879574 0.143110835930536 0.5663066240563437 165 122 72 0.43
6034 0.1726703073138517 0.1065546045811468 0.8737821624028531 154 84 23 0.23
6035 0.2004070815713733 0.1377179660755831 1.008710009334703 122 89 66 0.32
6036 0.5169837191471224 0.127827039468676 0.4094568348778099 65 42 18 0.87
6037 0.538982447257135 0.1464974801103817 0.5229547870862612 56 34 21 0.51
6038 0.1374540936884655 0.09814039146742388 0.8527809117872689 172 111 58 0.29
6039 0.1482300092535755 0.09994158600430797 0.8588058953832931 162 104 48 0.62
6040 0.1612342257888753 0.1072084942308571 0.8559348014494188 95 56 34 0.73
6041 0.1846895548367163 0.1570621206776097 1.031154972178026 47 29 22 0.43
6042 0.3606399550970413 0.1996245436188595 0.7633342117318905 124 88 51 0.2
6043 0.5177720680107164 0.141068580881955 0.4625560549548476 75 48 27 0.37
6044 0.4970594733790573 0.1447334325447134 0.4819643247021766 62 38 29 0.33
6045 0.419720634545559 0.1294317050767 0.4864937803804877 66 41 18 1.58
6046 0.5042010861560831 0.1513802414476403 0.4958723636030753 46 21 14 0.29
6047 0.5096055177197333 0.152110787556817 0.501387473915471 71 43 21 0.08
6048 0.5148882776909569 0.1503070401657606 0.5043177878923736 77 42 28 0.31
6049 0.5201673867813297 0.1510351549966264 0.5076504297672652 75 42 30 0.45
6050 0.5345513925485451 0.1590699789537608 0.533839181535021 132 90 50 0.47
6051 0.4878482865225939 0.1598403979796559 0.590946552852698 188 136 95 0.22
6052 0.4043901161251509 0.1679459143574414 0.7094358447280127 125 100 74 0.29
6053 0.3285751278543779 0.170373417192763 0.8156292997170298 126 82 46 0.21
6054 0.05072528098004436 0.1726835900001567 1.221056027403912 121 116 116 0.41
6055 0.5245414991533963 0.1590560942099469 0.458546119338924 100 75 51 0.32
6056 0.5001219718414635 0.1575643754603318 0.4911930267852618 52 35 27 0.46
6057 0.4703857414750951 0.1748161778328525 0.6102685134580029 92 64 34 0.86
6058 0.4610624678541475 0.1772558369075615 0.6209510305697196 136 103 59 0.64
6059 0.2839567114885881 0.183895992832755 0.8730186411317056 100 70 48 0.35
6060 0.2643285473197263 0.1858755504604103 0.9207726683053621 149 114 82 0.54
6061 0.5180583528680299 0.1544580153123681 0.4049912570225952 84 58 34 1.0
6062 0.5129347733169127 0.1657717376484852 0.4599456466427334 91 75 59 0.48
6063 0.5371020656667863 0.1767567162455518 0.5128869732216264 70 27 15 0.91
6064 0.5251796021749877 0.1816509926903528 0.5408485297684682 57 26 13 0.44
6065 0.4352302959187057 0.1922484809097386 0.6517378251485664 195 140 90 0.29
6066 0.350014410944595 0.1876640986417439 0.7815119554414056 113 82 54 0.52
6067 0.3387328455344752 0.198977553302459 0.8003939255118114 55 38 21 0.26
6068 0.3146604616945004 0.2034097258655184 0.8282345167116236 43 23 13 0.32
6069 0.1117109157331674 0.2254722404230012 1.128989450235981 80 58 38 0.5
6070 0.4986902865972485 0.1727357014246102 0.4869639341667816 41 26 26 0.09
6071 0.4465635054208865 0.2027781582392791 0.6331732902207338 64 45 27 0.74
6072 0.1420099211688273 0.2282715780584563 1.064581291564686 36 22 14 0.58
6073 0.06854779342203032 0.2493590318346395 1.158555786425345 35 25 15 0.85
6074 0.4661613946518504 0.2076622941579508 0.6118424265923125 52 35 22 0.55
6075 0.4524101977981059 0.204544305918627 0.6295436026422075 105 84 56 0.64
6076 0.5231132953897732 0.191408461139809 0.4528350393333448 65 45 30 1.02
6077 0.5135453505275038 0.2087066110831563 0.5543290893453786 131 81 29 0.32
6078 0.5006161194078873 0.2106872244202252 0.5691271992543269 95 65 36 0.3
6079 0.4336123906178854 0.2185146243490763 0.6556359862778308 76 53 26 0.91
6080 0.406782221719402 0.2260554146807126 0.6969525120532097 53 31 19 0.3
6081 0.05935182744955003 0.2971377524692363 1.165501105342833 54 36 14 0.54
6082 0.5371991016207484 0.2139839851277961 0.5246246249530709 101 62 36 0.34
6083 0.403821301166884 0.2499750028077628 0.7073828552107622 83 58 41 0.51
6084 0.3407965612377513 0.2472999371604331 0.7796846049194086 182 112 45 0.24
6085 0.5299192433428567 0.2630519595144729 0.6609327355350563 112 102 77 0.33
6086 0.06270220101772145 -0.3002623335757716 1.12590931368499 220 226 231 0.84
6087 0.08953715643021615 -0.2644686204158851 1.140300010031643 78 64 38 0.96
6088 0.1207485754356605 -0.1128923067712431 1.102578164048468 55 35 26 0.48
6089 0.05527328664567149 -0.1286693509894986 1.010434339354491 109 73 49 0.71
6090 0.0454674053148626 -0.1225502591535748 1.000354948397468 103 64 33 0.25
6091 0.09971337110061462 -0.1041514227084778 1.041880912445684 96 67 46 0.2
6092 0.1400039268114608 -0.05994983072383775 1.093875468366001 62 44 31 0.91
6093 0.1206197507914147 -0.06734215504388952 1.114305366010017 112 75 54 0.54
6094 0.09793186151738559 -0.07694407945798454 1.001251899642287 103 66 32 0.3
6095 0.1247055910163687 -0.02090854917749155 1.113125791914277 111 84 58 0.5
6096 0.5294800027368048 0.09551686626827932 0.5142436154936469 136 88 18 0.82
6097 0.1683052949678398 0.01453448169631127 0.9019016463911367 167 122 75 0.61
6098 0.2290092304712379 0.05400901068570282 0.9775964814333277 66 43 24 0.76
6099 0.5183613809044358 0.09485690364094122 0.5150311149003697 205 141 72 0.62
6100 0.5194989754447022 0.1039226471771055 0.516160956663943 143 93 46 0.66
6101 0.5304978814791274 0.1066328962948508 0.5241378962204217 143 95 32 0.52
6102 0.5357833698814092 0.1072148237854082 0.5259716780010567 162 105 46 0.56
6103 0.5455619269669042 0.1083001236357591 0.5338322352925913 109 72 46 0.53
6104 0.09524594113301621 0.04433291282111471 1.161373924331593 122 106 85 0.66
6105 0.5018839481653865 0.1059592954612716 0.4908284530823815 146 100 57 0.63
6106 0.5157691653083846 0.1036698803372282 0.5037484511988221 152 94 35 0.99
6107 0.5087938198575584 0.1070211780764661 0.5028722664058175 131 88 49 0.16
6108 0.5510500159585082 0.123873684932163 0.5334863624741357 62 42 24 0.65
6109 0.5365473993824283 0.1279044360841942 0.5529389583737155 84 51 23 0.23
6110 0.524648977866903 0.1215227502665668 0.5665001873758376 99 59 34 0.22
6111 0.5275010572153436 0.1120270420564803 0.4256196549800014 130 103 66 0.78
6112 0.5012892526843946 0.1060054865980111 0.4517253515912965 62 40 30 0.46
6113 0.5473104739767829 0.1340152762171484 0.5307066957626254 111 88 57 0.22
6114 0.525734390920602 0.1290898286716129 0.5670890311118174 181 137 94 0.65
6115 0.1573319530335848 0.06810016282404927 0.8757983376396814 34 19 15 0.39
6116 0.5111549686795916 0.1193447101415513 0.4452999654746508 111 85 64 0.95
6117 0.5285762931293772 0.1251589964522459 0.4713742579975419 130 95 54 0.92
6118 0.5239631524851021 0.1309392895709683 0.4803495833172029 25 16 15 0.15
6119 0.5148814991072763 0.1318818335045445 0.5000823411996931 95 64 35 0.5
6120 0.4750042766787315 0.14242430057691 0.62199164986468 119 71 33 0.43
6121 0.1990938573193434 0.1321583289053841 1.011064358664822 67 43 26 0.46
6122 0.07100807898099526 0.1276454045293301 1.196668072062174 136 121 102 0.5
6123 0.509721324779347 0.1432756451569719 0.5002438945570619 77 49 36 0.34
6124 0.527078563460937 0.1426841245158241 0.5141610076968811 155 102 65 0.21
6125 0.526970524729057 0.1460255521866771 0.5118190449793381 67 34 20 0.43
6126 0.5415748035747997 0.1501949903612746 0.5244300192955837 90 52 27 0.37
6127 0.4980563964704513 0.1558398365399731 0.580484981160436 141 110 80 0.45
6128 0.4535986877061612 0.150724018979804 0.6472277366016976 88 49 21 0.31
6129 0.1606282351271214 0.1143900746312852 0.8698588542067955 161 106 71 0.14
6130 0.1802447205873893 0.112569916201294 0.8815038871543598 118 72 39 0.7
6131 0.5115835636307349 0.1468460169459571 0.4602604166683578 113 82 44 0.48
6132 0.5075162006977645 0.1480108191013222 0.4995108509472936 53 33 25 0.36
6133 0.5074635170497315 0.1467610810093712 0.5010390965513541 92 65 45 0.79
6134 0.5292330599187972 0.1575977853673078 0.5144646501461784 123 86 56 0.23
6135 0.4984634498860535 0.151491797343039 0.491149584154046 76 48 34 0.26
6136 0.4767733117205635 0.1704413924134132 0.601611379421484 158 109 59 0.4
6137 0.4174925713081176 0.1803006218370063 0.682490023467453 132 92 48 0.54
6138 0.3024315858364486 0.188013664123733 0.8495092327711764 81 54 35 0.47
6139 0.2460680585352176 0.1866744142189975 0.9414077314836529 57 46 31 0.5
6140 0.5120869468118722 0.1669687154281414 0.4589745024159021 40 27 19 0.69
6141 0.4963626914471541 0.1682030499877318 0.4812117806089332 45 34 25 0.57
6142 0.4991613048666491 0.1699185536304803 0.4878723223775207 36 27 26 0.62
6143 0.5220387068757497 0.1764700956051515 0.5046346460104303 62 34 22 0.41
6144 0.4455518612303129 0.1877872803367945 0.6402152053469805 149 114 69 0.4
6145 0.5226939925832319 0.1680978592010396 0.4205376332903873 60 41 32 1.16
6146 0.509111494855786 0.1678240830307116 0.4338307082791565 62 48 34 0.2
6147 0.5247292501719347 0.1695602286081099 0.4560860594930117 99 80 50 0.88
6148 0.5256549652195174 0.1897120975332422 0.5409552899307658 164 92 34 0.49
6149 0.1756415326641138 0.2294797934752745 1.017432739453372 121 81 45 0.87
6150 0.5175291300946669 0.1851343973011436 0.4511079846990736 134 95 61 0.89
6151 0.5242179053856215 0.1916108948810571 0.4837840635669769 32 14 11 0.92
6152 0.4905586850473242 0.1961461083983937 0.538000149068533 121 63 17 1.09
6153 0.4806653833490123 0.2072716205420287 0.5946975145312037 109 80 42 0.57
6154 0.4528340829199979 0.2071587431154331 0.6338422971289139 66 42 22 0.46
6155 0.43825499493593 0.2158547306655958 0.6509397735188776 99 76 50 0.65
6156 0.05054271570486912 0.2699628376260947 1.17178061224598 58 33 21 0.32
6157 0.5200639614505351 0.1926554914266956 0.4536831885445399 66 47 24 0.61
6158 0.5013150585467268 0.2133606349412775 0.5685937201658657 90 57 25 0.5
6159 0.5599432689817344 0.2127073774676578 0.4787355612913461 89 49 14 0.23
6160 0.6532906500970196 0.2239941882171826 0.4402298967774757 41 30 24 0.92
6161 0.0859919858900961 -0.2649293279158264 1.111341560244147 67 48 33 0.81
6162 0.1449052691866572 -0.03824872174740063 1.0882883634816 63 41 31 0.39
6163 0.06844043694019086 -0.03632986891737849 0.9480414478292543 90 58 38 0.33
6164 0.03628089621852704 -0.03356526020103737 0.9413008975734055 148 100 66 0.23
6165 0.1620146099545305 0.009449916040333656 0.9030065528059541 137 98 60 0.42
6166 0.5319835064271542 0.1039857455966839 0.4191453171381612 145 109 70 0.57
6167 0.4815068533186261 0.09162480508302254 0.4807426623498867 84 61 43 1.03
6168 0.4992731421472833 0.104500045806621 0.4956347531065816 119 86 29 0.52
6169 0.5500096151856024 0.1275124649264059 0.5385767811356912 108 74 41 0.26
6170 0.5338814118218821 0.1278186295006276 0.5588215724334331 60 39 27 0.23
6171 0.08931176469350882 0.0236514677656538 0.8327264520626803 197 188 177 0.61
6172 0.5259056941089479 0.114728844157533 0.4617175513911742 161 132 102 0.21
6173 0.536171918604627 0.1261365573154687 0.5126058462847244 65 44 33 0.81
6174 0.548003696420594 0.1305069827550299 0.5258383429783491 79 51 34 0.79
6175 0.5026317982758171 0.1283633614062954 0.5852436899937442 137 103 48 1.25
6176 0.1851866922963107 0.08849883615012033 0.8994060168447895 106 67 28 0.5
6177 0.5550287275009269 0.1192691638384124 0.4072216618146809 23 6 7 0.57
6178 0.53539387882544 0.1222506189826112 0.4299651456217584 44 26 19 0.77
6179 0.5077919531149878 0.1148068349857374 0.4453468990473073 129 94 59 0.41
6180 0.5256279395185798 0.1254804026416756 0.4775881830861873 126 94 44 0.67
6181 0.5075587621680777 0.1211399721176955 0.4966970529976439 48 30 25 0.64
6182 0.5157121880266604 0.127015136205494 0.5072261768915167 94 62 34 0.51
6183 0.1188593991364267 0.07278008360726793 0.8517701835188844 166 107 51 0.5
6184 0.5294099602047058 0.1295642229640318 0.4072652847085781 66 36 17 0.69
6185 0.5161093379016306 0.132704660613677 0.4699563227924571 64 32 12 0.55
6186 0.5375860099269512 0.1543615949979215 0.5210632705259312 87 57 28 0.66
6187 0.4399967422807733 0.1552143089135431 0.6622189885971995 123 87 52 0.87
6188 0.2682614512587376 0.1504026126388417 0.9140630214275529 82 46 25 0.69
6189 0.05602718654213396 0.1408807033591088 1.219608500859175 198 214 215 0.41
6190 0.4971659496359337 0.141100791848801 0.4817047969438535 69 37 19 0.3
6191 0.5344752547627172 0.1542958684243788 0.5183540372741605 43 24 20 0.22
6192 0.5347388069801788 0.1605153879433205 0.5315000680350405 62 35 20 0.34
6193 0.4090565660772052 0.1640212069733032 0.6983365301824516 176 132 81 0.59
6194 0.1670677620005213 0.1707735165803297 1.040077696377158 113 82 53 0.53
6195 0.5241097222750207 0.1664252398721867 0.5089663962703701 136 90 47 0.5
6196 0.5009193410038832 0.1567658999367482 0.4411912997696524 65 51 38 0.58
6197 0.4959341331879792 0.1662221727146672 0.4822763384466731 12 6 6 0.37
6198 0.5024903805727232 0.1688678003133665 0.4899881439866052 65 39 25 0.47
6199 0.5078680962572341 0.187687793712851 0.5576641358682048 93 62 25 0.39
6200 0.523685291235206 0.1692497963418075 0.5044168551404864 116 70 36 0.93
6201 0.5248802269860238 0.1782289779097676 0.5054681910852714 83 50 17 0.33
6202 0.5287706540696988 0.1847917998365302 0.5338268569348585 114 69 29 0.31
6203 0.5079321700398867 0.1647242700777627 0.4346242812441764 29 16 14 0.22
6204 0.5374292676157667 0.1924743136743946 0.5141091925453977 98 82 60 1.09
6205 0.4109847735195528 0.2088884021818329 0.6799483212175288 145 102 49 0.6
6206 0.4053707195238336 0.2166501220112394 0.6978057238155609 60 34 22 0.38
6207 0.4070510362566047 0.2201227999619661 0.6938337954491656 54 32 15 0.49
6208 0.5243471354453464 0.2107433456546113 0.5319762315462365 101 70 32 0.85
6209 0.5242546199020712 0.210893770563798 0.5346873485130692 109 66 35 0.49
6210 0.4604151791337343 0.2185084770548651 0.6195614615014768 66 47 30 0.64
6211 0.4657363336906204 0.2214823940851605 0.6162348739710025 124 81 35 0.87
6212 0.4649019637920471 0.2483024308535533 0.6268239870300483 150 129 112 0.57
6213 0.3763931051276616 0.2610336595895694 0.7183635226968226 151 127 105 0.83
6214 0.06388815975254231 -0.06363867435138243 0.9822197474573409 106 81 63 0.48
6215 0.1728338099009052 0.0128067584157488 0.9079704420483385 156 116 60 0.76
6216 0.1495390473294498 0.03659599298360833 1.07880173043142 82 52 39 0.48
6217 0.4997197872360342 0.0936307048539243 0.5019759565773618 181 128 75 0.99
6218 0.5398610996394193 0.1102129622180249 0.5432495010471371 93 58 32 0.85
6219 0.52203006708724 0.1148655769476053 0.5109923913259616 115 86 41 0.63
6220 0.5323994778376361 0.1175272557850627 0.5158767764601153 116 78 44 0.16
6221 0.5458653411016031 0.1301816166819445 0.537674215178879 38 17 6 0.36
6222 0.5364071931511248 0.1343547747533402 0.5432182774672124 46 26 17 0.89
6223 0.1990168945693684 0.09962354903479635 1.026546158290376 155 112 70 0.32
6224 0.5264364748536983 0.1189010727049278 0.4332382119846587 108 90 66 0.67
6225 0.5362604945063254 0.1268020355491893 0.4669555800746272 176 146 94 0.69
6226 0.5214018015740494 0.1280631560294615 0.4815873782180553 124 101 60 0.72
6227 0.5266900632552349 0.1416598511065588 0.5304868812225185 132 74 30 0.17
6228 0.5375081358186569 0.146271870459132 0.5209049656849495 108 70 31 0.17
6229 0.2404357507594688 0.1581875033224873 0.9439794903155132 105 72 47 0.57
6230 0.3809435165923464 0.1643287377711253 0.7418503425101119 75 47 21 0.09
6231 0.5258367566888184 0.161412569786174 0.5101522906150197 136 91 48 0.39
6232 0.5260122249412651 0.1726287698126455 0.5387773524942089 49 30 19 0.84
6233 0.3341292594224086 0.2005087312494108 0.8028946508859823 45 24 12 0.74
6234 0.5110529978357765 0.1700459636031833 0.4269109969727602 46 32 25 0.8
6235 0.444701595472596 0.1997917048067724 0.6370706884613512 129 105 65 0.56
6236 0.5180442838619861 0.1885876304107613 0.4945999588332855 104 78 53 1.23
6237 0.4688308650297259 0.206241760047352 0.6076532104057468 57 37 20 0.64
6238 0.1388161919999328 0.2584978344095125 1.065781010861985 52 38 26 0.54
6239 0.5289683896922004 0.1941785627345638 0.4605342101811901 39 24 8 0.71
6240 0.4690948514402388 0.2167572917137317 0.6076768817189919 99 77 61 0.56
6241 0.214999233316111 0.09175652459904908 0.9210665473978487 101 63 35 0.56
6242 0.5340977526946326 0.1058737798696908 0.5211278647610676 117 72 36 0.78
6243 0.5454245855572787 0.1121523368464915 0.5354413465966694 161 88 34 0.69
6244 0.5319161448451727 0.1092953083355879 0.5552689232187668 183 108 44 0.22
6245 0.4909455519084645 0.0947057245023845 0.4898322655340981 107 73 49 0.97
6246 0.4913076392266639 0.09835774300831571 0.4938636376395439 162 107 59 0.89
6247 0.5309699792930964 0.10590475774024 0.4053230450448856 101 70 37 0.94
6248 0.5247183765265436 0.1215686862546238 0.4769240830987498 129 99 69 0.8
6249 0.5138968537767484 0.1195391214989826 0.4893569446873093 126 100 62 0.69
6250 0.09664795667311832 0.04970856036068208 0.8313433515022585 140 91 42 0.74
6251 0.1185216933435228 0.05497462202031567 0.847052456351052 150 106 73 1.02
6252 0.1930941942076859 0.1120001020813993 1.04030711590054 74 44 22 0.32
6253 0.5295246001859528 0.1159973106606278 0.4226966472116682 108 83 59 0.28
6254 0.4865245432668062 0.1420380914672608 0.60023677895487 76 48 29 0.27
6255 0.1247587083605322 0.07638492355258983 0.8505163259090971 183 114 43 0.67
6256 0.1900186916454889 0.1333215404502105 0.9979050600526523 144 95 60 0.83
6257 0.1460593459685792 0.1739092894907761 1.090404369943349 135 95 74 0.3
6258 0.5057804045925391 0.1562258406945856 0.4257130711737033 64 50 37 0.65
6259 0.4990780862337789 0.1575106672121697 0.4368700221217883 15 4 7 0.84
6260 0.5216347466147135 0.1850362026018173 0.5409025356288852 129 90 52 0.38
6261 0.5207863276010015 0.1824116396448356 0.5450354693183664 89 50 21 0.59
6262 0.1857200322638586 0.2074101996747462 1.028227319678629 106 80 47 0.56
6263 0.5203474644622474 0.1582948179749644 0.4050054323529533 84 58 36 1.24
6264 0.4951663951660532 0.1614441124300696 0.3995968621892674 53 42 32 1.04
6265 0.5366908791929458 0.1725360354348899 0.4122930467558459 75 57 40 0.95
6266 0.5212932770142913 0.1938732785740828 0.4501538150547701 131 108 60 0.51
6267 0.4422385761311675 0.2186391739643826 0.6448328558466507 85 55 29 0.91
6268 0.5317500774327727 0.2004569901858545 0.4465743627446286 105 64 29 1.17
6269 0.5362614791810463 0.1158777665444836 0.5471766555302757 217 135 51 1.06
6270 0.1476114054814022 0.01175459867666306 0.8510897064483951 95 70 47 0.95
6271 0.5408569261366292 0.1150215164442975 0.4131131267585008 115 93 70 0.47
6272 0.5326345797773632 0.1040642451692896 0.4167099431087467 153 115 77 0.41
6273 0.5463057326158077 0.1132487023786416 0.4175246466923097 109 81 56 0.46
6274 0.5099465787890549 0.1140630122417093 0.4906990270836704 74 52 36 0.84
6275 0.5438819493879743 0.1341497329769623 0.5250842578073496 86 62 34 0.84
6276 0.2196439884074119 0.09817005659673453 0.977097072087754 59 30 15 0.2
6277 0.5382068165895915 0.1164425267383563 0.41822789449676 123 96 67 0.85
6278 0.5248772014135969 0.1219042266274534 0.4509822984608954 158 129 89 0.87
6279 0.5223809043695029 0.124347431079826 0.4836562809668924 92 68 47 0.73
6280 0.5365579433869793 0.1575974581453546 0.5310467217382437 36 17 11 0.76
6281 0.4247355122602454 0.1673237195666792 0.6736960834224996 128 107 78 0.82
6282 0.14276249260157 0.1935671186058444 1.077999505166608 54 31 23 0.79
6283 0.5264126615834983 0.18871083470604 0.5047809707700431 69 38 21 0.51
6284 0.5110934935164653 0.166967653156166 0.4019924514711633 79 62 40 1.43
6285 0.517306459707516 0.2050680893139702 0.5493044875628181 78 46 23 0.94
6286 0.4847324331195556 0.2057119004840116 0.5847429162489549 89 57 30 0.88
6287 0.5474280209808856 0.1062379755698314 0.5384235531400515 179 106 36 0.59
6288 0.2186800441766422 0.0864566847040647 0.9176754784010253 132 84 41 1.17
6289 0.09513164549207687 0.0508989832690665 0.814614772157614 120 68 15 0.93
6290 0.5134616915051975 0.1285959286822866 0.4922775625804389 84 64 24 0.83
6291 0.1495925399322293 0.09743945479177614 0.8714561908095539 180 111 54 1.32
6292 0.5337560811724962 0.1441270531604138 0.5196561716734236 95 61 28 0.49
6293 0.4226401986564994 0.1539679696193867 0.686015052975176 117 72 40 0.7
6294 0.5127110021183682 0.1660739568439317 0.502692073742353 125 89 48 0.9
6295 0.5237238249572224 0.1775283931992657 0.5368969995976979 113 56 18 0.9
6296 0.426302296794043 0.181432880228419 0.6684877390201007 51 33 22 0.85
6297 0.4074711198711745 0.2163909194126044 0.6860166748140808 88 51 21 0.55
6298 0.5028495656176386 0.09217274677127586 0.4938742312723847 146 111 64 0.88
6299 0.2126897049238144 0.1858218352224346 0.9797144623610448 55 36 27 0.39
6300 0.5414853574391868 0.2061383674755907 0.5167431121641392 216 139 53 0.47
6301 0.4771019430319572 0.07573107626615333 0.4897229603189692 120 87 51 1.27
6302 0.4528357524067372 0.2804539909609053 0.7682579734238798 88 97 44 1.02
6303 0.5236061726331381 0.1241466922619881 0.4782909441830619 133 107 73 0.45
6304 0.5042090576263987 0.1605911894936733 0.5679041723199784 40 22 15 0.71
6305 0.2222316990015116 0.1552496830553782 0.9762469811887682 39 22 12 0.76
6306 0.09146660399940948 -0.2507912250807021 1.126282314692992 90 63 43 0.59
6307 0.07985561705547034 -0.2612739247708595 1.143870093651171 109 88 50 0.63
6308 0.08181265030209933 -0.2269839757994686 1.090831867995049 75 49 26 1.1
6309 0.1251134763453619 -0.1597787354716776 1.094623439794639 96 76 43 0.35
6310 0.0976871169037859 -0.1572285630398363 1.139501518966767 68 52 42 0.78
6311 0.1144569778252568 -0.1177858154725007 1.113987504465509 64 46 36 0.5
6312 0.1454596638820929 -0.08538143472871723 1.073976898395988 122 99 52 0.28
6313 0.1471569970175493 -0.0795991334004334 1.070526706773214 97 74 52 0.14
6314 0.1013804166559055 -0.05631889443227461 0.9899334905218502 185 139 94 0.57
6315 0.1586714683776169 -0.03660382583144406 1.063148039685414 84 56 38 0.36
6316 0.05527367076853945 -0.06064893139596317 1.1916594190704 209 215 211 0.28
6317 0.03364595049268981 -0.07214760231323858 0.9597160022014183 134 96 76 0.18
6318 0.1000954389170141 -0.04254257069771999 0.9875131904602179 135 86 41 0.56
6319 0.01799317951750723 -0.05464452518198626 0.9464095150213092 154 118 84 0.5
6320 0.1593061275030725 0.03736109717876449 1.05949380939773 135 102 65 0.31
6321 0.1634005767773968 0.05631138606811362 1.021519710798593 111 84 62 0.46
6322 0.1312386921428332 0.04109175808185833 0.8593915851064038 120 75 37 0.56
6323 0.1811386717765819 0.06673926811589531 1.032430493132523 139 102 65 0.67
6324 0.1735950483939912 0.08092251546586662 1.011605653950624 112 74 46 0.21
6325 0.5349816764072823 0.1377342863312025 0.5371985714224892 74 51 30 0.17
6326 0.1487154060338636 0.1225295874951334 1.093940278811602 91 55 24 0.19
6327 0.1435837509327048 0.1186780249917727 1.113907587895393 74 54 32 0.34
6328 0.05690393345441208 0.145985568428199 1.191893354152465 66 45 32 0.05
6329 0.1986073186080468 0.1718933449191389 1.004070002482039 55 39 23 0.3
6330 0.5046494087562827 0.1662314557989706 0.5715582227717386 49 29 18 0.11
6331 0.2703941156340749 0.1705143851453206 0.8887338923789445 151 103 58 0.31
6332 0.2865333395959694 0.1821551964801229 0.8733382008474022 163 126 62 0.24
6333 0.1631863623016533 0.1908034452596553 1.047955117262272 61 35 20 0.3
6334 0.3498191266198885 0.1993393691055688 0.7767581577825093 72 51 30 0.41
6335 0.3115350198154407 0.1904249059452507 0.8358188209238137 89 70 42 0.17
6336 0.2758455652467261 0.191349118853169 0.8816578811549307 67 40 28 0.64
6337 0.2795729530369622 0.2047527248139516 0.8724578716258236 56 35 22 0.34
6338 0.4993649556543285 0.1994970108190168 0.5734089208822289 42 24 14 0.54
6339 0.4475181353875409 0.1969914984662071 0.6346154262902591 58 41 26 0.22
6340 0.4070344630118822 0.2013059743302712 0.6884239398943752 80 58 36 0.51
6341 0.1902835274015608 0.217511110645902 1.000883783992121 54 37 27 0.69
6342 0.1784479042855329 0.2370023425875596 1.011097894568977 74 52 32 0.19
6343 0.1623539935048052 0.2324189085472935 1.032962392648337 65 44 30 0.39
6344 0.05270410701083617 0.2566378021491973 1.178599795057103 100 69 44 0.59
6345 0.5484316022223579 0.2144416417951236 0.4997810460654009 111 82 45 0.36
6346 0.5052289842068232 0.2275669884485405 0.5760672034391147 93 68 50 0.22
6347 0.4745411254082371 0.2299374071054839 0.6130432417871927 69 48 31 0.72
6348 0.3039158084450863 0.2543096355277696 0.8218695512735922 112 81 49 0.67
6349 0.4257799312671193 0.2186354094302991 0.6682981931239251 112 79 45 0.66
6350 0.2852907678478439 0.3137524069169348 1.059716292989458 105 76 57 0.64
6351 0.4723014478988095 0.2533508013566569 0.6400632827412269 120 97 59 0.5
6352 0.5399170434470479 0.2661223438282871 0.6583375178222791 110 102 26 1.01
6353 0.1484748092186537 -0.06444909561192091 1.069274729356429 138 112 56 0.36
6354 0.03333604525860767 -0.01750147781490055 1.214692001518383 212 201 192 0.62
6355 0.2141275508854316 0.02636861390681158 0.9390104970306721 147 119 81 0.41
6356 0.1685632335161882 0.03011371571280813 1.042429999783224 114 79 50 0.41
6357 0.1652027536565595 0.05733416810355341 1.049810019090972 54 36 25 0.95
6358 0.1517981278805157 0.08025711891555684 1.076413085628363 93 67 44 1.14
6359 0.1440288065132161 0.08036450641161616 1.078063377067327 85 48 20 0.22
6360 0.2784985200322599 0.1148645840061669 0.9101549511854023 142 98 68 0.08
6361 0.1741956182722429 0.1000669158287009 0.8882358993154027 129 91 54 0.05
6362 0.4631409212441083 0.1498619354337741 0.6294793290347445 102 66 37 0.54
6363 0.270053949646781 0.1462289370375716 0.9113719452414389 112 86 71 0.6
6364 0.05601276068797811 0.1499986518984822 1.197408697163706 41 27 22 0.33
6365 0.5159105261445163 0.1573806179189599 0.5590422972608657 57 29 18 0.26
6366 0.4690117878493979 0.1558971927762066 0.6202526247492953 87 78 66 0.5
6367 0.2777767329210407 0.1723666628028899 0.8953794578048941 88 62 44 0.47
6368 0.4075618379476977 0.1753886221564542 0.6975236000424165 136 111 75 0.33
6369 0.2815864629504555 0.1725483118171348 0.8887138047489742 115 76 26 0.18
6370 0.1605082596501717 0.181405755228907 1.042394162788234 110 73 51 0.46
6371 0.3695078540205892 0.1920204599959951 0.7459986644965109 96 71 43 0.83
6372 0.3808933845040243 0.2014369484085022 0.7243625251414323 120 88 47 0.51
6373 0.3521605361739459 0.2068910218534359 0.7719397172527005 94 67 32 0.55
6374 0.2912698529495021 0.2207338290285763 0.8532767764672938 108 76 46 0.68
6375 0.1316440941240635 0.2361100392123298 1.081170647152688 51 35 25 0.2
6376 0.4779217603577697 0.211386926764416 0.5971422087638557 72 54 38 0.2
6377 0.4493251435643445 0.2154351701861278 0.6273042988864096 127 92 59 0.61
6378 0.05201919926876425 0.250761513879018 1.110557900423352 40 19 12 0.4
6379 0.548427820011461 0.2148424336897991 0.4958066198136959 80 65 41 0.27
6380 0.5071785028599868 0.2172053698475624 0.5605957634977886 141 108 66 0.4
6381 0.4177255047950003 0.2422395931138667 0.6905937526646816 101 74 40 0.27
6382 0.3513151963054513 0.2703456714192091 0.7741863015471961 151 116 71 0.47
6383 0.09753772375647357 -0.1958844776177741 1.124745155715727 53 39 33 0.94
6384 0.1046112338662655 -0.07731082600086381 1.027545767212081 143 108 79 0.92
6385 0.1334832159189187 -0.02616045541887185 1.108795602155441 92 74 51 0.41
6386 0.1297229399704976 0.06913757956007582 1.114947144035501 120 88 57 0.42
6387 0.5350910506142322 0.1292083719436816 0.5547291319944972 78 58 43 0.67
6388 0.1781105725764964 0.09964741391943563 1.005911985603775 78 55 34 0.22
6389 0.2032001672247957 0.1560414435999878 0.8976182481867048 46 25 14 0.68
6390 0.5417531612987491 0.1770558945383182 0.5193800503208311 89 63 38 0.82
6391 0.2240295629023303 0.2157170768671675 0.9336504680548745 70 44 24 0.64
6392 0.4798729732947581 0.2072242660655214 0.5947517196979042 73 52 31 0.62
6393 0.4536423786208951 0.2500178453093382 0.6377410160930329 118 104 63 0.51
6394 0.0996428850956011 -0.1198820544523918 1.052441963328167 144 103 58 0.67
6395 0.1402502312208687 0.0367919116079326 1.099834939561733 95 73 52 0.43
6396 0.1509307493213412 0.1142411986555546 1.097599437001038 85 64 42 0.52
6397 0.1253636162289502 0.1175759989275884 1.140866920871703 125 95 48 0.63
6398 0.5301893262597268 0.1474549507286503 0.5432344173381718 91 62 32 0.28
6399 0.4979257629304393 0.142914341184946 0.584623956417859 116 84 47 0.53
6400 0.4314731390631132 0.1611598463630162 0.6692796487922625 73 52 32 0.68
6401 0.5145234531280338 0.1780428199660472 0.5552768768661039 128 79 46 0.51
6402 0.3164644644283624 0.2013132734647941 0.8230047990110423 113 79 46 0.73
6403 0.2482368941111128 0.2173212747045791 0.9126841785547699 65 40 27 0.62
6404 0.3188373187506189 0.2841208204236953 1.066901726513755 125 107 60 0.51
6405 0.4164210276011577 0.2301702180360169 0.6857134075089664 90 72 42 0.6
6406 0.3722633933322769 0.2418154897666363 0.7369333654829159 120 88 45 0.63
6407 0.05804098575769084 0.03163826377637358 1.200760466732554 200 206 207 0.48
6408 0.5463431774016758 0.1214453355303208 0.517655267808958 134 104 71 1.11
6409 0.1309131873250812 0.1134025764032192 1.134897902712888 54 38 28 0.25
6410 0.5192776450265975 0.1634453894288956 0.5513766712971652 88 58 34 0.26
6411 0.5376316491216391 0.1798024165707402 0.5236653002442994 125 79 27 1.05
6412 0.5309927027016922 0.2311376882031823 0.5351454986940064 137 109 60 0.43
6413 0.4931901144866425 0.1708332546353022 0.5789957199544129 89 59 32 0.3
6414 0.2645481115319201 0.139129357642889 0.9162510117231492 121 86 53 0.81
6415 0.1763364483498812 0.1423604132117115 0.8898316898215937 42 25 18 0.59
6416 0.5347296409010183 0.2053077823170728 0.5240488922133737 116 80 48 0.26
6417 0.5372377527272064 0.1788736475684551 0.5205670575227604 89 69 33 1.39
6418 0.2486464531550884 0.03187445374587791 0.9253065686797171 182 150 88 1.02
6419 0.4914221062452307 0.1421223430600954 0.5991426098300422 60 37 22 1.27
6420 0.1676688775363727 0.1505349677775067 1.04844889906944 41 25 19 0.76
6421 0.06716133009950659 -0.2001705776411148 1.150515015505551 111 92 65 0.74
6422 0.08654163234878043 -0.1822071309843743 1.145334502944163 98 85 52 0.64
6423 0.1165282187798661 -0.1343422400721233 1.105948095653786 61 37 31 0.74
6424 0.09526677642567982 -0.1343251625610055 1.139228944323381 97 74 39 0.84
6425 0.1065691446884905 -0.1002265463119854 1.042274763864698 159 124 64 0.21
6426 0.1047014326618982 -0.09292813140149619 1.129132851423523 56 39 27 0.49
6427 0.1310467430916488 -0.006204975328572226 1.017344428873782 120 87 50 0.46
6428 0.1560286582852828 -0.01287968976775994 1.074213629477575 112 74 44 0.57
6429 0.2135296989930851 0.03035549829873274 0.9427083531143111 86 60 38 0.55
6430 0.1438548370242875 0.04148686906947577 1.079048883832233 94 64 44 0.19
6431 0.5280652621253981 0.1030333056685178 0.5204893718332999 90 62 40 0.37
6432 0.5484999574530003 0.1143514168832552 0.5295366349238771 167 126 55 0.24
6433 0.5428789191661759 0.1088629436007413 0.5397849923313315 106 77 37 0.4
6434 0.5324061423554607 0.1127352126241053 0.5539280418396791 124 88 42 0.34
6435 0.5205374083379575 0.1156276656932446 0.5699732928628637 127 91 47 0.64
6436 0.5326324346629336 0.1240478863072078 0.5549269605629152 75 50 28 0.55
6437 0.1279104221334032 0.04449960861764785 0.8556860686906338 126 95 44 0.35
6438 0.1691294187129337 0.08206619398936452 1.017799329793017 64 47 24 0.28
6439 0.2618871513179027 0.1195226080662141 0.9339179938720448 158 105 46 0.71
6440 0.5035534121367564 0.1136174790009281 0.4886786503881592 46 31 20 0.45
6441 0.5072093522057546 0.1177249920131946 0.49330116019785 68 51 34 0.62
6442 0.5174986624279222 0.1341917779105583 0.5008407937248653 23 13 8 0.51
6443 0.5285852094981053 0.1463186555838302 0.5539652643530734 40 24 12 0.16
6444 0.4583998572971668 0.146469515175548 0.6461662631296964 154 127 54 0.27
6445 0.4485486224475326 0.1483440648078772 0.6577482927028528 98 75 38 0.27
6446 0.1243082128463975 0.09482211449022475 0.8427897138832569 161 101 45 0.57
6447 0.2803166341991208 0.1270440518803387 0.9049906668452146 47 32 20 0.67
6448 0.5077257851831116 0.1504686405565104 0.4989019343712927 56 35 26 0.34
6449 0.5355515955445301 0.1598617397767439 0.5309808261112073 54 30 17 0.42
6450 0.5288004794994956 0.1580042487069483 0.5445510890325725 67 39 23 0.15
6451 0.4419579842845691 0.1507593401439235 0.6649821983176343 86 64 27 0.54
6452 0.3254384823981032 0.174903410715097 0.8305101081237679 102 65 33 0.53
6453 0.2081015081953538 0.1552525090157283 0.9044907277266011 114 78 45 0.53
6454 0.5211734873674507 0.1679154114972604 0.4907398402765551 59 50 31 0.49
6455 0.5255643890906229 0.1596662129180294 0.5082380002343839 96 60 31 0.24
6456 0.5144979540101957 0.1761166740747767 0.5541739049858695 65 38 21 0.21
6457 0.3030307986565219 0.176646227912311 0.851488207137867 120 90 59 0.57
6458 0.1855681639397488 0.1972582810747395 1.030015379465681 99 74 54 0.53
6459 0.5185103744149463 0.1850623975201262 0.5464510950626804 134 83 40 0.49
6460 0.5171136249170821 0.1877215912943627 0.547347571864612 118 72 37 0.8
6461 0.4934112400753246 0.1977173382939606 0.5798237481378516 35 25 16 0.23
6462 0.265245136872079 0.2199835964314975 0.8865523973717024 131 89 52 0.26
6463 0.264395961118492 0.2088220233899985 0.8942004802182343 60 39 29 0.52
6464 0.4743553315661838 0.2045809532614533 0.604059022238895 88 76 62 0.3
6465 0.4436737854775288 0.2089265561171826 0.6470807067691945 87 69 45 0.61
6466 0.4264066142680137 0.2229292487229624 0.6634535254053713 61 41 11 0.48
6467 0.3093457101162829 0.2340920287632618 0.8305696583361416 108 88 75 1.03
6468 0.2591576156748426 0.2403874895474507 0.8865149947285704 101 63 45 0.82
6469 0.4602885978145753 0.2241093385952158 0.62083592978043 64 43 22 0.41
6470 0.3016318116459132 0.256311096719107 0.8218998045996977 104 93 56 0.49
6471 0.2688976906990231 0.1101969303746977 0.9206252375188499 169 119 50 0.35
6472 0.1047014462040562 -0.0801156651317762 1.124664282167302 112 84 41 0.18
6473 0.1509816037646186 -0.04329685688955098 1.072381340522603 88 58 35 0.4
6474 0.1417702682169454 -0.02257472210814765 1.089308724063607 44 28 17 0.28
6475 0.1952724980293328 0.0214739766898662 0.9238726171707301 166 124 81 0.74
6476 0.5380945100227968 0.1112197483247379 0.5452913251350205 129 86 44 0.79
6477 0.5048795920121294 0.1303639957311136 0.5883207122912917 170 162 162 0.76
6478 0.1499651271734864 0.04406996268786328 0.8649532761281276 121 80 50 0.99
6479 0.5390367529723326 0.1293482478960967 0.4698330448016822 103 82 60 1.08
6480 0.5201886581773592 0.1153972652911625 0.4738491934311403 130 110 67 0.8
6481 0.5099764443734583 0.1257552119457225 0.4890470696331522 92 79 35 0.73
6482 0.5264207312626116 0.131477066147297 0.5154863965054702 64 34 20 0.36
6483 0.5314761091062353 0.1404432477913041 0.5183308604871172 81 54 37 0.85
6484 0.3786790340869959 0.1633902251815292 0.7511867557687237 120 90 55 0.28
6485 0.5347299138823017 0.1892194820649915 0.5273383344098457 56 27 10 0.6
6486 0.5133891220172512 0.1859491703722639 0.550789490646305 130 85 48 0.5
6487 0.4989122862586522 0.196418093923568 0.57431139443226 79 55 33 0.46
6488 0.4108844504640183 0.1876412712639494 0.6883390972186716 110 78 42 0.34
6489 0.3617477802429244 0.2090454651295238 0.7569173119075093 92 69 46 0.57
6490 0.3047919255538678 0.2042211381884178 0.8430566311353502 102 72 46 0.44
6491 0.2950054458446348 0.2085968458931405 0.849967112742712 76 28 12 0.21
6492 0.5467226790829895 0.2017265846465864 0.5065380764222083 134 105 63 1.4
6493 0.4416773859306862 0.2093806535242455 0.6494408315286235 37 28 20 0.43
6494 0.2659541572094802 0.2414736723079219 0.8797286993007849 118 84 54 0.58
6495 0.3184347252530208 0.2545899875097804 0.8057883075417984 151 123 63 0.29
6496 0.2131535250588589 0.0587321202939359 0.9302869244406764 179 129 94 0.62
6497 0.1469915411027895 0.06702662414717786 0.8672920532280322 49 31 20 0.34
6498 0.2366450449733176 0.1375050323873863 0.90634250642629 144 86 42 0.85
6499 0.5016636992569541 0.1956039360597438 0.5704088876656012 60 44 24 0.23
6500 0.5070760996558599 0.2116667039222992 0.5604428477127128 121 72 34 0.58
6501 0.1749945275142243 0.01209580114497202 1.044223760116158 118 96 36 0.2
6502 0.1970427174544327 0.1121108958239139 1.03072330751898 134 99 62 0.78
6503 0.4535545359274957 0.1559147193318516 0.6399780647884935 83 60 37 0.45
6504 0.1583450053555086 0.110812709793432 0.8469825744177593 149 104 64 0.64
6505 0.5064395029797977 0.2194679707882287 0.5692324899741436 63 43 28 0.3
6506 0.4427330007029388 0.2168329333633608 0.6440866781051645 44 33 22 0.93
6507 0.07296224467657875 0.2531454614480063 1.156280940790714 112 75 39 0.49
6508 0.4688087959640226 0.1468283503995079 0.6272484972396175 47 31 18 0.23
6509 0.4572594874202184 0.1478276220468165 0.6441365239570291 85 63 42 1.11
6510 0.4815364959065381 0.2006708389478289 0.5956030673997903 107 82 55 0.9
6511 0.4946286316071805 0.230035109075051 0.592102706600937 188 159 133 0.34
6512 0.6330731526774889 0.2282848670892066 0.4715886863136073 98 63 33 0.46
6513 0.1984024082144605 0.09790675254290877 0.9898857968780423 24 14 10 0.52
6514 0.1942750397814335 0.1091313419609709 0.9022889026560095 128 79 29 0.68
6515 0.3439023221491616 0.1949606983722582 0.786994403432405 131 95 59 0.73
6516 0.5214214141546539 0.1217333673332845 0.5019833330669888 56 39 30 0.63
6517 0.04170427767366303 -0.06764740455367235 0.9647593939148926 98 67 42 0.13
6518 0.262075499608209 0.07540305963487473 0.9455860313096945 118 94 46 0.53
6519 0.09054202360595276 0.01730647587935474 0.8357897613753089 154 140 134 0.51
6520 0.05775619100720453 0.0428169190057687 0.8119570569279384 147 102 44 0.35
6521 0.04240089357742383 0.1857739516833816 1.219959303264465 156 173 171 0.3
6522 0.1299894640219239 -0.1271273737690452 1.090299491451724 95 67 36 0.45
6523 0.1037237494551765 -0.1363867965492128 1.11792561706007 70 49 42 0.64
6524 0.04986313629354672 -0.1644179177567055 1.023314853909115 78 60 57 0.24
6525 0.1321793515094967 -0.03378460535514061 1.094122815581513 80 58 52 0.24
6526 0.1892500747480089 0.08472826460756852 1.024781264100692 116 84 64 0.4
6527 0.1561747271702797 0.1567957193537772 1.091732921185693 104 80 48 0.29
6528 0.1557337849034511 -0.0166073068462147 1.064451397576966 107 86 54 0.38
6529 0.1293235846994361 -0.001992690831734645 1.10990206154016 48 36 32 0.24
6530 0.1984481474530677 0.0300557914636902 0.9556277893194547 89 68 43 0.62
6531 0.2614446516478252 0.06690610920875603 0.9424904701482177 137 92 39 0.35
6532 0.1578462444577589 0.06857491894003395 1.015366880779857 66 40 25 0.21
6533 0.1874250948948424 0.1417709110580829 1.045571382964992 63 42 21 0.4
6534 0.1962151941331459 0.1869766767888986 1.003695543478514 108 78 45 0.55
6535 0.06235225978643816 -0.2040983487961517 1.168970241228811 203 204 194 0.22
6536 0.02038787883916404 -0.07491889259281742 0.9536994623671569 92 73 66 0.5
6537 0.290177778319086 0.1830554925078832 0.865178885647347 100 72 46 0.76
6538 0.1834403303858458 0.09571743359394533 1.015376767561946 113 82 39 0.41
6539 0.3120544353396812 0.2665767657775517 0.817241542588249 86 60 48 0.79
6540 0.2787620079583535 0.1258279179633706 0.9167887349068113 96 55 35 0.3
6541 0.1841632021099168 0.2030753872867226 1.019286582889303 118 90 68 1.39
6542 0.1743325580673219 0.0780163888345502 1.047011510400345 57 34 22 1.18
6543 0.2422988300640266 0.2898806122414439 0.9270534326264586 49 40 26 0.89
6544 0.1003131169183656 -0.2277647635351835 1.105739600413006 108 75 54 0.55
6545 0.08756212616793208 -0.2048221564133302 1.074473541877891 108 86 63 0.29
6546 0.08517497457781448 -0.03853859702218781 0.9581342571100051 172 122 56 0.64
6547 0.1355704248560348 0.03176423466001302 1.103648193791099 105 68 40 0.53
6548 0.5276047136311419 0.1192666976493661 0.4387145473568109 120 88 61 0.84
6549 0.4937646241085442 0.1420463177088136 0.5973983552749694 74 46 32 0.43
6550 0.4831096965258983 0.1655751786938718 0.596038317595493 82 75 64 0.25
6551 0.4077809862097687 0.1752738352421596 0.6988926922042584 102 76 52 0.37
6552 0.3512071145109142 0.1762303818856545 0.7845497543897139 77 56 33 0.4
6553 0.1527707912934772 0.2260094961810742 1.058753521401982 46 26 18 0.8
6554 0.1435076381417913 0.2160985088034266 1.093781631937253 152 117 80 0.61
6555 0.3210000834881629 0.2145331616183674 0.8125836451669174 61 42 14 0.27
6556 0.5242996759763057 0.2065782265144352 0.5369741782368204 145 97 35 0.24
6557 0.08717642632574479 -0.05532039036487191 0.9863972553047949 189 139 85 0.36
6558 0.06825323894829982 -0.003312152604646929 1.193988791586476 137 119 107 0.91
6559 0.5386231844028809 0.1150701231140056 0.5224856649989531 168 124 84 0.2
6560 0.4709040135488491 0.1631533421515496 0.6141909463944965 83 65 48 0.5
6561 0.3595873210198862 0.1901635915994062 0.7710504453382169 62 42 21 0.4
6562 0.4017743643892814 0.1597343865467295 0.7230436134776077 127 92 39 0.29
6563 0.07356172766880598 -0.2539976878087879 1.085820241197117 156 122 77 0.95
6564 0.4077952515823617 0.06047095544809869 0.4500491386618601 102 80 91 0.34
6565 0.4489582412035618 0.1486944963977428 0.6577039388046555 77 58 43 0.49
6566 0.5096584719552685 0.1525376026602834 0.4994958035634742 86 68 46 0.55
6567 0.243119701456824 0.2268800674353736 0.9103882647935196 105 70 37 0.33
6568 0.3277083251075296 0.2736376026589958 0.8089310256905778 74 51 42 0.45
6569 0.3523015580244361 0.1767118213881846 0.7822885547522995 64 43 24 0.64
6570 0.536152763667759 0.1750495092316332 0.5138528355349765 129 80 40 0.19
6571 0.4608450887655657 0.2126576677931806 0.6198097654888987 42 32 24 0.58
6572 -0.1795549599573968 0.2293989646964976 1.448860733013197 62 77 69 1.09
6573 0.4909786419721163 0.09200518886911936 0.4921622095654385 199 145 75 0.67
6574 0.4966415515894179 0.1677018247626961 0.5780153965069034 82 59 36 0.81
6575 0.5246611491652667 0.2066251027933201 0.5325326496504731 85 54 22 0.69
6576 0.4639413237050598 0.2283776653936363 0.6204721093647879 52 43 34 1.24
6577 0.1094997187452189 -0.0806237157475686 1.034673832842244 92 70 55 0.41
6578 0.1013742755341475 -0.04703263044104522 0.9909964696114544 131 87 54 0.34
6579 0.1358805853746686 -0.0531563517915663 1.044536979321947 73 50 32 0.3
6580 0.2073091783955188 0.05890542817877084 0.9261344479494414 145 102 68 0.42
6581 0.4379369160622992 0.1560537876521824 0.6661193207643878 123 95 42 0.09
6582 0.2484031383489875 0.2420378205154684 0.9016890258230811 90 49 32 0.4
6583 0.3409508057106624 0.2491457430415449 0.7727488152236588 137 104 52 0.87
6584 0.03733362008304508 -0.1530098115463878 1.007462031495226 88 72 71 0.25
6585 0.4911424256948028 0.1562036931077108 0.5867776508601171 161 142 73 0.3
6586 0.448667303215842 0.1846891556868674 0.6374024016035438 62 46 27 0.53
6587 0.463700750116136 0.2107438109373076 0.6162832654759181 71 59 39 0.66
6588 0.4459798731155157 0.2142675887881191 0.6411135812880495 118 91 59 0.49
6589 0.4954274263391885 0.2189044855508149 0.5747610809620289 92 72 45 0.68
6590 0.5069650183114519 0.1981615056756879 0.5646263427959239 70 41 14 0.39
6591 0.506138182056563 0.2143694277006158 0.5562554714201557 91 68 40 0.44
6592 0.5129207460426946 0.1685509889467107 0.5605043410011356 58 19 3 0.45
6593 0.4993111563346108 0.2122088178680415 0.5719752672138584 78 54 29 0.5
6594 0.4575004049536222 0.2451329802475781 0.6414001141812672 67 48 31 0.74
6595 0.07472420721067941 -0.2167698874392904 1.074994401260608 99 73 52 0.58
6596 0.5221052755655257 0.1191102691331729 0.4588444946836918 174 136 69 0.69
6597 0.02473170807856484 0.1646680482779705 1.228255208238196 122 106 66 0.46
6598 0.3340703937735209 0.1945238107091271 0.8063675099960211 104 84 57 0.66
6599 0.3584302895152037 0.2264343454618671 0.7656372661838617 62 46 29 0.5
6600 0.1286771012003921 0.2321583578717069 1.09610074574169 64 38 34 0.18
6601 0.4371279850952781 0.2322410503764645 0.6506353749926485 62 45 33 0.73
6602 0.3398123783276574 0.2553246980978939 0.7832228203715682 75 49 29 0.94
6603 0.08177519079524859 -0.2299265472295294 1.153838734859961 178 183 186 0.5
6604 0.1152428459965605 -0.01213193864653278 1.127314816218236 90 63 53 0.35
6605 0.5123663396805959 0.1640155791442224 0.4521117728406857 76 55 39 0.87
6606 0.4758143992477437 0.2216391202733269 0.6006951463342642 98 71 48 0.31
6607 0.4714796350950626 0.2240125893051023 0.6060214071353955 81 70 58 0.57
6608 0.3847957258806154 0.2198704276576443 0.7261889708570833 89 67 37 0.63
6609 0.5252545125676983 0.2361320215265805 0.5440985272494467 121 97 56 0.38
6610 0.3338572264279875 0.2526050790423629 0.7919631656334268 108 84 48 0.73
6611 0.1315707525384452 0.2568169704783765 1.078556213432126 83 57 33 0.45
6612 0.4290761787648618 0.2539623229027608 0.6644235797457942 153 126 104 1.18
6613 0.07358769240391538 -0.1081663039748779 1.012990575365037 180 127 60 0.23
6614 0.05640910763181456 -0.08665318260658805 1.186944266988969 141 129 127 0.43
6615 0.08842593421895373 0.1366581427993095 1.177456854822585 101 76 31 0.62
6616 0.41519204555814 0.2527020608689053 0.6767891769255905 72 44 23 1.19
6617 0.4557405831163274 0.1522678587159009 0.642410885586751 100 73 34 1.11
6618 0.04880385106263208 0.1505771926955965 1.210990102352873 93 69 46 0.72
6619 0.5214433383642298 0.1743846241330849 0.4615188570538924 78 66 37 0.87
6620 0.6179227722576253 0.2252011748774398 0.4868058276972344 66 47 33 0.55
6621 0.3310844377858418 0.263245389813699 0.8126110470675982 83 64 36 0.76
6622 0.1462475613383918 0.0029105864483773 1.021537979055593 171 120 72 1.07
6623 0.5192190089391124 0.1071974337143856 0.4339120317845698 99 74 49 0.86
6624 0.4948555446750658 0.1926819780051579 0.427468293968812 79 53 29 1.34
6625 0.5379636165874682 0.1992370554464937 0.45052862537578 124 79 41 0.68
6626 0.08048289801874486 0.230418062785341 1.168966996976952 101 86 68 0.45
6627 0.5586390237692189 0.2195074558803976 0.5186820615858376 83 51 35 0.61
6628 0.5053126860583448 0.1837736275414347 0.4400259235877192 111 91 58 0.22
6629 0.5091224350285558 0.1808588509242735 0.4363153582932936 21 12 6 0.82
6630 0.475368271076903 0.221208604307892 0.5961046935609644 63 48 37 0.73
6631 0.315765131451587 0.2458275224115494 0.7986155363655043 71 41 13 0.92
6632 0.40965115272191 0.2512932930530862 0.6847590640957986 87 60 41 0.59
6633 0.1154119978661198 -0.03291098479973928 0.9998151519730525 89 58 40 0.2
6634 0.1299611211859585 0.06235895895250956 1.138025585198143 68 46 29 0.22
6635 0.179175377557848 0.1495342073950318 1.053569940278164 97 71 44 0.4
6636 0.5368720806031421 0.1530943795097398 0.5305483771883498 53 36 26 0.63
6637 0.04520350096204129 0.1755969034163966 1.229483570225728 191 198 199 0.31
6638 0.4478503762181336 0.2066176924531739 0.637575405704402 64 57 35 0.29
6639 0.2358928310856238 0.2238985766677076 0.9271427895706426 63 36 19 0.48
6640 0.1757431571518868 0.2537667024343638 1.006504842016168 62 38 20 0.44
6641 0.07652072494700268 0.2762868770532211 1.144685277282393 73 45 32 0.46
6642 0.3132943196720045 0.2578317874634682 0.8237785624215663 109 87 59 0.38
6643 0.2956078741091577 0.2572220816932396 0.8083496391825126 127 78 55 0.52
6644 0.3329171756061224 0.2592382585075672 0.8011118956153928 121 94 78 0.49
6645 0.2674531306777071 0.2926989609867349 0.9657107101225215 57 38 31 0.18
6646 0.5543768291514917 0.09603863751397222 0.5390577851607256 59 46 31 0.43
6647 0.2183171695404543 0.06092230696370421 0.9304695899094978 209 171 89 0.07
6648 0.5235856142254239 0.1053239656300865 0.5094884411736622 138 94 44 0.78
6649 0.4840752619054338 0.08999329195439687 0.4888607166664025 104 81 15 0.3
6650 0.5532732276259477 0.126861001537605 0.5291824915788802 64 50 36 0.36
6651 0.5305024175154228 0.1173814788066424 0.5550132976483669 178 142 76 0.42
6652 0.07931577843435511 0.02874217263428164 0.82365882048759 197 150 89 0.42
6653 0.5303077380694567 0.1173023379945004 0.4567418961148477 119 98 59 0.71
6654 0.5364949942647977 0.119389467028079 0.4621780257715446 128 90 34 0.95
6655 0.09516348924000634 0.07636144441801188 0.8328871062037948 154 93 45 0.69
6656 0.1345213590641964 0.1418248782676994 1.114270458633893 140 104 45 0.28
6657 0.4800068359862334 0.172512485071328 0.5973699503336533 110 81 42 0.26
6658 0.3581105453193816 0.1627755396283376 0.7772711831285037 150 117 69 0.4
6659 0.5334273485346746 0.1876371205829083 0.5070570291691635 132 90 56 0.2
6660 0.4930195424474912 0.1934018089894542 0.5733284132574324 64 47 27 0.51
6661 0.426800548537055 0.2097333021517256 0.6646293990555628 90 69 44 0.59
6662 0.3935373637030092 0.2118146845192021 0.7041417255437799 63 49 31 0.39
6663 0.4731893056930237 0.1532136373888133 0.3563752253079028 39 30 17 0.79
6664 0.3632131639671049 0.2487462451208154 0.7488318178795841 142 117 78 0.79
6665 0.164312661965498 0.2574213840152427 1.025709186607976 74 48 32 0.38
6666 0.5157768122589748 0.1861650119411675 0.4493050521056452 107 76 49 0.98
6667 0.5376159842672609 0.2089604506348892 0.5196175874465978 108 79 40 0.48
6668 0.5490374767683075 0.2172156436571742 0.5175281177645354 188 148 119 0.56
6669 0.5047766720382604 0.2276808787064495 0.5716501347059675 103 88 51 0.66
6670 0.1829211908706321 0.01246689941563073 0.9183217864288357 158 115 66 0.87
6671 0.1450687773823299 0.1755380825396128 1.088289441323304 106 72 49 0.65
6672 0.5195508966852895 0.1473722412141247 0.5034208704019471 100 67 35 0.16
6673 0.1374909586018597 0.1898499652435407 1.096980515618215 103 72 53 0.66
6674 0.480736855589236 0.2005930001793017 0.5982181378526504 121 102 66 0.56
6675 0.5503420905690406 0.2036234428755426 0.4749592124422042 114 88 50 0.25
6676 0.4497477955598411 0.2304423604792632 0.6377281485930787 77 60 48 0.45
6677 0.5009214216648238 0.2333180392282873 0.5734159096909629 43 30 9 0.46
6678 0.4244007504175213 0.2517596046461297 0.6765860057840473 90 72 49 0.99
6679 0.5510970522141005 0.1076139841614686 0.5331841944172959 184 147 75 0.38
6680 0.06607869486901746 0.09906992213837218 1.197930573687484 185 181 176 0.46
6681 0.5280226766803471 0.1770109478295978 0.5346760287605536 56 33 21 0.34
6682 0.5269116933801535 0.1816333449756394 0.5355711813522041 76 56 36 0.45
6683 0.4736796805657799 0.1948980052224331 0.5992042590040159 62 49 37 0.44
6684 0.2748744266424192 0.2344713334218828 0.8735321253757209 84 52 27 0.67
6685 0.6150414707298932 0.2284670250772013 0.4869125354757771 122 84 22 0.42
6686 0.1540363736993488 -0.03529708548388882 1.059200857045237 119 99 55 0.65
6687 0.5486074720834776 0.09162796295883739 0.5333121478489141 128 118 96 1.32
6688 0.2128332111916618 0.04048292569929665 0.9455354775602831 161 113 49 0.28
6689 0.627102748116768 0.2263565502174744 0.4775198846249447 35 19 10 0.91
6690 0.51847233872414 0.2332137150526561 0.5535557512037858 114 83 39 0.48
6691 0.6344063700019534 0.226279021701204 0.4658814897492561 108 74 50 0.93
6692 0.1240458778389734 0.226815161179413 1.112184363133244 28 17 11 0.72
6693 0.5312094509550491 0.1943796170401386 0.5288589974434226 27 16 13 0.35
6694 0.4203360516921172 0.2229580955959106 0.6742542339719485 117 74 24 0.73
6695 0.4110406392971948 0.2150962452215384 0.6906639715181538 92 73 47 1.0
6696 0.530713308548414 0.1110164118272045 0.5499164147381032 90 58 40 0.78
6697 0.4656781387203894 0.08781962457453485 0.4836671135840224 91 56 31 0.69
6698 0.2694356641062693 0.1513353472470653 0.8928133326731892 209 135 64 0.48
6699 0.5426559931906613 0.2201333614118542 0.5274737748686918 153 126 86 0.61
6700 0.5464336787395807 0.1619978157099803 0.3995153703664497 149 114 69 1.09
6701 0.04743324772444946 -0.1852996323778596 1.165203134251065 98 70 48 0.88
6702 0.5455441339716831 0.127898963347706 0.520005219461199 19 13 11 1.03
6703 0.5370921981082049 0.1336375146445084 0.5519114884603509 35 22 17 1.46
6704 0.1026928279716714 -0.05439366673145068 1.13584898183481 114 94 74 0.48
6705 0.1396357460482113 -0.04223350660096747 1.037931268092395 106 76 55 0.44
6706 0.1396039739341954 -0.02039942650773979 1.092040538340107 53 31 22 0.31
6707 0.08570013778178254 -0.03329165161920772 1.160240777878425 62 43 40 0.86
6708 0.1057836344353792 -0.008984927428139888 0.9339973677674138 176 129 84 0.51
6709 0.1405557457036846 0.03666043307433045 1.091503707844857 103 71 47 0.12
6710 0.5317628320559047 0.1125831908212324 0.5218627241284557 150 96 30 0.27
6711 0.1511632097639402 0.1449713837633146 1.094129754428417 133 104 78 0.37
6712 0.5094457333603184 0.1134118063763365 0.4965872824877837 82 57 35 0.6
6713 0.5178190715704803 0.118014066251688 0.5012204683502229 57 35 25 0.59
6714 0.5324114666548287 0.1232340429692137 0.5098769656927808 101 76 62 0.28
6715 0.08337724254993434 0.08668842543295105 0.8788762745281686 137 98 47 1.28
6716 0.1557491857918103 0.1189578668823712 0.8669864586863127 123 79 40 0.37
6717 0.2759517320199089 0.1471370698795406 0.900129713797205 192 129 67 0.59
6718 0.3459196059343201 0.1802713900211846 0.791801975412096 58 41 26 0.31
6719 0.3264816954588757 0.181713808493436 0.8178777017565309 78 58 39 0.31
6720 0.5224617098157269 0.1636244940133247 0.5077169837535614 38 23 15 0.37
6721 0.3335775277312553 0.1984213320630236 0.8024243302505767 14 10 10 0.13
6722 0.4864781182068235 0.1635826498448072 0.4402553690741701 58 42 37 0.14
6723 0.5160953440918681 0.1830955854907123 0.5512080657475222 74 45 18 0.25
6724 0.2822272086809665 0.2248358957039756 0.8616333303780455 102 74 46 0.3
6725 0.4628489107092494 0.2072685594963909 0.6197551899051728 60 51 44 0.11
6726 0.3737762652217586 0.2133293431564789 0.7173874970106711 106 87 62 0.76
6727 0.3807721970275264 0.2183532096662934 0.7228719161236432 97 70 45 0.34
6728 0.3858453032812408 0.2191331868322813 0.7238716009437782 124 103 76 0.42
6729 0.5283066887638632 0.2152891525871018 0.5350515084345475 103 78 49 0.42
6730 0.4441805485201947 0.2283784391184212 0.6434102755993412 56 42 30 0.46
6731 0.3862885166787301 0.2438581394368796 0.7233111871493602 101 69 44 0.88
6732 0.5400174356616245 0.2193755238398199 0.5304236382640426 169 141 117 0.63
6733 0.5367199098439677 0.2224124033639324 0.5348095770244335 166 130 75 0.23
6734 0.5145019059080074 0.2276980633852296 0.5678082105832006 137 118 58 0.34
6735 0.3312040235431957 0.274603073939814 0.8016466086474238 134 102 77 0.5
6736 0.07639687486707342 -0.09950098919396955 1.164446499281174 59 41 36 0.67
6737 0.1502341551628059 -0.05051114108312765 1.079449237822496 120 88 58 0.54
6738 0.1260946953978807 -0.01563925092609164 1.104874167057357 64 45 37 0.48
6739 0.1178121884977383 -0.01083999746206604 0.9555391465200685 96 65 43 0.55
6740 0.5482692397380035 0.1081562112390027 0.5425029652442479 135 92 37 0.94
6741 0.1995278499816808 0.1136521332664055 1.024351733988309 65 34 16 0.24
6742 0.1732780917236417 0.108971973540188 1.064770238505044 101 69 44 0.27
6743 0.4751562420843327 0.09553662970830908 0.4817165831181511 188 157 82 0.93
6744 0.5367797648946057 0.1144068536334773 0.5230542234582584 140 110 42 0.31
6745 0.5509365070440956 0.1237833404515169 0.5326818697579884 102 77 45 0.53
6746 0.4532095351695422 0.1658183147315366 0.6380743024845643 83 67 30 0.1
6747 0.5109300581811291 0.1455467657813295 0.4649181120519659 52 41 26 0.89
6748 0.5257226410634404 0.1647269640194508 0.5390670098080204 106 76 36 0.67
6749 0.5095222440961527 0.1556718396996331 0.4630435257524824 65 57 30 0.7
6750 0.4229306650862763 0.1872934594996481 0.6703507773304488 43 28 18 0.53
6751 0.1757210945235014 0.226106082037168 1.014596534024388 111 73 36 0.3
6752 0.4228004527626045 0.1997449291135344 0.667962700578595 107 89 42 0.13
6753 0.1683378150732947 0.2374116208860169 1.019475515599614 122 81 39 0.61
6754 0.5265985253382079 0.2093354991503403 0.5337936223234528 107 78 35 0.27
6755 0.5255780060350906 0.2121473126665303 0.53684590785245 149 103 64 0.67
6756 0.3714646635905747 0.2518034880198222 0.7541665258933073 107 75 36 0.47
6757 0.5431273929596325 0.221326313560739 0.5275334473128606 134 107 67 0.36
6758 0.3402079827776161 0.2717361707975788 0.7833074078062348 126 100 76 0.46
6759 0.4658268760421318 0.2779154023889521 0.7560256928348443 121 109 72 0.52
6760 0.4389476572013603 0.2500697779554568 0.6529611964544189 85 56 34 0.78
6761 0.1549710210874098 -0.00794668535378934 1.070096958499263 142 106 75 0.51
6762 0.2618257603975846 0.07105951169763922 0.9458153813507677 144 109 53 0.16
6763 0.1574563479580201 0.07675673977445707 1.070374586038858 82 51 34 0.45
6764 0.5497444403817053 0.1244971150731372 0.5351265543001252 64 54 35 0.28
6765 0.542801948399387 0.1322300479837208 0.5365774529989269 58 45 27 0.44
6766 0.1285919274373722 0.1107687591601933 0.845972608408047 58 33 21 0.28
6767 0.4073898289915255 0.169576371220976 0.7030498955046275 165 140 100 0.46
6768 0.3200569504455464 0.196940429142765 0.8213609583934522 112 75 42 0.43
6769 0.5360923879676376 0.1774586010358288 0.5248109135422211 94 65 37 0.44
6770 0.3797362587650833 0.1900655477514949 0.73006423039752 94 74 56 0.16
6771 0.2775959452536849 0.204970472611861 0.8777335607766108 111 82 48 0.29
6772 0.5095455651788435 0.1686668130964723 0.4625461940421076 12 11 14 1.08
6773 0.5169752005825762 0.1941101496856389 0.4879917442997054 74 55 37 0.32
6774 0.53673827197617 0.2259784981594187 0.5274013372470336 109 64 28 0.26
6775 0.3476124372869966 0.2641877236613892 0.7777820819042452 96 64 33 0.42
6776 0.1429692273726078 0.0299123319255967 1.089214830086527 126 91 63 0.43
6777 0.5285295199263084 0.1122619090264637 0.5566244438847892 109 68 29 0.33
6778 0.2778837503465671 0.1112854132538825 0.9094662927902302 116 73 46 0.42
6779 0.1075444651294707 0.1219408741671152 1.155378980855009 132 95 49 1.1
6780 0.07854638874292841 0.06195377382111233 0.8301575537653937 172 107 34 0.68
6781 0.07430116356529476 0.1335423745544877 1.193303132984948 76 58 42 0.45
6782 0.3402441990158339 0.1770711386920879 0.8017363308159091 137 108 69 0.3
6783 0.5124600585547872 0.1487241545223064 0.5022738666570208 92 65 42 0.72
6784 0.4594936165813628 0.1879258240532151 0.6228001756719451 149 114 48 0.31
6785 0.4296772555191657 0.1956387109417923 0.6628445219983841 99 84 45 0.46
6786 0.5459811387316459 0.2117533690584067 0.5128593006231554 50 40 24 0.17
6787 0.5429040404690478 0.2123067565030558 0.5154562103420649 104 94 56 0.14
6788 0.5289631877160947 0.232812923697164 0.5369230909100108 92 67 37 0.8
6789 0.1269819776624523 -0.1328780078753067 1.08534819575325 167 120 74 0.39
6790 0.153131196731597 0.04776389429707767 1.06893858473878 123 97 56 0.7
6791 0.1722009856391015 0.03256988669179264 0.8931656533687513 54 40 28 0.7
6792 0.5433633748413592 0.1439389797188052 0.5284730823670702 17 9 8 0.25
6793 0.4679391453828108 0.1405920051073215 0.6294752023683104 172 141 65 0.7
6794 0.2317153634359193 0.2743628296458219 0.9513155156971138 62 56 42 0.9
6795 0.4238733404576682 0.2523057840076084 0.6727912503479245 60 52 37 0.43
6796 0.537297475248565 0.1666892709723858 0.5156637440642149 166 125 57 0.95
6797 0.5399712944361524 0.2055047350062432 0.5191374338242286 103 72 36 0.6
6798 0.5380128910617886 0.228863047549455 0.5344060518298834 105 85 45 0.48
6799 0.2738110367091319 0.1311200932265349 0.8969838810103612 150 96 44 0.46
6800 0.4556361540685089 0.1581065127377326 0.6399787912685746 62 52 33 0.88
6801 0.09899282508824825 0.1408239050978899 1.158791556028713 60 40 29 0.7
6802 0.4933974279892475 0.2614660407911669 0.6722701538493258 131 114 65 0.96
6803 0.376477642239777 0.1666810547898067 0.7501736184967582 61 41 27 0.9
6804 0.5106364374556517 0.1823506861622925 0.5593652242033976 67 34 17 1.36
6805 0.2530380798840686 0.1710462024564937 0.8909586361731088 159 124 48 0.93
6806 0.4303080259621351 0.2488405058989497 0.6661874302712333 65 42 27 0.87
6807 0.1043081283132895 -0.2672852015412555 1.1109279482028 154 129 71 1.04
6808 0.09301416478354485 -0.2384072708964336 1.107173202154532 92 73 41 0.37
6809 0.1401628981073886 -0.07175429039643072 1.061121160936959 47 27 21 0.27
6810 0.1031511805250754 -0.07501020944800085 1.00328201821104 112 84 40 0.23
6811 0.09562864925497627 -0.07836348662373926 1.014636445374723 81 61 36 0.36
6812 0.1705272421161859 0.04859056060401243 0.886792952022629 91 55 37 0.13
6813 0.08540665186894819 0.01387807565372076 0.775439234579705 129 109 101 1.06
6814 0.1618753438836178 0.06844245491794376 0.8767445292480879 125 76 42 1.07
6815 0.1376872741452104 -0.07676472770911552 1.060649003161478 70 45 29 0.26
6816 0.3549845223799002 0.1918143632403604 0.7751143876414868 64 46 28 0.39
6817 0.475414183916932 0.1421113964950767 0.6221523871536289 85 57 34 0.5
6818 0.5209210523744665 0.1631436985940119 0.5491700207584085 98 66 44 0.36
6819 0.4217196601634515 0.1682936008114338 0.6809417602263687 91 59 29 0.18
6820 0.3604424936573647 0.1737258367925082 0.7743396160576796 114 87 26 0.33
6821 0.3481746995164082 0.179331150756516 0.7873926437227293 67 44 27 0.37
6822 0.2965607141626536 0.1754628034424341 0.8574433861490882 138 100 64 0.74
6823 0.2971391332663618 0.1901149313635728 0.8545601984081855 67 41 22 0.11
6824 0.537130477106312 0.1793763537432283 0.5162744455741137 133 105 82 0.31
6825 0.3748118295155166 0.1940583402903857 0.7373907458072854 126 92 47 0.39
6826 0.4977727126097444 0.2003635763052359 0.5762469591994555 65 42 18 0.12
6827 0.4547595019305193 0.2082743655441709 0.6307389370400841 63 45 30 0.47
6828 0.1845834576243989 0.2405705633588746 0.985184699399263 57 30 14 0.26
6829 0.1284767593096726 0.2565163017669854 1.064643740441321 63 50 38 0.45
6830 0.548575281235874 0.2165562475006156 0.5187425117469708 106 85 62 0.25
6831 0.4463502781673478 0.2240829583438808 0.6413059013812958 92 63 36 0.56
6832 0.5707273111633258 0.223960558611611 0.5316653935281134 118 66 38 0.99
6833 0.501695202174521 0.2287344143837584 0.5780928681908798 112 90 39 0.57
6834 0.4576868491212759 0.234857936629049 0.6297529346920552 118 70 41 0.69
6835 0.6457498547434275 0.2236987946473812 0.4522757091246528 92 65 42 0.64
6836 0.5351750858410403 0.1044759539699874 0.5263044662175058 171 128 74 0.53
6837 0.5354965592558494 0.1194886010851758 0.5497788793337438 110 70 38 0.51
6838 0.4320495750283107 0.175895191288209 0.6615938747678644 118 81 17 0.4
6839 0.3836762350846793 0.1770464643088996 0.7299694763215219 157 116 16 0.79
6840 0.4790849698604539 0.2012491010752288 0.6032265437413618 100 74 44 0.68
6841 0.4551829661998555 0.2263874700226898 0.6254525290320384 60 44 30 0.67
6842 0.5195185037335954 0.226353681339512 0.5599081630906872 138 105 38 0.41
6843 0.1288783415254536 -0.03442994353103079 1.017793346051989 192 140 72 0.3
6844 0.3830668496111791 0.1517648831420736 0.7248712676764353 158 96 53 0.88
6845 0.3879289329783747 0.1826264115973338 0.7216236091729845 128 94 46 0.72
6846 0.5136144140154005 0.213945517177082 0.542678104581047 87 58 36 0.27
6847 0.4769651701784732 0.225908846184949 0.6061295424942713 66 51 34 0.57
6848 0.536261384087128 0.1249381615949737 0.4759332043083648 110 82 56 1.15
6849 0.5268003606878873 0.1793415494242766 0.4580943293993968 108 72 30 1.21
6850 0.5415897599346942 0.1939421258438777 0.5177884368651896 88 72 56 0.29
6851 0.4703193184522607 0.1442311673043088 0.630140354074498 102 73 48 0.39
6852 0.47863140063702 0.199500460879107 0.6015544533707122 52 37 29 0.78
6853 0.5423831285608761 0.1343952807333942 0.5307363787167705 74 50 34 0.54
6854 0.5379333561976778 0.1968661893130212 0.5198112780945634 161 123 91 0.72
6855 0.4053861502595358 0.2320816010621776 0.6981990237064997 62 35 14 0.43
6856 0.07297361610356046 -0.2886958996005897 1.113820285203443 122 89 63 0.27
6857 0.08208070371420989 -0.2055413464638392 1.066243213277056 73 53 36 0.15
6858 0.1355079203636481 -0.08481009990691463 1.06212406282243 92 63 46 0.65
6859 0.1399429132321586 -0.01415923232710947 0.9786885246830199 137 96 66 0.35
6860 0.1270120491496187 -0.02007242215226254 1.008608165248192 92 55 32 0.46
6861 0.1683325349488603 0.03727452033695222 1.046526163940905 102 67 44 0.23
6862 0.08402751409807607 0.01956424358949332 0.7828789545945528 188 176 164 0.77
6863 0.06816305426360958 0.01448445004784532 0.796602302112975 164 153 137 0.79
6864 0.1459280898629881 0.05694967634170406 0.8587910395797886 100 69 50 0.36
6865 0.1222257418583707 0.07546770897642255 0.8456129128697505 89 47 21 0.84
6866 0.2409385990523518 0.1305863283827145 0.9632603930443271 142 94 56 0.34
6867 0.1534032728356848 0.1006124717466202 0.8645491613104601 87 50 25 0.13
6868 0.3206367898444196 0.1810419300584574 0.8289846681602806 82 62 41 0.48
6869 0.2908120942424902 0.1795802112421829 0.8713643722230663 117 78 26 0.12
6870 0.3383230280413934 0.1923318352569291 0.7976257746364288 90 62 40 0.4
6871 0.5073940840139574 0.1794624092833529 0.4389674037906268 66 47 34 1.45
6872 0.4224048986319663 0.2120828922356304 0.6725923815166106 58 38 18 0.58
6873 0.3427489215782791 0.2279207594653114 0.7813195819378805 98 70 50 0.29
6874 0.3109491949316048 0.236207554451981 0.8296540910303238 75 47 28 0.39
6875 0.264533486844671 0.2319245602805255 0.8856134994553944 65 36 21 0.32
6876 0.1895042109637626 0.2571432734802064 0.9860683536025014 59 41 25 0.52
6877 0.5419032881298428 0.2170312627487379 0.524635259711336 162 128 95 0.34
6878 0.4451536764415739 0.2239141326138262 0.6428137152080332 76 46 21 0.35
6879 0.2658613967145643 0.2768093800904239 0.8910721783255375 79 48 33 0.11
6880 0.05215109009614316 -0.3006364797935158 1.132447002340165 131 101 57 0.54
6881 0.08180898264306252 -0.1989981378936111 1.144785808581131 91 67 38 0.97
6882 0.08125246210039916 -0.15893871736735 1.153328112513259 83 64 36 1.09
6883 0.161906379525985 0.05379153938114115 1.067011817494739 107 74 24 0.23
6884 0.0957435162624245 0.03261866544243064 1.156047323073121 65 35 22 0.45
6885 0.5140159460787477 0.1232926185521294 0.5788615909020443 130 67 24 0.54
6886 0.1969933643192245 0.1124764648388558 1.028614015556114 116 82 58 0.27
6887 0.1561474529511759 0.1519988267304546 1.091319908773033 110 84 25 0.36
6888 0.13072073380587 0.1527064452651004 1.121908166939787 114 81 54 0.47
6889 0.13663147314451 0.1771577331369449 1.099939499688242 96 67 47 0.45
6890 0.3112565040901176 0.2164713126093898 1.134915390514568 79 68 85 0.27
6891 0.07869396825619479 0.2106587171693296 1.163687776820738 67 50 37 0.39
6892 0.08069159780254287 0.2247365698207822 1.172024051980853 84 60 37 0.48
6893 0.1958639921419227 0.2554350249870572 0.9594050094301592 70 54 40 0.4
6894 0.07523695332681191 0.2781043795540367 1.135227604097295 44 29 16 0.3
6895 0.08593503703765282 0.2828381986403793 1.131872265776175 48 33 16 0.29
6896 0.349872591483502 0.2697088795813995 0.8196675118699248 98 79 30 1.25
6897 0.1246603427504666 0.08667593797203313 1.13861198407304 62 34 18 0.43
6898 0.09252244768435375 0.08677180906355114 1.163725016765359 54 32 10 0.36
6899 0.2391663967343734 0.1331796538889849 0.9670825177678428 49 24 17 1.04
6900 0.5261173821469041 0.180914444835362 0.5067321919955903 42 23 15 0.28
6901 0.4151835664356373 0.2131029468500081 0.6849247519378677 103 73 25 0.46
6902 0.1725490830013299 0.2529021969213466 1.012014513353611 117 81 51 0.34
6903 0.1074449170374104 0.271995866235486 1.112863032293474 89 63 36 0.4
6904 0.4254989421932343 0.2338685955207574 0.6693342518582632 117 80 34 0.37
6905 0.06587920820793741 -0.3052715996496541 1.136827287806615 81 52 40 1.11
6906 0.1366240935074771 0.03371577132764106 1.119567069812773 88 52 37 0.56
6907 0.08594825016668067 0.01787797735641264 0.8378527305040069 108 80 68 0.2
6908 0.3125133122026034 0.2236197557820834 1.140955250861282 126 104 85 0.62
6909 0.06191313574211665 0.22503071527747 1.188764437233518 80 54 29 0.46
6910 0.1900387200638267 0.2569625560655205 0.9895574928897692 75 53 27 0.59
6911 0.1240617549982574 0.2850545912025496 1.085064665555611 90 75 62 0.3
6912 0.3934935711329282 0.1674796326633985 0.725152882781874 131 96 37 0.72
6913 0.06144072002557421 0.2126711113191035 1.18109365851085 46 30 24 0.38
6914 0.06332698603717407 0.2554030833617509 1.155378989690391 56 31 18 0.43
6915 0.06552351218602331 0.2747027182759486 1.141816381460353 31 16 11 0.42
6916 0.3051564024212756 0.2674962000713745 0.8385542763849817 130 109 64 0.6
6917 0.3085540697811607 0.228578716991263 0.8183099006534916 108 73 33 0.82
6918 0.1060907854466314 0.07549250628689902 1.167194882711182 227 233 233 0.57
6919 0.197159418653536 0.2520629813522579 0.9766354464141246 48 33 28 0.87
6920 0.03612325861272203 -0.2396020855233961 1.074495397264366 109 96 106 0.37
6921 0.07235244683993131 -0.2155300636107634 1.159247750398755 175 188 190 0.79
6922 0.1072645399781653 -0.1534333053189822 1.069686116370882 102 80 63 0.61
6923 0.1173149259200026 -0.09340959868774568 1.048334931045823 128 93 71 0.72
6924 0.1529920441131787 -0.04575304225104088 1.067124457923801 72 47 40 0.47
6925 0.1647376193130689 -0.002226018473960478 1.055473583528191 74 55 39 0.2
6926 0.5179763653399144 0.1103885284135459 0.4888943714730761 109 83 40 0.64
6927 0.3586318810249349 0.1845564354072279 0.7687273682839757 103 72 38 0.39
6928 0.4611450209712692 0.1841102978776431 0.6187852499570918 120 90 54 0.34
6929 0.3011991325144581 0.2016394200118858 0.8429917937985931 42 26 19 0.46
6930 0.3104086567966263 0.2375128096687509 0.8316096737302818 100 70 37 0.54
6931 0.2391103980863955 0.2667289952231343 0.8965137100177736 115 90 44 0.47
6932 0.1117846285387143 -0.1765843969583594 1.10928592895714 74 54 39 1.03
6933 0.09030995476548387 -0.1309529673777714 1.131298202235221 88 73 50 0.79
6934 0.03330263072257633 -0.07300183308669322 1.194790861940555 125 100 81 0.46
6935 0.1881836902168113 0.2046251678603359 1.028869143159763 101 85 48 0.28
6936 0.1289493727637891 0.194472941034751 1.079612244150322 54 37 27 0.54
6937 0.1466603036017409 0.2910385861998517 1.061441812325224 39 29 14 0.22
6938 0.5231965149101594 0.2337002168755953 0.5423756978430581 62 40 17 0.62
6939 0.3233528735871988 0.2742758330297758 0.8017478698297411 148 123 77 0.86
6940 0.1209777875484665 0.1657610506201835 1.144311260291251 107 85 42 0.4
6941 0.5369997392036325 0.1115350296594162 0.5194269842140631 156 102 36 1.25
6942 0.07777901212803751 0.0886174159887578 0.8304852090699352 120 75 53 0.7
6943 0.1965408889228822 0.2025872847539805 1.01456614829043 162 133 74 0.37
6944 0.1605904381284201 0.247193273679746 1.02693290975509 62 34 22 0.57
6945 0.2722539818837885 0.2526312224412622 0.8813475727781465 83 58 48 0.56
6946 0.1295622060309636 0.0877965265457511 1.133639787486081 60 41 31 0.26
6947 0.4466815812954159 0.1599415724850474 0.653004639755525 130 105 72 0.87
6948 0.1732286076032944 0.2450571706465296 1.0125979642652 128 94 62 0.53
6949 0.4964980220656855 0.2127228409716027 0.5724549731238404 79 56 24 1.22
6950 0.1287514761041815 -0.06900892405010306 1.049908190283142 95 61 34 0.48
6951 0.02134441933008446 -0.08609116203543626 0.9623863535728692 100 75 70 1.14
6952 0.5407056255006931 0.1911889728413068 0.5112812003234348 35 18 13 0.79
6953 0.1765712275434715 0.106241271783376 0.8805700389118292 72 46 28 0.45
6954 0.04988893214373341 0.1439378456685752 1.21951123773895 121 121 120 0.42
6955 0.4203042126194669 0.2133584985448791 0.6793105718293027 72 52 34 0.26
6956 0.04424788787750045 -0.2094555492290257 1.045118958639776 86 81 78 0.44
6957 0.08908341208970499 0.01979880746639615 0.7701710510211466 124 102 56 0.65
6958 0.1433803200930007 0.06791665550614545 0.8724822063125514 72 54 36 0.62
6959 0.4348701826393078 0.2056826184971421 0.6488739481245303 110 88 42 0.39
6960 0.5446010266546923 0.1135056724771576 0.4121902810984595 117 90 57 1.33
6961 0.5420342715674838 0.0854510973631297 0.537262698639429 159 168 181 1.45
6962 0.1785940182807893 0.03530381780864245 0.9139350960830335 190 129 75 1.22
6963 0.4754391927616549 0.0879443237737178 0.4838604470332801 74 49 33 0.22
6964 0.3946072061057153 0.193712184523351 0.7095528986729401 113 91 68 0.16
6965 0.3175176706181776 0.2205952811563418 1.13706161107354 183 187 189 0.33
6966 0.1909137667340911 0.2052774293659192 1.020221356343322 76 56 40 0.5
6967 0.1534654956599041 0.2163662017244579 1.077266012628455 71 57 33 0.74
6968 0.1604650528778042 0.2542755403221436 1.022078283550305 80 51 34 0.65
6969 0.4986624470907147 0.1000802944838193 0.501142736626037 140 99 63 0.3
6970 0.421251812879237 0.22769036700185 0.673194771638924 116 75 28 0.49
6971 0.4414094977216112 0.2503898945955907 0.6529700093513873 71 57 41 0.55
6972 0.08625810928616001 -0.01113082705830518 1.164655973151149 120 90 64 0.18
6973 0.5055080657130516 0.1938231245876577 0.5663851839266566 84 57 32 0.18
6974 0.4079020795118766 0.2304208309496543 0.6924414956653128 74 53 29 0.73
6975 0.2271951440651973 0.2715385934970366 0.9305955103989727 18 11 9 0.45
6976 0.1461377694304432 0.2746191577596762 1.056656798813413 66 56 48 0.72
6977 0.5468015403738091 0.1188615507080948 0.5359913961017885 63 37 23 0.16
6978 0.09804158463509199 0.1810929104242208 1.148250224753321 28 18 12 0.34
6979 0.4536186222252525 0.2468468238286123 0.6345435791781466 111 68 34 0.62
6980 0.1858180868439823 0.104908440994484 0.9042588632404129 161 110 61 0.65
6981 0.2956590124153816 0.3022337623519874 1.164612677727882 86 68 53 0.95
6982 0.4493597860285913 0.2476340438061359 0.6414489091362887 74 61 47 0.57
6983 0.5080790998009188 0.2070719929190338 0.5605994732195265 86 55 33 0.46
6984 0.5869281722455685 0.2535636392129046 0.5942383201223992 188 164 94 0.28
6985 0.2785182899923067 0.1758420501759576 0.8809540450303228 178 129 60 0.43
6986 0.4301603485345968 0.2072690084321345 0.6588676226688527 80 62 39 0.36
6987 0.05193801523743613 -0.1820156514248138 1.040692717494453 112 77 54 0.15
6988 0.1435035900890231 -0.1370508468533254 1.080367945218746 122 88 62 0.66
6989 0.08109590946097733 -0.09671149968905546 1.010576686989474 114 71 45 0.14
6990 0.1107263064946273 -0.07371861097516419 1.026909873644983 102 71 49 0.72
6991 0.176038438512188 0.1345380935337677 0.8784701470308184 164 104 34 0.25
6992 0.4256345427656668 0.1625297467201857 0.6772334311316338 68 46 36 0.24
6993 0.397725534533478 0.1734830419220709 0.7128130482268887 90 70 46 0.31
6994 0.4205610368173244 0.2001137083043734 0.6701025695923881 59 42 27 0.25
6995 0.3693557411506551 0.2061795953641351 0.7403870150574203 53 38 27 0.26
6996 0.359305546854958 0.2103861631702188 0.759603618205078 83 59 34 0.35
6997 0.2642478463450805 0.227940625133176 0.8869157344242143 81 51 31 0.21
6998 0.4094861745195313 0.05910214769638319 0.442753973573328 107 79 28 0.84
6999 0.5317018174296594 0.1160360856082413 0.4646884777554371 141 115 42 0.87
7000 0.08285546349549072 0.02577127476340718 0.7608350620181619 210 210 211 0.69
7001 0.159105341967712 0.1031453506548233 0.8868208415415171 150 101 35 0.33
7002 0.530113971261672 0.1117583083847651 0.4209392149709993 159 128 84 0.77
7003 0.3402640588019353 0.1713034064848093 0.7981929652474263 89 65 40 0.28
7004 0.3813609306471674 0.214268567101697 0.7196202876107156 58 47 35 0.25
7005 0.08867534636422547 0.01986927593851834 0.8354151707400415 98 76 70 0.51
7006 0.092554851394754 0.2072300575700458 1.14497215998764 48 32 22 0.21
7007 0.3138105514833082 0.2253545590959549 0.8219346169196085 67 53 35 0.43
7008 0.1686138924072711 0.2392396338625033 1.018142088292665 97 70 51 0.41
7009 0.1674955688239241 0.09247103607022114 1.099067334587536 60 42 27 0.7
7010 0.1845590245211436 0.1183626282632295 0.8947763637232005 130 85 55 0.71
7011 0.05466220013845191 0.2717210151465245 1.164153360143944 100 70 50 0.51
7012 0.409879975612745 0.2152845303690318 0.6867150210841809 72 45 16 0.77
7013 0.2642594438266321 0.2477294426114119 0.8752698584338516 89 63 49 0.55
7014 0.1461928302117908 0.08004320471499909 0.8207920013058133 150 98 45 0.63
7015 0.4128663103099305 0.1902354227515577 0.6835915510546857 148 118 69 0.58
7016 0.4157137575003386 0.2515093951817093 0.6893467909789698 57 45 25 0.62
7017 0.1971323680282726 0.1834951548773484 0.9989164345280485 50 45 36 0.38
7018 0.02450657866965156 -0.09684088774327154 0.9703754115169627 83 60 49 0.09
7019 0.05493810178580627 0.009956482062122518 1.206837579474666 205 218 231 0.46
7020 0.2104344582314145 0.1948945516021812 0.9690242302308367 77 64 54 0.27
7021 0.09135610783258841 -0.150055184171 1.044253260643397 88 64 49 0.5
7022 0.09774823853573544 -0.08852137437303403 1.024581090998094 114 84 55 0.25
7023 0.04371613933245777 -0.2775701834191863 1.092765730482313 222 221 223 0.39
7024 0.1640080154769687 0.08037680804272249 1.055296673622896 121 86 52 0.06
7025 0.1716326228386555 0.07385493799594481 1.043967614475614 96 68 38 0.48
7026 0.1914557797987221 0.241912715502499 0.9915759433695055 127 92 54 1.09
7027 0.2829752653062779 0.2726630061850778 1.071973350402359 77 73 49 0.33
7028 0.1341029522209002 -0.07492370222934053 1.094682348237562 62 44 32 0.3
7029 0.1530899631101711 -0.05139089301630934 1.063906902665841 129 93 66 0.36
7030 0.08880456583982566 -0.08041164365294784 1.149840323101854 84 61 50 0.19
7031 0.06838919735872578 -0.07693871350190867 1.17345988834192 82 56 44 0.21
7032 0.08330331024855742 -0.06676082969371544 0.9877697974341996 125 91 56 0.25
7033 0.1280074745541875 -0.002427113764684019 1.116254321349869 132 102 60 0.35
7034 0.1448567504194417 0.0127480373595257 1.084273687535819 122 98 54 0.24
7035 0.09811037987582238 0.04860601664888259 0.8363690830198637 129 79 30 0.44
7036 0.1715410858178266 0.1243153279868515 0.879374015293035 161 109 51 0.46
7037 0.05887510676509888 0.1992516677443606 1.190308829853853 79 51 32 0.54
7038 0.1825000490447407 0.2348897810075644 1.006764684104702 91 60 40 0.19
7039 0.2801833253002413 0.2744760580815206 1.058593024580324 92 72 57 0.46
7040 0.3589270929544447 0.2683244915440077 0.7614339464051691 146 114 68 0.5
7041 0.1599668137386138 0.1317668575534818 1.067057829950243 143 117 72 0.3
7042 0.3971105720532729 0.217466042692091 0.7104802501863723 77 56 38 0.55
7043 0.05829525429358301 0.2837129131808988 1.156231060103479 80 55 32 0.48
7044 0.2881904476121044 0.2614641922923924 0.8495299113383867 151 129 70 0.6
7045 0.04487442806405717 0.2963412197277032 1.182559945784471 49 28 20 0.33
7046 0.4854026225942971 0.2444391934512141 0.5994595448634076 127 115 71 0.36
7047 0.2709640259100393 0.2994426047835339 0.9566493317817064 79 58 46 0.33
7048 0.2689115176119212 0.06597289210299151 0.9342511214960558 95 65 22 0.95
7049 0.1070665731649397 0.2082475352936187 1.127776597746297 94 68 48 0.27
7050 0.4086748592082188 0.2559832827935799 0.6938889817238678 73 61 43 1.07
7051 0.1185797121407359 -0.03904767773692069 1.030589679023579 163 128 62 0.59
7052 0.4349486852494147 0.1521879798133828 0.6718826561795329 60 39 18 0.59
7053 0.3076399225662134 0.1789397467096384 0.8376515878227846 54 43 29 0.74
7054 0.347888358736067 0.2139513286658089 0.7800883077984796 122 91 48 0.69
7055 0.06758666793408385 -0.1641001317083678 1.040071606429581 87 75 67 0.32
7056 0.1392165063945974 -0.09538104029379679 1.070023119293667 69 58 50 0.13
7057 0.02672153354377294 -0.08309137236857345 0.9644118814120084 111 78 52 0.14
7058 0.05588181346218435 -0.0752083558501076 0.9854184284183736 117 86 63 0.34
7059 0.04396109000694171 -0.04480569627842435 0.9474108493546749 90 60 47 0.29
7060 0.1578449145309757 0.03863439599977503 1.062627852830354 70 47 35 0.32
7061 0.4335808171147481 0.1570908134228062 0.6698489402159086 101 83 61 0.19
7062 0.4215200127534479 0.1561358716951895 0.6902629164186062 63 44 29 0.23
7063 0.4227947062518262 0.1817961503720687 0.6729547896165649 85 69 52 0.2
7064 0.2914505567341233 0.2174588306684817 0.8539799429830843 63 47 36 0.16
7065 0.4303210835691688 0.2107021458501154 0.6648991733685461 62 50 37 0.2
7066 0.4210912441521461 0.2143487694841211 0.6777368679900139 75 61 51 0.13
7067 0.4315082029186144 0.2101258082491611 0.6633765399486341 81 66 51 0.24
7068 0.5312433197778654 0.1639985771789573 0.5149322202590149 77 58 42 0.46
7069 0.4299946128020178 0.2117920607566799 0.6651370929885915 57 45 31 0.33
7070 0.3574951579731933 0.228285307731803 0.7605424977165569 105 91 71 0.26
7071 0.04209872242627832 0.2157819062875889 1.206549480760822 84 68 59 0.64
7072 0.1170037158813339 0.1032172693832583 0.8338367764341167 87 61 49 0.81
7073 0.4043531417174557 0.1670328000252815 0.7074558484425945 89 77 63 0.52
7074 0.3554564424040857 0.1650265095760483 0.7793373872562311 109 82 58 0.26
7075 0.4230555784930011 0.1809893090674875 0.6744535074516778 56 44 34 0.32
7076 0.276791844670629 0.2393655808960224 0.8705912263800277 101 73 56 0.61
7077 0.4835121707130993 0.2122850876221185 0.5860555048938363 103 81 63 0.27
7078 0.5505285961096092 0.2162861845519158 0.5167519057519641 117 87 68 0.36
7079 0.5085669606780925 0.09647498302851532 0.5889979269199499 159 161 165 0.26
7080 0.5329639891946893 0.2656304108070234 0.6730279062381407 131 113 82 0.72
7081 0.2746808013047774 0.0609597923929554 0.9163099035393083 112 82 67 0.44
7082 0.5316751123870572 0.1434168569704339 0.5743193024094824 37 21 19 1.11
7083 0.06381902950057844 -0.1027456146134464 1.001357403943953 88 46 28 0.15
7084 0.0316481851064494 -0.08529380867965791 0.9647180644999236 64 44 32 0.44
7085 0.2340571928649063 0.2202786306128062 0.9320976854210148 89 63 41 0.24
7086 0.1187265063565503 -0.08983697266264001 1.047932548262099 121 86 52 0.28
7087 0.4219063616847822 0.2145334172707284 0.6674214592018528 83 65 44 0.43
7088 0.04929304284924352 0.199166786458373 1.209461536910842 210 215 197 0.66
7089 0.05681291623595097 -0.1629813517491389 1.03222909511906 85 57 41 0.42
7090 0.1515963463659389 -0.003647851644533462 1.030639768369837 150 110 71 0.39
7091 0.0260037752748844 -0.05392025090004632 0.9393683540139058 128 110 102 0.19
7092 0.07239114275507996 0.1218547814412794 1.202720952454802 206 219 221 1.22
7093 0.0617291970138214 -0.1717801561022729 1.175598621658795 169 175 180 0.66
7094 0.07383976425816463 -0.2402252323381537 1.163879249371427 186 196 204 0.83
7095 0.05183774471742192 -0.1034136272247734 0.9955031797856435 63 47 39 0.17
7096 0.3267093884616079 0.2190025045779292 0.8050200926673791 69 44 26 0.57
7097 0.0393009092175427 -0.2254217155666711 1.053602516698724 192 192 185 0.33
7098 0.04028945140688867 -0.2152276683115735 1.048154143987596 174 170 169 0.48
7099 0.0402811910399774 -0.2067661868058002 1.04374020836529 111 90 79 0.36
7100 0.06667390119475863 -0.1996969487676402 1.06005325260513 100 74 59 0.45
7101 0.03498944809510585 -0.1780691508200936 1.024901916805135 175 166 164 0.28
7102 0.4246052177901427 0.1729533209941004 0.6750484892643107 150 124 92 0.34
7103 0.3793984407207371 0.1722519601492324 0.7408213107173762 124 104 67 0.21
7104 0.06033492148183928 -0.3237453852711986 1.144493287403975 197 204 208 1.08
7105 0.08493781775116166 -0.2143397251788093 1.085752199795972 86 63 42 0.67
7106 0.09899489474423978 -0.1586466111213972 1.076356979873044 137 83 46 0.36
7107 0.02891234762689521 -0.1204218317983268 0.9858484255730711 185 182 182 0.62
7108 0.443193936819883 0.1689639584376978 0.6507454660130001 140 108 68 0.72
7109 0.1975325936084607 0.06376837749929892 0.9255235996976343 98 57 31 0.36
7110 0.4554097475309261 0.1827460044831662 0.6276588796487024 72 58 39 0.16
7111 0.4740979469442418 0.1507803111097107 0.6137611289733872 90 63 31 0.3
7112 0.4278657760534443 0.1827436759098631 0.6710377027128087 108 81 56 0.52
7113 0.4219913069539659 0.1912459645228871 0.6707963873723231 113 88 57 0.99
7114 0.4305922709195878 0.1966778485563204 0.6585287702709146 104 73 41 0.11
7115 0.4815293261862281 0.1445376798525127 0.6113312575439823 78 54 29 0.51
7116 0.478887618754497 0.1494256776354998 0.6073058492049525 102 76 46 0.18
7117 0.04442329124749023 -0.2055097029346802 1.043347633199126 71 52 48 0.31
7118 0.4614517517063431 0.1481982230443429 0.6351154408525294 128 91 53 0.14
7119 0.4576284638388911 0.1493936070025288 0.6431978067804436 73 49 26 0.32
7120 0.03283332070164602 -0.1442227817320547 1.001206401832786 98 81 80 0.53
7121 0.4165181542300485 0.1581228763251904 0.6993035874051888 102 68 38 0.3
7122 0.4484839457687367 0.1962596788132279 0.6325677832306278 91 63 35 0.26
7123 0.4204150146112196 0.20439396936208 0.6689316309498266 54 36 21 0.52
7124 0.4775355866931438 0.1706719006093453 0.6014164885694524 100 72 43 0.29
7125 0.4619063535533123 0.1854166091226446 0.6173868590387248 104 74 33 0.35
7126 0.4487000369290003 0.1908689793441338 0.6343579394147494 128 94 57 0.53
7127 0.04172362800512475 -0.1872403347015182 1.031406196747405 77 48 32 0.41
7128 0.4685157329652822 0.2036873361253618 0.6147120157622561 56 42 29 0.11
7129 0.03707557706728881 -0.1638453393075067 1.018882303027471 79 54 39 0.55
7130 0.4860538446129367 0.2291472627661828 0.6013413685180915 98 80 52 0.24
7131 0.03383078434623166 -0.1453879069316571 1.007347308194151 88 59 40 0.63
7132 0.09006330806215979 -0.1027546913925655 1.159380056862244 105 82 69 0.51
7133 0.1011952917436861 -0.1742025299645292 1.077560757002819 119 90 61 0.58
7134 0.03229469156707698 -0.1500997342818358 1.004289824893583 137 115 102 0.19
7135 0.05745280602778058 0.1539433535216491 1.213271056057635 182 194 199 0.87
7136 0.02169284992649045 -0.2551620345091714 1.089129964174956 165 155 148 0.78
7137 0.1274201395123754 0.1227154888114143 1.132425254183291 74 48 35 0.46
7138 0.1631478383084864 0.1694314439916645 1.057732965674921 109 77 56 0.32
7139 0.1865475760463211 0.1516781377940642 1.034411936745221 60 42 31 0.44
7140 0.2015676243759036 0.1558997063122499 1.010408220766731 49 34 19 0.3
7141 0.2427758689817168 0.1467958529614115 0.9468232917896453 50 30 18 0.31
7142 0.2831464702822575 0.1089230913095003 0.9053865565507673 126 75 33 0.77
7143 0.275574694922389 0.2249419816503064 0.8722234618807165 138 100 57 0.61
7144 0.253631350790253 0.2292119057410965 0.8970966139376499 43 16 6 0.36
7145 0.06254994409911141 -0.1603616263432424 1.035685744269414 95 73 53 0.26
7146 0.03411626938426005 -0.1290010400735281 0.9881747657901696 174 161 157 0.61
7147 0.02650075327436141 -0.1037475458516773 0.974090640954681 140 119 105 0.94
7148 0.03143949903346521 -0.09044764028968771 0.9622666913149244 152 148 146 0.69
7149 0.1253981849851962 0.1848917581718451 1.119062718842308 59 42 23 0.27
7150 0.1811987929637408 0.2141728248913657 1.020384388063778 55 37 25 0.86
7151 0.2050623601925082 0.199286104150934 1.000402613980464 107 85 60 0.37
7152 0.1994618548753802 0.1245530070701807 1.014855935294354 127 96 44 0.72
7153 0.1971668509753569 0.1282418741935765 1.001784159425998 66 45 31 0.38
7154 0.06082119144536668 -0.1275703391703721 1.181364101274093 177 180 180 0.51
7155 0.2341407890518696 0.2269553650284703 0.9277244757434998 70 51 38 0.61
7156 0.2289042816848506 0.2326215068773469 0.9297563756122634 83 52 21 0.09
7157 0.2335918069390804 0.2363201983026851 0.9255432368400743 65 45 27 0.25
7158 0.2586552869148052 0.2057700592962247 0.9075821772711739 127 86 44 0.26
7159 0.2938420177361188 0.2227114618957807 0.8498411343137555 65 42 21 0.23
7160 0.3268347884596159 0.2197537167323815 0.803746426687838 101 70 43 0.74
7161 0.0414486207776712 -0.2044558151471109 1.03920015210672 183 177 174 0.38
7162 0.3486546040536269 0.2156568479531067 0.7743151142389864 88 62 36 0.36
7163 0.1727337845721133 0.06433231155169467 0.8801872009478147 74 51 42 0.4
7164 0.02894728597110319 -0.1109146508851375 0.9764978511407756 171 167 162 0.61
7165 0.07354854093693602 -0.04532111289996732 1.18533084692187 203 217 215 0.44
7166 0.2692259748790278 0.2118325673043957 0.8869173141695164 118 69 34 0.4
7167 0.293130371819959 0.2284771053132956 0.8502669051748452 120 84 61 0.18
7168 0.2011926852632338 0.06455769297097502 0.919106821249706 128 82 39 0.38
7169 0.3386876500585684 0.1795207129860014 0.8006128680370839 146 114 70 0.21
7170 0.3393976204774015 0.1872386252701862 0.7976609252187499 115 88 54 0.47
7171 0.3395135071588952 0.1963921154249169 0.7922893689263507 96 60 30 0.61
7172 0.1835878309089576 0.06871060720645453 0.8982183543505515 101 62 42 0.46
7173 0.07346859429558517 0.002580710296089528 1.193024488410356 180 197 209 0.89
7174 0.2316519748367138 0.2139836688618565 0.9348562307376883 108 77 54 0.74
7175 0.2651616250946441 0.1537496274728987 0.9128720021210012 61 34 16 0.55
7176 0.2724351782852287 0.2129486718485115 0.8804569266263863 130 90 53 0.15
7177 0.2866835421822009 0.1910665716934455 0.8734150196094833 93 61 37 0.37
7178 0.2124395652366946 0.04718143268608449 0.9442661998530328 141 90 48 0.49
7179 0.2998197470785668 0.2071685752617509 0.8447485832141851 122 90 62 0.24
7180 0.3112722309139815 0.1793104406507172 0.8387483176059005 76 53 25 0.3
7181 0.03456260265546196 -0.1636420968932344 1.014304260832605 95 78 78 0.39
7182 0.3540816545208239 0.1899879917364507 0.774601996631048 81 67 52 0.89
7183 0.358362993387543 0.2056610393101692 0.7626290567325376 76 56 31 0.56
7184 0.3708523724629463 0.1939152752112116 0.7497415051533891 94 68 36 0.2
7185 0.2323083663637491 0.2598359311783786 0.9266150495178346 80 56 30 0.67
7186 0.2762100500307201 0.2507723926007801 0.8802919302609583 54 32 21 0.95
7187 0.2588885911248991 0.2229894074987367 0.8958056169573918 53 26 12 0.52
7188 0.08665027350979554 -0.2512151247490619 1.154891323903124 70 47 33 0.37
7189 0.2985311000985345 0.1853194866173606 0.8564615057663447 117 80 54 0.3
7190 0.2942002362305878 0.2014839579038117 0.8553494633837595 126 82 45 0.4
7191 0.04347984923078307 -0.2795767537820313 1.094932766627168 83 63 56 0.66
7192 0.3323708640941155 0.1967691518522433 0.8033141746913977 155 111 78 0.26
7193 0.3432714834702403 0.1851100274216493 0.7941556577000604 69 48 28 0.94
7194 0.36366707526757 0.187308652960251 0.7662217307284256 110 85 52 0.53
7195 0.3566732395568583 0.2238603000174459 0.7629358727480096 104 80 48 0.67
7196 0.02661517783254963 -0.1061091160125491 0.9756478352907949 90 73 69 0.28
7197 0.1122273948308998 0.2787292939755426 1.068302916484136 34 25 16 0.34
7198 0.1835187831135881 0.07758741547145342 1.03094156177215 129 94 68 0.48
7199 0.2795409211428789 0.2373548548474022 0.8681230372900095 88 70 34 0.85
7200 0.287612802426735 0.2250045391898869 0.8572297680709701 98 70 47 0.61
7201 0.3260468075446242 0.2239793321680237 0.8063422769835482 88 59 34 0.49
7202 0.1525607020820745 0.2302104247825411 1.047337504793569 92 61 36 0.83
7203 0.2547487029493535 0.1297868136162342 0.9482398846771412 133 105 66 0.77
7204 0.3020887574375906 0.2243014391218413 0.8376330849619691 128 83 50 0.4
7205 0.2023855879584666 0.1199745173355178 0.9038925471519185 124 75 42 0.43
7206 0.36490876311238 0.2285254147096678 0.7469963768879334 58 37 26 0.47
7207 0.05918884138096397 -7.460460326638718e-05 1.197139126729799 102 85 74 1.6
7208 0.2938974271677745 0.1747712160726829 0.8633713237345215 159 109 64 0.7
7209 0.0383777238365608 -0.1828751552284736 1.032451450129149 68 50 43 0.53
7210 0.3749649478691828 0.2254568357476257 0.7316983808455442 50 38 27 0.83
7211 0.055926220671773 0.1378176882617809 1.208354639558007 82 64 49 0.88
7212 0.04787865127732183 -0.297127209185534 1.163274678807525 104 90 76 1.05
7213 0.3892444090546461 0.2242055121351947 0.7196855177502226 67 47 30 0.59
7214 0.3325225127670414 0.2248658858080983 0.7878995733429117 123 100 74 0.6
7215 0.3761266820104558 0.2009261499732326 0.73173777602033 51 32 15 0.64
7216 0.07233711318867525 -0.2891411671662096 1.131023384764807 109 87 73 0.88
7217 0.04223361510670287 -0.2725010861962744 1.09160430847074 167 173 162 0.39
7218 0.06864758929435888 -0.004551425620324706 1.190411848963759 174 179 182 0.54
7219 0.3418661392352575 0.1809399137104908 0.7969324573280958 66 46 27 0.29
7220 0.1892789843238195 0.2204802553849695 1.015107809133204 36 21 12 0.54
7221 0.4448475740018314 0.2078067165349628 0.6435690257505663 100 76 45 0.46
7222 0.3005680350680501 0.1973525909002905 0.8533165584217421 110 81 55 0.37
7223 0.09435624190278591 0.2874340161157336 1.12498041593516 28 23 17 0.77
7224 0.06158310092827801 -0.09921004941545153 1.180764572117034 109 87 71 0.46
7225 0.1386609284140907 0.139593668851191 1.108242391868337 79 54 33 0.31
7226 0.1703237739008226 0.2070645066737913 1.048848398219694 89 61 39 0.7
7227 0.3109542434735033 0.2392485993984243 0.8186399129877509 62 48 35 1.17
7228 0.06427022797833609 0.2746979922884895 1.161048134935378 24 15 7 0.57
7229 0.06280726178316454 -0.1023118741617747 0.999376755924305 86 52 28 0.07
7230 0.5221387520584326 0.1378279265493703 0.5569175370595565 126 84 51 0.44
7231 0.1122973106244777 0.1858786845335938 1.131420718309045 66 46 26 0.84
7232 0.1310647884325532 0.2428331401881279 1.090551875866161 49 40 31 0.58
7233 0.05933833006526879 -0.3208526801127525 1.139807095813947 58 49 49 0.79
7234 0.1758949962806591 0.2132777792240361 1.028269134201263 60 42 28 0.87
7235 0.07232369495396668 -0.1866888247385342 1.156512304114615 69 57 47 0.77
7236 0.03135977698935155 -0.2480384170279687 1.073835961201452 205 208 201 0.98
7237 0.09496039864977551 0.00115001247104482 0.855377235828788 86 57 42 0.9
7238 0.4521592013432369 0.1611365521959138 0.6402273537150153 121 87 51 0.34
7239 0.4922646259148564 0.1638509388264561 0.5819276527216229 136 113 76 0.16
7240 0.4939981878564367 0.1715890736100756 0.5778237151936371 104 72 42 0.39
7241 0.5279807701616429 0.09093474145007385 0.5605900108900386 164 170 166 1.67
7242 0.1530327188925991 0.01517609224354585 1.072983101052105 100 74 45 0.67
7243 0.5029464615151816 0.1543241657211792 0.579944305600369 141 100 62 0.88
7244 0.481166524854261 0.1629023796533216 0.5998470921743018 124 106 79 0.44
7245 0.3883317406573717 0.1621059953626764 0.7376421014341874 141 107 62 0.46
7246 0.3626121158870191 0.2331281341255028 0.7550999255125752 54 40 22 0.4
7247 0.06240000726708994 -0.07546575241770664 1.181896671422667 102 91 78 0.72
7248 0.1002783097252301 0.04170309012914725 0.8408096582124944 67 39 27 0.47
7249 0.4999291662381319 0.2008579949742722 0.5694969673071091 53 35 20 0.62
7250 0.422727490109905 0.1776088407061557 0.6730195272954403 117 91 59 0.63
7251 0.1045326017352586 -0.06330615223221042 1.000529974471677 133 94 57 0.44
7252 0.4824056995631216 0.1436375639425263 0.6101275660288875 86 61 37 0.31
7253 0.2741147900269771 0.1511095547533055 0.9020921178417303 148 96 58 0.25
7254 0.2723879481564657 0.1723713931327827 0.8992310657196999 95 69 50 0.6
7255 0.04792951737576967 0.2131036291780393 1.206628456668735 206 220 213 0.31
7256 0.3611569977168039 0.2112530025921896 0.7569618070192801 74 57 38 0.63
7257 0.3202692180297223 0.1723758298111828 0.8233674923921146 141 103 72 0.44
7258 0.2706364480777608 0.2586698416851405 0.8746613934335459 123 87 50 0.47
7259 0.274154459939271 0.2549222555052922 0.8700390452777765 54 39 28 0.58
7260 0.1708224816553615 0.1536141117486711 1.060337438642614 46 28 19 0.7
7261 0.1148970331088822 -0.003998601137408436 0.862888779450334 152 137 122 0.67
7262 0.1522850231113198 0.1742503503219832 1.068649826658881 55 36 25 0.8
7263 0.3368301981817059 0.2055739730157436 0.7952779660394192 92 61 28 0.37
7264 0.1665858046016566 0.2167737537575259 1.030634828756999 45 30 21 0.5
7265 0.07088868565422979 0.2326173383822893 1.159252930745988 42 33 26 0.58
7266 0.1505108819486119 0.2553336558474537 1.067220246575761 61 41 25 0.59
7267 0.2311171110816355 0.2717178408448246 0.9279385347601197 34 30 24 0.81
7268 0.08911969301568656 0.2256303950611077 1.141685116047176 69 54 36 0.66
7269 0.4470738673396421 0.2405452254210591 0.6573071348567338 69 50 36 1.17
7270 0.477883359013476 0.2333346544940164 0.6148060557716999 75 52 37 0.77
7271 0.480674418563948 0.1829670403876769 0.5920689783762122 64 55 38 0.16
7272 0.4787186379051661 0.1907298928591193 0.5929880622697052 124 87 47 0.1
7273 0.5099778521907606 0.1434083248520895 0.5719368521261545 87 53 23 0.2
7274 0.4895160367085083 0.1468419628870912 0.5929727925247339 88 61 37 0.75
7275 0.4910484677523057 0.1677105262410651 0.5827152810348267 132 106 72 0.35
7276 0.5067682413894113 0.1510095102136936 0.57863206568377 53 30 16 0.31
7277 0.4868725489341919 0.1472374145624101 0.5958077580156758 92 67 45 0.4
7278 0.5175472734225434 0.1495279933804956 0.5582361648493797 86 50 21 0.41
7279 0.5065740995062183 0.113301974023982 0.5881083535444985 197 205 210 0.54
7280 0.03205207200096571 -0.1064348230240751 0.9801702217919122 78 55 47 0.46
7281 0.4989116983292031 0.2015540306424523 0.5735218661430376 50 37 20 0.61
7282 0.04285084105225967 0.1454879698662569 1.21859535190503 105 88 73 0.55
7283 0.4055247406232513 0.2374610513610168 0.6941706625364317 89 66 36 1.07
7284 0.1112789135250804 0.2583157218220523 1.106828803107804 77 56 37 0.42
7285 0.4327103089584243 0.2411453171410406 0.6667545692411415 65 42 24 0.62
7286 0.0726767890950899 -0.03321261471686979 0.9549231336390627 90 59 40 0.37
7287 0.1652064359242577 0.05415668056828263 0.8755119216320182 71 43 26 0.55
7288 0.2512320736236703 0.2173242175419925 0.90805270701596 127 78 43 0.41
7289 0.04818664965878922 0.2191545137686193 1.205025319557896 224 227 204 0.33
7290 0.2889990101832766 0.1880276173783151 0.8708627248395888 127 92 66 0.7
7291 0.5352611349572736 0.1333454944431557 0.5450037258532152 42 26 18 0.48
7292 0.5226672842264871 0.1553248763299644 0.5485793243202322 81 52 33 0.46
7293 0.4372313389319566 0.2416734963654678 0.6625987953998878 123 102 84 0.82
7294 0.5394643944255945 0.1264442573746238 0.5481043212396713 66 48 38 0.58
7295 0.4112255224159811 0.257992441489311 0.6918829763456001 154 129 83 0.6
7296 0.4983609600304862 0.2025505280946081 0.5771111667345481 77 56 29 0.88
7297 0.07019153951328327 -0.09300949027190081 1.002282464766086 130 89 60 0.71
7298 0.1650636060037238 -0.01421305361329223 1.053331108622146 86 65 49 0.29
7299 0.09066428074229088 0.009419809888848107 0.8401452323790846 166 158 154 0.39
7300 0.4955504183667464 0.1586602114471592 0.5801200144070077 90 79 59 0.58
7301 0.3968779284834031 0.1717857143692003 0.7151324472457712 97 61 32 1.03
7302 0.4397655131033921 0.198909055676194 0.6431827185302978 104 77 49 0.67
7303 0.4233662980380828 0.2565551846366508 0.6810675453343622 109 90 64 0.67
7304 0.02843910134486682 -0.1265741229889705 0.985962826429559 194 200 203 0.51
7305 0.5441970738628635 0.1259715112535709 0.5426336057103419 63 42 23 0.49
7306 0.2492054085943176 0.129213573531206 0.9555898913460178 144 97 53 0.12
7307 0.4359612532785797 0.1512463751996415 0.6746874863555231 134 91 48 0.28
7308 0.3384292824183458 0.1682105859165656 0.8034866721718362 142 96 50 0.15
7309 0.3570779165819117 0.2214544327222301 0.7609191756883523 43 28 14 0.66
7310 0.3349718163789611 0.2297935626925324 0.788515107887471 49 29 15 0.06
7311 0.09784931110972384 -0.1757019755757309 1.075519494816686 91 75 57 0.35
7312 0.3620967850154885 0.1793928886392593 0.767532613659806 139 106 70 0.23
7313 0.4607254894159825 0.2323706821702584 0.6285941047947213 99 69 40 0.77
7314 0.1486865721577245 -0.04735643541548162 1.079956980786315 137 107 62 0.66
7315 0.2028307535760348 0.02993307665827413 0.9573463584523496 122 83 36 0.53
7316 0.4383371773130308 0.250415329589903 0.6577746868549603 99 63 18 0.65
7317 0.4153480102835879 0.2182102376862618 0.681331551360999 43 26 14 0.39
7318 0.08945260570881619 0.009851321430009968 0.8373340253183219 209 214 216 0.73
7319 0.4728238038872954 0.1950106638194452 0.5987084574000583 53 41 27 0.73
7320 0.5152764484880092 0.1868500321560403 0.5504547807861641 88 56 33 0.74
7321 0.5160003607395482 0.1142060291825396 0.5761934082223866 86 58 38 1.09
7322 0.03831717882325336 -0.1923789445245563 1.034325466380098 100 88 86 0.41
7323 0.06330903061968318 0.01421007026226703 0.8035235383641409 169 161 149 0.79
7324 0.4969103514811803 0.1412618847226002 0.5866369392442218 105 65 28 0.29
7325 0.4971681992367815 0.140781681593195 0.5875041988450729 111 80 43 0.22
7326 0.4898539012855894 0.1806631850202291 0.5797290202273342 118 90 51 0.08
7327 0.06532312136013196 0.02069613924116867 0.8080058525529549 199 194 190 0.52
7328 0.2619822579926193 0.1145725204217326 0.9306535707161778 117 73 37 0.52
7329 0.2364191813764184 0.2137142588504341 0.9285112577771588 87 56 23 0.32
7330 0.5013244896893261 0.1989970914162557 0.5707861597181909 90 77 60 0.58
7331 0.1221015039607481 -0.0655968289185872 1.10956378779564 77 52 45 0.14
7332 0.5208541783439393 0.1960516832979468 0.5408717115891312 35 22 16 0.34
7333 0.05085714989020568 -0.08286564882802094 0.980018973420961 76 45 28 0.28
7334 0.09265835767072222 0.01916420495889554 0.8330572391866331 196 200 205 0.41
7335 0.5077098284392531 0.1674232715047836 0.5657884816825514 70 43 25 0.1
7336 0.5200920353134084 0.2228722340239172 0.5580553433118344 58 45 33 0.6
7337 0.3122134695555413 0.2027279156674799 0.8337750846974676 48 34 22 0.38
7338 0.1625214191251362 0.2417116215675299 1.03225404216569 73 52 28 0.37
7339 0.443386579182907 0.1488221178943093 0.663267070727627 90 68 29 0.34
7340 0.1202934532412278 0.1643713629294832 1.139273958350866 80 61 42 0.6
7341 0.3864668231813637 0.161626563358007 0.739006326199833 160 114 66 0.09
7342 0.5036744773091393 0.1689038449253873 0.5709377505652037 52 27 15 0.73
7343 0.2910366386182348 0.2305995264912511 0.8541827915097405 110 79 55 0.86
7344 0.5018382584386188 0.1481325423227118 0.5853582824013209 108 67 30 0.53
7345 0.3656714235205797 0.2077949469235367 0.7564027177011805 103 82 53 0.81
7346 0.3713199212546328 0.1740367949687661 0.7562706956381424 96 82 55 0.24
7347 0.08571893765861766 -0.24572865492148 1.156594777906296 140 131 121 0.32
7348 0.4418016599148329 0.1494453603875354 0.6669115014592122 88 67 37 0.39
7349 0.08462317104307759 0.009476248128461373 0.7723969569770639 183 173 164 1.0
7350 0.4969954420837473 0.1371984691379637 0.5924813985765303 104 78 51 0.4
7351 0.4889350092241237 0.1488800857635096 0.5916012357582316 104 89 64 0.09
7352 0.2576340075880068 0.1970510524015527 0.9075043024423032 65 42 25 0.23
7353 0.4643444676032926 0.1476920183635071 0.6336095422932873 78 52 31 0.38
7354 0.3987413689787911 0.1885827455513115 0.7079024653220101 74 53 39 0.42
7355 0.05378234124399162 0.02682715802838495 1.202029006747141 160 157 150 0.6
7356 0.1164726771446147 -0.04615834268047392 1.003877763326958 107 69 38 0.69
7357 0.3696865749625297 0.1916935783593776 0.7499019128234138 84 64 42 0.48
7358 0.1300784383291876 0.0289288473386467 0.8672474750563338 140 81 36 0.22
7359 0.1658480665298615 0.0580020753404441 0.8792162065029765 108 70 46 0.54
7360 0.08553945291245157 -0.2275253744470644 1.142078250994949 51 39 37 1.18
7361 0.05024460404378278 -0.1393241746430698 1.010064097017396 142 113 82 0.3
7362 0.1587981783818173 0.09012983695891957 0.8682481482444047 92 56 32 0.96
7363 0.03485917236663971 -0.06259682383572912 0.958901055282527 119 73 47 0.54
7364 0.1783152621670622 0.05107638956862562 0.8932758900256634 122 78 46 0.8
7365 0.04316512852929477 -0.07038129409360799 0.9650290674096147 143 92 58 0.24
7366 0.1907660092823003 0.06156104965286177 0.9079155257837663 138 89 51 0.58
7367 0.4086814158765444 0.2473585446789385 0.673100504890192 28 21 7 0.86
7368 0.04608212165106862 -0.1979239266782459 1.040564316778796 97 65 46 0.53
7369 0.07346688887612329 -0.2865113978918703 1.097351722836353 146 140 133 0.7
7370 0.1154576489271472 -0.189473533680068 1.094115034224419 78 53 40 0.24
7371 0.119303713011116 -0.06023977065448466 1.030691050314976 66 38 23 0.26
7372 0.1214470874887391 -0.1114195979525762 1.062460511908327 133 90 52 0.61
7373 0.1280895976595972 -0.111324707694595 1.074883739916527 146 94 34 0.3
7374 0.1981088191419473 0.139547929392025 1.00810302271299 90 62 49 0.85
7375 0.06294996119853863 -0.1480018307165783 1.030659472760553 179 125 85 0.39
7376 0.04127301612820122 -0.1701149753327822 1.021172898825063 125 78 46 0.03
7377 0.1073832271942889 -0.1351100537016997 1.060988746222028 88 54 26 0.53
7378 0.1626524486678361 0.08039117549022054 1.059082733651929 104 73 52 0.32
7379 0.228794741824057 0.2283907359210501 0.9322418192961932 112 85 50 0.76
7380 0.3034524622532544 0.1843630525483085 0.8529248502798774 114 86 53 0.61
7381 0.2011921467104897 0.07672752146378203 0.9099741161089644 148 105 52 1.11
7382 0.02441670547351982 -0.08138255271501238 0.9638592277980442 217 172 121 0.26
7383 0.1253583041539556 0.2588363866953893 1.085412425977075 95 57 39 0.32
7384 0.2548906750848648 0.2049011322612076 0.9066761871821498 52 39 24 0.27
7385 0.2633863430861719 0.2246949773784802 0.8883583442820917 94 54 25 0.43
7386 0.276686974292702 0.1739944771379663 0.8943374591056477 110 78 46 0.25
7387 0.2732029495665658 0.1817601890229729 0.8886013494588645 117 86 63 0.21
7388 0.2984160583083073 0.190099381725514 0.8540959935090346 86 63 33 0.37
7389 0.3129315443203552 0.170206510233148 0.8324705558736948 188 142 85 0.29
7390 0.3182505639827935 0.2198720317254187 0.8148041096039762 98 66 46 0.26
7391 0.2055123657877581 0.2006163498066864 0.9972022910968047 53 46 31 0.26
7392 0.1351313174358946 -0.02377302902519371 1.098995369184654 130 100 69 0.32
7393 0.1713713250550115 0.04394379084866043 1.044126459600554 91 68 51 0.34
7394 0.2649636025043483 0.1649683721225758 0.90808753183677 125 88 60 0.53
7395 0.2661491095754486 0.226374445454781 0.8843314063208553 140 91 55 0.3
7396 0.2963168455447895 0.2189603727676802 0.844308107241255 145 78 34 0.43
7397 0.3276963773323346 0.2070974583832993 0.8079641575453868 61 41 25 0.56
7398 0.3392504988013833 0.1810294965092245 0.8033995081990563 169 129 85 0.58
7399 0.05634365458754054 -0.1203719560071098 1.005165241139595 167 127 84 0.56
7400 0.343194410287733 0.1826886408575597 0.7858945573652568 104 74 53 1.17
7401 0.1689392262827479 0.06683466885092348 0.8885845391446254 116 79 52 0.37
7402 0.2386476760967123 0.246784441802097 0.9152055579724359 93 67 43 0.71
7403 0.3103776536376942 0.1923538899218403 0.8359193723720868 81 54 33 0.19
7404 0.3498499245226345 0.1696246736033423 0.7896228976679747 165 102 47 0.06
7405 0.3643372163563684 0.2325691921724119 0.7540867882733389 110 86 61 0.44
7406 0.3727595004925101 0.1726827429578174 0.7538130059227526 101 81 49 0.37
7407 0.3754318201540576 0.1903158863762965 0.7378491281304237 118 85 52 0.35
7408 0.2538517910678529 0.2513480620842813 0.8950925993285486 85 40 27 0.36
7409 0.3045745913845139 0.1940828027686308 0.853498613123663 127 102 76 0.57
7410 0.3514800554611374 0.2271093737259929 0.7711526627482536 58 39 20 0.3
7411 0.3729107808287656 0.1685237902804786 0.7501060917648025 86 69 55 0.33
7412 0.3743270488115761 0.1718979827107166 0.7488288437819854 87 68 43 0.22
7413 0.3977888899094845 0.1830859204761821 0.7082010774726344 148 106 64 0.56
7414 0.2626190433388982 0.2028186961317653 0.8998234138123733 117 76 46 0.54
7415 0.3003743337013958 0.2532461188099122 0.8382521657452734 148 98 42 0.37
7416 0.298541158783361 0.2421509527544492 0.8360556546387321 90 48 28 0.38
7417 0.3129513142681773 0.2158228157850658 0.824320701433281 116 79 45 0.41
7418 0.3537148045724117 0.1803224983189004 0.7808705835662944 111 78 37 0.95
7419 0.3674496219298573 0.2020240845386534 0.7509754319435155 128 100 60 0.66
7420 0.3263433884709872 0.1897864699295066 0.8178791966659227 57 39 25 0.47
7421 0.3950250178160631 0.2074480422383027 0.7018007821095574 163 108 57 0.77
7422 0.0863865044241392 -0.2140651895526372 1.143182556806693 218 223 224 0.93
7423 0.07084864842102867 -0.2171273685477902 1.151844296554265 218 218 216 0.35
7424 0.1231896243267732 -0.1659504110258589 1.088983903872803 75 47 28 0.89
7425 0.133729952926752 -0.1076941165276389 1.070581405976333 131 102 70 0.48
7426 0.1513277567012857 -0.04876829683713046 1.075856925327199 67 53 41 0.12
7427 0.1582953868330023 0.0143648013666757 1.031352407231623 149 106 63 0.07
7428 0.5261593125648631 0.09476557391737055 0.5666586730084978 123 93 72 0.82
7429 0.1678778557502968 0.0122086371995134 0.8711137902317352 147 110 78 1.15
7430 0.1857947153311658 0.01614239388093902 0.9168891526552212 130 88 62 0.52
7431 0.0610126638841843 0.0118209637083333 1.195250390966493 118 102 84 0.22
7432 0.1455684279139544 0.02892304765564424 0.8675370179643942 159 102 62 0.67
7433 0.2612358826446349 0.078249324123004 0.9430414174407937 58 38 20 1.08
7434 0.1902975621254825 0.1071514733656055 1.009518379239469 116 78 50 0.24
7435 0.2428611067866831 0.1374067383264976 0.9510608230363143 61 37 19 0.63
7436 0.1414816614313947 0.1288763827737786 1.110684902482278 88 53 36 0.38
7437 0.4930040936840507 0.150403072250912 0.5852594835299167 181 128 77 0.1
7438 0.2752658972575064 0.154486661999683 0.8955408897429549 130 72 34 0.63
7439 0.3159086732939523 0.1737342734407376 0.8346903852600618 96 70 46 0.3
7440 0.4297870294648173 0.1722234905312205 0.668347712521409 167 126 71 0.36
7441 0.4281913943706214 0.1751602217314548 0.6691422229568034 178 119 58 0.32
7442 0.3753551715431423 0.1979273407128222 0.7361600945009975 174 125 64 0.23
7443 0.2378249247760636 0.2062587878905474 0.9377674513237281 84 58 44 0.14
7444 0.3674680229594131 0.2102484454380245 0.7484487976124667 144 112 72 0.37
7445 0.5128342665384096 0.2054060851467779 0.5476018476236683 90 52 33 0.61
7446 0.4606911389988937 0.2110330805280588 0.6204889787906386 45 27 21 0.35
7447 0.4754097099538759 0.2212325974831193 0.598920013340989 89 59 35 0.82
7448 0.4361722693097168 0.2193105438276683 0.6512070502177125 77 57 37 0.61
7449 0.2844515146410001 0.2783085603525006 0.9228648419076978 71 58 47 0.33
7450 0.140374823266353 -0.04520926780011331 1.087500180488671 60 36 26 0.65
7451 0.1201694402510675 -0.0005534455514104031 0.8640993594885914 175 161 147 1.04
7452 0.1658202979858305 0.02394397758147135 0.8994235888579718 114 55 21 0.93
7453 0.4929908016055468 0.1593704719109935 0.5838604035920065 173 142 102 0.54
7454 0.2183046276385289 0.1530351543423386 0.8888422550220476 94 47 20 0.54
7455 0.2542605325237569 0.1610645240897451 0.9240840379584623 130 90 45 0.28
7456 0.4254509102297369 0.1806079484070818 0.6707834014062873 104 77 49 0.81
7457 0.4877870307096765 0.2102587778635458 0.5868126595390185 130 99 57 0.46
7458 0.4696368915385907 0.2133450678194268 0.6090937801828311 116 90 56 0.45
7459 0.05342391941419777 0.2925573116515435 1.163108219565188 46 26 20 0.22
7460 0.1986153887137153 0.106570633930938 0.9088226088226117 134 86 39 0.65
7461 0.4594995109919376 0.1454744457455022 0.6404683587725643 106 71 44 0.23
7462 0.4429231891953173 0.1500363742779882 0.6663819188570415 83 51 26 0.36
7463 0.4661680502638964 0.2109962223245573 0.6161110895010152 120 94 66 0.42
7464 0.06717874783627753 0.2528405497299559 1.165533998939187 42 18 13 0.94
7465 0.462050614774154 0.2111983442277014 0.6053986859617446 101 88 53 0.76
7466 0.4603827289229356 0.246083415416302 0.6287909186963359 89 58 34 0.62
7467 0.1032150068898266 0.07316007951351117 0.8434077536208975 153 77 34 0.39
7468 0.284799907264062 0.1232373372927383 0.9087257853914299 106 73 43 0.1
7469 0.1726275013869978 0.1263128431830229 1.049032667959444 69 47 26 0.64
7470 0.4254177471943552 0.1578741977582742 0.6795977161137963 176 128 83 0.11
7471 0.374611348799738 0.1689305426318371 0.7523049294150908 53 30 14 0.46
7472 0.3101809272688764 0.1761095735381066 0.8403081478929003 156 111 58 0.55
7473 0.3705129345758006 0.2080616730167927 0.7366664757825243 100 76 48 0.77
7474 0.1025456188647819 0.2299298201045691 1.136534739301605 66 47 31 0.33
7475 0.0381708568326673 0.2517534434131143 1.103797211133635 83 49 34 1.12
7476 0.2767622176708933 0.2502457609290482 0.8656653997198804 102 71 48 0.68
7477 0.04956455528681603 -0.08938391024849573 1.189981512152773 105 87 80 1.22
7478 0.07366643257290495 0.02453234509030103 1.18460446230503 95 80 76 0.89
7479 0.3354324976320888 0.2134430326963739 0.7968762634864938 37 21 13 0.93
7480 0.4446100379247441 0.2404917760816118 0.6575647233528928 123 77 55 0.24
7481 0.0245441944396334 -0.04845903805420959 0.9411600832864822 104 68 51 0.71
7482 0.117085072215114 0.2648894623608771 1.110835611064528 130 79 50 0.41
7483 0.5092503246799326 0.1125925189367579 0.5898029401188787 185 209 225 1.13
7484 0.1900821149984421 0.04075463114484407 0.9137789076020466 131 80 29 0.95
7485 0.08623499681679642 0.02585570325683886 0.7716261904107171 84 53 33 1.07
7486 0.08893794157486862 -0.001935294359150658 0.8582681669988494 105 46 19 1.1
7487 0.07348334910565923 0.08494559602512727 1.187166065390805 148 129 103 0.76
7488 0.1786437343024517 0.1830216900860081 0.9943367982633456 66 44 33 0.46
7489 0.1845253963148515 0.1914300625525105 0.9911661706273935 79 66 51 0.27
7490 0.3577998948975432 0.1883005573567106 0.7726459051033969 85 64 42 0.61
7491 0.1771485131350982 0.1928891037098032 0.9952094255222154 98 81 69 0.37
7492 0.1853455459517587 0.2130013775252776 0.9930960126429726 36 19 12 0.15
7493 0.1195969149918885 -0.1665163642521316 1.087531991564575 89 65 50 0.43
7494 0.06267145857018075 -0.1488038495456194 1.176199179512884 166 162 154 0.29
7495 0.4540036720601158 0.1474040042691592 0.6479581371792601 115 84 57 0.32
7496 0.5033839913442466 0.1718842339993458 0.5724457145702042 95 67 35 0.35
7497 0.472121526685461 0.1715076583747271 0.6108048600967518 87 58 32 0.5
7498 0.372177185744384 0.1825869070679612 0.7521206231545705 69 47 31 0.17
7499 0.1371162378842378 0.1901999389757681 1.079173872797868 70 45 34 0.31
7500 0.173062106570636 0.2297552334294403 0.9789122850244476 33 24 16 0.5
7501 0.1936012137152202 0.2359289700247631 0.9652611922093066 50 32 25 1.1
7502 0.2460626596933575 0.2531810849719742 0.9061329689303107 99 59 42 0.24
7503 0.1358687518663288 0.04542462059247393 0.8582091022112446 153 98 60 0.57
7504 0.04086058040292218 -0.1674065458628322 1.018877152076015 89 55 39 0.54
7505 0.151768594475703 0.004380478669276655 1.027345862868636 194 143 96 0.53
7506 0.0258363286256349 0.2238124336256162 1.218486664643802 92 75 57 0.97
7507 0.4263287955431805 0.2163363621595022 0.6703525258284788 65 41 20 0.47
7508 0.2372671240435458 0.1492737614864105 0.9485899767330093 100 72 50 0.32
7509 0.1467354706303658 0.1795795043978932 1.071987571470252 100 70 48 0.67
7510 0.1124186509405768 -0.03764647339116828 1.00068173260957 192 141 76 0.88
7511 0.5108883222555003 0.1586041113890489 0.5646945271568787 53 29 18 0.34
7512 0.1508380584295667 0.1697877319408343 1.098339993910789 81 65 49 0.36
7513 0.4338924737475655 0.1804254960244769 0.657763372221841 155 108 62 0.32
7514 0.1989711695530526 0.202580570393571 0.9884062088037762 64 47 29 0.14
7515 0.1700129550652025 0.2039212926285312 1.039963090285086 135 109 83 0.25
7516 0.5085017365646081 0.1983283015115682 0.5645266671868712 60 35 22 0.63
7517 0.4034621705389726 0.1906553679374646 0.6975225643219374 168 116 62 0.08
7518 0.4757053986487207 0.2118306770778972 0.5998407971439209 116 96 53 0.61
7519 0.4229976401727462 0.2226962672874806 0.6641492031954386 53 35 19 0.35
7520 0.5028818843904295 0.2179746157496699 0.5664777286113399 98 72 40 0.42
7521 0.1037402712287221 -0.1485541014817424 1.06407297193736 140 103 68 0.66
7522 0.07775863577166797 -0.1243266994786081 1.03122161968321 168 116 76 0.43
7523 0.1281403182232677 -0.04374843384996685 1.102641902064637 48 33 33 0.43
7524 0.1698340921709648 0.03650081240841122 0.8869096151275382 160 106 50 0.5
7525 0.2695232237908325 0.1122095061991904 0.9020920103785747 174 112 58 0.02
7526 0.19914710738256 0.1407106873826153 1.046725503712436 58 42 31 0.67
7527 0.1406014277176755 0.1025935627697745 0.8516095433037306 138 82 42 0.78
7528 0.2424300469806454 0.1992719118917398 0.9233650333355039 84 56 37 0.41
7529 0.06993501069876168 0.2042093530746119 1.139641519934471 87 61 49 0.31
7530 0.4948569480645922 0.1983623285852735 0.5819146659242248 88 55 13 0.46
7531 0.474817201701506 0.1826304473803615 0.6000136426584903 134 104 60 0.63
7532 0.2933374684693601 0.2379449434923532 0.8254901582685923 121 96 73 0.53
7533 0.3456343303252438 0.2702770522121609 0.7852121272083711 131 93 63 0.67
7534 0.1427284340186706 0.1965120670662382 1.080023055906768 42 28 22 0.56
7535 0.5055883621942937 0.1994297409263881 0.5620552019824617 55 34 20 0.61
7536 0.3246092154255842 0.2331890054573061 0.7922319755576045 71 45 23 1.6
7537 0.5201743348381699 0.1549799380720174 0.5540794099018495 128 84 44 0.3
7538 0.153841566983831 0.2072816105612725 1.072953944360131 59 41 34 0.67
7539 0.1530024427064204 0.2245393279365481 1.001554469887143 55 45 43 0.52
7540 0.1845570480680659 0.1672392925555332 0.9864795594745208 84 52 39 0.42
7541 0.09595663241942715 -0.1694067155956053 1.079070919172406 65 44 22 0.45
7542 0.1366474542880254 0.1601839789502583 1.116967569458049 98 77 53 0.42
7543 0.2750948608125401 0.2835957257009262 1.060084656409565 43 31 27 0.16
7544 0.3238225247702048 0.2620148296429366 1.114916136482428 121 85 55 0.86
7545 0.3352063372961697 0.2747266305343875 1.11219711108555 133 90 60 0.43
7546 0.3308295369977895 0.3059567604642839 1.099512138638866 100 72 62 0.67
7547 0.08356064155662807 -0.2783615600777961 1.143962265964641 228 238 225 0.7
7548 0.3118121648397948 0.2283557742782725 1.108670865299568 140 116 94 0.89
7549 0.4632371687085263 0.2482947442229211 0.6270212242143695 114 79 48 0.6
7550 0.2718600174813401 0.1513741679572269 0.9096802971580449 101 81 61 0.22
7551 0.0685013020995795 -0.1311737276981376 1.169991182884984 98 86 74 1.15
7552 0.04712600337643247 -0.1048412048270145 0.9878108727942488 156 113 74 0.54
7553 0.1636470203710715 0.08068200370315404 0.8780407312629626 131 81 41 0.84
7554 0.2649183249361624 0.2993419955082982 1.047185003347117 134 103 78 0.09
7555 0.1811074225107104 0.07465880944748526 0.8948382783426905 185 119 73 0.25
7556 0.235265486408767 0.1506326544665131 0.9599479740365859 52 33 19 0.98
7557 0.1976009977659827 0.1145353160424544 0.8889921152986723 128 63 24 0.19
7558 0.2107459170500751 0.1186622605054841 0.9149565116744717 200 136 78 0.31
7559 0.06159216549095375 0.1407137555879979 1.216065033462008 207 219 210 0.43
7560 0.05520732966553449 -0.1114944023637053 1.006333878938148 133 97 64 0.39
7561 0.2123633500985911 0.2276635273628942 0.9494911463103033 17 14 11 0.7
7562 0.2815338337560868 0.07184089602129884 0.911600501132795 146 112 76 0.53
7563 0.2578712779677817 0.2680023491163659 0.8915300540599298 157 112 61 0.42
7564 0.1831058858011766 0.04378573047192647 0.9095858427929848 154 94 44 0.47
7565 0.4078785689965403 0.1613195087691875 0.7044764175464143 118 74 40 0.34
7566 0.4868873675974696 0.185499835269427 0.5811012750405732 112 78 41 0.3
7567 0.4757554134987842 0.1459934556522918 0.6152917070757573 78 52 36 0.78
7568 0.4915232379593438 0.1773324983659073 0.5776068810117758 117 79 38 0.32
7569 0.4739755828248983 0.1861954022260254 0.6009830187056726 74 54 34 0.45
7570 0.4437903351952597 0.1827176737898242 0.6466419531576503 126 91 48 0.86
7571 0.4895764767837634 0.2070606998027515 0.5859166243275848 123 89 59 0.23
7572 0.4933147296933718 0.143057896656679 0.5921213848072315 65 29 11 0.46
7573 0.4886084716215754 0.1434399797456427 0.6027288949703171 79 46 27 0.33
7574 0.5116856486742368 0.09876413505506058 0.5871004438282327 133 117 113 0.98
7575 0.09514657959488754 -0.1956342034301346 1.133552071024405 79 63 40 0.64
7576 0.4524397451299339 0.2500835041375388 0.637997567907165 140 109 82 0.08
7577 0.1569838868842097 -0.01857157829767966 1.044537503940865 154 108 63 0.27
7578 0.2362940927870357 0.1118214126688956 0.956392587300771 157 94 59 0.66
7579 0.3603511154822097 0.1931517055083961 0.7686956201726451 68 51 34 0.58
7580 0.4317527247148688 0.2419806912908777 0.6663089533225951 124 106 76 0.75
7581 0.4263674371427886 0.2443991748809258 0.6794199820690754 130 102 71 0.44
7582 0.3106716895311427 0.2449486478168397 1.110711891792468 112 79 61 0.23
7583 0.4111208468873036 0.2280841793422695 0.684465189170267 89 64 36 0.3
7584 0.2045004565696127 0.1441082112487669 1.010930506548519 84 69 53 0.34
7585 0.403103810436695 0.2208060845475262 0.6975233312349163 45 28 16 0.51
7586 0.3534572261590527 0.2293656858082056 0.7575850205279192 60 43 30 0.5
7587 0.3493598383562537 0.2419214009311463 0.7677706212840382 85 57 29 0.25
7588 0.3268810682076241 0.2867633038388135 1.092899097635968 60 44 33 0.23
7589 0.2800250686516212 0.2567588615751727 0.8608648669069145 127 87 53 0.35
7590 0.4617911624582269 0.1432457225753666 0.640202122722161 162 146 127 0.31
7591 0.1596602640379746 0.1084566166992342 0.8687409602408364 130 80 45 0.41
7592 0.2034424573370013 0.1486992023975766 1.012447261545994 65 44 27 0.62
7593 0.4248321131029216 0.1822077312981704 0.6678371318845068 107 76 51 0.68
7594 0.4772624562085204 0.202164285543379 0.5935210272563649 82 57 36 0.37
7595 0.5154763912955537 0.2159058224468998 0.5504740479144022 112 72 44 0.72
7596 0.1080974733682932 0.08189091971948143 0.8316124635196763 175 116 70 0.64
7597 0.2184049205514516 0.1494234632295633 0.9095488757787875 130 76 41 0.42
7598 0.2688577041971527 0.1654067727853415 0.8919225082482329 172 114 50 0.31
7599 0.4552892462049568 0.1673518100427882 0.6311889665685292 115 88 57 0.57
7600 0.2588359936550345 0.2280480617897632 0.8924256485239461 129 70 31 0.34
7601 0.4521631024167994 0.1403816502354945 0.6509116470488738 186 158 134 0.38
7602 0.1859574199686779 0.2342151832698511 0.982252836988901 31 18 17 0.49
7603 0.0259031510488803 -0.04622724800338074 0.9322907538929988 191 179 175 0.62
7604 0.09593954523416715 0.01155025521233052 0.8383016575556571 180 155 152 0.57
7605 0.1309074925952097 0.0649874222178419 0.8562437491644364 152 100 57 0.47
7606 0.5055939752211149 0.1792178364301082 0.5654645929721218 106 70 40 0.31
7607 0.2634569980335171 0.2374308486926152 0.8836613298225475 103 67 44 0.17
7608 0.5161931478505419 0.1797562793305405 0.5502472394439225 96 62 36 0.19
7609 0.5174726789654611 0.1824764198806413 0.547666790226922 79 40 17 0.4
7610 0.5171025612594029 0.1814237839577133 0.5506155547740889 120 68 30 0.22
7611 0.176772596313925 0.2212953579619036 0.9814752122282324 54 32 28 0.18
7612 0.5212577712884234 0.2360610593406761 0.5458503694242811 134 112 80 0.38
7613 0.3946184794982129 0.1652521152939721 0.7227073900430263 146 109 65 0.69
7614 0.2740642346256315 0.2797202858260591 0.875788894848111 99 74 44 0.53
7615 0.129140786635301 -0.09164758415247681 1.062425664448356 109 81 57 0.62
7616 0.135607031098689 -0.05755910062553099 1.045308940939369 64 42 34 0.18
7617 0.1957753180111684 0.09141588171069623 0.9095184450653877 144 90 53 0.55
7618 0.4321809529720284 0.198748483095572 0.6548407275228741 124 86 24 0.2
7619 0.5068682503687461 0.1998570719342845 0.5557824491141113 104 60 42 0.68
7620 0.2854743924222033 0.07385953267708259 0.9147532800014129 109 62 34 0.15
7621 0.2642134362646621 0.1309834761340381 0.9353319923567222 109 72 35 0.37
7622 0.2670292963514362 0.1910927371320761 0.9058475747493758 64 32 16 0.54
7623 0.4372693761435805 0.1912625108116194 0.6497623292903627 182 127 59 0.19
7624 0.1584796007940845 0.1885328953717161 1.05287027278705 126 81 56 0.3
7625 0.2847380553538229 0.2622535491738922 0.8545599193584004 162 127 94 0.17
7626 0.2098742668914543 0.2695651273075831 0.969282198330423 50 42 31 0.29
7627 0.2912012144385275 0.1929536397577082 0.8649381648533044 137 103 62 0.68
7628 0.4079899691843927 0.2096306463544588 0.6836919909414352 120 80 50 0.66
7629 0.1604578518640245 0.2688979511316902 1.033762593948696 53 26 12 0.28
7630 0.2658441881533398 0.2459426399634603 0.8857586343836057 78 36 19 0.46
7631 0.3744251799871378 0.2561260873060451 0.7577911394184423 123 78 47 0.38
7632 0.09844660126169175 -0.1701343409396134 1.133117953484913 36 28 31 0.51
7633 0.1513714359742474 0.2945687330138415 1.060132099930965 96 81 68 0.39
7634 0.3495208152248026 0.2107017967793943 0.7734937588578542 86 64 36 0.51
7635 0.1459217265818721 0.2583862566776545 1.048264094456753 94 63 40 0.41
7636 0.3613825602836166 0.2547415561952761 0.7538243812988588 150 117 86 0.7
7637 0.3297869789615449 0.2842744209228241 1.107334086897606 118 79 57 0.43
7638 0.2365709308541301 0.2690661855643196 0.929530719571352 37 30 20 0.81
7639 0.1331525388101268 -0.09600585292874292 1.067778100218863 149 108 68 0.14
7640 0.1774045177115678 0.2229336152633089 1.019671094698413 67 47 28 0.34
7641 0.5194317156028511 0.1381262573833962 0.5702731418299867 94 66 36 0.16
7642 0.2617380765693096 0.1458000028434535 0.9188540909936693 125 94 56 0.4
7643 0.06857682485588829 0.1559732989413259 1.205804437664282 196 207 219 1.07
7644 0.1636960119758963 -0.00675573732755827 1.053496484749413 97 77 59 0.58
7645 0.3171045810920089 0.2179667433585961 1.134014968859645 208 213 212 0.44
7646 0.1166849666483172 0.2358026273745311 1.111768794884222 42 26 21 0.29
7647 0.1237013288003418 0.2799897953164806 1.087866023078944 87 64 54 0.25
7648 0.3280210689973951 0.3168982235801759 1.088478156940922 81 50 39 0.38
7649 0.3640624635175165 0.2654708515864573 0.743592763307712 168 124 85 0.84
7650 0.2395928561742952 0.1772965377530545 0.9451263822043712 44 27 23 0.53
7651 0.3318202023214283 0.3181610012014123 1.091631239873962 83 55 44 0.29
7652 0.2565568743214289 0.1881206026514338 0.9277495103471683 136 110 78 0.26
7653 0.3257082431137293 0.2344108592392981 1.140648122362712 91 75 66 0.78
7654 0.471347855052891 0.2114131784654622 0.6085917073236029 53 38 24 0.47
7655 0.1886307816248505 0.242602486916779 0.9882676259378325 37 22 10 0.15
7656 0.3112392928310609 0.294548955589416 1.087969276054283 69 40 28 0.89
7657 0.1311305574077199 0.069192006841335 0.8549089228681122 180 105 53 1.12
7658 0.2629329269510547 0.2101063600386465 0.8990771332870449 104 70 36 0.35
7659 0.5212199308062172 0.1621296347884209 0.5494632655911401 97 67 49 0.23
7660 0.3043500543290262 0.2060844194832764 0.8397566588876428 55 35 26 0.56
7661 0.2382671682795467 0.2541098856459718 0.913405124024659 78 42 28 0.52
7662 0.3468966016056834 0.2328505531865809 0.7752806092445473 81 50 26 0.46
7663 0.240072513279598 0.1517703255715671 0.9484759359594608 108 84 62 0.6
7664 0.2978606888351991 0.1914497864075282 0.8554767599365292 84 60 32 0.24
7665 0.3920155899184794 0.2180555910779042 0.7170911745813362 92 69 50 0.49
7666 0.5073609032131371 0.2241791517754681 0.5697665981392068 114 97 76 0.73
7667 0.1083584273394701 -0.1789334872059503 1.089685736540752 121 88 57 0.54
7668 0.2273554114338243 0.1249904373812709 0.9118867422140224 139 79 37 0.5
7669 0.3424196968874219 0.1671786788731505 0.7977910041266059 112 84 56 0.23
7670 0.3533383045019622 0.2555950428161266 0.7760484428313204 129 99 65 0.45
7671 0.4188241656333807 0.25215391260849 0.6713147515148662 86 67 34 0.62
7672 0.3757586886566864 0.1600345681911872 0.7524783130340212 192 146 101 0.21
7673 0.1790407723910759 0.2677502952800025 1.000405790703397 87 59 42 0.39
7674 0.4692668578418014 0.2175692797173296 0.5395749040138358 111 95 40 0.84
7675 0.3417797276216148 0.2753726832186922 0.8204933329553578 124 91 63 0.68
7676 0.2134302119882705 0.1308134250255847 0.9151428348639074 159 90 46 0.53
7677 0.3510861592292712 0.1602618877452419 0.7842268927164371 168 117 76 0.44
7678 0.2705512386405639 0.06636308770854998 0.9296416150165927 104 79 58 0.21
7679 0.1182904154272549 0.2308510712043263 1.109971960658488 73 45 31 0.22
7680 0.5291207887126482 0.2348345687086567 0.5359598224583788 137 112 55 0.96
7681 0.2042364498913652 0.04212592037179394 0.9467339716299823 177 105 48 0.66
7682 0.3216323256911598 0.2300569693541014 1.138992313480015 146 104 79 0.86
7683 0.1119645915832767 0.00145926075080291 0.8593070668627516 126 93 62 0.61
7684 0.08930537514765707 -0.1955635739552715 1.068459462410692 150 114 74 0.68
7685 0.08633420424709332 0.1149088895694588 1.18310410727169 111 77 62 0.32
7686 0.4307247211046257 0.1591603594784436 0.6713764668661577 75 52 36 0.21
7687 0.461823785078584 0.2075418869310332 0.6216085241914531 120 98 63 0.45
7688 0.07231287647738516 -0.149455863069694 1.040402454496534 133 94 66 0.21
7689 0.1935530470976394 0.08989023597676599 1.025990434862263 115 93 63 0.37
7690 0.1183469102188181 -0.03541787929601647 1.121144380818547 44 29 22 0.37
7691 0.1993414112545122 0.1420255051146326 1.003326076302141 27 12 10 0.2
7692 0.1926418390899555 0.1886992531474072 1.010337728806794 99 62 32 0.41
7693 0.2625035639906581 0.2155391281222379 0.8959076168406698 72 31 18 0.34
7694 0.1754363542235123 0.212205904335127 0.9788494132088841 19 10 10 0.19
7695 0.3512582741720033 0.2315268641048947 0.7659486648487941 46 27 13 0.28
7696 0.5287717987556064 0.1166036360596998 0.5075850512590528 75 49 32 0.36
7697 0.5122434008521859 0.1097193198053702 0.4544140278539175 39 29 26 0.65
7698 0.522688017368762 0.1235055239311691 0.4461012247083408 30 24 19 0.41
7699 0.5172296667038855 0.1217808901658295 0.4570164094290124 30 23 20 1.06
7700 0.5325603636333676 0.129258505717175 0.470389641737725 26 13 12 0.72
7701 0.4937474812792251 0.1450833980690655 0.5879200073237267 56 30 16 0.2
7702 0.5040810425004445 0.2272229034340891 0.5746609944146457 156 116 88 0.25
7703 0.5248202404050812 0.1247343384381774 0.5127770557724963 87 48 24 0.3
7704 0.521604258465686 0.1229016386570443 0.4434890308795915 32 22 21 0.17
7705 0.5213442968227446 0.1369268746496586 0.5045909217155629 31 15 14 0.47
7706 0.5137262262121101 0.1367554884280476 0.469102445561668 49 29 20 0.31
7707 0.474083250456979 0.190931925171778 0.5982686722748777 123 94 63 0.48
7708 0.01791399625014634 -0.04945946026998532 0.9360712261100049 209 213 212 0.09
7709 0.5308270900357166 0.1237551779660579 0.4378369113254846 45 34 23 0.86
7710 0.5278465796242059 0.1497436796113333 0.514182299143888 37 21 15 0.37
7711 0.09477070445025243 0.1104022637642188 1.176877129485386 77 54 56 0.23
7712 0.5358783640144142 0.1154697281604057 0.4146693372363943 119 104 81 0.83
7713 0.5344066678333688 0.1198115811262479 0.4760631991910021 122 107 67 0.59
7714 0.5088274776204593 0.1639271469402337 0.437064607661152 47 39 33 0.44
7715 0.06777647979709017 -0.05628040093248521 1.185162282758471 220 227 226 0.59
7716 0.5574576648493561 0.09498661482385648 0.5309396085535013 84 85 85 0.57
7717 0.1364096328002304 -0.03292212291701613 1.026763288547161 158 124 93 0.93
7718 0.4828586385823579 0.09473862964541971 0.4766555857125623 206 212 218 1.21
7719 0.02788981160545811 -0.0652329485049058 0.9534393974363526 96 56 32 1.09
7720 0.532350312838657 0.1283023234998429 0.4616127298303377 28 12 13 0.52
7721 0.488665062611309 0.1404760259312078 0.5996255725515494 76 40 18 1.05
7722 0.5280882241006101 0.1168553111296595 0.4686854313444053 100 82 62 0.34
7723 0.5213371993688912 0.1140488982295354 0.4715987783236028 121 95 60 0.55
7724 0.5077176751320667 0.1239218180869788 0.5018726979257595 75 53 40 0.2
7725 0.3024713660755747 0.177375967387677 0.8494224343273697 115 100 78 0.12
7726 0.3368263187446281 0.2033517520523878 0.796116066338354 79 59 45 0.27
7727 0.550759045524731 0.2195675969304209 0.5170298498266428 157 116 87 0.29
7728 0.5469483721562477 0.09253029161523911 0.5375860075569517 184 125 70 0.7
7729 0.5401919690315766 0.1256501764023889 0.4625896459624533 76 58 47 0.51
7730 0.5419797381859701 0.1469960058219713 0.5285423008259993 86 57 32 0.41
7731 0.5173234474913365 0.1437465250081809 0.562927575236483 44 30 24 0.2
7732 0.4727838654310841 0.1864157339661064 0.596768988420351 92 72 53 0.77
7733 0.5447422795217753 0.1325905104035461 0.5359479746533112 65 50 40 0.73
7734 0.5014520294249286 0.1396964421975155 0.5870871503765404 97 72 48 0.22
7735 0.4715190427642956 0.1510570683390947 0.6180492764657592 82 58 39 0.39
7736 0.5143579657890034 0.1805008528715122 0.5528254056565336 43 24 14 0.27
7737 0.5015944504390473 0.1682416160882245 0.4344251116582544 70 57 47 0.62
7738 0.09196705400458705 -0.2547076551812835 1.154495162969598 183 204 219 0.58
7739 0.09473557609776895 -0.2214458015665412 1.124182251454087 44 35 35 0.29
7740 0.04782381730668606 0.01258709245623854 1.207658702252421 170 193 211 0.91
7741 0.5382576358837143 0.1130055480203619 0.4222766758153391 98 83 71 0.23
7742 0.5264396519027277 0.1278234112841148 0.4769753336429469 142 123 89 0.37
7743 0.5265609187366508 0.1433194003190221 0.5524447629128352 53 34 27 0.36
7744 0.4682446989708382 0.1583206107372906 0.619800467885623 112 95 77 0.65
7745 0.1986252228029358 0.1361149385566032 0.9989966999693738 89 60 39 0.52
7746 0.03830071391364132 -0.200616720679533 1.038751944460598 130 115 111 0.43
7747 0.02761544791566495 -0.1258382252076987 0.9901888088916175 94 72 61 0.73
7748 0.4770405840699907 0.1603653419514835 0.606932934351527 71 50 28 0.35
7749 0.05653165089128814 -0.1210767261402301 1.19264831802708 207 213 210 0.86
7750 0.530612191311937 0.1221952304582683 0.4388255807476971 116 99 82 0.41
7751 0.5360281522057869 0.1154211758028095 0.4379780030032705 75 61 31 0.52
7752 0.514341457065984 0.1972138945012056 0.5536759576627461 70 42 20 0.33
7753 0.5038488213933006 0.1988179074190809 0.5681117342335144 61 41 23 0.46
7754 0.5418956683964955 0.1189667537391752 0.4165759698659802 68 57 49 0.78
7755 0.5440901613999785 0.1204440791754891 0.4192907934741847 95 80 61 0.56
7756 0.515932994079017 0.1337103288392161 0.5011252181325776 79 61 48 0.31
7757 0.5150059385673706 0.1832822538494963 0.5529503435643308 100 61 30 0.21
7758 0.5107855118990939 0.1867047425096141 0.5579995775564757 92 59 27 0.16
7759 0.5567557330139726 0.2072443001611512 0.4767742476878279 50 30 19 0.49
7760 0.2337058684228904 0.1484638007854547 0.9501176113784373 86 65 52 0.64
7761 0.508222307762942 0.2291296281328357 0.5692167999411112 62 38 25 0.22
7762 0.5262803647639436 0.1442382226327146 0.5584324298171071 36 25 19 0.26
7763 0.5263073881692086 0.1795044716409921 0.5377235511519346 55 31 17 0.5
7764 0.5070417806393203 0.1880903986250734 0.5634196130348851 108 72 38 0.53
7765 0.05312822041308768 -0.1091926665769903 0.9974805456634358 139 115 91 0.29
7766 0.4236533292843433 0.1841107339700982 0.672105360212329 111 86 59 0.54
7767 0.4407022004094489 0.1945282992272233 0.6455352401061831 97 72 45 0.17
7768 0.06453228825302088 -0.2865575807851117 1.093743098698365 148 171 196 0.61
7769 0.1209969741153652 0.01693520666273596 1.132394148603555 44 26 21 0.49
7770 0.5457030070924767 0.129171626360929 0.5241958854984115 96 72 53 0.37
7771 0.09950354514822535 -0.01285767376088973 0.9392341360335337 101 67 35 0.38
7772 0.5217946844295517 0.1936778038666582 0.4964141537297673 19 12 10 0.31
7773 0.5031880388758911 0.1191709348310465 0.588126479068985 183 205 216 0.28
7774 0.1058929380658508 -0.07472333444206719 1.023567192488654 127 85 51 0.29
7775 0.5213989233984587 0.1085167602959029 0.472249698795037 69 53 47 0.09
7776 0.5172011877696514 0.1207364271539821 0.4835685809573285 98 82 64 0.09
7777 0.5324153692084587 0.1366599217187547 0.5191273801260594 89 65 51 0.3
7778 0.4733137389382617 0.2236655396524568 0.6092371545404642 124 103 76 0.3
7779 0.4590727595694176 0.2369110875121715 0.6380669120953917 140 112 86 0.1
7780 0.4551979529835157 0.239007453743653 0.6392910904022517 135 94 55 0.28
7781 0.5414257888360317 0.14882109359986 0.5275408138523328 104 76 42 0.3
7782 0.0855817438268332 -0.01760822775726431 0.9545606103688525 156 115 85 0.33
7783 0.4761405751197955 0.1401827458794162 0.6154436984783078 82 60 43 0.31
7784 0.5550140040482807 0.2123888760026088 0.4791263119488057 42 28 20 0.39
7785 0.09801263101078961 0.05179828287121405 0.7501216885488506 208 221 227 0.27
7786 0.5207635201059494 0.1227424405467286 0.5115779107315993 33 21 15 0.34
7787 0.5185844676612079 0.1198267217996143 0.4416512327587865 164 149 120 0.51
7788 0.5223894474664139 0.1321209474393523 0.5139994200909831 85 51 31 0.27
7789 0.5399678346638346 0.1260049933816597 0.460135156106063 160 127 73 0.64
7790 0.07471279362621513 -0.2044176656483454 1.157920540296284 206 217 225 0.59
7791 0.5146808021747643 0.1072201899053626 0.4382808170866616 143 127 97 0.3
7792 0.5062481943970323 0.1088343021864818 0.4482178371422889 162 143 109 0.42
7793 0.5400361581578371 0.1954652470539128 0.4741512901785458 38 26 21 0.24
7794 0.514257754074127 0.1090637801444008 0.4449051667945962 180 131 76 0.55
7795 0.5294779439157089 0.1774894059552893 0.532018227723893 92 57 27 0.36
7796 0.3197762906015189 0.2284973066261381 0.8002619711872048 72 41 16 0.32
7797 0.5063345302902705 0.120008266146903 0.5781895714262311 134 88 44 0.22
7798 0.5602112907777124 0.2050584428541838 0.4753018550462234 71 48 31 0.74
7799 0.5528691670326381 0.20961210215658 0.4775689138778962 57 40 28 0.5
7800 0.5209805022850291 0.155124534619408 0.553995820544364 84 48 24 0.37
7801 0.5248042383452213 0.1137937486924589 0.4322116721029956 106 85 64 0.2
7802 0.06530538806913416 -0.1600440282416585 1.172109267338937 171 190 204 0.68
7803 0.06062168292346098 0.01640148472818553 0.7999643420512539 143 94 53 0.25
7804 0.05198486859867885 -0.1476174796118884 1.015584038804723 128 92 62 0.21
7805 0.5511827699595075 0.1271210611267338 0.5380825051260877 82 66 57 0.4
7806 0.5198258756138253 0.1107939772135547 0.4661460926548644 91 71 58 0.51
7807 0.5084441493039683 0.109354797240949 0.4532610143692482 121 102 73 0.49
7808 0.06464151263687756 0.01254796936385674 0.8039236699180754 182 185 190 0.24
7809 0.5213997168094154 0.153718626615586 0.5069754772712719 54 32 22 0.1
7810 0.5425898000050698 0.1221682511683355 0.4248304877604586 74 58 45 0.77
7811 0.5365796799448984 0.1267837836350855 0.4641266154284083 106 86 69 0.37
7812 0.5279536462742188 0.1326143904431433 0.4829895962697824 67 53 33 0.36
7813 0.05256999819925662 -0.04115038664075754 1.200949339208186 186 200 214 0.53
7814 0.5300749669424714 0.1302597913976286 0.4788644486614602 122 104 80 0.18
7815 0.07431940265889325 -0.08353664846015729 1.000380950349783 132 91 56 0.18
7816 0.07195564645802965 -0.04491968343860742 0.9654687844122364 117 82 51 0.18
7817 0.1370507134708346 -0.01543878458145723 0.9898314492622455 139 102 68 0.05
7818 0.4533810759872584 0.1466091735828719 0.6511943189061431 114 80 54 0.25
7819 0.4749095611266381 0.1776462804782588 0.6027717071062644 72 53 36 0.17
7820 0.5437216256353542 0.1427054234426076 0.5309024918248252 72 61 48 0.24
7821 0.08472192108013371 0.03403814734849653 0.8169038945649728 75 49 37 0.69
7822 0.08666102463871289 0.02065131420346178 0.773404539641783 101 62 45 0.31
7823 0.08437765109049628 -0.1061842461683832 1.020296669217352 79 63 46 0.1
7824 0.02509211421828217 -0.07632435380440172 0.9552808046198783 182 166 152 0.93
7825 0.06810939523604859 -0.2908448043740787 1.14104003082346 104 89 64 1.26
7826 0.07332278141587989 -0.05566992147543248 1.173069566675263 107 83 51 0.63
7827 0.07769852543133288 -0.08036751088166727 1.001707575855056 94 65 49 0.21
7828 0.4895827307603426 0.139512053073253 0.6036562723496042 118 92 67 0.34
7829 0.5440352660972636 0.2169251091106501 0.5277731719328105 102 86 78 0.26
7830 0.1701479974248937 0.0143151847513637 1.045752026620643 82 57 39 0.12
7831 0.4467812844682827 0.2385038772885439 0.649975108103178 172 136 107 0.16
7832 0.06837387934563111 -0.1415748815908143 1.023013101489326 140 101 55 0.59
7833 0.1048657938083222 -0.1059596675890938 1.040754343727448 154 126 78 0.24
7834 0.08941022852243063 -0.2087595188508087 1.076676897001366 143 114 83 0.43
7835 0.05440308335735777 -0.1746063312479125 1.032129898577406 134 91 52 0.53
7836 0.1950155318354997 0.05529203864341001 0.9210558746365369 189 134 83 1.04
7837 0.1592155238884684 0.07239678199807528 1.021868749698748 133 95 69 0.69
7838 0.1196331760337003 -0.1000203940516761 1.055980206135672 97 58 32 0.59
7839 0.3861457334423353 0.152412875185882 0.7367438915017824 177 133 82 1.18
7840 0.07677814636967617 -0.1241844210819898 1.02054046264071 183 128 81 0.5
7841 0.141511538197279 0.0109947359496376 1.096796806425797 85 59 46 0.54
7842 0.1242496006567647 0.01687154150739631 1.119214792879171 69 46 34 0.72
7843 0.1581097808609909 0.0039055951489739 1.066121572097773 137 105 75 0.6
7844 0.1229619976532427 0.02552583686989948 1.128577521259876 109 84 62 0.73
7845 0.1720437864066321 0.0935973686001265 1.052438463186594 158 127 91 0.29
7846 0.2471048677411823 0.20934574414215 0.916281425758277 119 78 40 0.18
7847 0.2542127749466657 0.2314846772870261 0.8987524459471965 110 62 44 0.47
7848 0.151003502475591 -0.01879845381545428 1.036576137439849 123 79 42 0.25
7849 0.2417455861106142 0.1981526015343295 0.9496040765777403 64 48 30 0.26
7850 0.09178716848217572 0.08662144039004002 0.8232960367485758 176 123 65 0.43
7851 0.2597302024085034 0.07771079788771321 0.9384906813375775 93 57 33 0.98
7852 0.3127844956180964 0.2049364930032791 0.8390776586053508 87 75 58 0.32
7853 0.1968091078384865 0.1877470158897173 1.000903623647468 52 41 33 0.3
7854 0.1395496307169047 -0.06636952285026293 1.0502414256692 112 85 62 0.26
7855 0.289083347512086 0.2026423301469468 0.8620817440394446 106 81 61 0.45
7856 0.09314966308051492 -0.1344970628119701 1.043061785743247 128 107 79 0.39
7857 0.1178938229911406 0.1846552436387488 1.125273389954221 40 27 24 0.23
7858 0.2387193586524049 0.2285091659800222 0.9206290852510393 80 39 23 0.32
7859 0.2628352381573508 0.166943161900326 0.9122543491978634 132 92 58 0.9
7860 0.2046144360061205 0.09551921760558768 0.9201757202149433 136 104 53 0.94
7861 0.09001260377930292 -0.1293693259446358 1.033775360617223 194 145 82 0.13
7862 0.1983443191957103 0.09998613786903895 0.9122423273367198 114 71 37 0.44
7863 0.19463327161214 0.08667257955894292 0.9066416230085363 142 100 57 0.57
7864 0.1964838100650599 0.1829902844478335 1.003046846704372 79 59 46 0.25
7865 0.2256437010027056 0.2612471234912007 0.9424688818583027 106 98 92 0.67
7866 0.2464936774311161 0.1578341657837974 0.9361773243148108 116 70 44 0.19
7867 0.07452452464788606 -0.1702355214869378 1.048112161554617 200 157 109 0.26
7868 0.1685691143884862 0.001029659693838614 0.852646032408148 227 228 226 0.5
7869 0.3768279425694575 0.173101107146716 0.7290977317212316 147 103 61 0.86
7870 0.1613742872112362 0.09425955565798444 0.8790721313386634 120 82 52 0.81
7871 0.2708830561001322 0.1480248638309303 0.9074080426510229 70 50 42 0.36
7872 0.3139870519685669 0.2114788817077575 0.8255190026833317 113 86 66 0.3
7873 0.08059544344357356 -0.1732019791104139 1.056735915194147 100 70 49 0.34
7874 0.3522678349643275 0.1684642668478226 0.7850841637240208 158 121 83 0.18
7875 0.2793132453860239 0.2263366876281703 0.8656159692325793 66 40 26 0.76
7876 0.3437875275095895 0.2036463042465346 0.7868360912320811 165 112 59 0.57
7877 0.376447333700885 0.221238863276072 0.7314053370804821 79 62 43 1.07
7878 0.3835870661390153 0.2091239897058884 0.7169503057972901 171 119 63 0.31
7879 0.1717669473169444 0.2507570847187585 0.9913961152791698 38 27 19 0.59
7880 0.1222314574470588 -0.1290618006306372 1.077439942205461 42 26 24 0.09
7881 0.1361550286314085 -0.02529298836555197 1.002800930818549 160 114 82 0.97
7882 0.1178685696799164 0.01697175114830352 1.129075000257933 121 93 61 0.2
7883 0.1758791204217605 0.05475397888174333 1.034619689985779 93 63 40 0.14
7884 0.1672902177727761 0.0693956417942761 1.061470268156076 100 68 48 0.35
7885 0.1912260519471991 0.1137838003511952 1.01281584056717 51 29 18 0.42
7886 0.5238838281522354 0.1352416030234615 0.4937276676774289 41 20 19 0.27
7887 0.5151088049390689 0.1474132366109669 0.5631187184355201 159 97 48 0.2
7888 0.5406191742305598 0.160815734330967 0.5221665427173394 79 47 33 0.11
7889 0.5359173344506899 0.1588915132415685 0.5318254922334101 58 29 17 0.31
7890 0.5126847349709814 0.1618888859472391 0.5671903795661212 71 40 28 0.14
7891 0.499340207639902 0.1604273986988571 0.4930223794222715 86 64 45 0.32
7892 0.529869059509093 0.1662859823770166 0.5367229486722686 83 39 22 0.27
7893 0.5304122723258202 0.1687435989064238 0.5355626852251177 103 51 15 0.24
7894 0.5326588615248099 0.1712883725861424 0.5288678629733221 70 31 20 0.27
7895 0.5030775541683111 0.1773757014783518 0.5712106214168782 152 89 43 0.46
7896 0.4162550309879581 0.1744191965691329 0.6857420218555125 140 106 62 0.52
7897 0.3197652939325252 0.2042123197221415 0.8189671021044144 146 101 64 0.31
7898 0.5386841789679252 0.1849239817740753 0.5205369936786969 94 49 20 0.12
7899 0.5147914356007419 0.1904040405604523 0.5515961543833464 152 98 58 0.38
7900 0.3547108416383682 0.2012026515967236 0.7677907739456764 63 41 26 0.87
7901 0.1529241335236399 0.2388218587115007 1.047392735299661 58 33 24 0.24
7902 0.1161762124283734 -0.07013464999877833 1.121993503770648 76 52 42 0.39
7903 0.1234752745451906 0.01002416634674583 1.129481811640405 116 76 57 0.16
7904 0.5162628135906346 0.1180417929797595 0.4864936183805603 117 83 48 0.18
7905 0.5038741160763887 0.150272137228761 0.5796333749744182 65 34 25 0.59
7906 0.531135135481275 0.155506250508461 0.5154021371181721 57 30 12 0.17
7907 0.5408495402853216 0.159101996994911 0.5224235333460925 74 41 26 0.23
7908 0.5343567790198374 0.165035665973139 0.5303220835238487 64 31 20 0.17
7909 0.5327391522676956 0.1658540168689593 0.531951491529793 124 68 31 0.32
7910 0.507152011139633 0.1621883906865733 0.5727717007909633 167 103 52 0.43
7911 0.4702258365307758 0.1671795023196294 0.6246883163576036 210 174 141 1.01
7912 0.1162659438551037 -0.06416479490382437 1.120630851590053 67 42 34 0.52
7913 0.1400125932172147 0.02052126540240015 1.100845762430154 72 48 34 0.5
7914 0.5535746366256898 0.1231818630687078 0.5343007376588514 152 105 78 0.84
7915 0.5208928651857455 0.1309849377816084 0.509745787305631 83 53 36 0.14
7916 0.4384604099687539 0.1491152191916256 0.667728542497976 130 98 65 0.54
7917 0.1101182971022586 -0.1052897284183174 1.062092808104693 55 37 31 0.5
7918 0.5112415508307956 0.097238290178841 0.5082772684066725 141 83 12 0.27
7919 0.5481999198293749 0.1148260477424031 0.5249349573383506 169 122 86 0.76
7920 0.5361551371821173 0.1621297287040605 0.5240707127623143 169 106 48 0.15
7921 0.5403860944672605 0.1635197613705766 0.5212188805265687 58 34 23 0.25
7922 0.5291394192409135 0.1569548626713404 0.5385340798462256 106 60 31 0.34
7923 0.305500975918434 0.2079737614503913 0.838862047904091 70 39 18 0.43
7924 0.1590209350388777 0.2624799868683962 1.030792978412487 116 74 48 0.34
7925 0.4719579217173591 0.223888568337515 0.6058625051903516 112 81 39 0.32
7926 0.1667279615404985 0.03476129508919681 1.053771763551345 73 46 33 1.38
7927 0.1235292807897278 0.05399205586277209 0.8428456126706272 134 81 42 0.98
7928 0.3930420249467111 0.1964654079948978 0.7126490045491503 218 160 105 0.35
7929 0.5377248399220588 0.169724428854616 0.5191364508227834 85 44 23 0.47
7930 0.4817499796778946 0.2024167391193995 0.5917600341380376 66 34 10 0.63
7931 0.5389865706877782 0.1731313057727646 0.5224903916536502 192 126 65 0.43
7932 0.5094326240206528 0.1695008353107299 0.5634870044059561 52 30 12 0.71
7933 0.5326696884553986 0.1524144205564798 0.5183308638213465 43 24 20 0.99
7934 0.07243188138475681 -0.07349059775414263 1.192834104542802 228 228 228 1.02
7935 0.3286282065828293 0.3335742956448072 1.296645090359747 92 78 75 0.52
7936 0.1692090097865307 0.04831224404902712 0.8904753559624474 113 74 39 0.45
7937 0.02441612063706411 -0.04879676706753971 0.9418987084217643 108 64 34 0.59
7938 0.04194377992927933 -0.1612024521045569 1.018105434045014 109 68 38 0.38
7939 0.06184310482800742 -0.1007590394594441 0.9997783534597731 213 169 97 0.09
7940 0.1199570336263014 -0.06361642740543694 1.028630406306076 167 115 64 0.43
7941 0.04694486818893573 -0.2469504117845825 1.081600186661323 114 89 72 0.15
7942 0.09605940936244339 -0.2055618092861644 1.087915822790853 59 47 41 0.44
7943 0.1070144680712797 -0.199806269915708 1.092207747024891 107 81 60 0.38
7944 0.07312709205326562 -0.2046324892768371 1.153684756553422 96 90 86 0.32
7945 0.1049383422427194 -0.0001339785566580598 1.151128159305594 134 113 101 0.1
7946 0.1069446113323524 -0.1349341853654441 1.05793432353456 84 72 66 0.24
7947 0.1215023896146641 -0.1235618679915035 1.078001329355802 60 43 44 0.35
7948 0.1346395390895697 -0.1135879383454609 1.082104631794159 135 109 84 0.19
7949 0.128050806749525 -0.104541455073736 1.072316556577153 171 134 87 0.57
7950 0.1402705937485631 -0.09204299457052989 1.076571381547798 159 123 91 0.16
7951 0.03473868265030033 -0.1075320755041094 0.9826878405798304 181 148 97 0.32
7952 0.117976197102983 -0.0158077480162864 1.119612507919136 50 39 40 0.22
7953 0.09901236957654613 -0.02005499317819831 1.147595515257624 56 43 45 0.28
7954 0.1470217434553716 0.02600685524474072 1.098100300856149 156 114 78 1.1
7955 0.533602492238919 0.1064999807904722 0.5209367360585418 122 80 54 0.28
7956 0.1426922749202471 0.04513203144989408 1.085624179818325 137 101 76 0.33
7957 0.1425868215820285 0.0452356918302349 1.088028717188626 95 59 41 0.31
7958 0.513832001787741 0.1127652219101146 0.5000153314497965 124 96 66 0.51
7959 0.5411894236816971 0.1227788504848788 0.5170674808112987 90 72 50 0.1
7960 0.1357197881509615 0.08848101172913062 1.125642848102298 104 81 68 0.11
7961 0.5219588810128161 0.1351828286430442 0.509336315877927 48 29 27 0.47
7962 0.528509141360788 0.1475648464613859 0.5464595033873397 104 71 52 0.19
7963 0.1231333527448789 0.09264208841320359 0.8412677006884339 48 30 28 0.28
7964 0.5268428534883147 0.1489138292506354 0.547360591835207 75 50 31 0.31
7965 0.1904069368496207 0.114775492908929 0.8493871235774187 135 87 56 0.84
7966 0.2390101886553128 0.1437532402943387 0.9562774245050514 117 90 72 0.12
7967 0.198597317891429 0.1504410422742254 1.005198035204745 62 47 37 0.45
7968 0.08999451688512683 0.1369745543440691 1.169626804630602 72 41 31 0.42
7969 0.08930633425318896 0.1367535831880246 1.173989547932206 130 93 66 0.53
7970 0.5344828585628065 0.1624044265865515 0.5341415468072753 65 38 25 0.56
7971 0.5260998426549613 0.1619320394915874 0.5419485074398894 71 46 26 0.13
7972 0.5235118782675994 0.1803122189707351 0.542657887248841 89 56 38 0.12
7973 0.5216367162780626 0.1730826522357463 0.5484982243130784 150 100 58 0.4
7974 0.2364534259861147 0.1718745685770257 0.9444899089686586 148 115 90 0.73
7975 0.5079731811542335 0.177387126023635 0.5622270105113619 44 23 15 0.71
7976 0.2994656259513518 0.1887534134528943 0.85376351837648 96 69 52 0.56
7977 0.2588230565197665 0.1971669702250068 0.90469706057976 66 40 26 0.53
7978 0.3138216344621185 0.1988820096887544 0.8325101104512538 81 64 48 0.47
7979 0.3124952913656748 0.2054840435865725 0.8298436157882316 110 82 58 0.14
7980 0.2702124578120279 0.2059699459591922 0.8846188366614296 150 100 62 0.18
7981 0.1671503199519981 0.2139785600184525 1.052381739557525 74 57 45 0.41
7982 0.3248062059337695 0.2500588638165072 1.112972358931199 92 66 54 0.14
7983 0.4839905333702456 0.2043020535593693 0.5979926681156792 76 54 34 0.78
7984 0.3733146920553581 0.2179315147556833 0.7311671569014063 64 43 25 0.27
7985 0.3305836896593303 0.2334541400766707 0.7960341832703512 52 35 35 0.21
7986 0.1504921850724928 0.2628100383575849 1.039723282864961 94 69 47 0.61
7987 0.2907759923547079 0.279354219110047 1.06959990555086 119 95 81 0.66
7988 0.515947372374653 0.2158455802820629 0.5502770619591036 122 87 43 0.51
7989 0.3270952421061359 0.3059275786749348 1.091927303775993 60 48 37 0.6
7990 0.05253854378963874 -0.236724400978823 1.070688718852719 66 50 48 0.14
7991 0.06303177720094244 -0.2274192240707969 1.157912600862856 181 200 216 0.3
7992 0.08314386544924068 -0.1860916910363472 1.070717842553675 156 124 90 0.37
7993 0.1534241003566674 -0.04786468017665652 1.064704489667077 140 107 76 0.27
7994 0.0887968324630693 -0.06115770211223187 1.153196677256989 124 98 87 0.16
7995 0.07728284445609102 -0.05383445906154605 1.167730982622338 63 45 42 0.18
7996 0.1088327263523952 -0.04466746304096036 1.00364323456201 142 106 84 0.4
7997 0.1572467945430159 -0.02178562930260133 1.071204086974524 80 59 51 0.16
7998 0.1168306419600787 0.00568887441344923 1.13908721599901 69 52 51 0.28
7999 0.1132355640992717 0.02509262526528733 1.13891262431929 127 103 84 0.48
8000 0.1248487570025168 0.04005951003854413 1.12081678822968 85 58 47 0.23
8001 0.5264029250352984 0.1376911907805796 0.5540665840236695 88 52 32 0.51
8002 0.16096010062935 0.09393330593577696 0.8705836719043547 148 101 79 0.65
8003 0.1883618949818063 0.1132400250359732 0.8897409223691887 118 85 53 0.34
8004 0.1855452785556553 0.1163567392953221 0.8937294951105124 63 32 19 0.3
8005 0.539283211995212 0.15201944928932 0.5295260827079015 90 53 33 0.66
8006 0.165183911481082 0.1231489253039744 0.8705097003728512 110 68 45 0.57
8007 0.2620773740773876 0.1534370507485087 0.9145537610042105 74 44 35 0.21
8008 0.5320397600451485 0.160512444106329 0.5151961372868983 104 68 48 0.15
8009 0.503850431546611 0.1638645920628171 0.5745763856400951 134 86 55 0.25
8010 0.3611882511206466 0.1634490741023633 0.7730390379632353 168 131 94 0.57
8011 0.377586343624119 0.1751765243861126 0.7407770760236791 163 120 62 0.35
8012 0.3713344557159877 0.1725044853674546 0.7572934491958379 95 63 31 0.25
8013 0.397893194030178 0.187924366622831 0.7098713836203879 106 83 65 0.26
8014 0.3341221278624984 0.1869516606818419 0.8060312440562418 118 86 53 0.26
8015 0.1155372802571631 0.2017149624115904 1.12343530434844 90 58 48 0.22
8016 0.5212971437448944 0.1919075900995673 0.5459764743321952 57 27 13 0.24
8017 0.3571749137713693 0.2200572130419641 0.7595324260927071 86 70 46 0.62
8018 0.05650195451959045 0.2455036987788534 1.17923807111653 43 29 28 0.5
8019 0.5109111420801477 0.2161184343016145 0.5592608512133289 154 116 74 0.2
8020 0.4087549816656446 0.2349721023060705 0.6887688020184709 106 80 51 0.26
8021 0.09462148380836016 0.2793162612307559 1.120295433141906 89 67 62 0.43
8022 0.3356156119962235 0.3086400759218876 1.102794008143748 142 116 105 0.49
8023 0.2974997662379841 0.3174048454441669 1.071221419146445 86 72 61 0.32
8024 0.3167492315194467 0.3100590361277875 1.083083653013889 120 102 95 0.29
8025 0.1142058956708593 -0.1508721679764166 1.105309065836517 165 127 94 0.49
8026 0.1022177677655916 -0.1522405111882269 1.125174951968217 83 61 52 0.16
8027 0.07631249039937354 -0.06076508800126629 1.173016360005832 115 82 56 0.34
8028 0.1513865071897683 -0.01374386395217228 1.047931458696569 131 108 80 0.92
8029 0.5460139911238853 0.124200447521955 0.5191056943280655 81 67 58 0.43
8030 0.5141884382727945 0.1200362256334077 0.4989896635737999 47 36 33 0.28
8031 0.1853978881787499 0.1120155096971709 0.8884071458174211 124 84 57 0.77
8032 0.1174682012539826 0.1309149422339212 1.142544236729847 132 104 81 0.24
8033 0.5347592526151955 0.1695319983402765 0.5276456745806352 119 75 31 0.32
8034 0.304127056280554 0.1783255763711275 0.8490574662287709 138 105 69 0.3
8035 0.4814503198013226 0.1996112521421256 0.5943665730054861 70 58 27 0.36
8036 0.3675467556315983 0.2080561384903099 0.746795355540073 67 39 20 0.15
8037 0.3399941720382811 0.2118027556948358 0.7884352582830536 156 122 86 0.77
8038 0.2919235527302054 0.2692000373415145 1.073202496612267 46 47 39 0.58
8039 0.2930430502011026 0.277357275345345 1.06788212450022 76 62 58 0.19
8040 0.3175590804163836 0.2918927757169684 1.090364687645131 54 38 35 0.43
8041 0.1191083478522056 0.2826232392466119 1.091648278305769 44 31 28 0.27
8042 0.3047913420048917 0.2954030838356365 1.081043716641384 64 48 40 0.39
8043 0.2668604326771618 0.3027472009610462 1.050753447084208 62 45 40 0.1
8044 0.4000110853282874 0.2338659250889099 0.7020502832170332 98 77 45 0.37
8045 0.07829601240316719 -0.2315773644584717 1.104103623400835 117 98 89 0.97
8046 0.1324214005941523 -0.01165076955921018 1.102404243694253 100 73 59 1.35
8047 0.1368191185906302 0.02140025367337481 1.107827494862189 135 107 89 0.47
8048 0.507221043013603 0.1129150038380081 0.5887200477348843 179 204 224 0.91
8049 0.5228039578778453 0.1356437604539188 0.5122907571118512 177 124 87 0.58
8050 0.1728092266083393 0.1371531995971015 0.8764841644395958 51 30 23 0.31
8051 0.3724505359426348 0.182706902363219 0.7519760683649583 29 19 11 0.3
8052 0.5046156371761568 0.1807697802587641 0.4894156525181678 72 48 33 0.19
8053 0.4460843865546975 0.2073334657990615 0.6403835918707814 75 56 43 0.51
8054 0.3421931913270403 0.2328113233551223 0.7773497724608471 49 29 18 0.29
8055 0.2917120401343692 0.2846261892467091 1.068019966137417 27 22 18 0.65
8056 0.4183461427846245 0.2281772795872739 0.6807075801557625 81 68 53 1.0
8057 0.1110112788283982 0.07639785566555324 0.8431254727921321 160 108 63 0.41
8058 0.2069671980480636 0.1212878534970022 0.9858187984917071 37 23 20 0.35
8059 0.5005540052525185 0.1595292642357273 0.4924039827647586 78 57 48 0.31
8060 0.294800918934866 0.2820397764915062 1.071827768503602 114 95 84 0.57
8061 0.1571685207264987 0.2880735650640822 1.058422053128463 29 22 20 0.3
8062 0.3221566308840965 0.3375603742233623 1.273677028161668 96 63 50 0.59
8063 0.3251112790329993 0.3111667986278024 1.08578680691871 84 58 51 0.15
8064 0.2911918658150454 0.3053327485896778 0.9410878936861573 58 67 39 1.11
8065 0.1762902373580697 0.1355118561422928 0.8807743147555434 111 76 40 0.34
8066 0.5325696036634096 0.1849202745904933 0.5332492429262247 125 80 57 0.46
8067 0.4996762034314323 0.1819857019817901 0.4881334464515543 27 20 20 0.14
8068 0.2354822720470438 0.2025816740686025 0.9276923119695998 120 85 61 0.36
8069 0.4429927699206497 0.2112574297541202 0.6445987334670682 66 39 20 0.54
8070 0.3011784470527364 0.3268675617270945 1.285628496129605 114 92 84 0.69
8071 0.2971968385197175 0.2726678787896876 1.072101562007758 102 88 53 0.89
8072 0.5515992907692046 0.09200054415630939 0.5403156218130352 112 103 96 0.85
8073 0.1593404689254554 0.1250928687298271 0.8581707857822286 15 12 16 0.83
8074 0.4077840181673147 0.1713800468579503 0.6984044168975465 163 138 126 0.93
8075 0.1005882604970513 -0.05645520225670508 0.9910998862730689 189 146 110 0.31
8076 0.1590705482059596 -0.01846940958472948 1.049288319696274 131 95 66 0.12
8077 0.05823524367343175 -0.04467128629002143 0.9594483293615389 191 141 92 0.29
8078 0.115595154739065 -0.01381234886550431 0.9598383803261101 176 118 76 0.33
8079 0.5272474195106227 0.1393703826593766 0.5519843461570449 58 34 20 0.29
8080 0.1724619074485456 0.1386968391959156 0.8730575757814477 184 133 91 0.12
8081 0.0892672352886304 0.05873828779177506 0.823702964184608 150 99 55 0.54
8082 0.255582737264778 0.1390929406699003 0.9349071422609869 118 87 63 0.14
8083 0.2383246647641015 0.1492224066114616 0.9504563632949217 77 52 34 0.71
8084 0.1603083512171578 0.1593847186876602 1.093949092267717 91 71 56 0.12
8085 0.3995764437496935 0.1627488710352545 0.7154525760355064 147 114 70 0.39
8086 0.07546007925439652 0.1727329376497501 1.174262342756368 63 48 41 0.34
8087 0.452748566776214 0.1692189999771378 0.6380260214761236 98 80 60 0.14
8088 0.3905855865275537 0.1730198946787797 0.7236272700682695 114 87 45 1.15
8089 0.5163380073491405 0.1769958822994002 0.550763618813608 80 50 33 0.24
8090 0.4216823118048625 0.1897697477090765 0.6662524910241163 32 23 16 0.27
8091 0.3691893220801968 0.2012422718283152 0.730820700743507 50 34 18 0.69
8092 0.3696256396518934 0.196927510696871 0.7426906858005553 71 54 36 0.37
8093 0.3429763514270034 0.2092325061029657 0.7800155333664356 88 68 51 0.22
8094 0.3428007543720624 0.2132113678545881 0.7820084188096761 127 94 58 0.17
8095 0.318842643304982 0.2138486943187388 0.8160223947143577 99 72 48 0.51
8096 0.3135837464804596 0.2119292549157492 0.824985218273292 72 56 44 0.42
8097 0.2942047239499591 0.2112839025256655 0.8515971152566923 127 83 49 0.5
8098 0.1631989249773909 0.2482476362540073 0.9893794606615638 65 42 29 0.49
8099 0.2460782342969363 0.2683980657756789 0.9787691733275067 68 50 35 0.62
8100 0.2221545799136904 0.313749187271542 1.056317128439658 68 65 44 0.49
8101 0.5095014559529639 0.2388405137268668 0.5636081949189813 139 107 65 0.64
8102 0.1266759013303504 -0.1291656451920757 1.099514416418239 46 33 29 0.23
8103 0.07740079557627977 -0.1643354399259563 1.156643431100215 84 59 45 0.96
8104 0.1477233674409072 -0.004561486189678443 1.025289657750146 143 107 72 0.32
8105 0.2079486049698767 0.02852565665181409 0.9506779207812606 145 89 57 0.32
8106 0.522247064544116 0.1169300849310533 0.4769061231978531 62 48 31 0.7
8107 0.490344608989342 0.145536439162098 0.5919060355112502 64 46 30 0.36
8108 0.5364212122027968 0.1621003075656683 0.5278381256160889 96 63 24 0.11
8109 0.4483555929895195 0.1759690496764907 0.6412421215497839 105 78 49 0.32
8110 0.3813954791536797 0.1679400145349594 0.7401588895652185 94 73 42 0.86
8111 0.5287483980912008 0.1921991176077686 0.5331650076586266 20 10 8 0.52
8112 0.3404012011073025 0.2014521899420122 0.788212351860387 100 81 59 0.22
8113 0.4730248102372162 0.204423823442542 0.6034656832654549 154 127 87 0.48
8114 0.5294127097395799 0.2194381989532833 0.5412556621901526 107 72 51 0.21
8115 0.3776623916834912 0.2412247420802603 0.7294175511845972 130 89 55 0.31
8116 0.1777337169516361 0.2638920805129178 1.003510826722676 48 33 23 0.21
8117 0.3256004851177058 0.3116760711268912 1.126713732022825 85 62 49 0.32
8118 0.2847570695668809 0.2808489086625885 0.8594228486474778 83 64 39 0.63
8119 0.09047941067040466 -0.1937362293258981 1.133681994934324 70 56 45 0.67
8120 0.04871834064884251 -0.1163800308851443 0.9993338137817569 98 60 34 0.55
8121 0.1495544097920569 -0.05238208902379238 1.077243658885152 121 96 79 0.34
8122 0.1583947144062873 0.03673780167042523 1.054901400259607 70 39 24 0.27
8123 0.5515994551549738 0.126153674735832 0.5401469781882479 62 48 39 0.45
8124 0.52185916688876 0.1725481183542245 0.5499271123414852 101 65 38 0.38
8125 0.07499805941582388 0.1919263797986936 1.169324461913734 44 29 21 0.22
8126 0.5206180734055624 0.1779195993695958 0.54452473047842 144 95 41 0.5
8127 0.4913613146763524 0.1758455253610164 0.5790448244023718 95 66 37 0.81
8128 0.06870172789545081 -0.03098032098541273 1.176669001007537 68 51 42 0.25
8129 0.1859314172699473 0.0832292635301746 0.9882067118380335 123 82 53 0.95
8130 0.5322380746893789 0.1244474663238338 0.439318169801346 8 5 3 0.48
8131 0.5159070052579813 0.1600365511321492 0.5555482097729186 48 21 3 0.11
8132 0.296741320326621 0.1875174012212549 0.8643530823846052 103 85 73 0.97
8133 0.5335256073539048 0.1769587715645911 0.5294603412548524 50 36 27 0.45
8134 0.19011729945037 0.2742151923549949 1.091060525681196 137 111 86 0.35
8135 0.3629139666128675 0.2294362103762179 0.7510564764144405 36 27 19 0.71
8136 0.2744631203210444 0.2613087761405179 0.8672892588184546 122 76 42 0.38
8137 0.175017282046437 0.0474607210864349 1.045670204660534 156 121 91 0.28
8138 0.4455567640204202 0.1463223069341832 0.660912978816855 176 143 104 0.04
8139 0.439669528382292 0.1483914991899046 0.6706079327209538 160 126 85 0.39
8140 0.3622996223321791 0.1772790590158964 0.7632343899168796 112 83 45 0.43
8141 0.4767738430365521 0.2000264732540878 0.5954658972680614 75 60 43 0.78
8142 0.1535239822611032 0.2881054978627022 1.056387950079024 49 35 32 0.15
8143 0.1486727036261785 0.2453242445783688 1.050444278212221 100 68 48 0.28
8144 0.4289137717740948 0.1549246920953966 0.6839393470243516 102 68 18 0.25
8145 0.124856541033444 0.2329892844562687 1.103430892354023 54 41 34 1.01
8146 0.07268649150290024 -0.1691908547045171 1.143488069654818 90 75 66 1.11
8147 0.09261546057885012 -0.08360082693441429 1.015131974056454 159 118 82 0.42
8148 0.02924254827767803 -0.0715784175040749 0.9920283709215543 195 158 120 0.75
8149 0.1881188551633954 0.1782059839791311 0.9931111659543257 64 40 33 0.14
8150 0.3698400423950821 0.2256968990073656 0.7429563982515117 79 62 48 0.25
8151 0.4514949311659634 0.2320957913048149 0.6146689343983881 122 97 68 0.22
8152 0.1027130376237349 -0.2254469413558648 1.101547365059852 131 105 89 0.33
8153 0.1070316648463204 -0.06286531175260451 1.127013797412887 116 90 72 0.51
8154 0.5395507769109306 0.1431901132275602 0.5364973047251121 95 67 49 0.62
8155 0.1577254545187982 -0.03492143350157817 1.073335174194803 128 97 77 0.96
8156 0.158810057116874 0.04359633054800857 1.061690307579276 130 98 64 1.13
8157 0.124240533049283 -0.01598603811275487 1.109518677765595 87 64 49 0.37
8158 0.07184534750820359 0.006706428664989356 1.183189829685114 106 77 57 0.79
8159 0.1417329511336453 0.03997443518718763 1.097328274126162 96 62 39 0.11
8160 0.1451490911372065 0.1254091308067583 1.106317354047528 120 90 68 0.69
8161 0.1352203398528737 0.11170837260298 1.131177675297057 76 49 29 0.53
8162 0.1305446721710206 0.1117262398376175 1.136384693522859 60 30 16 0.38
8163 0.1027392643989976 -0.114334256056176 1.137180438810098 57 42 31 0.25
8164 0.1548436822447936 -0.02843155764377994 1.061728297701077 88 54 34 0.25
8165 0.08234677408773 -0.02015811500336898 1.163447293029137 73 54 44 0.38
8166 0.07262189091914822 -0.01940004548115259 1.174825868750238 75 50 41 0.17
8167 0.1365352632080167 0.007807241731600939 1.008290997536813 88 52 35 0.34
8168 0.08827609732894853 0.03256257297244133 0.826997506176903 164 123 91 0.64
8169 0.1744772784723804 0.1263379951792162 1.044484377198639 110 74 50 0.59
8170 0.2602011562701268 0.1811143038807057 0.9118215816626356 65 41 22 0.15
8171 0.3030082807741584 0.210969842106852 0.8390853241674834 92 66 45 0.46
8172 0.2920348348875676 0.2128454218643875 0.8554627739481415 98 72 48 0.44
8173 0.2392011017205918 0.2279529297965203 0.9228170982022044 140 99 64 0.49
8174 0.2904425579605609 0.3091716546894146 1.067227350219927 44 26 25 0.22
8175 0.07689287621754237 -0.04205041116246722 1.169602731763226 55 39 34 0.41
8176 0.06481492170726683 -0.04006302697642533 1.186285591517703 89 69 60 0.42
8177 0.198366693961422 0.1593744295942437 1.007808512601112 130 91 60 0.38
8178 0.3260447715781096 0.2082664805513723 0.8016491687031037 67 42 24 0.26
8179 0.2355437748826902 0.2199593633302743 0.9310019182321894 100 77 58 0.71
8180 0.1196524105536304 0.2815981055970939 1.08696919547831 51 37 32 0.34
8181 0.1330398544692685 0.06629022478571941 1.104370125535037 67 48 34 0.35
8182 0.2022259579543028 0.1095765783459239 1.019626992247633 107 83 38 0.36
8183 0.1263175246534343 0.05681446035462365 1.122208351139195 98 63 38 0.87
8184 0.1823413714672327 0.03454737351445175 1.032968844084704 92 65 40 1.42
8185 0.2460289684762141 0.1975044845501568 0.9344458076661966 25 16 10 1.27
8186 0.07762037901569291 -0.134141694063811 1.029169129161936 174 131 87 0.67
8187 0.2087875089851937 0.1046044635418113 0.9182864022220468 154 103 53 0.76
8188 0.1725280464554149 0.0952762483676101 0.8829214047733183 163 124 73 0.74
8189 0.2569338125606039 0.1749325953271972 0.8841740405626016 186 145 96 0.35
8190 0.5188904623779416 0.1730005029963882 0.4553968951499802 134 110 89 0.66
8191 0.09258424134785259 -0.1666166241178298 1.066282107234091 201 159 105 0.55
8192 0.1834552945652627 0.168901548191818 0.9958529822433454 62 37 28 0.11
8193 0.5425796393287214 0.1958725781499576 0.5141243606225917 89 56 39 0.31
8194 0.1766334449518637 0.2501413985184766 0.9776995527404666 47 32 23 0.8
8195 0.06288442790071164 -0.2639851157299174 1.112190017026685 112 92 73 0.86
8196 0.02678098999401413 -0.09606241654140651 0.9684348085151223 175 155 137 0.89
8197 0.2120150043021159 0.06223155732465852 0.9276711928858823 215 168 113 0.3
8198 0.1063006798857567 -0.1883409716560074 1.103633187829833 170 130 91 0.91
8199 0.1149412277246379 -0.08393698088739521 1.041551018914215 191 145 93 0.72
8200 0.1748097418445881 0.01356187216570406 0.8952884871272933 180 136 101 0.87
8201 0.1621215116914453 0.2420039237497575 1.027614077820259 51 34 23 0.74
8202 0.1506546034256747 -0.0501432242466886 1.069257385530474 82 59 44 0.65
8203 0.2867658502797981 0.1823920440901237 0.8712835205225733 115 84 61 0.71
8204 0.469511407242715 0.1627163092786406 0.6155204448877133 93 69 38 0.82
8205 0.3665120243370575 0.1653396227480881 0.7639133063390384 136 102 76 0.42
8206 0.2087123515086866 0.08175657561264563 0.9212745665222324 220 172 116 1.53
8207 0.2476364198687706 0.07812367498681108 0.9464589885041789 88 55 23 1.22
8208 0.4599876871428577 0.18477096138533 0.6204147811974777 141 97 23 0.36
8209 0.03878098580437483 -0.1198859452809328 0.9931266513319663 134 99 65 0.49
8210 0.1144593425612576 -0.08421357168304072 1.034300183969074 192 150 90 0.04
8211 0.1706394052178843 0.03128176120729659 0.8983859643339585 142 94 52 0.33
8212 0.07085431459707331 0.01111131743140326 0.7985186836082233 183 183 181 0.57
8213 0.5519343187715575 0.1279006692405752 0.5416981356130566 89 65 50 0.42
8214 0.1954719684437101 0.09606051824636973 0.9148456133464506 150 105 65 0.24
8215 0.2766384897965778 0.1303594842773017 0.9002276998824139 167 112 70 0.48
8216 0.3649955490368045 0.1632409452400814 0.7683627684141251 129 94 62 0.38
8217 0.3559040811929077 0.1908311481986379 0.776572184595254 75 56 36 0.48
8218 0.408456896683371 0.2171563958751954 0.690791131185422 78 54 34 0.22
8219 0.2724529187710281 0.2680027077049154 1.050529369373347 110 100 61 0.6
8220 0.09859533293411155 -0.1532406835199328 1.062094008775081 90 60 38 0.15
8221 0.1050848259030206 -0.1332838114885851 1.058994749193323 184 146 86 0.25
8222 0.1059478546513967 -0.1204344061012603 1.049461327182617 175 126 78 0.21
8223 0.06345078853800717 -0.1201926425297981 1.011310689846053 214 162 98 0.41
8224 0.1864334851549884 0.01885188098327753 0.9226664499481446 161 116 81 0.21
8225 0.1495944357497425 0.009952470192011564 0.8733258265057895 140 99 65 0.53
8226 0.1360302829798594 0.05917061360375633 0.8603135150322265 180 142 105 0.55
8227 0.1717526137355621 0.2248864373056852 1.034794049140661 54 35 21 0.16
8228 0.154095970795143 0.2142178484873233 1.061331624064086 88 70 57 0.74
8229 0.3257160417466874 0.2576843060964858 1.115916228313544 146 103 63 0.76
8230 0.3147949334353854 0.2381984091146995 0.8131993265786368 41 24 13 0.17
8231 0.3177879983995986 0.3191854740227802 1.276266155842349 167 141 121 0.39
8232 0.1668218922113374 -0.02210450156318061 1.000123937595782 216 180 137 0.9
8233 0.1690130619285923 0.05520132727505786 0.8918774487899837 191 141 94 0.27
8234 0.1603878420620926 0.09948448987921368 0.8652250336159284 146 94 50 0.76
8235 0.2766829496053302 0.1337186050204852 0.8988252675466974 181 115 64 0.54
8236 0.5058754562141489 0.1959913984127132 0.5678260409542848 67 45 29 0.65
8237 0.4229385960620738 0.2532499290406627 0.6749575470499655 83 66 53 0.16
8238 0.1436206280525165 -0.01942446755082244 1.031461079769862 188 157 122 0.29
8239 0.2791252741633368 0.1044560275011729 0.9057004957283112 201 152 98 0.34
8240 0.5289425697879117 0.1807528681398965 0.530501649663405 22 12 6 0.38
8241 0.1205781939885811 -0.1720870755075579 1.093175768422009 185 141 96 0.53
8242 0.1670187437668951 0.02316975525983572 0.902457768698681 201 141 74 0.41
8243 0.2201183796473389 0.05972693976396504 0.9263703402358751 225 169 118 0.14
8244 0.5206481329913737 0.1858786825689315 0.5457072690700422 126 85 51 0.25
8245 0.2887310750490558 0.1825579806539407 0.8693493926408143 114 81 52 0.64
8246 0.1341515681517191 0.01720766414461167 1.104652718444522 153 105 69 0.66
8247 0.1669581559150235 0.01730135799667804 0.8982281555254462 151 106 56 0.26
8248 0.5414186616815084 0.1933299420849953 0.5192403005274376 40 18 11 0.48
8249 0.1910092407650629 0.1630678665555276 1.000538431386782 41 30 25 0.07
8250 0.1986614536594332 0.2329339951452972 0.9693960595117839 75 49 39 0.89
8251 0.1736727405020436 0.051425092766719 0.8967534949105513 191 134 77 0.46
8252 0.3767475338493318 0.166720522983402 0.7462470436699873 43 33 22 0.93
8253 0.08407990608702864 -0.2819536113267491 1.096728907575467 150 137 121 0.57
8254 0.07050624363924529 -0.2095012678200026 1.15977741041222 144 149 157 0.95
8255 0.1135737179572507 -0.09941618364196392 1.050115424357478 85 56 32 0.11
8256 0.08945690621458702 0.05877610286896939 0.8235492482385114 160 97 52 0.13
8257 0.1309053711677873 0.05952849482676217 0.8550652089479859 169 126 89 0.32
8258 0.4051647352939466 0.1646254919927547 0.7083195233313091 151 125 102 0.23
8259 0.4792323625799934 0.1788515988374269 0.5961789816313712 108 85 60 0.08
8260 0.3668937161503356 0.2114273723877463 0.7464522635922777 88 64 42 0.27
8261 0.427966274750875 0.2196090670230053 0.655039306848248 100 80 60 1.28
8262 0.5118534390175233 0.22761803244544 0.5681431237549499 89 66 59 0.21
8263 0.5005722904489269 0.2269944946358428 0.57065825416097 164 143 127 0.29
8264 0.0496128881343918 -0.2148639594969851 1.057275795351566 81 59 49 0.54
8265 0.193834550488003 0.1920380700792434 0.9888263249029915 32 26 25 0.36
8266 0.4501330057245531 0.2209423627143845 0.6342758835987362 98 81 64 0.23
8267 0.1336623658088107 -0.00612169057012496 1.01734407428804 140 94 54 1.04
8268 0.4761765928725599 0.2315923274782522 0.6088873172922019 153 124 100 0.35
8269 0.1562764243450214 -0.04680678296585122 1.063450227816898 122 94 76 0.44
8270 0.1000105031676375 -0.04127531659749561 1.141325444168067 91 63 51 0.82
8271 0.1936546841173414 0.03200665601241517 0.9167726541355263 158 104 52 0.27
8272 0.184700884192476 0.1216834144731689 1.003591386476789 114 73 48 0.45
8273 0.5359045981289159 0.1523160885006374 0.534023365646267 82 56 36 0.22
8274 0.2705986646878553 0.1744591097908042 0.900311511216943 99 72 52 0.72
8275 0.2555782797596952 0.1752589910371587 0.9195756490380109 68 47 35 0.11
8276 0.240050166085828 0.201142614468669 0.9292788907916014 56 36 20 0.39
8277 0.3179080625801233 0.2080532268363759 0.8213888916423886 92 71 47 0.24
8278 0.302088985052775 0.2136438059787507 0.8513520026453685 93 76 60 0.24
8279 0.2346088347391135 0.2386432440322366 0.9295812296179036 39 24 21 0.35
8280 0.3803516207326391 0.2407851990256826 0.7257479587266604 98 70 42 0.24
8281 0.4962510414583289 0.2253464258657142 0.5649572414810606 194 169 98 0.42
8282 0.4879330382451634 0.2273211121404943 0.5768246675860402 168 144 122 0.88
8283 0.05971889386637463 -0.1970475131615035 1.053034409404319 61 39 17 0.6
8284 0.1583245304180887 0.004720220054486329 1.058493927931041 74 50 37 0.34
8285 0.1486819382738152 0.005739725998083672 1.081056151710384 56 35 23 0.17
8286 0.07603152596203155 0.02224831295412089 1.173993318712919 119 99 89 0.16
8287 0.54290598462648 0.1114447527344901 0.5388385562612602 118 80 57 0.12
8288 0.1832131516046897 0.1461702284889023 0.9904091661068664 51 32 29 0.12
8289 0.3813333257684964 0.2314665669035764 0.7303441781183148 70 41 24 0.56
8290 0.4340893530840126 0.15690921617617 0.6707896300549303 126 91 56 1.21
8291 0.5213033617817876 0.1679129227249332 0.5481928640849726 110 78 50 0.12
8292 0.5136861331559697 0.1742397871770217 0.5608477859021265 71 43 28 0.13
8293 0.1099046303699637 0.2408880840336477 1.114798668806419 51 32 27 0.31
8294 0.4928245707869133 0.1982021774032745 0.5830127859775663 131 100 65 0.2
8295 0.4171162273212331 0.2069029680695687 0.6741333991069981 129 95 52 0.34
8296 0.4060719011935829 0.2056639263506184 0.6877169824237047 108 76 41 0.44
8297 0.5084162383200883 0.1972154245409518 0.5611858607099948 77 45 25 0.33
8298 0.2537278603094082 0.314102501287748 1.03776955018989 110 90 76 0.43
8299 0.1231210547427612 -0.0330666346960509 1.113074273997834 127 100 85 0.85
8300 0.1331014549603438 0.01120867712382084 1.110039790466735 64 47 39 0.47
8301 0.1224244107488149 0.1226009018287909 1.1411869888844 59 47 36 0.18
8302 0.5222808294604709 0.1543341853649605 0.5492522065226373 73 52 28 0.17
8303 0.5400376523342882 0.1905968831171349 0.5208036084744609 76 48 25 0.58
8304 0.3659059914288564 0.2170656960281141 0.7480391267139358 102 84 58 0.12
8305 0.30980908459326 0.2399459200914452 0.8204309966758362 38 26 18 0.37
8306 0.1566903906860269 0.04009021290170933 1.065605926610117 148 106 78 0.49
8307 0.1632883218739812 0.08140917336487055 1.009189235217928 132 104 85 0.32
8308 0.2382174002621002 0.2825528998926384 0.9352949466665279 67 55 50 0.34
8309 0.250944773053799 0.1290175846590089 0.9586803320408421 73 46 20 0.38
8310 0.1780197470433796 0.09069183639137648 1.005480324653173 70 42 28 0.84
8311 0.1454770919883302 0.1263699053967055 1.09206783797343 53 30 22 0.35
8312 0.4349988627950184 0.2097363612539369 0.6555542080398518 77 61 46 0.88
8313 0.1306224681217774 -0.06678560348973112 1.112309832232089 128 107 62 0.46
8314 0.5382226276432767 0.09352082991824921 0.5518102157453351 69 48 36 0.98
8315 0.4173692905316395 0.1981995694850147 0.6797500099855169 99 81 37 1.15
8316 0.1019762333537036 -0.1051926952150513 1.13169461129664 77 53 40 0.3
8317 0.1174610319570445 0.01363727099513951 1.13935248047828 134 98 74 0.19
8318 0.08036868626859417 0.03269469741032854 0.8193328669560686 142 102 77 0.19
8319 0.1929080038069138 0.1120877126150274 1.00764369503436 100 60 34 0.58
8320 0.1665758995464399 0.121836828468161 1.070749255285343 71 40 14 0.44
8321 0.1273540810724352 0.1944255770663694 1.084576691483504 66 48 38 0.42
8322 0.2411038690303629 0.210625760111899 0.9230287422808929 140 91 58 0.37
8323 0.2760416124075635 0.216648683130339 0.8743221025143995 92 64 46 0.6
8324 0.4487781541784103 0.2021350765782605 0.62871839674854 43 42 32 0.09
8325 0.1296052200574392 0.08232727200766973 1.105029722562654 85 60 42 0.72
8326 0.119791259424283 0.05854930494126206 0.8466107465245205 189 137 93 0.92
8327 0.1408245968533703 0.1203431093736266 0.8596468792339976 103 71 51 0.44
8328 0.2700397404535391 0.1444185504293463 0.8929269010370685 156 98 56 0.35
8329 0.3238413877660993 0.2559737115117843 1.103896312678062 150 97 64 0.28
8330 0.3171517314393304 0.223225221087951 0.8183500288583647 84 54 24 0.6
8331 0.1027338462841672 -0.09728886241497675 1.132863950995969 142 107 78 0.43
8332 0.1086285830090302 -0.08026128732483329 1.038565653632822 72 44 30 0.24
8333 0.08536707810777983 0.07024996576396594 0.8262367455968727 170 107 59 0.35
8334 0.3226823840217528 0.1865237266556466 0.8222943430319142 117 92 69 0.83
8335 0.08523508594233298 0.2225182126597089 1.162807322757743 45 34 31 0.27
8336 0.1654151802983854 0.07071863985152529 0.877439239395327 168 114 61 0.47
8337 0.3036371711192629 0.1962641426326409 0.8629276245512623 152 117 79 0.7
8338 0.1629133724353055 0.2159912104621002 1.051160057277255 21 17 16 0.48
8339 0.04341184675882725 -0.06507896940845137 0.9653757100756095 167 119 76 0.54
8340 0.09823456537509406 -0.1260532477967769 1.047218058526585 194 136 80 0.2
8341 0.1196066129882746 0.04015206367700733 1.108979298482577 111 68 32 1.92
8342 0.5452768734720757 0.09770125158550777 0.5352720113204429 179 108 50 0.6
8343 0.1809376011357148 0.07044083044014032 1.030666895971113 78 45 25 0.58
8344 0.1074690777874145 -0.03823601180532787 0.9916306549508558 133 91 62 0.36
8345 0.4472506252974287 0.2223465644425472 0.6373334429104505 81 55 35 0.39
8346 0.1287846237564739 -0.05994531367813716 1.099584865031107 113 86 56 0.27
8347 0.3435665198304448 0.1672934787264082 0.7973005402603612 91 62 38 0.21
8348 0.2418316965402064 0.2662963568469153 0.9002131497392358 110 69 46 0.22
8349 0.340213399136586 0.1693892639483993 0.7986819967310681 85 59 37 0.18
8350 0.1227125279336533 -0.1311770632888044 1.079222987761794 128 90 54 0.85
8351 0.5124481600527794 0.1306836672361034 0.5822014143745335 111 80 54 1.16
8352 0.3107801128510846 0.2346201599287686 0.8303202035303805 107 87 70 0.2
8353 0.08447224079380056 -0.1070589744143428 1.152887332381036 96 78 61 0.19
8354 0.1395315762155221 0.1010888280721287 1.10915539066522 73 52 37 0.63
8355 0.4360016896056058 0.1994282023635369 0.6491880586098097 128 97 49 0.56
8356 0.1053876467715512 -0.1926911548369889 1.113522750394624 136 115 88 0.59
8357 0.06367843018274999 0.1451762619628429 1.191909480840963 112 81 64 0.38
8358 0.1913448909450526 0.150297070066113 0.9098336106909962 100 43 13 0.2
8359 0.3168105174612577 0.3189937063663216 1.079269382897636 52 38 33 0.69
8360 0.1202639792178372 -0.04970058382218684 1.016763574019421 163 136 110 1.14
8361 0.5126624234985091 0.2164841085223966 0.5556097047110824 93 62 44 0.86
8362 0.5262477859905689 0.1246424912281115 0.475729960899404 89 72 52 0.19
8363 0.2989441462966559 0.1924216920236802 0.854144636253882 67 37 25 0.71
8364 0.5245680940081494 0.1459384714316016 0.5099885084746354 167 110 63 0.2
8365 0.1663135094335544 0.164463710499518 1.054599349360677 85 59 36 0.39
8366 0.5003618651583833 0.1753659735857407 0.5732610022951612 45 32 21 0.18
8367 0.09384885078719685 0.2600797881417254 1.128956447334299 37 21 18 0.37
8368 0.170017604593523 0.1978542239167451 1.04067032638054 65 46 30 0.54
8369 0.2451650021143301 0.2847983177157521 0.910959951673934 107 67 41 0.32
8370 0.4484828452883713 0.1454022190748784 0.6559666746025105 140 104 73 0.31
8371 0.4815442169791843 0.1959405942683062 0.5889394684151785 116 76 22 0.62
8372 0.3894052631064902 0.2088243412922255 0.7098085053536451 142 102 64 0.89
8373 0.5207817861277376 0.2010611360626599 0.545646866508345 103 60 32 0.31
8374 0.1270975011769974 -0.03528046759553249 1.017619452318876 202 169 131 0.35
8375 0.1396217647859149 -0.01734687628646484 1.019110955072429 109 71 43 0.11
8376 0.2935674937061165 0.2210188456390169 0.8502325970968077 70 46 28 0.13
8377 0.2937454414159926 0.2141822477072269 0.8506837406685718 114 78 50 0.78
8378 0.2413185647266176 0.2228828671914256 0.9180312190101352 100 68 46 0.54
8379 0.1766972909952111 0.1029726463357694 1.064283259462707 104 72 55 0.53
8380 0.3289761649533802 0.2451667741558881 0.7939552061799617 87 63 42 0.57
8381 0.1927654539713146 0.114596211670527 0.9053325913921111 184 115 58 0.42
8382 0.4527215663413849 0.2308267473421489 0.6445524375495552 67 58 50 0.32
8383 0.07719003855693468 0.02287727882622811 1.178618449336513 96 71 56 0.58
8384 0.2333342177435614 0.2558946230604835 0.9120170675820669 92 71 51 1.11
8385 0.1267186152348029 -0.04015950422069203 1.104501672821828 130 102 75 0.3
8386 0.5212787507792908 0.1518929723931872 0.5112825779814911 60 39 34 0.18
8387 0.4140229439781164 0.2186160781994145 0.6846078192240246 64 41 22 0.5
8388 0.1307993928400764 0.002466217046860647 0.9996315456905676 63 35 25 0.75
8389 0.03485652126815675 -0.09105946129301479 0.9794070436579363 98 63 38 0.75
8390 0.1424655020361759 -0.04529393071292703 1.045376942365653 159 118 75 0.62
8391 0.1683004397464919 0.1046048208713796 0.8799661787808153 121 92 55 0.77
8392 0.3562989671504282 0.1761795910485714 0.7802493528082748 96 68 40 0.37
8393 0.1196137534333844 -0.09801043804856102 1.053694373840449 121 87 53 0.23
8394 0.04069885393523354 -0.1143777248994227 0.9897945920981438 185 157 118 0.5
8395 0.4749839750642397 0.1375737268495357 0.614684219482731 179 148 80 0.68
8396 0.2118136470599205 0.04014818759806324 0.9384198265143393 106 70 39 0.12
8397 0.370053428648572 0.1716371985079981 0.7588697509242643 107 83 46 0.47
8398 0.1591805207051902 0.1558013841220853 1.062609229258981 69 47 35 0.44
8399 0.049559802768044 -0.1838490182564488 1.030697225165276 134 96 70 0.21
8400 0.1685600254384021 0.02219650246251265 0.9009670285137814 202 144 79 1.0
8401 0.1638803844606136 0.03074446039807618 1.035601442797826 125 92 60 0.52
8402 0.1345278948320334 -0.09732720672992645 1.073326504224144 132 89 40 0.68
8403 0.06047498262878498 -0.1785751059065755 1.042083489635612 119 80 50 0.72
8404 0.2488691045905393 0.2175796280114269 0.9140669863118663 72 42 36 0.16
8405 0.397285015813807 0.1605179783578272 0.7180710922437052 102 70 45 0.3
8406 0.3650724218818681 0.2284707872735117 0.7469763998742458 56 44 31 0.69
8407 0.2151191196435016 0.02950134236117188 0.9397206718376871 121 87 59 0.08
8408 0.2930691692679155 0.2632066153019476 0.8356402130509786 93 66 42 0.5
8409 0.04269061112043904 -0.06500341897462181 0.963530926608595 126 90 57 0.37
8410 0.1070518496876128 -0.1558343751673882 1.119910175745266 103 82 69 0.32
8411 0.2142888087836825 0.1134616705389371 0.8580756012804845 141 71 35 1.63
8412 0.3334352221825848 0.1728218344185012 0.8122745461304455 170 127 88 0.09
8413 0.1874002876690915 0.2376094832422562 0.9880608980884675 59 33 23 0.29
8414 0.1136046250146399 -0.06058609256187591 1.026516920132838 115 71 44 0.49
8415 0.1921408788227106 0.110294114074765 1.00274843396643 152 107 57 0.64
8416 0.4191045637960292 0.1607302365381408 0.6879052752219885 156 112 66 0.1
8417 0.4480997459283638 0.142079468894139 0.647526237157193 192 164 136 0.44
8418 0.2740561183084557 0.2093898351957667 0.875167036619207 123 94 62 0.9
8419 0.04220658780182684 -0.09993766147103506 0.9877438731575579 103 73 53 0.6
8420 0.455011060262018 0.1572218667943173 0.6383727766283148 85 66 47 0.29
8421 0.2066581434321478 0.1412771745666082 1.00561720458721 117 81 57 0.46
8422 0.05181671144878458 0.191713717263939 1.203726086429714 103 79 65 0.57
8423 0.4743348822357837 0.1932323381986583 0.5980328764319489 102 78 52 0.15
8424 0.4618484543667946 0.2154179254064544 0.6203199605593556 62 42 27 0.51
8425 0.4723145981411318 0.1904157797298107 0.6021872674978345 120 100 65 0.8
8426 0.3780247338129927 0.2210585894076395 0.7304607591401426 96 78 63 0.33
8427 0.1179917310849318 -0.1262630762367849 1.061326551950972 113 89 68 0.06
8428 0.1857877767039198 0.05501906386701808 0.9109121668424773 130 91 58 1.15
8429 0.1407504731976156 0.03894284056468134 1.089927704842573 88 59 47 0.2
8430 0.1957443232580477 0.05284971164259952 0.916316675441355 181 144 95 0.75
8431 0.08211168076698272 -0.1056754494226935 0.9856269400766302 120 72 36 0.38
8432 0.1685241682240921 0.06650173178228977 0.8799878544449247 76 48 31 0.46
8433 0.3170875978326393 0.1950233390374062 0.8262602227082116 72 55 34 0.14
8434 0.3264395824443125 0.182240716367051 0.8167485802127292 105 80 52 0.24
8435 0.05868387546584891 -0.09550770394976221 0.9968296758102322 144 106 70 0.52
8436 0.372873564874639 0.2317587176758088 0.7360740446545193 123 80 32 1.28
8437 0.3409976875149902 0.2307729653519619 0.7728534580228359 94 78 61 0.9
8438 0.3534880819815099 0.2298151049076494 0.7609398264485681 50 39 29 0.93
8439 0.1467206456930978 -0.07978836358130675 1.071005057336608 179 141 104 0.51
8440 0.0478937155309459 0.02183289649560108 1.208018619263655 149 181 202 0.22
8441 0.1211168084742424 -0.006628271228734439 0.8684512933173162 206 215 226 0.8
8442 0.2090233889399583 0.1511445793918272 0.9047690580950707 113 72 38 1.03
8443 0.144276638472338 0.09995491932542669 0.8597877728022834 180 106 54 0.44
8444 0.1777783507122372 0.1040596118881813 0.8824905189538254 188 106 47 0.54
8445 0.05421944081914576 -0.2011492835398732 1.05441443312928 128 90 66 1.22
8446 0.168713319587646 0.1019905942988883 0.8765310314533452 168 105 56 0.43
8447 0.2422409815342791 0.2429022931985449 0.9081546838744107 124 87 51 1.18
8448 0.2732165767168474 0.07821525135909305 0.9250326529511328 138 91 53 0.99
8449 0.2027602491905617 0.1488287349471706 0.9056579264590428 115 69 41 1.52
8450 0.1851918836842151 0.1784569074333319 1.022024515090172 116 69 50 0.28
8451 0.08264172809671466 0.1970244420977031 1.168451283753881 94 70 54 1.28
8452 0.1610045928595825 0.2361198752680025 1.10837044170275 63 38 33 1.4
8453 0.1336676322242991 0.1825038135151849 1.102568295790699 104 61 51 0.73
8454 0.1712769909682667 0.2230217743608007 1.027867103427275 46 26 15 0.32
8455 0.06892841725617271 0.2452081364772503 1.165787918051657 34 18 20 0.29
8456 0.3841943109316588 0.2199651442569141 0.7262126451689842 105 83 65 0.61
8457 0.1985430235518161 0.2084474245917681 1.029970656599236 154 123 94 0.49
8458 0.1633633385989026 0.2280786091247122 0.9889019358687856 60 35 22 0.46
8459 0.1486044657476758 0.08551176776120559 0.8568734039761976 219 150 87 0.82
8460 0.263277727156566 0.253429336763295 0.8860036633471089 165 111 78 0.12
8461 0.1431798409558594 0.2832989265059367 1.06803842192019 87 68 50 0.45
8462 0.06902266924997358 -0.1068949447736915 1.006286593808368 178 126 92 0.27
8463 0.1281484250385617 0.0469857306446218 0.8568387388567922 75 42 22 0.51
8464 0.4238734342129992 0.1839376633314401 0.666114831153084 78 57 38 0.59
8465 0.2391530188707632 0.2163095608911992 0.9229353053007252 52 31 20 0.39
8466 0.3723093550687825 0.2207610570569526 0.7217350738112193 67 44 25 0.93
8467 0.1753308681096514 0.2517321632215914 1.013222205933916 70 46 33 0.17
8468 0.4174658167193723 0.191425594353631 0.6974907830894215 132 100 59 0.32
8469 0.2431675811026087 0.1986951595974933 0.9279807549092396 79 52 28 0.34
8470 0.1438293367468069 0.2557449203896107 1.053500422626353 83 57 41 0.42
8471 0.4984611997077713 0.1991532287478079 0.5719409449062367 64 43 26 0.62
8472 0.3477691416559128 0.2308725239993849 0.7674640186104034 79 60 42 0.94
8473 0.1591237617348784 0.2719351096005351 1.028828074902325 54 40 34 0.39
8474 0.432023860850905 0.2088067206451194 0.6535334364606395 98 83 67 0.75
8475 0.4223115413086364 0.2163199811602267 0.6712812857882005 36 26 19 0.59
8476 0.09241643158278312 0.02247461634587933 0.8388834596088764 129 81 46 0.69
8477 0.2077463838973534 0.1382489559461 1.007564432048541 149 116 87 0.78
8478 0.02238308583243853 -0.06521313217914437 0.9560687785599975 97 55 36 1.04
8479 0.07895324908992912 0.03374714453205049 1.173064645097043 95 68 51 0.99
8480 0.1731491358434259 0.04310446434042586 0.895586819909857 101 72 46 0.99
8481 0.5052190868704366 0.1657818487347028 0.5704534955935261 100 73 51 0.45
8482 0.2726385530091156 0.1799591990605513 0.8870932826971999 116 89 59 0.42
8483 0.4399527400187808 0.2180018167111723 0.6502286829278101 108 76 52 0.65
8484 0.1940970897344688 0.2271365913686337 0.9658033813879927 39 28 20 1.35
8485 0.1328304659227309 -0.1125536131351642 1.080378953810163 180 147 115 1.07
8486 0.2811779513321825 0.07409525990466434 0.92292500066032 152 118 86 0.22
8487 0.243676927638991 0.07924139834904995 0.9600898869588865 93 52 27 0.71
8488 0.1947721945098743 0.1409632572332102 0.9993147786565061 82 60 42 0.39
8489 0.2403128670611893 0.1632457832953915 0.9358202501837597 103 80 61 0.07
8490 0.303223843595934 0.2116038988578139 0.8369713475147456 51 27 16 0.54
8491 0.2842465967675618 0.2062567658621694 0.8667596379868302 118 88 55 0.34
8492 0.2868451656149557 0.2106437825085111 0.8639512672053171 97 71 48 0.48
8493 0.27635786368586 0.07582537220087832 0.9217842380463612 75 51 26 1.3
8494 0.2656837934727814 0.0774210109845121 0.9392691322249571 110 74 40 0.51
8495 0.2697559594077873 0.1439941048234104 0.9080576336298436 123 94 67 0.27
8496 0.1689927447556727 0.1723820597624807 1.045681057535419 107 81 58 0.4
8497 0.2275808302024127 0.2070914263691417 0.9373653948035011 68 49 36 0.52
8498 0.3283410753603281 0.2406561105604184 0.8016036833703483 67 41 26 0.34
8499 0.09496181303249396 -0.2004297798861198 1.085984301352173 116 90 66 0.34
8500 0.05995144914384509 -0.1541606188029009 1.028351053628465 150 83 42 0.25
8501 0.04631177818369192 -0.07772030495512122 0.9768907210712054 133 89 60 0.74
8502 0.2030953479032776 0.1077061168549579 0.9175742261938147 223 156 90 1.19
8503 0.4726997159829661 0.1655830440285005 0.612761333088199 74 63 51 0.46
8504 0.3500527489022519 0.1810431186421076 0.7846487141229359 71 53 32 0.59
8505 0.05207250172925021 -0.2008820868705343 1.039807554266197 153 106 78 0.51
8506 0.1253117618045519 0.03290491317516964 0.8598967535208597 190 134 89 0.69
8507 0.1689460338009335 0.1067138112245003 1.068887885148548 123 79 54 1.03
8508 0.1155109188235932 -0.1930336503907593 1.099269916335751 151 115 86 0.67
8509 0.04131530705295483 -0.1271233010628224 0.9929838382694489 160 102 59 0.91
8510 0.05958357619085908 -0.08205861108343304 0.9844432156718664 123 76 44 0.53
8511 0.2744447557990378 0.1292304012804784 0.9004546497555165 215 143 78 0.54
8512 0.4541545983637419 0.1914730674459653 0.6292206865684405 179 137 89 1.41
8513 0.1327356853072236 -0.1237847587824025 1.074217864986463 118 76 48 0.93
8514 0.4827736513000296 0.1870421136627287 0.5882943853882643 84 65 41 0.08
8515 0.4387749820786344 0.2200923189399588 0.646508701660746 90 72 57 0.41
8516 0.2375628927174259 -0.05390301088484784 1.001733822719105 160 116 75 1.0
8517 0.2899742444635807 0.1966841529843162 0.8595959848284997 99 61 35 0.32
8518 0.3898888580956531 0.2154664996974237 0.6954171491631934 93 72 52 0.69
8519 0.2149089602919761 0.02374027086743755 1.052661236177787 78 58 45 1.16
8520 0.2899982522047692 0.2418097717227764 0.8442178968795244 127 102 70 0.99
8521 0.4871640205806321 0.2032865439381186 0.6031592632949631 113 97 79 1.01
8522 0.4420345261560326 0.2085608609436119 0.6474789512034028 102 81 61 0.77
8523 0.08883467650395166 -0.2738344856481433 1.129015234298897 151 128 101 0.87
8524 0.285776472071872 0.2551975603990967 0.8518152651849153 106 74 29 0.37
8525 0.1941001661254323 0.09697362201932407 1.040092349344291 144 108 77 0.79
8526 0.2692313052795596 0.2258703572732327 0.875173018223822 98 63 39 0.51
8527 0.1606627869290023 0.2024575857259768 1.035874627261829 118 100 79 0.32
8528 0.4509466077996864 0.2272284964828703 0.6289187465964567 83 63 46 0.89
8529 0.2703360739329901 0.2496410036084645 0.8665068934534151 82 56 42 0.95
8530 0.06850203268767852 -0.1215469168446203 1.012379081401018 149 112 66 0.3
8531 0.05767661705333493 -0.09590929515490088 0.9918421773596356 126 88 58 0.5
8532 0.1599179035459472 0.2915502484538662 1.064114755231284 73 55 50 0.37
8533 0.2443413842516523 0.1681867517202222 0.8987009748459208 202 145 92 0.95
8534 0.1669297419930292 -0.003125356941680979 1.050396469831557 153 117 89 0.22
8535 0.1487470770041374 -0.01104865517683201 1.07937522597623 128 103 81 0.23
8536 0.1831815631402274 0.1077360320604416 1.003971418378601 104 68 44 0.63
8537 0.1488625690711642 0.17132333368106 1.053386431740565 82 57 41 0.71
8538 0.170173013736523 0.1886710087929432 1.043289309435622 122 85 58 0.54
8539 0.4148287389027249 0.1783591724310842 0.6903089176915639 176 157 127 0.3
8540 0.4969006904620182 0.2020183180606556 0.5822805458125033 73 54 40 0.64
8541 0.3696221089026189 0.2019066960104324 0.7401926858270693 129 95 48 1.13
8542 0.159350579770945 0.052465869688374 0.892228476998831 99 73 61 1.23
8543 0.4914716660671454 0.191379777878171 0.5912943168923321 159 134 104 0.88
8544 0.1640935843694154 0.270140666899742 1.018517180150571 38 28 24 0.34
8545 0.3709627850675847 0.2542532295366679 0.752807484541073 107 81 51 0.33
8546 0.3643379992328874 0.2151131551022896 0.7198285812493233 120 97 78 0.6
8547 0.1353895144357853 -0.07502304019071204 1.081086303958125 82 54 34 1.06
8548 0.1785199786791008 0.09329064099048204 0.8975158343725069 125 70 37 0.18
8549 0.1720869283102412 0.1214305035262646 1.070425019189531 109 80 55 0.74
8550 0.4218821771122462 0.1750282600823112 0.6811912331021065 189 140 76 0.7
8551 0.1655877583935058 0.06244042399628891 1.014918270690919 122 81 52 0.5
8552 0.3292238227882169 0.1919161429891243 0.8133723513064337 136 99 58 0.57
8553 0.1345629300062413 0.002313030742066874 0.9064753762815878 180 112 58 0.28
8554 0.4352667732924375 0.1670488618219776 0.6697437646299612 153 128 109 1.15
8555 0.09195005611797907 0.1838014566072529 1.152919762936892 110 80 58 0.67
8556 0.2016124037994729 0.1917108321024135 0.998405113620279 96 60 37 0.41
8557 0.2040261664985898 0.1958326030873826 0.9990578400253418 125 100 75 0.29
8558 0.2308220628625713 0.2558331603551002 0.936685600488832 96 83 57 0.89
8559 0.1464627005484811 0.02908818372263797 1.030014266030369 164 106 53 0.8
8560 0.1754297080683661 0.1615793062685287 0.9936533219019799 189 126 81 0.86
8561 0.1434917836076384 0.1903572165294407 1.084752630954227 103 73 50 0.3
8562 0.1307955716335044 -0.09600306638449818 1.065882821269216 91 53 32 0.23
8563 0.2725017739721467 0.1549631145376413 0.903111978563913 112 75 45 0.13
8564 0.1027777298843003 -0.1964646686380762 1.091872921865651 161 121 68 0.08
8565 0.03683651613912464 -0.1081360507364321 0.980362742173071 132 86 49 0.45
8566 0.1980323586485067 0.1840284946408829 0.9951546132234108 78 50 31 0.76
8567 0.1762921099064464 0.1060994632964681 0.9034856044155164 198 117 67 0.7
8568 0.1651120991923506 0.09637914254613751 0.8790768180710868 165 96 48 1.34
8569 0.1658122519365837 0.1036424811508667 0.8744805659655979 69 41 22 0.13
8570 0.4407334192536232 0.198831207993578 0.6472319803865464 146 104 58 0.79
8571 0.286218389138208 0.2236574569713324 0.8576883517036247 144 111 74 0.42
8572 0.207879043841027 0.2605488869271687 0.9645672586590194 83 63 31 0.95
8573 0.1453710368523745 0.1691047771802573 1.058410114224837 123 90 61 0.56
8574 0.1683255596030709 0.03211344659540516 1.047802785390705 94 62 40 0.27
8575 0.1824177335901936 0.05239808970561269 0.90600362964507 112 79 63 0.4
8576 0.3502603140519326 0.2112226488661858 0.7517206610082755 73 50 28 0.82
8577 0.3965875902221181 0.2243297344583247 0.7030634207385079 84 59 34 0.33
8578 0.2772800320986764 0.07774046734089521 0.9233871252857855 81 55 30 0.74
8579 0.07936442006940331 0.04652409636579721 0.8261321279748467 121 75 41 0.31
8580 0.06709524782578696 0.1789830231110244 1.201173665471364 77 60 40 1.06
8581 0.07022241736346058 0.1479070916175187 1.183409286195065 87 67 53 0.43
8582 0.4030768786227431 0.2531686272796162 0.7044303160299773 82 58 35 0.14
8583 0.1682598623340431 0.01955612565563569 1.045789860860198 106 69 49 0.29
8584 0.2072030606350469 0.04913205395139761 0.9295693484225533 212 153 88 0.13
8585 0.2092105447292117 0.06377630887813715 0.9226147158023736 213 161 102 0.4
8586 0.08021219424951626 0.07045757266956096 0.822285014889967 155 75 30 1.07
8587 0.2761108545208829 0.1382283284898237 0.9052421573898644 112 80 48 0.34
8588 0.3610729434582862 0.1655977136253439 0.778005837218689 145 113 79 0.31
8589 0.2644796540715582 0.2289149664236028 0.8845761433367385 151 114 86 1.11
8590 0.1146594125066119 -0.0302626843353985 0.9840851884208255 171 119 70 0.24
8591 0.1929927957125781 0.1404952700078442 1.034122717315436 160 126 101 0.88
8592 0.3508192855935564 0.242638648993123 0.7708922224253238 108 73 49 0.35
8593 0.08061393430939828 -0.004198236247277137 1.174472361528491 104 73 56 0.9
8594 0.05207804140996913 -0.07887824460352577 0.9697429434677325 143 102 61 1.19
8595 0.09436169879964013 -0.05531875526468621 0.9850351014336356 140 107 63 0.37
8596 0.1220159662292938 -0.0289762332805992 0.9598604757797351 166 117 61 0.42
8597 0.1467097786277126 0.02045423896971069 0.8697115651518779 211 152 97 0.32
8598 0.2169612356852374 0.06318997291264439 0.9330356313458261 141 111 83 0.32
8599 0.2032178738546823 0.07057895568274331 0.9068527450890014 107 69 30 1.31
8600 0.2108659644265508 0.1026768874102968 0.9184859296184447 170 100 58 0.92
8601 0.1672306887895219 0.1668663941292491 1.044421065203621 66 45 31 0.67
8602 0.1085178265772753 0.1908963328962463 1.130992387794458 79 57 44 0.79
8603 0.1709550951596712 0.2243159705547149 0.9856213559648287 49 34 24 1.16
8604 0.2536289817097425 0.2396867853873057 0.8966228931618987 97 60 38 0.22
8605 0.05507484417312203 -0.2378348014945885 1.085342946547194 106 82 67 1.19
8606 0.09821722172335817 -0.06087954063698175 0.9995990554876346 157 102 67 0.78
8607 0.2133352748432081 0.06384097943611852 0.932348200819355 173 123 82 0.11
8608 0.1835406919274073 0.1123996298029198 1.038080334159148 79 44 26 0.62
8609 0.1927655182714471 0.1285022841069194 1.018731153949616 133 92 63 1.11
8610 0.345529830313926 0.1665168546266767 0.7947241957896525 150 123 91 0.25
8611 0.1667643669211247 0.1896227785493542 1.042866466406296 82 56 37 0.29
8612 0.2674165458233668 0.2107031138635773 0.8926676410595498 119 74 49 0.36
8613 0.4904109771757852 0.2038817621566261 0.5830217879868148 90 75 58 0.48
8614 0.4937907851033616 0.2133229589686602 0.5782110550357004 85 70 51 0.82
8615 0.05700221665301342 -0.1911857450150296 1.045105702772856 143 106 72 0.42
8616 0.3907879723542814 0.1868048804420203 0.7124080553563557 142 108 73 0.53
8617 0.3665130857998482 0.1862677204376737 0.7570587319419523 136 109 74 0.44
8618 0.2081863200493722 0.2175034162492379 0.9863861549858568 91 71 60 1.15
8619 0.1918344103702295 0.2532251963170339 0.9669192443010877 26 17 17 0.4
8620 0.3212768950812959 0.1926758084366925 0.8302897401755307 99 77 60 0.43
8621 0.4802654574288369 0.2092355414581176 0.5938570265953173 82 71 58 0.37
8622 0.1365486318832939 0.1016583499665726 0.8478033778263723 115 64 30 0.32
8623 0.3039521514552156 0.2117093319774465 0.8329169224149828 83 48 27 0.41
8624 0.1988272969238939 0.1619594454076657 1.007069677043075 106 80 60 0.34
8625 0.3232650916259779 0.2564155710370076 0.8002718806683446 85 74 60 1.08
8626 0.1154051308199268 -0.02631438080558562 1.126497891973771 56 36 28 0.39
8627 0.01511629647535684 -0.04864499352505375 0.9400813656673237 81 56 52 0.29
8628 0.1147468289209143 -0.09888584017814495 1.04950546956264 72 49 34 0.31
8629 0.1060242980959213 -0.1271941225656106 1.135974043073439 162 126 106 0.12
8630 0.1131187297871782 -0.1800136361417976 1.08817919810585 85 56 40 0.31
8631 0.122957045546134 -0.08842720149074712 1.050292231037419 90 64 44 0.29
8632 0.141082666000692 -0.06429427204891941 1.052087022218366 117 83 55 0.67
8633 0.1130867704732091 -0.03629660120554762 1.004019173072765 173 143 105 0.95
8634 0.08533675228919002 -0.08299096284614688 1.15451889603144 162 132 100 0.04
8635 0.132134117778811 0.02629888002494282 1.109865277683974 42 22 12 0.22
8636 0.3758252327837712 0.1843922812694677 0.7512051540229134 121 91 46 0.34
8637 0.08871649579206137 -0.1875656019642831 1.062087798369942 68 38 29 0.47
8638 0.4488619652814165 0.1800925408351275 0.636075539727107 104 82 49 0.23
8639 0.1604096416319495 0.1607449377447923 1.070304239732817 59 48 38 0.41
8640 0.4250106594417534 0.1646137465469721 0.6765744436845705 82 70 57 0.42
8641 0.4794304395947742 0.1531159814907411 0.6042659919819946 117 106 85 0.66
8642 0.4746984736353193 0.184175013763968 0.6000137320231009 119 96 69 0.55
8643 0.4144762686864019 0.1667254933257876 0.6886582800135425 156 123 85 0.56
8644 0.4481049286037445 0.1952354975337792 0.6312342632534035 99 82 57 0.3
8645 0.04918382429591295 0.2343594720242291 1.203822061875591 72 57 43 0.54
8646 0.2360105592957205 0.1989283223207299 0.9277278788824811 61 38 27 0.45
8647 0.1273489848772549 0.001138174780152323 1.118117094544005 160 131 99 0.55
8648 0.1679840515237588 0.1938376967644549 1.04057284805718 60 33 17 0.42
8649 0.1545243714386973 0.1060716740355102 1.087810711704186 56 38 36 0.24
8650 0.05487929455293455 -0.07659226016537135 1.188985988834531 137 130 118 0.67
8651 0.118213765808412 -0.1786453936247592 1.092890662843245 94 64 40 0.16
8652 0.3255012701906322 0.2054737203739002 0.8124725617821681 68 48 26 0.13
8653 0.125254376833756 -0.04241756913443939 1.108073537889441 90 66 57 0.27
8654 0.3404683226656955 0.2039027369277522 0.7888993865363978 110 81 47 0.65
8655 0.1565466886409899 0.04209542643232911 0.873765926570109 154 122 92 0.23
8656 0.1859298303196633 0.0918607592496363 0.9806677511498523 150 115 84 0.26
8657 0.2284920876835091 0.2073759953771407 0.9435298023340861 20 11 7 0.48
8658 0.3270793456773211 0.2135625886887642 0.80446531718836 164 110 47 0.34
8659 0.2831908340840869 0.2336352798315365 0.8591378883542811 107 72 36 0.33
8660 0.1277738816705767 -0.1181095814981396 1.071564451807187 72 39 27 0.21
8661 0.130064543104802 -0.05471613880636617 1.043377810298533 78 56 40 0.08
8662 0.10804351829493 -0.2001586129599638 1.094493359231782 96 70 51 0.28
8663 0.3027088532848835 0.2212777881224082 0.8361840540702901 124 81 41 0.5
8664 0.1038877387780046 -0.1220429293308667 1.05523997563085 85 63 50 0.26
8665 0.3224046626736434 0.2148488338930908 0.8117045194309725 89 59 32 0.08
8666 0.326420817707711 0.2070979698613306 0.8100328203098951 131 106 76 0.19
8667 0.3255193339919166 0.2114421587204957 0.8087792502440019 131 101 68 0.19
8668 0.197114431266327 0.07666984989834427 0.910459366324442 108 64 36 0.12
8669 0.3341706030715277 0.2307131457536868 0.7901120108225294 135 90 55 0.18
8670 0.1008741569221079 -0.05866300962452453 0.9898761194232598 70 50 43 0.77
8671 0.04531420887396909 -0.1788881317350334 1.028308014168017 148 99 66 0.31
8672 0.1804055622044932 0.08046075926292473 0.8962137788695268 113 66 34 0.5
8673 0.3475200408305565 0.1878071729151733 0.7841142366500511 52 39 26 0.34
8674 0.3537603577313823 0.196003840736802 0.77637765425351 92 68 37 0.39
8675 0.1688160859478628 0.05002116735139969 0.8909624355428498 104 71 49 0.14
8676 0.3663816101782211 0.1994771179182776 0.7530626545550987 166 130 76 0.29
8677 0.3745572253095689 0.2036993369581402 0.7332771751996462 50 29 13 0.52
8678 0.3890913410880851 0.197330382040075 0.7144954006897877 196 157 105 0.18
8679 0.1468628290288378 0.1790882882847225 1.08866365948781 49 23 16 0.21
8680 0.1818523984722278 0.2388229350694229 0.9806106452187546 62 45 33 0.3
8681 0.1347329668456739 -0.09394666026581211 1.07023755371762 120 87 58 0.2
8682 0.2930428136737189 0.2139911047105964 0.8530061813708509 72 46 22 0.22
8683 0.1148546555479585 -0.07883084822222763 1.041624287882784 93 60 35 0.25
8684 0.07717841782249335 -0.24638899005804 1.088965989508729 94 73 51 0.56
8685 0.3447027687131413 0.2125695496240877 0.7789136192889945 106 82 49 0.11
8686 0.1673916941000748 0.04535692087583573 0.8827402354798306 163 112 73 0.55
8687 0.3692729192637187 0.1634742421298801 0.7635178320861948 133 105 72 0.2
8688 0.3689928472881854 0.1722615311319136 0.7612209025019809 105 81 54 0.6
8689 0.3730928749575937 0.2135375950155368 0.7299952079152821 99 78 51 0.22
8690 0.2739361506181348 0.1628697999706249 0.8969055725856329 103 66 29 0.16
8691 0.1349753115026939 -0.1202396150944728 1.076285595842132 105 80 57 0.15
8692 0.08840632136883991 -0.2517682245704894 1.110815050543767 125 103 61 0.59
8693 0.1103997203398229 -0.1658324035640932 1.075336161341956 154 122 95 0.28
8694 0.3457950681070668 0.2018093511971603 0.7810685455584233 97 77 51 0.14
8695 0.3535966137353983 0.1755385566616675 0.7814385525089472 57 38 19 0.39
8696 0.3523398880312238 0.2024265261801916 0.7716970161524801 83 61 26 0.15
8697 0.364565383901458 0.2233643164617738 0.7497375750142086 62 46 26 0.71
8698 0.3704923605320756 0.2139603776782855 0.7350474173684645 115 90 57 0.17
8699 0.3974010473746055 0.1630209749512428 0.7192315840944539 92 73 55 0.15
8700 0.09119181609769489 -0.08209514226021725 1.025650359692225 156 98 57 0.35
8701 0.3558717607319921 0.1904379931964249 0.7735642611310446 56 38 22 0.22
8702 0.3750867811613174 0.1681943260776348 0.754652876930898 80 58 39 0.59
8703 0.3681240436697507 0.2094684061522042 0.7410249182052338 90 64 41 0.29
8704 0.3912946464173501 0.2202093053975163 0.7152673877929783 167 122 74 0.17
8705 0.3623104156530839 0.2098206078090738 0.7561385379905783 131 103 69 0.64
8706 0.1048833211196415 -0.1314096339866042 1.122445315419346 82 60 50 0.32
8707 0.1377314858056004 -0.01625749636018406 1.091282594765747 84 55 43 0.64
8708 0.169987880769635 0.06944533759739441 1.025569000937471 108 79 55 0.22
8709 0.2795759872209427 0.1121768412693016 0.9071048672991309 166 120 67 0.29
8710 0.279041527069139 0.1148042266577385 0.9101654192463462 149 100 58 0.45
8711 0.1381184191494752 0.08646763854327014 0.8538156121588708 87 48 24 0.15
8712 0.2641375378607196 0.1541949485504483 0.9156274415637216 152 101 52 0.25
8713 0.4120115897118412 0.1821034513917199 0.6895902258830989 196 135 68 0.55
8714 0.2350486739364033 0.2271679400552955 0.9272831294154107 75 44 32 0.27
8715 0.04987870118233972 -0.1914212325724713 1.037853184954743 79 58 40 0.88
8716 0.1176772496626939 -0.1387533315198857 1.104054047473912 140 102 73 0.26
8717 0.1650066368156717 0.02457634434945852 1.035680040271561 115 72 45 0.45
8718 0.1575551978968626 0.04739244228873027 1.024750117827809 80 58 42 0.18
8719 0.1323397945480727 0.08954641015206177 1.123994443248033 81 55 38 0.38
8720 0.1112509569406989 0.1413132227651649 1.148651444140856 38 26 26 0.61
8721 0.2381178234322481 0.1738423808938877 0.9411683132134502 112 76 50 0.62
8722 0.4815008239981012 0.1761104613942668 0.5923600791339549 162 109 48 0.27
8723 0.2797115087816022 0.1850915451815979 0.8786365984705121 116 72 49 0.25
8724 0.5025951897583043 0.1858923418630125 0.5692665093376437 112 71 34 0.15
8725 0.1142353493578349 -0.1409270907136526 1.071005814109355 132 90 54 0.26
8726 0.4864340909678018 0.1730303407486168 0.5863755154899271 119 85 52 0.51
8727 0.4200100362968596 0.2076694746795677 0.667028225000339 139 96 52 0.57
8728 0.296792841140647 0.2308360404442696 0.8386071884736144 116 74 47 0.18
8729 0.327476038820238 0.2292547171038205 0.7992472034420101 115 74 40 0.23
8730 0.1059011425405857 0.06199630831731445 0.835751623694921 127 79 45 0.58
8731 0.2828903609866307 0.122977583080305 0.9105308724431838 85 60 36 0.29
8732 0.1545716498728797 0.2144670303621192 1.07244857143077 53 39 33 0.53
8733 0.1431883871900172 0.01429663992737204 1.094210222330753 86 56 40 1.02
8734 0.2802989167117524 0.0761511635404514 0.9219859814877089 98 60 30 0.84
8735 0.1365020381955113 0.1965658274518219 1.091868918281421 119 82 70 0.85
8736 0.158593459783378 0.131591687392828 1.067406148321463 133 92 63 1.06
8737 0.1863590109459652 0.180938404223644 1.01677905357401 164 103 75 0.72
8738 0.271361709024406 0.1820710845306275 0.8949353501777929 48 27 21 0.43
8739 0.2550432921587102 0.1941478157488407 0.9278042289441847 85 64 38 0.39
8740 0.1114431367633649 -0.1059380779931751 1.114764864569723 112 93 81 0.63
8741 0.1440620326000497 -0.06368635973166259 1.074970438355363 111 82 65 0.29
8742 0.1467754894659793 -0.0553462197070641 1.079260630496663 137 106 83 0.33
8743 0.136928698054862 -0.04182415394174788 1.088127443866437 131 90 65 0.18
8744 0.1560617328567858 -0.01177071999992535 1.074903680573205 141 102 77 0.39
8745 0.1228045837604906 -0.00658121164922984 1.11734268379896 90 64 56 0.43
8746 0.1429385522519791 0.02681261630250761 1.08815967921101 111 72 48 0.18
8747 0.1144482075103004 0.0384051000376866 1.135909414122192 121 87 72 0.75
8748 0.2022391110421417 0.1127052941158309 1.018273381513885 72 44 30 0.47
8749 0.1690025069268193 0.1102101516786202 1.070317408578072 152 102 58 0.25
8750 0.2494908645514985 0.1305150510904552 0.9534401377431456 95 65 48 0.29
8751 0.1180883934969695 0.1285912198865112 1.142552354431049 146 120 102 0.35
8752 0.08213694699908064 0.1332036922502846 1.184170311515995 144 96 72 0.47
8753 0.1636297704303912 0.1219138487198581 0.8690885712275147 99 63 46 0.04
8754 0.1837960359974595 0.1522805596256497 1.033469747935533 57 40 33 0.38
8755 0.05573905044686056 0.1525874815902764 1.201349730242424 138 111 97 0.67
8756 0.5145892090932731 0.1616873141580976 0.5594237527740329 72 41 23 0.36
8757 0.4533769603952034 0.1572734956793837 0.6413063257653442 148 119 86 0.16
8758 0.4418410697168605 0.165042994666575 0.6527448615287852 153 135 112 0.45
8759 0.1754425042093615 0.1348351139999454 0.8760849559126009 118 79 59 0.1
8760 0.1478254793949637 0.1701547195825978 1.086094964056612 51 38 33 0.31
8761 0.4928009107312465 0.1735120132746524 0.5779020293812834 101 75 48 0.17
8762 0.4847020270857116 0.168290923667256 0.5917693643014703 116 95 71 0.26
8763 0.2722827871122603 0.1790246871770116 0.8985476373141292 60 37 21 0.15
8764 0.1935997020579933 0.1863361194681972 1.008093209030837 99 50 33 0.36
8765 0.4101281336410143 0.1788362635373505 0.6926603178577317 179 120 68 0.19
8766 0.4080813855381778 0.181847127452957 0.6928911972777515 125 94 57 0.52
8767 0.2425110310834536 0.1942173145004089 0.9369484328520986 128 93 68 0.84
8768 0.1909535097260923 0.191785639887057 1.012656219967401 107 72 55 0.13
8769 0.05969864169100708 0.2047546423922859 1.179344109811801 101 70 56 0.3
8770 0.44775033692071 0.1952562075481332 0.6335789580864193 92 78 57 0.13
8771 0.1526387571760404 0.2197289878084509 1.054697200181533 51 32 26 0.29
8772 0.1193965335059844 0.2266660277748925 1.104822326463496 89 51 36 0.17
8773 0.1262604127720033 0.2286647355104096 1.094826118982081 108 69 48 0.23
8774 0.09521286741217455 0.2239459257326998 1.152312546553814 130 92 70 0.26
8775 0.2889440405204342 0.2151909447146966 0.857423819006162 80 52 33 0.09
8776 0.2628964809713488 0.2278644251404223 0.8877405115439407 110 62 30 0.19
8777 0.1910158952820866 0.2313199135410023 0.992532834819005 56 40 29 0.32
8778 0.1832254049319761 0.2285943338110745 1.008776367070249 76 41 29 0.09
8779 0.1374496025878519 0.2324220314573488 1.077954067232803 108 71 51 0.16
8780 0.2724997974553817 0.310514171106697 1.315792258951525 116 96 110 0.46
8781 0.3908145101742018 0.2195984064205872 0.717030633475181 78 51 34 0.17
8782 0.245745393138436 0.2365900955942077 0.907436683581971 146 91 48 0.21
8783 0.1609630901525589 0.2546501904322707 1.021659147824508 120 79 57 0.1
8784 0.1525789441914816 0.2629801701022983 1.038700909038404 87 58 46 0.29
8785 0.1312245854749349 0.2691906550516588 1.07437138007838 100 69 58 0.13
8786 0.3180641041384886 0.2895854753082499 1.088672189296814 89 66 62 0.17
8787 0.3083979410119608 0.3232197073101838 1.275656889486928 119 98 83 0.54
8788 0.1591638960257589 0.2955154626467364 1.06015822210508 44 40 34 0.21
8789 0.1619070708949775 0.2973045991673219 1.064665932901909 30 23 21 0.28
8790 0.1422062190762335 -0.09497562564538559 1.074453302383215 119 85 54 0.33
8791 0.1016287957379562 -0.08299492451939033 1.032938037481301 62 43 45 0.22
8792 0.1483506434974309 -0.0730848304499897 1.068840926582624 99 69 46 0.1
8793 0.1273719928144244 -0.04047683612299885 1.101082510759453 89 61 46 0.33
8794 0.1580837915311936 -0.02521274587634714 1.057952048512957 152 116 90 0.36
8795 0.1424296419768486 -0.0195185167506956 1.090078557655083 74 44 36 0.42
8796 0.1638732733552844 0.003941303633327731 1.045759157371777 102 85 71 0.22
8797 0.170947018356243 0.03165957001760877 0.8879735285061646 135 99 74 0.61
8798 0.3218635589417204 0.2015988702553944 0.818075034696534 180 122 68 0.24
8799 0.1934035901500931 0.2232871786382867 0.995334874788885 111 75 54 0.42
8800 0.370111971555346 0.1660264643300946 0.7614428029803402 102 68 36 0.21
8801 0.2727069078506121 0.1628426502581081 0.8998356697224803 152 110 74 0.5
8802 0.2476798483453912 0.1561378279706691 0.9341951992436914 133 102 81 0.2
8803 0.1363760295833751 0.1721265926786652 1.100420513799597 118 85 63 0.36
8804 0.4428637409697861 0.1735036039826693 0.6498664689409585 185 146 96 0.16
8805 0.1570339060298789 0.1921126304335954 1.055577284302229 107 61 43 0.12
8806 0.3075079766527624 0.2403624786289313 1.111796398522388 126 90 72 0.3
8807 0.3373852361494312 0.2012567495170534 0.7968934247842498 143 104 68 0.18
8808 0.3219149570616566 0.2115226876634955 0.8136118360699307 97 62 35 0.22
8809 0.1543195338421571 0.2233182046490671 1.057450128614646 32 24 22 0.48
8810 0.1539393026934984 0.2182783942629948 1.076784593597707 106 82 64 0.41
8811 0.4792135861672142 0.2015730769775042 0.5995425455284804 94 76 67 0.53
8812 0.4505622608765648 0.1934116701842372 0.6299391292079969 84 62 38 0.24
8813 0.4332100376172323 0.2015935347044717 0.6515593624807546 177 133 74 0.17
8814 0.3283703352234852 0.221456979263475 0.8017813447581875 78 49 29 0.36
8815 0.192230163591007 0.2512379125209686 0.986962505894774 48 34 26 0.25
8816 0.1147614311892878 0.2697384075176427 1.100274422627146 41 26 20 0.34
8817 0.2219109174867652 0.2584459832077695 0.9404993414580922 39 33 23 0.3
8818 0.1097358216631118 0.2769107141691287 1.103073691867209 118 83 64 0.12
8819 0.3394495624574774 0.3042672736600396 1.088294379498487 99 74 52 0.36
8820 0.2347068465608326 0.2736561452358331 0.9262377509286861 76 59 45 0.6
8821 0.1130309027446724 -0.1974983226420033 1.107710449678642 96 69 56 0.36
8822 0.1156735771265952 -0.1109266523089812 1.11184600460015 85 52 38 1.31
8823 0.1119526202277957 -0.01606171356742891 1.132460986208663 144 113 94 0.19
8824 0.1387496702928967 0.01246183118372984 1.100123198858364 54 42 41 0.25
8825 0.1800593390741049 0.1435656462523446 1.056158583781434 66 55 52 0.68
8826 0.1210648147999557 0.1719927533836594 1.123775276253406 43 26 25 0.17
8827 0.1473711667913725 0.2131038734908275 1.087336729889423 121 91 68 0.26
8828 0.2303920644939987 0.2394756962340585 0.929094551782023 118 84 59 0.33
8829 0.1023751817877041 -0.1573227820036657 1.130964870319677 77 60 62 0.37
8830 0.1626835687983417 0.07800061045120235 1.051765576665723 77 51 34 0.33
8831 0.2427312456919398 0.1356231785029239 0.9565751733548684 40 24 16 0.62
8832 0.5147489933697735 0.1645739923502283 0.557288373639528 54 36 28 0.18
8833 0.2718816248334897 0.1587918860115091 0.8971814056801453 83 57 45 0.28
8834 0.1245563932246206 0.1681657845106041 1.124295950166023 96 67 54 0.32
8835 0.1279740522835219 0.2325405828369898 1.090415394953874 43 28 19 0.15
8836 0.3166701620501014 0.2698047421897093 1.095099722791241 80 59 50 0.34
8837 0.3562240742881254 0.2224481291594474 0.759365074677431 147 111 71 0.51
8838 0.2504795098346589 0.2771618855345993 1.073514565507141 95 78 72 1.03
8839 0.3226428028016315 0.3226770098807877 1.289137601599319 146 123 106 0.79
8840 0.2285475700074785 0.2730057747929675 0.926103680823237 94 74 64 0.44
8841 0.148252855018924 0.1232625618783604 0.8701908200802471 134 92 43 0.42
8842 0.172314353710014 0.1838147229442993 1.032997022333504 117 80 40 0.45
8843 0.3241915721701512 0.2419375243103053 1.115453526916081 128 86 58 0.68
8844 0.3019892116073577 0.2879037733856613 1.076356295858441 27 22 20 0.31
8845 0.4536735153654837 0.1563853134110192 0.6438801864331662 139 95 60 0.66
8846 0.1451796272000971 0.1733152714900443 1.090634944268872 78 60 52 0.58
8847 0.1556397371664979 0.2076162809020184 1.072221447865586 51 34 28 0.6
8848 0.3495298563174793 0.2043662498597023 0.7760810979688527 163 124 82 0.22
8849 0.1931848078841034 0.2132996723267143 1.001531833056144 116 72 46 0.8
8850 0.1853015553140095 0.2328532032496189 1.003639389832796 49 30 26 0.92
8851 0.1524275179070904 0.0820887288143724 1.080728509692161 70 43 38 0.94
8852 0.2557659111486578 0.211337489813875 0.907775032921244 154 98 62 0.33
8853 0.05851653743058555 0.2012352383185767 1.196639571772301 42 31 28 0.89
8854 0.06243612783160857 -0.2035077429744914 1.056446601694454 97 74 54 0.24
8855 0.1280356525475402 -0.1230036158699781 1.091945201869911 49 32 29 0.11
8856 0.1303071569458561 -0.06806780540938839 1.097587567246843 67 46 37 0.06
8857 0.08944482684575117 -0.08288954874778404 1.151413818831654 116 97 82 0.11
8858 0.04568832506663101 -0.09475737992443228 0.9888931076631353 74 45 32 0.12
8859 0.1496799575748908 -0.02383714706341841 1.065486829345684 68 45 36 0.16
8860 0.1587950247502037 -0.01218220028610989 1.071485879220323 142 103 70 0.18
8861 0.1113368111544379 -0.04105256509609273 1.128915517099049 78 48 30 0.31
8862 0.1556382939029726 0.0102929030072679 1.068297079778334 133 98 60 0.22
8863 0.1676875416339961 0.0271849561603727 1.037318631728778 138 109 80 0.24
8864 0.1775851333474986 0.05113330883566566 1.036201172807818 79 56 35 0.5
8865 0.08374239548118706 0.01412775526546406 1.171440148174733 133 118 107 0.28
8866 0.1559600258369934 0.04382773851892077 1.009892063975087 119 88 69 0.14
8867 0.127966511411401 0.0399222437312898 1.121295776512464 111 86 66 0.18
8868 0.1178016759780965 0.05585329201262063 1.132799121101822 124 87 59 0.08
8869 0.1443158811123476 0.03634418532406253 0.8663528697090201 167 121 78 0.44
8870 0.1798610730866438 0.08199640890987364 0.8997306309210431 87 53 23 0.09
8871 0.1238829938568982 0.0997276025805164 1.142558113071545 91 67 56 0.64
8872 0.4745416989659724 0.1521875220949492 0.6135427683772328 106 89 61 0.03
8873 0.1604685146719747 0.09372061489576446 0.8700086624755587 121 67 36 0.58
8874 0.1502899225184189 0.1245105547220002 1.081788542937653 117 80 51 0.88
8875 0.4781740970936626 0.1423411627955866 0.619812355802787 158 123 82 0.6
8876 0.2706852436427288 0.1505986031069026 0.9070279900570823 48 30 24 0.38
8877 0.2581163201691081 0.1450926415133998 0.9249682831127937 91 70 56 0.22
8878 0.1230507382668523 0.1497882280903929 1.128527112720433 150 120 94 0.25
8879 0.2487013063515618 0.154567576621316 0.8936268973269108 83 40 17 1.29
8880 0.4798063254365231 0.1641773809398509 0.6001566413060513 144 117 87 0.58
8881 0.4313717933912755 0.1808326637020731 0.6604966384946476 104 70 35 0.35
8882 0.3546503952103779 0.1932977019023197 0.7739977348675895 54 45 30 0.76
8883 0.2489808466517497 0.1981379125404558 0.9172303158051454 98 63 43 0.28
8884 0.112343237546612 0.216520014458857 1.120771569625589 120 97 80 0.66
8885 0.4248380808243399 0.2019748070942982 0.6627700994026752 134 98 58 0.23
8886 0.3028847761990672 0.2117682861041167 0.8370980514843041 63 37 20 0.24
8887 0.1897602825752458 0.2219962393016193 1.000757497077073 117 91 67 0.21
8888 0.1372801892214868 0.2301473108324286 1.078135673583741 60 36 27 0.62
8889 0.08841648153320458 0.2356427956213086 1.141452176130772 32 25 22 0.15
8890 0.2901085106434445 0.3012235769623997 1.068813908302959 39 23 15 1.0
8891 0.3595114949616813 0.2539714873959165 0.7665899157267861 82 46 20 0.23
8892 0.3203398935232976 0.2532542079824471 0.8071055412590048 145 108 63 0.6
8893 0.3394391553942333 0.1931830013565095 0.7926703537885508 205 156 81 0.1
8894 0.100051199353957 -0.1522494364850635 1.130006790561492 173 142 121 0.22
8895 0.1473821617902438 -0.04585208424042958 1.071689832372849 58 40 32 0.24
8896 0.09224107703841744 -0.04581475982350136 0.9818964697357875 96 65 44 0.29
8897 0.1593578248964632 -0.007869743511063676 1.045048576897474 125 85 46 0.65
8898 0.2171884710979946 0.02741840877395824 0.9373981593885601 151 98 65 0.24
8899 0.2422259422189569 0.1176670461819915 0.9527322882654218 105 62 25 0.27
8900 0.0910029311557245 0.1864139640069402 1.150982631131131 43 26 18 0.68
8901 0.09236155601788021 0.1956015536669301 1.147321251146131 51 30 22 0.24
8902 0.05659847699827464 0.1992018006127524 1.191576766453348 84 58 44 0.19
8903 0.3497295815735877 0.2045462931929461 0.7770422610741454 94 76 46 0.34
8904 0.2611269875643847 0.2131619064097293 0.8986045118357211 41 23 13 0.25
8905 0.2532704407962665 0.2250169879757354 0.9004190844290203 89 57 38 0.48
8906 0.3297806688093666 0.2676205391388243 1.110212332836775 66 31 19 0.44
8907 0.3348253093196104 0.2236419451577147 0.7916353697398466 124 92 56 0.33
8908 0.1211148011783842 -0.02772997016936543 1.128528589481908 124 95 72 0.63
8909 0.1597223744196516 -0.01067643000167456 1.064101642935992 66 41 30 0.47
8910 0.1723996417801779 0.09212959756189493 0.9982373010076906 37 25 22 0.27
8911 0.4810469140429509 0.1413113242754667 0.6138194027341893 85 57 38 0.26
8912 0.423836717040654 0.1576908241753835 0.680857287942976 150 118 76 0.56
8913 0.3987011093975525 0.1734861255859684 0.7110179911585843 152 125 96 0.63
8914 0.3280867128153827 0.2668172413231513 1.122368224072626 59 37 21 0.09
8915 0.1751584273676458 0.2296890547395955 0.98093706880826 64 41 30 0.59
8916 0.267415148169543 0.2257550497611526 0.8843280617333024 95 60 39 0.37
8917 0.1628687767896309 0.08568035989007916 1.002276553977749 27 16 11 0.29
8918 0.449369864153002 0.1490839459770511 0.6575817998592532 154 107 62 0.41
8919 0.1070353587397265 0.1712142187928715 1.137740611915464 96 68 50 0.77
8920 0.4756990757172639 0.22004688394807 0.6010251411040461 98 68 31 0.48
8921 0.180728387838973 0.1516897035466295 0.9965442943122632 47 26 18 0.26
8922 0.1601947918643777 0.06563225473231774 1.024991292871424 182 132 85 0.3
8923 0.09316723020969714 -0.2253335508742149 1.118130094820486 76 53 49 0.6
8924 0.1008028077031618 -0.06816834351587725 1.002866838420291 83 56 39 0.4
8925 0.1529622706743874 0.03424336140558895 1.019693104399217 194 140 85 0.74
8926 0.1488129669431396 0.03568535378170234 0.8697539246757353 165 120 80 0.49
8927 0.1700530142258644 0.02691986509735478 0.8889181325218181 136 91 56 0.19
8928 0.1529268192528428 0.1105977449691014 0.8564079667577761 36 16 9 0.58
8929 0.0821198592349271 0.0708957169972606 0.8175888046568334 132 99 70 0.66
8930 0.1586495221390603 0.151520150227646 1.094295965942114 104 81 60 0.26
8931 0.3039025141011586 0.200547053084615 0.8467266811694614 111 68 42 0.32
8932 0.4420704105633041 0.2214312483449141 0.6442108497881029 92 61 32 0.29
8933 0.06674650519489433 -0.1255502073840448 1.017778000946086 152 108 72 0.45
8934 0.1880372488234421 0.09028680648862736 0.9040372183207284 108 64 42 0.49
8935 0.3096347296764951 0.177487292773875 0.8418018398468935 148 105 67 0.41
8936 0.1784221661742038 0.2105745363100843 1.034521334357357 108 84 70 0.55
8937 0.0957294764961098 -0.2196497677558194 1.118701560303509 113 104 66 0.5
8938 0.2976546129383682 0.2239723392912776 0.8401572406746685 130 89 62 0.49
8939 0.100695187540966 -0.2015569728846023 1.08561936070471 92 72 46 0.71
8940 0.1951368206437423 0.1651806493038486 0.9987171687462343 38 23 9 0.25
8941 0.0664444281238723 -0.2809262092362879 1.094697318582545 96 76 64 0.48
8942 0.1080052835439705 -0.1570189725051163 1.118807125131772 130 109 93 0.63
8943 0.08200166502530393 -0.1562226561135791 1.150276808661177 77 60 48 0.38
8944 0.1217511665544063 -0.112685857275482 1.088359804841752 72 44 27 0.7
8945 0.1134898327151399 -0.1245182123395719 1.097857582802063 64 39 27 0.62
8946 0.1266271041391633 -0.1025162941056497 1.083992013090709 80 51 31 0.39
8947 0.1067063676237036 -0.1080206083776786 1.111777068664402 74 50 32 0.4
8948 0.1311309637991813 -0.07444255463006366 1.08051012751181 88 57 40 0.55
8949 0.06481233975336742 -0.0882733565645113 1.178682924739531 121 112 111 0.51
8950 0.1326065166736447 -0.0458187964591476 1.087980026722654 66 43 32 0.19
8951 0.1186787674520195 -0.04792475802774648 1.121948924655362 100 82 76 0.18
8952 0.1528906733824512 -0.02603926948519081 1.04664595118747 59 32 22 0.08
8953 0.1637916365014866 -0.01296420796229295 1.056412424496889 62 35 22 0.14
8954 0.135421841657554 -0.0190410081553003 1.098267838223748 81 49 32 0.28
8955 0.1455858697137459 0.004796672523336154 1.078916271050273 102 75 55 0.13
8956 0.1473780328528326 0.008169857911741435 1.086345809867982 74 46 34 0.1
8957 0.1075401110599219 -0.01161380649136448 1.132965293250742 122 93 72 0.16
8958 0.069160966575883 0.006953327207950916 1.188807666725993 91 61 43 0.15
8959 0.1713381878355351 0.06746863917744869 1.050162915836216 64 37 20 0.57
8960 0.1825346259782911 0.03227073910704822 0.9872470951670946 139 103 72 0.27
8961 0.2801075090350376 0.07559796879875452 0.9131366271865446 116 87 59 0.35
8962 0.1553489158617355 0.06301873155053034 1.078926424430663 73 50 36 0.1
8963 0.141001623681378 0.06647238626614108 1.092919108479649 166 140 117 0.15
8964 0.1654410103436474 0.04495212010488073 0.8940664116709591 124 78 48 0.36
8965 0.1668906122469914 0.06513209789300856 0.9954101474094877 131 85 51 0.29
8966 0.2770561653443149 0.1186383958838735 0.9129732999806504 181 141 99 0.12
8967 0.2599379905552146 0.1388040156092394 0.9286358790561151 74 60 49 0.08
8968 0.1181681850353198 0.1504054257573092 1.138014143002825 77 57 40 0.38
8969 0.2661081282200327 0.1577238608927341 0.9099631611733534 98 56 28 0.42
8970 0.2645318431624495 0.1622201031220079 0.910885129456781 98 70 45 0.16
8971 0.1699006363310298 0.1651677082448861 1.045973915337921 68 49 38 0.17
8972 0.1574175302196525 0.1635645793940212 1.069240089200293 48 37 32 0.19
8973 0.1670418650363034 0.1654885817221351 1.050169812378985 134 97 68 0.23
8974 0.1220371039281778 0.1761299052963406 1.121524805063823 71 54 45 0.34
8975 0.2441506237804998 0.1838816131436996 0.9462354446688206 129 96 68 0.19
8976 0.2650458077646183 0.1599054155394704 0.9096528417259101 117 69 32 0.14
8977 0.1846672983935506 0.1808181717409515 1.019317638343921 85 52 26 0.26
8978 0.1565058624693673 0.1870483446780165 1.056383772280097 82 52 37 0.61
8979 0.1380588150842564 0.1840113776410394 1.078457348645691 118 89 67 0.38
8980 0.1128731705515272 0.1865263026441125 1.12709534811899 60 38 23 0.15
8981 0.2382930520721412 0.1846238450610986 0.9398118747226304 42 34 28 0.51
8982 0.1417708970145357 0.2047981362845829 1.078520986125849 75 59 45 0.77
8983 0.3470419564772979 0.1913203418302133 0.7848896546804581 57 37 21 0.82
8984 0.2883790975264667 0.201026528741358 0.860846320014852 74 45 25 1.17
8985 0.2891307712854365 0.2030122753810747 0.8606728209124228 59 38 18 0.43
8986 0.1913039757351288 0.2121542167710246 1.0227210677929 70 52 31 0.78
8987 0.09631343384469404 0.2298741168341612 1.150774928207 115 80 52 0.43
8988 0.1279031780404422 0.2191675438741716 1.122314681034033 67 55 47 0.22
8989 0.3235881516737449 0.2112570762360343 0.8122987174378954 66 43 24 0.4
8990 0.3171251602091509 0.2046972360394639 0.8293425597909847 61 39 21 0.18
8991 0.1436404835496343 0.2331872087898055 1.071506705772367 47 32 22 0.29
8992 0.3195731961670231 0.2143566073295426 0.817620440824992 76 53 32 0.5
8993 0.2455868963936462 0.2348864208162756 0.9103288102980277 132 98 70 0.3
8994 0.2326530903129165 0.2278551611784321 0.9292942802654653 78 55 30 0.17
8995 0.1327541588802699 0.2495395237029066 1.072067310088192 77 55 35 0.36
8996 0.2298910477148497 0.2670171798890728 0.9284390868164223 60 38 24 0.36
8997 0.1191152513740634 -0.165710645966745 1.099613734188876 60 49 44 0.13
8998 0.1090593288725757 -0.1755964501246868 1.112218235661715 101 75 59 0.4
8999 0.1226612399683589 -0.1484440411325194 1.096870267151587 108 92 79 0.23
9000 0.1324577108680769 -0.1061882728724269 1.086999998830139 110 92 74 0.29
9001 0.1379987884916504 -0.09426876074170565 1.08269128260072 62 44 35 0.62
9002 0.1117624843506346 -0.1089754201549338 1.117505606456632 84 57 43 0.61
9003 0.1265822130957261 -0.09252633366551427 1.085119384945403 139 114 86 0.52
9004 0.1068820600409388 -0.09718306422272815 1.125935946921861 123 96 76 0.19
9005 0.1470774651724567 -0.05992366489771522 1.068936789961597 146 121 97 0.43
9006 0.1204466036613832 -0.06420754551958291 1.11295116804123 83 60 45 0.47
9007 0.1390715023696063 -0.05034357265089695 1.074745105780525 62 39 27 0.45
9008 0.1600778293356407 -0.03290436091578555 1.056969145637477 93 67 48 0.17
9009 0.1417063820753774 -0.04447424533530964 1.08767096938775 78 50 33 0.36
9010 0.1392392433139021 -0.03144201335070251 1.085342768739295 161 133 106 0.17
9011 0.1463165556186461 -0.02135268304798432 1.082690453035523 63 35 22 0.18
9012 0.1380036047262098 -0.01142038465306419 1.092281441291208 130 106 81 0.28
9013 0.1570846867366862 -0.005029984835108775 1.061018251651807 53 34 28 0.3
9014 0.07375942114575329 -0.006093539302704065 1.177230514095793 106 76 67 0.32
9015 0.1396428342321183 0.01044112386189563 1.004941460249106 146 120 90 0.5
9016 0.1335583906247914 -0.0001814719491520511 0.8844891005370231 198 211 224 0.85
9017 0.1342101988697986 0.04048895353576412 1.105167960618944 83 63 49 0.34
9018 0.1676416954353205 0.05908785076554718 1.045411282877583 140 113 87 0.56
9019 0.1664516645371401 0.0741363875000943 1.067571136717109 140 101 65 0.64
9020 0.06784067858175535 0.0763710216935293 1.188074491993888 79 53 41 0.46
9021 0.18014715719872 0.08862144936536859 0.9835889258430653 169 137 110 0.52
9022 0.1905583095117988 0.1007040585194432 1.034807607609235 120 98 77 0.68
9023 0.2614369306894598 0.1221503541299811 0.9322868985313109 99 65 42 0.28
9024 0.1768079071788782 0.1120478876854947 1.041291137136362 61 32 19 0.69
9025 0.1745808187328711 0.1364050000370898 1.051523240952322 146 114 85 0.67
9026 0.08792110033415385 0.1396582679931391 1.176274773355732 72 41 26 0.37
9027 0.2646571492394157 0.1522833589547987 0.9118531765231069 120 84 52 0.23
9028 0.160239781572029 0.1576251777211415 1.070104734364943 68 48 39 0.37
9029 0.1553550130873068 0.1491391778218143 1.085995508385813 167 143 114 0.66
9030 0.1657813510156284 0.1288689687613757 0.8689139758245491 131 82 48 0.09
9031 0.2557884962570567 0.178449683198492 0.9207552797986609 100 75 58 0.2
9032 0.2347852672125514 0.1758242081446889 0.94424985092325 136 103 72 0.4
9033 0.1394459214562733 0.1807357741998077 1.091474957505967 62 38 24 0.06
9034 0.06234497785134369 0.1819345229754049 1.18352891085926 139 115 103 0.62
9035 0.1105709197187157 0.1960686392976472 1.128978108726678 57 35 27 0.22
9036 0.2626520961436086 0.2108182825177416 0.895276191297919 36 21 14 0.29
9037 0.2543221692976199 0.2164218640700684 0.9052322869230321 75 39 14 0.11
9038 0.1819256784194229 0.2327763674414283 1.009912833949828 57 39 26 0.16
9039 0.313178437399429 0.217158977410234 0.8235917923814284 118 83 55 0.19
9040 0.303048226706778 0.2156795452940246 0.8376989086470494 114 70 38 0.34
9041 0.2447553278504836 0.2322711297685407 0.9114242131016784 125 89 59 0.07
9042 0.1789371868712201 0.2247103848564959 0.9563367318291764 32 19 17 0.33
9043 0.1817446482423437 0.2461859132694092 1.003439328073926 97 74 59 0.2
9044 0.1778322212433991 0.234507247520829 1.012928510328075 53 33 25 0.4
9045 0.1541765665800987 0.2476821650996522 1.040096035154021 45 33 28 0.23
9046 0.1817805475419804 0.2476316277529909 1.001028669063078 42 28 22 0.34
9047 0.1082926752448004 -0.1369705104763773 1.098903474728216 53 34 26 0.77
9048 0.1022046359766469 -0.1167127693654245 1.111324422069591 121 98 76 0.57
9049 0.1139911251856094 -0.1006938923607391 1.115456172176175 108 82 63 0.85
9050 0.08057184102986098 -0.1321229453298405 1.017631451863829 137 84 42 0.71
9051 0.08791130191025281 -0.08284143475887573 1.147558821729472 53 38 28 0.31
9052 0.1385381129015938 -0.04998661197223375 1.08696973673227 72 47 34 0.2
9053 0.139357496538992 -0.04039135137210315 1.083502185644722 131 102 80 0.28
9054 0.05992661922153014 -0.05517732209047682 1.18551099776714 106 91 85 1.17
9055 0.1402135191957006 -0.02433907059795518 1.089231524129406 76 52 38 0.23
9056 0.1003914052396886 -0.01548256487829971 0.8569849071524402 219 221 223 0.34
9057 0.1821444732318945 0.03428338698033578 0.9862277906669017 167 129 89 0.42
9058 0.1693973244985847 0.06268612157948356 0.9981495550970486 125 86 56 0.68
9059 0.250854921350057 0.1518412296062345 0.9287890446873958 84 63 44 0.36
9060 0.3445640240243684 0.1863636852688445 0.790554736614365 73 58 42 0.13
9061 0.1641649940395846 0.217093630885733 1.040498695870191 82 54 36 0.28
9062 0.1728909514643018 0.2228275430617792 1.034923022986055 68 47 32 0.17
9063 0.3009664906693818 0.2592727672714485 0.8335800769068867 132 98 71 0.59
9064 0.2507952182255557 0.2835912468882963 0.9043297185713546 96 56 28 0.26
9065 0.1236020293799728 -0.1522319370108728 1.099721907979033 63 44 33 0.93
9066 0.07026396267470159 -0.1466869617151164 1.162629423685314 91 69 56 0.11
9067 0.1688130777843413 0.01899395636044401 0.9021175787178286 138 98 66 0.16
9068 0.1804851910711308 0.1004599322400983 0.9841149382951 64 35 18 0.39
9069 0.1260884801765402 0.2293519318046025 1.098782600400875 27 14 11 0.24
9070 0.2239004084194953 0.2780027223543165 0.9843691122781314 135 119 102 0.54
9071 0.2993041271010631 0.252519851530868 0.8338791650443842 107 74 49 0.14
9072 0.1422369045329797 0.01618985369709547 1.087370558173099 158 117 75 0.62
9073 0.1552393700405199 0.08245431938467712 0.8877815421540798 176 124 71 0.41
9074 0.09565642576059658 0.09239618653639806 0.8258243183388814 65 33 15 0.63
9075 0.3020890384001492 0.2430565733278799 1.109941293630171 190 203 213 0.34
9076 0.3210864133906522 0.2446415951693075 1.112896087860345 49 35 28 0.28
9077 0.3226812401971344 0.247807455305285 1.130695624734377 79 45 33 0.33
9078 0.2475106064757189 0.2794594891419761 0.9163806149791066 71 48 31 0.1
9079 0.1422552672513882 0.06397971971902341 1.094273079268115 174 129 98 0.15
9080 0.2929328881311783 0.2931574156873727 1.070921403685119 44 28 20 1.2
9081 0.08788510923546855 -0.2350195293345669 1.147891483597836 136 115 96 0.47
9082 0.1150227524767447 -0.1958523170466985 1.102560313369911 204 165 125 0.21
9083 0.1182991585949121 -0.1809148268308681 1.100872560029658 180 147 112 0.21
9084 0.1191398385465289 -0.1760435525646717 1.097762309332977 200 163 117 0.2
9085 0.1185979248749051 -0.166423965411556 1.10006683529275 81 60 42 0.49
9086 0.09108210907997188 -0.1908575263824711 1.137564613498241 92 73 62 0.25
9087 0.1021633225713418 -0.1762133152661203 1.12501590255771 184 144 109 0.2
9088 0.1019078084438161 -0.171787143569992 1.122241140623784 154 127 100 0.25
9089 0.09793448365320617 -0.1717098350914276 1.139714227377379 192 148 106 0.2
9090 0.101676665425149 -0.1663277491428991 1.136776408091384 90 64 42 0.47
9091 0.08965658814642918 -0.174866516322112 1.064699140185122 105 84 74 0.54
9092 0.1256882847154753 -0.1491276265333494 1.092868272349532 146 115 75 0.59
9093 0.1141621092531629 -0.1399244543702791 1.111890513636128 88 62 39 0.4
9094 0.09952647177067686 -0.1615812828775002 1.137561067001374 131 103 80 0.37
9095 0.1299097369956911 -0.1170340493798768 1.073797968214175 62 37 27 0.34
9096 0.1304649667571506 -0.115120647543997 1.075943325096688 99 67 44 0.2
9097 0.1117792164106116 -0.1297701230296851 1.113337621393784 174 136 104 0.13
9098 0.118289574726383 -0.1115426164691109 1.118364311788165 93 67 54 0.5
9099 0.07922715408535136 -0.129173904494344 1.160116240064731 93 71 54 0.26
9100 0.06697008912556457 -0.1309522765303005 1.170914393548602 128 97 70 0.33
9101 0.08515049563619187 -0.1289810236417039 1.032039702029095 63 43 37 0.34
9102 0.1358748849778766 -0.09550581858189594 1.067155886699791 67 43 28 0.32
9103 0.1259521314007466 -0.09529937867657678 1.101435229719717 163 130 101 0.26
9104 0.1106755377879194 -0.08262022278298692 1.041809624035487 65 39 30 0.18
9105 0.1386667447354609 -0.07670810432039543 1.0854163337582 128 96 70 0.32
9106 0.1413529956256305 -0.07079477537192769 1.083396847699166 196 151 103 0.14
9107 0.08555046321570225 -0.09488143008847233 1.151052418348535 102 77 61 0.15
9108 0.08513429248091026 -0.08206274091289661 1.151916583527059 96 74 63 0.12
9109 0.07113646883013053 -0.09046071473214251 1.170387700695896 151 122 96 0.24
9110 0.0782168166469257 -0.0797843437858885 1.168589388917281 131 102 82 0.27
9111 0.05296482494788651 -0.1031181410828633 0.9990980610450705 140 98 59 0.3
9112 0.158674329752812 -0.05436803673818824 1.063932446691987 166 122 87 0.25
9113 0.1530779746411664 -0.04771057718888377 1.062056948071674 106 79 50 0.77
9114 0.1073458983613387 -0.06251944582473007 1.129786814990353 104 79 63 0.64
9115 0.07107207527530102 -0.07879538730697333 1.172026843053068 158 124 101 0.1
9116 0.1553450931055623 0.03687666705667086 1.015283798237977 153 103 65 0.64
9117 0.1156034696026603 -0.03308127305869527 1.123020008189446 58 38 29 0.48
9118 0.1295727360943655 -0.01956929494127277 1.1077014077987 137 97 60 0.14
9119 0.06234585308558976 -0.05564188997563024 1.184714372202871 84 64 54 0.25
9120 0.144679564415488 -0.009597864944001194 1.085694169831523 139 105 73 0.1
9121 0.1571957027396418 0.006373006377457163 1.068121012068912 126 84 43 0.12
9122 0.1241300741641484 -0.01743958768547366 1.111567156002298 92 67 54 0.08
9123 0.134966449462631 -0.0008682172660966769 1.003285012165078 146 119 94 0.14
9124 0.1700791266899863 0.02312607816506193 1.046318158100773 130 103 75 0.34
9125 0.1302810206619638 0.005885106093760667 1.10802260669617 80 45 22 0.08
9126 0.1318467010242186 0.01194014699637647 1.122454002559563 177 122 77 0.19
9127 0.1764237518558266 0.03527217482004533 0.9911100270907176 143 121 102 0.28
9128 0.1593744580844357 0.03600649361844732 1.069227365596055 151 108 79 0.34
9129 0.1693602077457566 0.04998514450633273 1.052291493203883 101 77 53 0.37
9130 0.09504106906051579 0.03458926844661314 1.159238684479971 93 71 56 0.61
9131 0.07389172237321262 0.02703476066984603 1.178208548413048 86 59 44 0.35
9132 0.1397703941660442 0.06401562115797541 1.092870359069506 80 45 24 0.03
9133 0.1643513585828925 0.07673813876250343 1.011013122187739 64 45 32 0.2
9134 0.5104688458276686 0.1131000610581346 0.5849053611732884 89 60 31 0.81
9135 0.5071822600822573 0.1125505187596669 0.5868493794539456 130 114 136 0.27
9136 0.0601153238685378 0.02429758168678031 0.80769114010124 107 84 70 0.89
9137 0.1814032373148185 0.07550650465737116 0.8956689494729415 92 66 52 0.4
9138 0.1947856627385432 0.1051683407325019 1.015871066854933 148 108 65 0.31
9139 0.5099964277538569 0.127820193412937 0.5839916495310252 158 122 74 0.68
9140 0.1834526668871142 0.1023667886500984 0.8908022112366591 63 32 13 0.47
9141 0.2689937883061801 0.1338379861309132 0.9372304298888021 152 121 96 0.14
9142 0.1931737583515434 0.1261149930059316 1.010742390741122 66 41 27 0.5
9143 0.1724612015317123 0.1231365687501542 1.068748906268115 77 49 36 0.79
9144 0.1250873120861646 0.1369219601288077 1.139550016275912 112 87 69 0.44
9145 0.157596978608232 0.1549214327542682 1.079251027944127 66 54 46 0.52
9146 0.1448151458411007 0.1067488751079558 0.8544547442588867 111 67 44 0.4
9147 0.1977580446482707 0.1593434375736376 1.009807332242604 180 122 73 0.09
9148 0.0515153490854165 0.1602413536038663 1.212790822882114 126 127 113 0.46
9149 0.3187675430545713 0.1683692128531279 0.8286518205174983 128 84 41 0.23
9150 0.3150551642229299 0.1688320899562943 0.8308513740448873 176 139 100 0.1
9151 0.261454244306805 0.171292992706211 0.9123211874561615 115 84 67 0.24
9152 0.2361550318077987 0.1772458795868216 0.9456474732304534 86 56 35 0.36
9153 0.4926461429612655 0.1650821813765247 0.5828186700686668 132 119 89 0.6
9154 0.4484306662132447 0.1612680318199066 0.6442880055111937 113 92 57 0.17
9155 0.4445298332265232 0.1609068287927514 0.6478738945507861 125 100 71 0.2
9156 0.3966939473835278 0.1704804928965119 0.7161109959228346 161 125 80 0.32
9157 0.3669666928703006 0.1724445186851176 0.7639211508745921 127 97 60 0.39
9158 0.3038439521911113 0.1762103280418964 0.8476559810871331 107 74 50 0.09
9159 0.2608836509130243 0.1823597320152311 0.9144948672743685 89 64 29 0.18
9160 0.2483896264519481 0.1944985019675078 0.9384877095647609 66 45 25 0.17
9161 0.1702355233455171 0.2000221769792894 1.043712532284672 122 89 61 0.35
9162 0.1819644449011775 0.2047610319399902 1.032841854845965 120 96 74 0.26
9163 0.1729814566467346 0.205175453174263 1.041447503468521 110 80 46 0.26
9164 0.4575813379590381 0.1768540906123165 0.61422642115152 32 22 15 0.29
9165 0.3380208974655529 0.1984273938223983 0.7986696857770047 85 64 50 0.11
9166 0.193467514990214 0.2099711143739911 1.020230196518415 118 96 68 0.26
9167 0.1426399552867602 0.2149027924329119 1.072430442128104 90 80 68 0.86
9168 0.06290420271186159 0.2345743190076006 1.184373998179152 88 68 53 0.38
9169 0.459428247201953 0.17894146364113 0.6118751406148462 33 13 7 0.25
9170 0.4320534694765499 0.1893241312953564 0.6570465966661299 165 127 64 0.4
9171 0.3308290632518169 0.2028131314258641 0.807778419161381 151 116 82 0.37
9172 0.3176794866067784 0.2079284804270591 0.8201170961661384 100 65 28 0.07
9173 0.2467769571810611 0.2240384320828189 0.913047750223223 109 72 44 0.15
9174 0.185721473106226 0.2279064811201316 1.004835404971034 114 77 53 0.25
9175 0.4303715679744697 0.2049727905859898 0.6539555034135199 95 73 47 0.35
9176 0.4067794001859868 0.2054981453723954 0.6856856508740776 128 106 73 0.19
9177 0.3730209555384789 0.21472467890791 0.7307114039905617 115 84 45 0.15
9178 0.3657308496581085 0.2139346377679887 0.7529869228531625 79 66 47 0.47
9179 0.27322465995134 0.2276672421661051 0.8754313749907667 133 86 53 0.2
9180 0.2734326529664761 0.2287660436402962 0.8786883608361389 104 74 54 0.53
9181 0.1066182993424756 0.2630233349531504 1.109686987311233 58 37 23 0.52
9182 0.3772995678681224 0.2165276818289368 0.7245287351427743 98 77 48 0.8
9183 0.3490106510555983 0.2267014452896462 0.7742086808662759 163 120 71 0.1
9184 0.3393012106690994 0.2316265136313526 0.7851730807704904 80 56 28 0.28
9185 0.3256781591907879 0.232861384870476 0.8045969166607154 80 57 34 0.21
9186 0.2913834851324884 0.2400009758135823 0.8502054760331248 50 36 21 0.2
9187 0.28678024462813 0.2406871544427147 0.853970205069669 98 77 57 0.56
9188 0.2744608752483172 0.2358087921826978 0.8680415945149971 76 47 24 0.55
9189 0.4251381471678992 0.2216835225122264 0.6651927608774637 68 55 38 0.34
9190 0.2497934654423916 0.2760488579853025 0.9106653542302691 56 47 41 0.09
9191 0.1091915700277907 -0.1959165851947721 1.111708978288144 77 60 47 0.32
9192 0.1101144976059394 -0.1855089815162687 1.113370588722197 117 92 71 0.49
9193 0.1013254068132523 -0.1837914878307436 1.122405301124329 79 60 47 0.64
9194 0.1043841236456329 -0.1732666304164566 1.071219864300235 83 67 58 0.24
9195 0.1238943338300954 -0.1554805015498999 1.092533508178561 179 142 100 0.21
9196 0.1075284181425825 -0.1629458901753383 1.120804655677653 156 123 97 0.36
9197 0.09837328821612984 -0.1570916569968037 1.138551109560435 96 72 52 0.28
9198 0.08062920680398278 -0.1676077942548703 1.153897109087902 95 68 46 0.29
9199 0.134132352468078 -0.1211396175078852 1.093463790283088 113 72 45 0.59
9200 0.1356816814631685 -0.1132412785810797 1.081716998932534 214 169 116 0.1
9201 0.0951149630838129 -0.1388486740515915 1.133844582703378 76 57 48 0.22
9202 0.1063438620275605 -0.1318561202664615 1.124774436274368 126 91 66 0.4
9203 0.0672920314787957 -0.1535295304409121 1.169042992868811 118 97 60 0.44
9204 0.07258419816666362 -0.1467008887693585 1.164220909913237 156 116 85 0.3
9205 0.1201762243772793 -0.1087648794722128 1.104732626512168 166 134 104 0.2
9206 0.1043925366972314 -0.1137002149560626 1.136315852928361 101 69 45 0.3
9207 0.1061266267796951 -0.09935036402817349 1.128566370029792 101 71 49 0.48
9208 0.09154014830447343 -0.1102335202360404 1.146707205499886 86 63 50 0.38
9209 0.06947747584105696 -0.1255714262206242 1.169197125161732 130 100 80 0.18
9210 0.08273090989886489 -0.1036108620948725 1.15664483704816 83 51 34 0.12
9211 0.07837236090461558 -0.1039305041460296 1.162656583575505 126 95 76 0.12
9212 0.1346420922710048 -0.08338251755845077 1.087640528889857 151 121 93 0.2
9213 0.122618216229362 -0.08726929249631021 1.101720863793597 180 142 109 0.12
9214 0.1262460471484195 -0.0799439200416775 1.101555383616806 141 114 90 0.32
9215 0.146454318291285 -0.05642405103470199 1.081635944547948 138 104 66 0.21
9216 0.07968730365927873 -0.07618585918742937 1.160455543873899 144 109 83 0.46
9217 0.08078744704851593 -0.06511169951114537 1.162116495062292 103 80 66 0.2
9218 0.08656179486387078 -0.05846519251526971 1.158179131939935 93 59 38 0.12
9219 0.1622031344715116 -0.02563511213726505 1.058181518529196 121 82 54 0.21
9220 0.1591355222166401 -0.01863114787745904 1.072211713318092 165 123 80 0.21
9221 0.1613773225158098 -0.01189694114189027 1.06979572313879 147 99 65 0.07
9222 0.1443193828172109 -0.02274011889132158 1.090680324976337 100 78 59 0.21
9223 0.07982205331921288 -0.0527825034120748 1.162449249857751 117 91 69 0.28
9224 0.1672286892635178 -0.006142954698014458 1.050439843357793 99 74 56 0.22
9225 0.1595208955768908 -0.004180200472299916 1.060957758073254 55 34 22 0.25
9226 0.1293804385460035 -0.001713035863991519 1.109491389353134 64 45 39 0.1
9227 0.1092668942064431 -0.01565528802937735 1.13666435178423 87 64 49 0.26
9228 0.1209353835075975 -0.006544337635853353 1.123295119144843 120 86 48 0.52
9229 0.09132886155643566 -0.01783057509325306 1.161076771752536 127 92 70 0.67
9230 0.0750828119566776 -0.0167863632138075 1.177702036234943 149 120 96 0.15
9231 0.1880503027328872 0.01880299635531332 0.9770520689659508 153 110 73 0.14
9232 0.1359468157460017 0.002245004552136498 1.003327470255442 78 48 32 0.22
9233 0.1440711337543252 0.03274321234141581 1.09157209738299 132 98 69 0.46
9234 0.2646401862049502 0.07095754799898418 0.9393269662776162 220 178 120 0.34
9235 0.06332375215555441 0.02654250007852552 1.192276631947028 82 56 43 0.18
9236 0.5159279579232892 0.1036109771769751 0.5801449132874772 157 108 57 0.2
9237 0.1730324519927051 0.08207809272209912 1.018533880683656 80 50 32 0.49
9238 0.1747757194952405 0.08891496719608771 1.046613950738187 128 103 66 0.2
9239 0.0756947534277056 0.07222151899784213 1.179692011896645 99 78 66 0.39
9240 0.07751802214211551 0.08245409800424092 1.175944981140017 106 80 60 0.48
9241 0.09292037782548374 0.01923475619772169 0.763903485726331 215 214 216 0.56
9242 0.09360049312202345 0.02363666143078724 0.7749919438986943 127 107 71 0.97
9243 0.08648472335401852 0.02495555084306225 0.833504020557244 191 198 198 0.69
9244 0.1470538761414136 0.1166396925765129 1.105741385089798 70 57 52 0.15
9245 0.5065851514215653 0.1280934410518938 0.587087305730205 96 78 64 0.58
9246 0.08115060841529775 0.05720705465883053 0.825891282264659 160 106 64 0.42
9247 0.09592308021429219 0.117428276395628 1.170817198954348 98 68 39 0.69
9248 0.09770994891167822 0.1306174379112537 1.165774366964185 98 72 50 0.18
9249 0.0837061452517201 0.1334907837952808 1.179592001928729 124 85 62 0.15
9250 0.2668961874091579 0.1471670953711285 0.9163683699014913 132 98 78 0.26
9251 0.4348267995936837 0.1498319210573704 0.6711962354022796 170 124 86 0.84
9252 0.3914439394191729 0.1592193510421496 0.7336539872119354 146 101 62 0.52
9253 0.3596777973160742 0.1640514261111241 0.7746018175807188 118 91 55 0.38
9254 0.1904677918222442 0.1675622399670678 0.998140455352196 49 25 12 0.26
9255 0.1788269515552916 0.1848258131484496 1.026900648788609 126 85 60 0.2
9256 0.08768378004562716 0.1893098745089641 1.157394271087943 48 33 28 0.16
9257 0.4766005423134108 0.1586279792530429 0.6082080913353231 112 98 77 0.31
9258 0.1795132886999325 0.2037413153752329 1.039118409554654 117 90 54 0.46
9259 0.2997302888406955 0.1971614517400469 0.8538620646568673 160 99 54 0.19
9260 0.2858889985279676 0.1960524624736601 0.8678366690742965 171 120 63 0.35
9261 0.2864096871024194 0.2060417682535974 0.8656361266570051 109 89 69 0.2
9262 0.1346843348042699 0.2161826223408103 1.101697191511408 138 108 83 0.37
9263 0.4874036651061764 0.178456319408084 0.5835197713156222 119 96 60 0.99
9264 0.4367572722921657 0.1862792459915577 0.6527902633207445 181 143 74 0.43
9265 0.3823387970008795 0.1993680036621369 0.7247408431539181 150 115 67 0.24
9266 0.3143185938456856 0.2069284214513644 0.8258624194637588 140 92 45 0.91
9267 0.2551395632810191 0.2208402852135207 0.902866776375246 104 50 21 0.16
9268 0.2370095279697299 0.2208259639854315 0.9276138687907601 123 84 54 0.32
9269 0.4560773203992224 0.1990807825846621 0.621038117522914 116 86 45 0.42
9270 0.3002215009971966 0.2267473779217121 0.8395566072609073 140 87 47 0.13
9271 0.2500001942285043 0.2319241300834706 0.9042115824773687 138 81 51 0.07
9272 0.1098846578279591 0.2661261893267337 1.107183951949141 67 46 34 0.2
9273 0.3745141317287195 0.2185149856613856 0.7335200444361042 100 68 36 0.5
9274 0.3811256831958508 0.2240191145350776 0.7332652170699132 56 38 25 0.19
9275 0.3770562812983391 0.2191297913491531 0.734884138658542 143 103 64 0.2
9276 0.3451211021462782 0.2292460202924929 0.7788006234253521 68 42 20 0.26
9277 0.3289428279356739 0.232446124503777 0.7979585090415904 118 83 55 0.15
9278 0.1634191764581024 0.2638311852627037 1.026388357250182 129 83 52 0.24
9279 0.1123196736902839 0.2729934681068245 1.102083139784039 96 72 60 0.32
9280 0.3304672603510808 0.2510033667913298 0.7939433893062529 124 92 53 0.8
9281 0.4658143606708915 0.2322253599277946 0.6261044766589516 98 61 28 0.16
9282 0.3459447768469401 0.2569705280657429 0.7860333150267749 84 64 41 0.36
9283 0.4798439194557381 0.2348359866720398 0.6097177527085846 82 64 16 0.3
9284 0.0719552222454829 -0.221326091334511 1.073287732998971 121 102 90 0.2
9285 0.1026812075104914 -0.1932438100634404 1.120868369243736 59 43 40 0.55
9286 0.1296655556413345 -0.129574805107431 1.087943432119491 190 145 100 0.26
9287 0.0949509835744683 -0.1406533990767806 1.136783642033873 152 122 94 0.31
9288 0.1460344786155302 -0.08299424913299436 1.070261547371867 79 56 39 0.28
9289 0.1511023688631833 -0.06078797580269235 1.064689907478307 91 66 56 0.73
9290 0.1347932112648233 -0.07489391115155902 1.09375761554912 93 61 36 0.36
9291 0.07238920543772298 -0.1016161935730996 1.170430710934586 134 106 83 0.51
9292 0.08265542355445304 -0.08018758724781477 1.161433676913871 131 90 68 0.3
9293 0.1503299383183996 -0.0540443164696372 1.069874062953767 139 110 78 0.28
9294 0.1157242574298951 -0.04591549395326988 1.126191169089183 62 45 43 0.4
9295 0.08036741808195547 -0.01608291571621062 1.171161182504772 50 39 34 0.57
9296 0.09262243458345198 0.02250966303312829 1.162212116155044 90 60 34 0.35
9297 0.1735674089365075 0.03791430393356054 0.9999779520387369 124 85 59 0.51
9298 0.1603442858867999 0.03896523281021746 1.009107608058767 101 76 61 0.34
9299 0.1680836197630427 0.03352673832222577 1.045526408067931 228 177 119 0.69
9300 0.1492960351745643 0.07379242776211353 1.087949226344271 85 65 46 0.34
9301 0.2119763025794323 0.0881880723770273 0.973808226748597 149 106 64 1.0
9302 0.1805547579013311 0.0743308021515536 1.035793377386909 178 119 68 0.76
9303 0.08717652900672418 0.08572146085482074 1.166591111705197 74 63 57 0.16
9304 0.2571017664704159 0.180538378461322 0.9170089148222551 86 65 47 0.29
9305 0.2066819905928889 0.1340212339974459 1.013693296538717 109 85 63 0.36
9306 0.1232478399789662 0.1230565732433947 1.140159399742634 56 39 28 0.51
9307 0.4875552379845074 0.1481521087561757 0.5955102351820669 111 91 60 0.44
9308 0.2970707316820842 0.1757335796629915 0.8579465492129328 167 127 85 0.41
9309 0.2570205208020592 0.181810846275889 0.9248390155512998 119 85 36 0.25
9310 0.1421900714547379 0.2031519404559602 1.085641889849891 86 67 53 0.57
9311 0.1540505531271351 0.2173196455981005 1.084493959113776 121 100 76 0.32
9312 0.5026666956780088 0.1819573101182408 0.5679068596660125 81 37 9 0.23
9313 0.2657289591948105 0.222779898907622 0.8881037426744272 80 36 14 0.08
9314 0.2667779240188241 0.2345799514631951 0.8821638457593972 110 79 55 0.6
9315 0.4075936811928464 0.2177307590961471 0.6932614833053647 143 113 61 0.07
9316 0.3994520815163485 0.2180735848962794 0.7058782521395611 60 40 24 0.24
9317 0.3793476999291686 0.2212358994004308 0.7282667120519642 79 58 33 0.82
9318 0.361946785716869 0.225678585323988 0.7568459186803908 52 35 20 0.27
9319 0.3901283239278244 0.2636281701241209 0.7185555567288802 71 58 48 0.34
9320 0.09400451283352668 -0.1823678517770406 1.080169754934379 39 27 28 0.48
9321 0.08828787629939999 -0.1878859158735314 1.139222941631934 157 134 108 0.04
9322 0.1082684506114773 -0.1722485400664269 1.116730122312713 60 44 44 0.51
9323 0.1096903458538411 -0.1312013531613724 1.119093013550348 86 56 40 0.5
9324 0.1171576189586435 -0.09155268427681085 1.114880555279165 178 130 82 0.27
9325 0.1418253230939154 -0.07651764869631483 1.080617201087473 80 54 37 0.5
9326 0.1475302113860609 -0.06002628567164864 1.08203669300743 180 136 88 0.28
9327 0.1195130919709994 -0.08810766760167948 1.108572161195923 70 41 31 0.41
9328 0.1165091371893744 -0.08272330116331306 1.110818417637218 172 139 108 0.58
9329 0.09109235737158466 -0.0883254232738197 1.146586134542823 58 40 32 0.33
9330 0.08808255623234007 -0.08397545633350939 1.146842544577582 97 66 41 0.56
9331 0.1268427112168342 -0.05775239523245473 1.107368266679554 134 106 68 0.98
9332 0.09590047868239276 -0.06850317819777274 1.145305331086946 137 113 89 0.88
9333 0.1026171878562581 -0.05667456321945963 1.140791760833596 90 52 28 1.12
9334 0.158522718790492 -0.0007888844369348114 1.069690393187881 149 111 83 0.26
9335 0.1322073535212277 0.007354229955862074 1.119073156709403 79 55 36 0.68
9336 0.1317492980332839 -0.003962698322871161 1.009810310278794 150 129 112 0.89
9337 0.1723284515142545 0.01483180260222736 1.044509520855143 127 75 35 0.29
9338 0.1625904305795678 0.01168578885672927 1.055931771390807 101 74 47 0.4
9339 0.1727181193382394 0.03137500958627809 1.041087329747917 93 60 35 0.27
9340 0.1668543004460117 0.06450994454462439 1.060933046825781 176 132 92 0.44
9341 0.5103309065964915 0.1239573529897274 0.583583854712142 140 96 52 0.53
9342 0.1862060597945215 0.1366322169953405 1.037270054241372 81 57 37 0.11
9343 0.120169927847853 0.1588887555550804 1.142115603917316 90 70 57 0.19
9344 0.3920595469304958 0.1642843492215892 0.7267380051527867 115 80 31 0.57
9345 0.166308419063312 0.1698755298024605 0.9784071122330682 75 52 36 0.15
9346 0.2433876608135912 0.186611838787036 0.9428848859059397 75 54 35 0.35
9347 0.1822350664535239 0.1919435656754586 1.025519863354674 92 59 32 0.26
9348 0.3079813475099964 0.2472523409881679 1.106503782747728 221 219 218 0.11
9349 0.06003999688359885 0.2207702038202158 1.188252154894663 66 54 43 0.26
9350 0.4475419699930127 0.201129822721108 0.6317130362457107 110 86 51 0.16
9351 0.2668822402435455 0.2251463753084863 0.8843953340986674 157 96 49 0.68
9352 0.2330507902584984 0.2416874223636276 0.9252912235291819 96 58 28 0.4
9353 0.2554164229967383 0.2425051054030852 0.8915558164566775 100 65 38 0.54
9354 0.4877252691643202 0.2084151390218039 0.5884335615516472 82 66 48 0.44
9355 0.1498516772812629 -0.05676548410290561 1.074437204020025 63 39 26 0.3
9356 0.0840804530085203 -0.005076521473757034 1.168464387545234 59 42 34 0.29
9357 0.1892353615414805 0.08524245941174668 1.023244293450207 122 82 47 0.42
9358 0.09855447111045151 0.09937645041283737 1.161640428127779 92 57 30 0.57
9359 0.1490685475319495 0.2094138799826069 1.083678856041431 55 43 34 0.17
9360 0.1473850368190711 0.2663220515853965 1.044388682814634 132 91 74 0.42
9361 0.09002166504768011 -0.1531556779728521 1.043876428465875 99 72 56 0.14
9362 0.1339919856818885 0.002640570672946291 1.115160172962574 145 111 74 0.66
9363 0.276418409105978 0.1666951850139206 0.894801720287836 125 80 39 0.61
9364 0.2711568446838877 0.1723457828571823 0.8966375953303924 144 108 74 0.74
9365 0.07886155393943173 0.2261613130786407 1.159971283882002 105 78 58 0.64
9366 0.1580593179348899 -0.02365111639762854 1.065647926610391 64 38 26 0.4
9367 0.1687400687306547 0.02237417778656625 0.9853093841269895 153 110 65 0.84
9368 0.1714497009371178 0.03138191902301349 0.9960021796494534 187 147 104 0.45
9369 0.1179975234566452 -0.009561443800316816 1.123075185776732 144 106 78 0.25
9370 0.1377755651399771 0.1091421541307106 1.11811610870612 69 45 35 0.06
9371 0.2753952646224565 0.1368957534123447 0.9029197780343944 116 76 46 0.81
9372 0.2748026875653742 0.1764681079172206 0.889320352436753 68 44 30 1.12
9373 0.1609332453819016 0.2096617184192058 1.05301105569682 117 87 58 0.4
9374 0.4273149798758073 0.2101338414902395 0.6655524780979029 78 53 31 1.18
9375 0.3385848365564784 0.2310025262871496 0.7809496588478092 130 102 59 0.49
9376 0.1616129147848648 0.2692044986861689 1.022206413349461 21 17 13 0.29
9377 0.1235122132931067 -0.1424880099957399 1.082215394828256 67 45 38 0.78
9378 0.138452951062133 -0.09762868307573919 1.0685138825806 76 49 32 0.57
9379 0.1555306272072246 -0.0694568503844587 1.057794638700441 79 50 32 0.75
9380 0.1485166150885404 -0.05543805934563401 1.056800782997338 71 45 28 1.22
9381 0.1998882418714086 0.1352922780813784 0.9931393463165583 106 73 50 0.71
9382 0.4925858818915189 0.170387562506881 0.584699477807151 139 128 106 0.61
9383 0.4076256615584279 0.2122302900281552 0.6930143929278992 145 115 70 1.09
9384 0.2079130740032491 -0.1014231439060255 1.018652924579181 176 122 76 0.91
9385 0.1035150606827756 0.02869394977627041 0.8463293797158966 148 110 79 0.74
9386 0.1463736702125497 0.04821434445955711 0.860127858970672 132 86 48 0.26
9387 0.4465035820593386 0.1636322554678879 0.6487755010470458 90 75 61 0.16
9388 0.4045635956377884 0.1951403962681345 0.691549029110524 122 88 50 0.22
9389 0.326396934910515 0.257448609025746 1.111344748308096 117 81 55 0.15
9390 0.3397807748579331 0.3237136764984702 1.083845732101209 106 84 63 0.96
9391 0.2875366389694965 0.280557890328509 0.8542233677286679 86 62 39 0.38
9392 0.3180629616548879 0.2739721987729298 1.08334736089202 120 75 41 0.75
9393 0.2936526143266627 0.3113481440076464 1.069333551453614 132 98 72 0.11
9394 0.1123264953536512 -0.1344325646975877 1.115781997808707 150 121 98 0.47
9395 0.09336454975030384 -0.1259048666862793 1.045145816118512 86 53 27 0.46
9396 0.3120630131697938 0.2975643417574456 1.084369969286013 39 25 18 0.44
9397 0.05814472025966166 -0.1303143477714926 1.015817094006099 188 128 74 0.41
9398 0.2913932621146745 0.3046550446143361 1.064183008882059 144 115 80 0.62
9399 0.3218753973529458 0.2702050831610609 1.107380820515809 166 120 74 0.19
9400 0.09146445986670437 -0.1337326053633094 1.044015331874656 133 90 61 0.44
9401 0.1967127338813875 0.1182606542808743 1.02654945294516 78 50 32 0.6
9402 0.1340495719189967 -0.1165985818772254 1.076557464568974 115 76 45 0.25
9403 0.133365102026355 -0.09613553705486211 1.067797935581487 119 87 63 0.25
9404 0.09149910958500662 0.03649657803163883 0.7654984410113799 116 80 58 0.55
9405 0.2719757464030103 0.3051630066562277 1.049974256235819 100 78 64 0.46
9406 0.07881092126988049 0.1718078830252729 1.180282652708955 65 50 34 0.47
9407 0.1113754024429618 -0.04438454855113644 0.9993966287133684 112 70 41 0.35
9408 0.2141879647460003 0.02700848815286055 0.9344209921494059 168 131 101 0.16
9409 0.1606787050375939 0.01239080815964658 1.035939757489812 158 122 86 0.17
9410 0.17030550127357 0.04665478245859486 0.8870066169199609 96 65 46 0.27
9411 0.2249296212453033 0.2150755094555851 0.9374696870581938 133 102 78 0.5
9412 0.1770330570151549 0.09835972621148592 0.8867363700234016 133 96 61 0.14
9413 0.2029454591031501 0.1516067263182765 1.009073422129365 69 54 42 0.17
9414 0.3625694758680324 0.1635433027165866 0.7728168143245083 147 90 49 0.09
9415 0.3190947259263838 0.1696865187158792 0.8275058207606039 147 85 45 0.1
9416 0.07121084582891418 0.168915509985039 1.198868357182821 117 95 81 0.43
9417 0.06652227048745335 0.1747714517106803 1.203142318299955 127 106 86 0.25
9418 0.2802930525711224 0.1800961102636982 0.8806058609082992 181 130 76 0.16
9419 0.1480056480924186 0.2280595172883516 1.069172830425217 46 35 30 0.12
9420 0.2688371834445203 0.2280264915096624 0.8816244595402487 99 70 48 0.42
9421 0.3078249369689919 0.2771124492535592 1.091661710948632 82 52 33 0.3
9422 0.3028139506580988 0.2796206890705246 0.8354280525797242 128 102 75 1.02
9423 0.3162461818073408 0.3008747790665345 1.085892335581425 115 77 60 0.58
9424 0.0674351767918665 -0.1358178492255983 1.023148879663937 133 95 61 0.34
9425 0.1608288248913672 0.03171415534132901 1.026980984244605 161 133 105 0.05
9426 0.1963231541805158 0.06028317453817267 0.9180467807833133 171 115 77 0.38
9427 0.1447249112601522 0.07543735699160362 1.082418514236112 91 62 43 0.22
9428 0.2180661295823549 0.101216715838036 0.916784650016925 83 41 23 0.38
9429 0.3795113236835915 0.1961977070842431 0.7286941899528134 124 96 61 0.21
9430 0.3202165743669887 0.2486345265342682 1.138512594178317 82 66 69 0.43
9431 0.4447408468621596 0.2210825819227708 0.639068153982308 92 73 52 0.5
9432 0.3154541988498843 0.2533782272157283 1.10469716252266 72 44 29 1.27
9433 0.1798439541156345 0.2552603305648689 0.9993930480027036 121 90 73 0.14
9434 0.2304069281988979 0.2726987041786798 0.9238060001890217 82 62 27 0.49
9435 0.1714233671195238 0.02131023422726649 0.8926738827464158 72 48 35 0.22
9436 0.3879774822772878 0.2342299519362701 0.7172566461205763 143 102 59 0.42
9437 0.2612438069782316 0.2492384653136599 0.8829643100874176 27 15 11 0.1
9438 0.4556951584578705 0.1451377660418082 0.6486876832499326 169 130 91 0.76
9439 0.09451383047432188 0.1709432808090885 1.174642274632639 123 101 75 0.53
9440 0.3378407192299027 0.2443132276775415 0.7808787511759594 90 64 33 0.46
9441 0.1362499375791962 -0.09447480485357229 1.082446595086495 64 46 38 0.4
9442 0.3843230189226823 0.2316535611349325 0.7213467892486032 22 14 10 0.23
9443 0.334839057601755 0.2959653251786242 1.097550841057546 60 38 29 0.18
9444 0.1767461394108605 0.2330211222604291 0.9831384956257647 64 52 41 0.24
9445 0.1500297405050761 0.1162599998390792 0.8596501428996013 107 77 55 0.37
9446 0.06825119709416949 -0.2132126096293548 1.161202943270994 106 114 118 0.61
9447 0.1238602607658001 -0.1581634015041447 1.087539258492721 81 59 46 0.18
9448 0.1178395224527088 -0.1592379893483047 1.082175077880319 82 48 32 0.27
9449 0.123639065355941 0.01434172860781874 1.123443250764649 107 84 61 0.31
9450 0.2741259216958131 0.1402602750574619 0.9058995187621177 61 45 33 0.29
9451 0.2088569392647394 0.1387896951115207 1.008525547814101 77 48 35 0.63
9452 0.2090621602183412 0.1390807286280696 1.016535619894111 155 143 126 0.41
9453 0.1484716599038459 0.1642935910960604 1.083877852814478 46 31 28 0.41
9454 0.1439827477661937 0.1672165473116917 1.093176605251422 52 35 23 0.41
9455 0.2738241023056248 0.1824340674617178 0.8971535791097461 126 104 81 0.3
9456 0.3496452698798016 0.2108747974756489 0.7735714715138042 76 60 40 0.16
9457 0.359587227704424 0.2159252551372422 0.759430416712325 59 44 26 0.23
9458 0.1794478944834004 0.2358926958911519 0.9829513296747109 101 72 55 0.24
9459 0.3367889384845354 0.1873758259387983 0.7961618659303725 54 39 27 0.32
9460 0.1018882828060884 -0.2243422181734695 1.110425087567075 55 47 42 0.85
9461 0.2025948877072116 0.1498946304393239 1.012811174697164 82 60 44 1.07
9462 0.2601375136257373 0.1124154562186484 0.9319794611406784 111 78 51 0.15
9463 0.1347983161065809 0.05248487947079436 0.8532545912700886 82 49 29 0.92
9464 0.1205889001883055 -0.1782581851881351 1.096858163669376 72 53 41 0.09
9465 0.09867282787457943 -0.1492734971297758 1.130452348942798 52 36 32 0.3
9466 0.127525397457917 -0.1127698848753185 1.094739848081068 83 60 48 0.78
9467 0.1336222444523369 -0.09029231504935864 1.084000366734926 74 58 50 0.21
9468 0.1477212654887988 -0.07121368886036267 1.072971234155353 96 66 45 0.45
9469 0.1144070696122548 -0.06835102701711848 1.124899661652569 107 88 72 0.29
9470 0.1086565665226329 -0.05183087228909011 0.9963036435598499 134 102 66 0.38
9471 0.0725138336902304 -0.03061507178543499 1.176038057533994 98 66 53 0.2
9472 0.06929079125564386 -0.02846793393346067 1.175067676028551 66 50 43 0.16
9473 0.1588288798679604 0.004988935667464278 1.03852741243898 123 99 80 0.41
9474 0.1387728819410918 0.02537450819698922 1.103021864873847 97 63 44 0.11
9475 0.1610320458747529 0.05389488810733997 1.021649520587345 56 40 31 0.14
9476 0.1629411184741945 0.05671569035258939 1.014313058570036 61 47 33 0.15
9477 0.1595807623888144 0.05863507061808776 1.065422100439798 60 43 33 0.13
9478 0.1662204525461803 0.05466671203278456 0.8787796793486684 126 83 42 0.54
9479 0.1710493125025627 0.1005083787415915 1.073579722463578 80 56 37 0.18
9480 0.1451082911161584 0.05542911137828066 0.8624519110198923 66 46 32 0.19
9481 0.178437197495743 0.08219962624758528 0.8978577791807963 99 61 40 0.05
9482 0.1758344413879175 0.1090795740460394 1.046883808231961 84 61 42 0.41
9483 0.1675474169912129 0.1109890628202883 1.071431240874215 136 107 76 0.18
9484 0.27138848256439 0.1224921122430583 0.9200211997109162 146 113 78 0.13
9485 0.1364813692448569 0.1452472633864677 1.113065102837605 89 65 46 0.12
9486 0.1552879985939764 0.1025498096083595 0.865418259624113 112 77 50 0.21
9487 0.1987301041424885 0.1510791899847343 1.012081349175616 81 57 48 0.2
9488 0.1320377763386724 0.1798282402728434 1.102153004171832 26 16 14 0.48
9489 0.1137408721539809 0.1709137941656669 1.132875132713036 68 52 42 0.24
9490 0.4322554898179558 0.1587127699953099 0.6727432760383661 65 51 38 0.12
9491 0.3785435006715179 0.1717723860435162 0.7412663109488236 155 120 76 0.27
9492 0.3243467958338622 0.18176819412414 0.8220645107370079 118 84 53 0.45
9493 0.2931362032945051 0.1739070005105115 0.8613910215328449 145 111 73 0.22
9494 0.2546720857419395 0.1777554594763902 0.921011319868952 104 76 57 0.18
9495 0.1957846766624874 0.181039813898236 1.002208530642782 79 57 44 0.19
9496 0.371564284693373 0.1784666689860318 0.75958117246139 107 90 68 0.33
9497 0.341556471712276 0.1815423948961551 0.8043688093509617 173 136 75 0.66
9498 0.4040479251300788 0.1907497042468634 0.6973625553140125 162 121 77 0.12
9499 0.3746265806325263 0.2017651286444727 0.7350692581790115 120 85 39 0.29
9500 0.3168298707311812 0.2079427997033195 0.821979604802092 131 97 62 0.15
9501 0.1404721196062838 0.240869963513448 1.074851524261601 58 42 32 0.26
9502 0.102388212721723 0.2380144462951689 1.131707518917271 137 101 83 0.23
9503 0.0814794223053823 0.2411021157441096 1.146706780654978 50 33 23 0.41
9504 0.1794396613931257 0.2485086811698521 0.9800092712802206 71 56 50 0.26
9505 0.1736179509175576 0.2488440610188005 0.9771246094851801 68 48 42 0.4
9506 0.1786640611604707 0.2601312460139089 0.9997262223853041 114 86 74 0.31
9507 0.3222839355013386 0.2618095238908208 0.8167406601145636 98 76 47 0.15
9508 0.1620932469854118 0.2975462763510226 1.061808189771929 76 69 53 0.2
9509 0.3759032346610861 0.2666756402305024 0.7456604735094418 149 120 94 0.77
9510 0.146732182706816 -0.05806598825883841 1.078727252689376 96 73 60 0.17
9511 0.07661910257685867 0.09673967859152338 1.180525051369807 90 68 61 0.39
9512 0.1926345353792783 0.10079098492408 1.016952222923139 134 99 66 0.48
9513 0.0831145774415965 0.1527997413562387 1.176172752743793 123 95 72 0.1
9514 0.3420210935440415 0.1761098932792878 0.7989696312013861 118 93 74 0.24
9515 0.3282172043005621 0.209030417721396 0.8033780863796385 57 37 22 0.16
9516 0.1672070744968198 0.2561743965581756 1.016476809098016 66 42 33 0.06
9517 0.2651832650446512 0.2888646678514887 0.9629870847424918 95 84 74 0.42
9518 0.1276145129530463 -0.1539108966258035 1.087112761197061 118 92 70 0.85
9519 0.1506806747335667 0.008116917483498021 1.021245865904595 85 58 37 0.15
9520 0.1721763788008349 0.0180975423317096 0.8908630709155558 113 89 69 0.12
9521 0.1869325660068545 0.07662253063278252 0.8905778285387265 148 110 69 0.5
9522 0.4842011386316505 0.1454093427764663 0.601524532090104 128 94 58 0.5
9523 0.2051442747025846 0.2735075525738291 0.9814069772457006 28 18 14 0.39
9524 0.1396562556527515 -0.008515667468829508 1.02045241641716 132 100 65 0.26
9525 0.1596041471849044 0.05375923880519748 0.8726450571635262 70 51 39 0.16
9526 0.1627034545703642 0.07721505619871716 1.051146758792603 62 41 28 0.17
9527 0.1962509987546761 0.1251652214621672 0.9001129087738565 108 76 51 0.32
9528 0.3664906570151038 0.1736130430531947 0.7622698441810838 63 39 26 0.06
9529 0.1485757511291816 0.2017865176693973 1.086518847492403 46 32 24 0.75
9530 -0.005546005501282925 0.209179564119317 1.221746787548521 67 45 35 0.76
9531 0.3490611487078178 0.1971272240662989 0.7804933303807646 125 100 58 0.29
9532 0.25106338192874 0.2114177902687893 0.9113295791688193 135 90 52 0.52
9533 0.2998747403395488 0.2706718377372995 0.8403569801752615 54 35 26 0.41
9534 0.1174027777432549 -0.1341282017575927 1.069133990469368 97 81 58 0.49
9535 0.1187589778620154 -0.09680036942290993 1.051860610271725 100 80 63 0.82
9536 0.1477334722828003 -0.007374007884599632 1.022772404447121 132 97 60 0.59
9537 0.1623494123526327 0.1934190837471031 1.054157403435198 62 39 31 0.7
9538 0.1478268789739702 0.1799048362946867 1.071417033421664 106 84 66 0.35
9539 0.4095378848818479 0.2454949016975099 0.7020087665382987 137 124 105 0.43
9540 0.1800648226867574 0.02763686666884013 0.9069183108606038 127 100 70 0.57
9541 0.3687903768096347 0.1795889350414082 0.7631794552663638 106 84 58 0.5
9542 0.3653752229952922 0.303882819877476 0.930176140380226 101 115 100 1.33
9543 0.1903050522223043 0.06831822639384097 0.9023292332646804 49 33 23 0.85
9544 0.1031909839710363 -0.1115693517642771 1.044400692720156 43 32 25 1.29
9545 0.05494452756319196 -0.2367037072749074 1.068973649773366 70 56 66 0.51
9546 0.08629826481548858 -0.2179099548342715 1.133660837963022 97 75 61 0.32
9547 0.07994184564014578 -0.2040418686577875 1.069926225866389 144 119 98 0.29
9548 0.1273407773307207 -0.1569495003561187 1.08891018402037 91 60 36 0.68
9549 0.1001586302698109 -0.1341250167491718 1.136476872660369 68 58 50 0.22
9550 0.1044376106563938 -0.1135105967311487 1.133528570823694 182 138 94 0.25
9551 0.1192077634298569 -0.09720406302092932 1.057098139745505 89 64 47 0.1
9552 0.1425915315213761 -0.06661392189090548 1.076800030273581 92 64 44 0.5
9553 0.1555129189007786 -0.05063499229848906 1.062746393994271 103 68 35 0.1
9554 0.03164286892964896 -0.09757783155065747 0.9733732848607874 96 65 44 1.16
9555 0.158038724763737 -0.02883783779373802 1.062191856316203 151 114 82 0.19
9556 0.1538223963632596 -0.01229677633113815 1.076011869052785 142 107 72 0.36
9557 0.1222089566210678 -0.02011115409506437 1.003771559444479 143 106 78 0.18
9558 0.1580452249005384 0.007748224482097388 1.065400206671095 177 145 100 0.06
9559 0.2165560015806053 0.02825100977763181 0.9401309582376076 208 160 104 0.23
9560 0.1428883943331497 0.03825296859847138 1.079829489946206 154 112 83 0.49
9561 0.1310311927664088 0.02429274365731438 1.11281782454477 137 108 82 0.17
9562 0.1256526031219474 0.0378963015494643 1.117772889403756 169 127 87 0.24
9563 0.1172430042006023 0.03715422423477382 1.133022589557986 102 69 53 0.21
9564 0.2821919751136545 0.07230659875185483 0.9121693863551112 125 88 61 0.51
9565 0.2828730486963171 0.07645698944882065 0.9144853113140836 200 145 84 0.17
9566 0.2788500989153871 0.07708300603404031 0.918671567133724 172 124 72 0.27
9567 0.1458102065887182 0.0419602267146966 1.075015524116355 193 139 85 0.25
9568 0.1048855179314224 0.01802379152187303 0.8495606538909521 103 59 28 0.36
9569 0.1619075123159048 0.05809748282574112 1.002382341463761 74 40 22 0.26
9570 0.1664068231819785 0.06482219200063291 0.9981419208203752 77 45 21 0.34
9571 0.1679113948457677 0.07512292352497327 1.048237496413829 131 96 63 0.34
9572 0.1469632919430076 0.07804894928358164 1.090417267046349 146 108 73 0.19
9573 0.1805888936954362 0.05516626931047422 0.8864056564602949 70 44 25 0.75
9574 0.1913196348217223 0.09360835651977162 1.014394705568034 168 122 89 0.29
9575 0.1853525151117594 0.1134157385107693 1.040498015519723 157 121 85 0.36
9576 0.1284084448380635 0.05716549931420217 0.8594162297801917 77 44 22 0.19
9577 0.242771266839902 0.1181006657581671 0.9533668179481705 167 107 49 0.21
9578 0.2558309990739349 0.1299544269670672 0.9480214556326862 160 113 74 0.77
9579 0.147058471840164 0.1248524508109803 1.10097303376492 125 91 67 0.2
9580 0.08935073158943374 0.07282956247966005 0.8239289043789472 147 92 50 0.32
9581 0.1246210764429612 0.08281019945827481 0.8460343498182571 138 79 40 0.45
9582 0.1906029624598816 0.1125720221255595 0.9004901007838673 154 99 63 0.26
9583 0.09568205999222767 0.0949355454331917 0.8223695088036747 131 77 44 0.27
9584 0.1015189067750804 0.08977277969418385 0.8346764834549028 144 91 50 0.29
9585 0.2625761687176435 0.1632532635106518 0.9138605947303926 160 115 64 0.18
9586 0.1727870327373519 0.154060480198452 0.9773192369874393 35 21 15 0.19
9587 0.1190462761457775 0.1730748517269735 1.127684353478687 73 49 27 0.03
9588 0.1108765339061928 0.1703890822460346 1.143450942144535 89 60 47 0.54
9589 0.1010918006044931 0.1773419525906362 1.145917752873308 96 65 48 0.36
9590 0.4715951511114184 0.1571239817897243 0.6142522330591644 81 64 49 0.26
9591 0.3688870688946508 0.1671813627664203 0.7613776827369688 151 110 62 0.26
9592 0.2736106091594117 0.1661024548274405 0.8977894270101872 97 63 35 0.14
9593 0.2684932383444713 0.1782675653595109 0.9039485190390686 127 86 54 0.19
9594 0.2425664906217258 0.1807985353372036 0.9380257330779208 68 44 27 0.34
9595 0.1474639814987675 0.1902417773298795 1.065448304775119 133 87 49 0.13
9596 0.05340989832865894 0.1974298888621009 1.19640256571792 51 41 32 0.22
9597 0.313736170482017 0.2409085910027619 1.111225385101093 97 67 51 0.09
9598 0.4031590746725147 0.1740177540984236 0.703884809791254 205 176 134 0.37
9599 0.2763232481142789 0.183344649641616 0.8981244796822536 80 56 36 0.22
9600 0.2498438560605571 0.1935955811483111 0.9364638479706869 141 106 71 0.1
9601 0.4120732115214327 0.1854865220742017 0.6870996981672566 165 131 88 0.46
9602 0.3683013765940504 0.1883784899670439 0.7553846381370766 150 121 75 0.25
9603 0.3114951142531152 0.1977404557382217 0.8360596195761615 124 93 63 0.27
9604 0.2710886816342596 0.1959043507454706 0.886298192672664 138 94 60 0.31
9605 0.2788069287179719 0.207117628912451 0.8768564979440998 133 101 69 0.24
9606 0.2608585227837658 0.2113218365881972 0.9027303881987256 144 101 63 0.14
9607 0.4405009985256687 0.1985159466629894 0.6422649260728623 114 92 54 0.37
9608 0.4435304185539797 0.198177344422633 0.6438819807143837 139 106 65 0.46
9609 0.415986403754404 0.1939083537464889 0.6791219151007037 128 94 57 0.24
9610 0.3234711713205171 0.2122508454237456 0.8112069764309341 141 98 61 0.07
9611 0.2621694531240584 0.2212404735867666 0.8918529746228179 150 102 58 0.23
9612 0.2551597047888758 0.2235014625464675 0.8950964627460952 118 78 57 0.39
9613 0.2531422696563081 0.2182327462174725 0.9050950139483986 95 59 23 0.16
9614 0.2330367806593135 0.2214749730391577 0.9307920348464794 76 43 24 0.11
9615 0.1864627381302028 0.2304579826983126 1.004675764090166 36 19 16 0.21
9616 0.3933779156557842 0.2177449644446085 0.7148326593195412 166 121 76 0.29
9617 0.3941373141843821 0.2203642836573837 0.7105591771445672 83 49 23 0.14
9618 0.3329453976779526 0.2199223504762511 0.7943499457380723 121 88 52 0.23
9619 0.2622995637642415 0.2335219494203758 0.8863813818870458 85 61 41 0.25
9620 0.2339036010594834 0.2443848771010955 0.9169085479306454 107 69 40 0.14
9621 0.2322059212068149 0.2375898619748106 0.9268354675684223 81 50 27 0.08
9622 0.13481630622678 0.2687380530689739 1.070237924899075 63 50 33 0.2
9623 0.3113209803150875 0.2851182414912197 1.082448592327821 89 69 57 0.42
9624 0.3126277844678003 0.2362305833802853 0.8221665558135428 72 48 27 0.16
9625 0.1925548126131994 0.2600086017986147 0.9884854775687579 54 42 30 0.18
9626 0.3005591590328729 0.2602354384187572 0.8381065732617199 142 106 72 0.3
9627 0.08975946952328917 -0.2417392920536836 1.14722669221201 175 139 101 0.34
9628 0.113656563225029 -0.1584110553180932 1.109476618214918 151 120 89 0.3
9629 0.1309265562923944 -0.1382227831592713 1.089404234148896 161 114 76 0.22
9630 0.1082749115681578 -0.1091454032680968 1.12328510358649 93 64 42 0.28
9631 0.1456553491873916 -0.07536071785969345 1.074813322783261 187 144 97 0.07
9632 0.0780865704847174 -0.05871271291240709 1.166585323652184 143 107 89 0.19
9633 0.1021309411691054 -0.05344186981267091 0.9891878638670968 145 108 79 0.21
9634 0.1523972538969926 -0.0283644225286328 1.074892853771606 149 113 83 0.42
9635 0.1546367783829907 -0.02186367075844003 1.063438117577555 89 64 41 0.17
9636 0.1147217024050054 -0.03190724618244037 0.9976581757010279 174 143 118 0.45
9637 0.1178633033275319 0.03065070857417304 1.134816886349503 60 36 25 0.2
9638 0.2830121365848557 0.07478854821236894 0.9125681057733976 96 60 33 0.25
9639 0.176993109033342 0.03800390971140036 0.9919576166157119 149 93 40 0.19
9640 0.1323813724421334 0.05563783277975975 1.105300315712695 79 56 43 0.17
9641 0.1336306408440207 0.07761951372881803 1.136401065739427 145 98 66 0.23
9642 0.1868417041928737 0.09506399033349919 0.9007317194461699 126 81 50 0.15
9643 0.2677861877934904 0.1142310337252033 0.9201663873228793 167 118 73 0.74
9644 0.2480711622155981 0.1182273533838078 0.9450992202649141 198 149 88 0.17
9645 0.2036670648158315 0.1328652218381828 1.018386607477814 172 126 70 0.18
9646 0.2418534993253228 0.1473860745495882 0.9453072271120416 191 144 88 0.11
9647 0.2502650333789974 0.1346350532585146 0.9542619144402875 125 89 60 0.2
9648 0.2408193335412581 0.1350400675032222 0.963191179405015 169 121 77 0.21
9649 0.4435489721088074 0.1786437870643987 0.6453880330481057 136 107 65 0.24
9650 0.3184795338061312 0.1914882218950739 0.8252074176908487 132 94 60 0.37
9651 0.2734901331169945 0.2250751000887647 0.8759785943068512 172 106 55 0.21
9652 0.2667151054611197 0.2145426356869682 0.8876976417280407 129 81 45 0.12
9653 0.3781644284600989 0.2211583439905062 0.7349206273902469 63 38 21 0.32
9654 0.3191925536214257 0.2341153330312717 0.8114492280757196 82 51 26 0.12
9655 0.242297453330214 0.248077640797637 0.9167046737855664 78 58 47 0.25
9656 0.1042330253700909 0.2596029261825559 1.113269557355536 111 78 52 0.39
9657 0.311040759863065 0.2872828512857027 1.081728221575164 78 63 53 0.26
9658 0.318338127278421 0.2997601266673199 1.089636580181661 94 68 61 0.44
9659 0.2896802162969912 0.2989883365844206 1.069755992197418 66 44 30 1.05
9660 0.1057658487290332 -0.1162922027607052 1.130256849786249 85 61 48 0.46
9661 0.1229129723734973 0.01146195003978837 1.134481564928429 78 50 33 0.24
9662 0.160774991327838 0.03829217535958707 1.054708383173601 92 55 25 0.16
9663 0.1774870814999722 0.1023304712530887 0.9876789324868668 116 72 47 0.37
9664 0.1570775195663611 0.1044937046341863 0.8631353335654478 132 81 47 0.77
9665 0.20833160146854 0.1427901172260535 1.01376098498696 123 88 56 0.24
9666 0.2902267232926835 0.1771738762821566 0.8663603218591501 181 125 70 0.18
9667 0.3490021408070934 0.1749545016762064 0.7887362312741411 146 110 70 0.24
9668 0.2918328188051831 0.1805106684870675 0.8649772929235405 176 128 79 0.42
9669 0.2359323084485412 0.2008528425258467 0.9390181266285671 136 90 50 0.55
9670 0.1955136428600413 0.1951262796286757 0.9831169019545973 75 53 35 0.74
9671 0.149543854929955 0.2050609388541693 1.07817108592376 45 37 30 0.07
9672 0.2361060911721777 0.200692901409152 0.936278275558097 80 45 18 0.59
9673 0.05359017618454276 0.2311526211117541 1.198839344159868 104 79 59 0.07
9674 0.3112927698921364 0.2582349334626452 1.099474856884445 134 88 62 0.17
9675 0.3243245205731338 0.2638471348872789 1.091647065295311 132 93 68 0.59
9676 0.2383173013314329 0.2159814762157828 0.9280471898230063 153 106 63 0.71
9677 0.4146502869440963 0.218777903744664 0.6847372714451432 36 23 15 0.39
9678 0.3760375649751053 0.2200289169929842 0.7373803236781339 167 122 77 0.32
9679 0.1785827510332346 0.2574439294390245 1.004939321658667 118 84 56 0.29
9680 0.2935227760981445 0.2762901383881093 1.071164585739093 113 95 91 0.13
9681 0.303874243501601 0.2410083654587599 0.827832580392827 42 24 13 0.14
9682 0.2907637271119968 0.2988898721470397 1.072460160761384 125 102 89 0.3
9683 0.08266085205866008 -0.1320019037123648 1.152221981737442 116 84 61 0.51
9684 0.1233510732656102 -0.0418670573929395 1.113608157742913 91 65 50 0.3
9685 0.09241151667226222 -0.06036538469510727 1.150917813493021 192 147 97 0.31
9686 0.1578741501903237 -0.001132847165118023 0.8974921923688425 119 103 93 0.79
9687 0.1197546450151266 0.01703495005545905 0.8612194424790172 154 105 65 0.29
9688 0.184539511609409 0.07153691146282751 0.8978621578384286 113 71 46 0.4
9689 0.2778357131316734 0.1311107482952857 0.9057629636154764 180 132 80 0.43
9690 0.3691399084631057 0.2514926376063603 0.7549449267971771 55 38 23 0.23
9691 0.1557180300044979 0.03198091272744602 1.070620796146769 185 132 80 0.59
9692 0.1846717472085721 0.1598444959502084 1.047240677065287 117 79 60 0.7
9693 0.1093057118143317 0.1696530096093629 1.148749834604341 37 28 25 0.21
9694 0.2428924910536028 0.1324309786119076 0.9607739358609257 160 113 72 0.31
9695 0.1827540023778046 0.1464133219951949 1.033646130598739 31 26 23 0.79
9696 0.4866784612994793 0.170008939136744 0.5871879243428562 105 97 79 0.22
9697 0.07134433817132491 0.0246980136161602 0.786002544287043 100 68 47 0.39
9698 0.1948190329041211 0.1127183955118141 1.015852631187884 60 34 14 0.51
9699 0.1819969352340529 0.1408508937964753 0.9847071855295961 26 15 8 1.06
9700 0.1783072140642022 0.1513971775973253 0.9871889872652564 27 16 9 0.14
9701 0.2686423939372251 0.1949093076828863 0.8950505039841615 178 118 58 0.72
9702 0.3140070133792248 0.2385770192970502 0.8257504378029629 77 50 28 1.3
9703 0.157614493652721 -0.07647946661793553 1.070145676747716 199 142 78 0.56
9704 0.2824050798749364 0.08368099346544053 0.9157123953151485 212 164 100 0.63
9705 0.07686250447910492 0.207069051735221 1.164042005366226 128 86 63 0.27
9706 0.1492520509920287 0.1611870845437386 1.083198276757126 37 28 23 0.73
9707 0.1518455722839997 0.02352707446001356 0.8738230236974249 161 108 64 0.3
9708 0.1541235298381285 0.1000991241101926 0.8660582467804998 194 116 51 0.5
9709 0.1835098838419102 0.1135914243849515 0.8851418517125543 131 74 33 0.35
9710 0.1173029330844432 -0.1199782276186577 1.065679357045306 61 50 32 0.2
9711 0.07984965271654437 -0.1212152958358552 1.026051976461808 131 94 65 0.25
9712 0.09654511892573953 -0.05860892982195198 0.9883690687399954 87 55 30 0.52
9713 0.1033688839344212 -0.06108555234788554 0.9960329821634312 124 92 60 0.22
9714 0.1357240273367271 -0.02674385410703617 1.098058912156575 157 115 73 0.24
9715 0.1468607831950052 0.01350494233228483 1.013743114874934 102 62 37 0.59
9716 0.1386460782226304 0.07841724545869019 0.9902268763916389 192 133 53 1.11
9717 0.1661563309308538 0.1098707207530711 1.074575508066054 127 80 52 0.18
9718 0.1087794362145874 0.0525891471235321 0.8426616176741086 112 63 35 0.32
9719 0.1445314949162665 0.06203845321495605 0.8621193030619222 128 84 45 0.18
9720 0.1420082999746181 0.06592053677753731 0.8599084500959553 114 69 39 0.18
9721 0.1422671594630286 0.09775449849326685 0.8585943531024142 60 35 23 0.29
9722 0.4227562329987606 0.1874486905791409 0.6663653179569001 89 63 31 0.06
9723 0.306227028419939 0.1977730494167959 0.8407492549750197 55 38 29 0.31
9724 0.4097023153557667 0.2076495986705087 0.6820264739354822 142 98 48 0.46
9725 0.1049942686890182 0.2653304723603399 1.112465457440421 131 94 77 0.08
9726 0.08455797218457106 0.01608454420941957 1.16804458383214 44 25 22 0.14
9727 0.2241517016602738 0.155005534643589 0.9039697159699511 81 43 23 0.21
9728 0.2523449139354895 0.2234149280816834 0.9033696223849375 92 51 33 0.05
9729 0.1186724655037699 -0.04281460585398389 1.120874450818403 107 74 55 0.29
9730 0.2971748748597313 0.2114078549395265 0.8458253080068141 168 94 42 0.43
9731 0.4234495288814109 0.213092301751432 0.6753707088516481 42 24 14 0.35
9732 0.133980225341459 -0.06646435839458609 1.094979295624351 81 48 24 0.25
9733 0.2413754718114731 0.2716110455309831 0.9120907511738578 135 99 56 0.23
9734 0.1859121683520917 0.1104381661673135 1.001916559367534 65 47 33 0.93
9735 0.3226061174186838 0.1850560515888488 0.8277448115988404 68 47 20 0.36
9736 0.01701418285222767 -0.04134897485169126 0.9342434418453206 89 62 47 0.84
9737 0.04520715368359185 0.2329866550376017 1.202108868237993 105 85 64 0.6
9738 0.164033691011585 0.2987143670803731 1.068485431514463 103 82 67 0.25
9739 0.1516201573524215 0.08301658383891453 0.8675174825804024 73 54 37 1.01
9740 0.1661784147836213 -0.0160523368593847 1.052148861854597 133 104 79 0.32
9741 0.05436904474991588 -0.01615996392275254 1.190947958123705 126 102 80 0.94
9742 0.1701397349753095 0.01801354598820942 1.044953092144602 144 112 86 0.22
9743 0.1352430392882998 0.02358637650737827 1.107718356062112 123 98 69 0.24
9744 0.1726299301089317 0.01921446203533336 0.8948764109101131 133 101 81 0.32
9745 0.158427598678972 0.03459953760103626 1.01510655591467 153 105 70 0.5
9746 0.2844377465048185 0.08521502481341453 0.9116261222673204 113 74 49 0.1
9747 0.1611890530718769 0.06408665550182968 1.01654891327556 94 65 47 0.72
9748 0.2769316213968063 0.1297326853210207 0.9024093740903232 102 68 40 0.24
9749 0.1236037777134519 0.1501979767861103 1.131481019840182 150 97 68 0.98
9750 0.4699170870803703 0.154830011721382 0.6359717316268266 71 50 36 0.76
9751 0.202206133202912 0.203341206052335 1.007430219340965 67 54 32 0.29
9752 0.3230140434813828 0.2437108485945089 1.122081593411397 104 71 43 0.19
9753 0.3346015766904908 0.2101136545881539 0.7930953354551455 60 47 33 0.4
9754 0.2950590228758487 0.2316730474698314 0.8427064768020611 124 86 52 0.1
9755 0.1891268019210457 0.2340426474177655 0.997034380368611 79 49 26 0.33
9756 0.07835575159617381 -0.02849360014285487 1.16622630281031 139 111 88 0.8
9757 0.2750230878019246 0.1917248406120089 0.8886344505803794 142 100 62 0.51
9758 0.06130625915152277 0.2160372314192162 1.184141359604418 110 74 52 0.1
9759 0.3565701857278909 0.3298107107776747 1.080075452053161 108 73 54 0.54
9760 0.4090715326542322 0.1604432047372348 0.7096671890406065 95 64 42 0.32
9761 0.1044964023411914 -0.1824010419697021 1.108393958124131 61 48 44 0.58
9762 0.339586180401184 0.2951941370538331 1.112836630554515 169 144 109 0.1
9763 0.1898907402752735 0.1830271510494302 1.001486679714898 51 31 25 0.41
9764 0.2332928176862586 0.2396317486471602 0.921133278753532 51 32 22 0.23
9765 0.5042352751120269 0.2267552224674861 0.573629593770731 165 130 98 0.4
9766 0.3718967458558671 0.2077989912488457 0.7361725167854893 99 68 41 0.24
9767 0.2257436571949856 0.269497921086212 0.9251233506888688 124 85 54 0.62
9768 0.1729964687053818 0.1165406405724486 1.067603868966363 120 81 53 0.38
9769 0.07400326169175103 -0.2305511772014479 1.083270150772589 139 106 80 0.55
9770 0.1115401712960022 -0.196968591383176 1.101188929912863 140 109 63 0.47
9771 0.1155805902735602 -0.1828450631999401 1.10206475015896 118 91 74 0.31
9772 0.1060918671508077 -0.1406416713208213 1.067305091390273 75 54 39 0.13
9773 0.1005653877385601 -0.1266687177542727 1.13829653312198 100 75 56 0.82
9774 0.1141969576614325 -0.1282406738781824 1.063067529650275 114 103 86 0.22
9775 0.1418598186740245 -0.0337546826640529 1.086893836389915 102 82 65 0.28
9776 0.1703447698633891 0.0472873990014834 1.021395796974936 77 44 24 0.85
9777 0.1842360478597042 0.06306477054754217 1.054715122715547 113 87 62 1.39
9778 0.1712506590344082 0.06130838687722698 1.019002910543761 115 85 60 0.83
9779 0.1753667368439719 0.06991028433970015 1.040265521736024 88 54 30 0.11
9780 0.09492109358170364 0.01898231998673791 0.8408009450807794 95 60 46 0.31
9781 0.1334554537833317 0.02953742456178157 0.8657176554364185 136 91 60 0.41
9782 0.1445158555928814 0.04950648420307693 0.8586948473190716 106 72 49 0.4
9783 0.1911459113962575 0.08527181949173121 0.9049092600948927 121 81 50 0.18
9784 0.2774542730189281 0.1262788519752289 0.9115143611823744 149 122 96 0.53
9785 0.1460414969292027 0.1386218263968837 1.089415734623258 77 53 39 0.37
9786 0.2611086445931648 0.1441400637957304 0.91929499435551 104 75 52 1.08
9787 0.268870242508208 0.1482609660162008 0.9106006017502457 56 33 24 0.28
9788 0.1161443275997309 0.098726605169662 0.8358707044501805 182 121 76 0.23
9789 0.2364715148889137 0.1642545388692039 0.9465572057433393 118 83 57 0.73
9790 0.1900596213985676 0.1582150500765417 0.9976308560768969 54 41 35 0.2
9791 0.184669778592622 0.1600940597056184 1.030073790815614 74 42 28 0.15
9792 0.492290600648385 0.141976752160233 0.5939204700004178 77 62 43 0.39
9793 0.2748879486831753 0.1776913191032601 0.8916819401533804 120 98 74 0.22
9794 0.2467188485309598 0.1710476268609176 0.9336381318158891 112 82 54 0.23
9795 0.4412357722726268 0.1577590396731255 0.6599387776095174 145 107 66 0.24
9796 0.4366398592706024 0.1558274276976535 0.6633944503290521 119 95 67 0.41
9797 0.3707731761907413 0.1717756188412434 0.7587942622582842 124 99 65 0.22
9798 0.3724450659776475 0.1725448578866122 0.7525148485989379 63 52 32 0.27
9799 0.3628036515457362 0.1736279511453181 0.7702963477199818 127 99 55 0.39
9800 0.3757659126589211 0.1885719779004142 0.7379418494256893 112 84 50 0.69
9801 0.3614113019957936 0.1904583024990308 0.7628820449632603 74 51 31 0.47
9802 0.3477750755228993 0.1898663493178076 0.7837787830240797 126 100 58 0.11
9803 0.3041005354053095 0.2002851515373014 0.8434002161344291 83 60 34 0.05
9804 0.345631525101966 0.207596102531675 0.7812822231531817 65 51 29 0.38
9805 0.2664760507466379 0.2220817768001077 0.8825400622487429 73 46 21 0.21
9806 0.2391018635063195 0.2273329308459735 0.9184872153018118 112 71 48 0.2
9807 0.3439916857013021 0.21177783619235 0.7804291465870186 61 46 27 0.16
9808 0.3262388175161758 0.2164361212012355 0.8058367157627528 58 42 28 0.53
9809 0.3110981160350849 0.2190254930677099 0.8235669112810464 112 86 58 0.2
9810 0.4889263498016879 0.1856260557490257 0.5783156825616386 71 62 41 0.44
9811 0.380312150460313 0.2183042929419213 0.7278442367256648 83 61 38 0.39
9812 0.3089582111510445 0.2390710902573144 0.8312256986495321 53 38 24 0.31
9813 0.4598046698547902 0.2066160853133463 0.6233326700177565 35 24 15 0.13
9814 0.2752337721881842 0.2753279961542149 0.881293217973775 95 75 62 0.15
9815 0.3713831454281817 0.2541548569936231 0.7568523316715481 106 76 53 0.41
9816 0.04548513195886095 -0.1259630389953169 0.9980936507347054 111 61 33 0.33
9817 0.0674849524686123 -0.09652691572105215 1.169824385871905 110 92 74 0.35
9818 0.06973474575954902 -0.07233178906496018 1.17021228745679 96 80 68 0.14
9819 0.2843827786489277 0.07213868722534547 0.9210824094191974 140 99 66 0.17
9820 0.2630990339237315 0.06968362768317343 0.9420460541492002 174 146 120 0.36
9821 0.1810979811548906 0.06941588571357679 1.038494431025214 114 92 74 0.05
9822 0.06230132398818861 0.05589339984340322 1.18472992070734 122 93 70 0.21
9823 0.1480071550439704 0.04989014862924271 0.865086588204143 55 31 26 0.24
9824 0.163321473040882 0.07640991576873285 1.007666070992372 115 89 68 0.29
9825 0.256768750835896 0.114014208886294 0.9373612827051074 114 78 53 0.08
9826 0.194388356974987 0.1631506602963514 1.013825207852036 98 65 44 0.62
9827 0.492574746877314 0.1414491043765241 0.5923538655488159 80 61 37 0.66
9828 0.3552856873092041 0.1671267479318957 0.7835091242696608 98 76 45 0.18
9829 0.2626747903419481 0.1772389039086177 0.9138270673560329 112 81 54 0.56
9830 0.2453239403185197 0.1790057862671181 0.9332160875831884 144 109 75 0.57
9831 0.3493678133203765 0.1795520286643339 0.7869888501108551 70 55 36 0.16
9832 0.3620413712967073 0.1862309517532225 0.7660337600478407 72 62 45 0.14
9833 0.3051221386465816 0.2059187535570669 0.8393219945046722 39 25 13 0.32
9834 0.3386180812622025 0.3035109987078695 1.105684974084238 90 65 50 0.63
9835 0.4662910172561945 0.1867715779814643 0.611363124706929 48 26 15 0.3
9836 0.274322377091644 0.2422566129719771 0.8668073334794824 48 31 21 0.44
9837 0.3563547758218395 0.2287129568221739 0.7613124911586433 49 39 30 0.24
9838 0.297498526626765 0.2412362101303009 0.8402852849823611 64 48 35 0.51
9839 0.2972134327010023 0.2667521223158686 0.8496041294733225 86 65 40 0.15
9840 0.3034533998049704 0.2698430607155473 0.8601077846701142 70 41 24 0.38
9841 0.4441633642286461 0.2220803598287436 0.6449581195998068 102 77 45 0.58
9842 0.08939394829389402 -0.2546262217480418 1.102557690625295 80 61 48 0.63
9843 0.09384369585781871 0.01271482151464273 1.160200183546969 98 72 55 0.06
9844 0.06722514367667332 0.1235763521061584 1.203331413405806 153 150 141 0.62
9845 0.2644613204267467 0.2138215592996927 0.8909722763158707 52 34 23 0.14
9846 0.09169934273620939 -0.2436615206579648 1.132436316286689 143 120 92 0.28
9847 0.3507706934140037 0.2069664208924623 0.7720900231290513 72 59 42 0.26
9848 0.452805839656959 0.2079520657786365 0.6306379129133592 63 44 32 0.63
9849 0.1177016343241535 0.04847828822621283 1.131849078143647 106 85 69 0.24
9850 0.1630548369851215 0.05424374210861202 1.012164825667577 159 119 88 0.18
9851 0.3945147750362945 0.2534925294526206 0.7153322793910328 76 56 40 0.28
9852 0.4993652383394522 0.1479606365121576 0.5854475876059486 84 75 54 0.25
9853 0.1830483183934071 0.08006896292367871 0.9053783947405192 155 105 67 0.76
9854 0.1944330372128153 0.1208873590273903 1.016480166189881 179 128 93 0.91
9855 0.07342603087044258 0.2478537489583417 1.13428132507735 96 78 67 0.49
9856 0.2873394549593424 0.2866853278337564 1.078687437411963 34 18 15 0.77
9857 0.2788115135821639 0.2286046443498642 0.8713648390119307 91 54 31 0.95
9858 0.1739645685573192 0.06750862105136568 1.055020720422494 142 104 78 0.5
9859 0.3179284974370405 0.2482952763597589 1.137727985385132 120 80 57 0.26
9860 0.3234693895436759 0.2854482665758467 1.095354831110217 72 45 28 0.57
9861 0.3498841741754384 0.2294370908333871 0.7598984420444297 23 20 14 1.01
9862 0.1438606299468778 -0.02656147582320165 1.033945929209299 73 55 44 0.15
9863 0.1381449277986409 0.03349279084198398 1.097364023941372 64 45 30 0.03
9864 0.1648962518116578 0.04671342917940369 0.8779427508669813 77 56 36 0.23
9865 0.1649932076385668 0.09183381677682725 0.8790724250744364 110 77 34 0.51
9866 0.2791947269863195 0.1213204195801609 0.9041000772058596 84 59 36 0.18
9867 0.2587802828388905 0.1997140764500506 0.9044405298461549 106 72 49 0.34
9868 0.2146769098769256 0.03124580109683778 0.9393430923665781 170 126 77 0.3
9869 0.08032734994373164 0.03759528144650545 0.8216307212544608 76 50 38 0.35
9870 0.3952324673918186 0.1602028003881151 0.7284760883796266 142 109 60 0.16
9871 0.1396563004600536 -0.09336827268252634 1.079610344267353 94 65 41 0.08
9872 0.1047867684932181 -0.08892744633920319 1.126107252742375 104 78 64 0.23
9873 0.1107515984962303 -0.05765193225101334 1.001894998897422 110 81 62 0.09
9874 0.1456460555080092 -0.006517278084458095 1.091287490131124 114 87 61 0.34
9875 0.2434332149069376 0.1168818093945256 0.9512537068257536 135 86 45 0.25
9876 0.4750585402601041 0.1447433700271485 0.615708954492484 86 66 35 0.77
9877 0.4451536099588494 0.150733986430524 0.6573645103369795 91 65 43 0.14
9878 0.09459405378697155 0.1675913507875715 1.162490047574773 93 69 54 0.25
9879 0.4547456115382124 0.1608827854962724 0.63812414643235 79 68 58 0.3
9880 0.3602818458097299 0.1696408958684036 0.7728265428527041 61 48 40 0.29
9881 0.1353377855151642 0.172755022394286 1.103845158651351 73 48 29 0.21
9882 0.1957821692409268 0.2142048716905942 0.996511538227177 88 57 39 0.35
9883 0.4458644562876227 0.1958526455092624 0.6327467661221677 79 61 36 0.25
9884 0.1189733410956117 -0.003033378504671419 1.12856090544802 142 111 88 0.39
9885 0.09664117693083973 0.02070958552558583 1.154384285871597 94 70 51 0.4
9886 0.07701729361740994 0.02525871264276175 1.182095594769979 109 87 71 0.15
9887 0.444047247588764 0.1658401708629404 0.6488676634019066 171 156 126 0.31
9888 0.2916069652378069 0.1968285626603613 0.8628056241000421 119 88 54 0.21
9889 0.1027606537308725 0.2032096004493293 1.136418758258217 106 76 50 0.27
9890 0.0978644426956331 -0.166978446673395 1.127954669757741 99 81 66 0.62
9891 0.0813643019717385 -0.1039406142477178 1.157144383507438 71 55 49 0.26
9892 0.1360303209434938 -0.05545369784469112 1.092187716278707 56 42 36 0.16
9893 0.08769489507607237 -0.03132173257776222 1.159440643550376 63 46 35 0.14
9894 0.1632524189141482 0.04397827867464046 1.018283274634383 135 102 56 1.08
9895 0.1801380606630837 0.06406562366540311 1.039189625372889 126 90 57 0.41
9896 0.08277680462348314 0.03310026374203576 0.8320948885980293 102 72 55 0.45
9897 0.1450991403057284 0.07814662240353193 0.8607978756341506 143 85 50 0.09
9898 0.1701373775016166 0.2188973844347421 1.026243908761711 118 79 49 0.18
9899 0.0670210126650046 0.0878032458996004 1.19127713702813 114 89 77 0.03
9900 0.3670263692259028 0.2156050916378737 0.7499869266000155 127 86 44 0.1
9901 0.2317715620459113 0.2507485009018193 0.9275591093347419 40 23 9 0.47
9902 0.4245045514820943 0.1578871297964988 0.681509462987323 120 93 61 0.25
9903 0.1417335449523886 0.1808309221290606 1.093513663636544 45 32 25 0.17
9904 0.337748281097549 0.3178050524356324 1.08045828863174 102 74 54 0.36
9905 0.1909154481472627 0.09806645294319406 0.8958171258674904 173 108 70 0.14
9906 0.1176850015897686 -0.003835316918812198 0.8821013000880914 92 65 52 1.08
9907 0.1048496217363366 -0.1791547718906104 1.082351054951605 135 101 71 0.3
9908 0.08934780133484271 -0.1575692572787016 1.051327770747791 109 70 50 0.32
9909 0.1651399075575591 0.0009806169874173321 1.047374930409701 109 82 59 0.33
9910 0.1516909543262484 0.01881580485356787 1.019273151333082 121 80 52 0.4
9911 0.1707044057051998 0.07699539421663859 1.02290474253411 75 52 35 0.44
9912 0.1728071303860115 0.09709057018960973 0.8860410677521213 128 91 65 0.65
9913 0.3016521740020497 0.2827358515062117 1.077966013665667 101 80 72 0.13
9914 0.1036039061584939 -0.1407940945977518 1.129854937660907 91 68 53 0.67
9915 0.1002662007162589 -0.1033953112378973 1.040830709683086 114 82 59 0.24
9916 0.1635560803566121 0.003891763152049782 1.046059173580229 140 106 73 0.21
9917 0.3595922119621166 0.2114405131458149 0.7580377920210715 121 94 60 0.15
9918 0.2737949192021769 0.2185323096183925 0.8759345494115292 105 75 49 0.64
9919 0.07543479214281773 0.02125082790559812 1.183907642804387 118 90 71 0.13
9920 0.1817239835428606 0.09084100339170373 1.037482445195747 174 152 124 1.49
9921 0.2813608323105527 0.1245931295558186 0.9153086528886412 100 77 41 0.15
9922 0.139686054954907 0.1118148909598462 0.8514331740593681 84 40 20 0.18
9923 0.2562348252073889 0.2206670211589611 0.9007497932772752 122 81 54 0.27
9924 0.3414048434479177 0.3273482903512565 1.106788910397707 58 42 39 1.42
9925 0.09082449508629276 -0.2464134161737221 1.133192898115489 101 83 49 0.82
9926 0.07679407028008117 -0.2213394476790785 1.140442769375129 93 69 57 0.21
9927 0.3146407271471658 0.250606493621527 1.109594046030046 121 82 60 0.48
9928 0.3241688057554953 0.2357144292096156 0.8046476506910373 87 61 36 0.29
9929 0.3369257570638911 0.3172956875009447 1.094792891442062 130 90 68 0.32
9930 0.331465761612398 0.319379272358828 1.08888154104222 141 104 79 0.17
9931 0.1308978481581005 -0.00387792358600525 1.003387573397507 140 119 87 0.44
9932 0.3312703520844075 0.3031830688645016 1.096062552249348 88 59 46 0.11
9933 0.3409465936956881 0.3171073654474013 1.096661679830377 144 107 83 0.54
9934 0.3192674488781345 0.2140388625546958 0.8160859792397334 127 95 65 0.6
9935 0.03895755324261641 -0.2013352081350337 1.035620127222743 188 193 187 0.77
9936 0.134047655774209 -0.04334173536057245 1.092217178116129 145 113 85 0.63
9937 0.3882312180276647 0.1648962991627234 0.7332178942488723 75 52 26 0.98
9938 0.3387601896647454 0.2409239050393362 0.7687534653966113 103 72 40 0.11
9939 0.3704865899869957 0.1891468697560246 0.7429482584546202 93 73 44 0.31
9940 0.334154980833327 0.2453944916253803 0.7886090574615425 98 70 43 0.23
9941 0.3177063731783462 0.3287005413483625 1.07735511208279 124 96 74 0.6
9942 0.0845736069278839 0.01299317280818862 0.7788984094596864 215 220 222 0.32
9943 0.2346868843835538 0.2535152934136973 0.9287176591117869 142 113 79 0.19
9944 0.03917575919549865 -0.1713633549679948 1.017264693769471 191 189 190 0.56
9945 0.3878278268142972 0.2441427784742654 0.7216952788033785 79 63 46 0.29
9946 0.08901865038897389 -0.1638417643982051 1.058405669770007 115 71 42 0.31
9947 0.368997924697395 0.2562700730489001 0.7574872462672995 123 82 55 0.37
9948 0.03757273365070934 -0.1497579985722184 1.006967302077259 66 44 38 0.35
9949 0.1446559566316604 0.01145974525926532 1.086599277690273 105 73 51 0.19
9950 0.05083297889777622 0.1936320114719398 1.211951599098822 188 204 217 0.76
9951 0.3703970033459227 0.2558560093116516 0.7546351115885369 101 71 47 0.34
9952 0.4586424042002364 0.2128082456367438 0.6226498518065176 51 34 23 0.39
9953 0.3096424344098351 0.2860489280299515 1.082870908740655 81 67 53 0.74
9954 0.0626124715307681 -0.04070578802140568 1.191859858547752 196 214 232 0.68
9955 0.0687312964659792 -0.0676804684095445 1.190624116526594 194 212 233 0.6
9956 0.2619255860440878 0.09857662360943342 0.9303713888046585 205 135 92 0.35
9957 0.1930888844680222 0.2341619559586595 0.9907864053220189 52 38 26 0.51
9958 0.1792680240780524 0.06848064314088381 1.039082555858394 155 117 86 0.36
9959 0.2905351242159304 0.2786213835851107 1.072714664311753 45 36 33 0.24
9960 0.08089894246825963 0.05867987267022576 0.7548088422342157 124 102 88 0.32
9961 0.2731976090680865 0.1470415899617676 0.9039956917247401 156 117 70 0.42
9962 0.1277590535996445 0.2663680218663985 1.081297020379407 44 27 22 0.18
9963 0.1252673101447365 -0.08085532182161204 1.051495897835728 110 83 60 0.26
9964 0.3448386249321145 0.2111954247185466 0.7819221366467014 107 84 57 0.16
9965 0.3705126846686464 0.1698479063750897 0.7579372317024032 105 93 68 0.31
9966 0.07285630956661193 0.002606293416344246 1.193683643185303 219 234 237 0.51
9967 0.05371340380253259 -0.0733928982995849 0.9797807130215492 170 103 50 0.2
9968 0.3624830913523904 0.1958827913587159 0.7639221403819769 140 106 66 0.19
9969 0.3697174727323669 0.1935629485651951 0.7502646562411898 86 62 40 0.11
9970 0.3689196443006676 0.2073966508982039 0.7415782294246775 97 72 46 0.29
9971 0.3686513806329805 0.2120721601740704 0.7402672439466462 97 70 47 0.3
9972 0.3881579373784267 0.201701048349398 0.7152213194467473 179 143 84 0.24
9973 0.3995583563844795 0.1658611217101497 0.7147687296175977 86 61 36 0.22
9974 0.1999972566860438 0.1063978188740402 0.9084250093496792 170 100 42 0.38
9975 0.2381012889049658 0.158773212782704 0.9476391805823503 187 147 93 0.2
9976 0.03098949929402373 -0.2674643755430327 1.089085922218527 88 74 66 0.88
9977 0.3161102481616803 0.1785842621501917 0.8578116230521622 184 154 122 0.53
9978 0.04835175221302407 -0.2407955148113366 1.062535396766639 213 224 226 1.14
9979 0.3974225492559752 0.2216421030370364 0.7047619341435688 57 31 14 0.39
9980 0.09393734505955764 -0.06308943428192171 1.146015662360713 82 63 54 0.34
9981 0.1278971216935707 -0.04486909714532406 1.107637922896166 124 95 80 0.19
9982 0.1294366226056162 0.08613516498711224 0.8469955273081252 114 66 38 0.45
9983 0.201045943193954 0.1300284115704965 1.006167478579458 107 75 56 0.28
9984 0.4687659713371914 0.1698626930442656 0.6139997880201207 117 87 39 1.22
9985 0.1377075894979171 -0.07694305057472745 1.060445047498855 78 55 37 0.19
9986 0.08997201889651529 -0.218023528364219 1.094097639064616 100 80 60 0.58
9987 0.5348941559523642 0.177664939229392 0.5271123867906532 92 54 33 0.27
9988 0.4295834354669998 0.1886614525024621 0.6613094814706832 124 86 46 0.49
9989 0.2392571616192997 0.2699726660000024 0.9161555592355046 105 81 58 0.42
9990 0.06112592560063124 0.140358393184234 1.217445630721917 208 207 199 0.88
9991 0.2717028916493 0.2615090984603867 0.8700752367449345 121 86 30 0.46
9992 0.08513784789811674 -0.2486734243382787 1.153904690890865 71 65 67 0.51
9993 0.0651969093253138 -0.1007006604982922 1.170117264827918 111 93 89 0.78
9994 0.529658548079607 0.1170970475216128 0.5561548444063933 158 96 46 1.27
9995 0.0649076280257051 -0.2705756266509017 1.08996430418621 72 56 45 0.77
9996 0.1333563261220203 0.1510199112554446 1.119946995283135 120 78 50 1.24
9997 0.3277065098396648 0.2474652910658731 1.124093307143511 23 19 13 0.14
9998 0.1039801098850167 -0.1673552934156148 1.134307020645377 80 60 57 0.99
9999 0.1086864770046866 -0.1494956575501587 1.114371761117061 93 72 66 0.14
10000 0.058096344458829 -0.1571763607788306 1.178804454357928 171 170 162 0.16
10001 0.05642962769964488 -0.1545207040400325 1.178046104101514 106 98 90 0.28
10002 0.06160763688223941 -0.1305588128786211 1.178209323803403 86 97 99 0.52
10003 0.05979869853510983 -0.07761995049966114 1.188423441911446 208 219 227 0.31
10004 0.1229124212028934 -0.01959831060059342 1.117381178721483 85 60 54 0.35
10005 0.1327347305968823 0.008781535153564779 1.113158263276132 122 104 89 0.42
10006 0.1421630872668629 0.08089072467605243 1.123655869950563 98 80 73 0.2
10007 0.05006545787906097 0.07973060986599578 1.205020535051964 179 176 167 0.45
10008 0.527270177995584 0.1490899387478488 0.5473114473613052 81 49 38 0.11
10009 0.5140471468360064 0.1558321834592837 0.5649071598102321 61 39 30 0.23
10010 0.2518281942150077 0.1496186445232386 0.9335391793272777 155 119 94 0.23
10011 0.433284229537805 0.1697897972442116 0.6643643095675646 174 132 88 0.16
10012 0.2735436099817496 0.175959827910181 0.8876291426564504 69 48 41 0.11
10013 0.2606642359619613 0.1928462455224909 0.920410594545169 101 77 57 0.18
10014 0.2420554962742572 0.2107402987581891 0.9231745292370173 122 82 64 0.21
10015 0.3277894468517857 0.2862440464328242 1.100950686252953 124 95 76 0.43
10016 0.3373445044910836 0.3054948636903434 1.10366937918648 88 68 53 0.72
10017 0.05815089801043216 -0.0828141557025715 1.186811103935998 223 234 237 0.14
10018 0.1380851294108058 -0.04752530582076486 1.093089750285569 137 107 90 0.45
10019 0.07161348782097765 -0.02694943490757712 1.174988242010473 108 81 67 0.4
10020 0.08744207817599642 0.0568644462146273 0.7613332402219559 102 68 40 0.45
10021 0.5364321386436314 0.1487956447330809 0.5347630655455534 82 67 61 0.5
10022 0.1995208512946839 0.1566655606891989 1.00839067561564 56 40 35 0.1
10023 0.3238117815504401 0.2313533008783021 1.141036230627492 200 208 212 0.36
10024 0.3389725696938314 0.1998314980341307 0.6743229338386617 117 90 74 1.49
10025 0.151779245179571 0.244000428677933 1.045245578033333 89 65 46 0.11
10026 0.2560179883069106 0.2360097672281687 0.8993311374595891 114 75 60 0.24
10027 0.148835338884717 0.2909574509007387 1.060331615140615 88 69 56 0.24
10028 0.3059488799612922 0.3130134924390278 1.069518632291282 95 76 70 0.48
10029 0.4689521487642133 0.1556428376371233 0.6183689351975474 96 68 50 0.33
10030 0.1696351609067714 0.1410369814632142 0.8709095226641428 65 41 25 0.16
10031 0.4345889924972153 0.1679289992044036 0.6637913443363123 157 145 131 0.31
10032 0.3295198016983588 0.2489250168117881 1.119164480910428 101 73 58 0.26
10033 0.487856054736019 0.2429646627001079 0.5907788986450718 152 119 99 0.45
10034 0.5328907879680682 0.1529278242964357 0.5376065674361223 82 60 44 0.26
10035 0.2723470506834273 0.1545010944119347 0.8977452142349639 84 57 47 0.45
10036 0.5287599959225411 0.1116101230768013 0.5618400742657036 117 79 56 0.59
10037 0.3237383583213574 0.2893835720828662 1.092748785656514 67 58 59 0.37
10038 0.1235982266696338 -0.0606250314750702 1.04601934622676 82 59 44 0.93
10039 0.1822785973303157 0.09612158669649129 0.8960800998789851 203 151 89 0.62
10040 0.1429475428977289 0.1731767396046272 1.092984129114136 112 83 66 0.21
10041 0.1790720296682202 0.2499278516681725 1.002941984967033 75 51 46 0.91
10042 0.07873090690135742 -0.2731303695152759 1.085903893100764 189 188 191 0.67
10043 0.08324926100000074 -0.2357193371177515 1.145087287777489 132 109 88 0.51
10044 0.08559752065355269 -0.2150553156518829 1.13717798797201 158 134 111 0.3
10045 0.1049723135365804 -0.1818543461914909 1.120235834025875 67 54 52 0.18
10046 0.1064288559015652 -0.1729766970759091 1.119080438555131 60 42 35 0.49
10047 0.06285572458482924 -0.1732728342528277 1.16838992065389 117 90 71 0.74
10048 0.1317094184452355 -0.1186967932707748 1.092315421726176 115 76 33 0.51
10049 0.1358468927980052 -0.1132790378377985 1.082174915419974 102 71 52 0.79
10050 0.1274677976419439 -0.1108147577588622 1.092539721396591 169 139 103 0.1
10051 0.1113923934343637 -0.1069920262834988 1.115648622048981 196 159 116 0.18
10052 0.06100467488578071 -0.1177977039351102 1.011726726835986 76 53 37 0.27
10053 0.1137982303588684 -0.07960214467379739 1.114918057141823 152 129 102 0.28
10054 0.07402722131327849 -0.105770855325715 1.165159877899753 126 109 91 0.07
10055 0.08036551524755892 -0.08756532950090595 1.160976915809075 74 49 40 0.27
10056 0.1404661585578457 -0.04599088358022069 1.043641477789701 145 115 85 0.3
10057 0.1603638906781291 -0.03289830934266338 1.057040657392305 91 68 57 0.42
10058 0.142545923841566 -0.05149213574930056 1.085405488685158 160 136 112 0.18
10059 0.1078784548978458 -0.06636663338891968 1.133724869752864 154 126 100 0.28
10060 0.09372700603457879 -0.05842250752901595 1.146549133219307 82 62 47 0.43
10061 0.1526435821928733 -0.0282042695728574 1.048487933431805 129 92 71 0.32
10062 0.1407730698358833 -0.02013757838099625 1.087823245205844 160 116 80 0.12
10063 0.1052588676226964 -0.02818805328626836 1.143131444492742 163 138 117 0.21
10064 0.09022709075680674 -0.03505027615142259 1.153118283868526 109 75 57 0.12
10065 0.04001763258007496 -0.07178842169551664 0.9682697898971733 138 96 62 0.68
10066 0.1315460838001833 -0.01800420040634437 0.970178487981432 128 86 55 0.61
10067 0.161127741196622 0.001916065122582439 1.044256389456075 85 61 34 0.1
10068 0.1579316062104085 -0.0003412301884218039 1.069423839646661 149 114 86 0.31
10069 0.1551587364928982 0.005420889497222581 1.071866649848795 203 164 117 0.27
10070 0.1392936716017764 0.006970942251417478 1.097635830918559 164 118 81 0.17
10071 0.1211331103714523 0.01084552719593815 1.132063585556343 108 80 64 0.11
10072 0.2143248631284381 0.02907098206330139 0.9388609626798465 118 93 63 0.69
10073 0.513532106285793 0.09851102991170278 0.5836736089213275 156 113 61 0.48
10074 0.1715025416048054 0.03502592405775909 0.8970507467213777 136 99 65 0.39
10075 0.5394516324535145 0.106292078334179 0.545036993927279 146 81 39 0.41
10076 0.2725491788117047 0.08660620649353923 0.9052029789146703 125 96 70 0.9
10077 0.2506377432774917 0.07901078140533699 0.9591964716924515 136 109 75 0.2
10078 0.1525867576339938 0.07568103039117385 1.066629636220648 97 80 59 0.56
10079 0.0693765644288325 0.01767314880395648 0.8018732910030717 180 159 146 0.43
10080 0.1786038162980571 0.08138399199228014 0.8876465349769983 148 106 64 0.46
10081 0.2605043664567752 0.1117751258292636 0.9310675771849584 212 158 98 0.33
10082 0.1756970138994128 0.110158512294962 1.060590471616913 144 110 74 0.22
10083 0.08648321306861562 0.05190955836747665 0.8278298804288908 93 53 28 0.22
10084 0.1841231342745936 0.1036134260556068 0.8882600860294471 144 98 60 0.14
10085 0.1900026996180191 0.1031956057713816 0.9050335998656095 196 130 66 0.4
10086 0.2708776655234978 0.1207359895147797 0.9218712041277568 118 73 47 0.25
10087 0.1983972498484431 0.1270433510120857 1.015581882332743 83 60 44 0.2
10088 0.1648519203282749 0.1165429347220646 1.074265579807173 135 94 59 0.16
10089 0.1504614915577165 0.1212093231984557 1.097966117035345 81 52 35 0.73
10090 0.500071789785329 0.1411494077388549 0.583745735304064 64 38 17 0.47
10091 0.1069413543998142 0.09034122033894434 0.8336116823743407 173 120 84 0.2
10092 0.1482226697107457 0.09926013466178521 0.8614283802771283 50 28 18 0.75
10093 0.2660685213502668 0.1474929681883558 0.9142551309115472 48 31 22 0.31
10094 0.2458957920185642 0.135865037262653 0.9458802308463305 77 60 40 0.4
10095 0.1904574665478329 0.1392952319366767 0.9937530770858983 31 20 17 0.3
10096 0.1280949927936652 0.1444157423547505 1.124342342053414 167 140 118 0.23
10097 0.5220828506336053 0.1541208935307654 0.5524400695100519 63 39 34 0.44
10098 0.4379735104364706 0.1496382646477817 0.6699309793128061 143 113 76 0.41
10099 0.4445449842237424 0.1514013389756795 0.676384162282941 195 152 107 1.16
10100 0.1231048089815303 0.1070694748159587 0.8371724083247971 82 49 25 0.7
10101 0.1255633118336525 0.1108395961472195 0.8460675187505565 102 59 25 0.58
10102 0.1433757644498011 0.1166487052363398 0.8631612490678683 63 47 37 0.1
10103 0.1695311489451924 0.1369477293284321 0.8713144400139844 75 49 28 0.45
10104 0.2374537533853409 0.154417134215677 0.9490882887213064 148 113 80 0.19
10105 0.1612694855744168 0.1661984440347137 1.061832431860385 97 67 44 0.26
10106 0.1458896187622917 0.161205388594457 1.093352176404927 88 63 52 0.14
10107 0.1205035176059002 0.173888145007851 1.120912712381589 90 67 55 0.34
10108 0.1211204665641224 0.1769299295765258 1.120161904086509 85 63 48 0.12
10109 0.07603985877012548 0.1708539672344922 1.189854598282046 82 61 47 0.11
10110 0.06753642330872528 0.1779085751206329 1.193144263800542 67 50 42 0.46
10111 0.5209629871750989 0.1646461067726079 0.54963583555499 83 51 32 0.29
10112 0.504440768507743 0.1605395422016542 0.5724842045599005 77 37 11 0.4
10113 0.4097623731222949 0.1632088822192003 0.69893367194511 132 110 79 0.18
10114 0.3922159656243991 0.1613624308427765 0.7329070016768578 129 104 70 0.33
10115 0.3817506023697783 0.1696905743193584 0.7360413328776485 122 99 62 0.1
10116 0.378231994918363 0.1696781841471421 0.7388652387580963 80 73 48 0.28
10117 0.3453055933858809 0.1670828394052938 0.7952618930604823 129 92 49 0.62
10118 0.1751629322024602 0.1427269409443478 0.8798886918198403 92 57 36 1.02
10119 0.2611595430194778 0.1725879655979527 0.9033426056965826 110 88 73 0.55
10120 0.2760831200462688 0.1756916543389624 0.9122592573009595 105 78 61 0.91
10121 0.1566897865914649 0.1855084091263018 1.058927251498405 130 90 66 0.06
10122 0.07153640584474352 0.1824925536187339 1.175540802972934 50 36 22 0.13
10123 0.09250199373085971 0.1932790088756675 1.150767700692364 105 71 47 0.16
10124 0.3405346518057514 0.2383094899360848 1.132359990948423 186 210 211 0.6
10125 0.3292010597519444 0.2384793685640332 1.138169545372966 87 81 73 0.32
10126 0.4037587637539113 0.1739882711701574 0.7019172113877622 168 146 112 0.23
10127 0.4063832003114524 0.1795873123521775 0.6962619903733706 172 132 75 0.14
10128 0.404112204808062 0.1828147332720268 0.6971995275905075 193 145 88 0.17
10129 0.3451577707437984 0.1916576487330159 0.7837633917911603 106 87 57 0.15
10130 0.3437844086120821 0.1891474679169431 0.7900516508227036 164 124 70 0.37
10131 0.3458889876466677 0.1826466163914274 0.7958671309261093 57 37 20 0.15
10132 0.3396435044610018 0.1919109296003625 0.7941374348138881 76 57 32 0.22
10133 0.3190769568284285 0.1839988740914099 0.8268839280583207 147 111 73 0.08
10134 0.319745991085263 0.1863087533082134 0.8275575534563898 70 56 39 0.12
10135 0.3118150615464401 0.1920059337149626 0.8341057072506788 103 76 47 0.18
10136 0.2651310144708818 0.1875729058039642 0.9006540917429771 21 12 12 0.32
10137 0.1452778189617961 0.2001143023206532 1.07887706813199 53 44 32 0.08
10138 0.1536229986651795 0.2142511927907225 1.075381724498768 51 47 39 0.21
10139 0.120062647494482 0.200735252112376 1.116878286836383 112 84 73 0.3
10140 0.535009929065929 0.1804810670537086 0.5242841712607025 74 36 17 0.17
10141 0.4604393705690564 0.1783595981300095 0.6132667921562076 57 40 26 0.32
10142 0.4577758698534248 0.1830110884188203 0.6169753564655677 77 53 32 0.41
10143 0.4483875818292967 0.1869751795054441 0.6366614378883582 51 33 24 0.34
10144 0.4475033818901206 0.1900625154698686 0.6360984331909997 71 50 28 0.97
10145 0.442744790469994 0.1865217528112796 0.6437377781820974 145 104 67 0.26
10146 0.4241954004057051 0.1939542161624474 0.6657399660348127 83 70 53 0.18
10147 0.352998039149944 0.1986893978993978 0.7728130380469743 41 30 18 0.87
10148 0.3542693349426392 0.1944956993433883 0.77582984844723 114 93 60 0.32
10149 0.322188494154562 0.2021739003979661 0.8148118332559958 140 89 44 0.11
10150 0.3184492499672221 0.2014064536333455 0.8240865909519398 92 72 50 0.11
10151 0.3099740898965662 0.2008367996404994 0.8351272441958631 85 65 46 0.21
10152 0.3143495963655815 0.2065163681338686 0.8275937642500857 81 52 29 0.13
10153 0.311324163599994 0.2098512684560742 0.8284605013626856 132 96 58 0.61
10154 0.2894584410514998 0.2050120422195369 0.858904263555294 97 67 43 0.22
10155 0.2768629456056951 0.2066889786789798 0.8775491461591858 106 85 71 0.31
10156 0.2882430848414215 0.2082777789936877 0.8647384596454677 149 116 74 0.23
10157 0.2836019665629897 0.2143804516149665 0.8637416525002999 144 104 66 0.1
10158 0.2764540810192952 0.2100854011130831 0.8783453959777043 114 94 73 0.25
10159 0.2479839802644901 0.2145642140693678 0.916192023606625 42 27 22 0.3
10160 0.2361649490246187 0.2096703007936995 0.9351481922964792 84 52 26 0.08
10161 0.2363455691711037 0.2106044197820324 0.9329519862116796 44 30 23 0.16
10162 0.07529284938442904 0.2369946228288518 1.15421735167169 45 30 26 0.04
10163 0.06914928729604636 0.2365540275325864 1.165320940737679 50 35 28 0.42
10164 0.4971385127356511 0.1964494278204791 0.5751921484136787 88 73 46 0.3
10165 0.4259394811966696 0.2041025942105085 0.659884309590666 120 88 55 0.23
10166 0.4231681652606367 0.2046388417495914 0.6625972902967708 95 70 43 0.39
10167 0.3933274031214627 0.2002530981393297 0.7080842813735204 149 110 64 0.29
10168 0.3883214309509173 0.211624250950567 0.7106694168641916 86 68 52 0.09
10169 0.3140660118523859 0.2147603638420051 0.8243782805759571 141 107 69 0.15
10170 0.2837149440490809 0.2204066530114475 0.862364803338653 149 109 69 0.18
10171 0.2758588394028825 0.2305375587569161 0.8711544825659596 175 136 96 0.03
10172 0.2436782790416575 0.2299898000087928 0.9140674230348249 66 38 20 0.05
10173 0.2364051839799423 0.2323602085224615 0.9242894992854308 62 33 19 0.17
10174 0.1763900950140954 0.2411776605330462 1.011531091614573 78 46 26 0.23
10175 0.160108502983113 0.240603144130327 1.035795757584923 49 37 27 0.12
10176 0.1403370489975645 0.2410924858465988 1.072206069692672 100 75 58 0.07
10177 0.1118684274109406 0.2463621753250986 1.109454623154413 105 77 56 0.08
10178 0.2841612603863253 0.2779021866805002 1.065645523053683 105 86 68 0.26
10179 0.3328823538255585 0.2855345234988114 1.100765396326493 62 38 26 0.37
10180 0.3301110368594696 0.2870536427247594 1.102977072598858 76 58 45 0.37
10181 0.4592827492045536 0.2063549946017787 0.6272382381834491 83 59 35 0.24
10182 0.4264224626659463 0.2180889246320472 0.6655616075992473 126 106 74 0.29
10183 0.3685251087595847 0.2047969637632834 0.6795816790952527 121 86 54 1.6
10184 0.3859529095172514 0.219231753132165 0.7235835866532878 99 70 50 0.18
10185 0.3511998772172547 0.228223332737963 0.77659487065125 97 74 48 0.27
10186 0.2961389010948673 0.2361085429699746 0.8425391346704925 98 76 51 0.42
10187 0.2802716675946681 0.2446697656077835 0.8623848797561264 44 36 27 0.33
10188 0.2420472805437976 0.2422246466089195 0.9119533553560144 70 37 18 0.39
10189 0.2366244738253853 0.2394132768160498 0.9231135666601631 112 73 35 0.08
10190 0.2785589078037848 0.2783999221484747 1.057660248566617 96 72 54 0.94
10191 0.4592320702529759 0.2257120875897635 0.6215131343571696 114 76 42 0.22
10192 0.454270718857839 0.2273611934105779 0.6365100446406793 93 74 50 0.31
10193 0.4413722637441081 0.2217153463228397 0.6461574497049902 123 92 65 0.32
10194 0.4405107322079302 0.22444787494948 0.6495606473225106 96 77 34 0.36
10195 0.37869460573163 0.2371710095217653 0.7267812640050924 142 96 55 0.63
10196 0.2494673020734947 0.2619709889834062 0.90183443965174 88 62 44 0.59
10197 0.2280984917326671 0.27250567279113 0.9298915533270442 45 29 18 0.44
10198 0.4579427330958499 0.2396081529753538 0.6459306328210025 148 120 88 0.19
10199 0.4167992089514986 0.2457608358175534 0.6899543147651556 121 99 81 0.33
10200 0.4046377536837703 0.248684336070612 0.7082950689077547 144 118 88 0.24
10201 0.3879932198469187 0.2471671044466598 0.724458354701638 78 65 50 0.19
10202 0.3314723125956218 0.2489693204299292 0.7388251286390197 149 115 93 0.61
10203 0.3878142834001443 0.2522639417076172 0.7464201327243458 102 83 70 0.7
10204 0.3667975629187243 0.2515923255619162 0.7533829974084564 61 39 24 0.2
10205 0.3502602739283397 0.2542426135358627 0.7713601211871479 98 75 55 0.31
10206 0.3497794877826543 0.2548946381021141 0.7747182600382936 90 65 39 0.21
10207 0.3620304957876828 0.2559355489983381 0.7746882759505731 120 92 68 0.65
10208 0.3527935437228152 0.2562934147606177 0.7799914687549614 82 60 33 0.26
10209 0.3351425306287966 0.2584205760120415 0.7969506665945267 89 65 45 0.19
10210 0.3345904520654684 0.2592202344863581 0.8006636777878143 73 58 40 0.18
10211 0.07123969738546926 -0.1952822410987474 1.162132998300961 106 87 61 0.81
10212 0.05556541107559221 -0.1924364675707326 1.167204795097605 144 131 120 0.17
10213 0.1245688360514817 -0.02291980729943238 0.9748374308974326 133 91 56 0.19
10214 0.1689451836296142 0.0375511702279718 1.043734508723976 136 98 74 0.2
10215 0.0606594009102121 0.01076706197486374 1.190894569398999 124 99 81 0.34
10216 0.1531762834021743 0.04122989469869817 1.013038337584633 56 38 21 0.15
10217 0.165459257776347 0.05755957413390478 1.049641543155255 64 44 39 0.56
10218 0.1361520537432847 0.05831227491987107 1.100505865103778 145 116 91 0.21
10219 0.2802824789211299 0.08688332525328546 0.9102406375328919 146 82 51 0.22
10220 0.1610658442374079 0.0554960288633021 1.006185348898537 138 101 73 0.8
10221 0.152248031586222 0.07734882537125617 1.078122448237902 75 48 36 0.17
10222 0.1435990798811903 0.08394478634139158 1.079068371211956 159 120 84 0.27
10223 0.5262050704846408 0.1152872046488725 0.5628605010875297 107 65 38 0.42
10224 0.5175451542818318 0.1168971909363233 0.5736409748273479 117 78 32 0.32
10225 0.1947051085091177 0.07403244618286567 0.9078023398269901 147 105 58 0.38
10226 0.2036598862097423 0.08006602493399337 0.9132950750799129 180 114 66 0.19
10227 0.246498008148104 0.1127772177536276 0.9449462508299051 213 145 77 0.33
10228 0.1736522418875699 0.09097688919335742 1.053546828352872 132 96 58 0.23
10229 0.5447756307028786 0.1327076963305679 0.5321818623078802 39 27 21 0.3
10230 0.1443398876166529 0.07623381956752029 0.8702101989540497 82 58 46 0.48
10231 0.264232793061943 0.1310089917596762 0.9351644347118346 122 83 56 0.12
10232 0.4735154113963842 0.1444242590444833 0.6232580418370652 114 83 59 0.17
10233 0.1693197664244162 0.1451133883051824 1.068800001034156 81 59 42 0.14
10234 0.1709101550846811 0.154411026282395 1.053810950263195 113 81 51 0.31
10235 0.5141619673125132 0.1448302070503487 0.5668647787589101 65 43 33 0.28
10236 0.4779602987318401 0.155119386493123 0.6076227547566998 123 90 46 0.52
10237 0.4701078846418554 0.1431570668748903 0.618931763752348 92 62 36 1.2
10238 0.0737412784447537 0.07196569537153166 0.7474999624577439 88 64 47 0.23
10239 0.3804095564080247 0.1605562717300593 0.749920232985464 153 118 53 0.38
10240 0.09051788049582338 0.09751012031982599 0.8206339036905584 159 111 63 0.25
10241 0.1321843589953355 0.1140853357790771 0.8401583112436268 89 56 39 0.82
10242 0.1750176841297266 0.1393515054500337 0.8724756517433624 94 50 31 0.71
10243 0.2363410267171048 0.1542405375378888 0.9519855823584243 42 27 19 1.35
10244 0.06117548689614422 0.163749993261617 1.211264547414866 190 210 225 0.37
10245 0.5331685626836802 0.1619655826575188 0.5343965682944408 20 12 8 0.1
10246 0.4490959168683376 0.1595285050675198 0.6437182980736464 111 85 56 0.31
10247 0.2431691219759059 0.1724987669726679 0.9367254904700377 93 63 42 0.27
10248 0.2932349872747669 0.2283564227972003 1.118559830428411 196 194 197 0.35
10249 0.3265177439136192 0.1836074544956225 0.8158410702158271 86 63 44 0.73
10250 0.3093400192612005 0.1860891680392406 0.841248440912206 103 68 37 0.37
10251 0.3099375397226763 0.1923966819994772 0.8361757487597039 52 44 33 0.21
10252 0.2716147571600415 0.1990522311000515 0.8928776121001613 68 53 32 0.16
10253 0.1858240682582773 0.1911592021664032 0.9872332927910776 33 25 26 0.12
10254 0.1366930175221521 0.1991616592798347 1.092252053154605 69 48 36 0.14
10255 0.3604249974777219 0.1937325578982828 0.7594599456511181 35 28 15 0.22
10256 0.286338480567736 0.2002411139987216 0.8592641627556967 175 132 87 0.19
10257 0.1663328870800575 0.2226051356331887 1.030146171317987 24 18 18 0.34
10258 0.133320885776276 0.2232099974573114 1.105909000839874 116 84 66 0.57
10259 0.09011338692249676 0.2344443287286033 1.14408530854146 59 39 31 0.31
10260 0.4945639290559229 0.1992661191445392 0.577654223447842 36 28 19 0.19
10261 0.379630909217965 0.2139223154460566 0.7215742103980876 124 86 56 0.06
10262 0.3682391335757387 0.2110515674208935 0.7504197810443688 129 93 51 0.11
10263 0.3581403518729597 0.2115705648307023 0.7609893697801076 174 136 79 0.28
10264 0.3612295633345198 0.21407943067635 0.758164656107116 156 119 72 0.15
10265 0.2399143145447478 0.2317417527811885 0.9166624443186906 105 68 47 0.16
10266 0.1350565323072709 0.2571885644174423 1.076589321184945 82 58 41 0.18
10267 0.4460734811560518 0.2082559478700732 0.641731219313178 39 30 23 0.42
10268 0.404782739818999 0.2121579049230123 0.6819197330615285 61 41 27 0.71
10269 0.4105234384394567 0.2171979068287026 0.6905253904552081 151 118 58 0.19
10270 0.3786105655522282 0.2153067897843705 0.7259824588216315 139 103 54 0.2
10271 0.3807516453371469 0.2206816212558934 0.7307415754013633 118 88 57 0.2
10272 0.3682861495421972 0.2168516736553833 0.7375687707712394 68 48 32 0.17
10273 0.3278561762708607 0.2248118903672108 0.8019469855720094 137 88 44 0.27
10274 0.2947675766556652 0.2315955910712263 0.8426028980263164 112 71 32 0.46
10275 0.2970266348430624 0.2390944027603502 0.842874864530636 58 39 23 0.3
10276 0.1940870009837713 0.25934281325776 0.9904109138762818 146 118 97 0.61
10277 0.1192324707037519 0.2738344326913693 1.0853940632747 85 59 48 0.11
10278 0.4843126206978695 0.2130889003568815 0.5880858238527321 138 97 46 0.43
10279 0.4570689375015465 0.2248050878326225 0.6242419900682181 67 49 32 0.13
10280 0.4232718826569198 0.2219956085719305 0.6680649464531422 103 80 52 0.33
10281 0.3950681939445789 0.2362945761946409 0.7060797459129261 116 80 51 0.13
10282 0.3640445298952112 0.2465253677434404 0.7582214161667249 111 66 42 0.35
10283 0.3274676728983145 0.2451644455870634 0.7942270095690046 89 65 40 0.56
10284 0.5436692599666202 0.2167790193649461 0.5232130058604333 69 40 28 0.26
10285 0.5222652992941352 0.2224466850494906 0.5510708383336078 170 143 116 0.17
10286 0.4309269384257401 0.2394241041526579 0.6733638111377951 93 62 38 0.15
10287 0.4265019769889972 0.240216554766977 0.6781892491836558 107 72 51 0.13
10288 0.4234939164262432 0.2407469165290332 0.6819301366605397 104 69 45 0.14
10289 0.2868606836878773 0.321470289826724 1.059093267218349 127 104 82 0.32
10290 0.5338567330773587 0.2290701067399705 0.5300456931079403 66 49 38 0.36
10291 0.5299918919750694 0.2298362331689709 0.5339792250370597 103 77 60 0.26
10292 0.3077360728118725 0.2758860802809347 0.8258321945674081 86 64 46 0.23
10293 0.2970200078867704 0.2793052504728604 0.8357695260512059 139 122 106 0.37
10294 0.2975749484442814 0.281478992292952 0.8457305699569209 141 123 101 0.32
10295 0.0867448737599355 -0.2117859202355486 1.139113315323257 128 129 121 0.93
10296 0.0726527976286736 -0.07512353080275125 0.9880915067918846 114 75 53 0.28
10297 0.1097835948190626 -0.03508409920725553 0.978306765540303 163 126 96 0.61
10298 0.2027001568703916 0.03325708115174494 0.9574714158234967 94 56 34 0.23
10299 0.5401339978363698 0.1120585693629644 0.5453701990721783 159 98 37 0.42
10300 0.138119817567135 0.1052516615983591 1.12338688193505 94 75 61 0.52
10301 0.1730506048541727 0.08534389858912117 0.8877285240032124 160 113 78 0.31
10302 0.2725309477645408 0.1206483449812828 0.9271578757527781 157 103 66 0.66
10303 0.240812930128784 0.1302885154001024 0.96278166852102 104 80 64 0.18
10304 0.1522551897782891 0.1472089660868242 1.086098699885361 49 35 30 0.44
10305 0.5393817496818227 0.145012115484533 0.5317823544063308 71 45 29 0.16
10306 0.3549538009104443 0.1611124497193571 0.782452373058656 91 61 35 0.7
10307 0.1807482624997908 0.1384744784862554 0.87463735498996 37 21 11 0.46
10308 0.1855344514024903 0.1723831756943066 1.023900007696783 109 77 65 0.35
10309 0.3642093808854285 0.1629526469266908 0.7688522327661574 169 135 64 0.16
10310 0.3327363671665208 0.1795937133273339 0.8136633482942657 104 89 65 0.26
10311 0.4676344638507407 0.1734847931754622 0.6126814896962138 83 66 41 0.29
10312 0.3727165318203342 0.1790946996854579 0.75271227154428 43 27 15 0.5
10313 0.2871851857889025 0.1903238696583383 0.8703669238276002 76 46 28 0.42
10314 0.2382006917358997 0.1913642496110909 0.9502440932884434 112 92 67 0.34
10315 0.1930129438029602 0.2003186694654689 0.9827489471845732 67 52 40 0.15
10316 0.1711986565018355 0.2032205425389267 1.045350240398455 46 39 32 0.09
10317 0.4058636016364841 0.1931371194417535 0.6913260422006565 152 113 74 0.47
10318 0.4073265501369115 0.1970661110813004 0.6900332597407481 148 110 75 0.26
10319 0.4133851472082402 0.2028462014748386 0.678623024051292 149 112 47 0.38
10320 0.4149524092753216 0.2078094999916281 0.6757416627722411 108 77 50 0.49
10321 0.2654252267577112 0.2224533305256313 0.8881952969731367 56 36 23 0.26
10322 0.1915227284884862 0.2412380097342663 0.9919052852583856 116 75 46 0.13
10323 0.1510830091586107 0.2369319959992559 1.050551147745767 108 74 58 0.18
10324 0.2904996557948065 0.2771693131455451 1.069619885710636 27 22 20 0.11
10325 0.4298586349831274 0.2116743017784242 0.6652729574827403 47 29 20 0.09
10326 0.4238056490631508 0.2204744108585364 0.6695742551243926 90 72 58 0.66
10327 0.4245045463294382 0.2138266871247267 0.6753967705402809 41 28 19 0.45
10328 0.4066249560114006 0.2164326635631866 0.69587241071027 49 29 19 0.23
10329 0.371406805091447 0.2204924471131307 0.7411579747629019 142 110 78 0.25
10330 0.3508475321953528 0.227341063173776 0.7716386063687745 56 37 21 0.14
10331 0.2830372208398265 0.243847493434966 0.8510212362315249 41 29 17 0.22
10332 0.2632695462746861 0.2483731476565977 0.8789921079321227 35 21 15 0.29
10333 0.2242155648697615 0.2566064640221202 0.9313752661876511 17 15 13 0.33
10334 0.2234483568990313 0.2556908451505552 0.9415090985792659 76 73 69 0.4
10335 0.5119272521535168 0.2177678704782937 0.555370195968221 119 86 65 0.16
10336 0.4821261436633267 0.2194627006973749 0.5897693639908134 103 84 49 0.57
10337 0.4572713808074579 0.2270569735406079 0.6263720358474463 120 84 57 0.09
10338 0.4383414195683969 0.2282398747010141 0.6491703155954835 71 55 36 0.28
10339 0.3397489956169822 0.237868620747199 0.7569495708434192 89 65 40 0.4
10340 0.325050100465177 0.245828879863728 0.7980592938093258 85 66 43 0.1
10341 0.3087277657131374 0.2543681214767498 0.8198799237287501 88 68 48 0.18
10342 0.2753384179168006 0.2568683335670019 0.8661308879177839 86 76 43 0.27
10343 0.5330505565734248 0.2182910407189213 0.5354861486083484 54 34 25 0.09
10344 0.5319947964365636 0.2188646352076697 0.5376422103361725 64 41 29 0.28
10345 0.5240135544002466 0.2205298977639103 0.5480581438687046 67 39 29 0.23
10346 0.443699221199455 0.2444972192808349 0.6513183958879523 99 67 46 0.13
10347 0.3251952027345537 0.330615033180634 1.07263396053858 52 39 33 0.54
10348 0.3272897585564963 0.2720608333575648 0.8031504731943402 84 60 30 0.25
10349 0.08136791239908248 -0.2801639740282655 1.09383871312557 86 76 70 0.42
10350 0.08236520748021675 -0.2223188170834385 1.128542513028127 135 114 78 0.59
10351 0.1933472785935468 0.03739216661922123 0.9181008522075216 179 108 52 0.17
10352 0.1553710487239041 0.06487255642776699 1.076908941905885 166 136 100 0.73
10353 0.1841217755211955 0.08125770487122999 1.031262793965279 177 144 92 0.45
10354 0.1427156006052507 0.1131226875013862 1.124031465961664 58 43 35 0.05
10355 0.0785917491949934 0.05289375329370924 0.7544814400391926 221 238 250 0.44
10356 0.08028327912411432 0.06850165038950662 0.8192348814232999 127 79 48 0.36
10357 0.1016863790717513 0.08956346557489284 0.8282761861566592 145 93 32 0.55
10358 0.1779586926982538 0.1511300706082489 1.049934708176802 42 27 25 0.18
10359 0.5068408004933125 0.1503062121998488 0.5767086611544734 12 8 4 0.14
10360 0.09860463614970821 0.1721049652847689 1.1610166597305 40 30 34 0.61
10361 0.06756147585633132 0.1738205063729109 1.20239364180432 142 124 109 0.79
10362 0.4565566479300446 0.1607867448001131 0.6346970156062928 148 131 70 0.48
10363 0.4137741882077643 0.1708282012919987 0.6914037371715752 145 132 108 0.34
10364 0.4044239736767675 0.1676751787914535 0.7120820809238604 162 147 120 0.17
10365 0.1880216230056013 0.1462342627194337 0.8906526789501522 122 82 55 0.78
10366 0.4299160914089813 0.1813938329206375 0.6635707745445012 145 107 60 0.6
10367 0.3845944084302401 0.1976860024069244 0.7224426023076115 113 87 45 0.4
10368 0.3623604515807824 0.2151156801535569 0.7530288808253865 42 34 24 0.31
10369 0.3632215945664126 0.2167204963605417 0.7567601462477227 76 60 45 0.49
10370 0.3752531070249899 0.228576958809357 0.7432952467852213 38 24 12 0.3
10371 0.3778660095985946 0.2318131068546914 0.7534679474269146 64 37 16 0.95
10372 0.3403083386898956 0.2309285133079587 0.7706333124359468 42 30 12 0.9
10373 0.4937436723328757 0.212080155622694 0.57664778610846 84 60 38 0.15
10374 0.4072752991793122 0.2304272468929315 0.6924923517587984 85 61 37 0.62
10375 0.370004987014119 0.2401049362338567 0.7490430398480373 113 77 49 1.27
10376 0.3261782548994925 0.2696281100331412 0.8085358336656105 105 81 56 0.82
10377 0.5012010010709003 0.2377882286578939 0.5726145654066116 90 52 33 0.21
10378 0.3161148207715546 0.2733644678960278 0.8131727793159991 74 57 41 0.24
10379 0.09264925360281401 -0.2457758272096671 1.099595190291961 80 66 52 0.5
10380 0.1632621106523306 -0.00466690626409072 1.056307996859357 166 134 94 0.3
10381 0.2369299536255106 0.09853109300900875 0.9625464107651094 19 11 10 0.6
10382 0.1710986422217324 0.08867457548412158 1.008712079301727 45 25 15 0.09
10383 0.1817421429080196 0.1093556715933406 1.005130217700258 115 89 63 0.9
10384 0.4336332365643825 0.1492650840077373 0.6788798920660799 187 149 103 0.45
10385 0.4493838930323078 0.1673835146234299 0.6441756928704846 117 93 38 0.58
10386 0.1610613271616337 0.2141859959822188 1.046487297345807 32 21 17 0.34
10387 0.2374032047311705 0.2069511778063909 0.9325754865773694 18 12 10 0.47
10388 0.4777748663154787 0.2001359299659723 0.5948757098434209 106 85 64 0.25
10389 0.3434158903195407 0.2916577405506903 1.091651993748058 118 92 72 0.75
10390 0.5131122319262519 0.1977378336672533 0.5516274055898139 20 9 5 0.21
10391 0.514169257602518 0.2000217453254789 0.5487717709092557 100 54 37 0.19
10392 0.5019892362858319 0.2000142406850991 0.5659301485836151 28 12 3 0.23
10393 0.3805922088112498 0.2248544090724237 0.7267018602899775 45 26 13 0.3
10394 0.5316155609607275 0.2094262534247685 0.5269067863734538 81 43 24 0.19
10395 0.5110926550786912 0.2281993875119042 0.5629637319896963 58 37 24 0.36
10396 0.5008997533934999 0.235151170796852 0.5738484002745469 94 57 35 0.38
10397 0.06219434134170893 -0.1961927191064933 1.166337467831001 89 79 74 0.39
10398 0.5386130695125865 0.112017169487313 0.548255539692706 98 59 18 0.52
10399 0.04288161227056309 0.01174254335387775 0.8045963123747654 101 80 67 0.79
10400 0.2031870230585215 0.08482816311498301 0.9110337564476579 142 85 46 0.36
10401 0.2543061482102672 0.1332089479739118 0.9401466822155318 35 22 17 0.44
10402 0.2568430197314391 0.1307534930362489 0.9458114835665596 168 126 90 0.89
10403 0.2703562574120277 0.1322052397431876 0.773616049062694 99 77 21 1.32
10404 0.2570760657534083 0.1627710705863297 0.8929393728835867 121 78 55 0.54
10405 0.4785049899527144 0.185152377899909 0.5931544588688287 175 122 56 0.69
10406 0.1073171033988589 0.2309514469250431 1.133665473936878 25 18 13 0.43
10407 0.07129268287918644 0.2298529490074396 1.174144703176788 90 67 48 0.13
10408 0.1826386389039432 0.2562740199906697 0.9943964328131082 112 75 56 0.65
10409 0.4843861331647128 0.2304456456601426 0.5983259023773394 159 117 89 0.51
10410 0.4750457893920117 0.2330380019384698 0.6146336442373567 187 147 121 0.13
10411 0.1541601724660994 0.005448995090070019 0.8959287209700426 91 65 50 0.26
10412 0.1800800710620883 0.1517674962173012 1.044358678436838 46 34 32 0.3
10413 0.2859391419274787 0.1773120887840712 0.8777590174137848 137 86 43 0.58
10414 0.1956129081895784 0.1779989785257614 1.007786333713971 119 84 45 0.34
10415 0.3898625374664939 0.2143325982268064 0.7074285847678933 110 73 46 1.05
10416 0.5917574894095734 0.2526954026388379 0.5933898356560281 203 161 130 0.79
10417 0.1053375759769055 -0.2759661495280026 1.101297762003956 220 228 240 0.46
10418 0.1560319711367756 0.08620026275567444 1.066631380260569 168 134 102 1.04
10419 0.06607979302796074 0.04370320604336367 0.8381225191517904 94 58 38 1.01
10420 0.3016610542736822 0.2036976670222865 0.8369718061523157 36 23 13 0.96
10421 0.1520078000174604 0.2230904930711262 1.06509641156851 14 12 13 1.06
10422 0.2749847095549466 0.2776922663508988 0.8656872637997739 58 40 28 0.41
10423 0.1587335041641358 0.01931444928269915 0.8766500278190467 39 28 28 1.24
10424 0.1925304559971666 0.2102028160652958 0.9922212647040842 16 11 11 0.82
10425 0.3437867203270822 0.2173294382413695 0.7819226772408718 153 120 77 0.65
10426 0.253722481867372 0.2341361343628784 0.9148038858613377 78 46 30 1.39
10427 0.08214349380641162 0.04465564083244111 0.7834655836852786 111 71 39 1.09
10428 0.09037196162912847 -0.2488068314033373 1.154158463963665 77 69 58 0.68
10429 0.08698460465906122 -0.2486374181620865 1.158999870544789 177 200 210 0.87
10430 0.1019348626235327 -0.08773255239209887 1.025981884824159 76 47 30 1.01
10431 0.3716572560424301 0.2342636580945346 0.7541134941259948 95 74 48 0.86
10432 0.06349152464776586 -0.1017692129707537 0.9989183750112622 110 78 55 0.38
10433 0.1056074688044699 -0.1055331059404843 1.048942852304088 116 70 32 0.26
10434 0.0942090175900272 -0.02452916111180806 1.159854098051006 72 54 43 0.8
10435 0.1952696228254041 0.02771490190945658 0.9191432043336381 208 152 98 0.2
10436 0.5246142261092119 0.1393711268220198 0.5562924548002968 102 83 65 0.09
10437 0.4474313105997224 0.1901119788978661 0.6363473804582847 84 66 46 0.37
10438 0.3627977423124495 0.1934413557883181 0.768154906367329 35 24 13 0.56
10439 0.2013539559225105 0.2594861581445004 0.9718891096102141 36 29 30 0.36
10440 0.06262454623823044 -0.2156687552200383 1.066292699490375 137 112 92 0.6
10441 0.1161877178819785 0.1703209629151627 1.140567234907009 56 44 37 0.74
10442 0.499736985342884 0.2008132520233843 0.5695786142271247 24 19 16 0.37
10443 0.2852552091604595 0.2551145850516056 0.8522241889490332 108 86 71 0.29
10444 0.09077892052661046 -0.154194032982409 1.046164632701696 156 121 85 0.27
10445 0.1001955001557153 -0.1614049261333299 1.072027741857478 96 67 47 0.2
10446 0.1297698339121978 -0.02263041048642198 1.009386114464836 210 167 116 0.33
10447 0.1564405142995781 0.09303087502824015 0.8689048299271405 134 82 48 1.07
10448 0.4443628316468216 0.1569875914143763 0.6596549369559344 66 59 39 0.35
10449 0.1002230846334182 0.1714928333337172 1.155087347958336 58 48 41 0.68
10450 0.237439065251543 0.2098119741547411 0.9342386458081042 98 74 57 0.62
10451 0.1644501985810723 0.2388245633877509 1.032026458720114 94 70 54 0.16
10452 0.1185470027404134 0.2529677084302894 1.093419943560051 32 21 21 0.22
10453 0.4908222678649659 0.2270800321869438 0.5909450680697456 69 58 46 0.08
10454 0.1098393571912534 -0.2225754919290127 1.098934756901765 151 135 107 0.27
10455 0.08808300214214898 -0.2422461485100001 1.158649084859758 180 200 223 0.42
10456 0.07939117421939984 -0.1979704094934157 1.072045155247986 80 57 40 0.31
10457 0.06533440794056139 -0.1916864071551617 1.170864290734419 192 186 177 0.36
10458 0.2036876565601842 0.1508546337322815 0.8972040236858789 76 39 19 0.23
10459 0.09672219865018084 0.2406225786059368 1.134868781828414 21 19 17 0.18
10460 0.1992962535030265 0.2602493068010152 0.9707348199350638 71 67 59 0.44
10461 0.3337234822265427 0.3183291837220932 1.09088517760763 64 46 35 0.42
10462 0.4676393902254363 0.164988798702544 0.6156046171999439 124 103 71 0.14
10463 0.3132009009069002 0.2859632713456016 1.08050931843658 114 84 60 0.37
10464 0.293029143425667 0.2932275591348124 1.070953122668926 85 63 49 0.4
10465 0.1667500842994667 0.07814815947535544 1.113174557943722 182 155 138 0.87
10466 0.4305621019147725 0.2040438235863846 0.6542864814232336 34 32 23 0.54
10467 0.09211066788794214 -0.229460356399937 1.140697062610579 82 69 52 0.54
10468 0.1155662613476087 -0.09719318458012494 1.112846777663585 58 45 36 0.21
10469 0.5244669740076737 0.1118839002138079 0.4699514610936741 67 55 42 0.43
10470 0.1159338349448906 0.06817359241041079 0.8482445509223248 136 73 20 0.38
10471 0.1728794489163363 0.08621774142679392 0.8875043564067119 185 129 71 0.2
10472 0.1186335612952596 0.1755682938073873 1.137889724888166 89 62 49 0.94
10473 0.5307457310837004 0.1713017124305876 0.5322737302921644 44 36 27 0.49
10474 0.3610495786401013 0.1710822389503659 0.7728421425169945 89 75 49 0.23
10475 0.4216677603055307 0.1865656169777795 0.671868059065875 120 99 74 0.19
10476 0.2576412592174914 0.2155565401797313 0.9014221790168764 95 60 38 0.35
10477 0.3001381279734445 0.2388332525614973 0.8287533937510633 64 44 25 0.32
10478 0.06046394157932611 -0.08226755856508167 1.185776543136068 168 187 208 0.16
10479 0.512403597922921 0.1295105924349546 0.5831186416999335 62 52 37 0.27
10480 0.5250276676166317 0.1414872541794207 0.5556743885685939 87 67 51 0.25
10481 0.5083674888472032 0.1700758486186865 0.5635472276958536 35 27 22 0.46
10482 0.3768789519550374 0.1786946447945194 0.7585632330425955 104 92 65 0.56
10483 0.1090483861221797 0.03975587690947099 0.8437429669096845 159 101 49 0.57
10484 0.154172450740557 0.1057493847790144 0.8588310173687987 122 64 19 0.32
10485 0.4317826365671268 0.1583839896134136 0.6702009113478146 85 66 37 0.19
10486 0.06146878571526526 0.1974069640950183 1.184722528714022 29 21 19 0.36
10487 0.4213350148059483 0.1836894324218252 0.6703160283805722 60 44 27 0.49
10488 0.3138759532545529 0.1893329469251374 0.8268403435841517 50 36 19 0.39
10489 0.4997597859641878 0.1994133804340842 0.5716306561682664 57 47 31 0.33
10490 0.237740436983691 0.2539991838413646 0.9139663696662756 50 31 19 0.84
10491 0.1113440235785048 -0.1096280789751369 1.049235252849175 92 59 39 0.46
10492 0.4519348907550054 0.1381070894949133 0.6445282625339541 157 127 84 0.09
10493 0.3748247848324988 0.2111814775958722 0.7293014889440605 84 73 46 0.22
10494 0.04530962245412484 0.02903219103256946 1.208179724658333 147 179 214 0.4
10495 0.3687656258981754 0.1970186636560334 0.7564178791942368 23 16 13 0.19
10496 0.1556578366579203 0.04186821769560048 1.072905580754054 81 56 37 0.79
10497 0.5237045233815296 0.166461304352369 0.5439887045155124 111 66 41 0.09
10498 0.0310571833561063 -0.0267454903543364 1.211597547894844 135 163 190 0.98
10499 0.2015747927408048 0.09950801847125874 0.9131856335645681 204 143 85 0.47
10500 0.0556505992630863 0.2364235716335174 1.197717066811977 80 68 57 0.28
10501 0.4736794429487268 0.2124823823294844 0.6049229377197129 60 42 30 0.23
10502 0.5148962381559863 0.09797923405137765 0.5822443900749862 69 54 47 0.53
10503 0.1634998670939437 0.06657490804097765 1.008657922518102 76 47 32 1.17
10504 0.1641838429966338 0.08266043805464576 0.9994219795592283 62 37 25 0.33
10505 0.2471338388779583 0.1493340274712444 0.9407064264898233 92 69 43 0.12
10506 0.1587369954356754 0.1654236338549316 1.082387742243076 50 44 40 1.01
10507 0.08046338052765473 0.1747748074924408 1.175649938448516 62 45 33 0.28
10508 0.266842810012881 0.230136313308223 0.8835523203732247 82 62 46 0.23
10509 0.2564051282394314 0.1492582341502032 0.9226799425645167 73 53 35 0.21
10510 0.2662095653259081 0.2469320916614523 0.885075372474535 32 22 17 0.23
10511 0.3573127585870523 0.1901406005685499 0.7729620547668586 102 86 60 0.43
10512 0.05896502343898968 -0.3263342434809356 1.142378840193238 218 201 161 1.04
10513 0.08981924478924441 -0.2727196913762951 1.105208575537362 206 175 131 0.59
10514 0.09679658997603796 -0.2657826573655131 1.112877611671063 139 113 83 0.78
10515 0.09049367635305589 -0.2415560106984498 1.093153095974338 137 103 76 0.43
10516 0.03267416483931274 -0.1422568225780191 1.000569098073778 131 102 94 0.12
10517 0.0376013326046174 -0.1317004729681597 0.9962522621538441 190 148 99 0.16
10518 0.05438468036585664 -0.09703877550180212 0.9939347021281565 126 90 62 0.34
10519 0.0410495170375037 -0.1010191682247491 0.9917492151472102 139 79 37 0.44
10520 0.5314491292843234 0.09457075452122372 0.5627623678190029 105 111 115 0.29
10521 0.1160189622381936 -0.02377169470612531 0.9827084837057198 149 104 67 0.29
10522 0.3126199706348054 0.2778789821883701 1.094362791367506 132 86 50 0.23
10523 0.3245291089849744 0.2829906866327428 1.113737360677782 120 80 45 0.13
10524 0.05706476630268326 -0.2333499263466852 1.069045969945222 111 93 67 0.49
10525 0.06388167407266948 -0.2133579668457422 1.05664116018593 173 139 100 0.21
10526 0.1016355823075255 -0.1823394847320085 1.080135250810997 178 129 87 0.26
10527 0.04233241060265958 -0.1627687164437139 1.014093511962938 173 128 90 0.37
10528 0.04568050064048057 -0.1386558899892644 1.008744953310734 130 97 68 0.44
10529 0.1055589447590747 -0.06100450810389674 1.016639665676266 168 132 91 0.33
10530 0.02947745494714771 -0.07866145955888976 0.9610640934696388 206 151 97 0.26
10531 0.1143991287354867 -0.02195713091960938 0.9899865471682981 204 145 88 0.33
10532 0.1107506567783477 0.0582895848481069 0.8418903610889121 126 78 45 0.12
10533 0.3229693148466479 0.2858403651029073 1.091221200890433 118 84 63 0.26
10534 0.4456319388022633 0.2115602974840878 0.6371102937268343 52 37 25 0.92
10535 0.2858498403622665 0.3125108777785261 1.054963171671373 101 77 56 0.68
10536 0.04340757147945173 -0.1656703129008263 1.018749490717404 126 90 55 0.18
10537 0.20106118855479 0.1172500620938707 0.9090526942605379 169 102 43 0.22
10538 0.02093420511529076 -0.06896712899748753 0.9514786733094434 201 149 94 0.45
10539 0.2131234478027572 0.03275969267318368 0.9360230814980268 207 155 99 0.2
10540 0.330927103239732 0.2847661961081847 1.115026152179736 176 124 74 0.22
10541 0.5489688575782363 0.1154488589470485 0.5352642096887081 150 104 60 0.31
10542 0.05636734060998855 -0.2387838522162108 1.081083387856231 95 58 43 1.0
10543 0.5479486972870494 0.1191260493384379 0.5361435493988542 65 48 32 0.3
10544 0.2015174194504977 0.1451111146876004 1.006434567472934 32 16 11 0.15
10545 0.09194990092612282 -0.2449718460678458 1.147022598947444 57 42 38 0.73
10546 0.4647606273641131 0.1393608730001549 0.6387618629396666 137 107 71 0.3
10547 0.07314009373846853 -0.1708619727699912 1.04942937620036 189 126 73 0.22
10548 0.07802318934710084 -0.1388294305109389 1.031430770940719 171 128 76 0.13
10549 0.02907584169197919 -0.0658866780461228 0.9544468462713518 162 112 68 0.17
10550 0.1424101192564833 0.04009889822404575 0.8612282379733913 166 114 68 0.88
10551 0.1541363768540668 0.0595588570583343 1.07765399142904 110 85 66 0.25
10552 0.2739024693802554 0.1296761535177415 0.901311379772794 192 144 92 0.45
10553 0.4417482461843455 0.1515661921336257 0.6741009950244894 101 64 39 1.0
10554 0.2071383354293974 0.149667215713227 0.8991427050581107 191 118 61 0.27
10555 0.06343579657820897 0.1825988678701109 1.196224950615872 86 68 54 0.07
10556 0.06590778678744663 -0.1348390776229768 1.019242827137827 124 73 36 0.19
10557 0.1722920768805545 0.05255927841171765 0.8881714108955622 101 62 37 0.28
10558 0.1430253161598645 0.1064341071448196 0.8635803803066068 131 90 61 1.05
10559 0.162935311339962 0.03493479252969725 1.060248416643603 66 38 21 0.07
10560 0.3279473662914919 0.1866584462716318 0.8189104052291345 118 102 87 0.53
10561 0.3120747457893307 0.239181557595499 0.8176056297175871 50 34 25 0.23
10562 0.1363801829751308 -0.1207554920128191 1.080323027458064 195 141 86 0.09
10563 0.09703301924675495 0.07272280569144338 0.8311511384239043 215 155 99 0.29
10564 0.1330350451064241 0.07684545023969097 1.115549720944229 127 94 61 0.56
10565 0.01725260417645891 -0.05834515588021061 0.9470451946594775 187 134 96 0.67
10566 0.1455855449926506 -0.0009101606947888308 0.9993209528203377 200 160 111 1.15
10567 0.1332771808093055 0.1365040519272653 0.9036384383674415 136 82 45 0.61
10568 0.135853046673408 -0.005062724247373085 0.989653332485565 102 67 46 0.95
10569 0.1387611025250551 0.07082955350530024 1.121946230566441 181 142 96 0.46
10570 0.4319268818176594 0.158017762030706 0.6742882675054986 109 90 67 0.24
10571 0.1985944485363287 0.1253928790362268 1.014910895222985 148 107 77 0.15
10572 0.5133983439469499 0.1656313518662529 0.461753079167459 72 67 58 0.92
10573 0.4526119996219528 0.2347015069252154 0.6422170564607128 98 74 49 0.25
10574 0.08055405201825111 0.03154286683846394 0.8233607302114381 147 113 92 0.75
10575 0.4573406800779538 0.2403376688021898 0.6371805704015707 70 49 31 0.97
10576 0.1476574966770507 0.2313027644683604 1.064181891968667 29 21 19 0.78
10577 0.1441625239132459 0.03949896083262341 0.8631525843654141 155 115 78 0.1
10578 0.3310842211316738 0.2156830328095749 0.7943790063701888 139 104 65 0.57
10579 0.0429074792566998 -0.1586539156489929 1.019058593848173 183 119 60 0.18
10580 0.06274212815982633 -0.1350793139951422 1.023708783537178 143 86 44 0.19
10581 0.1246181914525505 -0.09618748942237176 1.060625575051199 77 50 30 0.09
10582 0.1713874846589793 0.05029612255522478 1.052069613402665 122 80 59 0.36
10583 0.0833909164417807 0.01904389866536757 0.7605566006792972 178 157 141 0.56
10584 0.05013445938669964 -0.2179770498137622 1.048500311159756 185 139 97 0.13
10585 0.05984985256309394 -0.1160986661805116 1.013562342573274 158 91 42 0.22
10586 0.1862138799217003 0.09725366068639552 0.9050424460946338 218 142 80 0.56
10587 0.1801795396348028 0.1620495983991916 0.9948305189667423 56 32 18 0.31
10588 0.2139382000138488 0.02431402695285437 0.9384562388327684 207 147 93 0.18
10589 0.3237195812442134 0.1843718650755605 0.8204121020988919 63 57 40 0.21
10590 0.1131291375829651 -0.1894150142666211 1.103129673920351 74 54 49 0.73
10591 0.1746507131265047 0.02680912841578292 1.043056587840438 107 77 55 0.14
10592 0.1850248641302663 0.08381240913765098 1.026155810324846 178 130 81 0.17
10593 0.1643375152585534 0.06418676662990569 0.8855716458557856 67 39 30 0.45
10594 0.4392974342774253 0.1944836537610697 0.6456739854063195 66 51 40 0.24
10595 0.09201908186654073 -0.1985567072254691 1.126350724342176 52 40 40 0.29
10596 0.3847893387045248 0.2209291368026026 0.7254929966749488 65 57 42 0.35
10597 0.4820670957779885 0.1895505080793526 0.5845899558211131 99 81 56 0.65
10598 0.1250827413870052 -0.08061309281840784 1.051645926778638 110 77 43 0.3
10599 0.443868830731701 0.1610057262541996 0.6506339359829164 77 71 60 0.21
10600 0.4285686752287311 0.1786101810195334 0.6666886984251166 81 71 53 0.26
10601 0.3127677891055272 0.2168226923172605 0.8237477671725795 87 63 41 0.43
10602 0.370274757025804 0.1723207470912197 0.76134458360081 95 79 52 0.34
10603 0.3268786250676526 0.2893872201670886 1.105275485918561 122 92 60 0.15
10604 0.1612551225487049 0.1339913798884781 0.8685661540654537 172 115 64 0.21
10605 0.3690260769048991 0.2260972907746424 0.7466285289928516 75 63 45 0.16
10606 0.329405706105276 0.2517844024961404 1.120127312757034 102 65 39 0.31
10607 0.3331563103588167 0.264159606839796 1.119425347812342 167 117 73 0.07
10608 0.3223777394284801 0.2821014390690013 1.108801540010023 92 60 34 0.15
10609 0.165632118593067 0.1261158788029792 1.054095524633057 83 58 41 0.52
10610 0.2972285106902212 0.2745974514435943 1.102782743514761 160 111 66 0.67
10611 0.2045366092803367 0.1510966589057873 0.9012084911821084 82 42 17 0.35
10612 0.1019626031649296 0.01794349644980162 0.8417050045454253 182 135 98 0.39
10613 0.4736905038884182 0.1568393545440526 0.6121420178756205 77 66 48 0.19
10614 0.4302164837817425 0.1702827609920666 0.6680281752193904 87 68 48 0.18
10615 0.3347117726680958 0.2116926169495238 0.794595397582506 60 54 37 0.32
10616 0.3782222401968858 0.2158997162741648 0.7218899411925545 46 40 34 0.33
10617 0.1620238016600894 0.009814121624408673 1.037458625386853 181 131 92 0.14
10618 0.4534248169008477 0.2465101914045874 0.6345810771548748 46 40 32 0.49
10619 -0.008202189187824671 -0.09271318659082795 0.9762851651186191 155 98 56 1.16
10620 0.4563912430877167 0.2333448177133863 0.6397556467156127 106 99 85 0.57
10621 0.2778570373573915 0.1363812944439838 0.8971049045404187 171 109 68 0.22
10622 0.5389007705941534 0.1926708783825581 0.524343350451264 76 52 28 0.73
10623 0.1611411632439497 0.08875463918807955 1.073239070836683 58 41 36 0.5
10624 0.06754373267681979 -0.2185730406053192 1.068914160483907 86 63 45 0.53
10625 0.1145916294480646 -0.1920917492071096 1.100247222603478 161 136 104 0.56
10626 0.2764033139812986 0.1364369608040123 0.9100915420815706 65 48 41 0.23
10627 0.5091235879318856 0.2388899075741189 0.5639139640621309 67 55 44 0.16
10628 0.1101010777722743 0.006391354353309425 0.857040688656304 186 136 79 0.25
10629 0.08235978558017915 -0.1183192174278058 1.027024392185442 96 69 47 0.18
10630 0.1086508198851465 -0.1048217772399485 1.042907097583823 170 133 85 0.19
10631 0.06251898758961189 -0.1763192223050546 1.035487841168745 172 128 94 0.55
10632 0.5048781014094013 0.1685333378003481 0.5709247544652345 62 35 23 0.43
10633 0.0915252182862325 -0.1102583137570192 1.029744864072253 199 163 105 0.45
10634 0.04475499592392984 -0.1158009465853563 0.9982687222664357 207 171 114 0.24
10635 0.08178974451812332 -0.0788646045298298 1.002263989669432 150 111 73 0.13
10636 0.525394281430147 0.1283335398978329 0.5137139670932048 103 55 11 0.12
10637 0.5198281372091181 0.09478056801223675 0.5104436064066171 180 120 57 0.32
10638 0.05849368336062843 -0.1678069663729446 1.174335567963779 71 56 48 0.43
10639 0.47728477236219 0.08823182720995595 0.4860285012619577 135 111 55 0.62
10640 0.531692225678586 0.1498763201230155 0.516366326283033 41 19 14 0.16
10641 0.5084986545333747 0.1745781118998591 0.5663420808699726 185 122 60 0.54
10642 0.414375436955904 0.1684462137732927 0.690362578529167 108 83 50 0.6
10643 0.5348375319954939 0.1756071983928457 0.516048671565158 120 82 60 0.53
10644 0.5195945096953205 0.1659931495311016 0.5494852232287597 99 52 28 0.32
10645 0.2079941640279032 0.138455046920233 1.003015218725907 86 63 44 0.26
10646 0.5027373478955552 0.1776988876512146 0.4835020076530231 62 37 14 0.5
10647 0.5197420949911526 0.1187633015444188 0.5012519722371468 133 97 61 0.25
10648 0.1224126687981076 0.1266516827358829 1.128363144518421 36 26 22 0.65
10649 0.4949055947820846 0.1681893213339165 0.4383846052636469 53 42 38 0.17
10650 0.06558437249589544 -0.1503282134378261 1.030466293111704 213 172 115 0.45
10651 0.05995724415458092 -0.1328970348681018 1.006888703988371 150 118 73 0.77
10652 0.1402715098498417 -0.07981039809690643 1.065102603448603 154 114 69 0.66
10653 0.04121452831846295 -0.0922145732850625 0.9754912281065072 195 157 112 0.36
10654 0.09648213467746175 -0.08680356919249799 1.024494730953776 194 148 99 0.28
10655 0.209602775097762 0.05142718873404759 0.9269486797465385 202 155 106 0.21
10656 0.4799938489015392 0.1485284522945562 0.6075401328849771 92 77 53 0.49
10657 0.533356285763954 0.16037988790444 0.5174342312398719 215 152 103 0.68
10658 0.04701562445405216 -0.1768980552374115 1.030410414938684 191 147 94 0.14
10659 0.05001767611863145 -0.1564098414490042 1.018978170845048 154 121 78 0.28
10660 0.04667967564044617 -0.1376616960032769 1.008111198504778 123 91 55 0.14
10661 0.05430244419784724 -0.09380354064144708 0.9950395338613376 213 171 117 0.18
10662 0.5266422213182287 0.1559797085014773 0.5130655713853784 118 58 21 0.33
10663 0.2185838741817308 0.1464647700919134 0.9090846226953562 139 93 48 0.28
10664 0.1209106510860449 -0.1269706734559399 1.064756115719474 121 88 57 0.35
10665 0.05178236961150734 -0.1184954324671659 1.002969787977085 180 136 86 0.5
10666 0.1216671213715789 0.005798539846597506 0.8593419223787985 145 108 69 0.44
10667 0.5446645549662988 0.1215842268479327 0.5191591991823085 72 52 40 0.17
10668 0.5444904104078638 0.1154913945143522 0.5288744911661865 190 127 61 0.62
10669 0.2801723679866283 0.1121080741273798 0.9081925845072072 88 57 40 0.31
10670 0.4956351148429065 0.1679372773491296 0.434635683068079 57 46 36 0.17
10671 0.1185107047016726 -0.1477216335137315 1.087047713591861 108 73 42 0.51
10672 0.05935867912166271 -0.1535231571901179 1.024726944966892 122 85 47 0.22
10673 0.0808370319271331 -0.2249614659701693 1.103869418168034 226 182 140 0.29
10674 0.5427436080388275 0.1057353922782383 0.5284664144238947 216 149 80 0.45
10675 0.5027547450935417 0.172661454530776 0.4894929632853991 65 55 38 0.32
10676 0.4361419656047275 0.1801557127589408 0.6526136737610464 81 53 29 0.51
10677 0.1866518892137306 0.04730517341002191 0.9031648653983697 102 50 27 0.69
10678 0.5343042951824064 0.1556647914219431 0.5173179630823653 84 48 27 0.86
10679 0.1776810188543163 0.1081136332455736 0.8823438389584151 137 76 26 0.16
10680 0.1800294568617604 0.1179503421451315 1.028156824057082 193 125 67 0.78
10681 0.5196158205312361 0.1145907398715495 0.5703779252398024 126 89 51 0.4
10682 0.1452046942958291 0.03832789440630893 0.8690402959013248 150 123 87 0.46
10683 0.155783996967819 0.05521942214896142 0.8713041830883312 117 91 75 0.78
10684 0.1029793818146586 -0.2259787307961591 1.117470048758551 86 63 52 0.5
10685 0.1243681984208276 -0.1359988219210594 1.082095899465125 124 97 68 0.22
10686 0.05170897090037013 -0.1534019691799798 1.021546758711277 175 142 101 0.55
10687 0.4260773636892718 0.1636446252862722 0.6787465360410567 101 74 47 0.63
10688 0.5034320776673287 0.165669019795548 0.4235720704858737 58 41 34 0.28
10689 0.0442012216831511 -0.207890232752029 1.04280954742561 197 150 109 0.13
10690 0.2161831315210238 0.04334769646044836 0.9236015813741644 219 140 62 0.86
10691 0.07733529670993744 -0.2354110127045293 1.084566714164342 116 88 67 1.08
10692 0.1148395737181873 0.008100160451404742 0.8604873160134212 215 166 101 0.17
10693 0.05811146544485563 -0.207964300208344 1.047751448844279 140 93 62 0.46
10694 0.06916392412490741 -0.1152626081144942 1.013435739069568 156 120 70 0.46
10695 0.07775218033580439 -0.1831250946828553 1.055830817857723 125 105 78 0.63
10696 0.1175573710923281 -0.1649166438156172 1.083461994371077 103 75 58 0.16
10697 0.07455404155354772 -0.142088662959209 1.030935841793768 154 123 92 0.06
10698 0.06495942571253183 -0.1254251759421721 1.015100653351639 166 138 105 0.27
10699 0.07962552915271065 -0.1681651010274156 1.047793340973561 170 136 88 0.42
10700 0.1018703734789011 -0.1630007919428434 1.063573389147735 144 97 53 0.28
10701 0.04482316093850436 -0.1382461097460675 1.005257018776634 211 168 93 0.56
10702 0.1275386948932253 -0.07513794719814226 1.052896899553995 158 121 79 0.18
10703 0.09927623488783588 -0.1056256848996578 1.039310997231757 180 143 99 0.17
10704 0.1398990527745942 -0.1007934406882876 1.071709127267396 222 187 135 0.22
10705 0.0765375622234889 -0.1117428008222778 1.016647194516553 142 101 57 0.48
10706 0.372382498773222 0.1727668533525845 0.7513870539864627 44 28 19 0.33
10707 0.3016550416332382 0.1950971231384096 0.8502719189500576 82 63 50 0.27
10708 0.08713704596890992 -0.1082359845921458 1.025066937456421 83 52 33 0.16
10709 0.1865083803092628 0.05303366211945948 0.9091104562558121 129 81 59 0.27
10710 0.2025035156046999 0.1073282228573006 0.9152744457866406 132 81 51 0.28
10711 0.5410033946457561 0.1505221105363685 0.527329522720888 175 127 82 0.11
10712 0.5132936036186715 0.1425063610144233 0.4584482908065955 83 48 26 0.81
10713 0.5316783151991583 0.1726334645821055 0.5137783728237623 104 62 45 0.17
10714 0.04461648932255913 -0.1940693503765294 1.041689015456482 78 52 33 0.68
10715 0.5194446592383258 0.1553359274182414 0.5074035840578195 93 59 43 0.42
10716 0.381702199236263 0.196664785382924 0.7270885623008837 94 71 47 0.81
10717 0.1722942661541827 0.0177396927117531 0.9065232942301463 100 70 51 0.21
10718 0.4971513313682916 0.1483093400777342 0.4809359179484199 69 47 34 0.33
10719 0.5194292625215047 0.1175793692698875 0.4800684747646368 130 91 38 0.51
10720 0.4966113476129161 0.1518444322706831 0.4796263147514438 71 51 36 0.35
10721 0.5112854439988319 0.1712440174873735 0.4966514930170282 99 65 38 0.66
10722 0.4408929055544267 0.2278530321938676 0.6474128086802654 124 93 67 0.08
10723 0.5383384221834651 0.09296431433736482 0.5508450615429533 166 114 81 0.37
10724 0.5123242985051085 0.1136661807636189 0.4534888942582896 115 88 65 0.5
10725 0.5089205430418269 0.1277077350068573 0.5019334185346237 55 29 21 0.36
10726 0.529399700807714 0.1765677008304207 0.5107641947771753 59 29 20 0.39
10727 0.5166979390915555 0.1850892453143789 0.4962526044089954 87 57 41 0.63
10728 0.4418572713716369 0.1536878682261963 0.6622179718803459 135 95 54 0.58
10729 0.2037839051168931 0.1375073419807622 1.004525524714843 102 71 49 0.86
10730 0.5504179669359459 0.2196632851577314 0.5174330033251519 163 156 95 0.4
10731 0.08907150766035132 -0.2673606599435476 1.135600157737212 143 119 94 0.83
10732 0.4774652892775195 0.1707169806131124 0.6015568980679797 122 96 68 0.31
10733 0.1062375006627511 -0.06284078445882019 1.018298001974526 95 59 36 0.52
10734 0.5146463230830709 0.1709099787876353 0.5569803762638813 125 80 52 0.13
10735 0.1720926998554921 0.04740808968780649 0.8965136131275583 85 51 33 0.48
10736 0.1944670314861576 0.07566220120904033 0.9136733618753441 104 62 42 0.32
10737 0.1660689345989663 0.05378653161585112 0.8922715142196995 148 97 63 0.41
10738 0.07643962593769843 -0.1126666059230167 1.019506750228156 84 58 45 0.18
10739 0.1382037700447074 -0.01256559737236651 1.018658901120888 118 80 56 0.73
10740 0.4465661300254413 0.1012997165649458 0.3523741620134936 104 104 95 0.76
10741 0.5179717952516515 0.1365597303623312 0.4650026554391422 80 47 19 0.61
10742 0.4999891212235481 0.1400117580224555 0.4880043499416628 37 21 12 0.59
10743 0.4975759152233208 0.178574116746981 0.4372535201261572 54 42 42 1.15
10744 0.4882978288537524 0.1427528602062712 0.5998356495990567 64 45 32 0.18
10745 0.5116509206260172 0.1658565737943212 0.4621626139051075 50 34 27 0.93
10746 0.4804817000549029 0.2345343135415587 0.6062519619434898 163 150 126 1.16
10747 0.5147578234084026 0.1296694560889609 0.4590923940813258 56 31 15 0.58
10748 0.5016199502427648 0.160057017348745 0.4922244021965287 98 66 50 0.17
10749 0.5194272596725453 0.1188452939036993 0.4837475587701069 84 59 44 0.97
10750 0.5205442775934269 0.1325097924235409 0.4635029463788014 96 54 24 0.97
10751 0.5156288609502079 0.1339259022853551 0.4644764854348123 75 48 35 0.51
10752 0.2156243019357774 0.03705945543943792 0.9361077618396187 121 76 52 0.19
10753 0.1830611473822205 0.05241683803968972 0.906508831816683 115 56 32 0.19
10754 0.2017786064463452 0.07730586164748821 0.9126928436809111 106 67 41 0.07
10755 0.3600764801753927 0.1742926869575916 0.7727068349309552 125 102 68 0.57
10756 0.06281986620632501 -0.09627685578990569 0.9973456058632324 74 39 26 0.54
10757 0.1827103552868006 0.09392104639774958 0.9003931892786443 130 67 42 0.23
10758 0.09908236638638218 -0.07625542863284362 1.000056269340225 95 60 41 0.47
10759 0.1943438315505274 0.08832092763581639 0.9113382492838408 110 55 31 0.17
10760 0.4660680446254495 0.2192077775519296 0.6151770794012331 129 95 67 0.14
10761 0.3758077094209994 0.2061506068815493 0.7306137263398603 94 67 43 0.17
10762 0.4361593080967467 0.2230333741374506 0.6517613639028098 135 116 98 0.2
10763 0.5130819888836873 0.2264697641297686 0.5668852463614434 143 117 93 0.11
10764 0.4792894855371398 0.2329500896768949 0.6116581565371325 167 143 106 0.16
10765 0.2197212535402951 0.08982953384500908 0.9183961620859837 119 76 48 0.67
10766 0.4416660824262271 0.197133166772871 0.6439802415287559 140 102 69 0.35
10767 0.09594725574037799 -0.09716218288345124 1.023175967463484 121 93 71 0.05
10768 0.5236069633394979 0.135781287747897 0.5129574244499896 112 72 54 0.11
10769 0.5172247218000632 0.1162743079127902 0.4400432693220816 142 109 76 0.7
10770 0.5157669307173444 0.1317630891086567 0.4587949552827307 74 40 22 0.36
10771 0.5125882983769849 0.1345809026122566 0.4581403470113297 58 30 15 0.75
10772 0.5328800818885412 0.1070761174657487 0.5540190521057277 168 118 50 0.6
10773 0.5461081323263037 0.1340130641341357 0.5266887738025015 86 74 62 0.3
10774 0.5414144611228006 0.1376927830490866 0.5248968779299794 66 41 34 0.18
10775 0.5287334977812648 0.1106280788144529 0.5599623772774495 159 113 75 0.43
10776 0.4707760584023488 0.07719742201676405 0.4852237542238227 179 134 90 0.46
10777 0.532537434405417 0.09547956901722085 0.5589665023309337 165 110 63 0.42
10778 0.5172668919349451 0.1133141413479006 0.5000982026420524 184 117 68 0.94
10779 0.5202894897974022 0.1184782777047136 0.4375748088242848 169 128 96 0.75
10780 0.4852326658495064 0.2094811351083846 0.5827839805940264 38 25 13 0.75
10781 0.04456779304568392 -0.1334187257180858 1.006226023067661 126 80 52 1.08
10782 0.5218461426702417 0.09876190117710427 0.4205522102760338 81 61 48 0.18
10783 0.5152878720229122 0.1556497767443158 0.3738705443642593 67 53 44 0.77
10784 0.519289233215031 0.1844083873787567 0.4989438549608706 82 53 38 0.63
10785 0.5237002370350927 0.1214275971439665 0.4128607261706727 85 48 22 1.03
10786 0.5250170082518676 0.109274942974606 0.5647990278124138 184 116 53 0.33
10787 0.5154245042854015 0.179277288810429 0.5519935226970756 146 85 44 0.24
10788 0.5153186838620786 0.1483782812898268 0.3728646706191114 81 60 45 0.78
10789 0.5394857686988662 0.1103835542958742 0.5427222484445235 137 83 39 0.62
10790 0.5292097473527517 0.1844076480331505 0.5048420619425937 122 78 49 0.66
10791 0.5446244586471407 0.1424152187900758 0.526705867737156 75 59 50 0.16
10792 0.5389642423672067 0.1185494109974695 0.4170387806013884 100 87 69 0.91
10793 0.05126902217050472 -0.2053687958761132 1.047319502111273 121 102 85 0.44
10794 0.04568890054611308 -0.1664620743456059 1.025668732448279 104 74 54 0.22
10795 0.1277011471845559 0.03625479873636447 0.8651182220164439 93 53 35 0.06
10796 0.1591648556596437 0.1153286015747259 1.086367106497807 92 55 37 0.28
