{
    "merging_metrics": {
        "merge_success": 1.0,
        "merge_child_count": 0.0,
        "child_camera_counts": {
            "summary": {
                "min": null,
                "max": null,
                "median": null,
                "mean": null,
                "stddev": null
            },
            "full_data": []
        },
        "child_camera_overlap_with_parent": {
            "summary": {
                "min": null,
                "max": null,
                "median": null,
                "mean": null,
                "stddev": null
            },
            "full_data": []
        },
        "number_images_merged": 40.0,
        "number_cameras_merged": 40.0,
        "number_tracks_merged": 774.0,
        "3d_track_lengths_merged": {
            "summary": {
                "min": 2,
                "max": 32,
                "median": 18.0,
                "mean": 17.209302325581394,
                "stddev": 7.498500541172454,
                "len": 774,
                "invalid": 0,
                "histogram": {
                    "2": 15,
                    "3": 26,
                    "4": 12,
                    "5": 17,
                    "6": 10,
                    "7": 51,
                    "8": 16,
                    "9": 13,
                    "10": 14,
                    "11": 35,
                    "12": 28,
                    "13": 28,
                    "14": 31,
                    "15": 37,
                    "16": 37,
                    "17": 42,
                    "18": 51,
                    "19": 36,
                    "20": 39,
                    "21": 30,
                    "22": 28,
                    "23": 21,
                    "24": 26,
                    "25": 33,
                    "26": 20,
                    "27": 14,
                    "28": 19,
                    "29": 19,
                    "30": 14,
                    "31": 5
                }
            }
        },
        "reprojection_errors_merged_px": {
            "summary": {
                "min": 0.001377885789774051,
                "max": 2.999635538712853,
                "median": 0.736264604195723,
                "mean": 0.926614359504731,
                "stddev": 0.6758516829396275,
                "len": 13320,
                "invalid": 0,
                "quartiles": {
                    "q0": 0.001377885789774051,
                    "q1": 0.4153973510169154,
                    "q2": 0.736264604195723,
                    "q3": 1.2664596155991026,
                    "q4": 2.999635538712853
                }
            }
        },
        "rotation_angle_error_deg": {
            "summary": {
                "min": 0.08339101821184158,
                "max": 2.131476640701294,
                "median": 0.8768430948257446,
                "mean": 0.919812023639679,
                "stddev": 0.5171359777450562,
                "len": 40,
                "invalid": 0,
                "quartiles": {
                    "q0": 0.08339101821184158,
                    "q1": 0.44597258418798447,
                    "q2": 0.8768430948257446,
                    "q3": 1.313519448041916,
                    "q4": 2.131476640701294
                }
            }
        },
        "translation_error_distance": {
            "summary": {
                "min": 0.004117959178984165,
                "max": 0.09484602510929108,
                "median": 0.03146364539861679,
                "mean": 0.03833315521478653,
                "stddev": 0.030240874737501144,
                "len": 40,
                "invalid": 0,
                "quartiles": {
                    "q0": 0.004117959178984165,
                    "q1": 0.00984840327873826,
                    "q2": 0.03146364726126194,
                    "q3": 0.06495374068617821,
                    "q4": 0.09484602510929108
                }
            }
        },
        "relative_translation_angle_error_deg": {
            "summary": {
                "min": 0.034901611506938934,
                "max": 19.640933990478516,
                "median": 0.795075535774231,
                "mean": 0.8749582171440125,
                "stddev": 0.8530130982398987,
                "len": 780,
                "invalid": 0,
                "quartiles": {
                    "q0": 0.034901611506938934,
                    "q1": 0.557560607790947,
                    "q2": 0.7950755655765533,
                    "q3": 1.0458232462406158,
                    "q4": 19.640933990478516
                }
            }
        },
        "translation_angle_error_deg": {
            "summary": {
                "min": 0.030237093567848206,
                "max": 1.0571541786193848,
                "median": 0.22768869996070862,
                "mean": 0.28676077723503113,
                "stddev": 0.23685908317565918,
                "len": 40,
                "invalid": 0,
                "quartiles": {
                    "q0": 0.030237093567848206,
                    "q1": 0.1156111378222704,
                    "q2": 0.22768869996070862,
                    "q3": 0.3611043095588684,
                    "q4": 1.0571541786193848
                }
            }
        },
        "relative_rotation_angle_error_deg": {
            "summary": {
                "min": 0.05651898309588432,
                "max": 3.67948317527771,
                "median": 1.2113580703735352,
                "mean": 1.2667704820632935,
                "stddev": 0.7913162708282471,
                "len": 780,
                "invalid": 0,
                "quartiles": {
                    "q0": 0.05651898309588432,
                    "q1": 0.6120408177375793,
                    "q2": 1.2113580703735352,
                    "q3": 1.7398543655872345,
                    "q4": 3.67948317527771
                }
            }
        },
        "pose_auc_@1.0_deg": 0.1159,
        "pose_auc_@2.5_deg": 0.4529,
        "pose_auc_@5.0_deg": 0.7152,
        "pose_auc_@10.0_deg": 0.8569,
        "pose_auc_@20.0_deg": 0.9283,
        "focal_length_error_px": {
            "summary": {
                "min": 421.5789794921875,
                "max": 421.5789794921875,
                "median": 421.5789794921875,
                "mean": 421.5790100097656,
                "stddev": 3.0517578125e-05,
                "len": 40,
                "invalid": 0,
                "quartiles": {
                    "q0": 421.5789794921875,
                    "q1": 421.5789794921875,
                    "q2": 421.5789794921875,
                    "q3": 421.5789794921875,
                    "q4": 421.5789794921875
                }
            },