{
    "merging_metrics": {
        "merge_success": 1.0,
        "merge_child_count": 0.0,
        "child_camera_counts": {
            "summary": {
                "min": null,
                "max": null,
                "median": null,
                "mean": null,
                "stddev": null
            },
            "full_data": []
        },
        "child_camera_overlap_with_parent": {
            "summary": {
                "min": null,
                "max": null,
                "median": null,
                "mean": null,
                "stddev": null
            },
            "full_data": []
        },
        "number_images_merged": 236.0,
        "number_cameras_merged": 70.0,
        "number_tracks_merged": 1338.0,
        "3d_track_lengths_merged": {
            "summary": {
                "min": 3,
                "max": 38,
                "median": 5.0,
                "mean": 6.938714499252616,
                "stddev": 5.57895995344442,
                "len": 1338,
                "invalid": 0,
                "histogram": {
                    "3": 221,
                    "4": 169,
                    "5": 103,
                    "6": 69,
                    "7": 54,
                    "8": 60,
                    "9": 29,
                    "10": 39,
                    "11": 24,
                    "12": 27,
                    "13": 17,
                    "14": 20,
                    "15": 11,
                    "16": 15,
                    "17": 8,
                    "18": 7,
                    "19": 9,
                    "20": 10,
                    "21": 8,
                    "22": 2,
                    "23": 4,
                    "24": 5,
                    "25": 7,
                    "26": 2,
                    "27": 2,
                    "28": 5,
                    "29": 4,
                    "30": 3,
                    "31": 3,
                    "32": 1,
                    "33": 1,
                    "34": 0,
                    "35": 0,
                    "36": 0,
                    "37": 1
                }
            }
        },
        "reprojection_errors_merged_px": {
            "summary": {
                "min": 0.001153961199941827,
                "max": 2.2662502102104205,
                "median": 0.25581227655823924,
                "mean": 0.3077034541469567,
                "stddev": 0.22214982036084396,
                "len": 9284,
                "invalid": 0,
                "quartiles": {
                    "q0": 0.001153961199941827,
                    "q1": 0.15313736796734087,
                    "q2": 0.25581227655823924,
                    "q3": 0.4049138360346987,
                    "q4": 2.2662502102104205
                }
            }
        },
        "rotation_angle_error_deg": {
            "summary": {
                "min": 0.06980612874031067,
                "max": 2.4146103858947754,
                "median": 0.25886720418930054,
                "mean": 0.4390941262245178,
                "stddev": 0.45552337169647217,
                "len": 70,
                "invalid": 0,
                "quartiles": {
                    "q0": 0.06980612874031067,
                    "q1": 0.1823359914124012,
                    "q2": 0.25886718928813934,
                    "q3": 0.4964315816760063,
                    "q4": 2.4146103858947754
                }
            }
        },
        "translation_error_distance": {
            "summary": {
                "min": 0.013728717342019081,
                "max": 3.325380802154541,
                "median": 0.11943855881690979,
                "mean": 0.21247833967208862,
                "stddev": 0.41270220279693604,
                "len": 70,
                "invalid": 0,
                "quartiles": {
                    "q0": 0.013728717342019081,
                    "q1": 0.03930939361453056,
                    "q2": 0.11943855509161949,
                    "q3": 0.2344595305621624,
                    "q4": 3.325380802154541
                }
            }
        },
        "relative_translation_angle_error_deg": {
            "summary": {
                "min": 0.0206208024173975,
                "max": 169.33734130859375,
                "median": 1.9798585176467896,
                "mean": 5.131481170654297,
                "stddev": 14.196359634399414,
                "len": 2415,
                "invalid": 0,
                "quartiles": {
                    "q0": 0.0206208024173975,
                    "q1": 0.9810542464256287,
                    "q2": 1.9798585176467896,
                    "q3": 4.317625999450684,
                    "q4": 169.33734130859375
                }
            }
        },
        "translation_angle_error_deg": {
            "summary": {
                "min": 0.16532228887081146,
                "max": 19.271631240844727,
                "median": 1.1731913089752197,
                "mean": 1.9625543355941772,
                "stddev": 2.856546640396118,
                "len": 70,
                "invalid": 0,
                "quartiles": {
                    "q0": 0.16532228887081146,
                    "q1": 0.6480962932109833,
                    "q2": 1.1731913685798645,
                    "q3": 1.8738990724086761,
                    "q4": 19.271631240844727
                }
            }
        },
        "relative_rotation_angle_error_deg": {
            "summary": {
                "min": 0.016817720606923103,
                "max": 3.0753631591796875,
                "median": 0.4744318723678589,
                "mean": 0.6708519458770752,
                "stddev": 0.5710904002189636,
                "len": 2415,
                "invalid": 0,
                "quartiles": {
                    "q0": 0.016817720606923103,
                    "q1": 0.29989664256572723,
                    "q2": 0.4744318723678589,
                    "q3": 0.8502636551856995,
                    "q4": 3.0753631591796875
                }
            }
        },
        "pose_auc_@1.0_deg": 0.0965,
        "pose_auc_@2.5_deg": 0.3054,
        "pose_auc_@3.0_deg": 0.3564,
        "pose_auc_@5.0_deg": 0.5034,
        "pose_auc_@10.0_deg": 0.6909,
        "pose_auc_@20.0_deg": 0.8216,
        "pose_auc_constructed_only_@1.0_deg": 0.0965,
        "pose_auc_constructed_only_@2.5_deg": 0.3054,
        "pose_auc_constructed_only_@3.0_deg": 0.3564,
        "pose_auc_constructed_only_@5.0_deg": 0.5034,
        "pose_auc_constructed_only_@10.0_deg": 0.6909,
        "pose_auc_constructed_only_@20.0_deg": 0.8216,
        "focal_length_error_px": {
            "summary": {
                "min": 0.0,
                "max": 1121.933349609375,
                "median": 217.032958984375,
                "mean": 296.67236328125,
                "stddev": 223.52987670898438,
                "len": 70,
                "invalid": 0,
                "quartiles": {
                    "q0": 0.0,
                    "q1": 145.81472396850586,
                    "q2": 217.03296661376953,
                    "q3": 423.66920471191406,
                    "q4": 1121.933349609375
                }
            },