{
    "merging_metrics": {
        "merge_success": 1.0,
        "merge_child_count": 0.0,
        "child_camera_counts": {
            "summary": {
                "min": null,
                "max": null,
                "median": null,
                "mean": null,
                "stddev": null
            },
            "full_data": []
        },
        "child_camera_overlap_with_parent": {
            "summary": {
                "min": null,
                "max": null,
                "median": null,
                "mean": null,
                "stddev": null
            },
            "full_data": []
        },
        "number_images_merged": 236.0,
        "number_cameras_merged": 70.0,
        "number_tracks_merged": 10934.0,
        "3d_track_lengths_merged": {
            "summary": {
                "min": 2,
                "max": 48,
                "median": 5.0,
                "mean": 7.465977684287544,
                "stddev": 6.788576221916868,
                "len": 10934,
                "invalid": 0,
                "histogram": {
                    "2": 3463,
                    "3": 1816,
                    "4": 1074,
                    "5": 763,
                    "6": 572,
                    "7": 462,
                    "8": 355,
                    "9": 294,
                    "10": 272,
                    "11": 216,
                    "12": 171,
                    "13": 155,
                    "14": 148,
                    "15": 115,
                    "16": 104,
                    "17": 100,
                    "18": 71,
                    "19": 76,
                    "20": 69,
                    "21": 53,
                    "22": 67,
                    "23": 50,
                    "24": 54,
                    "25": 53,
                    "26": 34,
                    "27": 33,
                    "28": 39,
                    "29": 31,
                    "30": 39,
                    "31": 24,
                    "32": 25,
                    "33": 24,
                    "34": 19,
                    "35": 17,
                    "36": 14,
                    "37": 8,
                    "38": 12,
                    "39": 7,
                    "40": 7,
                    "41": 1,
                    "42": 9,
                    "43": 5,
                    "44": 2,
                    "45": 3,
                    "46": 1,
                    "47": 1
                }
            }
        },
        "reprojection_errors_merged_px": {
            "summary": {
                "min": 0.001035973822296775,
                "max": 2.9992741888969636,
                "median": 0.3129466883882686,
                "mean": 0.4051390436960663,
                "stddev": 0.34224275260663334,
                "len": 81633,
                "invalid": 0,
                "quartiles": {
                    "q0": 0.001035973822296775,
                    "q1": 0.18118571141269607,
                    "q2": 0.3129466883882686,
                    "q3": 0.5141527040470255,
                    "q4": 2.9992741888969636
                }
            }
        },
        "rotation_angle_error_deg": {
            "summary": {
                "min": 0.017079222947359085,
                "max": 1.8261889219284058,
                "median": 0.17768043279647827,
                "mean": 0.26405906677246094,
                "stddev": 0.268451988697052,
                "len": 70,
                "invalid": 0,
                "quartiles": {
                    "q0": 0.017079222947359085,
                    "q1": 0.10493886284530163,
                    "q2": 0.17768043279647827,
                    "q3": 0.3459698110818863,
                    "q4": 1.8261889219284058
                }
            }
        },
        "translation_error_distance": {
            "summary": {
                "min": 0.0084682647138834,
                "max": 0.4423825740814209,
                "median": 0.07636606693267822,
                "mean": 0.10304882377386093,
                "stddev": 0.08986588567495346,
                "len": 70,
                "invalid": 0,
                "quartiles": {
                    "q0": 0.0084682647138834,
                    "q1": 0.04216627776622772,
                    "q2": 0.07636606693267822,
                    "q3": 0.12028271332383156,
                    "q4": 0.4423825740814209
                }
            }
        },
        "relative_translation_angle_error_deg": {
            "summary": {
                "min": 0.016893349587917328,
                "max": 83.40087890625,
                "median": 1.56613290309906,
                "mean": 2.6597259044647217,
                "stddev": 4.053345680236816,
                "len": 2415,
                "invalid": 0,
                "quartiles": {
                    "q0": 0.016893349587917328,
                    "q1": 0.7892051935195923,
                    "q2": 1.56613290309906,
                    "q3": 3.1155920028686523,
                    "q4": 83.40087890625
                }
            }
        },
        "translation_angle_error_deg": {
            "summary": {
                "min": 0.08780959993600845,
                "max": 9.64294147491455,
                "median": 0.6507413983345032,
                "mean": 1.0623761415481567,
                "stddev": 1.5835657119750977,
                "len": 70,
                "invalid": 0,
                "quartiles": {
                    "q0": 0.08780959993600845,
                    "q1": 0.3184143975377083,
                    "q2": 0.6507413983345032,
                    "q3": 1.091490924358368,
                    "q4": 9.64294147491455
                }
            }
        },
        "relative_rotation_angle_error_deg": {
            "summary": {
                "min": 0.012817703187465668,
                "max": 2.308786153793335,
                "median": 0.3160633146762848,
                "mean": 0.39859893918037415,
                "stddev": 0.3427458703517914,
                "len": 2415,
                "invalid": 0,
                "quartiles": {
                    "q0": 0.012817703187465668,
                    "q1": 0.17583893239498138,
                    "q2": 0.3160633146762848,
                    "q3": 0.5017324388027191,
                    "q4": 2.308786153793335
                }
            }
        },
        "pose_auc_@1.0_deg": 0.1359,
        "pose_auc_@2.5_deg": 0.3728,
        "pose_auc_@3.0_deg": 0.4283,
        "pose_auc_@5.0_deg": 0.5816,
        "pose_auc_@10.0_deg": 0.7584,
        "pose_auc_@20.0_deg": 0.8727,
        "pose_auc_constructed_only_@1.0_deg": 0.1359,
        "pose_auc_constructed_only_@2.5_deg": 0.3728,
        "pose_auc_constructed_only_@3.0_deg": 0.4283,
        "pose_auc_constructed_only_@5.0_deg": 0.5816,
        "pose_auc_constructed_only_@10.0_deg": 0.7584,
        "pose_auc_constructed_only_@20.0_deg": 0.8727,
        "focal_length_error_px": {
            "summary": {
                "min": 0.0,
                "max": 1121.7808837890625,
                "median": 237.81851196289062,
                "mean": 319.6462097167969,
                "stddev": 231.37295532226562,
                "len": 70,
                "invalid": 0,
                "quartiles": {
                    "q0": 0.0,
                    "q1": 153.56837463378906,
                    "q2": 237.81851959228516,
                    "q3": 456.90962982177734,
                    "q4": 1121.7808837890625
                }
            },