{
    "merging_metrics": {
        "merge_success": 1.0,
        "merge_child_count": 0.0,
        "child_camera_counts": {
            "summary": {
                "min": null,
                "max": null,
                "median": null,
                "mean": null,
                "stddev": null
            },
            "full_data": []
        },
        "child_camera_overlap_with_parent": {
            "summary": {
                "min": null,
                "max": null,
                "median": null,
                "mean": null,
                "stddev": null
            },
            "full_data": []
        },
        "number_images_merged": 236.0,
        "number_cameras_merged": 60.0,
        "number_tracks_merged": 941.0,
        "3d_track_lengths_merged": {
            "summary": {
                "min": 3,
                "max": 31,
                "median": 6.0,
                "mean": 7.994686503719447,
                "stddev": 5.515023769295695,
                "len": 941,
                "invalid": 0,
                "histogram": {
                    "3": 121,
                    "4": 104,
                    "5": 75,
                    "6": 65,
                    "7": 55,
                    "8": 51,
                    "9": 19,
                    "10": 31,
                    "11": 33,
                    "12": 34,
                    "13": 25,
                    "14": 20,
                    "15": 14,
                    "16": 12,
                    "17": 13,
                    "18": 13,
                    "19": 12,
                    "20": 8,
                    "21": 4,
                    "22": 10,
                    "23": 5,
                    "24": 4,
                    "25": 2,
                    "26": 1,
                    "27": 1,
                    "28": 2,
                    "29": 1,
                    "30": 1
                }
            }
        },
        "reprojection_errors_merged_px": {
            "summary": {
                "min": 0.00437308614105268,
                "max": 2.933137265144674,
                "median": 0.3453322378013295,
                "mean": 0.41821637927866767,
                "stddev": 0.31106672174670397,
                "len": 7523,
                "invalid": 0,
                "quartiles": {
                    "q0": 0.00437308614105268,
                    "q1": 0.20399729714924336,
                    "q2": 0.3453322378013295,
                    "q3": 0.5456123486504221,
                    "q4": 2.933137265144674
                }
            }
        },
        "rotation_angle_error_deg": {
            "summary": {
                "min": 0.10076358169317245,
                "max": 1.864575743675232,
                "median": 0.41159749031066895,
                "mean": 0.5241908431053162,
                "stddev": 0.3506636321544647,
                "len": 60,
                "invalid": 0,
                "quartiles": {
                    "q0": 0.10076358169317245,
                    "q1": 0.29095467925071716,
                    "q2": 0.41159749031066895,
                    "q3": 0.6869889348745346,
                    "q4": 1.864575743675232
                }
            }
        },
        "translation_error_distance": {
            "summary": {
                "min": 0.01743837632238865,
                "max": 0.5267000198364258,
                "median": 0.13212625682353973,
                "mean": 0.14306677877902985,
                "stddev": 0.08735872805118561,
                "len": 60,
                "invalid": 0,
                "quartiles": {
                    "q0": 0.01743837632238865,
                    "q1": 0.07958565466105938,
                    "q2": 0.13212625682353973,
                    "q3": 0.17250558733940125,
                    "q4": 0.5267000198364258
                }
            }
        },
        "relative_translation_angle_error_deg": {
            "summary": {
                "min": 0.03391088917851448,
                "max": 103.23456573486328,
                "median": 2.820545196533203,
                "mean": 4.210391521453857,
                "stddev": 6.287917137145996,
                "len": 1770,
                "invalid": 0,
                "quartiles": {
                    "q0": 0.03391088917851448,
                    "q1": 1.60711470246315,
                    "q2": 2.820545196533203,
                    "q3": 4.75336754322052,
                    "q4": 103.23456573486328
                }
            }
        },
        "translation_angle_error_deg": {
            "summary": {
                "min": 0.20659302175045013,
                "max": 4.841591835021973,
                "median": 0.8106669187545776,
                "mean": 1.2289223670959473,
                "stddev": 1.0176137685775757,
                "len": 60,
                "invalid": 0,
                "quartiles": {
                    "q0": 0.20659302175045013,
                    "q1": 0.4736391380429268,
                    "q2": 0.8106668889522552,
                    "q3": 1.7207622528076172,
                    "q4": 4.841591835021973
                }
            }
        },
        "relative_rotation_angle_error_deg": {
            "summary": {
                "min": 0.0629056766629219,
                "max": 3.3230178356170654,
                "median": 0.6488043069839478,
                "mean": 0.7530702948570251,
                "stddev": 0.4655705392360687,
                "len": 1770,
                "invalid": 0,
                "quartiles": {
                    "q0": 0.0629056766629219,
                    "q1": 0.40637845546007156,
                    "q2": 0.6488043367862701,
                    "q3": 0.9973502159118652,
                    "q4": 3.3230178356170654
                }
            }
        },
        "pose_auc_@1.0_deg": 0.0318,
        "pose_auc_@2.5_deg": 0.1814,
        "pose_auc_@3.0_deg": 0.2319,
        "pose_auc_@5.0_deg": 0.4055,
        "pose_auc_@10.0_deg": 0.6409,
        "pose_auc_@20.0_deg": 0.8053,
        "pose_auc_constructed_only_@1.0_deg": 0.0318,
        "pose_auc_constructed_only_@2.5_deg": 0.1814,
        "pose_auc_constructed_only_@3.0_deg": 0.2319,
        "pose_auc_constructed_only_@5.0_deg": 0.4055,
        "pose_auc_constructed_only_@10.0_deg": 0.6409,
        "pose_auc_constructed_only_@20.0_deg": 0.8053,
        "focal_length_error_px": {
            "summary": {
                "min": 0.0,
                "max": 999.7984619140625,
                "median": 191.5528564453125,
                "mean": 264.5731201171875,
                "stddev": 192.67628479003906,
                "len": 60,
                "invalid": 0,
                "quartiles": {
                    "q0": 0.0,
                    "q1": 163.44433212280273,
                    "q2": 191.5528564453125,
                    "q3": 414.89256286621094,
                    "q4": 999.7984619140625
                }
            },