# 3D point list with one line of data per point:
#   POINT3D_ID, X, Y, Z, R, G, B, ERROR, TRACK[] as (IMAGE_ID, POINT2D_IDX)
# Number of points: 1946, mean track length: 5.65
0 0.1160173324641341 -0.325034642318505 0.9236933303427319 176 184 202 0.44 8 0 281 0 314 0
1 0.1154185350381722 -0.3230834764141411 0.9255968436727724 105 93 80 0.38 281 1 425 0 426 0
2 0.1073652898788605 -0.3286614945515882 0.9466543669352872 198 206 202 2.12 8 1 485 0 506 0
3 0.08748691095351357 -0.302423761641068 0.9006207901547452 131 128 133 0.51 37 0 350 0 425 1 426 1 506 1
4 0.1075763389985681 -0.2841871109100845 0.8895120153370286 88 80 72 0.16 350 1 420 0 425 2 426 2
5 0.1059313119793825 -0.2832974014081587 0.8889420146481204 142 124 105 0.25 386 0 425 3 426 3
6 0.1079840080281651 -0.2672569682322981 0.8836310848644018 142 132 111 0.19 8 2 281 2 420 1 485 1
7 0.1267859290278794 -0.2639497174866586 0.8957826605569281 138 118 94 0.22 8 3 90 0 189 0 350 2 386 1 421 0 425 4 426 4
8 0.1233299915572699 -0.2638684033263153 0.894112443699397 79 59 49 0.18 37 1 420 2 421 1 485 2
9 0.1302952642006685 -0.2607017104751875 0.9000824698024765 141 110 79 0.36 90 1 208 0 211 0 281 3 350 3 420 3 425 5 426 5 479 0 506 2 514 0
10 0.1200715623032146 -0.2555024673334855 0.8912523951016698 156 129 98 0.44 8 4 189 1 208 1 211 1 281 4 350 4 386 2 425 6 426 6
11 0.1118014556950013 -0.2473734278061847 0.8735491111171623 140 128 105 0.16 8 5 281 5 420 4 421 2 485 3
12 0.1051204609306149 -0.2336583392972018 0.86519520637428 75 57 48 0.17 90 2 281 6 314 1 386 3 420 5 421 3 425 7 485 4 506 3
13 0.145850415569307 -0.2319292535963685 0.9011651726988505 143 120 95 0.26 37 2 90 3 386 4 425 8 426 7
14 0.1494797053903995 -0.2312565400067003 0.9030357905148412 158 142 119 0.09 90 4 421 4 425 9 426 8
15 0.119431927571642 -0.2368846680117709 0.8813990212906706 146 126 103 0.57 90 5 211 2 420 6 426 9
16 0.09945115885657163 -0.225418369304182 0.859972512819646 96 64 52 0.26 37 3 90 6 314 2 386 5 420 7 421 5 485 5
17 0.1168766770022241 -0.2211303096229191 0.8734778899259701 85 74 67 0.45 90 7 420 8 426 10
18 0.1292470340711599 -0.2086598416419283 0.8725755590646327 132 98 70 0.29 281 7 421 6 426 11
19 0.1226470674822564 -0.2029905016571428 0.869623341894352 155 125 95 0.21 90 8 281 8 386 6 420 9 425 10 426 12
20 0.1365572508750701 -0.2078972488423997 0.8808748221099405 109 92 75 0.15 90 9 350 5 421 7 425 11 426 13 506 4
21 0.1343250758310388 -0.2054709377114985 0.8780969032343033 141 116 95 0.43 8 6 90 10 189 2 281 9 420 10 421 8 425 12 426 14 485 6 506 5
22 0.1470984488223603 -0.1881623916071306 0.8842238264329094 77 57 47 0.29 8 7 37 4 90 11 281 10 386 7 420 11 421 9 425 13 426 15 479 1 485 7
23 0.1465441442636338 -0.1808514072565319 0.8811463693919677 82 60 46 0.17 8 8 37 5 90 12 386 8 420 12 421 10 425 14 426 16 479 2 485 8
24 0.1255461116156034 -0.1786114231010705 0.860872371061183 159 136 106 0.3 90 13 281 11 421 11 425 15 426 17
25 0.1428993902055792 -0.1685105918028549 0.8723388407684867 149 130 102 0.14 60 0 90 14 189 3 386 9 421 12 423 0 425 16 426 18 506 6
26 0.1285683696998188 -0.1567301982704969 0.8532927947886959 99 68 52 0.19 60 1 420 13 426 19 485 9
27 0.1465745432162091 -0.1636505233969292 0.8743171494485882 113 102 88 0.49 8 9 420 14 421 13 426 20
28 0.1345652610029475 -0.163328022109548 0.8613696115267169 158 132 100 0.24 60 2 281 12 420 15 426 21
29 0.08108809171836451 -0.1575708977132725 0.8202455570796914 92 72 59 0.35 37 6 90 15 281 13 350 6 386 10 420 16 421 14 426 22 506 7
30 0.09209479307932344 -0.1587528235187932 0.8271430166641607 144 116 91 0.2 8 10 37 7 281 14 350 7 420 17 421 15 426 23
31 0.09861101797155691 -0.1409919568397653 0.8247541473859461 143 110 84 0.15 37 8 90 16 281 15 314 3 350 8 420 18 421 16 425 17 426 24
32 0.12532079108323 -0.134371954866458 0.8413815209377802 78 55 42 0.12 225 0 421 17 426 25 479 3 485 10
33 0.1518418215284116 -0.1255348647587067 0.8614113425987042 152 123 90 0.36 60 3 420 19 421 18 426 26 485 11
34 0.1629415953375787 -0.122860841902077 0.8716268979728161 145 117 88 0.51 8 11 60 4 281 16 350 9 420 20 421 19 426 27
35 0.07407060685540812 -0.1241814568164397 0.7988268176354858 106 76 54 0.24 60 5 421 20 425 18
36 0.1117537353975029 -0.2783451064077343 0.8894963887833001 95 79 67 0.42 90 17 350 10 386 11 420 21 425 19 426 28
37 0.1286834856914665 -0.2758787013224999 0.8930156234621813 143 119 89 0.22 37 9 90 18 281 17 350 11 425 20 426 29
38 0.1070409489612969 -0.2681163561662323 0.8820304496792837 79 62 55 0.42 8 12 281 18 386 12 506 8
39 0.1094922675651741 -0.2517748163961344 0.8731520135014887 135 117 96 0.63 8 13 37 10 90 19 420 22 425 21 426 30
40 0.1190364110151313 -0.2446190825598712 0.8792130783573178 146 130 108 0.17 8 14 90 20 281 19 386 13 420 23 426 31
41 0.1274951983332838 -0.2552997974378983 0.8927165426795376 127 104 79 0.83 281 20 386 14 420 24 426 32
42 0.1415624932099915 -0.2432236685964825 0.8989327958886637 133 122 99 0.6 90 21 211 3 281 21 350 12 386 15 420 25 425 22 426 33
43 0.1545366232207622 -0.2209396791049423 0.9030243707547605 94 74 60 0.13 8 15 37 11 90 22 189 4 211 4 281 22 386 16 420 26 421 21 425 23 426 34 479 4 506 9
44 0.1423672728900716 -0.2087816709754626 0.886576313214293 155 128 99 0.34 8 16 90 23 211 5 281 23 314 4 386 17 420 27 421 22 425 24 426 35 479 5 485 12 506 10
45 0.1457728086845831 -0.203054077266441 0.8870296654845584 159 132 108 0.38 90 24 211 6 314 5 386 18 421 23 425 25 426 36 485 13
46 0.1070512179131904 -0.1822234978488658 0.8460686760079963 146 122 91 0.35 37 12 90 25 189 5 208 2 211 7 386 19 420 28 421 24 423 1 425 26 426 37 479 6 506 11
47 0.1281884898893185 -0.1743612545032895 0.860098259388379 154 124 93 0.23 60 6 90 26 189 6 208 3 211 8 386 20 421 25 423 2 425 27 426 38
48 0.1341711896967043 -0.1729295635927536 0.8638554748960736 132 103 76 0.24 8 17 60 7 189 7 208 4 211 9 281 24 314 6 350 13 386 21 420 29 421 26 425 28 426 39 479 7 485 14 506 12
49 0.1490651616483879 -0.171809395064877 0.8786433116477343 150 128 101 0.26 8 18 60 8 189 8 208 5 211 10 281 25 386 22 420 30 421 27 426 40 479 8
50 0.1528386233750437 -0.1708432696460038 0.8826192434225446 139 118 93 0.32 8 19 37 13 60 9 90 27 281 26 350 14 386 23 420 31 421 28 425 29 426 41
51 0.1499121843345274 -0.1675142594738038 0.8810887571964023 120 103 83 0.31 8 20 90 28 314 7 350 15 386 24 420 32 421 29 425 30 426 42 506 13
52 0.0819949474175119 -0.1602469187428982 0.8188711604094556 72 62 52 0.19 90 29 426 43 506 14
53 0.1140804868661989 -0.1518382554598117 0.8419746895018188 92 63 49 0.36 8 21 37 14 60 10 90 30 189 9 208 6 211 11 281 27 314 8 350 16 386 25 421 30 423 3 425 31 426 44 485 15 514 1
54 0.1309024111065288 -0.1481311339353106 0.8551373461418488 94 68 54 0.31 8 22 60 11 189 10 208 7 211 12 350 17 386 26 420 33 426 45 514 2
55 0.1476212492229307 -0.143185664874356 0.8654682405720113 90 67 52 0.76 37 15 60 12 189 11 208 8 211 13 281 28 314 9 386 27 420 34 423 4 426 46 485 16 514 3
56 0.1601395585511159 -0.1447596913611296 0.8787578405719303 152 128 96 0.24 8 23 37 16 60 13 90 31 189 12 208 9 211 14 281 29 350 18 420 35 421 31 426 47 506 15
57 0.16992184731134 -0.1346248866839912 0.8876537272606846 105 88 68 0.15 90 32 281 30 421 32 425 32 426 48
58 0.1182648869531326 -0.1407403750786013 0.8370373569757146 92 66 47 0.24 60 14 90 33 208 10 211 15 281 31 425 33 426 49 479 9
59 0.1196853835634587 -0.1423400653073161 0.8425628496886435 148 122 91 0.35 8 24 60 15 90 34 189 13 208 11 211 16 225 1 281 32 314 10 350 19 386 28 420 36 421 33 425 34 426 50 506 16 514 4
60 0.1416122532803237 -0.1321391012235175 0.8543330225099517 150 123 96 0.38 37 17 60 16 90 35 189 14 211 17 225 2 281 33 314 11 350 20 386 29 421 34 425 35 426 51 506 17
61 0.1416965982676398 -0.1321120339656534 0.8542264591645647 155 127 99 0.36 37 18 60 17 90 36 189 15 211 18 225 3 281 34 314 12 350 21 386 30 421 35 425 36 426 52 479 10
62 0.1858050180939315 -0.1218855880611585 0.8949123102866698 194 206 213 0.52 8 25 37 19 90 37 208 12 211 19 350 22 420 37 425 37 426 53 506 18
63 0.1695270540193423 -0.1175382680220304 0.8802469226113232 145 118 91 0.59 60 18 420 38 426 54
64 0.7464607883586161 0.00262582127700655 -0.09445923147070356 86 69 50 1.3 8 26 211 20 426 55
65 0.7464607883586161 0.00262582127700655 -0.09445923147070356 86 69 50 1.3 8 27 211 21 426 56
66 0.1648793679252555 -0.01808751013922927 0.8352167760614999 105 86 62 1.32 90 38 386 31 426 57
67 0.08539231683652615 -0.3035131383874304 0.8971770351515536 109 102 103 0.49 37 20 281 35 350 23 426 58 506 19
68 0.1057593725444549 -0.2743982775372993 0.8879654896465159 155 133 100 0.33 37 21 208 13 211 22 281 36 350 24 423 5 425 38 426 59 506 20 521 0
69 0.1058374642019648 -0.2665871461044614 0.8809158921486095 169 157 128 0.27 8 28 37 22 90 39 208 14 281 37 350 25 420 39 423 6 425 39 426 60 479 11 506 21 514 5
70 0.1019917504598008 -0.251180899614939 0.8701178703416403 134 121 99 0.7 211 23 420 40 425 40 426 61
71 0.1154436664272759 -0.2480742246787438 0.8782759477949218 83 64 55 0.22 8 29 37 23 90 40 189 16 208 15 211 24 281 38 386 32 420 41 423 7 425 41 426 62 479 12 506 22 514 6 521 1
72 0.1240075998568314 -0.2547499820699453 0.8919535192292916 162 134 99 0.35 189 17 208 16 211 25 281 39 350 26 386 33 425 42 426 63 506 23
73 0.1398140035928319 -0.2419428946558729 0.8972416066580959 80 66 57 0.15 8 30 90 41 189 18 208 17 211 26 281 40 350 27 386 34 421 36 423 8 425 43 426 64 479 13 514 7 521 2
74 0.1570147392589044 -0.2414219857496169 0.9136940297489655 109 99 92 0.32 8 31 350 28 421 37 426 65 485 17
75 0.1182035498124991 -0.2300517614053895 0.8722568242541573 88 65 52 0.19 8 32 90 42 189 19 208 18 211 27 281 41 350 29 386 35 421 38 423 9 425 44 426 66 479 14 485 18 506 24 514 8 521 3
76 0.1249765820038738 -0.2284347450024979 0.8779992123714624 78 58 46 0.15 37 24 90 43 281 42 386 36 426 67
77 0.1167614581521778 -0.2131732258456677 0.8660614710570012 83 58 49 0.19 8 33 37 25 90 44 189 20 208 19 211 28 281 43 314 13 350 30 386 37 420 42 421 39 423 10 425 45 426 68 479 15 485 19 514 9 521 4
78 0.1418437160985084 -0.2067423881138035 0.8862548396947971 95 67 55 0.18 8 34 90 45 189 21 208 20 211 29 281 44 314 14 350 31 386 38 421 40 423 11 425 46 426 69 479 16 506 25 514 10 521 5
79 0.1496537976487647 -0.2045004304513424 0.8912413992631807 93 66 51 0.23 8 35 90 46 189 22 211 30 350 32 421 41 425 47 426 70 485 20 506 26 514 11
80 0.0985789750738455 -0.199912182115262 0.8473700111712676 86 65 54 0.21 37 26 90 47 189 23 208 21 211 31 281 45 350 33 420 43 425 48 426 71 479 17 506 27 514 12
81 0.1226751154838597 -0.1937997710846614 0.863832588418054 84 63 51 0.15 8 36 37 27 90 48 189 24 208 22 211 32 281 46 350 34 420 44 421 42 423 12 425 49 426 72 479 18 485 21 514 13
82 0.08508091574230281 -0.1829290345886131 0.8302645566832807 149 130 105 0.25 189 25 208 23 211 33 281 47 386 39 420 45 426 73
83 0.1317131599908915 -0.1752230320575594 0.8606095687071993 91 67 57 0.28 8 37 60 19 90 49 189 26 208 24 211 34 350 35 386 40 420 46 423 13 425 50 426 74 479 19 506 28 521 6
84 0.152929197316867 -0.1683540556854127 0.8830703700445557 73 57 50 0.22 8 38 37 28 60 20 90 50 189 27 208 25 211 35 281 48 314 15 350 36 386 41 420 47 421 43 423 14 425 51 426 75 479 20 485 22 506 29 514 14 521 7
85 0.1566459182400287 -0.1671277277615079 0.8850210946532919 85 65 53 0.25 8 39 60 21 90 51 189 28 208 26 211 36 281 49 386 42 420 48 421 44 423 15 425 52 426 76 479 21 485 23 506 30 514 15
86 0.08748420182304251 -0.166575624446532 0.8258528569110861 87 67 56 0.47 8 40 37 29 90 52 189 29 211 37 314 16 350 37 421 45 423 16 425 53 426 77 479 22 513 0
87 0.1262799779358923 -0.1662599596386473 0.8573788359717589 68 51 46 0.19 8 41 37 30 60 22 90 53 189 30 208 27 211 38 281 50 314 17 350 38 386 43 420 49 421 46 423 17 425 54 426 78 479 23 485 24 506 31 514 16
88 0.1201767126289367 -0.1584668322294396 0.8507437867708099 90 68 56 0.23 8 42 60 23 189 31 208 28 211 39 350 39 386 44 420 50 421 47 423 18 425 55 426 79
89 0.1268460073500224 -0.1594721703346453 0.8544740547388352 155 124 91 0.43 37 31 60 24 90 54 189 32 208 29 211 40 281 51 314 18 350 40 386 45 420 51 421 48 423 19 425 56 426 80 479 24 485 25 506 32 514 17 521 8
90 0.1357157284484969 -0.156808955779416 0.862046799130141 156 123 89 0.23 8 43 37 32 60 25 90 55 189 33 208 30 211 41 281 52 314 19 350 41 386 46 420 52 421 49 425 57 426 81 479 25 485 26 506 33 514 18
91 0.1449257750115261 -0.1520308079980475 0.8664308278105179 92 69 54 0.68 8 44 60 26 90 56 189 34 211 42 350 42 386 47 420 53 421 50 423 20 425 58 426 82 485 27 506 34 514 19
92 0.151423067208946 -0.1527947609419237 0.8738111263107422 140 120 96 0.56 8 45 90 57 189 35 420 54 421 51 423 21 425 59 426 83 485 28 506 35
93 0.1594302215040159 -0.1372000282029445 0.8804033317556894 89 74 66 0.29 8 46 60 27 189 36 211 43 350 43 420 55 426 84
94 0.1024438809897263 -0.1415239798046542 0.828673455294727 159 134 104 0.26 8 47 60 28 90 58 189 37 208 31 211 44 225 4 281 53 314 20 350 44 386 48 421 52 423 22 425 60 426 85 506 36 514 20 521 9
95 0.1280688510074359 -0.1332440744664133 0.8431528631091385 78 58 48 0.22 8 48 37 33 60 29 90 59 189 38 208 32 211 45 281 54 314 21 386 49 420 56 421 53 423 23 425 61 426 86 479 26 506 37 521 10
96 0.1409440610158653 -0.1365598370913355 0.8544114133791825 147 127 96 0.28 90 60 189 39 208 33 211 46 386 50 423 24 425 62 426 87 506 38
97 0.1592052615129842 -0.1299553068401951 0.8735820758964983 93 66 52 0.32 8 49 37 34 60 30 90 61 189 40 208 34 211 47 281 55 350 45 420 57 421 54 423 25 425 63 426 88 485 29 506 39 514 21 521 11
98 0.1589781860306342 -0.1300612936094948 0.8738449299660822 91 70 59 0.28 60 31 90 62 189 41 420 58 421 55 423 26 425 64 426 89 506 40 521 12
99 0.1598222848404487 -0.127337991270851 0.871530833433019 177 149 112 0.32 8 50 37 35 60 32 90 63 189 42 208 35 211 48 281 56 350 46 420 59 426 90 479 27 485 30 506 41 514 22
100 0.165496869042565 -0.1302838148819298 0.8798974214212321 163 134 95 0.49 60 33 90 64 208 36 211 49 281 57 386 51 421 56 426 91
101 0.7812678885948848 0.02695527903777828 -0.06854029012707863 86 68 39 0.22 208 37 211 50 423 27
102 0.8466604158174462 0.01660520779760086 -0.01697997812075969 122 124 117 0.29 19 0 20 0 426 92
103 0.08233686277768026 -0.3029104480517991 0.8964447187651279 170 182 183 0.46 211 51 281 58 350 47 423 28 425 65 426 93 521 13
104 0.07643520238650925 -0.2714240735620685 0.900362124862933 72 60 67 0.87 8 51 37 36 208 38 425 66 426 94 479 28 521 14
105 0.07954869858440416 -0.2705547684602543 0.8959809046058125 91 73 70 0.36 208 39 211 52 281 59 425 67 426 95
106 0.1474476046589338 -0.2573592694555459 0.9223669867883939 55 57 61 0.26 211 53 425 68 426 96
107 0.128815489785693 -0.2376761333786275 0.8844694553410759 101 77 60 0.42 90 65 189 43 281 60 386 52 421 57 423 29 425 69 426 97 479 29 506 42 514 23
108 0.10060690252716 -0.2196675804422048 0.856354338088094 156 127 92 0.63 37 37 211 54 350 48 421 58 426 98 479 30 485 31 521 15
109 0.1078808310373611 -0.2174553212864235 0.8604055948741478 157 132 101 0.31 90 66 189 44 281 61 386 53 421 59 423 30 425 70 426 99 485 32
110 0.1305046284979376 -0.2112364331446796 0.8746584776827264 96 71 57 0.56 8 52 37 38 90 67 189 45 208 40 211 55 281 62 350 49 420 60 423 31 425 71 426 100
111 0.1015978529730757 -0.1812774461302334 0.8440174450286635 92 65 52 0.26 8 53 60 34 90 68 189 46 208 41 211 56 281 63 314 22 350 50 386 54 421 60 423 32 425 72 426 101 479 31 485 33 514 24 521 16
112 0.1471860520663584 -0.177856105525366 0.8827678681146967 154 123 88 0.48 37 39 90 69 189 47 208 42 211 57 281 64 350 51 386 55 420 61 421 61 423 33 425 73 426 102 506 43 514 25
113 0.1431499866514329 -0.1710986731267489 0.873161612709874 93 69 54 0.22 8 54 60 35 90 70 189 48 208 43 211 58 281 65 314 23 350 52 386 56 420 62 421 62 423 34 425 74 426 103 479 32 485 34 506 44 514 26
114 0.1048601631461454 -0.1619941697067703 0.8371148984280485 88 66 51 0.21 8 55 37 40 60 36 90 71 189 49 208 44 211 59 281 66 314 24 350 53 386 57 421 63 423 35 425 75 479 33 485 35 506 45
115 0.1255113938297415 -0.1569539954334465 0.853683800351746 86 62 49 0.19 8 56 37 41 60 37 90 72 189 50 208 45 211 60 281 67 314 25 350 54 386 58 420 63 421 64 423 36 425 76 426 104 479 34 485 36 506 46 514 27 521 17
116 0.1389467191205078 -0.1554934879762101 0.863661721735316 162 134 99 0.4 8 57 37 42 60 38 90 73 208 46 211 61 281 68 350 55 420 64 425 77 426 105 479 35
117 0.1448677087319653 -0.1597729481237413 0.8743914773383625 168 130 88 0.45 60 39 208 47 281 69 420 65 421 65 423 37 425 78 426 106 514 28
118 0.1000249137846768 -0.1477009840755643 0.8247233033265478 144 121 88 0.71 8 58 60 40 208 48 281 70 386 59 426 107 506 47 521 18
119 0.1553580543368145 -0.1492228027456348 0.8778321913977973 93 64 50 0.44 8 59 37 43 60 41 90 74 189 51 208 49 281 71 314 26 350 56 420 66 421 66 423 38 425 79 426 108 485 37 514 29 521 19
120 0.155336632984815 -0.1492239057731071 0.8778519506344522 93 64 50 0.44 8 60 37 44 60 42 90 75 189 52 208 50 281 72 314 27 350 57 386 60 420 67 421 67 423 39 425 80 426 109 485 38 514 30
121 0.1598886332998829 -0.1477227477674468 0.8813599060640311 78 60 48 0.29 8 61 60 43 90 76 189 53 208 51 211 62 281 73 350 58 386 61 420 68 421 68 423 40 425 81 426 110 485 39 506 48 514 31
122 0.09297393362180639 -0.1463378500370803 0.8214093955367454 81 62 54 0.27 37 45 90 77 189 54 208 52 314 28 386 62 420 69 425 82 426 111 506 49
123 0.09667872303971137 -0.1456581420234001 0.827891484906436 91 68 58 0.64 37 46 90 78 189 55 281 74 314 29 350 59 386 63 420 70 421 69 423 41 425 83 426 112 506 50 513 1
124 0.09681981302210096 -0.1454844970209717 0.8274732002313849 94 70 56 0.59 8 62 60 44 90 79 189 56 211 63 225 5 350 60 386 64 421 70 423 42 425 84 485 40 506 51 513 2
125 0.1020687395154862 -0.1444206669018356 0.8289357491539513 88 62 48 0.22 8 63 37 47 60 45 90 80 189 57 208 53 211 64 225 6 314 30 350 61 386 65 423 43 425 85 479 36 485 41 514 32 521 20
126 0.1192192391533389 -0.1403705678631718 0.8440747599267295 86 62 50 0.42 8 64 60 46 90 81 189 58 208 54 211 65 225 7 350 62 386 66 420 71 425 86 426 113 485 42
127 0.1193055274956945 -0.3214170375495592 0.9249120585998196 92 77 80 0.76 8 65 189 59 208 55 281 75 485 43 506 52 521 21
128 0.09862382991249952 -0.2743061313242338 0.8811600866820812 146 128 101 1.79 281 76 420 72 423 44 425 87 426 114 521 22
129 0.1005363932128268 -0.2516400164104857 0.8681623847402582 85 67 58 0.24 90 82 189 60 208 56 211 66 386 67 421 71 425 88 426 115 514 33
130 0.1427359783206816 -0.2407644423485124 0.8998369082046136 79 60 51 0.43 8 66 37 48 90 83 189 61 208 57 281 77 386 68 420 73 421 72 423 45 425 89 426 116 479 37 485 44 506 53 514 34 521 23
131 0.1119867153590746 -0.2310248759351358 0.8694602553490578 92 70 58 0.36 8 67 208 58 211 67 350 63 423 46 425 90 426 117 513 3 514 35
132 0.1308912279649375 -0.2341091916423776 0.8847468292254539 169 146 108 0.41 90 84 208 59 211 68 281 78 386 69 423 47 425 91 426 118 479 38 506 54
133 0.139175002857324 -0.2389767355030855 0.8959104680070653 159 144 114 0.33 8 68 90 85 189 62 208 60 211 69 281 79 350 64 421 73 423 48 425 92 426 119 485 45 513 4 514 36 521 24
134 0.121996066551633 -0.2145901117122748 0.8707821345125284 165 135 102 0.38 90 86 189 63 208 61 211 70 350 65 421 74 425 93 426 120 479 39 513 5
135 0.1416923835289103 -0.2209424623275666 0.8903399187419743 151 132 105 0.64 8 69 189 64 208 62 314 31 386 70 421 75 423 49 426 121 506 55 514 37
136 0.1064745539643471 -0.2127518132240045 0.8581591332259522 168 141 107 0.33 8 70 90 87 189 65 208 63 211 71 281 80 350 66 386 71 420 74 421 76 423 50 425 94 426 122 485 46 506 56 513 6 514 38
137 0.09835346897503516 -0.1635402065230639 0.8366907062834679 82 64 53 0.7 8 71 90 88 189 66 386 72 421 77 423 51 425 95 426 123 485 47 506 57
138 0.09803733064933928 -0.163573895874335 0.8372351667957516 86 63 51 0.72 8 72 90 89 189 67 350 67 386 73 421 78 423 52 425 96 426 124 485 48 514 39
139 0.1382031483040395 -0.1503144442767845 0.8607443050581225 172 137 98 0.52 8 73 37 49 60 47 90 90 189 68 208 64 211 72 281 81 314 32 350 68 386 74 420 75 421 79 423 53 425 97 426 125 485 49 513 7 514 40
140 0.1300937440591702 -0.3148609553719566 0.9258061345326836 169 192 216 0.33 426 126 506 58 521 25
141 0.08459192287826356 -0.3009554867850455 0.8988125602930137 117 100 82 0.88 37 50 208 65 211 73 281 82 350 69 425 98 426 127
142 0.1008019028361178 -0.2699432304184293 0.8823872743213461 79 65 62 0.13 189 69 208 66 211 74 281 83 423 54 425 99 426 128
143 0.1349176757721 -0.2462399874152737 0.8919059917905654 159 141 109 0.41 8 74 90 91 189 70 208 67 211 75 281 84 350 70 386 75 421 80 423 55 425 100 426 129 485 50 506 59 513 8 514 41
144 0.1062184383814383 -0.1971624789052048 0.8516861825030813 89 70 60 0.55 8 75 90 92 189 71 208 68 211 76 281 85 314 33 350 71 386 76 420 76 421 81 423 56 425 101 426 130 479 40 513 9
145 0.1284074356000556 -0.1794292520996636 0.860668963372708 165 137 103 0.37 8 76 37 51 90 93 189 72 208 69 211 77 281 86 386 77 420 77 423 57 425 102 426 131 479 41 485 51 513 10
146 0.1399155026864742 -0.1712193766565657 0.8709200201561633 93 75 60 0.39 60 48 90 94 189 73 281 87 421 82 423 58 425 103 426 132 514 42
147 0.101290452743914 -0.1595038933820064 0.8365230606177763 166 138 101 0.66 8 77 60 49 90 95 208 70 211 78 281 88 314 34 421 83 423 59 425 104 426 133 514 43
148 0.1200309333406426 -0.3381499480563933 0.9283545577790837 82 72 77 0.21 208 71 211 79 350 72 423 60 425 105 426 134 506 60 521 26
149 0.1199098311540951 -0.3382955605552165 0.928666877316501 84 71 73 0.31 208 72 211 80 281 89 350 73 423 61 425 106 426 135 506 61 521 27
150 0.1137287677114364 -0.3223618674084461 0.9218281907065422 187 201 211 0.69 8 78 37 52 208 73 211 81 425 107 506 62 521 28
151 0.04207262573490189 -0.1915141102675566 0.8695657670344876 153 186 218 1.22 314 35 426 136 521 29
152 0.1010850210321248 -0.1863842569805071 0.8390352068439486 160 130 99 0.91 8 79 90 96 189 74 208 74 211 82 281 90 314 36 421 84 423 62 425 108 479 42 506 63 513 11
153 0.1298172619799637 -0.1802935980746797 0.8670650243581293 165 130 91 0.41 90 97 281 91 423 63 425 109 426 137 479 43 513 12 514 44
154 0.1462264744963678 -0.1555927781072176 0.8695626336486533 157 121 86 0.77 8 80 189 75 208 75 211 83 420 78 425 110 426 138 485 52 513 13 514 45
155 0.1623279897095882 -0.1517661791316405 0.8889050880024125 143 120 93 0.08 90 98 423 64 425 111 426 139
156 0.1563224233489936 -0.1360189083987606 0.8756991018422202 158 131 97 0.48 8 81 60 50 90 99 189 76 208 76 421 85 423 65 425 112 426 140 513 14 521 30
157 0.1179618939381982 -0.3270602623395992 0.9288883198913995 95 72 59 0.73 37 53 208 77 211 84 281 92 350 74 425 113 426 141 506 64 521 31
158 0.1351088236052128 -0.1382267874903886 0.8560924759064943 120 107 84 0.74 386 78 420 79 421 86 423 66 426 142
159 0.1691835840297761 -0.1607482249803475 0.9003246799864217 104 93 81 1.13 423 67 425 114 426 143 506 65 521 32
160 0.1220898319748428 -0.3381313562649175 0.9308461091709737 89 101 127 0.27 37 54 425 115 426 144
161 0.1282032034355517 -0.3253627909100335 0.9235059569041886 172 194 220 0.61 8 82 423 68 425 116
163 0.1516723633177112 -0.2896692475358706 0.9352779183604916 210 210 203 0.38 8 83 281 93 350 75
164 0.1441698671262469 -0.2917767551856695 0.947875674285833 114 116 134 0.5 8 84 281 94 314 37
165 0.1540210125899495 -0.2856270178238287 0.9255106679777454 203 207 204 0.47 8 85 211 85 386 79
166 0.1268893825542919 -0.2659949097147006 0.8967795915185746 96 82 74 0.23 8 86 420 80 421 87 485 53
167 0.1030388014627409 -0.2578403599686344 0.8786266698227487 142 126 101 0.34 8 87 211 86 426 145
168 0.1321267222333218 -0.2531877265703039 0.8978451071038318 98 78 67 0.25 8 88 37 55 350 76 426 146
169 0.09503008674474644 -0.2533519220490948 0.8649224177710382 178 188 186 0.59 8 89 208 78 211 87 281 95 420 81 426 147
170 0.1184317456601373 -0.2483823970420103 0.8793999024045254 74 59 48 0.15 8 90 420 82 421 88 425 117 485 54 506 66
171 0.09690246206872399 -0.2298069578302788 0.855811484385482 121 107 91 0.11 8 91 281 96 420 83 421 89 485 55
172 0.1095559118386451 -0.2347205572809749 0.8669291893207811 135 114 91 0.19 8 92 90 100 350 77 386 80 426 148
173 0.1159635353354096 -0.2306954763671729 0.8719486632197364 139 114 89 0.1 8 93 37 56 281 97 350 78 421 90 426 149 485 56
174 0.1247730337917908 -0.2327392145601679 0.8820779685600506 120 91 72 0.13 8 94 426 150 485 57
175 0.1442130092193239 -0.2182228705113125 0.8913550004378683 130 117 100 0.14 8 95 281 98 420 84 421 91 426 151
176 0.1613718804821015 -0.2260125406881965 0.9144311767036402 184 200 217 1.33 8 96 208 79 211 88 420 85 425 118 426 152 485 58
177 0.1645317713299764 -0.2177313024147431 0.909052857272326 172 191 211 0.32 8 97 90 101 189 77 281 99 386 81 420 86 421 92 426 153
178 0.1072359072422596 -0.2134612161467118 0.8610016473429687 73 58 50 0.15 8 98 281 100 420 87 426 154
179 0.1445907502868735 -0.2065862087951157 0.8876823461924961 65 57 54 0.11 8 99 420 88 426 155
180 0.1509705832689424 -0.2078807561607571 0.8980802684689322 122 96 76 0.42 8 100 281 101 420 89 421 93 426 156 485 59
181 0.09334401420359562 -0.2130876122766742 0.8468238044180887 113 102 93 0.17 8 101 420 90 421 94 426 157
182 0.1217264213725532 -0.2050226679419838 0.869176374628938 80 58 46 0.22 8 102 37 57 420 91 421 95 426 158
183 0.1345287445442717 -0.2037376261153346 0.877248433937994 124 104 89 0.35 8 103 420 92 421 96 426 159
184 0.1461162307709106 -0.2001295201662057 0.8867714452035906 113 91 77 0.21 8 104 281 102 420 93 421 97 426 160
185 0.09004346199640856 -0.1963320921371554 0.8380828210901843 110 93 82 0.13 8 105 350 79 420 94 421 98 426 161
186 0.08980324142815355 -0.1963744182798091 0.8383808307607128 124 101 78 0.06 8 106 60 51 426 162
187 0.1135087580853819 -0.1905977547876771 0.8550933360502089 114 104 90 0.06 8 107 420 95 421 99 426 163
188 0.1222584233760389 -0.1884710745448524 0.8633310021604559 137 109 81 0.24 8 108 60 52 281 103 350 80 426 164
189 0.1229379228518654 -0.188347368028725 0.8625156700745717 118 104 85 0.14 8 109 281 104 420 96 426 165
190 0.1393940151750687 -0.1897916734824025 0.8603439037750684 88 74 59 0.21 8 110 281 105 426 166
191 0.1334002412636612 -0.1821328175277267 0.8668176771646305 73 59 52 0.15 8 111 281 106 420 97 426 167
192 0.1479502907048449 -0.1867719771716004 0.8845175343723095 124 108 94 0.17 8 112 281 107 350 81 420 98 421 100 426 168
193 0.1489450516617704 -0.1853855196128669 0.8843109127991298 90 68 54 0.26 8 113 281 108 420 99 425 119 426 169 485 60
194 0.1506832394878606 -0.1809849736428761 0.8838373841984346 104 90 78 0.11 8 114 350 82 420 100 426 170
195 0.1600787537997134 -0.1835143687211103 0.8953146225183564 113 99 86 0.16 8 115 281 109 420 101 421 101 426 171
196 0.1145366235043304 -0.1789736544817808 0.8488717345043875 130 99 76 0.36 8 116 60 53 426 172
197 0.1145366235043304 -0.1789736544817808 0.8488717345043875 130 99 76 0.36 8 117 60 54 426 173
198 0.1649253655268362 -0.164668384154522 0.8890027941384095 75 67 66 0.14 8 118 420 102 426 174
199 0.1714245130625938 -0.162190413996656 0.8990605100667186 90 79 69 0.22 8 119 350 83 420 103 421 102 426 175
200 0.1018565088209119 -0.1637695981118917 0.8362335393542264 93 64 45 0.26 8 120 37 58 60 55 90 102 421 103 426 176 479 44 485 61
201 0.1027804202912801 -0.1623333320846422 0.8364322829988422 126 108 87 0.11 8 121 281 110 420 104 421 104 426 177
202 0.1033328014881332 -0.1609929869600831 0.8370553293457486 84 62 53 0.22 8 122 281 111 350 84 420 105 426 178 485 62
203 0.1257637069805632 -0.1630988960636665 0.8567038249036945 89 69 55 0.14 8 123 281 112 350 85 420 106 421 105 426 179 485 63
204 0.1303413692109601 -0.155799806996714 0.8542457318598871 109 80 60 0.2 8 124 60 56 281 113 420 107 421 106 426 180 485 64
205 0.1337779275175421 -0.1547771810452845 0.8570719196766954 89 71 57 0.24 8 125 60 57 281 114 420 108 421 107 426 181
206 0.1048863396615176 -0.1560213702351114 0.8369994562996137 132 102 79 0.12 8 126 60 58 350 86 426 182
207 0.1057913138230084 -0.1558750406938208 0.8358554407561243 124 107 91 0.13 8 127 281 115 350 87 420 109 421 108 426 183
208 0.1048260422660771 -0.1470214655669143 0.8305654491392507 137 120 103 0.29 8 128 420 110 421 109 426 184
209 0.1439923963721191 -0.1378584049065706 0.862781482025107 114 90 70 0.25 8 129 420 111 426 185 485 65
210 0.1488470435495199 -0.1443938792013351 0.8684950022891917 152 121 87 0.19 8 130 60 59 420 112 426 186 485 66
211 0.145558360515251 -0.1373930462854898 0.8637400635175925 98 84 69 0.12 8 131 420 113 426 187
212 0.1609080425160365 -0.1415610874645321 0.8786914589258836 123 103 82 0.1 8 132 60 60 350 88 420 114 421 110 426 188
213 0.09091975288461296 -0.1468517345710924 0.8195150624168606 80 62 52 0.19 8 133 281 116 350 89 420 115 421 111 426 189
214 0.1419226925588976 -0.132760397113539 0.8563300554911029 74 62 50 0.44 8 134 60 61 421 112 426 190
215 0.1370476299488921 -0.1261688019978326 0.8469577775969896 63 56 51 0.03 8 135 420 116 426 191
216 0.1849089405850345 -0.1206747018574848 0.898910534411141 132 134 136 0.18 8 136 281 117 350 90 426 192
217 0.165098248236109 -0.1093612328450558 0.8707276795444401 94 74 59 0.44 90 103 189 78 420 117 426 193
218 0.793378282110543 0.009775766877448126 -0.05749587669783174 83 73 59 0.14 8 137 281 118 426 194
219 0.7879569542371564 0.01105240280044785 -0.06291283667557102 78 68 52 0.26 8 138 281 119 426 195
220 0.7918289907410992 0.01157344954819077 -0.0595449649562424 106 88 65 0.11 8 139 281 120 426 196
221 0.792221342380425 0.01159638390584436 -0.05855270793624789 54 39 30 0.13 8 140 281 121 426 197
222 0.08297356549828372 -0.07357252970192951 0.7878385494597491 124 104 84 0.36 90 104 189 79 426 198
223 0.8459648317796639 0.04008317904331583 -0.01839496835991361 32 28 23 0.43 8 141 208 80 211 89
224 0.1209915406738556 -0.3348582735711509 0.9290731824308529 122 133 163 0.29 350 91 425 120 426 199
225 0.0955027219744129 -0.3013866670174768 0.8957160519105889 150 128 104 0.26 208 81 350 92 426 200
226 0.143756431008452 -0.2957584619313454 0.9129867430092076 100 84 67 1.46 281 122 421 113 485 67
227 0.1428508832876072 -0.2790266221126721 0.9170298327139823 70 69 67 0.54 211 90 425 121 426 201
228 0.1383357307316962 -0.2904590896663229 0.944512512026592 106 94 81 0.43 8 142 281 123 485 68
229 0.1440162355035464 -0.2596633432680843 0.9108759701983511 135 124 114 0.33 8 143 281 124 420 118 425 122 426 202
230 0.1017895641636783 -0.2677721833948873 0.8831943726893177 101 81 79 0.36 8 144 189 80 281 125 350 93 426 203
231 0.1017934795560826 -0.2538444204632357 0.8683913321997487 140 122 103 0.16 8 145 420 119 421 114 485 69
232 0.1133425157338964 -0.2508321772040964 0.8765145893081989 131 117 96 0.2 8 146 90 105 211 91 420 120 425 123 426 204
233 0.119189645946328 -0.240565756014509 0.877467202213321 89 67 53 0.1 8 147 90 106 350 94 421 115 425 124 426 205 485 70
234 0.1385962490141872 -0.2358119560870079 0.8940362329610376 97 75 55 0.38 8 148 90 107 281 126 421 116 425 125 426 206 485 71
235 0.1570389732143943 -0.2396277064384713 0.9107304634492095 113 108 98 0.27 8 149 37 59 281 127 420 121 426 207
236 0.161325988971832 -0.2360865219021994 0.9110561657980267 198 213 228 0.32 8 150 189 81 208 82 350 95 426 208
237 0.09853673128598062 -0.2370263685485411 0.8592485539208681 138 121 97 0.27 8 151 90 108 281 128 420 122 421 117 425 126 479 45 485 72
238 0.1531440808398716 -0.2156338069151149 0.8997295163069967 125 107 89 0.15 8 152 90 109 350 96 420 123 421 118 426 209
239 0.1551852426868263 -0.2148845838252775 0.9008277381645375 112 99 87 0.33 8 153 420 124 426 210
240 0.1563298334649957 -0.2133417273916945 0.9015699157889734 76 55 48 0.32 8 154 350 97 420 125 426 211 514 46
241 0.09246779488027501 -0.2119970980777891 0.8464442576171272 82 61 54 0.36 8 155 350 98 386 82 420 126 421 119 426 212 485 73
242 0.1169342527736995 -0.2061405356830469 0.8642238829572215 65 50 45 0.15 8 156 420 127 421 120 426 213 485 74
243 0.1336525396343382 -0.2040898982993246 0.876178291824169 98 77 65 0.17 8 157 350 99 421 121 426 214
244 0.1363158654802232 -0.2030561965056827 0.8797726722693804 129 106 84 0.5 8 158 90 110 350 100 421 122 425 127 426 215 485 75
245 0.1415119478560877 -0.2000130089978247 0.8840459662403419 79 53 43 0.2 8 159 37 60 420 128 421 123 426 216 485 76
246 0.1697783576126117 -0.1936054463013567 0.9075050908690916 181 199 219 0.44 8 160 90 111 281 129 421 124 425 128 426 217 485 77
247 0.1024736853472273 -0.1918409851653789 0.8492779989035257 89 63 48 0.19 8 161 60 62 90 112 350 101 421 125 425 129 426 218 479 46 485 78
248 0.1728948892778782 -0.1800597113851248 0.9032838573487438 200 211 225 0.42 8 162 90 113 189 82 281 130 350 102 426 219 485 79
249 0.1503713616320351 -0.1655251405943683 0.881647443562583 88 68 53 0.25 8 163 60 63 90 114 350 103 386 83 420 129 421 126 425 130 426 220 479 47 485 80
250 0.1580760363525773 -0.1610700923274435 0.8831132320367328 129 109 88 0.14 8 164 60 64 90 115 281 131 350 104 420 130 421 127 425 131 426 221
251 0.1577308003719803 -0.1482895941553874 0.8786643904870908 154 124 94 0.16 8 165 37 61 281 132 350 105 420 131 421 128 426 222 485 81
252 0.18012941424836 -0.1417424959337951 0.9008300337080906 128 130 134 0.46 8 166 90 116 211 92 281 133 350 106 421 129 426 223
253 0.08263188262320098 -0.161560549220231 0.8202524393437201 139 109 77 0.17 8 167 60 65 281 134 350 107 426 224
254 0.1217610643847543 -0.1504161363991409 0.8502419961317442 70 52 43 0.45 8 168 37 62 225 8 314 38 420 132 421 130 423 69 426 225 479 48 506 67
255 0.1456777133796788 -0.1454709909536891 0.8681643220599027 155 119 84 0.48 8 169 37 63 60 66 281 135 350 108 386 84 420 133 426 226
256 0.1481000788618847 -0.1431098653060233 0.8696133435372284 74 54 41 0.26 8 170 350 109 425 132 426 227 479 49 485 82
257 0.159436535753262 -0.1402987949567154 0.8798510540064095 79 66 62 0.13 8 171 90 117 189 83 350 110 421 131 425 133 426 228
258 0.1711344377163213 -0.1387029798525242 0.887569828994649 148 129 104 0.37 8 172 90 118 350 111 420 134 423 70 425 134 426 229 485 83
259 0.0687277997888287 -0.1520733708905945 0.8151317249184609 199 202 204 0.27 8 173 211 93 350 112 426 230
260 0.07885544831302604 -0.1439604552277499 0.8100560587591095 146 117 92 0.19 8 174 281 136 350 113 421 132 426 231
261 0.1034496873479517 -0.1377895654968196 0.8279876182651111 120 92 71 0.3 8 175 37 64 225 9 281 137 350 114 420 135 421 133 426 232
262 0.1034721683347006 -0.1376369377722269 0.8279658439838398 132 97 70 0.13 8 176 60 67 350 115 426 233
263 0.1131001632330243 -0.1354213624054441 0.8328632826695976 159 118 82 0.25 8 177 37 65 60 68 90 119 281 138 350 116 420 136 421 134 425 135 426 234 514 47
264 0.135622865636711 -0.1274599427142214 0.8470545095078921 175 151 118 0.19 8 178 60 69 281 139 420 137 421 135 426 235 485 84
265 0.139917987878901 -0.1287762314330289 0.8526695572845286 119 96 72 0.46 8 179 60 70 211 94 386 85 420 138 421 136 425 136 426 236 485 85
266 0.1528695344564222 -0.1254071657272414 0.8639947361102014 144 114 84 0.2 8 180 60 71 90 120 208 83 211 95 350 117 421 137 425 137 426 237 485 86
267 0.1643290808028667 -0.1222992889603549 0.8733234609263567 140 113 86 0.3 8 181 60 72 281 140 350 118 420 139 421 138 426 238
268 0.7871616937455661 0.008499927786844184 -0.06273549052249483 132 105 72 0.21 8 182 208 84 281 141
269 0.7876321500786103 0.00903528880801107 -0.06302986782769449 77 63 52 0.13 8 183 281 142 426 239
270 0.7924632506562721 0.008906175481144592 -0.05786806382740528 67 54 39 0.22 8 184 281 143 426 240
271 0.7930174138073872 0.009298723606900365 -0.05693992299242978 37 31 28 0.22 8 185 281 144 426 241
272 0.7873632284835982 0.01368169523145105 -0.06242129373326866 84 58 44 0.23 8 186 281 145 350 119
273 0.7888795847892784 0.01180823486969124 -0.0611479294299041 124 104 77 0.14 8 187 281 146 426 242
274 0.7912190816208103 0.01188440884690993 -0.05911961893267348 39 28 20 0.15 8 188 281 147 426 243
275 0.8282549840604464 0.02148452593862119 -0.0313396856689907 153 126 89 0.2 208 85 211 96 281 148
276 0.7285110517914939 0.004618743475172923 -0.07897121243265648 99 71 48 0.4 8 189 19 1 20 2
277 0.7705733768785515 0.01537266016357188 -0.07145265207579332 82 56 37 0.44 8 190 211 97 281 149
278 0.780230318629998 0.03214759058676292 -0.07000915436217181 152 129 96 0.14 8 191 208 86 281 150
279 0.780230318629998 0.03214759058676292 -0.07000915436217181 152 129 96 0.14 8 192 208 87 281 151
280 0.7817445902283389 0.03233822481757524 -0.07061250701299382 132 112 86 0.24 8 193 281 152 350 120
281 0.08815937081591696 -0.3022432536679104 0.8997455428855254 121 113 120 0.47 8 194 281 153 485 87 506 68
282 0.08656842060226566 -0.2767780857942085 0.890616351235261 144 127 94 0.23 8 195 211 98 281 154 485 88 506 69
283 0.100971242994859 -0.2745023821959861 0.8879456279433127 157 130 98 0.27 37 66 208 88 211 99 281 155 350 121 423 71 425 138 426 244 479 50 506 70
284 0.1292224597231639 -0.2586312075995869 0.8976778044319711 91 72 58 0.17 8 196 37 67 90 121 281 156 420 140 425 139 426 245
285 0.1285785205310452 -0.2551358042937723 0.8973603987551821 98 81 69 0.24 8 197 90 122 189 84 211 100 386 86 421 139 425 140 426 246 479 51
286 0.1437785351609577 -0.2584308061043317 0.9084789597130418 76 66 62 0.44 8 198 281 157 421 140 426 247
287 0.1449389021343191 -0.254767055001439 0.9260818239623272 154 145 125 0.33 8 199 211 101 281 158 426 248
288 0.1524364033202119 -0.2481039495516391 0.9165190188165926 188 201 214 0.7 8 200 211 102 386 87 426 249 485 89
289 0.09928630838593044 -0.2496043549084235 0.86432411484871 148 130 104 0.22 8 201 90 123 211 103 281 159 420 141 426 250
290 0.09560654637625099 -0.2491238938424568 0.8617304374556933 118 109 99 0.39 8 202 281 160 420 142 426 251
291 0.1196822389853182 -0.2497712925165582 0.8820179257582839 141 124 100 0.31 8 203 90 124 211 104 420 143 425 141 426 252
292 0.1120791651458782 -0.2417063695838742 0.8750241725132248 111 92 74 0.25 8 204 211 105 350 122 386 88 420 144 426 253
293 0.1294521865963896 -0.2377795760931341 0.8864078516730514 81 67 63 0.12 8 205 420 145 426 254
294 0.1327597188388145 -0.2370805247236561 0.888279376797692 83 67 55 0.24 8 206 37 68 90 125 420 146 421 141 426 255 506 71
295 0.1575607062455633 -0.2347561132831431 0.9101899206935182 144 135 118 0.27 8 207 90 126 281 161 386 89 420 147 426 256
296 0.114091093588479 -0.2336326516207098 0.870790830833702 148 129 102 0.16 8 208 189 85 211 106 281 162 350 123 386 90 421 142 425 142 426 257 479 52
297 0.1185735075756402 -0.2324538449910507 0.87294035168984 151 127 96 0.43 8 209 90 127 208 89 211 107 281 163 386 91 420 148 421 143 425 143 426 258 479 53 485 90 506 72
298 0.1255016017331696 -0.2310815951538924 0.8806510812271946 153 126 94 0.37 8 210 37 69 90 128 189 86 208 90 211 108 281 164 386 92 421 144 425 144 426 259 479 54 506 73
299 0.1311834989395225 -0.2206415780870993 0.8769853793163702 88 63 50 0.23 8 211 90 129 208 91 211 109 350 124 386 93 423 72 425 145 426 260 485 91
300 0.1363227029058962 -0.2278921064564055 0.8819391338643343 156 132 101 0.44 8 212 90 130 281 165 426 261
301 0.146365854659941 -0.2251248329352024 0.8959647072791646 144 125 96 0.22 8 213 90 131 189 87 211 110 281 166 350 125 386 94 421 145 425 146 426 262 485 92 506 74
302 0.06955070219936343 -0.2237168591557098 0.8694704540940554 103 78 65 0.29 8 214 208 92 211 111 281 167 426 263 485 93
303 0.09632331214155809 -0.2286046547749288 0.8544556779038375 76 57 47 0.22 8 215 90 132 350 126 421 146 485 94 506 75
304 0.1357326884105405 -0.2119897020601114 0.8773669556685266 129 105 80 0.21 8 216 90 133 386 95 425 147 426 264 514 48
305 0.09654579400023255 -0.2083610073601337 0.8518171475218062 103 72 59 0.35 8 217 37 70 281 168 314 39 350 127 420 149 421 147 426 265 479 55 485 95
306 0.1111672810885527 -0.1992225468189334 0.8570987956397684 157 132 100 0.24 8 218 90 134 189 88 208 93 211 112 281 169 421 148 423 73 425 148 426 266 479 56 485 96 506 76
307 0.1363536572866204 -0.2009921439553624 0.8788477646250621 86 65 52 0.43 8 219 90 135 208 94 350 128 386 96 421 149 425 149 426 267 479 57 514 49
308 0.08876822965053921 -0.1999033661218179 0.8392492634191628 144 128 109 0.08 189 89 211 113 420 150 426 268
309 0.1405451140717519 -0.1824675363803681 0.8773388615549609 76 60 51 0.24 8 220 350 129 386 97 420 151 421 150 426 269 479 58
310 0.1671543713299611 -0.172298821094364 0.8991330189646332 94 73 55 0.24 8 221 90 136 211 114 421 151 425 150 426 270
311 0.1337040106717776 -0.1650518683771492 0.8633968394203013 62 49 46 0.24 8 222 60 73 90 137 281 170 350 130 420 152 421 152 425 151 426 271
312 0.1443749640579904 -0.1627781253192421 0.8729841373960763 63 50 44 0.31 8 223 37 71 90 138 350 131 386 98 420 153 421 153 426 272 506 77
313 0.1569709193315417 -0.1596343062742367 0.8835256443863544 74 66 61 0.2 8 224 90 139 189 90 420 154 421 154 425 152 426 273
314 0.1129411624901842 -0.1538564731803852 0.8419606575540672 151 122 88 0.21 8 225 60 74 90 140 189 91 211 115 281 171 386 99 421 155 425 153 426 274 479 59 485 97 506 78
315 0.1161776254552762 -0.153029904130016 0.845319349379928 148 119 86 0.26 8 226 60 75 90 141 189 92 281 172 421 156 425 154 426 275 485 98
316 0.07872832822558484 -0.1422804696531663 0.8085064912710718 84 56 36 0.35 8 227 60 76 90 142 386 100 514 50
317 0.09150830626812367 -0.1405799358450992 0.8187491512755316 143 121 95 0.31 8 228 90 143 189 93 208 95 281 173 420 155 421 157 425 155 426 276
318 0.1220879318921315 -0.1371122196078243 0.8426974563364793 153 128 94 0.49 8 229 60 77 90 144 189 94 208 96 211 116 225 10 281 174 386 101 420 156 421 158 423 74 425 156 426 277 479 60
319 0.151193534245845 -0.1240603006243215 0.8645680458244767 73 61 55 0.35 8 230 60 78 90 145 189 95 211 117 350 132 420 157 421 159 426 278
320 0.796407872306086 0.002296110342322112 -0.05351363555585253 154 115 75 0.55 8 231 208 97 211 118 281 175
321 0.7799277816030262 0.01500219867780171 -0.07096794330092371 99 73 55 0.48 8 232 19 2 211 119
322 0.7752502468584908 0.01851696461617888 -0.07606940906769988 130 109 79 0.11 8 233 208 98 211 120
323 0.7764149849575152 0.01903739693705861 -0.07499549079163803 63 48 42 0.11 8 234 281 176 350 133
324 0.777923739917359 0.01923096845851434 -0.07346383741601981 106 86 63 0.16 8 235 211 121 350 134
325 0.781942449749603 0.0204466989264222 -0.06904009590097371 80 64 49 0.18 8 236 281 177 350 135
326 0.8307671521362205 0.0322693795225228 -0.029724458328515 152 131 96 0.09 208 99 281 178 426 279
327 0.8356320661633613 0.03606206486247096 -0.02781153849044604 183 161 117 0.27 208 100 281 179 426 280
328 0.2720459128703083 -0.005738041136446482 0.4495925670402601 157 126 84 1.35 90 146 281 180 386 102
329 0.7809387373966633 0.03063382065526708 -0.06882678555938448 141 106 69 0.37 8 237 211 122 214 0 281 181
330 0.7802300179838668 0.03245586349053885 -0.06690331398952543 115 97 68 0.18 8 238 211 123 281 182
331 0.7456794888669516 0.02522586368042793 -0.09458110271179188 140 119 86 0.51 8 239 208 101 211 124
332 0.8344104452819419 0.045577924128787 -0.02849936031135381 78 62 35 0.35 8 240 208 102 211 125
333 0.1432750925650415 -0.2847147727047313 0.9340849208921804 186 200 211 0.15 211 126 350 136 426 281
334 0.1459258747663317 -0.2846749983108156 0.9413778111620112 99 93 91 0.25 208 103 211 127 281 183 350 137 425 157 426 282
335 0.1503968873512268 -0.2604760256687668 0.9287088265885448 154 168 189 1.53 8 241 420 158 423 75 425 158 485 99
336 0.09779200732789395 -0.2662586530857382 0.8791811838939378 154 137 107 0.47 8 242 208 104 211 128 281 184 426 283
337 0.1008805029178085 -0.2586658311881078 0.8781495458142632 108 90 75 0.35 8 243 208 105 211 129 281 185 350 138 426 284
338 0.1404258840088639 -0.2549733643952706 0.9358758364195348 85 92 102 0.27 8 244 211 130 281 186 426 285
339 0.1088785370032289 -0.2426132603387177 0.8708848077733453 80 63 55 0.25 8 245 90 147 189 96 211 131 350 139 386 103 423 76 425 159 426 286 506 79 514 51 521 33
340 0.1114646343838908 -0.2508637570120864 0.8743376959458034 153 133 104 0.25 8 246 90 148 189 97 208 106 211 132 421 160 425 160 485 100
341 0.1105606758785772 -0.2470143281869697 0.8733374816246282 160 142 112 0.18 8 247 90 149 189 98 208 107 281 187 420 159 423 77 425 161 426 287 514 52
342 0.1418741938468192 -0.2389351610724729 0.8959380016425129 157 145 120 0.32 8 248 37 72 90 150 211 133 281 188 420 160 425 162 426 288
343 0.1469936731102195 -0.2398760282892758 0.9036951726719962 69 58 49 0.34 8 249 37 73 281 189 386 104 420 161 426 289 485 101 506 80
344 0.1205007390132538 -0.229964007016061 0.8765025988035353 90 68 54 0.19 8 250 90 151 189 99 208 108 211 134 350 140 421 161 423 78 425 163 426 290 479 61 485 102 514 53
345 0.1398704955533079 -0.2249337553233829 0.891671667804157 92 68 54 0.2 8 251 90 152 189 100 211 135 386 105 420 162 421 162 423 79 425 164 426 291 479 62 485 103 506 81 514 54
346 0.1588732254767889 -0.2220207383239993 0.906627120722141 142 125 104 0.5 8 252 189 101 211 136 281 190 386 106 420 163 421 163 426 292 485 104
347 0.1611345648783005 -0.2199900021545007 0.9111947033409065 100 85 83 0.45 8 253 90 153 189 102 208 109 211 137 281 191 420 164 423 80 425 165 426 293 485 105 506 82 521 34
348 0.07389382056748228 -0.232095314093179 0.8712888371590739 204 213 217 0.18 8 254 211 138 281 192 350 141 426 294
349 0.06521173183838236 -0.2343560898513238 0.8823219525029486 204 211 217 0.54 8 255 350 142 425 166 426 295
350 0.1121202267096794 -0.2167900485582865 0.8640855337475692 154 128 102 0.5 8 256 90 154 189 103 208 110 211 139 314 40 350 143 420 165 421 164 425 167 426 296 479 63 506 83
351 0.1173408305277492 -0.2105304655988053 0.8644478113688754 155 131 102 0.17 8 257 90 155 189 104 208 111 211 140 281 193 350 144 386 107 421 165 425 168 426 297 506 84
352 0.1385324778038767 -0.2075781702228214 0.8816940094373937 79 59 50 0.41 8 258 90 156 189 105 211 141 386 108 421 166 423 81 425 169 426 298 479 64 485 106 514 55
353 0.1417825849564598 -0.2067477989481615 0.8863462716384138 100 70 55 0.17 8 259 90 157 189 106 208 112 211 142 281 194 350 145 386 109 421 167 423 82 425 170 426 299 479 65 514 56
354 0.0934080891123108 -0.2132402233155605 0.8493575538182243 89 72 64 0.21 8 260 208 113 211 143 420 166 426 300
355 0.1081527833618023 -0.2094729064102908 0.8592353085080038 82 58 48 0.53 8 261 208 114 281 195 426 301 485 107
356 0.1354938195759117 -0.1929536416667961 0.8728546103625827 132 104 88 0.25 8 262 189 107 350 146 426 302
357 0.1648778396528381 -0.1880646419278083 0.913929561509305 209 224 239 1.21 8 263 350 147 426 303
358 0.1210818085032466 -0.1916056387607339 0.8629532719218267 154 129 99 0.4 8 264 60 79 208 115 211 144 314 41 350 148 423 83 426 304
359 0.1355093885098505 -0.188912285668164 0.8672260512856849 126 106 90 0.44 8 265 189 108 314 42 350 149 420 167 426 305 479 66
360 0.1372996646914806 -0.1901837923402223 0.8683857248015867 86 68 59 0.41 8 266 60 80 189 109 211 145 386 110 423 84 425 171 426 306 521 35
361 0.1366436550745649 -0.1903835931154776 0.8692823788575648 75 64 58 0.27 8 267 189 110 386 111 426 307 506 85
362 0.1438254142091342 -0.1789162402320766 0.8809531907752022 112 87 62 0.29 8 268 60 81 90 158 281 196 386 112 425 172 426 308 479 67
363 0.1669976377935034 -0.1818207299825657 0.8980479175506575 87 69 59 0.44 8 269 90 159 189 111 208 116 211 146 281 197 420 168 421 168 425 173 426 309 479 68 514 57
364 0.08268515802968168 -0.1648869322545283 0.8193762673501181 155 131 102 0.25 8 270 60 82 90 160 189 112 208 117 211 147 281 198 386 113 426 310
365 0.1060925258375344 -0.1644311312541653 0.8399884244966926 148 123 92 0.38 8 271 60 83 90 161 189 113 208 118 211 148 386 114 421 169 423 85 425 174 426 311 479 69 485 108 506 86 514 58
366 0.1098612668482065 -0.163551309170081 0.8419635100440557 148 123 92 0.27 8 272 60 84 90 162 189 114 208 119 211 149 281 199 350 150 386 115 421 170 423 86 425 175 426 312 479 70 485 109 514 59 521 36
367 0.1346353817163262 -0.1592391950408725 0.8628318987429919 97 74 60 0.22 8 273 60 85 90 163 211 150 281 200 350 151 386 116 420 169 421 171 425 176 426 313 479 71 485 110 506 87
368 0.1554802077358222 -0.1516917222565272 0.8774494241179731 148 121 90 0.37 8 274 37 74 60 86 90 164 189 115 208 120 211 151 281 201 420 170 421 172 423 87 425 177 426 314 479 72 506 88
369 0.1775836730464981 -0.1409284853885965 0.8948105443221903 172 150 112 0.28 8 275 90 165 189 116 208 121 211 152 420 171 421 173 425 178 426 315 485 111 506 89 514 60
370 0.1277702324084719 -0.1396282436143559 0.8454742195016471 104 86 67 0.53 8 276 60 87 189 117 386 117 423 88 426 316 506 90
371 0.1634671484960881 -0.1310510754460691 0.8765862966200642 141 120 95 0.22 8 277 37 75 90 166 189 118 211 153 281 202 350 152 420 172 421 174 425 179 426 317 506 91
372 0.1824681436196046 -0.1210866234926598 0.8907273489476406 175 149 114 0.25 8 278 60 88 90 167 189 119 208 122 211 154 420 173 423 89 425 180 426 318 485 112 506 92 514 61
373 0.07499226587758479 -0.1293581306509594 0.7999209263716256 161 135 101 0.22 90 168 189 120 208 123 281 203 420 174 421 175 425 181 426 319 506 93 514 62
374 0.8066186856935547 0.007479469282333756 -0.04475724460141695 133 109 77 0.27 8 279 281 204 426 320
375 0.7936321127916259 0.0121221949264293 -0.05565536650195935 117 100 75 0.61 8 280 281 205 350 153
376 0.7882782624179197 0.01346430545298511 -0.04914913596056125 71 54 33 0.35 8 281 211 155 281 206
377 0.8279419693978262 0.02209313130822074 -0.03128636913087934 87 66 37 0.29 208 124 211 156 281 207
378 0.833487625351759 0.02400468011447308 -0.02762119861387302 192 167 115 0.23 208 125 211 157 281 208
379 0.7640186487945533 0.01251205255914205 -0.08156128403170881 141 110 72 0.12 20 3 350 154 426 321
380 0.7695959097958771 0.01711239894902269 -0.07686260318531279 130 100 65 0.23 8 282 208 126 211 158
381 0.7727604458745787 0.01483437259964442 -0.07544776845598655 153 125 81 0.28 8 283 208 127 211 159
382 0.7736549851993634 0.01491739844400922 -0.07512920327347283 141 107 74 0.19 20 4 350 155 426 322
383 0.7792708685685916 0.01911143812836927 -0.07692310350718046 145 126 95 0.32 8 284 211 160 281 209
384 0.8181495668655913 0.02404632639736564 -0.06540942356496937 64 47 39 1.06 8 285 17 1 20 5
385 0.8294741439048163 0.031579564967663 -0.03024212069838428 165 139 101 0.18 8 286 211 161 214 1
386 0.8359911483266397 0.03165617288615734 -0.02569892561474241 194 158 100 0.18 208 128 211 162 281 210
387 0.7802815961801886 0.02283061305059073 -0.06886768551105449 133 107 80 0.23 8 287 211 163 281 211 350 156
388 0.8296838405728038 0.0328901107188639 -0.03010166598509834 70 53 29 0.19 208 129 211 164 281 212
389 0.7797191973884287 0.02651994383924603 -0.07054715749922502 62 48 38 0.59 8 288 17 2 20 6
390 0.7820959331296533 0.02537547878587359 -0.06867397820317855 75 52 38 0.07 8 289 281 213 350 157
391 0.7821933934003477 0.02537483044103091 -0.06876706636025609 67 51 40 0.32 8 290 17 3 20 7 281 214
392 0.7812829646483369 0.02702357560870738 -0.06867219198097685 73 58 35 0.52 8 291 208 130 211 165 281 215 423 90
393 0.7815861781428205 0.02726461493010826 -0.0666569300986346 71 52 34 0.4 8 292 211 166 281 216 350 158
394 0.7837769336956109 0.02576534498248975 -0.06716000744506223 65 45 29 0.17 8 293 281 217 350 159
395 0.7837769336956109 0.02576534498248975 -0.06716000744506223 65 45 29 0.17 8 294 281 218 350 160
396 0.8356729179582458 0.04067909909102914 -0.02710327150944847 88 67 44 0.24 8 295 208 131 211 167
397 0.7750056805338872 0.02775933764609863 -0.07416964019531558 137 106 69 0.15 8 296 208 132 211 168
398 0.7759361708283391 0.02907062789225699 -0.07354800217609037 128 104 72 0.22 8 297 208 133 211 169
399 0.7764912937228771 0.0288829920447386 -0.07298804643439483 49 32 16 0.27 208 134 211 170 214 2 423 91 513 15
400 0.7760916451798825 0.03024902474634573 -0.0728991132440634 70 52 27 0.06 8 298 208 135 211 171
401 0.7764930873638823 0.02962939053114479 -0.07219739914734125 124 88 56 0.2 8 299 208 136 211 172
402 0.8313841582652575 0.0443662419725534 -0.02982198487702215 131 108 73 0.39 208 137 281 219 521 37
403 0.7743494718337629 0.03309688550411928 -0.07521171861037279 129 111 83 0.17 8 300 208 138 211 173
404 0.7758686997093978 0.03349414081746165 -0.07259963868516239 119 102 79 0.46 8 301 208 139 211 174
405 0.1000769568143686 -0.2947470301827825 0.8842522617420583 191 204 210 1.1 208 140 211 175 281 220 350 161 420 175 426 323
406 0.146802718592649 -0.2871813312053252 0.9444397422530568 187 201 213 0.5 208 141 211 176 281 221 350 162 425 182 426 324
407 0.1462257069315201 -0.2634820394978704 0.9326491767893097 100 97 103 0.66 8 302 211 177 281 222 425 183 485 113
408 0.1159643126741945 -0.239114018422511 0.8772828336371703 161 134 98 0.28 8 303 37 76 90 169 189 121 208 142 211 178 386 118 420 176 423 92 425 184 426 325 506 94 514 63
409 0.1392088603536731 -0.2327132675869382 0.895265910131793 166 138 102 0.32 8 304 37 77 90 170 208 143 281 223 350 163 386 119 420 177 423 93 425 185 426 326 479 73 514 64
410 0.1130341086779882 -0.2313753711485958 0.8713717044980422 62 54 55 0.36 8 305 420 178 426 327
411 0.1130341086779882 -0.2313753711485958 0.8713717044980422 62 54 55 0.36 8 306 420 179 426 328
412 0.1558757161474396 -0.2170965425392435 0.9015870492460898 165 136 104 0.51 8 307 90 171 189 122 208 144 211 179 281 224 350 164 386 120 420 180 421 176 425 186 426 329 485 114
413 0.1114606108316788 -0.2143990311153866 0.8640361635890783 90 64 55 0.24 8 308 90 172 189 123 208 145 211 180 350 165 421 177 423 94 425 187 426 330 514 65
414 0.1115696306395668 -0.2143891139033104 0.863982757081434 87 62 52 0.24 8 309 90 173 189 124 208 146 211 181 281 225 350 166 386 121 420 181 423 95 425 188 426 331 479 74 514 66 521 38
415 0.118589250890186 -0.2129829632602678 0.8709826389332689 90 63 50 0.41 8 310 90 174 189 125 208 147 211 182 350 167 386 122 421 178 423 96 425 189 426 332 479 75 485 115 514 67 521 39
416 0.1225003294629227 -0.2084083256599604 0.8699934846225186 160 131 95 0.36 8 311 90 175 189 126 208 148 211 183 281 226 350 168 386 123 421 179 423 97 425 190 426 333 479 76 506 95 514 68 521 40
417 0.1410342792800418 -0.2150472839506999 0.8901828492642789 165 130 90 0.28 8 312 37 78 90 176 189 127 208 149 211 184 281 227 386 124 420 182 421 180 423 98 425 191 426 334 479 77 514 69
418 0.1350146220404721 -0.2083818143723457 0.8781724954847632 55 47 47 0.19 8 313 90 177 189 128 208 150 211 185 281 228 314 43 350 169 386 125 421 181 423 99 425 192 426 335 485 116 513 16 514 70
419 0.1357748589781655 -0.2051471922089317 0.8800046789949199 163 135 104 0.37 8 314 90 178 189 129 208 151 211 186 281 229 314 44 350 170 386 126 421 182 423 100 425 193 426 336 479 78 485 117 514 71 521 41
420 0.145285132375697 -0.2055839506443723 0.8899083256920564 77 57 49 0.4 8 315 90 179 189 130 208 152 211 187 314 45 350 171 386 127 423 101 425 194 426 337 485 118 514 72
421 0.1453171625390678 -0.2055845205549698 0.8898562736021287 75 56 48 0.39 8 316 90 180 189 131 208 153 211 188 314 46 350 172 386 128 423 102 425 195 426 338 485 119 506 96 514 73
422 0.1587726208533364 -0.210681639866084 0.9198748438218585 179 191 199 0.31 8 317 211 189 281 230 426 339
423 0.1483896866283836 -0.2119283624092202 0.9385186844077331 93 86 82 0.42 8 318 208 154 211 190 281 231 350 173 426 340
424 0.05643133693412794 -0.2173335272836744 0.8788121518368792 102 76 62 0.87 8 319 37 79 208 155 211 191 281 232 485 120
425 0.1415775272153523 -0.1908221909785121 0.8792150257308413 144 123 93 0.22 8 320 37 80 90 181 189 132 208 156 211 192 281 233 350 174 386 129 420 183 421 183 423 103 425 196 426 341 479 79 485 121 506 97 514 74 521 42
426 0.05954060057387511 -0.1972726293561714 0.8563817162648131 113 95 80 0.51 8 321 211 193 426 342
427 0.05253668720635452 -0.1989007580678734 0.8652912429519326 137 112 92 0.36 208 157 211 194 350 175 426 343
428 0.06192819077481393 -0.1987711598948873 0.8586725331082514 205 214 222 0.46 8 322 211 195 281 234 350 176 426 344 485 122
429 0.04580329641558678 -0.2025682313645366 0.8783477331746978 219 222 224 0.49 8 323 214 3 281 235
430 0.1403583439627893 -0.1859011920680508 0.8780315483587335 158 138 108 0.37 8 324 90 182 189 133 208 158 211 196 350 177 421 184 423 104 425 197 426 345
431 0.0870777467830145 -0.1792092037927928 0.830949716254112 92 69 52 0.28 8 325 60 89 90 183 208 159 211 197 386 130
432 0.09695950377814122 -0.1823703684180145 0.8377459950722972 82 58 46 0.25 8 326 60 90 90 184 189 134 208 160 281 236 314 47 386 131 421 185 423 105 425 198 479 80 485 123 506 98 514 75 521 43
433 0.08712074840864081 -0.1492939474205051 0.7967680592000543 91 73 60 0.89 8 327 211 198 426 346
434 0.07780788241556114 -0.1477743233807081 0.810798124476914 169 141 103 0.3 8 328 90 185 189 135 208 161 211 199 281 237 350 178 386 132 426 347 514 76
435 0.0844745911362581 -0.1489347591776003 0.8159610480777313 91 69 57 0.49 8 329 37 81 90 186 189 136 208 162 350 179 386 133 420 184 423 106 425 199 426 348 479 81
436 0.1417260560832514 -0.1344232587389062 0.857874033639864 72 59 51 0.32 8 330 60 91 90 187 189 137 208 163 211 200 386 134 420 185 421 186 423 107 425 200 426 349
437 0.1401298147603166 -0.129667945921682 0.8554139617619843 64 54 52 0.45 8 331 189 138 225 11 350 180 386 135 426 350
438 0.1468882056561954 -0.1329539649541903 0.8606458615125718 95 66 49 0.44 8 332 37 82 60 92 90 188 189 139 208 164 211 201 350 181 386 136 420 186 421 187 423 108 425 201 426 351 479 82 485 124
439 0.1770376723110229 -0.12483692156983 0.8841108114700753 93 76 63 0.48 8 333 90 189 189 140 208 165 211 202 420 187 423 109 425 202 426 352
440 0.1834076749008919 -0.123857261923801 0.8949243075870479 98 83 75 0.53 8 334 37 83 189 141 211 203 350 182 421 188 426 353 506 99 521 44
441 0.7940422127379223 0.008833834891591799 -0.05605867379701768 116 100 82 0.25 8 335 211 204 281 238
442 0.8453007370536803 0.02034228736206115 -0.01709195133509489 179 152 107 0.31 208 166 281 239 426 354
443 0.7901836512410632 0.01162579649134504 -0.06068319968489122 120 92 64 0.19 8 336 211 205 350 183
444 0.7970298181767977 0.01569168585319904 -0.05338269327776446 64 33 32 0.58 8 337 17 4 19 3 20 8 281 240
445 0.8108586900041665 0.01808500073330232 -0.04339734418548213 190 176 143 0.81 8 338 211 206 281 241
446 0.8108552573157755 0.01812299533538427 -0.04339400864205933 194 182 147 0.77 8 339 208 167 211 207 281 242
447 0.8001459381432168 0.01752986015104845 -0.05245888679860056 141 121 103 0.46 8 340 281 243 350 184
448 0.8354362858939038 0.03039675271874828 -0.02621041612722108 113 86 57 0.28 8 341 208 168 211 208
449 0.849500125409129 0.03355751250039671 -0.01926511191136759 132 104 76 0.37 8 342 20 9 211 209
450 0.7797202266852097 0.02346016702601597 -0.070379095238983 57 47 39 0.42 8 343 17 5 20 10
451 0.7510800308829652 0.01854735445336072 -0.02637018689365656 36 26 20 1.42 8 344 211 210 281 244 521 45
452 0.8343748924238391 0.04020351147414188 -0.02941509385874352 60 48 35 0.33 8 345 17 6 20 11 211 211
453 0.8343990669551197 0.03947426773832244 -0.02825526790412258 125 106 74 0.31 8 346 208 169 211 212 423 110
454 0.1108668906538079 -0.3135164515353028 0.9074923762532077 139 109 92 1.51 8 347 314 48 485 125 506 100
455 0.1178595862851459 -0.2695564347179012 0.8913159793248795 70 51 48 0.52 208 170 423 111 425 203 426 355 479 83 513 17 521 46
456 0.1527930114605374 -0.2552580567933084 0.9189057990446452 95 93 93 0.87 90 190 208 171 211 213 281 245 350 185 426 356
457 0.1137162998386358 -0.2479523794014307 0.8759033172513884 88 67 56 0.74 8 348 90 191 208 172 211 214 281 246 350 186 420 188 425 204 426 357 506 101 514 77
458 0.1273597032708575 -0.2486457121462541 0.8897123880501954 167 148 115 0.27 8 349 37 84 90 192 189 142 208 173 281 247 386 137 420 189 421 189 423 112 425 205 479 84 485 126 514 78 521 47
459 0.1527019727860753 -0.2354512956330623 0.905263997265767 159 142 109 0.43 8 350 90 193 189 143 208 174 211 215 281 248 350 187 386 138 421 190 423 113 425 206 426 358 479 85 485 127 506 102 514 79 521 48
460 0.1549262628013418 -0.2337390506681285 0.9077008335657453 75 70 65 0.42 8 351 90 194 189 144 281 249 386 139 421 191 423 114 425 207 426 359 485 128 521 49
461 0.1086990850676348 -0.2291146528167864 0.8655655119209766 165 137 104 0.34 8 352 37 85 90 195 189 145 208 175 211 216 281 250 314 49 386 140 420 190 421 192 479 86 485 129 506 103 514 80
462 0.06505687213796207 -0.2337145918205774 0.8772754544511783 130 106 88 0.46 8 353 211 217 281 251 350 188 425 208 426 360
463 0.1228097616973287 -0.2143122285779778 0.869193052305572 157 127 97 0.43 8 354 37 86 90 196 189 146 281 252 314 50 386 141 421 193 425 209 426 361 479 87 485 130 506 104 513 18
464 0.1246595481029175 -0.2111066694384147 0.8717598014919421 69 51 44 0.15 8 355 90 197 189 147 208 176 211 218 281 253 350 189 386 142 421 194 423 115 425 210 426 362 479 88 485 131 506 105 521 50
465 0.1627358352134467 -0.2007024656416895 0.9016695078664145 91 68 59 0.43 8 356 90 198 189 148 208 177 211 219 281 254 314 51 350 190 421 195 423 116 425 211 426 363 485 132 514 81
466 0.06712677916990129 -0.1392750826497758 0.8010242068669589 145 111 88 0.48 8 357 211 220 281 255 350 191 426 364
467 0.06393657265291142 -0.1397582624520967 0.8048277727678803 148 112 87 0.53 8 358 208 178 211 221 281 256 350 192 426 365
468 0.8242477155238394 0.0125653373895273 -0.0313559952154101 155 112 64 0.19 8 359 208 179 211 222 513 19
469 0.788073220197421 0.008397920218721863 -0.06223545315282464 112 86 57 0.29 8 360 208 180 211 223 281 257 350 193 423 117 513 20
470 0.7923734186560916 0.01046570686172565 -0.05644362442310036 38 33 30 0.3 8 361 211 224 281 258 350 194
471 0.8491271803388362 0.02257521146506328 -0.01674605072048529 75 72 66 0.64 8 362 20 12 211 225
472 0.7963263901821716 0.01196665009888305 -0.05439681054741841 204 198 178 0.84 8 363 208 181 281 259 513 21
473 0.8137780078553197 0.01694977019580846 -0.06812618270915738 148 133 118 1.05 8 364 17 7 281 260
474 0.807365753555725 0.01823402166725156 -0.04562145410052665 94 29 29 0.3 8 365 281 261 513 22
475 0.8126137443161332 0.01833347652013775 -0.04199798646671793 144 130 109 0.47 8 366 281 262 521 51
476 0.8252770160542412 0.02271184063465899 -0.03065555811910947 29 19 13 0.05 211 226 281 263 513 23
477 0.7786562610585888 0.01448032662574621 -0.07063910479432867 54 40 34 0.42 8 367 17 8 19 4 20 13
478 0.8158979980659781 0.02389632957355736 -0.04039467245936201 87 74 67 0.3 8 368 17 9 20 14
479 0.7506514953636109 0.008881771604898281 -0.09143932511163777 140 111 69 0.41 8 369 20 15 423 118 513 24 521 52
480 0.7724089102180507 0.01707237455130782 -0.07472750280462048 159 121 74 0.27 8 370 208 182 211 227 214 4 423 119 513 25 521 53
481 0.7998532671794777 0.02114866465127763 -0.05127967485449014 78 24 21 0.49 143 1 423 120 426 366 513 26
482 0.8125708725544002 0.0242330541597789 -0.04168779077735663 103 35 36 0.54 143 2 281 264 426 367 513 27
483 0.8158624654737964 0.02605834520643737 -0.03819493521515172 150 132 112 0.33 143 3 281 265 426 368
484 0.751329753160864 0.01315803284510595 -0.08986324142720625 37 29 20 0.26 8 371 208 183 211 228 423 121
485 0.8327044272655452 0.03681054461060054 -0.02912538084004768 103 70 36 0.25 281 266 423 122 426 369 513 28
486 0.7749086262076561 0.02465512336640907 -0.07375450759776614 146 120 86 0.17 8 372 208 184 211 229 214 5 423 123
487 0.7748684159479189 0.02596293669540206 -0.07394231023782782 144 92 41 0.32 143 4 208 185 214 6 350 195 423 124 513 29
488 0.7798247018824859 0.02562175433052298 -0.07020861435529913 128 106 76 0.17 8 373 208 186 211 230
489 0.7822515669493767 0.0263144573693537 -0.06828535484924814 148 122 84 0.24 8 374 208 187 211 231 281 267 513 30
490 0.7830754243699808 0.02651164594406554 -0.06709213586344676 150 125 87 0.62 143 5 208 188 281 268 513 31 521 54
491 0.09002404533030761 -0.2454439209593584 0.8628918089426016 185 192 194 1.12 8 375 208 189 211 232
492 0.1121880530362054 -0.2309665513149841 0.869176253351899 88 67 56 0.37 8 376 90 199 189 149 208 190 211 233 350 196 386 143 421 196 423 125 425 212 426 370 485 133 506 106
493 0.1151141948241421 -0.1953220259136503 0.8588694588867904 86 62 50 0.57 8 377 37 87 90 200 189 150 208 191 281 269 314 52 420 191 421 197 423 126 425 213 426 371 479 89 485 134 506 107 513 32 514 82
494 0.1522110835963456 -0.1856135671507839 0.8871691984558079 73 49 42 0.46 8 378 281 270 314 53 426 372 479 90 485 135 506 108 514 83 521 55
495 0.1703175246474504 -0.167817296575295 0.8975483499476147 171 136 98 0.6 8 379 208 192 211 234 281 271 426 373 479 91 513 33 514 84
496 0.05836940617830388 -0.1434909663552918 0.8179235587197367 183 198 211 0.26 8 380 211 235 426 374
497 0.8231246539936375 0.01806495194488097 -0.03333662403754012 161 132 94 0.21 208 193 211 236 281 272
498 0.8007008631744501 0.01436504319736599 -0.05059468519220356 94 33 22 0.59 143 6 208 194 423 127 426 375 513 34
499 0.798992341600294 0.02002281525880412 -0.05192495612408754 174 162 144 0.5 8 381 211 237 513 35
500 0.8119108342057095 0.02328895587926141 -0.04259063942673369 199 188 156 0.52 8 382 208 195 211 238 281 273 423 128 513 36
501 0.8118224977463392 0.02328644943948965 -0.04246642978739434 202 192 161 0.54 8 383 208 196 211 239 281 274 513 37
502 0.816550159228373 0.02312659631977539 -0.03910144891883016 120 30 31 0.39 8 384 281 275 513 38
503 0.7944014388713421 0.020515854365018 -0.0543333917258495 197 190 163 0.81 8 385 208 197 211 240 281 276 423 129 513 39
504 0.8065524653890118 0.02271405897154648 -0.04604836397584477 102 41 28 0.7 8 386 211 241 423 130 513 40
505 0.7796615271084655 0.02205467530759041 -0.06988022789044235 149 120 81 0.29 208 198 214 7 350 197 513 41
506 0.7874384302542431 0.02204181713878867 -0.06489848758203032 107 89 67 0.48 8 387 211 242 281 277 350 198
507 0.7864126428416128 0.02197742978290639 -0.06378569787446897 93 79 62 0.54 8 388 17 10 20 16 211 243 281 278
508 0.8279478583173686 0.03218269778046637 -0.02994504892324856 195 167 109 0.26 208 199 211 244 281 279
509 0.837281096222962 0.03533941131126261 -0.0257489293308929 151 128 89 0.31 8 389 208 200 211 245
510 0.8386310213848212 0.04035938982954873 -0.02552131241942901 161 122 71 0.55 8 390 208 201 211 246 423 131 513 42
511 0.8303878428609601 0.04315692350880609 -0.02857528873664061 39 30 22 1.79 208 202 281 280 423 132 521 56
512 0.0894910856148603 -0.3052644650982914 0.8994018267755786 179 197 213 0.47 8 391 208 203 314 54 506 109 521 57
513 0.1529176986088233 -0.2824085117960679 0.9285760395386986 124 128 129 0.61 90 201 350 199 426 376
514 0.1433872936536865 -0.2460149902920161 0.9112281830723306 140 126 101 0.42 8 392 350 200 423 133 425 214 426 377 479 92 513 43
515 0.1044742206643856 -0.2511876888097484 0.860291006334879 103 80 64 0.83 8 393 211 247 281 281 350 201
516 0.7955902570488202 0.01073558352846526 -0.05461202621830497 26 20 17 0.29 8 394 208 204 211 248 281 282 513 44
517 0.7940492154136968 0.01135931552567619 -0.05566051635432445 134 115 88 0.3 8 395 19 5 208 205 211 249 281 283 513 45
518 0.7943961473588476 0.01141155404777736 -0.05606542746427323 118 102 82 0.35 8 396 17 11 211 250 281 284
519 0.7989340618169322 0.01273118478247353 -0.05243022037073464 151 138 119 0.7 8 397 17 12 20 17 281 285
520 0.8143001457152342 0.01644916517510291 -0.04112915065941125 196 191 162 0.74 8 398 208 206 281 286 423 134 426 378 513 46
521 0.8133706213236832 0.01958021746363301 -0.04150386286296992 113 56 41 0.27 143 7 423 135 426 379 513 47 521 58
522 0.8278586737725081 0.02027615545903388 -0.03168083942591116 116 93 67 0.45 8 399 208 207 211 251
523 0.7880738023972472 0.0153780186015005 -0.06284683124386836 45 36 26 0.4 8 400 17 13 19 6 211 252 281 287
524 0.7953375786709652 0.01633903050904455 -0.05412574478650845 151 138 122 0.4 8 401 17 14 19 7 20 18 281 288
525 0.799808785347444 0.01878269308931153 -0.05094158685126415 95 22 25 0.16 143 8 426 380 513 48
526 0.8088564733708042 0.01965843027943323 -0.04536284027405413 139 124 110 0.65 8 402 17 15 19 8 20 19 281 289
527 0.7698033323896717 0.01654425202087388 -0.07666113842358269 147 113 67 0.35 8 403 208 208 211 253 423 136 513 49
528 0.7981283152719217 0.02146813664046256 -0.0517043696483187 152 142 125 0.7 8 404 17 16 20 20 281 290
529 0.801124742784822 0.02212752362929699 -0.0506855608449952 192 184 164 0.82 8 405 211 254 281 291 423 137 513 50
530 0.8076775686324449 0.02379884796810585 -0.04525604718463616 190 185 163 0.53 143 9 281 292 423 138 426 381 513 51 521 59
531 0.8111275615542757 0.02445419792010436 -0.04221927983843354 181 168 150 0.5 143 10 281 293 426 382 513 52
532 0.8136283236224433 0.02526350318073307 -0.04058717311181181 192 181 166 0.2 143 11 426 383 513 53
533 0.7678823679639025 0.02040920311858727 -0.07673057606094191 204 157 92 0.34 208 209 214 8 281 294 513 54
534 0.7677945497623087 0.02041547268542324 -0.07657150767572141 156 120 73 0.51 8 406 208 210 211 255 214 9 423 139 513 55 521 60
535 0.774925109840548 0.0322181940072199 -0.07393857907293566 152 125 89 0.54 143 12 208 211 214 10 281 295 513 56
536 0.09690324619852964 -0.3049733636737779 0.9023784879880332 122 103 79 0.44 8 407 208 212 211 256 521 61
537 0.8445839967148607 0.01296721119531653 -0.0166894825692373 103 83 60 0.51 8 408 208 213 211 257 423 140 521 62
538 0.8447021750320552 0.01299681578342873 -0.01679333753106971 92 76 57 0.37 8 409 211 258 423 141 521 63
539 0.791123830681194 0.01445929480991481 -0.06221383560885829 120 94 66 0.33 8 410 211 259 281 296 350 202
540 0.8309471405230038 0.02860324116970402 -0.02937837563768209 80 65 44 0.71 208 214 211 260 281 297 423 142 513 57 521 64
541 0.8305335069875786 0.02849744173014254 -0.02803334592629692 87 67 44 1.29 8 411 208 215 211 261 513 58
542 0.8286280562726198 0.0337975652157758 -0.02947231198718103 35 24 14 0.45 208 216 211 262 281 298 423 143 513 59
543 0.8288311473478843 0.0410505808257384 -0.02791886071086758 150 129 90 0.82 281 299 423 144 426 384 513 60
544 0.1383386590119192 -0.2508543367776421 0.9105639415695683 120 107 84 0.91 8 412 208 217 211 263 426 385 506 110 513 61 521 65
545 0.8158089082211613 0.009521269656657699 -0.03857987352169001 106 76 54 0.7 8 413 17 17 19 9 20 21 211 264
546 0.8251727833258754 0.01179848904462302 -0.0305967555272727 168 136 89 0.53 208 218 211 265 281 300 423 145 426 386 513 62 521 66
547 0.8496767715526458 0.02491975675627268 -0.01484412690307191 164 184 196 0.91 8 414 208 219 423 146 521 67
548 0.7860203801873359 0.01386155410822042 -0.06378173983893298 150 120 78 0.46 143 13 208 220 214 11 350 203 513 63
549 0.8335399280086361 0.02934950780896507 -0.02751326828388057 124 98 58 0.57 143 14 281 301 426 387 513 64
550 0.8460524352414285 0.03748749734664669 -0.01976562055434594 33 19 12 0.73 208 221 281 302 513 65
551 0.8402040425196792 0.03943211572177255 -0.02476439727814028 25 21 19 0.43 423 147 426 388 521 68
552 0.1012480639500066 -0.2469161324529928 0.8631444409509286 89 72 61 0.57 8 415 90 202 208 222 211 266 423 148 425 215 426 389
553 0.7936201695534985 0.00656720028298724 -0.05781359799005592 25 20 17 0.52 8 416 19 10 208 223 211 267 281 303 423 149 513 66
554 0.7914958338252276 0.0100464185414667 -0.05867164911305356 143 114 75 0.72 19 11 208 224 211 268 214 12 350 204 423 150 513 67
555 0.8240483304856325 0.01467488616290015 -0.02952124824134628 27 21 15 0.58 208 225 211 269 281 304 426 390 513 68
556 0.7968220297879308 0.0134066317459044 -0.05339680527671886 158 153 131 0.19 8 417 19 12 281 305 423 151 426 391 521 69
557 0.8033363073868525 0.01490944019416703 -0.04992971341873842 165 155 135 0.47 8 418 17 18 19 13 20 22 211 270 281 306
558 0.8156970041444519 0.01785127248331642 -0.04001069993238349 222 220 196 0.56 281 307 426 392 513 69
559 0.8214535095504277 0.01870348682833595 -0.02460531166558966 129 105 74 1.48 8 419 211 271 281 308
560 0.1707319852286828 -0.2191685625543878 0.909726095707968 199 213 228 0.98 8 420 211 272 350 205 426 393
561 0.05667792652533443 -0.2080903324234911 0.8642751084616311 168 189 210 1.17 211 273 350 206 423 152 425 216 426 394 521 70
562 0.8090675559891958 0.01663502835868853 -0.04491178845575527 188 181 157 0.85 8 421 19 14 208 226 211 274 281 309 423 153 513 70
563 0.8195323216608379 0.01901276843233472 -0.03607424469116505 179 180 160 1.08 143 15 281 310 423 154 426 395 513 71 521 71
564 0.8339819989204247 0.02182049748422826 -0.0283240147833419 83 71 56 0.5 17 19 19 15 20 23 211 275 281 311
565 0.7986965614393585 0.01692805660151851 -0.05199457444553079 103 48 42 0.91 19 16 143 16 208 227 214 13 350 207 513 72 521 72
566 0.8122429852442957 0.0200995468605215 -0.04370223799838657 77 31 31 0.28 8 422 17 20 19 17 20 24 281 312
567 0.8317340844124769 0.0251299564223655 -0.02920016624802146 167 148 106 0.63 143 17 208 228 281 313 423 155 426 396 513 73 521 73
568 0.839357387168589 0.02699289147917594 -0.02489731836647524 130 102 69 0.34 8 423 17 21 20 25 211 276
569 0.7709828565002932 0.01431415299925073 -0.0772145096794461 122 96 70 0.8 8 424 17 22 19 18 20 26 211 277
570 0.7927367307107276 0.01513307203146178 -0.05761981281758244 39 26 22 1.21 8 425 20 27 281 314
571 0.1510790146364536 -0.2238507302316364 0.9010059264035084 142 125 97 0.31 211 278 281 315 386 144 421 198 426 397 506 111
572 0.1311140954774075 -0.1707883683629032 0.8603667185969195 159 131 96 0.06 421 199 426 398 485 136
573 0.1373233946578382 -0.1758664302455819 0.8652286344276838 166 142 106 0.17 60 93 90 203 211 279 281 316 425 217 426 399
574 0.8030010288433272 0.007145531485019362 -0.0492484190849739 120 92 64 0.49 17 23 20 28 211 280 281 317
575 0.8343700988250974 0.04022439967236834 -0.02939681800937999 67 53 37 0.4 17 24 20 29 211 281
576 0.8798577911381957 0.03668331533871004 -0.077562467470495 149 132 87 2.62 17 25 211 282 281 318
577 0.1638464132517186 -0.125988197917026 0.8733535663980394 161 140 110 0.44 60 94 189 151 208 229 211 283 281 319 350 208 386 145 420 192 421 200 425 218 426 400 485 137 506 112
578 0.8289703767100421 0.02553205336287508 -0.03058155389583195 174 146 94 0.4 143 18 208 230 281 320 423 156 426 401 513 74
579 0.7872340957330256 0.02198591885119244 -0.06287030143670458 26 21 18 0.41 17 26 19 19 211 284
580 0.08634964555577984 -0.2975441316246045 0.8938151487455801 162 150 122 0.27 208 231 211 285 281 321 423 157 425 219 426 402
581 0.1068754088880728 -0.2498224093928373 0.928688454971035 171 152 122 1.58 17 27 211 286 281 322 426 403
582 0.8286209686090501 0.02588381943524413 0.005937549544302034 71 62 47 0.74 17 28 19 20 426 404
583 0.1173406112676869 -0.2697212361418108 0.8919905256070215 68 51 48 0.77 208 232 211 287 386 146 420 193 423 158 425 220 426 405 479 93 506 113 513 75
584 0.1472566817566285 -0.1839342945882395 0.8827405657625598 142 118 91 0.67 37 88 90 204 189 152 208 233 211 288 281 323 350 209 386 147 423 159 425 221 426 406 506 114 521 74
585 0.1447802065457511 -0.147405703304845 0.8676513689422587 143 114 82 0.59 90 205 208 234 211 289 350 210 386 148 421 201 423 160 425 222 426 407
586 0.7921399330357919 0.0199284563717858 -0.0490418655467405 30 29 27 0.52 17 29 20 30 143 19
587 0.7948453846870065 0.02054511400589121 -0.05487339430514737 176 169 149 0.75 19 21 208 235 214 14 281 324 521 75
588 0.1482975825916665 -0.2499074910407862 0.9316539763376683 178 197 218 0.86 281 325 425 223 426 408 521 76
589 0.1203574119472691 -0.1576671694434357 0.8468291111033357 73 54 42 0.54 37 89 90 206 314 55 421 202 425 224 426 409 485 138 506 115 521 77
590 0.1409888586694168 -0.1521502620558787 0.865476986133846 80 65 54 0.68 60 95 90 207 189 153 211 290 281 326 420 194 421 203 425 225 426 410 506 116 513 76 514 85
591 0.7713224054026336 0.003763924585559499 -0.07623958719334045 83 75 60 0.56 208 236 211 291 423 161
592 0.1207841338099119 -0.3437820528203392 0.9312659312259395 130 129 127 0.49 281 327 425 226 426 411
593 0.04752481327168856 -0.1770056309405593 0.8512845179613611 173 187 193 0.72 214 15 225 12 423 162 425 227 521 78
594 0.1619894686835149 -0.1985675757839127 0.9051222745013787 86 76 68 1.1 423 163 426 412 506 117 521 79
595 0.1382758078601111 -0.1556984982777755 0.8645035988667129 148 128 101 0.27 90 208 420 195 421 204 423 164 425 228 426 413 485 139
596 0.78130578237753 0.02409912366236205 -0.06787622461582099 181 148 98 0.34 208 237 214 16 281 328 513 77
597 0.7673286317201867 0.01544484974312964 -0.07849293205090335 70 55 42 0.73 19 22 143 20 350 211 521 80
598 0.8020449007999862 0.02143067990684823 -0.04978848441021133 94 28 30 0.37 143 21 423 165 426 414 513 78
599 0.7844220762758353 0.02672233741860997 -0.06609234096168759 81 71 60 0.32 19 23 143 22 214 17 423 166 426 415 521 81
600 0.1211367390051189 -0.3232095146026029 0.9290574465887773 184 200 211 0.41 37 90 208 238 211 292 281 329 426 416 506 118
601 0.8460570245507558 0.01483809588796973 -0.01622684927328788 165 184 196 0.55 208 239 281 330 426 417 521 82
602 0.7947104533352528 0.01382924742736334 -0.0547473492725441 30 25 24 0.55 19 24 143 23 214 18 426 418 513 79
603 0.1223478904447918 -0.2121085455729305 0.8698060043318008 141 116 89 0.31 90 209 189 154 211 293 386 149 420 196 425 229 426 419
604 0.1664505702175655 -0.2136247644760061 0.9089239447601916 190 218 243 0.55 37 91 420 197 426 420
605 0.1004147967352439 -0.1920989690805349 0.8469177136889992 103 75 56 0.19 37 92 90 210 189 155 208 240 211 294 281 331 386 150 421 205 423 167 425 230 426 421 479 94 506 119 514 86
606 0.1249487660661357 -0.1345863583152039 0.8418743386432819 72 50 42 0.33 37 93 225 13 314 56 350 212 420 198 421 206 426 422 479 95 485 140 506 120
607 0.7906373531028632 0.01232376779206172 -0.06123775499843287 69 56 42 0.12 20 31 281 332 426 423
608 0.115198489576388 -0.3282796489654128 0.9259773532770483 105 88 70 0.31 208 241 211 295 281 333 423 168 425 231 426 424 521 83
609 0.1500316519951802 -0.2151245955421748 0.8973187390366051 98 71 55 0.33 37 94 189 156 208 242 211 296 281 334 314 57 386 151 420 199 421 207 423 169 426 425 479 96 485 141 506 121 514 87
610 0.8403027909563792 0.04100736152490767 -0.02418260672670192 158 131 84 0.45 208 243 211 297 423 170
611 0.7721419776310681 0.001615341657884017 -0.07471477748078703 159 133 88 0.44 208 244 211 298 423 171
612 0.1448550173288589 -0.2229768599692938 0.8934935633113208 75 60 54 0.61 90 211 189 157 211 299 386 152 420 200 421 208 423 172 425 232 426 426 485 142 513 80
613 0.1446860551506962 -0.2230433118307756 0.8937695133165791 82 65 58 0.63 90 212 189 158 208 245 211 300 281 335 386 153 420 201 421 209 423 173 425 233 426 427 513 81
614 0.09905754279858459 -0.1589096709308715 0.8203628379312882 160 120 86 1.19 20 32 189 159 211 301 281 336 426 428 514 88
615 0.1570345551346762 -0.1383923254128516 0.8763643736432238 180 141 95 0.4 37 95 60 96 90 213 189 160 208 246 281 337 350 213 386 154 421 210 423 174 425 234 426 429 479 97 514 89
616 0.09081901374616108 -0.2013978224007987 0.8417525827500132 76 47 33 0.38 90 214 421 211 485 143 514 90
617 0.106198821867457 -0.1970408301003973 0.8514844037152429 93 71 55 0.39 60 97 90 215 189 161 208 247 211 302 421 212 423 175 425 235 485 144 513 82 514 91
618 0.1286697115939689 -0.1620415482658863 0.8879494480514587 156 117 85 0.7 20 33 60 98 214 19
619 0.8473078959971403 0.0236197764479228 -0.01615216529994601 49 53 50 0.35 423 176 426 430 521 84
620 0.8104826398743962 0.007707166420169248 -0.04271637524890759 121 114 94 0.3 423 177 426 431 521 85
621 0.1182837073949414 -0.2997143769673461 0.8954608102135713 159 132 98 0.2 37 96 281 338 426 432
622 0.108945002191264 -0.2948207212062082 0.8940294983821038 135 115 95 0.16 37 97 420 202 485 145
623 0.1285566863460704 -0.2896210980142855 0.8859991308257382 142 125 100 0.54 37 98 281 339 426 433
624 0.1378711399369439 -0.30725145625934 0.926007398792694 196 207 215 0.65 37 99 211 303 281 340 350 214 426 434
625 0.09994073259071046 -0.2672785022193828 0.8820278786469238 131 118 93 0.11 37 100 281 341 426 435
626 0.1270823662089711 -0.2657776602183283 0.8964777757033324 105 92 84 0.59 37 101 189 162 420 203 421 213 485 146
627 0.1432966337902012 -0.2552141359268897 0.9077893716514236 92 83 70 0.13 37 102 425 236 426 436
628 0.1464903546444845 -0.2548822642293463 0.909943043662254 130 124 105 0.14 37 103 281 342 420 204 426 437
629 0.1032003558294274 -0.2430359670285204 0.8684068271088985 112 89 74 0.22 37 104 420 205 426 438
630 0.1195107776621679 -0.24178708849608 0.8783000952111548 127 105 80 0.14 37 105 281 343 426 439
631 0.1327564611520269 -0.2384254242693566 0.8877959201766927 129 118 93 0.09 37 106 281 344 420 206 426 440
632 0.09973375459023237 -0.2416240333445033 0.8661275309885033 124 102 83 0.38 37 107 90 216 386 155 420 207 425 237 426 441
633 0.1134435867808684 -0.2098792604060279 0.8619979707949952 145 111 80 0.15 37 108 281 345 421 214 426 442 485 147
634 0.1631101527408227 -0.1831655224498764 0.7860820901470476 146 122 92 2.23 37 109 281 346 426 443
635 0.09581060579654321 -0.1947121112225227 0.843118976785046 140 118 86 0.08 37 110 281 347 421 215 426 444
636 0.0989645183187805 -0.1939002754693115 0.845584214243629 121 97 78 0.31 37 111 420 208 426 445
637 0.1299086651622161 -0.1891765439501027 0.865854695031872 148 116 83 0.52 37 112 90 217 425 238 426 446
638 0.1562956640863525 -0.1968524345187946 0.8946193119736086 120 99 77 0.22 37 113 281 348 420 209 421 216 426 447
639 0.102762424555538 -0.1903207887803778 0.8493005684634818 98 80 68 0.09 37 114 420 210 426 448
640 0.109076153003934 -0.1818683882191422 0.8497067030102781 118 102 79 0.75 37 115 386 156 420 211 426 449
641 0.1121826251585939 -0.1879642097545632 0.8549909776461742 129 105 85 0.04 37 116 421 217 426 450
642 0.1199415426412624 -0.1876750807636761 0.8616526156481443 82 57 51 0.34 37 117 350 215 420 212 421 218 426 451
643 0.1459357379053149 -0.1822249131825192 0.8806996140377088 139 115 86 0.27 37 118 60 99 420 213 421 219 426 452
644 0.1453431264098438 -0.1798723979815731 0.8807890073133406 116 94 78 0.22 37 119 420 214 421 220 426 453
645 0.1613343840177408 -0.1762441719803725 0.8929146057304869 76 64 56 0.07 420 215 421 221 425 239 426 454
646 0.1635442346656024 -0.1771067182498738 0.8944378970148019 149 119 85 0.15 37 120 60 100 281 349 420 216 426 455 485 148
647 0.1328142915358836 -0.163530593894595 0.8606217400929168 171 143 113 0.2 37 121 281 350 420 217 421 222 425 240 426 456
648 0.1450397645650202 -0.1590916469077481 0.8750390849471721 153 120 87 0.09 37 122 90 218 426 457
649 0.1677791755408296 -0.163571515995963 0.8914791723526898 92 73 61 0.23 37 123 60 101 281 351 420 218 421 223 426 458
650 0.1612978855678897 -0.1555407068522437 0.889119539331541 73 60 48 0.22 37 124 420 219 421 224 426 459 506 122
651 0.09072205683275003 -0.1590985760523588 0.824847319427211 140 114 94 0.31 37 125 420 220 421 225 426 460
652 0.1040613845113949 -0.1561878351569598 0.8355341712657309 102 81 68 0.16 37 126 420 221 426 461
653 0.1207649205145429 -0.1479299919634262 0.8502599965524043 104 80 57 0.1 37 127 90 219 420 222 421 226 425 241 426 462
654 0.1215160939094228 -0.1466690217695809 0.8509248929813586 167 134 99 0.23 37 128 90 220 421 227 425 242 426 463
655 0.1705886708041767 -0.1446649674920065 0.887970010456562 91 75 57 0.43 37 129 281 352 420 223 421 228 426 464
656 0.09089701974282738 -0.1460555230550824 0.820580854101862 146 117 89 0.26 37 130 281 353 420 224 426 465 479 98
657 0.1000383639394253 -0.1447838720538007 0.8280630475224651 145 119 91 0.18 37 131 281 354 420 225 421 229 426 466
658 0.1000383639394253 -0.1447838720538007 0.8280630475224651 145 119 91 0.18 37 132 281 355 420 226 421 230 426 467
659 0.1008822953328901 -0.1436212176116812 0.8286526173811148 82 70 56 0.22 37 133 225 14 281 356 421 231 426 468
660 0.1265115452301705 -0.1335724504859516 0.8417075568496717 135 111 86 0.17 37 134 420 227 421 232 426 469 485 149
661 0.1290028790975789 -0.131457739392803 0.8445534200086904 151 117 83 0.19 37 135 60 102 281 357 420 228 426 470
662 0.1311086178058837 -0.1315478727683241 0.8453383848552671 146 118 90 0.13 37 136 420 229 421 233 426 471
663 0.1386108778400813 -0.1326389014031045 0.850309634672378 127 92 66 0.19 37 137 350 216 426 472
664 0.07331932968057142 -0.1289280972283612 0.7979098006396235 131 108 85 0.64 37 138 281 358 420 230 426 473
665 0.073965428269681 -0.1255419109341109 0.7977870580077944 126 100 81 0.3 37 139 420 231 426 474
666 0.06875130864314305 -0.1074334658121706 0.7865040395288756 124 98 80 0.28 37 140 420 232 426 475
667 0.8245696496614484 0.02501408904371345 -0.02891578090080615 32 29 24 0.24 208 248 281 359 426 476
668 0.1215817532744694 -0.3434491814153474 0.9295267310025455 145 135 113 0.72 37 141 425 243 426 477
669 0.1220898319748428 -0.3381313562649175 0.9308461091709737 89 101 127 0.27 37 142 425 244 426 478
670 0.1245406110088247 -0.2566620382084477 0.8938555786763382 118 89 66 0.31 37 143 90 221 386 157 420 233 426 479
671 0.1035861723064792 -0.2444988751335926 0.8672846728560919 71 54 47 0.25 37 144 90 222 314 58 420 234 421 234 425 245 506 123
672 0.1013360813464229 -0.2428033674718572 0.8670354959619666 101 72 57 0.36 37 145 90 223 281 360 420 235 425 246 426 480 479 99
673 0.1257637894166586 -0.2479306839228137 0.8853520046286438 161 138 101 0.36 37 146 281 361 350 217 426 481
674 0.1342287621910397 -0.2368547169697579 0.8901619879584521 76 66 58 0.11 37 147 90 224 420 236 426 482
675 0.1489609714389752 -0.2398278619755973 0.9053371232021861 81 68 55 0.2 37 148 90 225 281 362 420 237 425 247 426 483 485 150 506 124
676 0.1141072477278215 -0.2259904043241986 0.8693033577821296 119 103 84 0.39 37 149 386 158 420 238 426 484
677 0.1366737357055995 -0.2334658325131695 0.8938875153281964 109 82 63 0.4 37 150 90 226 208 249 211 304 281 363 350 218 386 159 420 239 425 248 426 485 485 151 506 125
678 0.1213387677870427 -0.219944415196525 0.8757407256652596 109 82 64 0.02 90 227 425 249 426 486
679 0.1353793850649441 -0.2190664152711705 0.8850313631189202 62 51 45 0.28 37 151 90 228 420 240 421 235 425 250 426 487 506 126
680 0.1354192733592344 -0.2190338877860285 0.8849801406325295 62 51 46 0.26 37 152 90 229 420 241 421 236 425 251 426 488
681 0.1525786477935537 -0.2036729746326528 0.8950598793554316 92 70 59 0.29 37 153 189 163 211 305 281 364 420 242 421 237 426 489 479 100 506 127
682 0.09999802457438522 -0.193899546346707 0.8470708957574089 147 119 86 0.19 37 154 90 230 281 365 425 252 426 490 479 101
683 0.1053381365756075 -0.2071181361264162 0.8575764056309592 134 100 69 0.49 37 155 281 366 420 243 426 491 485 152
684 0.1272340023022253 -0.1768211202685248 0.8588968397802037 79 56 45 0.78 37 156 60 103 420 244 421 238 426 492 485 153 506 128
685 0.093134475685963 -0.1772129489272803 0.833540466234979 135 114 84 0.09 37 157 90 231 281 367 420 245 421 239 425 253 426 493 506 129
686 0.09476633925506617 -0.1765810743877899 0.8357632580517766 122 99 77 0.57 37 158 90 232 386 160 420 246 426 494
687 0.1702989372182677 -0.137307983763911 0.8859244061604972 71 56 43 0.22 37 159 281 368 421 240 426 495
688 0.1323080522409023 -0.1327772780930889 0.8450863820397834 132 89 55 0.24 37 160 426 496 479 102 485 154
689 0.07183438629963412 -0.1263253136279852 0.7976044143685659 138 110 89 0.46 37 161 420 247 426 497
690 0.07164929663772623 -0.1036128239991927 0.7884688729378218 126 96 70 0.38 37 162 90 233 425 254 426 498
691 0.8354204811523429 0.03675056753177484 -0.02718871712338777 126 94 53 0.25 208 250 281 369 426 499
692 0.1300126666252929 -0.2746361872767614 0.8940138544058218 97 72 56 0.31 37 163 90 234 281 370 350 219 386 161 423 178 425 255 426 500 506 130
693 0.1332265580291002 -0.274604491028627 0.8959886875420582 125 101 76 1.5 37 164 90 235 426 501
694 0.1328246376597157 -0.2370070452049228 0.8882162808605858 94 74 58 0.19 37 165 281 371 420 248 421 241 426 502 479 103
695 0.1468222439816392 -0.2400859408345827 0.9039678569853864 84 70 58 0.36 37 166 90 236 189 164 211 306 281 372 420 249 421 242 425 256 485 155 506 131
696 0.111373567434921 -0.2241770556953033 0.8673571453979223 137 110 84 0.32 189 165 208 251 211 307 420 250 426 503 479 104 514 92
697 0.1570606711196526 -0.2049197997201876 0.8980401537758398 160 127 93 0.22 37 167 90 237 208 252 211 308 281 373 350 220 425 257 426 504
698 0.09599726366078842 -0.2002058597387492 0.8457391726988379 89 68 55 0.19 37 168 90 238 189 166 208 253 211 309 281 374 386 162 420 251 423 179 425 258 426 505 479 105 514 93
699 0.1570638560500583 -0.1847218100138774 0.8920681074402772 75 59 54 0.16 37 169 90 239 189 167 208 254 211 310 281 375 350 221 386 163 420 252 421 243 423 180 425 259 426 506 479 106 485 156 514 94
700 0.09805340763081871 -0.1843795009888074 0.8397023131027828 139 116 87 0.51 37 170 189 168 208 255 211 311 386 164 420 253 425 260 426 507
701 0.111589370063111 -0.1812831148090072 0.8503116827703256 149 122 89 0.51 37 171 189 169 208 256 211 312 281 376 386 165 420 254 421 244 425 261 426 508 485 157 506 132 514 95 521 86
702 0.1164238959789773 -0.1857798319028944 0.8591062724107628 115 83 56 0.1 60 104 90 240 426 509
703 0.09424012068242593 -0.1754158703426332 0.8340324120220148 94 75 60 0.25 37 172 189 170 208 257 211 313 386 166 426 510
704 0.1532681493076017 -0.1610132093596548 0.880017725838063 87 66 46 0.2 37 173 90 241 421 245 425 262 426 511 479 107 506 133
705 0.1705031046720116 -0.1532970782144749 0.8954183858295479 97 77 62 0.18 37 174 60 105 90 242 189 171 420 255 425 263 426 512 506 134
706 0.1391092682197351 -0.130989102826361 0.8520752047586171 85 64 49 0.25 37 175 60 106 189 172 211 314 225 15 281 377 386 167 420 256 423 181 426 513 479 108 485 158
707 0.1089463791657735 -0.1294664762224642 0.8280953820179906 118 99 88 0.62 189 173 420 257 426 514
708 0.07308082533827465 -0.2751666845876555 0.902105480414841 188 194 191 0.38 37 176 208 258 211 315 281 378 350 222 426 515
709 0.1314009056917418 -0.2632763154863448 0.8990409467279483 124 105 83 0.29 90 243 189 174 208 259 211 316 386 168 421 246 423 182 425 264 426 516 514 96 521 87
710 0.1167103203469946 -0.213206192371571 0.8661861954020724 85 59 49 0.18 37 177 90 244 189 175 208 260 211 317 281 379 314 59 386 169 420 258 421 247 425 265 426 517 479 109 485 159 514 97
711 0.1512217328341445 -0.2121022743350863 0.8987005636303715 163 126 88 0.37 37 178 90 245 189 176 208 261 281 380 314 60 386 170 420 259 421 248 425 266 426 518 479 110 506 135 514 98 521 88
712 0.1527995115435904 -0.1964531444916227 0.8940698271735008 87 62 51 0.27 37 179 189 177 211 318 386 171 420 260 421 249 426 519 506 136 514 99
713 0.154370393732554 -0.1935077950439636 0.8936660554123168 160 118 82 0.39 37 180 90 246 189 178 281 381 314 61 386 172 421 250 425 267 426 520 479 111 506 137 514 100 521 89
714 0.1111640137613 -0.1609123076231001 0.8415286371299568 87 64 51 0.37 37 181 90 247 189 179 211 319 314 62 350 223 386 173 420 261 421 251 423 183 425 268 426 521 479 112 485 160 506 138 514 101 521 90
715 0.1366001267083841 -0.1609923780412111 0.8650550156097885 140 110 82 0.4 37 182 60 107 189 180 208 262 281 382 386 174 420 262 421 252 423 184 425 269 426 522 479 113
716 0.1039357387174846 -0.1466347689509067 0.8310143060675785 164 133 96 0.34 37 183 60 108 90 248 189 181 208 263 211 320 225 16 281 383 386 175 421 253 423 185 425 270 479 114 485 161 514 102
717 0.1254743521981529 -0.1322257938375472 0.8416996911337946 166 136 98 0.16 37 184 60 109 90 249 189 182 208 264 211 321 281 384 386 176 420 263 421 254 423 186 425 271 426 523 479 115
718 0.1240977902332895 -0.2728870709459015 0.8904510668164638 164 126 86 0.41 37 185 90 250 208 265 211 322 281 385 423 187 425 272 426 524 479 116 506 139 514 103
719 0.1068026548041311 -0.2464934785487589 0.8688155351627909 151 131 98 0.59 37 186 90 251 189 183 208 266 211 323 281 386 421 255 423 188 425 273 479 117 506 140 514 104 521 91
720 0.1145688110045996 -0.2276777799121356 0.8703244529842553 160 136 100 0.14 37 187 90 252 208 267 211 324 281 387 386 177 423 189 425 274 426 525 514 105
721 0.1136834284242706 -0.2114323146695865 0.8633555043588603 170 145 113 0.25 37 188 90 253 189 184 208 268 211 325 314 63 386 178 421 256 423 190 426 526 514 106 521 92
722 0.1189321257412029 -0.1850587948227938 0.861035419924896 162 134 100 0.34 37 189 90 254 189 185 208 269 211 326 281 388 420 264 421 257 423 191 425 275 426 527 479 118
723 0.1249822052897404 -0.1753608707629821 0.8597432774546874 68 54 48 0.15 37 190 60 110 90 255 189 186 281 389 386 179 420 265 421 258 423 192 425 276 426 528 479 119 521 93
724 0.1612809993180294 -0.1762620153373665 0.8929772987041502 87 67 58 0.12 37 191 189 187 420 266 421 259 423 193 426 529 514 107
725 0.1189862209076076 -0.1586186526038845 0.8453862541359336 90 70 58 0.49 37 192 60 111 189 188 208 270 211 327 281 390 314 64 420 267 421 260 425 277 426 530
726 0.1108702565506897 -0.2135590925856189 0.8602304443544355 87 66 56 0.57 37 193 90 256 420 268 425 278 426 531 479 120 513 83
727 0.1037010427373886 -0.1774082751707021 0.8427448590672297 178 145 101 0.26 60 112 189 189 208 271 386 180 423 194 426 532 479 121 514 108
728 0.09292791865094829 -0.1560498920200638 0.8288601130336086 100 77 61 0.5 37 194 90 257 281 391 350 224 421 261 423 195 425 279 426 533 479 122 513 84 514 109
729 0.1471552570027183 -0.1650551631386745 0.874610218580324 151 126 95 0.28 60 113 90 258 189 190 211 328 421 262 425 280 426 534
730 0.1251879013380413 -0.1535141945100539 0.8511699544012066 167 138 97 0.7 37 195 90 259 189 191 208 272 211 329 281 392 423 196 425 281 426 535 479 123 513 85 514 110 521 94
731 0.1141617090098895 -0.2191179110276075 0.8704912799948825 126 102 83 0.79 37 196 189 192 386 181 420 269 423 197 425 282 426 536 506 141
732 0.1172196237350178 -0.1693569151389798 0.8525820919660019 93 76 60 0.22 90 260 421 263 423 198 425 283 426 537 514 111
733 0.1229313229221642 -0.1621534903959802 0.8564747915170781 154 123 91 0.76 37 197 90 261 208 273 211 330 281 393 314 65 350 225 386 182 420 270 421 264 423 199 425 284 426 538 479 124 506 142 513 86 521 95
734 0.1422176827799256 -0.1940550750630038 0.884053001206089 151 120 89 0.68 37 198 90 262 208 274 211 331 281 394 386 183 421 265 423 200 425 285 426 539 479 125
735 0.1353209957309874 -0.2753636151941908 0.8998330343802232 146 120 88 0.6 37 199 208 275 211 332 423 201 425 286 426 540 479 126 513 87
736 0.08209273632844605 -0.2726291469715164 0.8952751885170533 66 54 50 0.35 37 200 208 276 211 333 426 541 506 143 513 88
737 0.1367805453649928 -0.3038948060853737 0.9153432176133491 146 131 116 0.44 90 263 420 271 426 542
738 0.1206647557466323 -0.2855364526168685 0.8978594544683565 109 102 95 0.7 281 395 420 272 426 543
739 0.1277809427473754 -0.2652932537251776 0.8975093074830343 59 45 44 0.17 420 273 421 266 485 162
740 0.1424031134210436 -0.2519770473143636 0.9061165596759897 166 149 120 0.3 90 264 189 193 208 277 211 334 281 396 421 267 425 287 426 544 479 127
741 0.1098499456810645 -0.255831911523336 0.8788354639981946 127 105 81 0.15 281 397 421 268 485 163
742 0.1265274900437795 -0.2502702814680282 0.8889910183129008 160 148 124 0.12 281 398 350 226 420 274 426 545
743 0.1377831201468309 -0.2472936294541545 0.8981294795415231 158 143 111 0.35 281 399 386 184 420 275 426 546 514 112
744 0.1482256228312874 -0.2383082170736649 0.9054778870635836 122 104 91 0.14 281 400 350 227 426 547 485 164
745 0.1500297603676319 -0.2383694456857434 0.9075464693353568 74 58 50 0.58 386 185 420 276 421 269 485 165
746 0.1584169649553642 -0.2387784985096779 0.9119265756202211 117 116 114 1.27 281 401 420 277 421 270
747 0.09770509242906589 -0.2535303686631052 0.8656779017444787 103 76 59 0.21 60 114 421 271 485 166
748 0.1145936302383468 -0.2432847863630337 0.8764464447585634 174 149 109 0.12 60 115 421 272 485 167
749 0.1156328039690058 -0.241365052337545 0.8754469398630327 109 81 62 0.31 281 402 420 278 421 273 479 128 485 168
750 0.1278968677574178 -0.2396717385052863 0.8840631082069546 143 130 108 0.03 281 403 420 279 426 548
751 0.1312649335073439 -0.2387499707792883 0.8868048344129482 132 123 104 0.04 281 404 420 280 426 549
752 0.1379767429534837 -0.2372804605753197 0.89358504725937 166 152 122 0.12 281 405 421 274 426 550 485 169
753 0.1479097183483553 -0.235458739042648 0.9018354945876776 132 120 97 0.24 281 406 420 281 421 275 426 551
754 0.1536284025869503 -0.2329987271239552 0.9043785075018509 148 136 109 0.18 90 265 425 288 426 552
755 0.09492738811730461 -0.2380058458769624 0.8575068814426077 180 152 113 0.1 60 116 281 407 426 553
756 0.1066128501904858 -0.231791145959115 0.8667342667459681 123 84 64 0.09 60 117 421 276 485 170
757 0.1125037185842539 -0.2354070955644827 0.8716252409590923 115 89 72 0.21 281 408 420 282 421 277 485 171
758 0.1483270808169511 -0.2156164816912055 0.8953619421715315 74 61 55 0.2 90 266 420 283 426 554
759 0.1602652262195362 -0.2159273985340835 0.9043320814498648 114 98 79 0.53 386 186 421 278 426 555
760 0.1606161825445026 -0.2135364777480487 0.9054567722798315 158 132 100 0.23 425 289 426 556 485 172
761 0.1606318415625809 -0.2135983143961775 0.9057248137842819 135 118 97 0.16 90 267 420 284 425 290 426 557
762 0.1065765161579637 -0.2271278604523516 0.8621450713934236 119 108 87 0.33 281 409 420 285 426 558
763 0.1024368031066543 -0.2234632864640208 0.8575681514412785 197 159 113 0.42 60 118 281 410 426 559
764 0.114584771505398 -0.2241196407329942 0.8688013723898522 92 67 55 0.28 281 411 420 286 421 279 426 560 479 129
765 0.1251792320687826 -0.2197580866953564 0.8768907352995789 142 112 82 0.21 90 268 421 280 425 291 426 561
766 0.1349970298520408 -0.212265031624464 0.8805790857645921 71 56 51 0.33 420 287 426 562 485 173
767 0.1476077386235226 -0.2096784585550787 0.8947439866567457 166 141 111 0.3 281 412 420 288 421 281 426 563 485 174
768 0.152792546989256 -0.205569074295974 0.8959745057161905 176 140 99 0.32 60 119 421 282 485 175
769 0.1521150605092502 -0.2045696689001157 0.8906881305950896 135 114 94 0.36 90 269 420 289 425 292 426 564
770 0.09042276114157011 -0.2204226264981777 0.8489695135183786 98 65 43 0.82 60 120 421 283 485 176
771 0.1047506248290005 -0.2134647314701548 0.856138386734983 167 148 117 0.21 281 413 386 187 421 284 426 565
772 0.1053134315173764 -0.2099848493382891 0.8568294801488836 181 142 99 0.18 60 121 281 414 426 566
773 0.1215737424890133 -0.2020706262379887 0.8685692997943784 114 86 66 0.18 90 270 281 415 350 228 421 285 425 293 426 567 506 144
774 0.127820156134304 -0.2073698120812212 0.8713154036756618 153 121 96 0.07 90 271 420 290 425 294 426 568
775 0.1293854718780645 -0.2070809692478712 0.8715130175131189 166 133 99 0.24 281 416 420 291 421 286 426 569
776 0.1326008643637003 -0.2012477355355455 0.8728784780324159 161 129 98 0.06 90 272 421 287 425 295 426 570
777 0.132449476270923 -0.2013021173996099 0.8731263736704491 164 134 101 0.12 90 273 281 417 420 292 421 288 425 296 426 571 485 177
778 0.1315461334731581 -0.1977742151838 0.8711439516610011 150 125 98 0.09 281 418 420 293 421 289 426 572
779 0.134755399599859 -0.2002018239740117 0.8774641732750226 122 103 79 0.22 281 419 421 290 426 573
780 0.1361436769253979 -0.1988713012886912 0.8767348328236313 148 122 96 0.12 281 420 420 294 426 574
781 0.1528825175694072 -0.1976219742874295 0.8913523124197571 130 109 88 0.41 281 421 420 295 421 291 426 575
782 0.1491936573890122 -0.1949786818247966 0.8916429409899151 114 84 63 0.17 90 274 386 188 421 292 425 297 426 576
783 0.1635384119990027 -0.1954055024376626 0.9037077244218839 122 113 100 0.32 420 296 421 293 426 577
784 0.1019612213247337 -0.199296138214086 0.8503919350123277 189 148 101 0.19 60 122 421 294 485 178
785 0.111430357599998 -0.197514661088498 0.8566359971518021 84 57 39 0.18 60 123 421 295 485 179
786 0.1216182697827882 -0.1949357566341158 0.8642745026140788 88 59 44 0.16 60 124 421 296 485 180
787 0.1201821088373813 -0.1951213301787892 0.8630080829329005 59 42 42 0.13 420 297 421 297 485 181
788 0.1364384176400641 -0.1954844394570698 0.8763890010216642 164 130 90 0.24 60 125 281 422 421 298 426 578
789 0.1383410247983954 -0.1896174473292527 0.8771786040410847 157 132 99 0.12 60 126 281 423 421 299 426 579
790 0.1389084305735964 -0.1883892103099336 0.8776645317092389 88 71 60 0.2 60 127 420 298 421 300
791 0.1643273645238611 -0.1817699802471735 0.8956089061527486 128 92 68 0.22 60 128 281 424 421 301 426 580 485 182
792 0.08981778188833212 -0.1910564205449169 0.8387562475990098 176 138 98 0.14 60 129 90 275 421 302 425 298
793 0.0943002878404402 -0.1922969193459733 0.8432005215054923 128 110 89 0.09 420 299 421 303 426 581
794 0.09862640820628132 -0.1909892338395604 0.8451631642732644 140 116 88 0.77 90 276 420 300 425 299 426 582
795 0.09427865444810724 -0.1901799598873936 0.8421791918115054 158 133 103 0.17 90 277 421 304 426 583
796 0.1183927379423986 -0.1840890605990382 0.8586853316076797 200 167 122 0.69 60 130 281 425 421 305 485 183
797 0.1354827880292481 -0.1783216467408257 0.8684867339937112 115 98 83 0.49 60 131 90 278 426 584
798 0.1375820644333969 -0.1751257384285159 0.8701544866198174 155 135 103 0.13 60 132 421 306 426 585
799 0.1385701722378406 -0.1728590460834531 0.8699277160753971 75 63 56 0.09 60 133 420 301 426 586
800 0.0866105984901544 -0.1816390613982162 0.8332809947762101 178 138 96 0.77 60 134 281 426 426 587
801 0.1061003809198544 -0.1744708969786035 0.8427766468671984 140 119 95 0.15 281 427 350 229 420 302 421 307 426 588
802 0.1068500200064076 -0.1768485374891455 0.8441957934052682 139 121 102 0.13 420 303 426 589 485 184
803 0.1072864690851714 -0.174072640343455 0.8437465150561385 116 107 92 0.04 420 304 421 308 426 590
804 0.1095132534830908 -0.1751991499859682 0.8490585343471393 176 140 105 0.29 60 135 189 194 426 591
805 0.1149738695576118 -0.1734744446555969 0.8495221946323563 192 157 110 0.16 60 136 281 428 421 309 426 592 485 185
806 0.1221849711542919 -0.1706058648646788 0.8556165907852051 146 126 96 0.38 60 137 90 279 420 305 421 310 425 300 426 593
807 0.1290103528300602 -0.1725460042051702 0.8600112394411907 120 92 69 0.22 60 138 281 429 420 306 421 311 426 594
808 0.1289703013081862 -0.1725745156490037 0.8600714286277922 109 84 63 0.23 60 139 420 307 421 312 426 595
809 0.1291858591796032 -0.171294688870951 0.8599614225888401 155 126 98 0.21 60 140 420 308 421 313 426 596
810 0.1285879396182918 -0.1700188171120796 0.8590424299028603 100 72 57 0.18 60 141 350 230 420 309 421 314 426 597 485 186
811 0.1285024397435341 -0.1700420242368045 0.8591404056963412 105 74 59 0.18 60 142 350 231 420 310 426 598 485 187
812 0.1321893923721974 -0.1650317048803033 0.8629986209098022 103 80 58 0.29 60 143 281 430 420 311 426 599
813 0.1324201647882937 -0.1647744625271801 0.860823612650454 106 79 58 0.28 60 144 350 232 421 315 426 600
814 0.1396887285667328 -0.1705380988612757 0.867762963459515 82 68 61 0.27 60 145 420 312 421 316 426 601
815 0.1365569386921631 -0.1675418462335915 0.8664064448157442 112 90 71 0.27 60 146 420 313 421 317 426 602
816 0.1363276902249718 -0.1632780878976212 0.8656068785825477 85 65 51 0.14 60 147 421 318 426 603
817 0.1475979745248456 -0.1688031464976967 0.8753700186292424 82 66 57 0.19 60 148 420 314 426 604 485 188
818 0.1708228757139629 -0.1615274773187679 0.8969195486106527 135 115 89 0.34 60 149 420 315 426 605
819 0.1725322767987234 -0.15571948167866 0.896523129759927 87 68 54 0.05 60 150 420 316 421 319 426 606
820 0.09136275254504977 -0.1654436210666944 0.825731948346085 130 118 97 0.18 90 280 386 189 420 317 421 320 426 607
821 0.1112370053131634 -0.1648671050621232 0.8458618294646953 135 109 82 0.21 60 151 420 318 426 608
822 0.1137622016053232 -0.1602062211732387 0.8432670231273081 198 166 119 0.25 60 152 281 431 426 609
823 0.1161296861810293 -0.1587210920876138 0.844828379644462 98 81 61 0.26 60 153 281 432 420 319 421 321 426 610
824 0.1251154322939718 -0.1612566003586335 0.855371746918832 154 117 86 0.38 60 154 281 433 420 320 421 322 426 611 485 189
825 0.1289032787118 -0.1641778639258869 0.8573651325590796 114 86 61 0.32 60 155 421 323 426 612 485 190
826 0.1277871730725207 -0.1602214829206119 0.8565847966773539 150 126 96 0.32 60 156 420 321 426 613
827 0.1376842379587284 -0.1601187869515859 0.8647896834618294 130 107 85 0.85 60 157 420 322 421 324 426 614
828 0.1381464858092251 -0.1539448846765266 0.8621969316130429 167 140 103 0.16 60 158 281 434 420 323 421 325 426 615
829 0.1510233931246643 -0.1478829851088045 0.8707788504601657 156 128 90 0.22 60 159 421 326 426 616
830 0.1529588076966418 -0.1567719273369896 0.8788567511883894 173 143 100 0.34 60 160 421 327 426 617
831 0.1728863019650395 -0.1495708450253699 0.8943468691915151 153 133 107 0.78 60 161 420 324 426 618
832 0.07870264275319161 -0.1684531340960057 0.8205536458512999 118 120 113 0.2 420 325 421 328 426 619
833 0.0830676847589451 -0.1614496945197116 0.8198109028714753 120 115 103 0.07 420 326 421 329 426 620
834 0.0997836551984369 -0.1518392720926626 0.832593899179334 192 164 116 0.2 60 162 281 435 426 621
835 0.1217110865219059 -0.151982425742437 0.8497402479417937 130 108 80 0.4 60 163 90 281 420 327 421 330 425 301 426 622
836 0.124487091122116 -0.1509249245465613 0.8504511972438624 148 122 90 0.13 60 164 421 331 425 302 426 623
837 0.1368026484024057 -0.1448654514718125 0.8550402465907454 155 132 102 0.19 60 165 281 436 350 233 420 328 421 332 426 624
838 0.1326489803264779 -0.1433678879046962 0.8545521352775109 155 130 97 0.14 60 166 420 329 426 625
839 0.1384515799065889 -0.1438451263016996 0.8632706892930024 97 74 54 0.21 60 167 420 330 421 333 426 626
840 0.1440923370773237 -0.1432685960479964 0.8666533370429816 136 111 88 0.13 60 168 420 331 426 627
841 0.1484774326300705 -0.1419948368448664 0.8702709432430857 117 95 76 0.09 60 169 420 332 426 628
842 0.1548616922618617 -0.143384826835299 0.87531234599175 159 129 93 0.31 60 170 90 282 420 333 425 303 426 629
843 0.1548807074178451 -0.1420090116621624 0.8752754960477989 89 68 54 0.29 60 171 420 334 421 334 426 630
844 0.1545680668962267 -0.1421093718779262 0.875946202884603 106 78 57 0.16 60 172 421 335 426 631
845 0.1663795388305593 -0.1383625313760756 0.8837094199264004 80 54 40 0.62 60 173 426 632 485 191
846 0.1649096609770428 -0.1374636452958531 0.8845968744848529 141 119 95 0.28 60 174 420 335 421 336 426 633
847 0.1771771450120213 -0.1357680470535982 0.8924781576197289 91 70 53 0.22 60 175 90 283 420 336 421 337 425 304 426 634
848 0.1811430627283531 -0.1362167931192887 0.8943197652382657 182 152 107 0.36 60 176 281 437 426 635
849 0.08354682975488237 -0.1557135384225629 0.8195224375931434 173 144 104 0.22 60 177 90 284 421 338
850 0.08888511538600041 -0.1545288393850772 0.8231992515176134 178 147 105 0.29 60 178 90 285 421 339 425 305
851 0.1028959282203756 -0.1460112965577421 0.8308019930834447 174 139 95 0.12 60 179 281 438 426 636
852 0.1363482917936426 -0.1316834888134905 0.8487449050627169 73 55 48 0.12 60 180 420 337 421 340 426 637
853 0.1812029306395817 -0.1161719954284268 0.8890445209781073 96 71 54 0.2 60 181 420 338 426 638
854 0.07419679850384875 -0.1416420138216934 0.8068247603344627 187 148 102 0.62 60 182 211 335 426 639
855 0.1308221785731811 -0.1289466616395396 0.8443096908298862 168 136 98 0.05 60 183 421 341 426 640
856 0.1329132237072742 -0.1280321159140686 0.8452051208211742 160 136 101 0.26 60 184 420 339 421 342 426 641
857 0.1362269586681814 -0.1278084305641412 0.8491561067759297 155 126 93 0.19 60 185 421 343 426 642
858 0.1379904203019525 -0.1272415225247508 0.8499161756491835 154 130 96 0.07 60 186 90 286 425 306 426 643
859 0.1384336778539801 -0.1255787182482433 0.8507283153264522 80 61 48 0.16 60 187 421 344 426 644
860 0.07070918117213687 -0.1120514488508154 0.7904489646024369 158 136 105 0.28 60 188 90 287 189 195 208 278 386 190 421 345 423 202 425 307
861 0.09711211470048786 -0.1093361380768667 0.8090352668871714 164 134 101 0.75 60 189 90 288 189 196 421 346
862 0.105443769655616 -0.2772333831380708 0.8876446505502327 181 159 129 0.14 281 439 425 308 426 645
863 0.1437607696242903 -0.2565778970095811 0.9090979191832205 127 121 108 0.17 281 440 420 340 425 309 426 646
864 0.10840457937967 -0.2539792564524679 0.8754244310854638 123 100 80 0.16 90 289 281 441 420 341 425 310 426 647
865 0.1179616700183483 -0.2503438687939556 0.8803708864204247 151 136 109 0.49 90 290 208 279 211 336 281 442 420 342 423 203 426 648
866 0.1216140934507124 -0.2492541686734899 0.8824176264499439 142 127 102 0.28 90 291 386 191 420 343 425 311 426 649
867 0.1247878347521848 -0.2507341463163968 0.8878504272685204 182 158 122 0.17 281 443 426 650 485 192
868 0.1281643062233899 -0.2497362799345468 0.88983254255358 167 152 125 0.11 90 292 421 347 425 312 426 651
869 0.1294616722336536 -0.2449520082140959 0.889367387709229 91 72 59 0.21 90 293 281 444 386 192 420 344 426 652
870 0.1331728117506086 -0.2486506217143281 0.8943779706647539 165 147 120 0.18 90 294 281 445 350 234 420 345 426 653
871 0.1346746835883365 -0.2482927840749732 0.8956816262435916 170 158 135 0.11 281 446 420 346 421 348 485 193
872 0.1343550108298198 -0.2435656602201814 0.8907404860366535 169 156 131 0.16 420 347 426 654 485 194
873 0.1513460282349396 -0.2409714145499467 0.9070475732750145 162 152 122 0.16 90 295 421 349 425 313 426 655 485 195
874 0.1110580258632923 -0.2439793890625564 0.872476628329367 143 118 92 0.08 281 447 350 235 426 656
875 0.1111580632182574 -0.2439645303431587 0.8724127997192224 119 110 95 0.25 90 296 420 348 425 314 426 657
876 0.1082450612303536 -0.2400268604445809 0.8729060008627629 132 115 96 0.27 90 297 386 193 420 349 425 315 426 658
877 0.1251831236009769 -0.2390943629020281 0.8792935568584208 109 94 82 0.31 90 298 189 197 426 659
878 0.125185624730629 -0.243795251954736 0.8836788574394603 170 153 124 0.14 350 236 421 350 426 660 485 196
879 0.1346187928701945 -0.2382276020707928 0.8896483440156293 151 133 103 0.08 90 299 281 448 350 237 421 351 425 316 426 661
880 0.1323433199757696 -0.2354296457910562 0.8897531156399681 128 112 90 0.09 350 238 386 194 420 350 426 662
881 0.1335701605750492 -0.2343054438831931 0.8905305332834155 91 74 60 0.33 90 300 386 195 420 351 425 317 426 663
882 0.1477001603382457 -0.2369702327284654 0.9008937083574375 163 152 124 0.45 208 280 211 337 281 449 420 352 421 352 426 664 485 197 506 145
883 0.1442701646451531 -0.2313327845800721 0.9008190597514583 105 81 70 0.39 90 301 281 450 420 353 421 353 426 665
884 0.1579490430752835 -0.2316773870889416 0.9085016052313839 138 130 112 0.29 90 302 420 354 425 318 426 666
885 0.1520292927640887 -0.2291259700018639 0.905956517698377 95 79 65 0.2 281 451 420 355 421 354 426 667
886 0.1071410557579398 -0.2330231511126294 0.866647121724369 100 77 62 0.08 90 303 211 338 421 355 425 319 426 668 485 198
887 0.1231938822071454 -0.226633652678165 0.8760943154437355 145 125 100 0.27 90 304 189 198 208 281 211 339 386 196 420 356 423 204 425 320 426 669
888 0.1319642050361475 -0.2272462847529529 0.8872445017601562 84 73 65 0.39 281 452 420 357 426 670
889 0.1595002429857987 -0.2115373290688622 0.905211828283121 131 110 90 0.33 90 305 386 197 420 358 421 356 425 321 426 671
890 0.1085567890645045 -0.2227996121495052 0.8655990722316855 90 71 58 0.16 90 306 281 453 420 359 426 672
891 0.1176464681745107 -0.2234843975486824 0.8711385697576646 62 53 52 0.23 386 198 420 360 426 673
892 0.1223778847468183 -0.2211465411845615 0.8744349224099794 123 105 85 0.13 90 307 420 361 426 674
893 0.122391364975021 -0.2211342669868168 0.8744192155076451 136 112 83 0.1 90 308 281 454 420 362 425 322 426 675
894 0.1403997610902892 -0.214120090140427 0.8874761899513832 166 138 102 0.15 281 455 421 357 426 676
895 0.1485606207255671 -0.2140323420007349 0.8962362204669494 167 125 89 0.21 60 190 314 66 421 358
896 0.1473078193610098 -0.212229934713297 0.8970869741032241 135 116 98 0.1 90 309 420 363 426 677
897 0.1555838261113193 -0.2108571706211106 0.9020640491806089 90 72 59 0.11 90 310 420 364 425 323 426 678
898 0.09198101252117064 -0.2108371525172529 0.8482121644478902 113 101 90 0.43 420 365 421 359 426 679
899 0.1062619384013173 -0.2057202413891724 0.8576920331378972 105 80 64 0.17 90 311 281 456 350 239 420 366 425 324 426 680
900 0.1130535581555123 -0.2071980799056809 0.8624406860336409 107 75 54 0.13 90 312 421 360 425 325 426 681 479 130
901 0.1177756618590996 -0.2020344040972193 0.8664309733645115 172 140 108 0.22 90 313 281 457 421 361 425 326 426 682
902 0.1255191226434579 -0.2036588554266905 0.8705099814274646 110 75 55 0.31 90 314 189 199 281 458 386 199 420 367 421 362 423 205 425 327 426 683 479 131 514 113
903 0.1314132250265928 -0.2009970513986774 0.8719768560450751 131 98 70 0.14 281 459 421 363 425 328 426 684
904 0.1321336478202669 -0.2024437525488154 0.8718492742278678 120 84 56 0.28 90 315 425 329 426 685 485 199
905 0.1367805762967326 -0.2026284980821517 0.878765792862777 140 122 97 0.04 90 316 421 364 425 330 426 686
906 0.1391001069915082 -0.2056764419065209 0.8849437352907643 130 102 80 0.17 90 317 189 200 421 365 425 331 426 687 485 200
907 0.1409118388277495 -0.196273950901543 0.8837666141692153 179 146 111 0.22 281 460 421 366 425 332 426 688
908 0.1510665293923903 -0.1973493676091106 0.8911329136925092 88 64 48 0.05 90 318 421 367 425 333 426 689
909 0.1587170825209645 -0.192301034170738 0.8979759764277913 94 77 62 0.11 421 368 425 334 426 690
910 0.1395628768601354 -0.190056649743046 0.8777224568951509 87 73 59 0.12 90 319 421 369 425 335 426 691
911 0.1417148611542377 -0.1838059667345896 0.8765819461939564 145 121 90 0.33 60 191 90 320 420 368 425 336 426 692 485 201
912 0.1484826103986633 -0.1895132302865383 0.8846217559449914 138 120 100 0.28 60 192 90 321 314 67 386 200 420 369 421 370 425 337 426 693
913 0.1440015011331046 -0.1826748271197272 0.8809421449017383 118 95 69 0.39 60 193 386 201 426 694
914 0.0946779027251452 -0.1938492155511056 0.8418873887708223 93 69 51 0.07 90 322 421 371 425 338 426 695 479 132
915 0.09485765383307843 -0.1921987409416024 0.8396020556542776 116 102 86 0.54 420 370 421 372 426 696
916 0.1121151681888201 -0.1895425064479968 0.8549786432693041 73 55 43 0.16 90 323 420 371 421 373 425 339 426 697 479 133 485 202
917 0.1148619723676269 -0.1848724358493025 0.8581449051479395 179 147 107 0.11 60 194 425 340 426 698
918 0.1206862889829466 -0.178806445661773 0.857057956072605 158 130 95 0.24 60 195 90 324 211 340 421 374 425 341 426 699 485 203 506 146
919 0.1225263835894832 -0.183131831137629 0.8642349289776041 169 138 102 0.13 60 196 90 325 421 375 425 342 426 700
920 0.1402486533190808 -0.1797681802839697 0.877495536614745 98 78 61 0.25 60 197 90 326 420 372 421 376 425 343 426 701
921 0.1563333593092514 -0.176472158703572 0.8856978463489806 153 121 81 0.62 60 198 90 327 281 461 426 702
922 0.1647445899804166 -0.1716632857252032 0.8956350236647599 156 123 90 0.31 60 199 386 202 426 703
923 0.1668353100317249 -0.1668108104692349 0.8889027322204222 153 129 104 0.3 60 200 420 373 426 704
924 0.1684420873488883 -0.1709373000714861 0.89942825179897 174 146 109 0.27 60 201 90 328 421 377 426 705
925 0.08034423386209089 -0.1821415286462556 0.8267795611431312 167 135 101 0.21 60 202 211 341 281 462 426 706
926 0.08604547120046635 -0.1793196106334103 0.8288556707531363 147 112 84 0.08 60 203 350 240 426 707
927 0.08634817161170338 -0.1792640861008816 0.8285715140514367 125 108 90 0.14 281 463 350 241 420 374 421 378 426 708
928 0.0966967048441516 -0.1763754247297648 0.836066966939057 125 116 96 0.15 90 329 420 375 421 379 426 709
929 0.1081835950615112 -0.1769890902618974 0.8494570918463824 90 73 60 0.09 420 376 421 380 425 344 426 710
930 0.1019592712627017 -0.1755634812493235 0.840531983515628 144 129 106 0.25 420 377 421 381 425 345 426 711
931 0.1224245721830003 -0.16877432086154 0.8560047963284361 98 71 52 0.09 60 204 90 330 421 382 425 346 426 712 479 134
932 0.1259918818326469 -0.1697086898754522 0.8574565665244849 107 77 56 0.17 60 205 426 713 485 204
933 0.1313431280774419 -0.1731770097079966 0.8614512134076699 143 115 84 0.37 60 206 90 331 211 342 281 464 386 203 420 378 421 383 425 347 426 714 485 205 506 147
934 0.1351236250601717 -0.1684002941688115 0.8631103446092854 109 82 64 0.36 60 207 90 332 426 715
935 0.1294963006708614 -0.1665281443247842 0.8588990299265153 98 68 51 0.05 60 208 421 384 426 716
936 0.1294963006708614 -0.1665281443247842 0.8588990299265153 98 68 51 0.05 60 209 421 385 426 717
937 0.1366984123982976 -0.1661228937586997 0.8657374610548882 98 79 62 0.03 60 210 421 386 426 718
938 0.1367561019302616 -0.1660792747121832 0.8655789608883606 105 85 62 0.15 60 211 281 465 421 387 426 719
939 0.1372087003042796 -0.1648878551063568 0.8677730159289851 57 50 49 0.3 60 212 420 379 421 388 426 720
940 0.1445907117248405 -0.1644241156842569 0.8728028461984416 156 130 96 0.18 60 213 90 333 386 204 421 389 425 348 426 721
941 0.146404277541896 -0.1594879613120343 0.8756981377629183 84 73 58 0.14 60 214 420 380 421 390 426 722
942 0.151379477037314 -0.1585719615670175 0.8805071240268003 122 96 71 0.34 60 215 90 334 211 343 420 381 425 349 426 723
943 0.1662987883686834 -0.1556115997264933 0.8918361803313952 126 108 85 0.2 60 216 420 382 421 391 426 724
944 0.1623473283554326 -0.1544325372696043 0.8895434636123307 165 137 104 0.22 60 217 90 335 420 383 425 350 426 725
945 0.168257438172443 -0.1523847220115323 0.891879770129733 156 123 86 0.51 60 218 386 205 421 392
946 0.1697732763533297 -0.1520013416849438 0.8929604048517035 157 132 100 0.66 60 219 281 466 420 384 421 393 426 726
947 0.1108861296241573 -0.1690323793173985 0.8488296845859917 137 100 68 0.12 60 220 425 351 426 727
948 0.1172983096813937 -0.1661389184340236 0.8533431609378781 169 135 93 0.18 60 221 90 336 421 394 426 728
949 0.1278320574387982 -0.1636942529464816 0.8566787828223807 176 146 106 0.3 60 222 211 344 421 395 426 729 485 206
950 0.1578057267122932 -0.1483001865970388 0.8785271600409754 174 143 102 0.1 60 223 90 337 281 467 421 396 426 730
951 0.1601012634589328 -0.1502546319842372 0.8816059810781771 152 127 96 0.26 60 224 90 338 281 468 350 242 386 206 420 385 421 397 425 352 426 731 479 135 485 207
952 0.1005138766457063 -0.1559192433811289 0.8332126193781799 116 88 68 0.1 60 225 90 339 189 201 421 398 425 353 426 732
953 0.1043573587903279 -0.1519180380491545 0.8364506513704228 99 78 57 0.13 60 226 90 340 386 207 421 399 425 354 426 733
954 0.1097569521017405 -0.1507425743081472 0.841229470931993 129 97 67 0.12 60 227 90 341 426 734
955 0.1099218055260569 -0.1491356078797498 0.8404500371750829 149 129 102 0.52 60 228 420 386 426 735
956 0.1223170391451007 -0.1483780101688158 0.8505832783784388 148 122 92 0.28 60 229 90 342 189 202 420 387 421 400 426 736
957 0.1421542018951129 -0.142758897704188 0.865343382895718 111 85 61 0.16 60 230 90 343 421 401 426 737
958 0.1571436779906741 -0.1403742246734453 0.8759430617239392 158 132 100 0.42 60 231 420 388 421 402 426 738
959 0.1607988737821188 -0.1433026204250371 0.8847465172512929 166 127 84 0.14 60 232 90 344 426 739
960 0.1683460004465225 -0.1392929807122847 0.8838065119084884 154 124 90 0.26 60 233 281 469 420 389 421 403 426 740 485 208
961 0.164544158233323 -0.1362849438875272 0.8843855884491265 123 89 62 0.12 60 234 90 345 425 355 426 741
962 0.1747773665936004 -0.1338508146254946 0.8904051817611465 127 96 68 0.44 60 235 90 346 208 282 211 345 426 742
963 0.08464436934220454 -0.1556979416581847 0.8230771220364146 174 143 101 0.17 60 236 90 347 421 404
964 0.1157189009224086 -0.1404617030766616 0.8352164512247802 120 92 68 0.15 60 237 281 470 421 405 426 743 479 136
965 0.1158026993239093 -0.1404406413770502 0.8351303999106416 121 96 75 0.19 60 238 189 203 421 406 426 744 479 137
966 0.1271101562146701 -0.1419595142200696 0.8473775078216055 172 146 116 0.19 60 239 420 390 426 745 485 209
967 0.1310971801098816 -0.1414903364783804 0.8494804917013079 132 103 73 0.31 60 240 386 208 426 746
968 0.1323769307845903 -0.1368381020036499 0.8471420200863409 148 113 76 0.24 60 241 90 348 386 209 425 356 426 747 479 138 485 210
969 0.1358179561336135 -0.1395437670845857 0.8542469934686518 189 162 118 0.49 60 242 90 349 211 346 281 471 421 407 426 748
970 0.1391673312249776 -0.1366095756454108 0.8531771665790513 138 117 89 0.24 60 243 281 472 426 749
971 0.1343532157956625 -0.1352770363199881 0.8482144295046143 127 105 79 0.2 60 244 281 473 420 391 426 750
972 0.134381489745943 -0.1304100312380062 0.8463650498101329 148 113 82 0.12 60 245 426 751 485 211
973 0.1344411966330984 -0.1305081909889221 0.8465560699386914 135 109 85 0.36 60 246 420 392 421 408 426 752 485 212
974 0.1536327077753125 -0.1303468237017845 0.8635206666690229 165 131 90 0.3 60 247 281 474 421 409 426 753
975 0.1722013272879225 -0.1194416417059451 0.8802497843732282 158 125 93 0.26 60 248 90 350 420 393 425 357 426 754 485 213 506 148
976 0.1853692057774816 -0.120010303806429 0.9001036411837591 158 163 177 0.26 60 249 281 475 426 755
977 0.09692498178823361 -0.1394745686631453 0.8253147806556267 142 122 99 0.3 90 351 189 204 386 210 420 394 425 358 426 756
978 0.1100033385397156 -0.1348394217949346 0.8334776162166173 89 63 43 0.14 90 352 281 476 420 395 421 410 425 359 426 757 479 139
979 0.1110840759228972 -0.1319702582188202 0.8331576434647017 169 137 101 0.84 60 250 90 353 189 205 421 411 426 758
980 0.1220351379495627 -0.1291207090846176 0.8404909717325475 103 69 44 0.22 60 251 90 354 386 211 421 412 425 360 426 759
981 0.1262118728290401 -0.1277888672111874 0.8427840366582648 100 77 59 0.54 60 252 421 413 426 760
982 0.1314471541483971 -0.1279543332041621 0.8449228889209952 117 90 64 0.13 60 253 421 414 426 761
983 0.1314471541483971 -0.1279543332041621 0.8449228889209952 117 90 64 0.13 60 254 421 415 426 762
984 0.1386288192119581 -0.1283087426895578 0.8514177549187805 107 87 69 0.21 60 255 421 416 425 361 426 763
985 0.1465580892921263 -0.12451902549256 0.8602426924034809 166 127 87 0.26 60 256 90 355 426 764
986 0.1593925807670872 -0.1221340929605136 0.8695188855841314 87 61 49 0.31 60 257 420 396 426 765
987 0.07101845360804437 -0.1035894198867511 0.7893545091939886 145 112 78 0.22 60 258 90 356 421 417 425 362
988 0.2119581803285243 0.01263296444362588 0.7699077832233725 134 115 84 0.42 423 206 425 363 426 766 521 96
989 0.1426890771977832 -0.2803858959581711 0.9036399328760136 135 122 97 0.13 281 477 425 364 426 767
990 0.1210981538031346 -0.2632341121732764 0.8938623082152826 165 135 101 0.16 90 357 425 365 426 768
991 0.1280040276759949 -0.2573956721997708 0.8958767613930076 142 124 104 0.12 90 358 211 347 421 418 423 207 426 769
992 0.1468563063624186 -0.2522387485138632 0.9115625375313574 129 121 106 0.44 211 348 421 419 426 770
993 0.1254410656050502 -0.2458329601054471 0.8849525919598167 83 62 51 0.11 90 359 189 206 211 349 281 478 386 212 421 420 425 366 426 771 485 214 506 149
994 0.1318400723372177 -0.2443677623580994 0.8910792667669214 110 84 64 0.18 90 360 189 207 208 283 211 350 386 213 420 397 421 421 425 367 479 140 485 215 506 150
995 0.1010188175693819 -0.2445423703152635 0.8656053791620206 125 106 81 0.27 90 361 211 351 386 214 425 368 426 772
996 0.1509135854804688 -0.2320452229228676 0.9039701869799182 89 71 56 0.23 189 208 211 352 281 479 386 215 420 398 421 422 426 773 479 141 485 216 506 151 514 114
997 0.1194326115234862 -0.2281824418158721 0.875138935892158 136 107 82 0.24 90 362 211 353 421 423 426 774
998 0.1309968040199539 -0.2222342515878947 0.8746501409487499 167 141 104 0.2 189 209 208 284 281 480 386 216 425 369 426 775 479 142
999 0.1337256173562228 -0.2218139701402984 0.8783825337831106 163 134 98 0.26 90 363 189 210 208 285 211 354 281 481 386 217 426 776 479 143
1000 0.09927525031790352 -0.2271826142258437 0.8564605923253628 150 127 104 0.13 189 211 211 355 426 777
1001 0.1013336204223751 -0.2275349350175384 0.8589849109128307 75 53 42 0.2 90 364 211 356 386 218 420 399 425 370 426 778 506 152 514 115
1002 0.1200330566667358 -0.2220578051061795 0.8731635657913324 121 103 83 0.17 90 365 386 219 426 779
1003 0.1317893907123583 -0.2131283610206956 0.8757462353978491 155 130 102 0.46 189 212 208 286 211 357 420 400 425 371 426 780 479 144
1004 0.1278395586232677 -0.2102741710307481 0.8726925864965249 149 120 96 0.16 90 366 189 213 211 358 420 401 425 372 426 781
1005 0.1333072037649367 -0.2087410213928481 0.8751740977719384 147 111 80 0.18 90 367 211 359 281 482 350 243 386 220 425 373 426 782 479 145 485 217
1006 0.1450617925230533 -0.2122244093492381 0.8935499509876801 143 117 92 0.18 90 368 421 424 425 374 426 783
1007 0.1542823179439433 -0.2119941214813271 0.9017182475563408 156 124 89 0.53 90 369 211 360 281 483 386 221 420 402 421 425 425 375 426 784 479 146
1008 0.1103310452342718 -0.2049178159017173 0.8618358629447969 119 93 75 0.07 90 370 189 214 211 361 420 403 425 376 426 785 479 147
1009 0.1295473659733032 -0.2073432605018787 0.8744266854520582 164 133 104 0.68 90 371 189 215 421 426 426 786
1010 0.1450594542971109 -0.1986274418552874 0.8872020112325385 78 64 58 0.22 90 372 189 216 386 222 421 427 426 787
1011 0.1450716624674392 -0.1986210237177776 0.8871818116949399 78 63 55 0.19 90 373 189 217 386 223 421 428 425 377 426 788
1012 0.1007789415946322 -0.1994670762804275 0.8493815606432746 99 76 63 0.12 90 374 189 218 421 429 425 378 426 789 479 148 514 116
1013 0.1159579227307148 -0.1979216896426167 0.8596441863077426 148 124 98 0.17 90 375 189 219 211 362 281 484 314 68 386 224 420 404 421 430 425 379 426 790 479 149 506 153
1014 0.1130462681721133 -0.1940078053343331 0.8553633122746578 155 138 111 0.22 189 220 208 287 211 363 281 485 420 405 421 431 426 791 485 218
1015 0.1213277741898714 -0.1917311452315439 0.8610033899124008 181 156 121 0.23 60 259 90 376 421 432 425 380 426 792 485 219
1016 0.1224428369138535 -0.1913125347437605 0.8628302096633449 172 152 116 0.17 60 260 90 377 281 486 421 433 425 381 426 793
1017 0.127323732787179 -0.1925333397059561 0.8639861599079162 102 79 66 0.33 60 261 189 221 421 434 423 208 425 382 426 794 521 97
1018 0.1273934582945293 -0.1925167488644535 0.8639067866195338 102 78 64 0.31 60 262 90 378 189 222 421 435 423 209 425 383 426 795 521 98
1019 0.1343557832707697 -0.1955222286153369 0.87370378110159 107 81 64 0.2 90 379 189 223 208 288 211 364 281 487 386 225 420 406 421 436 425 384 426 796
1020 0.08950277515478322 -0.1922067400343935 0.837439795912871 117 86 69 0.2 60 263 350 244 426 797
1021 0.1169056297325851 -0.1855616247011865 0.8584832533625082 112 75 53 0.24 60 264 281 488 350 245 421 437 426 798 485 220
1022 0.1232031552984191 -0.1859307128949573 0.8658137343602388 143 114 84 0.29 60 265 189 224 211 365 350 246 386 226 426 799
1023 0.1333407041000697 -0.1770335818288029 0.8633659085711638 178 144 110 0.65 60 266 90 380 314 69 425 385 426 800
1024 0.151031802138565 -0.175068939403397 0.886131931982072 152 125 91 0.25 60 267 90 381 208 289 421 438 426 801
1025 0.1573839132348814 -0.1775059157679118 0.8904092106027421 110 87 70 0.19 60 268 90 382 189 225 421 439 425 386 426 802
1026 0.1570934667878586 -0.1776420336156228 0.890957135271033 100 79 64 0.28 60 269 90 383 189 226 386 227 420 407 421 440 425 387 426 803
1027 0.1548955352199239 -0.1692134972141116 0.8848521165851615 141 122 99 0.36 60 270 189 227 420 408 426 804 485 221
1028 0.08606116895156679 -0.1870512094263019 0.8303469317145313 138 125 103 0.74 189 228 281 489 420 409 421 441 426 805
1029 0.1078482021924395 -0.1785835781904379 0.8488029268710013 149 123 91 0.07 60 271 90 384 189 229 421 442 426 806
1030 0.1089567687252271 -0.1710698334179134 0.8448235570506675 132 110 88 0.41 211 366 420 410 421 443 426 807
1031 0.1142423132117534 -0.1725953268799822 0.8486599964639081 167 132 91 0.23 60 272 90 385 208 290 211 367 281 490 421 444 425 388 426 808
1032 0.1172199364044417 -0.1716317879725862 0.8514186480998709 153 125 92 0.32 60 273 90 386 211 368 386 228 420 411 425 389 426 809
1033 0.1198444730182695 -0.1769899239944389 0.8574841145029113 97 73 61 0.31 60 274 90 387 208 291 211 369 314 70 420 412 421 445 423 210 425 390 426 810
1034 0.1248347181600541 -0.1723768131372086 0.857381592452112 169 139 103 0.47 60 275 90 388 189 230 208 292 211 370 281 491 421 446 425 391 426 811
1035 0.1321111015837451 -0.1651882593066046 0.8600863369589382 116 87 63 0.13 60 276 90 389 189 231 211 371 281 492 425 392 426 812 479 150
1036 0.135493511916983 -0.1653196423309028 0.8648136472505767 142 111 83 0.17 60 277 90 390 211 372 350 247 425 393 426 813
1037 0.1416718391670265 -0.1626554060400261 0.8717381444649104 154 122 84 0.37 60 278 90 391 281 493 425 394 426 814
1038 0.1415928297477996 -0.1626780528179925 0.8722159098944902 145 117 86 0.08 60 279 90 392 421 447 425 395 426 815
1039 0.08807498322913787 -0.1761839004643658 0.8292412913654681 124 103 82 0.39 211 373 386 229 420 413 426 816
1040 0.08548673930813533 -0.1751435077478232 0.827802731922596 104 81 63 0.29 90 393 211 374 350 248 386 230 425 396 426 817
1041 0.0862540154386322 -0.1737835682221457 0.8303140596942438 152 133 105 0.18 90 394 421 448 426 818
1042 0.09664642912241417 -0.1708641362097957 0.8380066415163043 158 126 92 0.67 60 280 90 395 189 232 208 293 386 231 421 449 425 397
1043 0.09538934380471265 -0.1667678339327738 0.8301303103102851 157 124 93 0.61 60 281 189 233 208 294 211 375 350 249 386 232 421 450 479 151
1044 0.1159752337354295 -0.1674776439907632 0.8519700255105118 95 74 58 0.22 60 282 90 396 386 233 420 414 421 451 426 819
1045 0.1223185760759138 -0.1658585185736809 0.8539926166001313 119 87 59 0.34 60 283 90 397 211 376 421 452 425 398 426 820
1046 0.1759679351882274 -0.1460166176765796 0.8932460125546871 156 133 102 0.38 60 284 90 398 189 234 208 295 211 377 386 234 420 415 421 453 425 399 426 821 485 222
1047 0.09655772264014351 -0.1619512980051868 0.834448823627751 154 121 82 0.24 60 285 90 399 426 822
1048 0.09487757755419057 -0.1559647749657078 0.8321980120028531 159 127 93 0.25 60 286 189 235 208 296 211 378 426 823
1049 0.1168973924411757 -0.147545663079124 0.8462297398925742 163 130 93 0.59 60 287 90 400 211 379 350 250 426 824
1050 0.1221145157657958 -0.1504120932270873 0.8502623819661277 101 73 53 0.27 60 288 421 454 423 211 426 825 479 152
1051 0.132278621601344 -0.143742294467149 0.8507557671978934 186 153 114 0.47 60 289 350 251 426 826 485 223
1052 0.1364645420593046 -0.142427630173768 0.853791357298129 161 130 98 0.43 60 290 350 252 420 416 426 827
1053 0.142368191400325 -0.14434717613182 0.8632114511179747 144 112 82 0.4 60 291 211 380 421 455 426 828
1054 0.1420384464297078 -0.1444271783978675 0.8669182543124461 134 108 77 0.41 60 292 90 401 386 235 425 400 426 829
1055 0.139155654880928 -0.142037453490769 0.8626362511356163 165 134 98 0.28 60 293 90 402 189 236 211 381 421 456 425 401 426 830 479 153
1056 0.1527999490196129 -0.1434515716085584 0.8750153224182693 119 92 67 0.27 60 294 90 403 425 402 426 831
1057 0.1532271005954718 -0.1413157005990205 0.8745572702604498 150 127 98 0.15 60 295 90 404 420 417 421 457 425 403 426 832
1058 0.1611862896889156 -0.1428714389676885 0.8806440152849615 101 82 67 0.39 60 296 421 458 426 833
1059 0.1723459218363742 -0.1332439172886701 0.8888769871125917 160 135 101 0.74 60 297 90 405 211 382 281 494 386 236 420 418 425 404 426 834
1060 0.128429764594486 -0.1351415462076568 0.8452325362619484 151 116 84 0.22 60 298 189 237 208 297 211 383 314 71 350 253 386 237 423 212 426 835 485 224
1061 0.1317497989913727 -0.1406862735202311 0.8509060812005309 177 147 112 0.38 60 299 90 406 189 238 386 238 421 459 425 405 426 836
1062 0.1348537417826057 -0.1321485902905646 0.8469207464455057 97 76 58 0.15 60 300 90 407 189 239 211 384 386 239 421 460 425 406 426 837 485 225
1063 0.1357876399737277 -0.1336643164739009 0.8487861662248399 163 130 89 0.22 60 301 90 408 211 385 281 495 386 240 425 407 426 838 479 154 485 226
1064 0.1694155840229175 -0.1292633970292091 0.8818907789920543 155 127 93 0.46 60 302 90 409 208 298 211 386 281 496 420 419 421 461 423 213 425 408 426 839 521 99
1065 0.1195411250351931 -0.1314850791017507 0.8393261192414063 156 127 92 0.25 60 303 90 410 189 240 421 462 425 409 426 840
1066 0.1211841117932566 -0.1311616290814742 0.8407268941165529 135 110 83 0.36 60 304 189 241 386 241 420 420 421 463 426 841
1067 0.1339077191960738 -0.1272475973493964 0.8466386621903885 120 90 62 0.21 60 305 90 411 211 387 281 497 421 464 425 410 426 842
1068 0.1571246986430561 -0.12135461955757 0.8685551637293458 156 126 91 0.35 60 306 90 412 421 465 425 411 426 843
1069 0.06988536461764638 -0.1231035652443267 0.7973714745809934 191 152 102 0.68 60 307 90 413 211 388 421 466
1070 0.1100636469213736 -0.2841708088612019 0.8918764700447437 105 85 72 0.45 211 389 350 254 425 412 426 844
1071 0.1027245736316573 -0.2338493766361486 0.8631843420587593 89 68 58 0.11 90 414 189 242 208 299 211 390 281 498 386 242 421 467 425 413 426 845 479 155
1072 0.1211612370772061 -0.2321793450415901 0.8780779192919124 172 143 107 0.28 90 415 189 243 211 391 423 214 425 414 426 846 479 156 485 227 514 117
1073 0.1569575053391149 -0.2217015089229745 0.9034814950127652 162 137 105 0.2 90 416 208 300 211 392 281 499 420 421 421 468 425 415 426 847 514 118
1074 0.1314595813527565 -0.2181391576994079 0.8773971683455264 162 132 98 0.26 90 417 189 244 208 301 211 393 281 500 386 243 420 422 425 416 426 848 479 157
1075 0.1522813693297563 -0.2037977203766885 0.8954483939821829 86 64 52 0.25 90 418 189 245 211 394 281 501 386 244 420 423 421 469 425 417 426 849 479 158 485 228 506 154
1076 0.1570724105593364 -0.2024727523745958 0.898791585121067 97 74 59 0.15 90 419 189 246 208 302 211 395 281 502 386 245 420 424 421 470 426 850 479 159 514 119
1077 0.1043097942164342 -0.2161594394963302 0.8584888838933789 95 67 55 0.17 90 420 189 247 208 303 211 396 281 503 386 246 420 425 421 471 423 215 426 851 479 160 485 229 514 120
1078 0.1069585108593517 -0.2103071634663402 0.8578366010275973 163 136 104 0.19 189 248 208 304 211 397 281 504 420 426 421 472 425 418 426 852 479 161 485 230
1079 0.1302363415470185 -0.2039290415411081 0.8716157813255339 174 142 109 0.04 90 421 189 249 421 473 426 853
1080 0.1279643572058962 -0.2007703226401794 0.8685684386087138 161 134 104 0.12 90 422 421 474 426 854
1081 0.1359112275066523 -0.197677422928021 0.8756254714436631 158 125 89 0.26 90 423 189 250 208 305 211 398 281 505 386 247 420 427 421 475 425 419 426 855 479 162 485 231 514 121 521 100
1082 0.1368406373549801 -0.1982721155870095 0.8791218129565981 80 61 51 0.36 90 424 211 399 281 506 350 255 386 248 420 428 421 476 425 420 426 856 485 232
1083 0.1398803484617707 -0.1998578124789768 0.8824812403015598 152 122 92 0.13 90 425 211 400 421 477 423 216 425 421 426 857
1084 0.1427855979302132 -0.203831844772751 0.8845326404579152 148 126 102 0.36 90 426 189 251 211 401 386 249 420 429 426 858
1085 0.1459749015440219 -0.2017060915925006 0.8893967721934264 94 70 58 0.47 90 427 211 402 350 256 421 478 425 422 426 859 485 233
1086 0.1539497756350843 -0.2003743088763967 0.8917657515090254 160 132 98 0.36 90 428 189 252 208 306 211 403 281 507 386 250 420 430 421 479 423 217 425 423 426 860 479 163 514 122 521 101
1087 0.1576683951082519 -0.1996041033959509 0.8959730042834613 177 145 112 0.55 90 429 189 253 281 508 421 480 425 424 426 861 479 164 485 234
1088 0.157284594284871 -0.1951450796795593 0.8952034286936124 102 76 57 0.16 90 430 208 307 211 404 421 481 423 218 425 425 426 862
1089 0.1568797165682289 -0.1928154174851908 0.8977095833115678 162 128 98 0.41 90 431 189 254 208 308 211 405 281 509 420 431 421 482 425 426 426 863
1090 0.09271837290499385 -0.2015371136482301 0.8417866847680588 111 83 68 0.25 60 308 189 255 208 309 211 406 350 257 386 251 426 864
1091 0.1078498112899599 -0.1997223057361022 0.8510753992078344 126 107 85 0.99 386 252 420 432 421 483 425 427 426 865 485 235 506 155
1092 0.1120829417892792 -0.1967804770395843 0.8567224897274293 89 69 55 0.18 90 432 189 256 211 407 281 510 420 433 421 484 425 428 426 866 479 165 485 236 514 123
1093 0.1160235417314103 -0.1957529792301183 0.8599564221242701 86 64 55 0.4 208 310 211 408 350 258 386 253 420 434 421 485 426 867
1094 0.1278562102742538 -0.1804484384214751 0.8618302012234555 192 164 120 0.71 60 309 281 511 421 486 426 868
1095 0.1700345690843208 -0.1636909830352819 0.8927502189089878 83 70 63 0.38 60 310 90 433 189 257 208 311 420 435 423 219 425 429 426 869 521 102
1096 0.1175002850382002 -0.1748629857974232 0.8526102951329608 137 115 91 0.31 60 311 189 258 211 409 386 254 420 436 421 487 423 220 426 870
1097 0.1301708045917734 -0.1686775296814451 0.8599026879778986 172 132 93 0.17 60 312 90 434 189 259 208 312 211 410 421 488 423 221 425 430 426 871 514 124
1098 0.1611708095490028 -0.1575723906453116 0.8854797580320013 155 120 84 0.86 60 313 211 411 426 872
1099 0.1688592344848077 -0.1615998225243076 0.8915163534018542 141 122 101 0.32 60 314 90 435 189 260 211 412 420 437 421 489 423 222 425 431 426 873
1100 0.07982487638747604 -0.1686866862031354 0.8205909702929168 110 85 66 0.29 60 315 211 413 281 512 426 874
1101 0.08496703938708672 -0.1695167623661166 0.8234631166615651 186 131 90 0.3 60 316 189 261 314 72 485 237 514 125
1102 0.1209095729378726 -0.160609535747833 0.8499544626883524 173 141 101 0.42 60 317 281 513 386 255 426 875 479 166
1103 0.1255117006676186 -0.1569444931574165 0.853653222210607 93 72 58 0.16 60 318 90 436 189 262 211 414 225 17 281 514 420 438 421 490 423 223 425 432 426 876 479 167
1104 0.136180698562299 -0.1526589434963707 0.857239990078438 142 119 96 0.47 60 319 350 259 420 439 426 877
1105 0.1452181113354615 -0.1541978903469035 0.8694939759715412 161 133 99 0.76 60 320 90 437 189 263 208 313 211 415 350 260 420 440 421 491 425 433 426 878 514 126
1106 0.1622154386179178 -0.1496228686703318 0.8846740124849526 165 137 98 0.23 60 321 90 438 189 264 208 314 281 515 386 256 421 492 425 434 426 879 485 238
1107 0.1679551300772283 -0.1480604409215412 0.8863011109537717 173 139 99 0.46 60 322 90 439 208 315 211 416 281 516 386 257 426 880 485 239
1108 0.1717215479968647 -0.1423926038025521 0.8876049775827619 160 129 95 0.26 60 323 90 440 189 265 208 316 211 417 420 441 421 493 423 224 425 435 426 881 514 127
1109 0.1757160681799198 -0.1437531767515916 0.894894956177434 109 84 62 0.36 60 324 90 441 189 266 208 317 211 418 281 517 420 442 421 494 423 225 425 436 426 882 485 240
1110 0.08593755054472973 -0.1637749298396209 0.8225032300679205 126 106 83 0.44 90 442 420 443 423 226 425 437 426 883
1111 0.08567890746163498 -0.1586561828829469 0.8213920241222492 153 125 90 0.31 60 325 90 443 189 267 208 318 211 419 386 258 423 227 425 438
1112 0.1139371834822874 -0.1518574829717369 0.8420459155835101 99 76 63 0.21 60 326 189 268 421 495 423 228 425 439 426 884
1113 0.1303010718223708 -0.1503697570724005 0.8544939730633114 166 132 93 0.38 60 327 90 444 189 269 208 319 211 420 281 518 350 261 386 259 421 496 423 229 425 440 426 885 514 128
1114 0.1311568211316192 -0.1479453252511766 0.8544817081938096 112 80 59 0.14 60 328 189 270 208 320 211 421 426 886 514 129
1115 0.1331438475184653 -0.1468636391274864 0.8566579967201819 89 71 58 0.3 60 329 90 445 189 271 208 321 211 422 281 519 386 260 420 444 421 497 423 230 425 441 426 887
1116 0.1343885130045459 -0.1413477017607633 0.850365949562617 114 91 70 0.35 60 330 208 322 211 423 386 261 420 445 423 231 426 888
1117 0.1733000786447413 -0.135962648154876 0.8900975354758489 167 129 87 0.33 60 331 208 323 211 424 426 889
1118 0.08161972827261299 -0.1520329965960612 0.8131077899266919 158 129 96 0.37 90 446 189 272 208 324 281 520 386 262 420 446 426 890 514 130
1119 0.08057894136986288 -0.1474930334798077 0.8137089779803635 176 131 80 0.2 60 332 208 325 211 425
1120 0.1088582004488372 -0.1451760677481375 0.8342186023132683 167 141 104 0.19 60 333 90 447 189 273 208 326 211 426 281 521 386 263 420 447 423 232 425 442 426 891 479 168 514 131
1121 0.1035604811929677 -0.1392867316705767 0.8301956924357436 105 78 62 0.3 60 334 211 427 426 892
1122 0.1110237742751831 -0.1423784022800371 0.8320238387009713 128 97 73 0.29 60 335 189 274 208 327 281 522 423 233 426 893
1123 0.1243467516510279 -0.1408654750189826 0.8419719714583054 195 165 116 0.32 60 336 208 328 211 428 281 523 426 894
1124 0.1228540067120634 -0.1342271465220542 0.8420273544709915 81 56 44 0.33 60 337 90 448 189 275 208 329 211 429 386 264 420 448 421 498 423 234 425 443 426 895 514 132
1125 0.1226336398205941 -0.1342157969370776 0.8424399718400977 87 56 42 0.31 60 338 90 449 189 276 211 430 421 499 423 235 425 444 426 896 479 169 485 241 514 133
1126 0.13330357472387 -0.1344336372111052 0.8466731938578498 176 146 107 0.26 60 339 90 450 189 277 208 330 211 431 386 265 423 236 425 445 426 897 485 242
1127 0.1323776698952867 -0.1309731549611375 0.8453668959576506 172 144 106 0.33 60 340 90 451 189 278 208 331 211 432 281 524 386 266 420 449 421 500 423 237 425 446 426 898 479 170 485 243
1128 0.1430105527618994 -0.1363278299530433 0.8623788050466081 163 134 93 0.31 60 341 208 332 211 433 421 501 426 899
1129 0.1539684941707061 -0.1336883339520252 0.868900019827868 163 136 99 0.33 60 342 189 279 208 333 211 434 281 525 420 450 426 900 485 244 514 134
1130 0.16998369885313 -0.1267325565747316 0.8803701073193937 104 76 58 0.34 60 343 90 452 189 280 386 267 420 451 423 238 425 447 426 901 485 245
1131 0.137901454720018 -0.2696079030739928 0.9009276858899726 151 132 102 0.2 90 453 208 334 211 435 281 526 386 268 423 239 425 448 426 902 479 171
1132 0.09494757688184952 -0.2444208824230358 0.8639473383606568 170 142 107 0.39 189 281 208 335 211 436 281 527 426 903
1133 0.115865516032863 -0.2391441662013517 0.8770994101086063 186 158 114 0.21 90 454 189 282 208 336 211 437 281 528 421 502 423 240 425 449 426 904 479 172 514 135
1134 0.1484117082727833 -0.2303308667729384 0.9018026774978392 169 147 110 0.2 90 455 189 283 421 503 425 450 426 905 514 136
1135 0.1569070786678086 -0.2280511595352979 0.9116407878491912 163 136 102 0.48 208 337 211 438 281 529 420 452 421 504 426 906 514 137
1136 0.09444826825493213 -0.2327187158896162 0.8578325831178903 161 144 117 0.36 90 456 189 284 208 338 211 439 426 907
1137 0.09551468202272662 -0.2214380972950473 0.8529102236912314 170 142 104 0.32 189 285 208 339 211 440 350 262 421 505 479 173 485 246 514 138
1138 0.1148184397982905 -0.2216181601945933 0.8698207966399478 167 131 94 0.28 90 457 189 286 208 340 211 441 281 530 421 506 423 241 425 451 426 908 514 139 521 103
1139 0.124563980316831 -0.2111257980363335 0.8719394841045389 70 51 45 0.15 90 458 189 287 208 341 211 442 281 531 350 263 386 269 420 453 423 242 425 452 426 909 479 174 485 247 506 156 521 104
1140 0.1136369388040721 -0.2043070010218743 0.8631849109321039 166 132 92 0.46 90 459 189 288 208 342 211 443 281 532 386 270 420 454 423 243 426 910 479 175 514 140 521 105
1141 0.1176114283804374 -0.2071124975286892 0.8676195276698022 100 78 66 0.34 208 343 211 444 421 507 423 244 426 911
1142 0.1648591945551898 -0.1906145445967184 0.9052504598781095 188 142 94 0.29 211 445 281 533 426 912 514 141
1143 0.1358609933299911 -0.193416957620848 0.8752044968088837 163 130 96 0.14 90 460 189 289 208 344 211 446 281 534 421 508 423 245 425 453 426 913 479 176 514 142
1144 0.1094795291953621 -0.1876343295816592 0.8537459891398496 174 134 90 0.36 60 344 90 461 189 290 208 345 211 447 281 535 386 271 423 246 425 454 426 914 514 143
1145 0.1241561215594623 -0.1879073249554713 0.8634863195932039 104 85 70 0.18 90 462 211 448 423 247 425 455 426 915
1146 0.1070415193939388 -0.1734438725969235 0.8461642666404929 101 80 64 0.38 60 345 208 346 211 449 426 916
1147 0.1072065653406559 -0.1734551871689995 0.8460070696764925 93 74 62 0.37 60 346 211 450 426 917
1148 0.1111086233549015 -0.1790110082944246 0.8492977250400817 86 65 52 0.33 90 463 189 291 386 272 420 455 421 509 423 248 426 918 479 177 506 157 514 144
1149 0.1250027296106122 -0.1753278280594895 0.8595887882309756 74 55 46 0.13 60 347 90 464 208 347 421 510 423 249 425 456 426 919 485 248
1150 0.1373111550185325 -0.169504808881961 0.867309459517513 162 139 107 0.44 60 348 90 465 189 292 208 348 211 451 281 536 386 273 420 456 421 511 423 250 425 457 426 920 479 178 485 249
1151 0.1374481445888444 -0.1640644784708593 0.8668140219666531 78 65 56 0.15 60 349 90 466 211 452 421 512 423 251 425 458 426 921
1152 0.09334642389377468 -0.1727657179771512 0.8348101836033148 167 130 88 0.57 60 350 90 467 189 293 208 349 281 537 386 274 421 513 423 252 425 459 426 922 514 145
1153 0.135841028929612 -0.1542153076278354 0.8611657054517354 89 66 53 0.43 60 351 90 468 189 294 211 453 386 275 420 457 421 514 425 460 426 923 485 250 514 146
1154 0.08373288795545475 -0.1618103854501025 0.8219903340650625 108 78 63 0.5 60 352 189 295 208 350 211 454 485 251
1155 0.08383291431924289 -0.1613723057399152 0.8217719260853753 105 84 69 0.35 60 353 90 469 189 296 208 351 211 455 421 515 425 461
1156 0.1067562729625844 -0.1554090337325891 0.8373238027349073 95 80 69 0.21 208 352 211 456 420 458 423 253 425 462 426 924
1157 0.1020276907298205 -0.1444330889383727 0.829069660406911 97 71 57 0.2 60 354 90 470 189 297 208 353 211 457 281 538 314 73 350 264 425 463 426 925 479 179 506 158 521 106
1158 0.1083561848851977 -0.1401474516977475 0.8281801568165195 158 126 93 0.47 60 355 189 298 426 926
1159 0.1634263408309039 -0.1242011578605547 0.8777311621166781 103 75 60 0.38 60 356 211 458 350 265 426 927 485 252
1160 0.1272296923732412 -0.1288774369083342 0.8424378754819142 101 75 59 0.35 60 357 90 471 189 299 421 516 425 464 426 928 514 147
1161 0.113187562940452 -0.2749509449133099 0.8895157723607232 166 144 106 0.75 90 472 189 300 208 354 211 459 281 539 386 276 420 459 423 254 425 465 479 180 514 148 521 107
1162 0.1508349886200491 -0.2422224631487953 0.910564441856289 158 145 117 0.58 189 301 208 355 211 460 420 460 485 253 513 89 514 149
1163 0.1145846462433315 -0.2476338058212331 0.8738446024396267 97 79 70 0.6 208 356 211 461 423 255 426 929
1164 0.1302489145290927 -0.2411067843883189 0.8863077690876271 164 142 107 0.45 90 473 189 302 208 357 211 462 281 540 421 517 423 256 425 466 426 930 514 150 521 108
1165 0.1251125089687959 -0.2364280867090364 0.8830239871895558 170 144 104 0.29 90 474 189 303 208 358 211 463 281 541 386 277 421 518 423 257 425 467 426 931 514 151 521 109
1166 0.1114093613665907 -0.227453483053158 0.8674457741714168 91 75 69 0.37 90 475 189 304 208 359 211 464 386 278 421 519 423 258 425 468 426 932
1167 0.1584814025287986 -0.1744992629341072 0.8909222008021092 166 136 101 0.28 60 358 90 476 189 305 421 520 425 469 426 933
1168 0.1589612741775984 -0.1742341474672922 0.8902961819081943 175 143 107 0.27 60 359 189 306 426 934
1169 0.1396774717907607 -0.1670632814956355 0.8696048922144224 92 77 64 0.56 60 360 90 477 208 360 211 465 350 266 386 279 421 521 423 259 425 470 426 935
1170 0.1545106109307848 -0.1576551418978367 0.8815408321850338 168 133 93 0.38 60 361 90 478 189 307 208 361 211 466 281 542 350 267 386 280 420 461 421 522 423 260 425 471 426 936 514 152
1171 0.1137341948511551 -0.1676938567857636 0.8500592053105926 171 132 89 0.38 60 362 90 479 189 308 208 362 211 467 281 543 386 281 421 523 425 472 426 937 514 153
1172 0.1599486322090712 -0.1477225591325181 0.8813601434206606 84 66 53 0.21 60 363 90 480 189 309 208 363 281 544 420 462 421 524 423 261 425 473 426 938 485 254
1173 0.09079495918825542 -0.1546784458020613 0.8253772837951561 189 136 85 0.1 60 364 90 481 189 310 514 154
1174 0.1006008284796535 -0.153098765697462 0.8345477670419934 183 137 91 0.47 60 365 90 482 189 311 208 364 211 468 281 545 421 525 426 939 514 155
1175 0.1149392085136602 -0.1486184147962293 0.8404973403131706 177 137 90 0.47 60 366 90 483 421 526 423 262 426 940 514 156
1176 0.1314345325912475 -0.1447113730046291 0.8518786986252276 164 135 100 0.49 60 367 90 484 189 312 208 365 211 469 386 282 420 463 425 474 426 941 479 181 521 110
1177 0.1771541488494034 -0.1329276566361162 0.8955007747818402 177 148 105 0.49 208 366 211 470 281 546 421 527 426 942
1178 0.1618475416288834 -0.129114505813264 0.8782336165911109 72 51 39 0.43 60 368 90 485 208 367 211 471 281 547 420 464 421 528 423 263 425 475 426 943 485 255 506 159 514 157
1179 0.1619867668191505 -0.1291154996379154 0.878093169326523 72 52 42 0.26 60 369 90 486 281 548 420 465 421 529 423 264 425 476 426 944 521 111
1180 0.08074794599327095 -0.1435090587574891 0.8112623661986158 108 83 66 0.35 60 370 90 487 189 313 208 368 211 472 386 283
1181 0.1039453889721529 -0.1376499040746347 0.8303132149001058 106 79 62 0.26 60 371 211 473 426 945
1182 0.07663649763450731 -0.1256747509484712 0.8016836563357901 104 77 57 0.29 60 372 90 488 208 369 423 265 425 477
1183 0.1421665129330371 -0.2336984411038485 0.8960900305460777 82 76 72 0.22 90 489 423 266 425 478 426 946
1184 0.1333530415516974 -0.2191361924457149 0.8800960001972782 66 54 50 0.36 90 490 189 314 211 474 281 549 420 466 423 267 425 479 426 947 479 182 513 90
1185 0.1331613105499837 -0.2192089332400302 0.8803638929059006 66 53 48 0.42 90 491 189 315 208 370 211 475 281 550 386 284 420 467 423 268 425 480 426 948 513 91
1186 0.1436371495594272 -0.2155923993533479 0.8927195308469016 83 66 54 0.4 90 492 386 285 421 530 423 269 425 481 426 949 479 183 513 92 514 158
1187 0.1112804653005235 -0.2133609732599471 0.8590353246132922 88 65 58 0.47 90 493 314 74 421 531 423 270 425 482 426 950 485 256 513 93
1188 0.1458077172730292 -0.1975642951683751 0.8880547923397402 87 72 61 0.32 90 494 189 316 208 371 211 476 386 286 421 532 423 271 425 483 426 951 479 184 513 94 514 159
1189 0.0959367993377882 -0.2042370710563676 0.8474588022958505 156 133 105 0.58 189 317 281 551 386 287 420 468 423 272 426 952 479 185 485 257 506 160 513 95
1190 0.1330854366079408 -0.1780868573403364 0.8659802779689907 158 128 92 0.58 60 373 90 495 189 318 208 372 211 477 386 288 425 484 426 953 485 258 513 96
1191 0.1526842608198187 -0.1648786073003633 0.8845394898279546 157 137 108 0.4 60 374 90 496 189 319 211 478 421 533 423 273 426 954
1192 0.1703546355862728 -0.1583088886426861 0.8939639657932426 94 78 64 0.43 60 375 90 497 386 289 421 534 423 274 425 485 426 955 485 259
1193 0.1733737109638487 -0.1524924731984056 0.898584197620744 195 152 95 0.45 60 376 211 479 281 552 421 535 426 956 514 160
1194 0.1494704559037129 -0.1461703095322076 0.869602451034106 189 132 74 0.31 60 377 208 373 426 957 514 161
1195 0.149681829434272 -0.1414872826351904 0.8704057524804185 95 72 58 0.42 60 378 90 498 189 320 208 374 211 480 281 553 350 268 421 536 423 275 425 486 426 958 479 186 485 260 513 97 514 162
1196 0.1524524314524683 -0.1442302926903609 0.8723960294246971 98 78 59 0.64 60 379 90 499 421 537 423 276 426 959 485 261
1197 0.09842510543337002 -0.1417517033452897 0.8275413615095983 172 146 107 0.66 60 380 90 500 281 554 423 277 425 487 426 960
1198 0.1090434105849247 -0.1378244594181398 0.8325732251015598 171 136 99 0.39 60 381 90 501 423 278 425 488 426 961
1199 0.1376686684287528 -0.2499483820562522 0.9039164592144528 169 147 109 0.48 189 321 208 375 281 555 426 962 513 98 514 163
1200 0.1388569329592131 -0.2298013771549579 0.8931048687545018 160 134 102 0.37 90 502 189 322 208 376 211 481 281 556 386 290 421 538 423 279 425 489 426 963 479 187 513 99 514 164
1201 0.1288131571151199 -0.2061879203806393 0.8730494307286418 154 120 85 0.41 90 503 208 377 211 482 386 291 423 280 425 490 426 964
1202 0.1282849106720192 -0.2064075472996921 0.8739601400275059 165 131 98 0.49 189 323 208 378 211 483 281 557 420 469 421 539 426 965 479 188 513 100
1203 0.1198382084482473 -0.1819177995201641 0.8590036578169682 156 131 100 0.36 60 382 211 484 421 540 423 281 425 491 426 966
1204 0.1368620155195925 -0.1817041340380096 0.8671234993445818 81 68 58 0.37 60 383 189 324 208 379 211 485 386 292 423 282 425 492 426 967 513 101
1205 0.1576899899477793 -0.1586504591956286 0.884027566140817 95 79 63 0.43 60 384 90 504 208 380 211 486 281 558 421 541 423 283 425 493 426 968 513 102
1206 0.09636896105184534 -0.2285212433278406 0.8558822866248355 70 65 70 0.39 420 470 423 284 426 969
1207 0.1241360440254581 -0.1413103727816369 0.8437334040061812 181 151 112 0.42 60 385 90 505 189 325 208 381 421 542 423 285 425 494 426 970 479 189 485 262
1208 0.1365749200852856 -0.3000663409450691 0.9098607062324471 143 123 94 0.15 90 506 211 487 425 495 426 971
1209 0.1086891117648012 -0.2654269760364354 0.8828267483802479 110 96 82 0.1 90 507 425 496 426 972
1210 0.141992926172694 -0.2538497709809704 0.9035458683099749 102 86 72 0.73 90 508 281 559 426 973
1211 0.13130922870174 -0.2491106726387544 0.8928896053418576 166 148 118 0.09 90 509 281 560 350 269 420 471 425 497 426 974
1212 0.1225959191193953 -0.2414039783230786 0.8818168683957011 141 121 93 0.14 90 510 425 498 426 975
1213 0.1396294328247545 -0.2368798700569336 0.8933705950975672 143 134 109 0.08 90 511 421 543 425 499 426 976
1214 0.1517990189049448 -0.2455761588303663 0.914992016647475 138 148 155 0.23 90 512 281 561 386 293 426 977
1215 0.1221043266177625 -0.2372894706473472 0.8806692367599185 109 86 64 0.19 90 513 211 488 281 562 386 294 421 544 426 978 506 161
1216 0.1228034405371152 -0.2361343571143367 0.8818289847376628 159 139 111 0.17 90 514 421 545 426 979
1217 0.1260631184381711 -0.2258419208298991 0.8761079113240691 165 133 98 0.27 90 515 281 563 421 546 425 500 426 980 485 263
1218 0.1457892537159673 -0.2335855624474828 0.8997041968317576 84 63 53 0.26 90 516 386 295 420 472 425 501 426 981 479 190
1219 0.1481718528465976 -0.2246673122297135 0.8973351259608899 160 136 106 0.26 90 517 281 564 420 473 421 547 425 502 426 982 485 264
1220 0.1478753289868657 -0.2221139287412029 0.8969879052723564 145 122 96 0.17 90 518 281 565 386 296 420 474 421 548 425 503 426 983
1221 0.1595827318038989 -0.2297357729079035 0.913087078159196 82 80 84 0.64 90 519 189 326 208 382 211 489 281 566 420 475 421 549 426 984 485 265
1222 0.1575182012929113 -0.2270621362704441 0.9084167210030014 159 149 126 0.15 90 520 421 550 426 985
1223 0.1575182012929113 -0.2270621362704441 0.9084167210030014 159 149 126 0.15 90 521 421 551 426 986
1224 0.1616114377019562 -0.2304509324017092 0.9136181443923088 189 204 219 0.8 90 522 386 297 426 987 485 266
1225 0.09839677104951516 -0.2273817842431553 0.857673813139304 130 112 93 0.19 90 523 189 327 386 298 420 476 425 504 426 988 479 191 506 162
1226 0.116362476222527 -0.2267083422143769 0.8698237438559684 108 95 78 0.33 90 524 420 477 426 989
1227 0.1216445783813538 -0.2198927899725216 0.8752626199606088 104 79 63 0.15 90 525 421 552 425 505 426 990
1228 0.1464737255551205 -0.2134405926983303 0.8963709523025443 99 75 61 0.26 90 526 420 478 425 506 426 991
1229 0.1481233944300334 -0.2068571702630473 0.8914707729095879 149 122 90 0.32 90 527 211 490 281 567 386 299 420 479 421 553 425 507 426 992 485 267
1230 0.1650826584294226 -0.2138828294632228 0.9087267570579702 120 112 104 0.37 90 528 211 491 281 568 386 300 420 480 421 554 425 508 426 993 485 268
1231 0.1646372090815785 -0.2108454588134677 0.9083003099051647 92 91 101 0.41 90 529 211 492 281 569 350 270 421 555 426 994
1232 0.1008042326296075 -0.2114422613433717 0.8531190414583294 137 116 98 0.2 90 530 350 271 420 481 426 995
1233 0.1112290245601485 -0.2065607602540859 0.8619294163132445 154 122 93 0.1 90 531 421 556 425 509 426 996
1234 0.1334661706642297 -0.200730010620884 0.8748070064156186 66 47 35 0.08 90 532 281 570 425 510 426 997 485 269
1235 0.1371665803444693 -0.1953171954781986 0.8776824126133438 89 75 60 0.51 90 533 386 301 421 557 425 511 426 998
1236 0.1379045789644309 -0.1968907791808681 0.881714136651174 148 120 93 0.24 90 534 421 558 426 999
1237 0.1544835468836723 -0.2033423684459328 0.8973719349937481 79 58 48 0.24 90 535 281 571 386 302 420 482 421 559 425 512 426 1000 485 270
1238 0.162684383748545 -0.1977706370571849 0.9025955080251895 121 102 81 0.42 90 536 281 572 421 560 425 513 426 1001
1239 0.1634761546706263 -0.1912768370937347 0.9023857368217172 106 86 65 0.12 90 537 421 561 425 514 426 1002
1240 0.1611895503705156 -0.1903881257737514 0.8962239208377245 130 115 90 0.43 90 538 386 303 421 562 426 1003
1241 0.1620420644050332 -0.1901302929679749 0.8987047693494714 140 120 99 0.57 90 539 211 493 420 483 421 563 426 1004
1242 0.1694281688705082 -0.1950657000241637 0.9059621849959059 110 105 103 0.08 90 540 281 573 426 1005 485 271
1243 0.09681047299711643 -0.1896134808148869 0.843540720920313 178 141 93 0.33 90 541 421 564 426 1006 514 165
1244 0.1177358432015391 -0.1950373745675369 0.8606427327781565 131 118 100 0.25 90 542 420 484 426 1007
1245 0.1139020375412713 -0.1927027509563952 0.8601781557710071 143 115 86 0.12 90 543 421 565 426 1008
1246 0.1089091604757425 -0.1904742423820552 0.852666259035648 94 75 59 0.13 90 544 421 566 426 1009
1247 0.1116185094212359 -0.1868136880458208 0.8563370510897812 95 77 57 0.05 90 545 425 515 426 1010
1248 0.1236133523777342 -0.1903302150362129 0.8669173810207318 141 117 91 0.19 90 546 421 567 426 1011
1249 0.1371107370442319 -0.185441864370724 0.8729137203767916 96 91 80 0.28 90 547 421 568 426 1012
1250 0.137599933344013 -0.1829577399958544 0.8739738823410217 63 54 48 0.2 90 548 386 304 420 485 421 569 425 516 426 1013
1251 0.145080181735352 -0.1903719980405267 0.8818037859481014 137 117 92 0.7 90 549 208 383 211 494 386 305 420 486 421 570 426 1014
1252 0.1551543172025611 -0.1784857056457365 0.8886263973568502 90 67 47 0.09 90 550 281 574 421 571 426 1015 479 192
1253 0.1535362197351107 -0.1759751503733811 0.8896632566868197 93 74 61 0.11 90 551 420 487 421 572 425 517 426 1016
1254 0.1622049656564774 -0.1789380497556469 0.894039983397203 104 93 80 0.04 90 552 420 488 425 518 426 1017
1255 0.1636996222925513 -0.1757361821931959 0.8953419488550307 79 65 58 0.08 90 553 420 489 421 573 425 519 426 1018
1256 0.1632454320926513 -0.1731315232638643 0.8950622178149836 78 66 57 0.16 90 554 420 490 425 520 426 1019
1257 0.09361122570888092 -0.1835229932255614 0.8348812642125534 170 148 108 0.09 90 555 281 575 425 521 426 1020
1258 0.09184873963508822 -0.1761000854467283 0.8335210244885989 80 62 47 0.18 90 556 281 576 420 491 421 574 425 522 426 1021 479 193
1259 0.1441823695559299 -0.1692338597499857 0.8745852694145122 133 121 101 0.3 90 557 420 492 426 1022
1260 0.1500168414293334 -0.1657051270033999 0.8782483209301122 80 71 59 0.3 90 558 421 575 425 523 426 1023
1261 0.1524021954588803 -0.1658223102863295 0.8813498264839286 168 149 119 0.17 90 559 281 577 386 306 420 493 421 576 425 524 426 1024 485 272
1262 0.1524223580929438 -0.1628449528250228 0.880445985102676 157 141 112 0.24 90 560 420 494 421 577 425 525 426 1025 485 273
1263 0.1647253554707387 -0.1586536835624762 0.887236418685555 147 136 116 0.41 90 561 281 578 420 495 421 578 426 1026
1264 0.1683342144454322 -0.1577914850013057 0.8910550523917333 133 120 103 0.22 90 562 350 272 420 496 425 526 426 1027
1265 0.1701672541390465 -0.1605543658111536 0.8922438997399142 91 83 71 0.18 90 563 421 579 426 1028
1266 0.09497652387044886 -0.172399879374864 0.8365801461916456 77 65 52 0.31 90 564 386 307 420 497 426 1029
1267 0.09994124684492167 -0.1715549540626902 0.8415496586878668 93 73 56 0.15 90 565 386 308 420 498 421 580 426 1030
1268 0.105548837445707 -0.1702984139864483 0.8448646831662547 78 66 60 0.35 90 566 420 499 421 581 426 1031
1269 0.1085689598075138 -0.1681910149139494 0.8430673350743072 142 125 104 0.81 90 567 421 582 426 1032
1270 0.1187420483236037 -0.1551931706057796 0.8465348464727549 87 71 57 0.6 90 568 421 583 426 1033
1271 0.1370492827743981 -0.1529433075567037 0.8626641231682166 160 142 116 0.06 90 569 420 500 421 584 426 1034
1272 0.1365351390866033 -0.1499486063748375 0.8579766475530941 116 100 78 0.08 90 570 425 527 426 1035
1273 0.151307196349572 -0.1585315486279597 0.8806865328920666 120 99 72 0.09 90 571 281 579 425 528 426 1036
1274 0.1515664743798834 -0.146657721844437 0.8727776101792308 92 83 69 0.42 90 572 421 585 426 1037
1275 0.178250770196176 -0.1472001943186074 0.8983780163222415 117 109 100 0.13 90 573 350 273 421 586 426 1038
1276 0.1796909801425141 -0.1465286630175456 0.89898808085049 169 179 192 0.18 90 574 421 587 425 529 426 1039
1277 0.0869925848494203 -0.1560878187695615 0.8247423636993274 110 83 65 0.25 90 575 281 580 350 274 421 588 426 1040 479 194 506 163
1278 0.09231054039965103 -0.154601390719085 0.8281018022098883 77 68 61 0.13 90 576 420 501 421 589 426 1041
1279 0.1000394973254087 -0.1574594611935406 0.8329133006513005 133 122 102 0.18 90 577 420 502 421 590 425 530 426 1042
1280 0.1121116186004903 -0.1524579652243844 0.8418144802056569 77 59 42 0.08 90 578 421 591 425 531 426 1043
1281 0.1151578640962144 -0.1490955382870748 0.8445043120098008 95 79 62 0.21 90 579 281 581 420 503 421 592 426 1044
1282 0.1150859796168688 -0.149376558076985 0.8428447646476371 127 108 86 0.67 90 580 420 504 421 593 426 1045
1283 0.136037119904982 -0.1443222290149701 0.8614362292253321 122 107 85 0.16 90 581 420 505 426 1046
1284 0.1377231564595363 -0.1435671703608656 0.8612093629626385 81 69 58 0.19 90 582 420 506 421 594 426 1047
1285 0.1322757560928046 -0.1368352726611599 0.8471280311819747 141 106 68 0.34 90 583 211 495 386 309 425 532 426 1048 514 166
1286 0.1464088879676544 -0.1465724818914604 0.8664856280626121 153 125 91 0.09 90 584 425 533 426 1049
1287 0.1486322880947626 -0.1405252623734195 0.8699506892730007 83 69 57 0.24 90 585 420 507 421 595 425 534 426 1050
1288 0.1502984052059 -0.1388447837055101 0.8705408425240755 143 124 102 0.46 90 586 189 328 421 596 426 1051
1289 0.1666476518084324 -0.1399324328586167 0.8825980754482396 157 134 105 0.06 90 587 425 535 426 1052
1290 0.1663099296045588 -0.1344353521082094 0.8832565310294058 154 133 104 0.16 90 588 421 597 426 1053
1291 0.1697623920960954 -0.1346740605107337 0.8880448522657898 99 85 69 0.08 90 589 421 598 425 536 426 1054
1292 0.1756393850041448 -0.1334466201369359 0.8925396880211485 115 96 74 0.32 90 590 281 582 420 508 421 599 425 537 426 1055
1293 0.1811709965125146 -0.134568885327009 0.8963781815147813 78 80 86 0.27 90 591 208 384 421 600 426 1056
1294 0.09582264998588963 -0.1433357970582144 0.8211003448253933 148 113 85 0.4 90 592 189 329 208 385 211 496
1295 0.1153043914727795 -0.1305911037511914 0.8359436553787025 109 88 59 0.34 90 593 281 583 426 1057
1296 0.1304197540868055 -0.1331240532723191 0.8477497483297611 124 89 58 0.77 90 594 426 1058 479 195 485 274
1297 0.1522636696527889 -0.1309659665191129 0.8657952080201079 116 95 71 0.98 90 595 421 601 426 1059
1298 0.1585327272121994 -0.1238388042570765 0.8699310419845945 153 131 107 0.16 90 596 420 509 421 602 426 1060
1299 0.06879759583496459 -0.1315035931950627 0.7966759382881918 118 94 74 0.49 90 597 281 584 426 1061
1300 0.07060909422149875 -0.1266732412827399 0.7961799231899087 139 125 106 0.28 90 598 420 510 426 1062
1301 0.07582420251857702 -0.1252467153560351 0.7991008143183018 119 105 88 0.12 90 599 420 511 426 1063
1302 0.1697847621119355 -0.1025510760701929 0.8739924478750811 83 66 52 0.45 90 600 420 512 426 1064
1303 0.181574595475833 -0.1025558941407254 0.8807403206707847 126 109 89 0.61 90 601 420 513 426 1065
1304 0.07205280666189173 -0.1068855418021756 0.7890741843506746 135 115 94 0.19 90 602 350 275 420 514 425 538 426 1066
1305 0.07243010700603947 -0.1068854406652333 0.7885280676917046 142 118 92 0.12 90 603 350 276 425 539 426 1067
1306 0.06827327814781015 -0.09738619067127763 0.7819546782763604 162 140 112 0.61 90 604 420 515 425 540 426 1068
1307 0.0757977563785267 -0.1015095942030311 0.7863427312925091 102 75 49 0.25 90 605 386 310 425 541 426 1069
1308 0.1059601826945115 -0.04593859093655313 0.7935646050487211 115 97 68 1.24 90 606 386 311 426 1070
1309 0.1211910879321818 -0.006251445811842529 0.789593373370526 117 99 68 2.37 90 607 421 603 426 1071
1310 0.1668056363563163 0.008500711787998945 0.8238503228739655 128 104 78 0.29 90 608 426 1072
1311 0.1272592203903385 -0.298951280328396 0.902900005178878 159 135 108 1.14 90 609 189 330 211 497 281 585 425 542 426 1073
1312 0.1299518154986542 -0.2746664228892654 0.8941051772543429 96 73 60 0.38 90 610 350 277 386 312 423 286 425 543 426 1074 506 164
1313 0.1278859268632658 -0.2575195549330601 0.89620041425244 140 121 97 0.27 90 611 211 498 281 586 386 313 420 516 423 287 425 544 426 1075
1314 0.1369065219789216 -0.2451205272837949 0.8943271735923053 157 141 110 0.33 90 612 281 587 350 278 420 517 425 545 426 1076 479 196
1315 0.1402961454328862 -0.2496239854489427 0.9028583526983067 130 118 96 0.13 90 613 189 331 421 604 423 288 425 546 426 1077 514 167
1316 0.1403909051850316 -0.249391164482261 0.9023535891812806 127 109 86 0.3 90 614 189 332 420 518 485 275 514 168
1317 0.1369007974467124 -0.235507338522021 0.8920377305919001 135 118 93 0.56 90 615 189 333 281 588 386 314 421 605 425 547 426 1078
1318 0.1415515651910709 -0.23455838480332 0.8964759313930419 83 73 63 0.17 90 616 189 334 208 386 211 499 421 606 425 548 426 1079 479 197 514 169
1319 0.1398339203246489 -0.2269599209447646 0.889897373454315 168 148 111 0.4 90 617 208 387 386 315 421 607 426 1080 485 276 514 170
1320 0.1221485517557969 -0.2119925921805253 0.869913418180071 154 126 95 0.13 90 618 189 335 386 316 421 608 425 549 426 1081 479 198
1321 0.1351643126421151 -0.2162707091728828 0.8846451200347034 81 66 56 0.46 90 619 211 500 421 609 426 1082
1322 0.1565082041616469 -0.2147974218931128 0.9004109381350003 138 116 92 0.38 90 620 189 336 420 519 425 550 426 1083 514 171
1323 0.1163414455932894 -0.2037203186417106 0.8664267610378391 92 75 63 0.41 90 621 420 520 426 1084
1324 0.1325212773700527 -0.1997918080767367 0.8726246486103804 165 131 95 0.09 90 622 189 337 208 388 211 501 281 589 386 317 421 610 425 551 426 1085 479 199 514 172
1325 0.1503790069326713 -0.201267178193271 0.8924418943159633 138 118 100 0.2 90 623 420 521 426 1086
1326 0.1488145484548915 -0.1972604696713035 0.8912483116858776 135 110 86 0.22 90 624 189 338 211 502 386 318 421 611 426 1087
1327 0.09074227177974026 -0.1984122422602337 0.8424163353172345 142 114 89 0.07 90 625 421 612 426 1088
1328 0.1062433413508747 -0.1901744950253561 0.8529015521201706 122 104 85 0.12 90 626 420 522 425 552 426 1089
1329 0.1062610143632724 -0.1881434676736998 0.8526159397928963 97 68 50 0.15 90 627 281 590 421 613 425 553 426 1090 514 173
1330 0.1131220901483704 -0.1923092002993158 0.8573943243613724 88 77 63 0.15 90 628 420 523 425 554 426 1091
1331 0.1171490673439843 -0.1895162942741447 0.8596879743151644 117 100 75 0.39 90 629 386 319 421 614 426 1092
1332 0.1185370865455728 -0.1880352036875089 0.8591928741612571 80 60 45 0.16 90 630 386 320 421 615 425 555 426 1093
1333 0.1253662681959062 -0.18569159001924 0.8670617683282715 136 111 82 0.22 90 631 386 321 421 616 425 556 426 1094 479 200
1334 0.1547090022273132 -0.1828540341236419 0.889214678720933 131 116 99 0.34 90 632 420 524 421 617 426 1095
1335 0.1652149071647887 -0.1796824276416589 0.8937623211248718 163 136 102 0.68 90 633 208 389 211 503 281 591 420 525 421 618 425 557 426 1096 485 277 514 174
1336 0.08481106592585896 -0.1781980262460769 0.8290817320722197 79 54 47 0.34 90 634 314 75 350 279 426 1097 514 175
1337 0.09128260326103088 -0.1864398725226067 0.8366412742192573 136 116 88 0.08 90 635 386 322 421 619 426 1098
1338 0.1132527091755045 -0.178762434120872 0.8488633901712375 107 83 67 0.26 90 636 189 339 208 390 211 504 420 526 423 289 426 1099 479 201 521 112
1339 0.1206446035541965 -0.1683993258678731 0.8555691220345014 131 112 88 0.11 90 637 420 527 421 620 425 558 426 1100
1340 0.1501910465957743 -0.1675754749965697 0.8807093622932831 143 123 91 0.15 90 638 208 391 211 505 386 323 421 621 425 559 426 1101
1341 0.09178148593441138 -0.1677984216984031 0.8259253720764783 159 133 101 0.16 90 639 208 392 211 506 425 560 426 1102
1342 0.1067155488938605 -0.15707267669609 0.8430283774422458 153 127 98 0.04 90 640 425 561 426 1103
1343 0.1221857141078645 -0.1560763899739347 0.8509361271800833 139 122 98 0.2 90 641 225 18 420 528 425 562 426 1104 485 278
1344 0.07875977027341119 -0.1610331266399143 0.8144582285039832 103 78 61 0.3 90 642 189 340 211 507 386 324 421 622 514 176
1345 0.08682444610170958 -0.15008189532373 0.8159891378606434 152 127 99 0.55 90 643 281 592 426 1105
1346 0.09774687745285449 -0.1556240071495101 0.8325368926464884 129 115 96 0.12 90 644 189 341 386 325 420 529 421 623 425 563 426 1106
1347 0.1203515091070406 -0.1497044937646747 0.8486293913804583 147 115 84 0.33 90 645 189 342 208 393 211 508 420 530 421 624 425 564 426 1107 514 177
1348 0.1755151305241345 -0.135188691178123 0.8916872017441797 140 125 104 0.27 90 646 420 531 421 625 425 565 426 1108
1349 0.07854477548036898 -0.1394829590430971 0.8096275027562154 107 92 79 0.18 90 647 189 343 426 1109
1350 0.1109985939600725 -0.1364076795514941 0.8307776368851725 146 125 101 0.05 90 648 420 532 425 566 426 1110
1351 0.1083518606754421 -0.1339369532713469 0.8323957264310011 140 112 86 0.16 90 649 189 344 420 533 421 626 426 1111 514 178
1352 0.1190664902556253 -0.1316107748820481 0.8402636583693508 144 119 92 0.16 90 650 189 345 421 627 425 567 426 1112
1353 0.1453184130055231 -0.1250515485043 0.8597458900977726 143 115 85 0.19 90 651 421 628 425 568 426 1113
1354 0.1543792058969091 -0.1289577335803398 0.8702147797151902 127 102 82 0.18 90 652 189 346 208 394 211 509 420 534 426 1114
1355 0.1544935304644218 -0.1223793579915787 0.8677197951275113 112 100 79 0.06 90 653 425 569 426 1115
1356 0.07434293167574879 -0.08476023433968614 0.7805948644370713 139 116 83 0.9 90 654 386 326 426 1116
1357 0.1084202781439197 -0.06385224962027615 0.8063648766511193 119 101 75 1.03 90 655 386 327 426 1117
1358 0.1067801297832127 -0.3117321773453739 0.8984321157160171 154 147 140 1.01 90 656 386 328 426 1118
1359 0.1224156826472852 -0.3082042289180422 0.9051045658579786 182 150 114 0.07 90 657 421 629 425 570
1360 0.140071791597194 -0.2992570344471482 0.9169563970193899 158 136 105 0.29 90 658 208 395 211 510 281 593 386 329 425 571 426 1119
1361 0.108937453798115 -0.2818948351837355 0.8901649313297266 139 126 107 0.26 90 659 211 511 350 280 420 535 426 1120
1362 0.121933317971548 -0.266594181846582 0.8933671607531057 134 116 94 0.74 90 660 208 396 211 512 386 330 420 536 423 290 425 572 426 1121
1363 0.1149101433925199 -0.2553226963351024 0.8841129170964452 110 95 77 0.35 90 661 208 397 211 513 281 594 423 291 426 1122
1364 0.1381751057495932 -0.2490467290702764 0.9002053797768608 185 166 129 0.49 90 662 281 595 421 630 423 292 485 279
1365 0.1578414328312794 -0.2374477457102548 0.9120490591604453 97 87 85 0.26 90 663 189 347 208 398 211 514 281 596 350 281 421 631 423 293 425 573 426 1123 485 280 506 165 521 113
1366 0.129075625110863 -0.2375920585593224 0.8842014372464113 98 72 53 0.37 90 664 281 597 386 331 423 294 426 1124 514 179
1367 0.09753762898275975 -0.2294836348256566 0.8575183737537635 98 80 70 0.4 90 665 208 399 281 598 386 332 423 295 425 574 426 1125
1368 0.1275793986683421 -0.2208769090342864 0.8770969997106095 86 67 61 0.35 90 666 189 348 420 537 425 575 426 1126
1369 0.1310912094663913 -0.2110628660113077 0.8756328683976442 83 57 44 0.31 90 667 423 296 425 576 426 1127 514 180
1370 0.153868452408583 -0.2138166737564362 0.8998050822196297 105 79 58 0.19 90 668 189 349 281 599 386 333 421 632 425 577 426 1128 479 202
1371 0.1602814514645647 -0.2169903770661012 0.9083579637136967 158 137 112 0.36 90 669 189 350 208 400 211 515 386 334 420 538 421 633 423 297 425 578 426 1129
1372 0.1636599339575092 -0.2037007294384112 0.9048753734302959 162 134 102 0.54 90 670 189 351 208 401 211 516 386 335 420 539 421 634 426 1130 485 281 514 181
1373 0.1261353030249527 -0.1954268430623005 0.8651465837796597 141 117 92 0.66 90 671 189 352 208 402 211 517 281 600 314 76 386 336 420 540 421 635 425 579 426 1131
1374 0.1570342432972008 -0.1952065064032875 0.8955766601675761 96 73 57 0.25 90 672 189 353 208 403 211 518 281 601 420 541 421 636 423 298 425 580 426 1132 506 166 514 182
1375 0.09637737281314407 -0.2000620708102071 0.8450605590094182 81 66 57 0.26 90 673 189 354 386 337 423 299 425 581 426 1133 521 114
1376 0.1308359579851686 -0.1940071795367314 0.8684636373687562 170 147 118 0.59 90 674 189 355 208 404 421 637 425 582 426 1134 485 282
1377 0.1681015174820817 -0.1844935529901674 0.9027979874123753 163 133 100 0.25 90 675 189 356 281 602 421 638 426 1135 485 283 514 183
1378 0.1684308561704014 -0.1793963134440061 0.9017429617604846 167 143 113 0.26 90 676 189 357 281 603 350 282 386 338 421 639 426 1136 514 184
1379 0.084105555014512 -0.1858982958958904 0.8306334247104019 108 82 63 0.38 90 677 189 358 208 405 211 519 281 604 386 339 426 1137 514 185
1380 0.1102847075570016 -0.1711402386746076 0.8474967869385917 146 119 91 0.45 90 678 189 359 386 340 420 542 421 640 423 300 425 583 426 1138 485 284
1381 0.09421011574393579 -0.1617579326675803 0.8285092882010461 141 118 95 0.21 90 679 189 360 211 520 425 584 426 1139
1382 0.1261999479203467 -0.1661833821692763 0.8575189408581987 70 52 45 0.11 90 680 189 361 208 406 386 341 421 641 423 301 425 585 426 1140 479 203 485 285 506 167 514 186
1383 0.1519882238721653 -0.1606826759679252 0.8778461254325594 150 131 105 0.43 90 681 421 642 426 1141
1384 0.1510554135386204 -0.1606673824553086 0.8792513300258376 147 127 102 0.22 90 682 189 362 420 543 421 643 425 586 426 1142 479 204
1385 0.161254395282479 -0.157607373713527 0.886087441021983 133 118 91 0.08 90 683 425 587 426 1143
1386 0.1729016304344902 -0.1468040332030772 0.8888404383019584 129 115 92 0.49 90 684 386 342 420 544 425 588 426 1144
1387 0.09268755226367942 -0.1490006834108407 0.8211696360799434 156 134 108 0.34 90 685 189 363 208 407 281 605 420 545 426 1145
1388 0.1069403306149651 -0.1553588052713062 0.8371385645257818 94 80 67 0.28 90 686 208 408 420 546 426 1146
1389 0.1113311857099972 -0.1498831188313765 0.8423890394414733 156 125 91 0.24 90 687 189 364 386 343 420 547 421 644 425 589 426 1147 479 205 514 187
1390 0.1169620172438524 -0.1428322234083059 0.8382656471907137 141 126 100 0.67 90 688 189 365 426 1148
1391 0.1274227601411021 -0.1486853073644611 0.8537760192508042 96 66 49 0.18 90 689 189 366 208 409 420 548 421 645 425 590 426 1149 479 206 514 188
1392 0.1273360494608204 -0.1487177225730166 0.8538696505853174 79 56 44 0.11 90 690 420 549 421 646 425 591 426 1150
1393 0.1448674608509318 -0.1410603603752379 0.8676555509528781 152 125 94 0.51 90 691 386 344 421 647 425 592 426 1151
1394 0.09420463104337129 -0.1374468050900473 0.8255174092732998 143 121 98 0.05 90 692 189 367 426 1152
1395 0.1123987470796768 -0.1339068485001826 0.8334084803358484 94 79 66 0.28 90 693 189 368 421 648 426 1153
1396 0.124747516701338 -0.1279826709358645 0.8416050016764083 137 112 81 0.56 90 694 421 649 426 1154
1397 0.1498264998221861 -0.1216964045246381 0.861771678349659 139 114 92 0.39 90 695 189 369 420 550 421 650 426 1155
1398 0.07038951343804123 -0.114314540645336 0.7899523823168346 104 79 62 0.21 90 696 189 370 208 410 386 345 421 651 425 593 514 189
1399 0.06809590975583346 -0.1129903155182023 0.7894181837324457 168 148 118 0.14 90 697 423 302 425 594 426 1156
1400 0.07300833475184443 -0.1097956749695227 0.7968412427370113 153 127 93 0.17 90 698 208 411 421 652 425 595
1401 0.08702020761114793 -0.1126067300186551 0.8036779508810199 129 108 87 0.46 90 699 189 371 426 1157
1402 0.07190578772675493 -0.1053247039325978 0.7869064059112296 96 82 65 0.8 90 700 189 372 386 346 425 596 426 1158
1403 0.1204163390914618 -0.294267207007562 0.8937625360186119 159 135 105 0.17 90 701 211 521 281 606 425 597 426 1159
1404 0.1354314992953166 -0.2937562426456975 0.9050766344989558 132 113 89 0.8 90 702 208 412 211 522 281 607 425 598 426 1160
1405 0.1082116209227215 -0.2626872008944394 0.8786877128732271 81 72 65 0.24 90 703 208 413 211 523 420 551 423 303 425 599 426 1161 514 190
1406 0.1202543139212527 -0.2472435946726178 0.8826426328781871 92 70 53 0.41 90 704 208 414 211 524 350 283 386 347 420 552 425 600 426 1162 514 191
1407 0.1337552090741401 -0.2416167612441119 0.8907428305796177 193 174 136 0.16 90 705 386 348 425 601 426 1163 485 286 514 192
1408 0.127410599328677 -0.2147344945221152 0.8726475717974957 157 135 103 1.02 90 706 211 525 386 349 421 653 423 304 425 602 426 1164 479 207
1409 0.1502269976691517 -0.218213723414689 0.8961083248603916 146 124 93 0.65 90 707 189 373 208 415 211 526 386 350 420 553 421 654 426 1165 506 168 514 193 521 115
1410 0.143628914802952 -0.2086497644559542 0.8893360253207307 154 133 106 0.3 90 708 189 374 208 416 350 284 421 655 423 305 425 603 426 1166
1411 0.1583474477212968 -0.2147737944387206 0.9032266535452695 96 79 69 0.36 90 709 189 375 281 608 386 351 421 656 423 306 426 1167
1412 0.1583429397965728 -0.2147085962956921 0.9032260154572553 91 77 67 0.39 90 710 208 417 211 527 421 657 423 307 426 1168
1413 0.09944036860453997 -0.2021996931347035 0.8447941027002741 160 133 103 1.12 90 711 208 418 211 528 314 77 421 658 425 604 426 1169 479 208
1414 0.1012589971258723 -0.2072960439607891 0.854699288908668 157 126 96 0.54 90 712 189 376 208 419 281 609 314 78 386 352 420 554 421 659 423 308 425 605 426 1170 479 209 506 169
1415 0.1398134452521819 -0.2020537401551411 0.8777571082243998 101 83 65 0.38 90 713 208 420 211 529 281 610 426 1171
1416 0.1502361006101014 -0.1864575766300081 0.8849967478288903 77 55 45 0.39 90 714 208 421 211 530 281 611 350 285 386 353 421 660 423 309 425 606 426 1172 479 210 485 287 514 194
1417 0.09041160506357759 -0.184292333493022 0.8346411352108392 105 77 63 0.44 90 715 189 377 208 422 211 531 350 286 386 354 423 310 425 607 426 1173 479 211
1418 0.1035530011145991 -0.1707235711347263 0.8408304279852465 182 134 91 0.52 90 716 189 378 314 79 421 661 426 1174 514 195
1419 0.1142298107531136 -0.1618411706381213 0.8447536640447706 151 132 105 0.3 90 717 189 379 211 532 350 287 386 355 421 662 423 311 425 608 426 1175
1420 0.124007324575557 -0.1645607749064403 0.8559025166879581 162 136 102 0.24 90 718 189 380 281 612 386 356 421 663 425 609 426 1176 479 212
1421 0.165122731412308 -0.1570286264575136 0.8884105006125058 89 68 51 0.32 90 719 208 423 281 613 425 610 426 1177 514 196
1422 0.1649461002447874 -0.1570090530379746 0.8887142451502366 80 59 44 0.37 90 720 281 614 386 357 425 611 426 1178 485 288 514 197
1423 0.087985095080371 -0.1499216574151049 0.8174527810796401 165 134 101 0.22 90 721 189 381 208 424 211 533 421 664 425 612 485 289
1424 0.1231859435283653 -0.1410848106548249 0.8435192975200627 174 150 113 0.12 90 722 425 613 426 1179
1425 0.09975313659849994 -0.1424936017310594 0.8255436369023765 156 139 108 0.34 90 723 208 425 211 534 386 358 421 665 425 614 426 1180 506 170 521 116
1426 0.0774461707986428 -0.1337911208640843 0.802114943184363 141 125 103 0.62 90 724 420 555 426 1181
1427 0.07547008085866136 -0.1318317205800333 0.8021926098057883 84 70 63 0.59 90 725 189 382 386 359 420 556 426 1182
1428 0.1563822933697948 -0.1000807132928563 0.8569341063701215 123 95 70 0.29 90 726 421 666 426 1183
1429 0.114486270866621 -0.3009386290828783 0.8956923738988936 119 96 73 0.36 90 727 208 426 211 535 281 615 386 360 420 557 425 615 426 1184 514 198
1430 0.1301480653828384 -0.2411397334728869 0.8865462565814906 163 143 108 0.44 90 728 189 383 208 427 281 616 421 667 423 312 425 616 426 1185 514 199 521 117
1431 0.1003623509103428 -0.2308640688259002 0.8582673428388576 154 125 94 0.39 90 729 208 428 425 617 426 1186
1432 0.1591129880173069 -0.218888824684156 0.9043364950364292 92 75 64 0.34 90 730 189 384 208 429 211 536 421 668 423 313 425 618 426 1187 485 290
1433 0.1488331853495962 -0.1998187027838304 0.8926188305396712 152 123 94 0.41 90 731 421 669 426 1188
1434 0.1598755781460354 -0.1983929462194287 0.8960487437397611 169 140 105 0.41 90 732 420 558 421 670 423 314 425 619 426 1189 514 200
1435 0.1594372626694719 -0.1986771889044728 0.8972657010662535 168 140 103 0.11 90 733 208 430 211 537 421 671 426 1190
1436 0.09393751352961055 -0.1971314205554491 0.8409815518287844 151 120 88 0.81 90 734 208 431 421 672 426 1191
1437 0.09737467478285511 -0.1964482793447002 0.8441583451460504 153 128 96 0.2 90 735 189 385 208 432 421 673 423 315 425 620 426 1192 479 213 521 118
1438 0.1170810430655347 -0.1908405829946936 0.8585815282578144 155 127 92 0.34 90 736 211 538 421 674 423 316 425 621 426 1193
1439 0.1284923058282249 -0.1886986151277572 0.864425402045788 160 139 109 0.38 90 737 189 386 208 433 281 617 386 361 423 317 425 622 426 1194
1440 0.1283446596183888 -0.1886038086991725 0.8645706426197597 145 130 109 0.4 90 738 189 387 386 362 420 559 425 623 426 1195
1441 0.1212369127526549 -0.1863321718735322 0.8641278997756929 106 90 77 0.33 90 739 208 434 211 539 420 560 423 318 425 624 426 1196
1442 0.1669046951567973 -0.1767758811106976 0.8947787531155214 96 83 70 0.26 90 740 281 618 425 625 426 1197
1443 0.1359641167806083 -0.172873597027333 0.8664010810971268 61 53 53 0.23 90 741 189 388 208 435 211 540 281 619 314 80 420 561 421 675 423 319 425 626 426 1198 479 214 514 201 521 119
1444 0.1453478080565502 -0.1733120941289502 0.8752287900806883 148 131 109 0.85 90 742 189 389 211 541 420 562 421 676 426 1199
1445 0.1417555086068381 -0.2562314937627395 0.9056588106682271 70 63 59 0.38 90 743 211 542 421 677 423 320 425 627 426 1200 479 215 513 103 514 202
1446 0.08513495928525361 -0.1777970759157458 0.8296206535051922 98 85 67 0.18 90 744 281 620 421 678 426 1201
1447 0.09549392406596524 -0.1741890861693964 0.8376440371868101 95 76 59 0.31 90 745 281 621 421 679 425 628 426 1202 479 216 514 203
1448 0.1061979356141861 -0.1723385394480547 0.844920185563121 95 73 60 0.29 90 746 423 321 426 1203 514 204
1449 0.13942453681228 -0.1763326648817956 0.873402930467668 138 120 96 0.64 90 747 189 390 281 622 420 563 421 680 423 322 425 629 426 1204 479 217
1450 0.140232015292721 -0.1760298640362412 0.8712390893081872 151 125 90 0.78 90 748 208 436 211 543 281 623 421 681 423 323 425 630 426 1205 479 218 514 205
1451 0.1629367479480351 -0.1606977972644228 0.8866061966703755 149 123 95 0.48 90 749 208 437 211 544 421 682 423 324 425 631 426 1206
1452 0.08260036647084867 -0.1591814913139277 0.8196825979806688 110 94 80 0.46 90 750 189 391 281 624 386 363 421 683 426 1207
1453 0.1046615615257972 -0.1541264608468071 0.8368292842815035 108 94 79 0.15 90 751 281 625 423 325 425 632 426 1208
1454 0.1085730264100756 -0.1565223239330089 0.843367284325149 159 126 89 0.49 90 752 208 438 211 545 421 684 423 326 425 633 426 1209 479 219 513 104
1455 0.1692330213266692 -0.1365751564572459 0.8901768002057697 122 98 77 0.43 90 753 208 439 211 546 425 634 426 1210 513 105
1456 0.1761906100406074 -0.1400061640096636 0.895829081191347 155 138 108 0.2 90 754 421 685 423 327 426 1211
1457 0.09709872401152653 -0.1420138844981724 0.8300269349338429 168 144 110 0.47 90 755 281 626 425 635 426 1212
1458 0.121226326353544 -0.004891090678714891 0.7910535649205024 169 113 60 1.03 90 756 426 1213 514 206
1459 0.129817327109765 -0.2160329402259976 0.8783873819114782 158 128 100 0.61 90 757 189 392 281 627 420 564 423 328 425 636 426 1214 479 220 513 106
1460 0.1401883713791566 -0.2120762774572321 0.8893129664248003 149 119 90 0.36 90 758 189 393 211 547 423 329 425 637 426 1215 513 107 514 207
1461 0.1255472956436156 -0.1981517584257746 0.8656979385484627 163 132 98 0.28 90 759 208 440 281 628 423 330 425 638 426 1216 479 221 514 208
1462 0.1614735235698601 -0.1944693305299165 0.8988078531545642 87 77 72 0.19 90 760 423 331 425 639 426 1217
1463 0.160940418392526 -0.1945847613107822 0.8996935880077028 83 76 74 0.29 90 761 421 686 423 332 426 1218
1464 0.1302818180331188 -0.1801080040929519 0.8662839089546526 153 124 91 0.36 90 762 208 441 211 548 281 629 423 333 425 640 426 1219
1465 0.1592238033134535 -0.1719549160838764 0.8889971648545909 149 124 95 0.44 90 763 189 394 211 549 423 334 425 641 426 1220 514 209 521 120
1466 0.1681968531770474 -0.155227245781459 0.8917183688384034 84 74 62 0.25 90 764 420 565 421 687 423 335 425 642 426 1221 514 210
1467 0.1840005099730166 -0.1037252297536398 0.8853823591982555 56 39 29 0.44 90 765 421 688 426 1222 514 211
1468 0.1355160180660858 -0.2191731374777283 0.883138625358745 64 56 53 0.31 90 766 423 336 425 643 426 1223
1469 0.113219721189925 -0.1642522961564393 0.8486162065929497 161 134 102 0.56 90 767 189 395 281 630 421 689 423 337 425 644 426 1224 513 108
1470 0.09666276777956029 -0.292405893156009 0.8756146797860049 145 143 142 1.53 90 768 350 288 386 364 426 1225
1471 0.1238969522935447 -0.2680638462892768 0.8948422153104154 60 43 40 0.12 281 631 420 566 421 690 485 291
1472 0.1264280116126498 -0.2223628947289822 0.8751723213477969 139 114 85 0.2 281 632 421 691 425 645 426 1226
1473 0.1023552559524431 -0.2139783584759276 0.8539433277358339 166 148 124 0.19 281 633 420 567 426 1227
1474 0.1247334979758803 -0.2088080753427016 0.871538239014624 175 144 108 0.23 281 634 421 692 425 646 426 1228
1475 0.160740001239951 -0.2123555041243189 0.9061178618820964 89 64 47 0.16 421 693 426 1229 485 292
1476 0.1614967789020321 -0.1823271337678323 0.8950834683845674 90 67 55 0.19 281 635 426 1230 485 293
1477 0.1674549240215882 -0.1566483213723575 0.8913278401647222 64 56 53 0.15 350 289 420 568 426 1231
1478 0.1562517260765554 -0.1443937555375915 0.8748878354474856 124 90 63 0.23 421 694 426 1232 485 294
1479 0.149018404645577 -0.1504336244096243 0.8708236688464945 106 92 73 0.33 281 636 420 569 426 1233
1480 0.1520866709856178 -0.1290114098352219 0.867139921899249 92 81 74 0.87 420 570 421 695 426 1234
1481 0.1287192118210654 -0.298318622789791 0.8970107367690352 161 133 101 0.13 208 442 211 550 425 647 426 1235
1482 0.1356791055138686 -0.296565893413805 0.8985482500605171 134 119 97 0.2 211 551 425 648 426 1236
1483 0.1180963756265004 -0.2884155975504675 0.8917852568363365 130 107 88 0.48 281 637 426 1237 479 222
1484 0.06389731245990626 -0.2190152680763753 0.8693143121409059 176 190 188 0.7 281 638 426 1238 521 121
1485 0.1208086241083089 -0.2145065437743268 0.8694116703935775 131 110 86 0.22 386 365 420 571 421 696 426 1239 506 171
1486 0.1580535229147384 -0.1950706027834121 0.8986214230980691 80 60 48 0.34 386 366 425 649 426 1240 479 223
1487 0.1127990337043254 -0.1904908611355375 0.8529964693816074 127 115 95 0.65 420 572 421 697 426 1241 485 295
1488 0.1731361143507852 -0.1762578698284148 0.9034018193595739 122 115 111 0.41 281 639 421 698 426 1242 485 296 506 172
1489 0.1024440413467707 -0.1737973504964916 0.8406047801885168 90 61 43 0.26 420 573 426 1243 514 212
1490 0.08047147061133364 -0.159017898196879 0.8174478237778124 120 110 97 0.43 386 367 420 574 426 1244
1491 0.1637683602754724 -0.15748500122252 0.8877097829266603 57 55 52 0.22 420 575 421 699 426 1245
1492 0.1479199654495261 -0.1308062398885758 0.8610731455836758 138 114 92 0.77 189 396 386 368 421 700 426 1246
1493 0.1367552684176612 -0.3020690776116314 0.8977771641450381 111 104 93 0.17 281 640 425 650 426 1247
1494 0.1369347652545522 -0.2981141884133523 0.9005392110920181 82 75 69 0.34 208 443 211 552 281 641 423 338 425 651 426 1248
1495 0.07789466269136758 -0.266812064141111 0.8985311149584758 175 190 202 1.03 208 444 211 553 281 642 426 1249 506 173
1496 0.08854264411369672 -0.2451108412725298 0.8687191852486367 116 97 78 0.33 208 445 281 643 426 1250
1497 0.0912157380546158 -0.2041908429185045 0.8429530278405586 157 132 102 0.34 189 397 211 554 281 644 386 369 420 576 426 1251 514 213
1498 0.107182574649976 -0.1878695383515624 0.851300600970982 84 60 43 0.19 386 370 426 1252 514 214
1499 0.1315711869817324 -0.1776008159950178 0.8626966171224324 136 119 95 0.48 281 645 386 371 420 577 426 1253 506 174
1500 0.1548236282594407 -0.1861685165790843 0.8903912002753676 156 131 104 0.22 189 398 208 446 386 372 426 1254 479 224 485 297
1501 0.1161312286200595 -0.1348400070468557 0.8357413545705057 139 104 73 0.26 350 290 423 339 426 1255 514 215
1502 0.1196085747097717 -0.3349102679881283 0.9287075413241608 86 78 96 0.45 281 646 423 340 426 1256
1503 0.08510071757685289 -0.1856532303350617 0.8291106947890334 108 84 70 0.22 189 399 211 555 426 1257 514 216
1504 0.1174208826043497 -0.3319152686198757 0.9273576484588801 226 209 144 0.59 208 447 211 556 281 647 423 341 425 652 426 1258
1505 0.1562574910752068 -0.1779442829493025 0.8895017199265662 92 74 61 0.14 421 701 423 342 426 1259 479 225
1506 0.1169902644761966 -0.1502062800315479 0.8433985955458172 103 70 54 0.66 281 648 350 291 426 1260 514 217
1507 0.0890833722535197 -0.3052060490305208 0.8997483953635377 168 186 200 0.7 208 448 211 557 281 649 423 343 425 653 426 1261
1508 0.08515769072609847 -0.2800526181077617 0.8922583613861799 86 70 58 0.79 208 449 281 650 425 654 426 1262
1509 0.1198827238940243 -0.1819125884754796 0.8589595035543323 135 116 92 0.37 211 558 421 702 423 344 425 655 426 1263 506 175
1510 0.1218326966013599 -0.256560734346578 0.8927672175062715 177 139 101 1.48 208 450 281 651 423 345 425 656 426 1264 479 226
1511 0.1267211045933205 -0.2272496705052758 0.8786003971047864 126 109 84 0.58 281 652 386 373 420 578 426 1265
1512 0.09738691489475959 -0.1550951873110401 0.8286098407232783 116 109 97 0.57 420 579 421 703 426 1266
1513 0.7912612685279398 0.001411338739309903 -0.0586150983136271 123 77 44 0.29 208 451 281 653 423 346 426 1267 513 109
1514 0.7298452546457042 -0.001145061031743271 -0.07588233652030762 111 119 123 1.22 143 24 350 292 426 1268
1515 0.7882729432559575 0.00834573839264139 -0.06233747282474456 103 76 39 0.45 143 25 423 347 426 1269
1516 0.8447886614347873 0.02418132792002969 -0.01858236703826399 122 105 74 0.29 208 452 281 654 423 348 426 1270 513 110
1517 0.8468741809521193 0.02588819938101937 -0.01589768321629847 129 105 77 0.49 143 26 208 453 423 349
1518 0.8364674712414785 0.0373150305848761 -0.0258798747009733 198 165 106 0.47 143 27 208 454 281 655 426 1271 513 111
1519 0.1296362202527415 -0.2952378657984502 0.8956227678780482 101 84 73 0.21 211 559 423 350 425 657 426 1272 521 122
1520 0.8089839677320464 0.006176442451146708 -0.04314758278641895 123 104 74 0.77 208 455 426 1273 521 123
1521 0.7707680701431131 0.01391348043408657 -0.07683577466704694 141 126 102 0.49 143 28 423 351 426 1274
1522 0.7707680701431131 0.01391348043408657 -0.07683577466704694 141 126 102 0.49 143 29 423 352 426 1275
1523 0.8034416611147033 0.02313803326105456 -0.04832805985463962 110 99 81 0.75 143 30 208 456 423 353 426 1276 521 124
1524 0.7479042033364561 0.01886035793966139 -0.09329664961853901 114 97 75 0.38 143 31 214 20 426 1277
1525 0.7735988387848413 0.005839733066295517 -0.07759617569997646 102 80 49 1.13 143 32 208 457 214 21
1526 0.8391571350369763 0.02392943937089794 -0.02254273420647801 107 94 67 0.36 143 33 423 354 426 1278
1527 0.7731314790282039 0.01453907350538704 -0.07510564416706367 137 114 86 0.22 143 34 423 355 426 1279 521 125
1528 0.7689645056651305 0.01803575583436223 -0.07535123588661974 54 40 25 0.38 143 35 214 22 426 1280 513 112
1529 0.8125872378692351 0.02203315466877655 -0.04132668043185872 115 44 36 0.61 143 36 208 458 426 1281 513 113
1530 0.7717390702148974 0.006934489359683611 -0.07703898764066663 38 35 33 0.76 143 37 423 356 426 1282
1531 0.7821272777616759 0.03089025655310355 -0.06803900554549447 22 17 14 0.43 143 38 214 23 426 1283 513 114 521 126
1532 0.8211123203997609 0.0104556935057857 -0.03499574517413662 128 106 72 0.52 143 39 208 459 426 1284
1533 0.7722261089646846 0.02012664783671666 -0.07563739633169753 191 125 54 0.45 143 40 208 460 214 24 281 656 513 115
1534 0.1366466552184787 -0.2935574549269124 0.899436238845065 73 64 58 0.32 208 461 211 560 281 657 423 357 425 658 426 1285 479 227
1535 0.1058436903164547 -0.2665151917023586 0.8807937408220714 179 168 139 0.06 189 400 208 462 211 561 350 293 426 1286
1536 0.1046940088179625 -0.2437442795586728 0.8689996385688741 103 74 60 0.21 189 401 386 374 421 704 423 358 425 659 426 1287 514 218
1537 0.106698994399783 -0.2257789248664537 0.8636589630791491 103 80 65 0.25 189 402 281 658 386 375 421 705 423 359 426 1288 479 228
1538 0.1278113080002863 -0.2207171222481719 0.8767846527125138 68 46 41 0.45 386 376 420 580 426 1289 514 219
1539 0.1190346166564904 -0.1608747338209791 0.8457767608439239 148 119 83 0.88 211 562 350 294 386 377 420 581 426 1290 514 220
1540 0.7838640903545931 0.006963054973432699 -0.06554169086688078 117 89 62 0.33 208 463 211 563 521 127
1541 0.7861249216111718 0.007551146191667191 -0.06389320741613069 123 89 58 0.28 208 464 513 116 521 128
1542 0.7753723632119683 0.02091942325543816 -0.07605377516343959 160 130 87 0.24 208 465 211 564 214 25 513 117
1543 0.7743900663519836 0.02192781072720556 -0.0757092555322777 67 43 19 0.11 208 466 423 360 513 118
1544 0.8303369242954051 0.03703071362586939 -0.03013744720960632 195 173 127 0.46 208 467 281 659 426 1291 513 119
1545 0.139819204855087 -0.2915192976658353 0.9349255369704401 78 78 78 0.47 211 565 281 660 426 1292
1546 0.7905033731064205 0.0005353414234409645 -0.05912175352271143 154 110 68 0.25 208 468 423 361 426 1293 513 120
1547 0.800600674588046 0.003825835106077424 -0.05014698137453144 129 111 78 0.32 208 469 423 362 426 1294
1548 0.208062527747038 -0.004424113803327252 0.7684312439806629 167 137 104 0.28 423 363 425 660 426 1295
1549 0.2060362461579085 -0.001695744142965264 0.7698629648379389 85 62 46 0.97 214 26 423 364 425 661 426 1296
1550 0.2203126476996482 0.001888948534011899 0.7813536663078307 98 74 54 0.3 423 365 425 662 426 1297
1551 0.1397393159110855 -0.2754694953888062 0.9026016342639533 120 109 90 0.32 211 566 386 378 423 366 425 663 426 1298
1552 0.1563499684088252 -0.1778118513254524 0.8892052049781507 99 72 50 0.25 281 661 421 706 423 367 426 1299 479 229 513 121 514 221
1553 0.1729338156224576 -0.144016475143511 0.8921816500937434 90 73 56 0.77 281 662 421 707 426 1300
1554 0.1330206500678273 -0.08265490306803372 0.8344902584313754 144 104 58 0.72 420 582 426 1301 514 222
1555 0.8345897638008986 0.03767521157980538 -0.02768026787867239 204 175 120 0.69 281 663 423 368 426 1302 513 122
1556 0.8510236279851523 0.03131627896661185 -0.01648418638840921 164 131 81 0.25 208 470 211 567 423 369
1557 0.7725883714776544 0.02580422374292628 -0.07418576931393084 192 142 69 0.51 208 471 281 664 513 123
1558 0.8310645779078942 0.03497675597474095 -0.02908525340666623 190 170 123 0.48 208 472 211 568 281 665 423 370
1559 0.835666672095187 0.03401916636226113 -0.02564235980149132 184 162 122 0.86 281 666 423 371 426 1303
1560 0.1464962136459282 -0.2504516634423838 0.8891960570773305 129 110 101 0.49 189 403 281 667 485 298
1561 0.1240014390849148 -0.2393581754656383 0.8807670682154571 82 73 71 0.15 189 404 420 583 506 176
1562 0.1472799380334616 -0.2331328427117972 0.9018882604352001 103 89 75 0.21 189 405 211 569 386 379 421 708 426 1304
1563 0.09362729506570555 -0.2130923852148494 0.8490833948901326 103 88 82 0.25 189 406 208 473 420 584 426 1305
1564 0.09464699285011968 -0.2103527206742453 0.8478941834788536 142 115 96 0.29 189 407 211 570 426 1306
1565 0.1032123036541676 -0.2267699874443995 0.8609862439879032 102 73 59 0.27 189 408 211 571 281 668 314 81 386 380 420 585 421 709 426 1307 479 230 506 177 514 223
1566 0.1462014463913124 -0.2153742681201892 0.8935671393313462 122 105 92 0.48 189 409 208 474 420 586 426 1308
1567 0.1502833327075133 -0.2149391476871393 0.8966264402174453 113 84 63 0.21 189 410 281 669 421 710 423 372 426 1309 479 231 514 224
1568 0.09727978375162649 -0.1928913982685401 0.8428293011218406 134 97 73 0.23 189 411 423 373 426 1310 514 225
1569 0.1168692620582896 -0.1869268718570035 0.8561507562862614 149 126 98 0.6 189 412 281 670 386 381 426 1311
1570 0.1122005357783377 -0.1580020919823109 0.8397298405865063 137 115 87 0.62 189 413 208 475 211 572 386 382 421 711 426 1312
1571 0.09800964767817655 -0.1533908624281231 0.8326572344919234 126 107 87 0.08 189 414 426 1313 479 232
1572 0.1261470378589714 -0.1545478895669336 0.8522785883593318 152 132 105 0.22 189 415 211 573 281 671 420 587 426 1314 485 299 506 178
1573 0.1207979623620815 -0.1494884542328437 0.8480956172414131 122 105 93 0.2 189 416 420 588 426 1315
1574 0.1490120090029066 -0.1443384647889296 0.8687686931108303 135 117 99 0.3 189 417 386 383 426 1316
1575 0.166198740839512 -0.1478934933587728 0.8841282821099281 146 128 109 0.28 189 418 421 712 426 1317
1576 0.1597748043744708 -0.1401413706639538 0.8791849875158211 84 78 75 0.05 189 419 421 713 426 1318
1577 0.1383452046828126 -0.1311429309925913 0.8493962627542269 104 85 68 0.07 189 420 426 1319 479 233
1578 0.1436623262112352 -0.1213187132244742 0.8537579318028097 126 105 83 0.82 189 421 421 714 426 1320
1579 0.1623391059176635 -0.1347873000220914 0.8788976154947441 150 130 105 0.44 189 422 281 672 425 664 426 1321
1580 0.07379788187163472 -0.1214458375447019 0.8003273959358355 96 84 76 0.33 189 423 420 589 421 715 426 1322
1581 0.08327160533376421 -0.1004606845032766 0.7869805137106081 99 82 68 0.33 189 424 386 384 425 665 426 1323
1582 0.1271913211310894 -0.08965898140142235 0.8260811343201979 135 114 93 0.17 189 425 421 716 426 1324
1583 0.1593477759718621 -0.2404285634625443 0.9134278075943094 164 190 228 0.4 189 426 421 717 426 1325 521 129
1584 0.1177633396378217 -0.1567165565951606 0.8429002798282639 116 104 96 0.56 189 427 420 590 426 1326
1585 0.1633635814524503 -0.1383514102702781 0.8813148577016188 122 112 100 0.28 189 428 420 591 426 1327
1586 0.07568681239558428 -0.1501903251094311 0.8115094214446923 107 91 77 0.62 189 429 281 673 420 592 426 1328
1587 0.1491435717272342 -0.1347934197902021 0.8631649593582917 161 135 105 0.21 189 430 208 476 211 574 421 718 426 1329
1588 0.07122564543734311 -0.1281154419088741 0.7890869475316113 161 161 160 0.81 189 431 208 477 211 575
1589 0.06994067121298309 -0.1023229432750731 0.7893952187723206 110 85 63 0.44 189 432 208 478 386 385 421 719 425 666
1590 0.1224137667699179 -0.3100442249011425 0.9144024346684119 174 152 128 1.06 189 433 281 674 426 1330
1591 0.09850978446738423 -0.2530262615371957 0.8647251893646595 108 93 83 0.31 208 479 350 295 420 593 426 1331
1592 0.0949544820903252 -0.2468574623879749 0.862522904055232 104 91 83 0.9 189 434 211 576 281 675 420 594 426 1332
1593 0.1330101643503689 -0.2295172077425093 0.8807946018485522 106 90 76 0.55 189 435 386 386 425 667 426 1333
1594 0.08285931973398164 -0.1945298246341035 0.8409484480272174 174 143 105 0.43 189 436 208 480 211 577 281 676 426 1334
1595 0.1308002054185702 -0.1824113837686313 0.8657717621492755 159 130 100 0.46 189 437 208 481 211 578 281 677 350 296 423 374 426 1335
1596 0.1702675013557221 -0.1819303627665724 0.9029961804158266 122 102 84 0.4 189 438 208 482 211 579 281 678 386 387 421 720 426 1336 485 300
1597 0.1153836481508161 -0.1296062667420306 0.8307547366897843 132 113 91 0.53 189 439 420 595 421 721 426 1337
1598 0.1113211806034585 -0.08782265097011085 0.8078973217695484 117 102 83 0.64 189 440 386 388 426 1338
1599 0.07078897150439811 -0.121756566947673 0.7979656537574413 192 136 82 0.3 189 441 208 483 211 580 514 226
1600 0.07911352968520491 -0.1038416172865246 0.7903549149173468 147 131 110 0.19 189 442 421 722 426 1339
1601 0.09041775795518303 -0.09704241135155589 0.8009895775148432 120 111 98 0.87 189 443 420 596 426 1340
1602 0.06431619872860517 -0.09831966874623473 0.779951267189321 171 148 123 0.31 189 444 421 723 426 1341
1603 0.7910738036628235 0.01182465808611494 -0.06033588438957316 150 118 80 0.18 208 484 214 27 350 297
1604 0.09632546152385135 -0.0702723926543178 0.7895222992505613 119 101 81 0.24 189 445 386 389 426 1342
1605 0.1040092216068219 -0.2587889064973808 0.8809535223309044 175 154 122 0.26 189 446 208 485 211 581 426 1343 513 124
1606 0.110676223883506 -0.1732793964666549 0.8470799512450899 168 137 103 0.49 189 447 208 486 281 679 421 724 423 375 425 668 426 1344
1607 0.09836875404321099 -0.1680099579873252 0.8374543424244645 121 108 97 0.35 189 448 420 597 426 1345
1608 0.150565624872789 -0.2094368307987817 0.8952988533086252 139 117 96 0.33 189 449 421 725 423 376 426 1346 479 234 506 179 521 130
1609 0.100479046839013 -0.1686647012597369 0.8444635761486847 148 121 90 0.51 189 450 208 487 211 582 423 377 425 669 426 1347 485 301 513 125
1610 0.1708721063121093 -0.1596962754022035 0.8974131397056484 118 105 94 0.33 189 451 386 390 426 1348
1611 0.1764974418868177 -0.1409822675412783 0.8918723860421034 127 108 93 0.64 189 452 386 391 426 1349
1612 0.1312461283418112 -0.2936893248822071 0.8964329421966404 154 126 96 0.14 208 488 211 583 425 670 426 1350
1613 0.1196468941921587 -0.1944952904125627 0.8630616829076183 86 65 49 0.12 208 489 211 584 425 671 426 1351 485 302
1614 0.1468156668206996 -0.1939617476569644 0.8885427028953954 150 123 90 0.11 208 490 425 672 426 1352
1615 0.154901031421256 -0.1861410588792072 0.8902523262258035 168 140 109 0.24 208 491 426 1353 485 303
1616 0.7979301211544626 0.005323513991281517 -0.05278119110323687 163 126 80 0.28 208 492 211 585 281 680
1617 0.8097492967276188 0.007604169795685595 -0.04332982473919056 164 130 87 0.14 208 493 211 586 281 681
1618 0.8217897209968464 0.01064145139364005 -0.03345596858114264 155 127 83 0.44 208 494 211 587 426 1354
1619 0.8232959630332125 0.007675498687806294 -0.03367991989661479 119 90 59 0.2 208 495 211 588 426 1355
1620 0.1515218275240838 -0.1440187044678543 0.8725956167891491 103 83 67 0.27 208 496 211 589 426 1356
1621 0.1718101717848899 -0.1447225589694405 0.8912814351043929 82 63 53 0.32 208 497 211 590 420 598 426 1357 485 304
1622 0.8029976102904219 0.007261064029160762 -0.04852354543942572 152 118 76 0.19 208 498 211 591 281 682
1623 0.8129619664388826 0.01406611238551102 -0.03659589067968139 126 118 94 1.8 208 499 281 683 426 1358
1624 0.8421337689191153 0.01910206114380542 -0.02083368395071061 128 100 63 0.21 208 500 211 592 281 684
1625 0.8316593899838788 0.02364150466556631 -0.02915950521320732 196 164 104 0.21 208 501 211 593 281 685
1626 0.829632750807227 0.02474736170936695 -0.03141924318814304 100 77 43 0.66 208 502 281 686 426 1359
1627 0.833737553578892 0.02637162667419876 -0.02755860915636132 201 172 118 0.4 208 503 211 594 281 687
1628 0.8349524540582337 0.02435982053692747 -0.02628662012608107 188 159 102 0.18 208 504 211 595 281 688
1629 0.8318273082758837 0.0296421734579486 -0.02861538017942455 153 116 78 0.2 208 505 211 596 281 689
1630 0.8366639777351589 0.03886135294323857 -0.02586833062604088 169 137 86 0.42 208 506 281 690 426 1360
1631 0.1138223123955435 -0.2569564400485636 0.8906869690899608 171 140 102 0.62 208 507 425 673 426 1361
1632 0.1364932458270062 -0.2028698245001521 0.8825074374531778 100 84 70 0.24 208 508 211 597 426 1362
1633 0.1688121708790788 -0.199435976316913 0.9048795170522868 84 78 76 1.07 208 509 211 598 281 691 420 599 426 1363
1634 0.1430557278516117 -0.1969042564986771 0.8843733029425513 163 126 92 0.24 208 510 421 726 425 674 426 1364
1635 0.04889502288175962 -0.1812392353724031 0.8596147367508746 106 81 64 0.5 208 511 211 599 281 692 426 1365 485 305
1636 0.07788962355626461 -0.177090565591224 0.8323189532288973 176 140 98 0.5 208 512 211 600 281 693 426 1366
1637 0.7961236051212398 0.003449159114140642 -0.05387608055541848 138 108 71 0.36 208 513 211 601 521 131
1638 0.8168650547674097 0.005998818595534604 -0.03920070213535931 132 97 60 0.36 208 514 281 694 426 1367
1639 0.05908300000401057 -0.1602332348723674 0.8302558661532766 193 203 214 0.49 208 515 350 298 426 1368
1640 0.09474484890127932 -0.1643692628197105 0.8294111339967969 77 64 54 0.15 208 516 421 727 426 1369
1641 0.1118707867196306 -0.1438005909323408 0.8485852964280969 153 122 84 0.42 208 517 281 695 426 1370
1642 0.1800021728287738 -0.1428710353930157 0.8954869073629617 111 88 67 0.33 208 518 281 696 421 728 426 1371 485 306
1643 0.8189387567866447 0.01068232022554704 -0.03584756357060181 160 126 78 0.18 208 519 211 602 281 697 426 1372
1644 0.8223523286008489 0.01146632073595782 -0.03294190662732288 141 113 74 0.11 208 520 211 603 426 1373
1645 0.1770680713461767 -0.1226995513980443 0.8885182387765342 152 119 86 0.39 208 521 211 604 426 1374
1646 0.7873603086260261 0.01413113361627145 -0.06172103175835075 131 103 70 0.3 211 605 281 698 350 299
1647 0.7962286131485398 0.01219670569597668 -0.05571683238505409 49 34 27 0.4 211 606 281 699 350 300
1648 0.7736593515822352 0.0309895155611027 -0.07521083945149054 147 110 72 0.37 208 522 211 607 214 28
1649 0.7730244095043716 0.03151425875705373 -0.07555178383312022 169 136 92 0.34 208 523 211 608 214 29
1650 0.7773846862015483 0.02987723541429457 -0.07108332580535937 144 105 67 0.25 208 524 211 609 214 30
1651 0.7396069694460849 0.03001992912806967 0.07484286837432419 22 20 21 0.74 208 525 281 700 426 1375
1652 0.1138086939370275 -0.2665043430743503 0.8937717423347675 152 125 97 0.86 208 526 211 610 423 378 426 1376
1653 0.09481608066893976 -0.2361910087771517 0.8570182247262688 111 94 79 0.6 208 527 211 611 281 701 420 600 426 1377
1654 0.1006339546811036 -0.2308365042839225 0.8578830356629077 145 124 98 0.5 208 528 423 379 426 1378
1655 0.1035933564392948 -0.2302339271964676 0.8613509947184943 159 135 99 0.12 208 529 211 612 426 1379
1656 0.1035933564392948 -0.2302339271964676 0.8613509947184943 159 135 99 0.12 208 530 211 613 426 1380
1657 0.1668223488966973 -0.1816211452435937 0.898302035989804 93 71 56 0.33 208 531 211 614 281 702 423 380 426 1381 514 227
1658 0.8339006131568309 0.01228064720175447 -0.02828787263429411 148 111 67 1.81 208 532 426 1382
1659 0.8431346282388958 0.01432316498237583 -0.01752045608105024 155 125 84 0.81 208 533 281 703 423 381 426 1383 521 132
1660 0.0741995183955404 -0.1592759092493546 0.82336987458977 181 152 110 0.49 208 534 281 704 426 1384
1661 0.168680836996618 -0.1342125049618238 0.884577400771378 160 122 80 0.54 208 535 420 601 421 729 426 1385 514 228
1662 0.8429015442894614 0.01516975845052979 -0.01914880656940654 141 122 86 0.26 208 536 281 705 426 1386
1663 0.7853008834946742 0.009890560137457156 -0.06255022717070891 144 112 74 0.17 211 615 281 706 350 301
1664 0.8450218044632748 0.02191235010987883 -0.01833384691642215 149 127 90 0.13 208 537 281 707 426 1387
1665 0.7537305585373218 0.009709110880713183 -0.08920036919837071 197 167 105 0.16 208 538 423 382 513 126
1666 0.7796863839947027 0.02091632396692319 -0.06979460717569119 132 105 75 0.11 208 539 211 616 214 31
1667 0.7912561105346939 0.001381905719995746 -0.05858460597669113 115 70 42 0.24 208 540 423 383 426 1388 513 127
1668 0.8439627782297472 0.02245522931452249 -0.01890363138506224 92 81 61 0.28 208 541 423 384 426 1389 513 128
1669 0.7707086601974056 0.01864839871635271 -0.07555704794973084 186 129 64 0.16 208 542 211 617 423 385 513 129
1670 0.7851601807195223 0.01945765883438547 -0.06494787086294684 113 92 65 0.25 208 543 211 618 214 32
1671 0.1374746125050953 -0.2953391261321079 0.9006881506770017 115 103 89 0.53 208 544 211 619 426 1390
1672 0.1569761378427008 -0.2377974667252346 0.9091503175857576 89 80 73 0.59 208 545 281 708 421 730 426 1391
1673 0.164869823947671 -0.1876258542791216 0.9016031916212799 172 135 95 0.69 208 546 426 1392 479 235 513 130 514 229
1674 0.1717447304151921 -0.1497540065376455 0.8982092351975204 161 135 104 0.35 208 547 281 709 423 386 426 1393 513 131
1675 0.1598563618189051 -0.1260863594502573 0.8740313141912761 155 130 95 0.4 208 548 421 731 426 1394
1676 0.7712010263496657 0.02057946753413378 -0.07608070358734431 200 144 71 0.19 208 549 211 620 214 33 513 132
1677 0.1080223733931877 -0.1470258287240763 0.8480432384886754 143 116 88 0.73 208 550 211 621 350 302 425 675 426 1395
1678 0.7503878941229165 0.01422094886511893 -0.09121679530462246 168 122 76 1.03 208 551 211 622 214 34
1679 0.8344819006238429 0.03760001567800021 -0.0276134451270249 202 168 110 0.35 208 552 211 623 423 387 513 133
1680 0.7761306966258856 0.02283657823023173 -0.0717067496015027 64 50 28 1.19 208 553 211 624 214 35 513 134
1681 0.119417571628769 -0.3148996028029721 0.911025890278349 148 135 117 0.09 211 625 420 602 426 1396
1682 0.1367620750930826 -0.302089007977367 0.8979856436429674 124 110 96 0.36 211 626 281 710 426 1397 479 236
1683 0.1398339119112099 -0.3031618484763665 0.9260754148961383 114 106 101 0.24 211 627 281 711 426 1398
1684 0.1014131581037794 -0.2554040057544367 0.8663571365498259 122 107 92 0.78 211 628 281 712 420 603 426 1399
1685 0.1197922498727266 -0.1944710746894261 0.8629198079043752 87 71 56 0.07 211 629 425 676 426 1400
1686 0.0854765719777002 -0.1993374636733939 0.8351824372206631 128 113 96 0.34 211 630 281 713 420 604 426 1401
1687 0.07546971715098516 -0.1985163623910782 0.8475248867849556 116 85 66 0.32 211 631 281 714 426 1402
1688 0.1233598532853878 -0.1896357901383036 0.8637528342837766 95 73 59 0.27 211 632 281 715 350 303 420 605 421 732 426 1403 485 307
1689 0.11695775586632 -0.1797921755742286 0.8538808376599976 151 125 96 0.38 211 633 350 304 420 606 421 733 426 1404 485 308
1690 0.1629256984506789 -0.1723726626280995 0.9198655822144735 176 187 191 0.31 211 634 281 716 426 1405
1691 0.08985451663781441 -0.1740815196180946 0.8334033883795278 86 73 66 0.2 420 607 421 734 426 1406
1692 0.1114320997274379 -0.1688324592427342 0.8478099980255906 110 85 65 0.19 211 635 421 735 426 1407
1693 0.1122700909250012 -0.167311007538809 0.8480363194524576 152 127 97 0.25 211 636 421 736 426 1408
1694 0.1192775363700678 -0.1706910317476287 0.8575600492199253 122 97 73 0.44 211 637 421 737 425 677 426 1409
1695 0.1535072942980052 -0.139550389588121 0.875398020482917 99 75 56 0.43 211 638 281 717 386 392 420 608 421 738 426 1410 514 230
1696 0.178830826019356 -0.1418129737603977 0.9027792922750186 117 115 112 0.17 211 639 281 718 350 305 426 1411
1697 0.0729354556401749 -0.1436593035939916 0.8066501540490958 85 74 63 0.37 386 393 420 609 426 1412
1698 0.8089649275582015 0.007393179120347732 -0.04390623454903875 126 101 72 0.21 211 640 281 719 426 1413
1699 0.8165156549414717 0.0101557305647359 -0.03773446946047787 148 119 78 0.21 211 641 281 720 426 1414
1700 0.1960097126981948 0.01561015605346449 0.7512398640505702 148 111 75 0.23 281 721 425 678 426 1415
1701 0.130339065428062 -0.3117970661168212 0.9195966507178035 135 119 102 0.37 211 642 281 722 426 1416
1702 0.0867519660339402 -0.2764339517017995 0.8902236198140026 124 112 88 0.25 211 643 426 1417 506 180
1703 0.05064118359547665 -0.2631119835238317 0.9758330218789071 94 80 70 2.18 425 679 426 1418
1704 0.1566461874794908 -0.2278273112430038 0.9170632652208164 75 78 86 0.14 211 644 281 723 426 1419
1705 0.1663724747665156 -0.1277023395848996 0.8801375156984417 76 54 46 0.72 211 645 420 610 426 1420 485 309
1706 0.1603603229203777 -0.2183723674305652 0.9025446534036854 97 74 57 0.23 211 646 281 724 426 1421 485 310
1707 0.1737293099503988 -0.172644540211649 0.901119425272731 73 75 74 0.25 211 647 281 725 426 1422
1708 0.7855296399872387 -0.0007911107079790897 -0.06343013001704445 125 101 71 0.23 423 388 426 1423 521 133
1709 0.1674815947056604 -0.1535599427625019 0.9140165377254719 74 73 73 0.32 211 648 281 726 426 1424
1710 0.8435700716329798 0.03320378146480678 -0.02159598996307799 88 68 51 0.56 281 727 423 389 426 1425
1711 0.1350049160435565 -0.2626130730325226 0.9056896050509988 62 53 50 0.95 211 649 281 728 426 1426 513 135
1712 0.7967394477901628 0.0167506702805254 -0.05485831345912318 209 188 150 0.41 214 36 281 729 426 1427
1713 0.784602833067391 0.0289627040195283 -0.06630508244301125 15 13 11 0.24 214 37 426 1428 521 134
1714 0.2036977159031823 0.0001113070880757669 0.7681067506846002 167 128 92 0.96 214 38 423 390 425 680 426 1429
1715 0.8075931299097628 0.006674769592579864 -0.04508672552207149 119 89 57 0.33 214 39 426 1430 513 136
1716 0.1518287228625459 -0.2585374051745591 0.8606518094259892 54 48 50 0.82 214 40 423 391 425 681
1717 0.8334128699439786 0.02932496724911858 -0.02729691376053989 105 84 50 0.6 281 730 426 1431 513 137
1718 0.1329147204836266 -0.2178433965365693 0.8785030483623297 93 63 51 0.05 281 731 350 306 426 1432
1719 0.1572946924161466 -0.1535915019375867 0.8810411280103045 117 100 85 0.5 225 19 350 307 426 1433
1720 0.1011150545476198 -0.1454738041902894 0.8282892543169798 71 59 49 0.14 225 20 281 732 420 611 421 739 426 1434
1721 0.125319872047213 -0.3071748495278742 0.9111598588771284 121 109 95 0.8 281 733 420 612 426 1435
1722 0.1393611159602641 -0.2970399343334252 0.9164446719070583 112 103 88 0.26 281 734 420 613 426 1436
1723 0.08479744476301221 -0.2984394866530209 0.8931074789826281 157 140 134 0.23 281 735 350 308 426 1437
1724 0.1154210100868623 -0.2918067868292716 0.8950199409112665 148 132 111 0.41 281 736 420 614 426 1438
1725 0.0546568992003249 -0.3042467428234805 0.98232649234328 120 107 90 2.63 426 1439 506 181
1726 0.1108922868971086 -0.2768627049796502 0.8891342329815071 106 90 82 0.33 281 737 420 615 426 1440
1727 0.1214681483406553 -0.265534680197143 0.8926831435073703 126 112 97 0.11 281 738 420 616 426 1441
1728 0.125236981556734 -0.2595413726469531 0.8945522994075099 101 74 57 0.16 281 739 420 617 421 740 485 311
1729 0.107764421835974 -0.2497211265092861 0.8728871737541493 132 115 103 0.11 281 740 420 618 426 1442
1730 0.1174941234599385 -0.2457497688828457 0.8783628253196158 159 145 126 0.14 281 741 420 619 426 1443
1731 0.1285128579228387 -0.2499816556880711 0.8930950095260566 186 170 136 0.18 281 742 426 1444 485 312
1732 0.1285756327214677 -0.2404611182902319 0.8852057738955803 146 126 93 0.1 281 743 426 1445 485 313
1733 0.1345186219002484 -0.2494734528209003 0.8981057307494067 109 98 91 0.32 281 744 420 620 426 1446
1734 0.136458060247302 -0.2476718714942145 0.8963883950222382 179 164 142 0.25 281 745 420 621 421 741 485 314
1735 0.1471848619321144 -0.2343193144482539 0.9007223874632515 132 116 92 0.09 281 746 421 742 426 1447
1736 0.1489095337280596 -0.2339517357729848 0.9023956457364841 126 119 100 0.12 281 747 420 622 426 1448
1737 0.1502245043952917 -0.2335437243428166 0.9034436826551182 125 117 101 0.08 281 748 420 623 426 1449
1738 0.1575169080831299 -0.2331712104462633 0.9096184864433572 126 112 93 0.15 281 749 420 624 426 1450 485 315
1739 0.09976459758217537 -0.2467032348176552 0.8637711970967086 105 99 85 0.13 281 750 420 625 426 1451
1740 0.1304431453400708 -0.2285828787096183 0.8781304097960263 169 136 95 0.26 281 751 426 1452 485 316
1741 0.1429624794676216 -0.2301049365578918 0.8997051377155398 151 132 105 0.13 281 752 420 626 426 1453
1742 0.09398249772818823 -0.2305731702987165 0.8521868080517367 126 118 107 0.67 281 753 420 627 426 1454
1743 0.1104703116281616 -0.2297188049881763 0.8660921326925144 131 113 92 0.17 281 754 420 628 426 1455
1744 0.1406098947777238 -0.2119417040135654 0.8868443956863084 148 126 102 0.21 281 755 420 629 426 1456
1745 0.1389430879532277 -0.2114004066131123 0.8853328251203076 124 104 82 0.08 281 756 420 630 421 743 426 1457
1746 0.089835467558671 -0.2139185884057659 0.8438847980893984 123 116 100 0.08 281 757 420 631 421 744 426 1458
1747 0.09205604623102626 -0.2134454537209781 0.8459694821872779 132 122 105 0.14 281 758 420 632 421 745 426 1459
1748 0.1196847254724482 -0.201421448201703 0.8667066399264394 176 148 114 0.28 281 759 421 746 426 1460
1749 0.1221169910696858 -0.2009804355892241 0.8699362989458399 171 144 115 0.21 281 760 420 633 426 1461 485 317
1750 0.1258715059538232 -0.1986275473973605 0.8735660000424934 133 105 77 0.29 281 761 421 747 426 1462
1751 0.1431893877576635 -0.206309373291637 0.8880317519852343 135 114 90 0.21 281 762 420 634 426 1463
1752 0.1451395655066654 -0.1999791110166718 0.8854303133855244 131 109 88 0.1 281 763 420 635 426 1464
1753 0.1587893333562895 -0.1974822454921312 0.8969200760575284 121 98 77 0.53 281 764 420 636 421 748 426 1465 485 318
1754 0.1687218202014736 -0.1872374141499494 0.9043263524737235 136 122 109 0.08 281 765 420 637 426 1466
1755 0.08643677107303149 -0.2035492959191108 0.8385405284625289 95 84 80 0.42 281 766 420 638 426 1467
1756 0.1106972132369189 -0.196786400892332 0.8557602985801469 141 127 104 0.09 281 767 420 639 421 749 426 1468
1757 0.120217410185795 -0.1950500023053193 0.8629252236847931 66 54 46 0.14 281 768 420 640 426 1469 485 319
1758 0.1202728488421763 -0.1933203854686223 0.8623216213668192 102 86 70 0.18 281 769 420 641 426 1470 485 320
1759 0.1221779450021043 -0.1880184009597288 0.8611761320226419 120 107 92 0.2 281 770 420 642 426 1471
1760 0.1382440150150048 -0.1896752623138623 0.8773888288530705 127 112 94 0.14 281 771 420 643 421 750 426 1472
1761 0.142141219862235 -0.1869216077577732 0.877777368013847 152 133 106 0.28 281 772 420 644 426 1473 485 321
1762 0.1500261205172938 -0.1811132626043403 0.8822925469850176 145 129 103 0.22 281 773 421 751 426 1474
1763 0.1631833922013907 -0.1832838053301282 0.8966884422176564 144 124 102 0.3 281 774 420 645 421 752 426 1475 485 322
1764 0.1653509559217221 -0.1807840419525828 0.8957288830347516 136 117 96 0.17 281 775 420 646 426 1476
1765 0.1703135037170007 -0.1821089048915235 0.9031075825445516 90 83 75 0.1 281 776 420 647 421 753 426 1477
1766 0.1030771174946002 -0.1816755846192022 0.844533774996852 97 71 55 0.14 281 777 420 648 421 754 426 1478 485 323
1767 0.1035645183566641 -0.1806318968043829 0.8448378005579147 138 109 86 0.13 281 778 420 649 426 1479
1768 0.153357015784974 -0.1642384070688236 0.880904670876218 137 124 102 0.21 281 779 420 650 426 1480
1769 0.1648748077988332 -0.1647665745562132 0.8890868728425831 99 88 78 0.25 281 780 420 651 421 755 426 1481
1770 0.1663435173017415 -0.1661832905624692 0.8906504399316826 121 95 68 0.26 281 781 426 1482 485 324
1771 0.1656547846295375 -0.1654452843562806 0.8900160762259066 143 132 109 0.32 281 782 420 652 426 1483
1772 0.1660322136839656 -0.1643706739093228 0.8909807083581551 90 80 65 0.25 281 783 420 653 426 1484
1773 0.1242103907859142 -0.1653855935086911 0.8554307979926343 159 139 112 0.22 281 784 420 654 421 756 426 1485
1774 0.1287748428007627 -0.1649149920573098 0.8561482391798165 154 136 112 0.16 281 785 420 655 426 1486
1775 0.1346614679194842 -0.1544648747942464 0.8577003050012189 135 117 92 0.09 281 786 420 656 421 757 426 1487 485 325
1776 0.1346614679194842 -0.1544648747942464 0.8577003050012189 135 117 92 0.09 281 787 420 657 421 758 426 1488 485 326
1777 0.1588433115310525 -0.151968172767661 0.8811650715585055 115 97 74 0.09 281 788 420 658 426 1489 485 327
1778 0.1586575982755567 -0.1491119986335077 0.8794699688196068 88 70 48 0.11 281 789 421 759 426 1490
1779 0.1586402458774165 -0.1490856284050601 0.879444815099075 83 60 40 0.15 281 790 421 760 426 1491 485 328
1780 0.1592292987757378 -0.1520315815483899 0.8833550092259541 112 102 80 0.27 281 791 420 659 426 1492
1781 0.09399366528812914 -0.1625199815594087 0.8282258018894408 136 124 104 0.22 281 792 420 660 421 761 426 1493
1782 0.09985321313906992 -0.1517610184160432 0.832325584069403 147 139 114 0.34 281 793 420 661 426 1494
1783 0.1203018182042404 -0.1440820913764084 0.8465038996376135 128 106 84 0.48 281 794 420 662 421 762 426 1495
1784 0.1495050182161438 -0.1370740690238346 0.8682744638192901 156 136 102 0.24 281 795 421 763 426 1496
1785 0.09685934891222547 -0.1475017231034857 0.8276235008649437 134 118 100 0.5 281 796 420 663 421 764 426 1497
1786 0.1023134603931852 -0.1462232868992995 0.8282782382892879 133 113 90 0.21 281 797 350 309 420 664 421 765 426 1498
1787 0.1008144869502718 -0.1382021361870847 0.8251344087073433 142 121 98 0.11 281 798 420 665 426 1499
1788 0.1371042189134188 -0.1368855856231544 0.8558847824967 120 106 81 0.42 281 799 386 394 426 1500
1789 0.1500160292898369 -0.1320840363624595 0.8641696355913393 110 76 50 0.1 281 800 426 1501 485 329
1790 0.1843803110632907 -0.1163365437896491 0.8911948796998022 135 113 93 0.22 281 801 420 666 426 1502
1791 0.07408218151474533 -0.1287682628607202 0.7976112822988475 135 117 93 0.17 281 802 421 766 426 1503
1792 0.1388156086164722 -0.06481400901900086 0.8288351335545912 107 97 79 1.19 386 395 420 667 426 1504
1793 0.1385250570028128 -0.2687807758990099 0.9049165556701277 86 72 63 0.19 281 803 350 310 426 1505
1794 0.1104851857753827 -0.2590158907784723 0.8818788057836613 158 153 134 0.13 281 804 420 668 426 1506
1795 0.143977894795335 -0.2596910060908565 0.9109191914232484 142 132 120 0.38 281 805 420 669 425 682 426 1507
1796 0.1416953218994002 -0.2541156974859656 0.9086341510075011 131 117 97 0.28 281 806 420 670 485 330
1797 0.09852864477366929 -0.2546792256106123 0.8670309814783386 137 124 102 0.47 281 807 386 396 420 671 421 767 485 331
1798 0.1424390261455435 -0.2461034864747269 0.9026739206632899 163 151 126 0.63 281 808 420 672 421 768 485 332
1799 0.159491333430536 -0.2242723488655402 0.9115591262949612 145 131 115 0.59 281 809 420 673 426 1508
1800 0.1203789145234002 -0.1874041257459156 0.8610733790222316 92 68 54 0.27 281 810 421 769 426 1509
1801 0.1230166408146889 -0.195758205481405 0.8644717368112984 168 146 104 0.2 281 811 420 674 426 1510 514 231
1802 0.08238754708270002 -0.1838344694409319 0.8274039140649898 193 164 125 0.29 281 812 350 311 426 1511
1803 0.1307868579060784 -0.1619281966360833 0.8583392574270101 158 137 113 0.14 281 813 420 675 421 770 426 1512
1804 0.1571507491323637 -0.1613405774091774 0.8811553950712172 142 132 107 0.24 281 814 421 771 426 1513
1805 0.1180080345340419 -0.1472586211110297 0.8484240254459368 164 140 106 0.22 281 815 421 772 425 683 426 1514
1806 0.183583790703549 -0.1273462641616954 0.8947465370061043 122 126 125 0.22 281 816 421 773 426 1515
1807 0.08463125715019304 -0.1506142727256661 0.8158519653839853 151 136 114 0.17 281 817 420 676 421 774 426 1516
1808 0.1862330559935093 -0.1157859377004492 0.8921205033976274 131 121 104 0.32 281 818 420 677 426 1517
1809 0.1234288024326824 -0.08984855820256415 0.826906908884379 103 90 72 0.7 420 678 421 775 426 1518
1810 0.08894690307071118 -0.06784866528058908 0.7885363358637962 175 142 93 0.47 386 397 426 1519 514 232
1811 0.1154036446094614 -0.2415832941279304 0.8759505344184784 124 96 75 0.3 281 819 421 776 426 1520 479 237
1812 0.1221133730860268 -0.2371861751516831 0.8804815376191601 122 94 73 0.18 281 820 314 82 421 777 479 238
1813 0.1547935212202164 -0.2287347997197298 0.9096878320714388 87 78 68 0.23 281 821 386 398 420 679 426 1521
1814 0.1609130297671356 -0.2280681667169304 0.9138977928816368 137 162 193 0.25 281 822 420 680 426 1522
1815 0.1377192341501516 -0.1923679366513559 0.8649019845590646 149 115 80 0.37 281 823 426 1523 485 333
1816 0.1005865542822629 -0.1896114449878864 0.8485136624871139 160 134 94 0.68 281 824 386 399 426 1524
1817 0.06192367946193833 -0.1396796534602186 0.8111175956504122 163 125 94 0.41 281 825 426 1525 485 334
1818 0.196774579167718 0.003615974793533622 0.7526790958763423 103 82 52 0.38 281 826 423 392 425 684 426 1526
1819 0.1314836002857948 -0.2935769381675931 0.8960646740751141 168 138 108 0.17 281 827 425 685 426 1527 479 239
1820 0.1320099989308448 -0.3026358591882391 0.8970350209246796 172 156 129 0.29 281 828 423 393 425 686 426 1528
1821 0.1496333397695452 -0.2550173373185725 0.9098140361517091 157 150 129 0.72 281 829 420 681 421 778 485 335
1822 0.1985632790991024 0.006598708726422743 0.7509125501088985 177 144 101 0.34 281 830 425 687 426 1529
1823 0.1137911734380398 -0.2192961910373505 0.8709363915066011 148 120 95 0.76 281 831 420 682 423 394 425 688 426 1530 479 240
1824 0.1066557537671632 -0.285624868225368 0.8892377944216874 123 116 105 0.33 350 312 420 683 426 1531
1825 0.09932847765912245 -0.1991052718421135 0.848790972073969 112 103 90 0.23 420 684 421 779 426 1532
1826 0.09512420195465476 -0.1622394317175774 0.8295073167107052 108 100 89 0.21 420 685 421 780 426 1533
1827 0.1571035012347812 -0.2307197932459824 0.9093724185466969 64 52 45 0.22 420 686 421 781 485 336
1828 0.1692267666921008 -0.1743598412309711 0.8989005850427692 74 67 59 0.4 420 687 421 782 426 1534
1829 0.09619737929097882 -0.2086353274035185 0.8522632676668238 84 71 63 0.27 420 688 421 783 426 1535
1830 0.1341249379142954 -0.1670011724803218 0.8627849675638808 115 106 91 0.14 420 689 421 784 426 1536
1831 0.08452464944391191 -0.1794514681663448 0.8261330270862204 114 108 92 0.41 386 400 420 690 421 785 426 1537
1832 0.1436790201944619 -0.1248180498135672 0.8578327653354365 114 97 80 0.18 420 691 421 786 426 1538 485 337
1833 0.1275218572744781 -0.2811319764786016 0.8975403923230396 128 117 105 0.77 420 692 425 689 426 1539
1834 0.1403061906261975 -0.1417323740187268 0.8648596686573926 157 134 104 0.12 421 787 426 1540 479 241
1835 0.105554482015991 -0.152920618885686 0.8347019090005587 97 84 70 0.36 420 693 426 1541 485 338
1836 0.106526660330024 -0.1530227643525599 0.8369553506320548 109 106 94 0.41 420 694 421 788 426 1542
1837 0.1170118590383186 -0.1676501395832767 0.8540798338637856 88 75 62 0.15 420 695 421 789 426 1543
1838 0.7809212015679515 0.01023080297860001 -0.06787367522530285 65 58 48 0.13 423 395 426 1544 521 135
1839 0.09963373535235764 -0.1734209235300768 0.8406934090462654 130 110 84 0.19 420 696 421 790 425 690 426 1545 479 242
1840 0.1152718220744755 -0.1332845503630829 0.834006561977104 84 59 44 0.46 350 313 386 401 425 691 426 1546 479 243
1841 0.1627079012128338 -0.1859586674672777 0.8966591270066433 144 123 110 0.38 314 83 420 697 426 1547 479 244
1842 0.05597614583862476 -0.2141298326229335 0.877867811026783 151 172 190 1.08 314 84 426 1548 521 136
1843 0.1107428667679105 -0.2899163591306162 0.894381959311414 84 73 70 0.31 350 314 420 698 426 1549
1844 0.1403696870050309 -0.2705332136159569 0.8745837833527901 118 88 75 0.64 350 315 425 692 426 1550
1845 0.105888034110502 -0.2492612463676496 0.8699235617461039 79 72 74 0.26 350 316 420 699 426 1551
1846 0.1243427318456418 -0.1872606738847168 0.8665011003719671 105 84 73 0.26 350 317 421 791 426 1552
1847 0.1489116674902926 -0.1630970880142222 0.8751941532679073 116 102 88 0.16 350 318 420 700 421 792 426 1553
1848 0.1560919342153859 -0.1654362309060483 0.8809223879807044 142 124 108 0.65 350 319 420 701 426 1554 485 339
1849 0.1798894460704674 -0.1432640867610347 0.8979821349148309 98 90 87 0.3 350 320 421 793 426 1555 485 340
1850 0.09795642940401406 -0.1487388574929998 0.8269842755780057 140 125 108 0.3 350 321 420 702 426 1556
1851 0.1602597864417256 -0.1388932191131906 0.8810739666445346 99 87 80 0.35 350 322 420 703 426 1557
1852 0.1602597864417256 -0.1388932191131906 0.8810739666445346 99 87 80 0.35 350 323 420 704 426 1558
1853 0.1428995085569272 -0.1368547090583118 0.8620484275404721 145 124 99 0.24 350 324 423 396 426 1559
1854 0.1155813435617268 -0.2653809646403142 0.8883320317687224 89 79 71 0.78 386 402 420 705 426 1560
1855 0.1236149003323238 -0.2439726274108744 0.8820596368112079 152 140 119 0.23 386 403 420 706 421 794 485 341
1856 0.1720644886637586 -0.1568585431070862 0.8967814066319026 123 114 96 0.25 386 404 421 795 426 1561
1857 0.1090333212640345 -0.1509467636909274 0.8386464535674587 75 65 58 0.38 386 405 420 707 423 397 426 1562
1858 0.1383044659142992 -0.3034328576096833 0.9177342482286153 152 133 110 0.29 386 406 425 693 426 1563
1859 0.1542320148830331 -0.1529016410171774 0.8736610808719774 116 104 88 0.79 386 407 420 708 426 1564
1860 0.06803585432077075 -0.1061864877636571 0.7814810916433639 85 56 37 0.24 386 408 426 1565 514 233
1861 0.1216982902697308 -0.2658491798221737 0.8954376676800895 98 88 77 0.58 420 709 426 1566 506 182
1862 0.157540759363395 -0.2241058201168924 0.9086176166280016 113 90 78 0.14 420 710 426 1567 485 342
1863 0.1540928786381358 -0.2195097469367988 0.9022323276290156 78 53 45 0.43 420 711 421 796 485 343
1864 0.1456299085725142 -0.2093998551702707 0.8876874979693186 93 74 65 0.53 420 712 426 1568 485 344
1865 0.1594663931810918 -0.2020520679574175 0.8984772317106655 136 115 97 0.22 420 713 421 797 426 1569 485 345
1866 0.1298350252290115 -0.2064628955911478 0.8731119392406741 160 121 86 0.46 420 714 426 1570 514 234
1867 0.08355454880255342 -0.1984659179823601 0.8376554015393052 132 123 109 0.57 420 715 421 798 426 1571
1868 0.1741240431215889 -0.1738817490724143 0.9036513771533323 133 159 190 0.68 420 716 426 1572 485 346
1869 0.09834086901002592 -0.1872282744019693 0.843242326605542 146 117 82 0.29 420 717 426 1573 514 235
1870 0.1009612453883663 -0.1850622865602618 0.8431060367678227 112 86 66 0.57 420 718 421 799 426 1574 485 347
1871 0.1276358845383269 -0.1703701427177435 0.8587947767810693 135 122 104 0.3 420 719 421 800 426 1575
1872 0.132534455944771 -0.1726327649998693 0.8619381740147309 82 75 68 0.18 420 720 421 801 426 1576
1873 0.1536526852181833 -0.1540490985644991 0.876888093846228 97 76 59 0.14 420 721 426 1577 485 348
1874 0.09975745293815785 -0.1679605107298914 0.8369810356085867 135 121 106 0.13 420 722 421 802 426 1578
1875 0.1490420096659552 -0.1367567517826244 0.8671019769081829 114 86 68 0.49 420 723 426 1579 485 349
1876 0.1140403122865048 -0.3156671663403665 0.9093050742881545 152 149 144 0.25 420 724 425 694 426 1580
1877 0.1379515805357795 -0.2290015686738109 0.8923821785853114 120 99 85 0.42 420 725 426 1581 485 350
1878 0.1570915387103398 -0.2052509980931466 0.899487168894664 160 134 112 0.12 420 726 426 1582 485 351
1879 0.1570915387103398 -0.2052509980931466 0.899487168894664 160 134 112 0.12 420 727 426 1583 485 352
1880 0.1600816225085034 -0.1835194844674461 0.8953533164773002 117 107 97 0.09 420 728 421 803 426 1584
1881 0.1121155819008407 -0.187912058932648 0.8550416592800489 118 108 99 0.16 420 729 421 804 426 1585
1882 0.08389144406995708 -0.1848032176535225 0.8328062601731547 125 111 94 0.43 420 730 421 805 426 1586
1883 0.103317038082298 -0.1807310338879852 0.8450881407425053 127 109 94 0.13 420 731 421 806 426 1587
1884 0.1147473331661514 -0.1782945090818255 0.8496317110466991 148 126 103 0.11 420 732 426 1588 485 353
1885 0.1062854803914467 -0.1748784699503128 0.8404657263529625 111 90 69 0.33 420 733 421 807 426 1589 485 354
1886 0.1191113379163289 -0.1680254909216581 0.8543769201820759 120 107 90 0.06 420 734 421 808 426 1590
1887 0.1320105619313109 -0.1614644845012363 0.8623058466078388 117 104 89 0.71 420 735 421 809 426 1591
1888 0.1381077562220672 -0.1566915501833113 0.8644141345731506 138 124 105 0.18 420 736 421 810 426 1592
1889 0.167723330923565 -0.1447401094223953 0.8866848333839297 120 108 93 0.25 420 737 421 811 426 1593
1890 0.1178748262155809 -0.156097427074969 0.845067680261719 118 105 88 0.09 420 738 421 812 426 1594
1891 0.08949144935982967 -0.1493922576844064 0.817910788570176 105 95 83 0.2 420 739 421 813 426 1595
1892 0.09235146220761492 -0.14218318732046 0.8196151138173677 115 107 92 0.15 420 740 421 814 426 1596
1893 0.1605437477355105 -0.1147322444945847 0.8724031404870149 94 79 62 0.85 420 741 421 815 426 1597
1894 0.1398020196625447 -0.2476104927915984 0.9020193874612934 151 143 126 0.16 420 742 426 1598 485 355
1895 0.1659724230895102 -0.200896114179289 0.9061267609441002 81 73 70 0.11 420 743 421 816 426 1599
1896 0.1645095051135552 -0.1963862557965689 0.9034938302397875 117 95 77 0.27 420 744 421 817 426 1600 485 356
1897 0.1259518485869 -0.1856460417708997 0.8661714503040554 132 109 85 0.23 420 745 421 818 426 1601 485 357
1898 0.1362227414660713 -0.1821994393715148 0.8733348077900904 80 75 71 0.14 420 746 421 819 426 1602
1899 0.1317186653034709 -0.1580991348483432 0.8552372389361624 159 141 117 0.23 420 747 421 820 426 1603 485 358
1900 0.1324828430134125 -0.1563143357075719 0.8571850224785844 114 107 94 0.34 420 748 421 821 426 1604
1901 0.1361236176893262 -0.148803691671259 0.8574060832186401 78 65 56 0.27 420 749 421 822 426 1605 485 359
1902 0.1585801151196231 -0.1399282972498984 0.8771319877228911 123 109 95 0.11 420 750 421 823 426 1606
1903 0.17339060469851 -0.135303885519715 0.8891515863153894 127 119 102 0.58 420 751 421 824 426 1607
1904 0.1112558285354823 -0.151482265702218 0.8393030620976094 115 109 93 0.73 420 752 421 825 426 1608
1905 0.1141487553569919 -0.1497588249862512 0.8439477142542371 133 116 94 0.08 420 753 421 826 426 1609
1906 0.162611249116189 -0.1235954853073048 0.8706052039333476 118 96 73 0.22 420 754 421 827 426 1610 485 360
1907 0.12121033280005 -0.2580667158670077 0.889871616072315 133 108 93 0.84 420 755 423 398 426 1611
1908 0.1292754095783898 -0.239361582018109 0.8856974750212419 134 120 97 0.52 420 756 426 1612 485 361
1909 0.1572597883441097 -0.1867744989168064 0.8924652030736324 124 113 100 0.16 420 757 421 828 426 1613
1910 0.1487580838285925 -0.1803964912865224 0.8828690635345933 62 58 53 0.2 420 758 421 829 426 1614
1911 0.1181590158853795 -0.1754603237948531 0.857225094972992 110 99 85 0.39 420 759 421 830 426 1615
1912 0.1494801663866802 -0.1643167944211366 0.8806194672235563 94 82 68 0.17 420 760 421 831 426 1616 485 362
1913 0.08601820788171621 -0.1777175058261867 0.8284204612161581 69 66 61 0.45 420 761 421 832 426 1617
1914 0.1466785079570502 -0.1606384802531172 0.8746808713973382 100 93 82 0.12 420 762 421 833 426 1618
1915 0.1041633456371631 -0.1580943909072425 0.8338153793656302 111 97 79 0.43 420 763 426 1619 485 363
1916 0.1847123721270969 -0.1234094614486357 0.8952167455697231 89 104 123 0.12 420 764 421 834 426 1620 485 364
1917 0.1115082403727733 -0.239966042632356 0.8752998890839576 75 60 58 0.15 420 765 421 835 506 183
1918 0.1657942941075581 -0.1534948056345121 0.8898522920078553 130 120 104 0.37 420 766 421 836 426 1621
1919 0.1448429473362699 -0.2326428499774948 0.896949882768487 117 110 98 0.6 420 767 425 695 426 1622
1920 0.1473791680856491 -0.1399930482287216 0.8661299962418518 153 124 87 0.47 420 768 421 837 426 1623 514 236
1921 0.1389744294477905 -0.2382224408417136 0.8935954925897316 126 104 81 0.09 421 838 426 1624 485 365
1922 0.1584880733485078 -0.2135673134258587 0.9063540105182819 91 71 58 0.32 421 839 426 1625 485 366
1923 0.1125417367000376 -0.2034456791338408 0.8611836774283059 173 148 115 0.25 421 840 426 1626 485 367
1924 0.1121683771375854 -0.1922760352955291 0.8535759876050137 121 97 73 0.22 421 841 426 1627 485 368
1925 0.1321113916561092 -0.1501387452448867 0.8556637138681489 109 87 65 0.12 421 842 426 1628 485 369
1926 0.1468433361085697 -0.1368553037498075 0.8659096722328095 125 89 60 0.03 421 843 426 1629 485 370
1927 0.1822280730537909 -0.1376738863469364 0.8970634321061632 107 97 92 0.03 421 844 426 1630 485 371
1928 0.1573400633318389 -0.1593449136304022 0.8827698777692763 74 63 53 0.1 421 845 426 1631 479 245
1929 0.1638697197023943 -0.1636002631563945 0.8876168770417434 131 121 102 0.23 421 846 425 696 426 1632
1930 0.1416432134543435 -0.1259019641553722 0.8572190948372902 136 121 94 0.25 421 847 425 697 426 1633
1931 0.09190746136185002 -0.2193387845768511 0.8477849329186684 95 70 56 0.23 423 399 426 1634 514 237
1932 0.2046721224044953 0.004805954087446086 0.7666246469385665 159 130 96 0.33 423 400 425 698 426 1635
1933 0.2057403442587565 0.003530948004203067 0.7688293578938978 76 59 39 0.28 423 401 425 699 426 1636
1934 0.2216732496316978 0.0109398232159759 0.7726917932899835 128 100 69 0.81 423 402 425 700 426 1637
1935 0.8231373223554648 0.01075173014836559 -0.03192368121664468 81 70 53 0.22 423 403 426 1638 521 137
1936 0.2191795949968423 -0.00908978055879139 0.7818817788544572 151 128 94 0.39 423 404 425 701 426 1639
1937 0.2210924235394041 -0.0049760871602271 0.7825372916843796 102 77 56 0.39 423 405 425 702 426 1640
1938 0.2203126476996482 0.001888948534011899 0.7813536663078307 98 74 54 0.3 423 406 425 703 426 1641
1939 0.1396793714474137 -0.2988775121472269 0.9148712183018561 128 114 95 0.62 423 407 426 1642 506 184
1940 0.2223313300569939 -0.001312322948960457 0.7824802057270905 151 121 83 0.32 423 408 425 704 426 1643
1941 0.7514868084213399 0.006733429898020789 -0.09037265891384028 123 98 67 0.23 423 409 426 1644 521 138
1942 0.2020171661620902 0.008597309067065635 0.7596752864179681 154 128 93 0.24 423 410 425 705 426 1645
1943 0.8483990236568819 0.03138496951382204 -0.01802330761581272 126 103 73 0.28 423 411 426 1646 521 139
1944 0.1087077750284721 -0.2646076612369021 0.891414798329629 176 149 115 0.98 423 412 425 706 426 1647 513 138
1945 0.09837515330109392 -0.1492515189369815 0.803905516457412 169 133 95 1.22 426 1648 485 372 513 139
