# 3D point list with one line of data per point:
#   POINT3D_ID, X, Y, Z, R, G, B, ERROR, TRACK[] as (IMAGE_ID, POINT2D_IDX)
# Number of points: 1391, mean track length: 5.11
0 -0.03611803403658254 -0.3583319928127976 1.319379835178695 230 244 246 2.03 12 0 14 0
1 -0.06657105508072314 -0.35115963447734 1.397696146429286 197 203 203 1.52 12 1 14 1 258 0
2 0.08874461194265504 -0.2993502587920621 1.107352723008952 113 99 90 0.85 8 0 14 2 20 0
3 0.05320991230107264 -0.2837971490338503 1.107700543215211 103 85 73 1.0 211 0 350 0 426 0
4 0.06181824145630843 -0.2417417094702374 1.093945108259562 137 125 113 0.3 7 0 8 1 14 3
5 0.08496642212805772 -0.2310142385492425 1.085495776476705 86 66 50 0.35 8 2 14 4 386 0
6 0.0712900614831169 -0.211330269431217 1.068823168874176 92 57 43 0.45 8 3 14 5 37 0 350 1 382 0
7 0.1012659658134998 -0.2118102785425518 1.090661028470536 152 120 90 0.3 8 4 14 6 37 1 382 1
8 0.1077305835922204 -0.2133414924997341 1.10008698639763 74 55 52 0.32 8 5 14 7 460 0
9 0.1087366215766451 -0.2124067243635384 1.097203107468706 88 63 51 0.78 8 6 14 8 37 2 211 1 350 2 382 2 386 1 426 1 460 1
10 0.08941468657711049 -0.1943889270094884 1.076020694338428 132 110 94 0.92 7 1 8 7 14 9 17 0 350 3 426 2
11 0.09729424350949611 -0.1683501400308219 1.068313337467361 80 48 35 0.32 8 8 14 10 37 3 382 3 460 2
12 0.1333507899095896 -0.1635413751939658 1.093093809844534 155 127 95 0.89 14 11 350 4 382 4 386 2 426 3
13 0.1055757114753237 -0.1474419931555361 1.065430169225289 144 103 77 0.68 7 2 8 9 14 12 314 0 350 5 363 0
14 0.1188296601947403 -0.1421719114803613 1.075296427376325 77 47 32 0.29 8 10 14 13 37 4 382 5 386 3
15 0.05451901456932928 -0.1425080599088971 1.020058490613837 160 121 89 0.32 14 14 37 5 314 1 350 6 382 6 460 3
16 0.08353934160942489 -0.1221609347736221 1.034924457536625 128 106 90 0.26 8 11 14 15 17 1 20 1 350 7
17 0.0909056266307291 -0.1277994816343879 1.057874278312357 81 60 54 0.25 14 16 17 2 350 8
18 0.1089326361773477 -0.1013263307174373 1.04645173018742 153 102 59 0.36 14 17 37 6 350 9 382 7
19 0.1505384415825393 -0.08248740198825806 1.06587545518524 122 88 66 0.73 14 18 350 10 460 4 461 0
20 -0.03698393022445201 -0.1076388528271118 1.039926288126361 215 216 211 0.58 37 7 342 0 350 11 386 4
21 -0.03724197496989612 -0.1079223885274518 1.041114631139087 202 203 199 1.35 14 19 37 8 208 0 211 2 342 1 350 12 386 5
22 0.1007433706498653 -0.07698467935209416 1.006519539559264 167 125 91 0.34 3 0 14 20 37 9 314 2 350 13 382 8
23 0.1564059683729074 -0.06907645631061149 1.07204166557141 90 62 47 0.4 14 21 37 10 350 14 386 6
24 0.07769504498959723 -0.06502459206607485 0.9881919841207376 155 99 55 0.35 14 22 37 11 382 9
25 0.08954578250440304 -0.07372648857936091 1.005209529711073 124 92 70 0.37 14 23 17 3 350 15
26 0.08998740864096522 -0.0671238669217239 1.004255808825283 98 71 59 0.37 14 24 17 4 20 2 350 16
27 0.1172048894473312 -0.06457929944754792 1.018715979985627 120 78 51 0.36 14 25 37 12 314 3 350 17 363 1 382 10
28 0.06096356267710878 -0.05605192587241595 0.9756054400691443 160 114 80 0.61 14 26 37 13 314 4 329 0 350 18 382 11
29 0.06206082400412138 -0.05389504316309733 0.9754024153715974 108 65 44 0.45 14 27 314 5 329 1 350 19 382 12
30 0.08525802272410554 -0.05818731497486422 0.990039499178881 146 116 91 0.37 3 1 14 28 350 20
31 0.8687763862368295 0.08791361005862335 -0.1705487580967326 124 100 84 2.24 17 5 20 3
32 0.04591503901696481 -0.3159515078304712 1.116250470304328 211 217 218 1.67 8 12 350 21 386 7
33 0.06156253632737174 -0.2764598131040946 1.095379916930051 92 82 74 1.24 8 13 12 2 350 22 386 8 426 4
34 0.05637059950909162 -0.2659558023489582 1.085717659833903 83 66 64 0.38 8 14 14 29 314 6 386 9
35 0.08538507950014529 -0.2674930367273539 1.11084737514021 50 42 40 0.09 14 30 37 14 258 1
36 0.07327652049691447 -0.2603448615957805 1.098380051764801 101 84 73 0.46 14 31 258 2 314 7 329 2 342 2
37 0.07499608323123708 -0.2574959962435105 1.099057138745542 82 66 63 0.33 14 32 258 3 314 8 342 3
38 0.05013080896868238 -0.2537206451778847 1.099576508244968 134 118 103 0.35 7 3 8 15 14 33
39 0.06408384035956038 -0.2431996212618122 1.076270672104165 93 73 62 0.67 8 16 12 3 14 34 208 1 211 3 342 4 350 23 460 5 461 1
40 0.07528327567824733 -0.2516718587943296 1.095179080631334 115 78 53 0.93 8 17 37 15 211 4 258 4 350 24 382 13 386 10 460 6
41 0.07976419341678487 -0.2518675511342686 1.099589852350318 137 83 52 0.42 14 35 37 16 314 9 382 14
42 0.07511442666273416 -0.2443240855120822 1.108087693406463 155 125 95 1.07 8 18 14 36 314 10 382 15
43 0.08653216487652959 -0.2384075442197517 1.092639155395808 80 58 56 0.38 8 19 14 37 314 11 460 7
44 0.09428492422789903 -0.2477689368378641 1.106706605405611 105 93 81 0.37 8 20 14 38 460 8
45 0.09901854340369742 -0.2359886896973449 1.098577875649674 132 109 80 0.96 211 5 350 25 382 16 386 11 426 5 460 9
46 0.1038694030859514 -0.2162125560492698 1.095961516300972 136 108 79 0.48 8 21 14 39 37 17 211 6 350 26 382 17 386 12 460 10
47 0.1098908959260092 -0.21430085918227 1.099720529727971 134 107 79 0.87 8 22 14 40 37 18 211 7 382 18 386 13 426 6 460 11
48 0.04832566581477582 -0.2192913066437038 1.053869751197222 124 86 65 0.42 8 23 14 41 314 12 350 27 382 19 460 12
49 0.08904425698425644 -0.2129905304180972 1.075912532630237 106 82 62 0.39 8 24 14 42 386 14 460 13
50 0.08342846769417811 -0.2038450768783646 1.065199235928166 136 108 83 0.56 8 25 14 43 211 8 350 28
51 0.08650883144891186 -0.2030841398073112 1.0724713513466 143 116 86 0.7 7 4 8 26 14 44 17 6 208 2 211 9 350 29
52 0.09317888612146408 -0.2013168894707654 1.071565515127364 133 105 74 0.3 8 27 14 45 350 30 382 20 386 15
53 0.111220606010153 -0.2117095725002312 1.099807090995329 100 71 54 0.86 8 28 14 46 37 19 208 3 211 10 350 31 382 21 426 7
54 0.1089173027751519 -0.2049694669714297 1.095955261094129 100 70 55 0.47 8 29 14 47 37 20 208 4 211 11 314 13 342 5 350 32 363 2 386 16 460 14 461 2
55 0.1008612945390304 -0.2041474580523992 1.091912863889394 95 74 64 0.26 12 4 14 48 342 6 461 3
56 0.113142762913733 -0.2031886797658097 1.098553259984917 100 69 49 0.69 8 30 14 49 37 21 211 12 258 5 342 7 350 33 363 3 382 22 426 8 461 4
57 0.1212456339657897 -0.2068667569736237 1.10801741554331 155 123 97 0.39 8 31 14 50 314 14 382 23 386 17
58 0.117999190742034 -0.2017241451285183 1.104733272258115 106 86 74 0.19 8 32 14 51 37 22 460 15
59 0.1178935872628947 -0.2017689863118365 1.104884450306658 113 93 74 0.19 8 33 14 52 37 23
60 0.04701393571123491 -0.1973152791310989 1.045572320172874 94 61 54 0.43 8 34 14 53 37 24 314 15 350 34
61 0.07068683034150636 -0.191909885014292 1.060671541871382 100 60 35 0.36 14 54 37 25 382 24 460 16
62 0.07552782506443223 -0.1990903182669204 1.063661410227777 93 66 52 0.27 8 35 14 55 350 35 386 18 461 5
63 0.07019581987207502 -0.1944128027773523 1.068159838090127 122 96 82 0.42 7 5 8 36 14 56 20 4
64 0.09968020919275433 -0.197770695768367 1.083365176919757 141 114 86 0.56 8 37 14 57 37 26 211 13 350 36 382 25 386 19 460 17
65 0.100994153138284 -0.1921310220164381 1.080229343435124 140 112 89 0.26 8 38 14 58 350 37 382 26 386 20 460 18
66 0.09288414602120076 -0.1884142615370542 1.078742086286332 116 95 82 0.37 7 6 8 39 14 59 350 38
67 0.1075849367942421 -0.195484750493384 1.087960054484819 131 100 73 0.62 8 40 14 60 37 27 350 39 382 27 386 21 460 19
68 0.1043742460110598 -0.1911956042759659 1.082518580471516 144 122 100 0.39 14 61 211 14 314 16 350 40 363 4 386 22 460 20
69 0.1133017916588732 -0.1915738852067388 1.090740123873013 78 55 54 0.8 8 41 14 62 37 28 314 17 350 41 460 21
70 0.1130314487509305 -0.1834751991486697 1.08952223621061 111 72 48 0.29 14 63 211 15 342 8 350 42 382 28 460 22 461 6
71 0.1147679273829224 -0.1911864979822989 1.094061057534839 81 53 39 0.37 14 64 37 29 350 43 382 29 386 23
72 0.1205230194464408 -0.1898632467038997 1.085545214174932 76 63 58 0.38 8 42 14 65 350 44
73 -0.00767868356049406 -0.18733768345239 1.071855959685025 127 111 97 1.28 8 43 12 5 14 66 208 5 211 16 350 45 386 24 426 9
74 0.0393844093595267 -0.179259935818933 1.028719524380521 90 63 55 0.31 8 44 14 67 37 30 314 18
75 0.06489410553706787 -0.1868022590648041 1.049411443357551 141 107 75 0.62 8 45 14 68 37 31 208 6 211 17 314 19 350 46 382 30 460 23
76 0.06614225158291931 -0.1812667765822268 1.048017653741328 142 113 84 0.35 8 46 14 69 208 7 211 18 350 47 382 31 460 24 461 7
77 0.07363267785632666 -0.1799924805625338 1.052026241567835 153 115 85 0.38 14 70 37 32 314 20 382 32 386 25
78 0.08389402348431185 -0.1745685547241849 1.056770804414041 134 109 91 0.41 7 7 14 71 20 5
79 0.09094435411757962 -0.1832466020578029 1.068813672988111 102 73 65 0.16 8 47 14 72 314 21
80 0.09181957811939545 -0.1799438111394568 1.067770384844339 132 99 73 0.33 8 48 14 73 350 48 363 5 426 10 461 8
81 0.120196054884475 -0.1726743296652488 1.087256276153164 127 95 72 0.62 8 49 14 74 211 19 314 22 350 49 382 33 460 25
82 0.04882923782942317 -0.1705979432779122 1.030575516382149 146 111 80 0.42 8 50 14 75 37 33 208 8 211 20 314 23 350 50 382 34 460 26
83 0.05761668769813955 -0.1686668997599001 1.037400484909119 146 113 84 0.48 8 51 14 76 37 34 208 9 211 21 314 24 350 51 382 35 460 27
84 0.07257791196401897 -0.1628323246095674 1.042686039929584 90 65 56 0.27 8 52 14 77 208 10 211 22 314 25 350 52 460 28
85 0.07699749212090989 -0.1702201814999002 1.055244371996309 76 47 33 0.2 8 53 14 78 37 35 382 36
86 0.07549547095722342 -0.1618347009314007 1.048376422581141 91 65 58 0.24 8 54 14 79 208 11 314 26 350 53 426 11
87 0.1110127214500397 -0.1508445317297584 1.071888979067064 112 89 72 0.32 8 55 14 80 314 27 342 9 350 54 386 26 426 12 460 29
88 0.1150273484024337 -0.1487052207122488 1.071745000445788 143 116 91 0.35 8 56 14 81 37 36 208 12 211 23 314 28 350 55 386 27 460 30
89 0.1189641616961654 -0.1477456227105765 1.075570901664635 118 100 87 0.41 8 57 14 82 258 6 342 10 350 56 386 28 426 13 460 31
90 0.1294877297654975 -0.1563037351493637 1.093967727166429 102 74 61 0.86 8 58 14 83 211 24 314 29 350 57 363 6 426 14
91 0.05178887950058308 -0.1556712566388499 1.030624134226465 100 73 60 0.29 8 59 14 84 208 13 211 25 314 30 342 11 460 32
92 0.05361595323302204 -0.1491408055480013 1.02150555371128 132 93 74 0.16 8 60 14 85 37 37 314 31 350 58 460 33
93 0.0717771623414617 -0.1508912257252625 1.04030017707986 98 59 44 0.47 8 61 14 86 314 32 350 59 382 37 460 34 461 9
94 0.09760970502556288 -0.1446394808168614 1.057024269767087 83 60 56 0.26 7 8 8 62 14 87 314 33 350 60
95 0.1074114869808759 -0.141927890585905 1.067458988589998 81 57 48 0.05 14 88 37 38 460 35
96 0.1188282471917542 -0.1387589106033833 1.076517972415737 70 52 49 0.3 8 63 14 89 37 39 314 34
97 0.1230257613938273 -0.1315063330608029 1.071670549191461 131 97 70 0.21 8 64 14 90 37 40 314 35 350 61 382 38 386 29 460 36
98 0.1286503823231366 -0.1296930416576273 1.076556551650964 123 100 84 0.34 7 9 14 91 342 12 350 62
99 0.06839113896668081 -0.1356047368762346 1.02809326438646 144 99 65 0.6 8 65 14 92 37 41 211 26 314 36 342 13 350 63 382 39 386 30 460 37
100 0.09099425904446024 -0.1243151660571227 1.037527463860191 142 110 92 0.2 8 66 14 93 314 37 460 38
101 0.08968224509895228 -0.1224337145284878 1.035841590293716 107 79 63 0.31 8 67 14 94 37 42 342 14 386 31 460 39
102 0.1077201738408832 -0.1241672342298501 1.056198172242402 92 61 47 0.76 7 10 14 95 37 43 208 14 314 38 382 40 460 40
103 0.1227199079905864 -0.1254704120845237 1.067949836003872 139 112 89 0.6 8 68 14 96 211 27 314 39 350 64 386 32 426 15 460 41
104 0.1297114896986314 -0.127026470885298 1.074528086562791 85 57 44 0.28 8 69 14 97 350 65 382 41 460 42
105 0.0427554895253538 -0.1211583712551748 0.999698599121466 123 83 56 0.48 8 70 14 98 350 66 382 42 386 33 460 43
106 0.05254221185786845 -0.1230321769548224 1.008876757276701 141 116 96 0.33 14 99 37 44 258 7 314 40 350 67 386 34 460 44
107 0.1113388508289177 -0.1099094638094529 0.925571470404237 102 74 63 0.9 14 100 350 68
108 0.07610133956331078 -0.1230403593670397 1.028610480854525 142 109 79 0.54 8 71 14 101 37 45 208 15 211 28 314 41 342 15 350 69 382 43 386 35 426 16 461 10
109 0.08149644599033823 -0.1166115525205647 1.024842830418309 131 100 73 0.86 8 72 14 102 37 46 208 16 386 36 426 17 460 45
110 0.0884284453532358 -0.1192986360290065 1.025352597615073 99 77 58 0.2 14 103 350 70 386 37
111 0.09492865402980488 -0.115264770796394 1.032710869056781 117 81 57 0.22 8 73 14 104 37 47 314 42 342 16 350 71 369 0 382 44 386 38 460 46
112 0.102601742787767 -0.1115208112144721 1.038508878666668 144 110 88 0.52 14 105 37 48 211 29 314 43 350 72 369 1 386 39 426 18 460 47
113 0.1025122476084851 -0.1115616144193477 1.038634292854574 151 118 93 0.54 14 106 37 49 211 30 314 44 350 73 369 2 386 40 426 19
114 0.09960523856378778 -0.1099276508825873 1.036185893711392 91 62 45 0.22 14 107 37 50 211 31 342 17 350 74 363 7 386 41
115 0.1094811948816883 -0.1055366817182983 1.044316925567086 146 102 67 0.24 8 74 14 108 37 51 314 45 342 18 350 75 382 45 386 42
116 0.1275803810265139 -0.1100603772150406 1.06312845506319 140 106 78 0.69 14 109 37 52 211 32 314 46 350 76 382 46 426 20 460 48 461 11
117 0.1244329660982977 -0.1068460651046797 1.077573484759945 85 58 50 0.3 8 75 14 110 350 77
118 0.04117195428683029 -0.1096270097826742 0.9966951164888993 101 69 58 0.45 8 76 14 111 350 78 460 49
119 0.04975969245224765 -0.1079634626934184 0.9997689088195063 144 105 77 0.38 8 77 14 112 208 17 211 33 314 47 350 79 382 47
120 0.0433402489465291 -0.1017984420348087 0.9888112135742706 118 92 74 0.46 14 113 211 34 258 8 314 48 350 80 386 43
121 0.03899329220193204 -0.0997411851689684 0.9925775045050205 85 64 56 0.34 14 114 17 7 20 6 350 81
122 0.06252260903550089 -0.105098043459128 1.002638028472281 125 84 66 0.92 14 115 314 49 460 50 461 12
123 0.05194344581710963 -0.10197917813254 0.9988884337654016 154 120 88 0.49 14 116 37 53 208 18 211 35 314 50 342 19 350 82 382 48 460 51 461 13
124 0.1051882951570139 -0.09512028994459354 1.034882657523726 131 104 85 0.27 14 117 211 36 258 9 314 51 342 20 350 83 369 3 460 52
125 0.106544100820396 -0.0920833531236411 1.035343550303335 88 68 58 0.48 8 78 14 118 208 19 211 37 350 84 460 53
126 0.1398774184357365 -0.08492068176798476 1.067294858375501 112 86 67 0.53 8 79 14 119 17 8 20 7 350 85
127 0.1540133418873439 -0.08480782405429435 1.09597981678563 111 100 98 0.33 14 120 314 52 350 86 386 44
128 0.1540133418873439 -0.08480782405429435 1.09597981678563 111 100 98 0.33 14 121 314 53 350 87 386 45
129 -0.04115271288827571 -0.1064505697557834 1.041264445803048 124 100 86 1.07 14 122 37 54 211 38 342 21 350 88 386 46
130 -0.04391388369705596 -0.106313524764371 1.045181153542116 123 101 90 1.37 342 22 350 89 386 47
131 0.0616867252237453 -0.09386145401747487 1.001539013890391 104 57 38 0.55 14 123 37 55 350 90 382 49 460 54 461 14
132 0.06006350910693059 -0.08471589054681905 0.993721166851165 139 104 76 0.4 14 124 208 20 258 10 314 54 350 91 382 50 460 55
133 0.06321080765410625 -0.07930831699074448 0.9901146460710624 170 129 108 1.36 14 125 314 55
134 0.07588495488648606 -0.0909200732741588 1.010707354086934 74 47 37 0.42 14 126 37 56 211 39 258 11 342 23 350 92 382 51
135 0.1089744231718405 -0.08295270764769733 1.032919106720094 92 65 47 0.36 14 127 211 40 342 24 350 93 461 15
136 0.1117051887538792 -0.07321468564075906 1.014289428561236 120 84 64 0.26 14 128 314 56 342 25 350 94 386 48
137 0.1174804304846844 -0.08180364634530905 1.036990783157316 137 90 62 0.11 14 129 37 57 314 57 386 49
138 0.125924102705035 -0.07675347763689008 1.050200027971361 127 86 61 0.49 14 130 37 58 314 58 350 95 382 52
139 0.1407150289557376 -0.07439624562044675 1.059255308640892 68 47 42 0.17 14 131 152 0 258 12 314 59 350 96 386 50
140 0.1448340699975299 -0.07395596680152119 1.059482811667715 88 57 43 0.37 14 132 314 60 329 3 342 26 363 8 382 53 386 51 460 56 461 16
141 0.1511736091710937 -0.07444437469600984 1.06537538965647 128 101 83 0.38 14 133 37 59 314 61
142 0.1419984541547629 -0.06395390493672087 1.053918726896845 147 102 63 0.56 14 134 37 60 350 97 382 54 461 17
143 0.1508060108782711 -0.06799242699283162 1.064887588803092 97 60 43 0.24 14 135 314 62 382 55 386 52
144 0.1505888234433901 -0.06748395496151362 1.098145836100189 118 101 95 0.53 3 2 14 136 17 9
145 0.05819521474858835 -0.06600667942431471 0.9791260772418844 109 67 44 0.55 14 137 314 63 329 4 350 98 363 9 382 56 386 53 460 57 461 18
146 0.06754544589243627 -0.06384494788927401 0.9825394001016319 113 77 61 0.45 14 138 314 64 350 99 386 54
147 0.07529690644579734 -0.06754102349240798 0.9873619933337472 158 110 80 0.35 14 139 37 61 314 65 342 27 350 100
148 0.09850784031345095 -0.06841674577996813 1.00260697156666 163 116 80 0.3 3 3 14 140 314 66 350 101 382 57
149 0.09647242324384131 -0.06471063019908563 0.998731637587017 142 107 84 0.39 3 4 14 141 350 102
150 0.1341578240489726 -0.05791271479884928 1.04308220190443 124 90 68 0.41 14 142 314 67 363 10 386 55
151 0.1454548428240008 -0.06075211282964038 1.053622286668957 74 53 44 0.43 14 143 37 62 211 41 314 68 329 5 350 103 382 58 386 56 460 58
152 0.1513193764860842 -0.05732786102445499 1.057911547396818 98 69 54 0.29 14 144 37 63 314 69 342 28 350 104 382 59 386 57 460 59 461 19
153 0.05751982321317584 -0.05197117538117661 0.9722547429011299 88 51 36 0.49 14 145 350 105 382 60 386 58
154 0.116641034655292 -0.0503222046274485 1.014652015148674 105 72 61 0.38 14 146 314 70 350 106 386 59 460 60
155 0.1165921968188288 -0.04872102377749665 1.011598294574544 154 122 94 0.42 3 5 14 147 350 107 363 11
156 0.1242381148465481 -0.04335163103611717 0.9804148231628989 158 120 86 0.6 3 6 14 148 350 108 363 12 386 60
157 0.1536979242036703 -0.03794101996361034 1.049529960703492 128 85 63 0.5 14 149 152 1 258 13 314 71 342 29 350 109 382 61 386 61 460 61
158 0.08259475227428559 -0.04020778712377015 0.9606729668265241 138 91 62 0.38 14 150 37 64 314 72 350 110 386 62
159 0.08028979404828473 -0.0402038615122235 0.9638078052073431 128 86 62 0.75 14 151 20 8 350 111
160 0.012974059361334 -0.04050044713442259 0.9471553594954143 104 66 50 1.08 17 10 20 9 350 112
161 0.01207914347922834 -0.03973064799991631 0.9400919394916445 149 113 88 0.67 14 152 208 21 314 73
162 0.008177866463582317 -0.03735667437707102 0.943669379683026 102 68 57 1.1 17 11 20 10 350 113
163 0.03747107923304327 -0.03395678912605535 0.949388408448145 130 96 64 0.3 37 65 258 14 329 6 342 30 350 114 382 62
164 0.03727540132829865 -0.03156527358943743 0.9451456743567248 114 68 41 0.39 14 153 342 31 382 63 460 62 461 20
165 0.1523467612473123 -0.00950378260973412 1.038912944151513 134 104 82 0.6 3 7 20 11 350 115
166 0.01311413434134767 -0.0279245556984188 0.9395519087955493 135 89 53 0.39 37 66 314 74 329 7 350 116 382 64 386 63 461 21
167 0.1544991517442402 -0.007113378600275659 0.9156243385412053 106 78 60 0.22 14 154 17 12 20 12
168 0.3514362296542883 0.06523422949133349 0.4145710262648363 105 66 41 0.52 37 67 152 2 342 32 386 64
169 0.3450401809572023 0.08916102220681911 0.4083627641880947 126 89 60 0.32 37 68 152 3 208 22 342 33 386 65
170 0.3454904796354934 0.09637480722669493 0.4083049077070902 33 20 16 0.23 37 69 258 15 342 34
171 0.347211011404215 0.09685567825542842 0.4089554641424706 42 29 19 0.61 37 70 258 16 329 8 342 35 386 66 461 22
172 0.3499105745061343 0.09972349939186347 0.4106092037136346 66 40 20 0.3 342 36 386 67 461 23
173 0.5229049909602089 0.1567877680427214 0.5334728792960821 89 70 58 1.28 14 155 17 13 20 13
174 0.08608416533416152 -0.3084458521617805 1.104065293180392 134 107 91 0.91 8 80 14 156 314 75 461 24
175 0.02761545592027193 -0.3074228186642562 1.111852705996684 112 96 92 0.68 8 81 14 157 314 76 342 37 382 65 386 68
176 0.08952255131762688 -0.2955178568470894 1.107788207835795 81 69 64 0.48 8 82 12 6 14 158 314 77 386 69 461 25
177 0.08985939528179798 -0.2955127938585503 1.107358401147649 79 72 75 0.43 8 83 12 7 14 159 314 78
178 0.1005504982316336 -0.2885470479175202 1.155359000348654 134 124 113 1.29 12 8 37 71 208 23 211 42 258 17 350 117 382 66 386 70 461 26
179 0.09464789063839119 -0.2691774253359145 1.119407823515252 66 56 55 0.51 14 160 342 38 386 71 460 63
180 0.05480812520141753 -0.271299130461859 1.093595295129332 126 109 90 0.94 12 9 258 18 350 118 426 21 461 27
181 0.0551712693427201 -0.2638639931084265 1.08452144004786 128 117 104 0.49 8 84 12 10 14 161 37 72 208 24 314 79 342 39 460 64 461 28
182 0.056328232258269 -0.2604643174602681 1.083412378011501 94 71 53 0.4 8 85 14 162 37 73 152 4 314 80 342 40 382 67 461 29
183 0.09117200187306307 -0.2633433786570608 1.123442960731414 78 71 69 1.01 12 11 14 163 17 14 20 14 208 25
184 0.05743504170586722 -0.244722477674554 1.054096385934717 105 90 81 1.46 8 86 12 12 211 43 350 119 426 22
185 0.04665460428573687 -0.2537255718234355 1.090182068738628 159 140 105 0.47 211 44 350 120 426 23
186 0.09579769495644175 -0.2354191753592227 1.099169082676515 80 60 49 0.45 8 87 12 13 14 164 37 74 152 5 208 26 211 45 258 19 342 41 350 121 363 13 382 68 386 72 460 65 461 30
187 0.09963892411444153 -0.2408128687341435 1.117203319982919 114 102 83 0.82 8 88 12 14 14 165 37 75 386 73
188 0.05563101705301565 -0.2374221646979144 1.067358372533665 98 64 50 0.47 8 89 14 166 314 81 342 42 350 122 382 69 460 66 461 31
189 0.05322673188940985 -0.2264027017451985 1.060702276735365 81 54 47 0.34 8 90 14 167 37 76 314 82 342 43 350 123 382 70 386 74 460 67 461 32
190 0.05843192818693066 -0.2251607196197719 1.063979561444583 82 64 59 0.5 8 91 14 168 314 83 342 44 350 124 386 75 460 68
191 0.06518636787296472 -0.2326916095153754 1.075366941999856 99 64 50 0.55 8 92 14 169 314 84 350 125 382 71
192 0.06913009282763483 -0.231989204993402 1.0755255574002 144 109 78 0.32 8 93 12 15 14 170 37 77 152 6 208 27 314 85 342 45 350 126 382 72 386 76 460 69 461 33
193 0.09596097422866201 -0.2250124614308199 1.095628224354788 139 110 84 0.28 8 94 12 16 14 171 37 78 208 28 258 20 314 86 342 46 363 14 382 73 386 77 460 70
194 0.09428408208570516 -0.2166951963147964 1.0867258558736 104 71 50 0.5 8 95 14 172 152 7 211 46 350 127 382 74 461 34
195 0.09726501520530562 -0.2159226921190555 1.090192291740789 94 67 54 0.27 8 96 12 17 14 173 314 87 363 15 382 75 386 78 460 71
196 0.09714756455449425 -0.2159193830805467 1.09034063488282 89 65 52 0.25 8 97 12 18 14 174 37 79 258 21 314 88 342 47 363 16 382 76 386 79 460 72 461 35
197 0.1040150852459328 -0.2302921094991128 1.103675414591548 119 103 90 0.41 8 98 12 19 14 175 37 80 258 22 314 89 342 48 460 73 461 36
198 0.04511243509113294 -0.2092901352375448 1.046854740541023 82 48 36 0.38 14 176 342 49 382 77
199 0.06405812332418204 -0.2129493881446227 1.066322162022368 84 65 66 0.36 8 99 12 20 14 177 314 90 350 128
200 0.07761933293281809 -0.2179969052070876 1.073408321283851 116 90 69 0.41 8 100 14 178 37 81 152 8 258 23 314 91 342 50 350 129 382 78 386 80 460 74 461 37
201 0.08732816086949124 -0.2086231002366073 1.073429106263329 150 108 69 0.38 14 179 37 82 363 17 382 79 386 81
202 0.1037545330187558 -0.205358788195584 1.091991524918764 98 76 65 0.42 14 180 350 130 460 75
203 0.1035336544022082 -0.2054175779017538 1.092529304387782 123 88 58 0.47 8 101 14 181 37 83 211 47 382 80 461 38
204 0.04500644254367248 -0.2002056194217085 1.043241347066742 140 101 80 0.29 8 102 12 21 14 182 37 84 314 92 350 131 363 18
205 0.05005367310293907 -0.2074092570200408 1.049619523713715 82 61 55 0.45 8 103 12 22 14 183 37 85 152 9 208 29 258 24 314 93 342 51 350 132 386 82 426 24 460 76 461 39
206 0.05425038304956631 -0.2064099580395541 1.043514310130733 81 61 62 1.02 8 104 12 23 14 184 314 94 350 133 460 77
207 0.07332060595377621 -0.2021875324550856 1.065901185493532 91 59 47 0.65 8 105 14 185 208 30 350 134 382 81 426 25 460 78
208 0.1000387874094782 -0.1950055685880062 1.082142006034059 101 78 66 0.43 8 106 12 24 14 186 208 31 211 48 350 135 363 19 386 83 426 26 460 79
209 0.09671974394858096 -0.1877568268216809 1.078832159255051 112 84 74 0.45 8 107 14 187 314 95 350 136 460 80
210 0.1046159951818922 -0.1936297199461857 1.08490540639164 80 60 56 0.57 8 108 12 25 14 188 314 96 342 52 350 137 363 20 386 84 426 27 460 81
211 0.1084748422718093 -0.1927499040969632 1.088742166542718 82 62 56 0.34 8 109 12 26 14 189 37 86 342 53 350 138 460 82
212 0.1175450843744993 -0.1905468551522362 1.09690881700289 78 62 58 0.16 8 110 12 27 14 190 152 10 386 85 460 83
213 0.118197045872095 -0.187108370909136 1.092895048004186 142 117 97 0.54 8 111 12 28 14 191 342 54 350 139 363 21 382 82 460 84
214 0.1256404332447959 -0.1859111373010534 1.103303307501595 158 131 111 0.32 8 112 12 29 14 192 37 87 314 97 382 83
215 0.04686526361600052 -0.1881247012437304 1.037714031186156 83 60 50 0.32 8 113 12 30 14 193 211 49 258 25 342 55 350 140 382 84 386 86 460 85 461 40
216 0.0455505709838242 -0.1855480555005308 1.035416421416885 126 103 88 0.36 8 114 12 31 14 194 342 56 350 141 460 86
217 0.04590075869463184 -0.1857011862552713 1.034332439413205 125 105 95 0.21 12 32 14 195 460 87
218 0.04996926476835895 -0.1875988238696942 1.039312451812631 82 64 62 0.34 8 115 12 33 14 196 37 88 211 50 314 98 342 57 350 142
219 0.05233846999568292 -0.1870911117534687 1.041668841354486 86 66 58 0.33 8 116 12 34 14 197 37 89 211 51 258 26 314 99 342 58 350 143 386 87 461 41
220 0.06238966554103798 -0.1847448170305144 1.046929984329413 85 62 51 0.46 8 117 14 198 208 32 211 52 258 27 314 100 342 59 350 144 363 22 382 85 426 28 460 88 461 42
221 0.07376289219180621 -0.1836498701838358 1.052803179399091 128 100 87 0.56 8 118 12 35 14 199 314 101 350 145 460 89
222 0.06972636445442748 -0.1831053355600087 1.054090032777297 82 59 50 0.34 14 200 37 90 350 146 426 29
223 0.06753928339164816 -0.1750556074303002 1.049800163861605 123 88 74 0.17 8 119 14 201 314 102
224 0.08371708120298538 -0.1821977304609911 1.054642577229076 131 98 74 0.99 8 120 12 36 14 202 208 33 211 53 314 103 350 147 382 86 386 88
225 0.07759034736389903 -0.1809117598257993 1.057380873446748 84 61 52 0.34 8 121 12 37 14 203 37 91 208 34 211 54 314 104 342 60 350 148 382 87 426 30 460 90
226 0.07643871045035189 -0.1784439566197509 1.055251005076099 123 94 74 0.47 8 122 14 204 258 28 314 105 342 61 350 149 382 88 460 91 461 43
227 0.1022811280897244 -0.1664167351056403 1.072542388097255 125 96 72 0.34 8 123 12 38 14 205 37 92 342 62 363 23 461 44
228 0.117942924520073 -0.1705636971919404 1.087668315702645 76 55 48 0.18 8 124 12 39 14 206 37 93 258 29 314 106 342 63 363 24 382 89 386 89 460 92 461 45
229 0.1234460264936107 -0.169469149715806 1.091311543422759 77 57 48 0.45 14 207 329 9 342 64 382 90 460 93
230 0.1292262767973529 -0.1677389247032973 1.094932598189844 86 63 52 0.33 8 125 14 208 37 94 314 107 461 46
231 0.04862657953019911 -0.1682046220473861 1.027360689262052 98 70 60 0.52 8 126 12 40 14 209 152 11 314 108 350 150 426 31 460 94 461 47
232 0.08934036137700418 -0.1597835686620172 1.050282954197127 81 57 51 0.23 8 127 14 210 208 35 211 55 258 30 314 109 342 65 350 151 386 90 426 32 460 95
233 0.09852373156808092 -0.1558463784707826 1.062099395845561 86 61 49 0.29 7 11 8 128 14 211 37 95 208 36 211 56 258 31 350 152 382 91 461 48
234 0.1001096699909451 -0.164591391398405 1.071000099669166 90 62 50 0.24 14 212 37 96 342 66 350 153
235 0.1185668096419211 -0.1504897043020038 1.076112275393331 80 57 49 0.4 8 129 14 213 211 57 258 32 314 110 342 67 350 154 382 92 386 91 426 33 460 96
236 0.1243890669771236 -0.1493413455657988 1.082343993392205 69 49 46 0.4 14 214 37 97 258 33 314 111 350 155
237 0.1279797953277293 -0.1590303180748361 1.092738336984636 131 91 61 0.26 8 130 14 215 37 98 350 156 363 25 382 93
238 0.1284324678020298 -0.1589100346352089 1.092106327476257 107 82 65 0.38 8 131 14 216 350 157
239 0.06418212418763192 -0.1467501884619534 1.029264994826062 128 94 70 0.51 8 132 14 217 208 37 258 34 314 112 350 158 382 94 460 97
240 0.08084350196844647 -0.1489565710353677 1.045006131883906 124 83 59 0.31 8 133 14 218 37 99 208 38 211 58 258 35 314 113 342 68 350 159 382 95 386 92 460 98 461 49
241 0.07987924899344101 -0.1404891851387156 1.033921302609952 90 68 59 0.48 8 134 12 41 14 219 208 39 211 59 350 160 426 34
242 0.09476394026242652 -0.1389660487270627 1.050334579101788 141 105 74 0.31 7 12 8 135 14 220 37 100 208 40 211 60 314 114 350 161 363 26 382 96 386 93 426 35 460 99 461 50
243 0.1041253890298495 -0.1340023464667227 1.057087747740441 91 65 52 0.55 7 13 8 136 14 221 208 41 211 61 314 115 350 162 382 97 426 36
244 0.1137194629923652 -0.1315152986321209 1.05896547726316 88 60 47 0.59 7 14 8 137 14 222 37 101 314 116 342 69 350 163 382 98 426 37 460 100 461 51
245 0.114816439298247 -0.1338950939460796 1.065471973950764 140 110 80 0.24 7 15 14 223 37 102 208 42 211 62 314 117 342 70 350 164 460 101 461 52
246 0.09416457962339519 -0.1215798118554267 1.036410411602025 105 83 68 0.46 8 138 14 224 208 43 211 63 342 71 350 165 386 94 460 102
247 0.123060607184579 -0.1168663764548945 1.068292179684749 79 55 45 0.57 8 139 14 225 37 103 258 36 314 118 342 72 350 166 382 99 426 38 461 53
248 0.1431511445229927 -0.1206604545582634 1.085897033314057 148 122 91 0.29 8 140 14 226 342 73 382 100 386 95
249 0.05633828145484365 -0.122206195785671 1.01360469050562 144 111 85 0.64 8 141 14 227 152 12 211 64 258 37 314 119 350 167 382 101 386 96 426 39 460 103 461 54
250 0.06409442058568526 -0.1234563225280709 1.019889668845364 96 69 56 0.34 8 142 14 228 17 15 20 15 208 44 350 168
251 0.06375598652191172 -0.1159351271246472 1.014508374466625 89 62 50 0.25 14 229 350 169 386 97 460 104
252 0.08681344208592745 -0.112674021560625 1.026898646294439 80 54 42 0.46 8 143 14 230 37 104 152 13 208 45 211 65 258 38 314 120 342 74 363 27 382 102 386 98 426 40 461 55 497 0
253 0.1011105702277099 -0.1163622874554378 1.039812005294498 133 108 85 0.24 8 144 14 231 208 46 258 39 314 121 350 170 386 99 460 105 461 56
254 0.1032230864395771 -0.1136542845218217 1.041556902167263 81 58 50 0.4 7 16 14 232 342 75 350 171 386 100 460 106 497 1
255 0.1034125715110282 -0.1138677004618362 1.041477629878204 76 53 45 0.67 8 145 14 233 152 14 314 122 350 172 386 101 426 41 460 107 461 57
256 0.1030686024690426 -0.1068415962030726 1.048770961443363 88 66 58 0.32 8 146 14 234 17 16 20 16 350 173
257 0.1030686024690426 -0.1068415962030726 1.048770961443363 88 66 58 0.32 8 147 14 235 17 17 20 17 350 174
258 0.115647028358798 -0.1130904360672441 1.056459706745906 132 107 88 0.33 8 148 14 236 211 66 314 123 342 76 350 175 460 108
259 0.1229161775020726 -0.1087468967474754 1.059490004635837 95 68 54 0.66 14 237 208 47 211 67 258 40 314 124 342 77 350 176 382 103 386 102 426 42 460 109 461 58
260 0.1198460848811221 -0.104350329697975 1.057417037468922 73 59 53 0.16 8 149 14 238 258 41 314 125 342 78
261 0.1171068190999824 -0.100225399000509 1.053927539130467 127 90 64 0.52 14 239 258 42 314 126 350 177 382 104
262 0.1307337150968632 -0.1094231387328568 1.0668249537436 139 102 74 1.51 14 240 350 178 382 105 460 110
263 0.1339006747423265 -0.108103970762787 1.069967700282482 142 106 78 0.8 8 150 14 241 314 127 350 179 382 106 426 43 460 111 461 59
264 0.1350805815606718 -0.1048794223514207 1.068310127210169 94 65 56 0.43 8 151 14 242 314 128 350 180 363 28 460 112
265 0.1280585822437942 -0.1045439382224792 1.059304559220302 147 128 101 1.04 14 243 208 48 211 68 350 181 386 103 426 44 460 113
266 0.13956550957025 -0.1066196597174947 1.076398892114152 139 117 98 0.32 8 152 14 244 208 49 314 129 342 79 350 182 460 114
267 0.03235187848619236 -0.101797481983011 0.9816797019326029 70 50 51 0.66 14 245 258 43 314 130 350 183 460 115
268 0.07092759475049093 -0.1008525328759877 1.005355984354932 82 69 66 0.17 3 8 12 42 14 246
269 0.07718812562166366 -0.09764146098245444 1.011037811335775 147 121 101 0.37 14 247 314 131 342 80 350 184 386 104 460 116
270 0.08192129040488227 -0.09827287641234242 1.015210405427392 97 70 52 0.62 8 153 14 248 37 105 208 50 211 69 342 81 350 185 386 105 460 117 461 60
271 0.1059175515876269 -0.08897133183486884 1.029148459373433 126 102 81 0.23 14 249 37 106 258 44 350 186 386 106 460 118 461 61
272 0.1110838519531955 -0.08792193182016581 1.032833531355029 142 106 89 0.27 14 250 314 132 350 187 460 119
273 0.1216449750507831 -0.08763398731095266 1.048228959597565 85 63 51 0.49 8 154 14 251 17 18 20 18 208 51 211 70 350 188
274 0.1317118909094883 -0.08735371657974583 1.056260647047272 121 95 72 0.46 14 252 37 107 211 71 258 45 350 189
275 0.130404176277678 -0.08497978775996182 1.054756522038373 76 55 45 0.34 8 155 14 253 37 108 211 72 258 46 314 133 342 82 350 190 382 107 386 107 460 120 461 62
276 0.1309196358538144 -0.08221390455244215 1.05115298817149 146 113 84 0.41 8 156 14 254 37 109 152 15 208 52 211 73 258 47 314 134 342 83 350 191 363 29 382 108 386 108 460 121 461 63
277 -0.1785108979330615 -0.1149792667339365 1.529994299010089 130 95 70 1.29 14 255 37 110 350 192
278 0.138406839867753 -0.08533194995671908 1.062406364533965 118 83 62 0.3 8 157 14 256 314 135 342 84 350 193 382 109 460 122 461 64
279 0.1339613847955816 -0.08399660529681424 1.056566734992751 80 55 46 0.35 8 158 14 257 37 111 208 53 211 74 258 48 314 136 342 85 350 194 382 110 386 109 460 123 461 65
280 0.1349756567362695 -0.08111110045830439 1.055626737021276 147 115 86 0.53 8 159 14 258 37 112 208 54 211 75 314 137 342 86 350 195 382 111 386 110 460 124 461 66
281 0.03311882248650777 -0.08848590252550023 0.9754731070022207 87 61 55 0.39 14 259 258 49 314 138 350 196 461 67
282 0.03302999142341045 -0.08851791900323851 0.9756128049792421 81 52 45 0.28 14 260 37 113 208 55 258 50 314 139 342 87 350 197 382 112 386 111 460 125
283 0.0420850270157932 -0.09564951798226975 0.9886947593583302 80 53 43 0.36 14 261 37 114 258 51 314 140 342 88 350 198 382 113 386 112 460 126
284 0.03746221886357848 -0.08997090993091827 0.982985904151835 153 107 72 0.57 14 262 208 56 211 76 314 141 350 199 382 114 460 127 461 68
285 0.05117039635419052 -0.08653247081785437 0.9882341505718455 136 96 67 0.42 14 263 37 115 152 16 208 57 258 52 314 142 342 89 350 200 363 30 382 115 386 113 460 128 461 69
286 0.0517336771844743 -0.0815144641761272 0.9883790947952062 164 140 123 0.48 14 264 314 143 342 90 350 201 460 129 497 2
287 0.07146266400130874 -0.09092683604086446 1.00854684039731 111 69 48 0.33 14 265 152 17 258 53 314 144 350 202 382 116 460 130
288 0.08546477053612744 -0.08078879838597362 1.002302285154396 96 77 64 0.11 14 266 17 19 20 19
289 0.1033288862600372 -0.07687729652310975 1.008250622486184 90 57 44 0.27 3 9 14 267 314 145 382 117
290 0.1261544579961235 -0.07424077469839865 1.050441263615636 104 59 43 0.32 14 268 314 146 350 203 382 118
291 0.1367998381311633 -0.06547133427603198 1.04454783682919 112 80 62 0.26 14 269 37 116 258 54 314 147 460 131 461 70
292 0.1524971677476896 -0.06978031627355234 1.068541849909655 109 85 66 0.52 14 270 342 91 350 204 386 114
293 0.04655221559318246 -0.07856024011574825 0.9835587357922233 98 71 56 0.43 14 271 37 117 208 58 258 55 314 148 350 205 386 115 460 132
294 0.04649472523510634 -0.07528000690289927 0.9820886013557921 164 125 98 0.61 14 272 37 118 314 149 342 92 350 206
295 0.0983716911384287 -0.0709901369821225 1.003279713319155 126 76 49 0.33 3 10 14 273 152 18 208 59 314 150 350 207 382 119
296 0.1153527028984912 -0.06690925333111694 1.01675691564924 140 110 83 0.44 3 11 14 274 363 31
297 0.1290404337330617 -0.06495959117162052 1.041529887370996 104 73 61 0.25 14 275 37 119 314 151 350 208 386 116 460 133
298 0.1265712143758172 -0.05933255146013668 1.040793917090998 105 79 69 0.47 3 12 14 276 17 20 20 20 350 209
299 0.1345450478814086 -0.06064357606847417 1.041694950611166 142 114 91 0.4 14 277 37 120 208 60 258 56 314 152 329 10 342 93 350 210 382 120 386 117 460 134 461 71
300 0.135580733704312 -0.06266780189718127 1.044002879290618 83 58 50 0.79 14 278 152 19 314 153 342 94 386 118 460 135
301 0.138439989253344 -0.05773863543778469 1.052985943069144 132 106 88 0.29 3 13 14 279 17 21 20 21 350 211
302 0.138439989253344 -0.05773863543778469 1.052985943069144 132 106 88 0.29 3 14 14 280 17 22 20 22 350 212
303 0.1425065668816244 -0.05659197694804602 1.054244480718922 133 106 88 0.43 3 15 14 281 17 23 20 23 350 213
304 0.1527942360938803 -0.05478387655864622 1.05226675949127 119 86 67 0.6 14 282 152 20 258 57 342 95 350 214 460 136 461 72
305 0.1458405033703079 -0.05052945414682929 1.040792361721658 79 57 51 0.34 17 24 20 24 258 58 342 96 460 137
306 0.156843421236138 -0.04605831878162689 1.070188286520139 89 67 60 0.52 3 16 14 283 350 215
307 0.05172341855451645 -0.0643907702180132 0.9695107746478835 170 119 82 0.41 14 284 37 121 314 154 382 121 386 119
308 0.1176306358810713 -0.04853978589417571 0.9742025450657139 81 48 35 0.39 3 17 14 285 37 122 152 21 314 155 329 11 342 97 350 216 382 122
309 0.1175688116103439 -0.04862801487258928 0.974359042135738 73 46 34 0.33 3 18 14 286 37 123 258 59 329 12 350 217 382 123 386 120
310 0.121133407400689 -0.04821033648507909 1.017952264195342 118 75 48 0.4 14 287 208 61 314 156 342 98 350 218 382 124 386 121
311 0.1303986769935542 -0.04341684284592698 1.02070187250418 162 115 88 0.28 14 288 37 124 314 157 342 99 460 138
312 0.1573639655577966 -0.0395837012094915 1.069464211528957 125 100 86 0.54 3 19 14 289 350 219
313 0.1599675377829963 -0.03622815830269227 1.053766667883673 117 92 71 0.68 14 290 258 60 342 100 350 220 386 122 461 73 497 3
314 0.1659700559611867 -0.03405945759603236 1.062607213463056 130 100 80 0.38 14 291 314 158 350 221 386 123
315 0.1492602206932669 -0.03034897639839659 1.120410322694986 113 95 81 0.73 20 25 143 0 342 101
316 0.03658253363815689 -0.04600872432007727 0.954989069920015 124 79 44 0.61 14 292 37 125 152 22 208 62 382 125 386 124
317 0.03663512552199266 -0.04597160049019559 0.9545819006871985 130 81 44 0.63 14 293 37 126 152 23 208 63 382 126
318 0.04429377004939583 -0.04357942205958135 0.9611788057749304 99 72 56 0.52 14 294 152 24 208 64 258 61 314 159 329 13 350 222 386 125
319 0.05922548937595984 -0.04864958017578708 0.9699531356701017 156 105 70 0.27 14 295 37 127 314 160 342 102 382 127 386 126
320 0.1667638252916356 -0.02558297825024129 1.059568220509764 140 117 96 0.62 14 296 314 161 350 223 386 127
321 0.1238381402174459 0.05720476971466192 0.8649577939153081 94 49 28 0.57 14 297 37 128 314 162 329 14 342 103 382 128
322 0.1275956547972629 0.0582646263403379 0.8669955813427772 78 42 25 0.56 14 298 329 15 342 104 382 129
323 0.1142973794040733 0.08963851094644708 0.8511638082446198 78 39 20 0.86 14 299 37 129 314 163 382 130 461 74
324 0.3467282839914946 0.06815173417910632 0.4164818494419249 89 68 55 0.13 14 300 17 25 20 26
325 0.3562282964766889 0.06411512938348456 0.4195435378101411 128 82 37 1.15 143 1 152 25 342 105 350 224
326 0.3584906702238475 0.07659776935146349 0.4170354202798225 100 77 48 1.2 143 2 152 26 342 106 350 225
327 0.3503468372999735 0.08355176415951433 0.412330770068311 54 38 27 0.29 37 130 208 65 258 62 342 107 386 128
328 0.3359346943027946 0.09818991333554332 0.4037590598473599 70 53 46 0.41 14 301 17 26 20 27
329 0.3493618870945945 0.0978941172251525 0.4084756428251224 113 76 49 0.49 37 131 342 108 386 129 461 75 497 4
330 0.3314938568246855 0.1195153131805787 0.4273316187505523 123 86 58 2.89 17 27 314 164
331 0.06057217280484672 -0.3119672316462682 1.098277709499331 180 166 145 2.22 208 66 211 77 460 139
332 0.02491172878774872 -0.3047322934953061 1.110325346077718 203 213 221 1.2 12 43 211 78 350 226 386 130 426 45
333 0.08327521965093232 -0.2966224707391738 1.100645891696128 88 65 52 0.54 8 160 12 44 14 302 37 132 152 27 314 165 342 109 382 131 461 76
334 0.07570613937159221 -0.2712968462626769 1.093300549254549 143 107 80 0.85 8 161 12 45 14 303 37 133 152 28 208 67 314 166 342 110 382 132 460 140
335 0.09213523568978554 -0.2363035054091314 1.095265636926905 88 69 62 0.52 8 162 12 46 14 304 208 68 314 167 363 32 386 131 460 141
336 0.1073229091217135 -0.2419214541287174 1.116906708465275 99 89 83 0.9 12 47 208 69 211 79 350 227 386 132
337 0.1193662465564302 -0.2299730539597951 1.118793957750359 232 235 235 0.58 14 305 208 70 342 111 382 133 386 133
338 0.08346760213042481 -0.2308316329020628 1.085801539087787 90 68 58 0.33 8 163 12 48 14 306 314 168 342 112 386 134 460 142
339 0.07434638896540535 -0.2213801084042477 1.074299647082976 97 72 59 0.58 8 164 12 49 14 307 208 71 342 113 350 228 382 134 426 46 461 77
340 0.08809698989672976 -0.2216445602417952 1.074991570666491 107 89 86 0.27 12 50 14 308 314 169
341 0.09824210523091281 -0.2315600669193766 1.104632260477112 86 77 73 0.84 8 165 12 51 14 309 17 28 20 28
342 0.08902921115376161 -0.2099250132328599 1.076929848770389 70 51 49 0.36 8 166 12 52 14 310 258 63 314 170 342 114 350 229 386 135 460 143
343 0.0888783515113436 -0.2131597829876407 1.093586389538796 94 79 73 0.67 7 17 8 167 12 53 14 311 19 0
344 0.09869391210129697 -0.2046844340782658 1.08832680770143 132 98 73 0.3 8 168 12 54 14 312 152 29 342 115 382 135 460 144
345 0.0988463417477381 -0.2043408223198421 1.087347511178047 145 110 79 0.49 8 169 12 55 14 313 37 134 152 30 211 80 314 171 342 116 350 230 363 33 382 136 386 136 426 47 460 145
346 0.1014104350950934 -0.2146320132822865 1.09278034397446 79 57 49 0.39 8 170 12 56 14 314 37 135 314 172 342 117 363 34 382 137 386 137 460 146
347 0.1008905782613149 -0.2148980428084525 1.09426425785794 75 54 47 0.27 8 171 12 57 14 315 37 136 314 173 342 118 382 138 386 138 460 147
348 0.1079142108698696 -0.2092815464733914 1.095251104563416 142 112 87 0.45 8 172 12 58 14 316 37 137 152 31 314 174 342 119 350 231 382 139 386 139 460 148 461 78
349 0.1139803000973666 -0.2079396792679812 1.10357777020429 124 101 87 0.5 8 173 12 59 14 317 152 32 460 149
350 0.1180160012672273 -0.2128518831708555 1.119802002068245 126 108 102 1.05 8 174 14 318 17 29 20 29
351 0.05581272751098432 -0.206043338847253 1.053573975627399 93 66 54 0.43 8 175 12 60 14 319 37 138 152 33 208 72 211 81 258 64 342 120 350 232 382 140 386 140 426 48 460 150 461 79
352 0.07982203987758307 -0.2004638769151367 1.067145756355653 57 38 38 0.24 8 176 12 61 14 320 37 139 152 34 314 175 342 121 350 233 382 141 386 141 460 151 461 80
353 0.07770464995624349 -0.197347275330725 1.064442725592494 139 109 83 0.4 8 177 12 62 14 321 37 140 208 73 211 82 258 65 314 176 342 122 350 234 382 142 386 142 460 152 461 81
354 0.08099907086092983 -0.191620761242472 1.065186160991884 81 59 52 0.27 8 178 12 63 14 322 152 35 258 66 314 177 342 123 350 235
355 0.09124044753136684 -0.1971826175773785 1.07464085114956 77 60 54 0.4 8 179 12 64 14 323 152 36 208 74 211 83 314 178 342 124 350 236 363 35 386 143 426 49 460 153 461 82
356 0.09238484359811638 -0.1855930083199394 1.07107624079749 133 101 78 0.27 8 180 12 65 14 324 208 75 211 84 314 179 342 125 460 154 461 83
357 0.1122347257510135 -0.1889002458890168 1.089512437158116 146 117 95 0.29 8 181 12 66 14 325 37 141 152 37 258 67 314 180 342 126 382 143
358 0.1117627485247432 -0.18884812956762 1.089793712390242 127 110 95 0.24 8 182 12 67 14 326 258 68 342 127 350 237 363 36 460 155
359 0.1013650964625203 -0.1838940347349317 1.08063784553821 145 102 72 0.43 12 68 14 327 152 38 314 181 342 128 350 238 363 37 382 144 460 156 461 84
360 0.1289622624848812 -0.1901428793759598 1.086322464484924 116 98 84 0.34 8 183 14 328 350 239
361 0.1245228275825166 -0.1833910467489316 1.098178498219457 93 65 49 0.67 8 184 14 329 37 142 314 182 382 145
362 0.05325696104416622 -0.184026467890364 1.043572604469494 144 113 86 0.38 8 185 12 69 14 330 208 76 211 85 314 183 350 240 386 144 460 157
363 0.09310664056065587 -0.1770785140480597 1.071755235086279 88 66 60 0.28 8 186 12 70 14 331 208 77 314 184 350 241 460 158
364 0.1002454282266596 -0.1773383904254886 1.072748344221147 143 114 83 0.23 8 187 12 71 14 332 37 143 152 39 208 78 211 86 314 185 350 242 382 146 386 145 461 85
365 0.1001640723628858 -0.1775143183097831 1.072858716080914 127 104 85 0.23 8 188 12 72 14 333 314 186 350 243 460 159 461 86
366 0.1093757417700816 -0.1727488611370868 1.080122132649592 84 59 50 0.24 8 189 12 73 14 334 152 40 314 187 342 129 350 244 363 38 382 147 386 146 460 160
367 0.05391737899943139 -0.1667710649071085 1.034734822931186 83 59 51 0.31 8 190 12 74 14 335 37 144 152 41 208 79 211 87 258 69 314 188 350 245 386 147 426 50 460 161
368 0.05243904806459265 -0.1611815105971258 1.028540910227832 91 59 53 0.14 14 336 314 189 460 162
369 0.05910135111560877 -0.1653820330403901 1.03549717641835 91 71 61 0.17 8 191 12 75 14 337 208 80 211 88 314 190 350 246 386 148 461 87
370 0.07442206418177888 -0.1703201607249427 1.052260936032346 143 108 85 0.34 12 76 14 338 152 42 208 81 211 89 314 191 350 247 426 51 460 163 461 88
371 0.08496090968208336 -0.1687640621963717 1.053002164026278 84 63 59 0.52 8 192 12 77 14 339 350 248 386 149 460 164
372 0.08168473228539042 -0.1599659148930127 1.049840836846083 54 41 40 0.18 8 193 12 78 14 340 37 145 258 70 314 192 342 130 350 249 382 148 386 150 426 52 460 165 461 89
373 0.08283057954388129 -0.1596922077407705 1.047987563862393 64 56 58 0.15 8 194 12 79 14 341 350 250
374 0.106616660880425 -0.1561562019063263 1.065452741678014 120 100 82 0.28 14 342 350 251 386 151
375 0.05713727745402086 -0.1547275953989705 1.029505968857397 142 95 62 0.38 8 195 14 343 37 146 152 43 258 71 314 193 382 149 460 166
376 0.05821695780241065 -0.1452547013819002 1.025009499566678 86 58 43 0.44 8 196 14 344 37 147 152 44 208 82 258 72 314 194 342 131 350 252 382 150 386 152 426 53 461 90
377 0.07741316581097868 -0.1495080450652675 1.045045430238656 87 51 35 0.51 14 345 152 45 342 132 382 151 460 167
378 0.0955024254181166 -0.1359796564282345 1.048136826230639 86 58 46 0.37 7 18 8 197 14 346 37 148 152 46 208 83 211 90 258 73 314 195 342 133 350 253 382 152 426 54 460 168 461 91
379 0.116387007665341 -0.1393607304167543 1.071733009503453 138 100 68 0.28 7 19 14 347 37 149 152 47 211 91 258 74 314 196 342 134 350 254 382 153 386 153 460 169
380 0.05195168714116449 -0.1295992167492243 1.011140218496068 126 96 72 0.81 8 198 14 348 37 150 208 84 342 135 426 55 460 170 461 92
381 0.05762751368190666 -0.1278809197976112 1.015838080638688 135 99 70 0.42 8 199 14 349 37 151 152 48 208 85 258 75 314 197 342 136 350 255 382 154 386 154 461 93
382 0.1181295454221631 -0.1301413028057036 1.066362703994106 90 62 49 0.71 8 200 14 350 152 49 208 86 314 198 342 137 350 256 363 39 426 56 460 171
383 0.1180759002170497 -0.130110379555363 1.066416765360264 87 61 46 0.57 8 201 14 351 37 152 152 50 208 87 258 76 314 199 342 138 350 257 363 40 386 155 426 57 460 172 461 94
384 0.115228355472737 -0.1244154355319841 1.063283322506753 72 49 47 0.24 8 202 14 352 258 77 314 200 460 173
385 0.1234232568166587 -0.1285555104212454 1.069255770861643 77 54 44 0.46 14 353 37 153 211 92 314 201 342 139 350 258 382 155 386 156 426 58
386 0.1416487348478371 -0.1240862462686237 1.083786705185471 104 76 61 1.02 14 354 314 202 350 259 386 157 426 59 461 95
387 0.05029550028509622 -0.1266131338332785 1.012636552445524 100 69 52 0.72 14 355 37 154 152 51 211 93 314 203 350 260 382 156 386 158 426 60 461 96 513 0
388 0.05574417702788181 -0.1254494187576592 1.014256656582886 94 63 48 0.53 8 203 14 356 37 155 152 52 211 94 258 78 314 204 342 140 350 261 382 157 386 159 426 61 460 174 461 97 497 5
389 0.05564790909648698 -0.1255811595101348 1.014683690984724 92 62 49 0.7 14 357 208 88 211 95 314 205 342 141 350 262 382 158 426 62
390 0.07954802062169875 -0.120204766300103 1.024502262322643 85 62 50 0.83 8 204 14 358 350 263 363 41 386 160 426 63
391 0.08325256223545463 -0.1211300874820405 1.025347142741317 151 124 96 0.29 8 205 14 359 208 89 211 96 314 206 342 142 350 264 386 161 461 98
392 0.08570951951788475 -0.1158123064741744 1.026960110705333 140 96 65 0.28 14 360 37 156 152 53 314 207 342 143 363 42 460 175 461 99 497 6
393 0.07940703833561558 -0.1132390081263371 1.027062101858341 56 34 31 0.19 8 206 14 361 37 157 152 54 314 208 342 144 350 265 382 159 386 162
394 0.08413310655560069 -0.1110772291019323 1.02544122920438 132 96 71 0.31 14 362 37 158 258 79 314 209 342 145 350 266 382 160 460 176 461 100 497 7
395 0.08386496080054351 -0.1062488045298837 1.023782141590909 142 100 65 0.26 8 207 14 363 37 159 208 90 211 97 314 210 350 267 382 161 386 163 460 177
396 0.08402840690081159 -0.1062611633456725 1.023524150836485 137 96 70 0.34 14 364 37 160 314 211 342 146 350 268 460 178 461 101 497 8
397 0.09664791786494453 -0.1102475465719793 1.033456103794816 106 65 48 0.46 14 365 314 212 382 162 460 179 461 102
398 0.1079845758653343 -0.1124046958657606 1.047099506894517 78 48 41 0.79 8 208 14 366 37 161 314 213 350 269 382 163 426 64 460 180
399 0.103912260699633 -0.1041089792786877 1.043046115330525 142 102 70 0.16 8 209 14 367 314 214 382 164
400 0.143150421945506 -0.1030632050681512 1.070870594209698 96 74 59 0.52 8 210 14 368 208 91 211 98 350 270 386 164 460 181
401 0.04051269593788365 -0.1078769960893135 0.9901489982441378 78 50 38 0.34 8 211 14 369 37 162 258 80 350 271 382 165 386 165 460 182 461 103 497 9
402 0.04785793360833268 -0.1056432522590015 0.9977390033925531 80 51 40 0.3 8 212 14 370 37 163 152 55 208 92 258 81 314 215 350 272 382 166 386 166 460 183 461 104 497 10
403 0.06215520114832951 -0.102439340004974 1.002851660016852 87 58 50 0.35 8 213 14 371 152 56 258 82 314 216 350 273 460 184 461 105
404 0.1038836751707097 -0.09235000887892723 1.031999012599771 93 67 55 0.39 8 214 14 372 314 217 363 43 369 4 386 167 460 185 461 106
405 0.1039659374898919 -0.09252913416213709 1.032040001039878 101 73 56 0.55 8 215 14 373 208 93 211 99 314 218 363 44 369 5 461 107
406 0.1491621740414042 -0.08020180608142483 1.066938441288503 88 61 50 0.26 14 374 152 57 258 83 314 219 342 147 350 274 460 186 461 108
407 0.1493445952453926 -0.08011701003080492 1.066725721298355 93 64 55 0.21 14 375 152 58 342 148 350 275 460 187
408 0.02446037273991619 -0.0913418056152358 0.9684678920912062 83 65 58 1.45 3 20 14 376 350 276 426 65
409 0.02946450277635437 -0.09818369125514856 0.9833859593829264 89 54 41 0.43 14 377 37 164 314 220 350 277 382 167
410 0.0267751120700952 -0.08939986363518942 0.9743253712524873 62 38 29 0.26 37 165 258 84 342 149 350 278 382 168 386 168
411 0.03147105947401085 -0.08714461521386349 0.9732653368132282 136 96 67 0.75 342 150 350 279 382 169 460 188
412 0.09035179845067209 -0.08510260996245297 1.016271082071552 124 95 79 0.3 14 378 17 30 20 30 350 280
413 0.1395048656827306 -0.07065508638472945 1.058701380631075 88 51 36 0.24 14 379 37 166 314 221 350 281 382 170 386 169 461 109
414 0.1563504249288267 -0.07486101337514256 1.073897475818409 146 122 108 0.51 8 216 14 380 314 222 342 151 386 170 460 189 497 11
415 0.05452250167539285 -0.077288418373127 0.9856080013493602 124 83 55 0.28 14 381 37 167 258 85 314 223 342 152 350 282 382 171
416 0.06178329456115039 -0.0788006764439049 0.9851894523147302 144 107 81 0.36 14 382 37 168 152 59 258 86 314 224 342 153 350 283 382 172 460 190 461 110
417 0.1206937233582628 -0.05772022717181549 1.019666986944521 97 62 43 0.55 14 383 37 169 258 87 314 225 350 284 363 45 382 173 386 171 460 191
418 0.1231262328493572 -0.05666064625093705 1.024193677653882 141 100 65 0.24 14 384 208 94 329 16 342 154 350 285 382 174 460 192
419 0.1262071760576123 -0.05509431129447093 1.02659637768297 98 62 42 0.26 14 385 37 170 152 60 258 88 314 226 342 155 350 286 382 175 386 172 460 193 461 111 497 12
420 0.1285179925826733 -0.05473745270629121 1.018574378381261 96 69 60 0.38 3 21 17 31 20 31 342 156 460 194
421 0.01650111425316703 -0.06289750795041135 0.9554506521012402 117 89 72 0.62 17 32 19 1 20 32 350 287
422 0.07885483105518765 -0.06092231581339461 0.9899984284533725 113 68 52 0.51 14 386 37 171 314 227 350 288 386 173 460 195 497 13
423 0.07111533514877233 -0.05473927810750728 0.9804870933263894 112 86 68 0.61 14 387 17 33 19 2 20 33 350 289
424 0.075831617988385 -0.05028517553149828 0.9861373799052846 98 63 44 1.01 14 388 350 290 386 174 460 196 461 112
425 0.08206959711224804 -0.05774317861356552 0.9903877766763025 165 125 98 0.45 3 22 14 389 314 228 350 291 386 175 460 197 497 14
426 0.1152735007476181 -0.05103587541376937 0.9725364764991344 129 94 67 0.4 3 23 14 390 208 95 329 17 350 292
427 0.1180771413869367 -0.05357903970883214 0.9747603715084971 102 60 44 0.18 3 24 14 391 314 229 382 176
428 0.1497454863657759 -0.03490419256070394 1.046040930039319 134 101 78 1.05 14 392 258 89 342 157 350 293 382 177 460 198
429 0.1529782931962164 -0.03552110875470699 1.045945369926381 79 49 36 0.38 14 393 37 172 258 90 314 230 329 18 342 158 382 178 461 113
430 0.01553900254212182 -0.04436669791232294 0.9439671897806838 138 100 66 0.51 14 394 37 173 152 61 208 96 258 91 314 231 342 159 382 179 386 176 461 114
431 0.08453333883686609 -0.04067911799866427 0.9680512246038322 96 67 58 0.45 14 395 314 232 342 160 350 294
432 0.1261214415208413 -0.02809643529236392 0.9950127796895505 130 106 85 0.62 14 396 17 34 19 3 350 295
433 0.1330900309822785 -0.0325539848189516 1.011392583487478 135 108 87 0.59 14 397 17 35 19 4 20 34 350 296
434 0.1338936924161457 -0.02873571060290771 1.00510970263709 122 88 69 0.61 14 398 17 36 19 5 20 35 350 297
435 0.1488137136045496 -0.02132597554774584 1.038467509056381 123 95 74 0.74 14 399 20 36 350 298
436 0.1591658326577504 -0.02170744984096663 1.045612167457651 109 80 65 0.48 14 400 314 233 342 161 350 299
437 0.01478607150130984 -0.03006089257345566 0.9409664887499898 92 62 52 0.88 17 37 19 6 350 300
438 0.1182939486639168 0.05702198115690106 0.8647316716931672 40 19 18 0.57 14 401 37 174 314 234 382 180
439 0.1176911389491471 0.06255813404353311 0.8642596483598317 83 39 21 0.56 14 402 37 175 152 62 314 235 329 19 342 162 382 181 461 115
440 0.3462172602631428 0.064955306865767 0.418119500933599 54 37 30 0.43 14 403 17 38 20 37 513 1
441 0.3550393556402718 0.06415741042582788 0.412076003641582 80 50 32 0.81 17 39 20 38 342 163 513 2
442 0.3440366482652241 0.0854829866101114 0.4036164938965721 96 71 54 0.68 17 40 20 39 258 92 342 164
443 0.345334058603725 0.08029487810559408 0.4098675990934126 79 56 39 0.09 37 176 152 63 258 93 342 165 386 177
444 0.3346837455295044 0.1015900915500369 0.4020831184949609 57 42 38 0.38 14 404 17 41 20 40
445 0.3368752401812152 0.1002734321518114 0.402335651741512 98 85 80 0.33 14 405 17 42 20 41
446 0.3392324361632459 0.1174780017244823 0.4033125248451894 97 76 60 0.35 14 406 17 43 20 42
447 0.07297944250490151 -0.3386195141245056 1.144377254932735 225 229 229 1.37 12 80 37 177 208 97 211 100 350 301 382 182
448 0.06537810583791603 -0.3286130079676659 1.145144289565774 95 73 66 0.78 8 217 12 81 14 407 314 236 342 166 382 183 386 178 461 116
449 0.06317860017534183 -0.3031686580419127 1.104709840639304 114 87 62 0.64 12 82 14 408 37 178 152 64 208 98 342 167 382 184 461 117
450 0.06408129751725478 -0.2738286834089645 1.094970420025193 128 100 79 0.49 8 218 12 83 14 409 152 65 314 237 342 168 382 185 460 199
451 0.07949074832998104 -0.2604150664454895 1.101445679437635 121 94 76 0.43 12 84 14 410 37 179 152 66 314 238 342 169 382 186 460 200
452 0.08844181913134053 -0.2649820965222121 1.110802290863626 70 56 55 0.4 8 219 12 85 14 411 342 170 460 201
453 0.09338390120714524 -0.2655933802322915 1.117418860810021 114 92 78 0.46 8 220 12 86 14 412 152 67 258 94 314 239 342 171 382 187 460 202
454 0.0938869618151561 -0.2402492685428958 1.099153998190826 140 116 92 0.48 8 221 12 87 14 413 152 68 208 99 314 240 342 172 382 188 460 203 461 118
455 0.09962514987625526 -0.2342707989568755 1.101943573293395 80 58 47 0.33 8 222 12 88 14 414 37 180 152 69 258 95 314 241 342 173 382 189 386 179 461 119
456 0.06160309834993227 -0.2277119382301498 1.065129945625164 131 108 86 0.64 14 415 37 181 350 302 460 204
457 0.0600713371319711 -0.2288932115362187 1.068782397823738 155 119 90 1.03 14 416 37 182 314 242 382 190 460 205 513 3
458 0.0642590319732026 -0.223353755636897 1.068055883477395 85 61 49 0.29 12 89 14 417 37 183 152 70 314 243 382 191 386 180 461 120 513 4
459 0.0614089091897454 -0.2234311655203726 1.071452907081604 96 77 68 0.77 8 223 12 90 14 418 208 100 350 303 426 66 513 5
460 0.09762281772246539 -0.2308758505810936 1.09330659842575 142 124 100 0.93 8 224 12 91 14 419 152 71 208 101 211 101 258 96 342 174 350 304 382 192 426 67 513 6
461 0.1198297716794516 -0.2225498618705233 1.113540216890196 92 86 87 0.84 8 225 12 92 14 420 386 181 460 206
462 0.05319944774253671 -0.2226991950648273 1.056974975407195 132 112 94 0.52 8 226 12 93 14 421 152 72 258 97 314 244 342 175 350 305 363 46
463 0.06008636550009205 -0.2207828701306739 1.063230812224975 148 120 89 0.73 8 227 12 94 14 422 37 184 208 102 211 102 350 306 382 193 386 182 426 68 460 207
464 0.04828798874727935 -0.2109577109580866 1.047078420744028 139 111 87 0.63 8 228 12 95 14 423 208 103 342 176 382 194 460 208
465 0.0482040839056197 -0.2108896017887369 1.047955310364036 135 107 86 0.27 8 229 12 96 14 424 342 177 350 307 382 195 460 209
466 0.08205642745333241 -0.2110397416678602 1.074241939046436 71 46 38 0.74 8 230 14 425 37 185 350 308 382 196 386 183 426 69 460 210
467 0.07746383272340396 -0.2127856914705692 1.081048148061301 74 62 58 0.43 7 20 8 231 14 426 17 44
468 0.08420843070810846 -0.202643125501541 1.05491683760525 120 102 87 0.39 8 232 12 97 14 427 350 309
469 0.0986645917622323 -0.2119784822143667 1.090641319459948 143 112 84 0.43 8 233 14 428 37 186 314 245 342 178 382 197 461 121
470 0.09866755677974404 -0.2118545706020699 1.090456021224716 149 124 95 0.55 14 429 37 187 208 104 314 246 363 47 386 184 461 122
471 0.05778928922289872 -0.2023386912346358 1.053861146603907 157 129 97 0.67 8 234 14 430 208 105 211 103 350 310 426 70 513 7
472 0.07453574410356756 -0.1965657179518093 1.061614006857778 82 61 54 0.69 8 235 14 431 342 179 350 311 460 211
473 0.1190735903446283 -0.1822569890032414 1.094648007657979 82 66 63 0.29 8 236 12 98 14 432 342 180 460 212
474 0.107038845029368 -0.1697221020795176 1.07638523879337 141 106 79 0.32 8 237 12 99 14 433 37 188 152 73 314 247 382 198
475 0.1070937658628308 -0.1696310285690971 1.076327602296206 132 99 73 0.34 8 238 12 100 14 434 37 189 152 74 314 248 350 312 382 199 386 185 461 123
476 0.1261118419033452 -0.1649810012918636 1.089543713932083 131 99 77 0.26 8 239 12 101 14 435 382 200 460 213
477 0.05638014555766924 -0.1625487312615481 1.032902417501466 142 112 92 0.18 8 240 12 102 14 436 314 249 350 313 363 48 386 186 460 214
478 0.07617782167145692 -0.1603867058516681 1.043191335811273 83 59 52 0.55 8 241 12 103 14 437 37 190 258 98 314 250 350 314 363 49 460 215
479 0.07990036940906775 -0.1568980318820819 1.047021376568619 141 100 74 0.26 8 242 12 104 14 438 37 191 152 75 314 251 350 315 382 201
480 0.09562404567156524 -0.1539396510491093 1.058667308652204 128 104 87 0.29 7 21 8 243 12 105 14 439 350 316 363 50 460 216
481 0.09561535013181166 -0.1537660753631615 1.058259078465116 131 102 77 0.34 8 244 12 106 14 440 37 192 208 106 211 104 258 99 314 252 342 181 350 317 382 202 386 187 426 71 460 217 461 124
482 0.1015356467042293 -0.1503106914284454 1.05569730161312 88 69 62 0.79 7 22 8 245 12 107 14 441 208 107 211 105 350 318 460 218
483 0.05108304639953409 -0.1467644459664917 1.024734294539082 79 55 44 0.52 8 246 14 442 37 193 258 100 314 253 342 182 382 203 386 188 426 72 461 125
484 0.05157184282519722 -0.1465538629204607 1.024151498466541 89 64 52 0.54 8 247 14 443 152 76 314 254 342 183 350 319 386 189 426 73 460 219 461 126 497 15
485 0.04407300946346582 -0.1384545325189491 1.016265706881228 99 70 54 0.87 8 248 14 444 37 194 314 255 350 320 426 74 461 127 513 8
486 0.1102644762982758 -0.1218358850389604 1.059257087699114 91 60 44 0.58 8 249 14 445 37 195 152 77 211 106 314 256 350 321 363 51 382 204 426 75 460 220 461 128 513 9
487 0.1196770932349656 -0.1182784942697345 1.065185552224208 148 107 71 0.9 14 446 37 196 152 78 208 108 329 20 342 184 350 322 363 52 426 76 461 129
488 0.05322968830316133 -0.1135515814995738 1.008802475987349 134 84 53 0.44 8 250 14 447 37 197 152 79 258 101 314 257 350 323 382 205 460 221 461 130
489 0.1368716193652408 -0.09881150148118083 1.067340873505166 139 96 66 0.37 8 251 14 448 37 198 350 324 382 206 460 222
490 0.07292162905792676 -0.09974578306849442 1.012200686381156 76 48 39 0.37 8 252 14 449 314 258 350 325 382 207 386 190 461 131
491 0.1106464602986698 -0.09937700597705049 1.047515294490525 159 110 73 0.31 14 450 37 199 314 259 342 185 350 326 382 208 386 191
492 0.1242478378321625 -0.09554118654271947 1.057402326311864 151 114 80 0.61 14 451 37 200 208 109 211 107 258 102 342 186 350 327 382 209 386 192 460 223 513 10
493 0.03291504159601299 -0.09169967014919939 0.9717635683301464 149 112 90 0.26 14 452 37 201 152 80 314 260 460 224
494 0.121754947904301 -0.07621805698409592 1.045046850284505 93 64 46 0.57 14 453 208 110 314 261 350 328 363 53 386 193 461 132 513 11
495 0.06658826033290643 -0.08263388403359617 0.9966653004333663 154 121 92 0.4 14 454 37 202 208 111 314 262 350 329 386 194 460 225 461 133
496 0.1016296704207567 -0.07432442225141517 1.004699850328302 156 119 100 0.14 3 25 14 455 314 263 342 187
497 0.1040827978144231 -0.08350840878067566 1.030494580488032 105 70 53 0.24 14 456 350 330 369 6 386 195 460 226 461 134
498 0.1427159718347496 -0.0775692535900824 1.059766278431146 139 106 78 0.83 14 457 37 203 208 112 211 108 350 331 386 196 460 227
499 0.04418078752126131 -0.0830799722448225 0.9816342280909001 149 113 76 0.42 14 458 37 204 208 113 350 332 382 210 386 197 497 16
500 0.1520048218679563 -0.0490530419945399 1.052273332429847 94 64 58 0.39 14 459 350 333 460 228
501 0.03432073565039595 -0.06604562037800134 0.9630797658637933 107 66 52 0.51 314 264 350 334 386 198 460 229
502 0.04044110096529707 -0.06330940595407158 0.9621541390860318 156 116 78 0.44 342 188 350 335 382 211 386 199
503 0.1202538584698087 -0.04059908471635017 1.014101421461533 88 62 52 1.0 14 460 17 45 19 7 20 43 350 336
504 0.04495115742863309 -0.04696545394610654 0.9639602362434192 159 109 71 0.81 37 205 152 81 314 265 342 189 350 337 382 212 386 200
505 0.09605511089537733 -0.03542764022143522 0.9608575106885235 162 133 105 0.83 14 461 258 103 314 266 386 201 497 17 513 12
506 0.1527060652711481 -0.01865488938163506 1.049854768974618 127 100 80 0.72 14 462 17 46 19 8 20 44 350 338
507 0.1592951394140431 -0.01709015792898298 1.05589914724486 134 109 91 0.82 3 26 17 47 19 9 20 45 350 339
508 0.01530167900701429 -0.04068175134563256 0.9429547469810495 96 64 45 0.43 14 463 208 114 314 267 342 190 513 13
509 0.3568132388328277 0.06609215073451045 0.4197838168740353 113 68 21 1.58 143 3 350 340 386 202
510 0.3394131796791692 0.1001214366563022 0.4074804928335074 44 32 27 0.76 14 464 17 48 20 46 513 14
511 0.3468124839552795 0.1005811424070504 0.4099601283875816 43 29 18 0.51 208 115 258 104 342 191 386 203 461 135 497 18
512 0.3432496881553396 0.1125094718627305 0.4024579388324134 110 73 47 1.45 20 47 37 206 342 192 513 15
513 0.06158395409368911 -0.3449119771521691 1.147604616979113 209 222 233 0.79 12 108 14 465 258 105 314 268 329 21 342 193
514 0.08936224823737704 -0.2405920423869108 1.094394318883026 141 119 92 0.51 8 253 12 109 14 466 342 194 382 213
515 0.1072901637729904 -0.2425838615068504 1.129889830544926 219 222 223 0.67 8 254 12 110 14 467 258 106 342 195 461 136
516 0.0477462816869938 -0.16357791120376 1.024878313487304 139 99 73 0.44 14 468 208 116 211 109 314 269 350 341
517 0.08300853826937427 -0.1646534171683281 1.055130898672634 124 102 87 0.42 8 255 12 111 14 469 17 49 350 342
518 0.08593817995191211 -0.1643860595724639 1.050635214653213 147 122 94 0.37 8 256 12 112 14 470 37 207 208 117 211 110 426 77
519 0.1045985231569541 -0.1579863911910522 1.067273176876866 129 111 98 0.53 7 23 8 257 12 113 14 471
520 0.1021083942060959 -0.1589103356740698 1.070755452708626 151 130 106 0.3 7 24 12 114 14 472 211 111 513 16
521 0.05491706570633614 -0.1421465399542151 1.024029204617475 130 99 75 0.51 8 258 14 473 37 208 152 82 258 107 314 270 350 343 386 204 426 78 460 230 461 137
522 0.1168760722324653 -0.1208540895508181 1.062990834665074 127 85 48 0.39 7 25 14 474 152 83 382 214 461 138
523 0.1281301905116753 -0.1164568975076088 1.073552291585777 86 63 51 0.6 8 259 14 475 37 209 314 271 342 196 461 139 497 19
524 0.1154876006110533 -0.1055088975900755 1.048222630956338 145 104 69 0.4 14 476 350 344 363 54 382 215 460 231
525 0.06385354753343442 -0.09702247262137448 1.001035906803274 142 91 57 0.24 14 477 37 210 258 108 314 272 342 197 363 55 382 216
526 0.06380711624064195 -0.09705445129607826 1.00096747815435 130 83 58 0.23 14 478 37 211 152 84 258 109 314 273 342 198
527 0.1117699756079978 -0.08844395617483283 1.041158843437179 92 70 60 0.2 14 479 17 50 20 48 350 345
528 0.2052245171912205 -0.08421745831615436 0.948654326640757 225 228 231 0.22 17 51 20 49 386 205
529 0.05735143003862608 -0.07600187306523051 0.9828467497753484 119 82 67 1.38 14 480 314 274 342 199 350 346 460 232
530 0.07338031420363134 -0.06326066814448944 0.9851068738285413 112 59 36 0.36 14 481 37 212 314 275 350 347 382 217 386 206 460 233
531 0.02600650437450369 -0.06630289184223465 0.9618253742649754 66 38 29 0.45 37 213 152 85 258 110 314 276 342 200 350 348 382 218 497 20 513 17
532 0.02578861754722395 -0.06635177962076125 0.9624302801620888 73 40 30 0.36 37 214 314 277 350 349 382 219 386 207 461 140 513 18
533 0.145609223103413 -0.04592446173937164 1.04196512544708 148 111 82 0.59 14 482 152 86 329 22 342 201 350 350 382 220 460 234
534 0.1596465988895098 -0.03236679484512522 1.053198940235858 80 50 36 0.53 14 483 37 215 152 87 314 278 342 202 386 208 461 141 513 19
535 0.1604414523141083 -0.02217122766016964 1.060596688599483 83 62 58 1.02 3 27 17 52 19 10 20 50 350 351
536 0.06877716183772042 -0.2682097634323941 1.097182681353613 84 70 69 0.69 8 260 12 115 14 484 17 53 20 51
537 0.07475356982674186 -0.2332394270885054 1.080409790433889 92 77 69 0.46 8 261 12 116 14 485 37 216 258 111 342 203
538 0.06723043923745919 -0.1891964912732599 1.055866023597633 141 107 80 0.48 8 262 12 117 14 486 37 217 152 88 208 118 211 112 314 279 342 204 382 221 386 209 426 79 460 235 461 142
539 0.1007344777863236 -0.1804156546471277 1.080751659535832 142 111 83 0.6 8 263 12 118 14 487 208 119 314 280 350 352 363 56 382 222 386 210
540 0.1007873549378204 -0.1803936165513588 1.080538020340571 136 103 76 0.6 8 264 12 119 14 488 37 218 152 89 211 113 314 281 350 353 363 57 382 223 386 211 460 236
541 0.04955212439819001 -0.1733917711831265 1.034554247364754 143 110 85 0.74 8 265 12 120 14 489 37 219 208 120 211 114 314 282 342 205 350 354 460 237 461 143 513 20
542 0.07473396821865108 -0.1666507839068135 1.050547868605546 118 92 78 0.39 8 266 12 121 14 490 152 90 342 206 350 355
543 0.07460457002512089 -0.1670191916691086 1.051480565822944 134 108 88 0.63 12 122 14 491 152 91 211 115 350 356 426 80
544 0.0971989788879225 -0.1606222558250084 1.064207624132115 115 91 74 0.3 8 267 12 123 14 492 461 144
545 0.1008345803115773 -0.1455567222243684 1.057134416331359 99 65 48 1.14 14 493 342 207 350 357 382 224 460 238
546 0.1160664899775908 -0.1362333145685082 1.071438188825736 140 102 71 0.54 7 26 14 494 37 220 152 92 208 121 314 283 342 208 350 358 382 225 460 239 513 21
547 0.1161206974708839 -0.1362359182213182 1.071189342996927 142 104 73 0.58 7 27 14 495 37 221 152 93 208 122 211 116 314 284 342 209 350 359 382 226 460 240 513 22
548 0.1279112480543393 -0.1328573149285181 1.075478841914883 101 86 71 1.18 14 496 258 112 342 210 426 81
549 0.1070095526740782 -0.1178684023598904 1.052846946551347 137 102 75 0.76 8 268 14 497 37 222 208 123 211 117 258 113 314 285 342 211 382 227 426 82 460 241
550 0.1070338644272125 -0.1174990967860637 1.053072854894574 141 99 71 0.57 8 269 14 498 152 94 314 286 342 212 369 7 382 228 460 242 461 145
551 0.1189338380641175 -0.1150118944902065 1.06514355407357 156 120 84 0.68 8 270 14 499 152 95 208 124 211 118 314 287 342 213 350 360 363 58 382 229 460 243 513 23
552 0.1105613766870259 -0.09589119704682399 1.045801634071925 143 109 84 0.57 8 271 14 500 208 125 211 119 314 288 350 361 369 8 460 244
553 0.1027359722458542 -0.08152876568619033 0.9543388147688114 126 101 87 0.56 3 28 17 54 20 52
554 0.1183576421494739 -0.07018086246508615 1.020470717340955 161 125 98 1.12 14 501 37 223 314 289 350 362 460 245 461 146 513 24
555 0.1356788957880427 -0.03449644524095739 1.027249287310045 104 72 54 0.7 3 29 14 502 17 55 20 53 350 363 513 25
556 0.1426717521844852 -0.03057200318254366 1.038269010378156 96 73 61 0.53 3 30 14 503 20 54 350 364
557 0.1572393472026111 -0.02735196475844608 1.048766929386083 150 113 88 0.47 14 504 37 224 152 96 314 290 386 212
558 0.3446311010994957 0.08462242935477214 0.4157742947437795 63 48 41 0.21 14 505 17 56 20 55
559 0.3446311010994957 0.08462242935477214 0.4157742947437795 63 48 41 0.21 14 506 17 57 20 56
560 0.02267307926977324 -0.2617725804507474 1.106691931075064 218 222 222 1.27 12 124 37 225 211 120 258 114 342 214 350 365 386 213 461 147
561 0.06298976359939046 -0.2358184913857131 1.074052649015083 114 86 68 0.61 8 272 12 125 14 507 208 126 382 230 460 246
562 0.09081505115818833 -0.209483761108431 1.085367637119061 96 79 72 0.86 7 28 8 273 12 126 14 508 17 58 350 366 513 26
563 0.06083198537208878 -0.2163294715709704 1.157876386448364 94 78 70 1.64 8 274 14 509 17 59 20 57
564 0.1045590905175825 -0.2045726603318173 1.09088390017759 88 71 66 0.58 8 275 14 510 314 291 342 215
565 0.1077729357799877 -0.1860243795957381 1.083726827450744 91 70 64 0.76 8 276 12 127 14 511 37 226 152 97 314 292 342 216 350 367 460 247
566 0.05653923319721632 -0.1788238425813906 1.045005786811699 114 85 66 0.55 8 277 12 128 14 512 382 231
567 0.1231662846948814 -0.14062698617269 1.07581290905696 103 79 70 0.41 7 29 14 513 342 217 350 368 460 248
568 0.1241346852636451 -0.1191318032741023 1.074030933780112 100 77 65 0.51 8 278 14 514 17 60 20 58 350 369
569 0.3413873799260702 0.08722730416068382 0.411122065848881 97 68 52 0.16 14 515 17 61 20 59
570 0.1870928569645578 -0.1094784502513991 0.7845811991435674 150 110 77 0.9 14 516 350 370 382 232
571 0.07255368727428746 -0.09093808780537788 1.006696534108817 108 73 51 0.49 14 517 258 115 350 371 382 233 460 249 497 21
572 0.1313451166593907 -0.02573253408573761 0.9976307192333267 140 112 89 0.53 14 518 17 62 19 11 20 60 350 372
573 0.05942233304698508 -0.2542758148749521 1.085987709254937 110 98 88 0.68 8 279 12 129 14 519 342 218 386 214
574 0.11509810445136 -0.2247164184443672 1.111175269538804 112 95 81 1.37 12 130 14 520 37 227 208 127 211 121 350 373 460 250 461 148
575 0.9611498370890853 -0.02444345817592308 -0.3024402146571923 126 86 82 1.7 14 521 350 374
576 0.1297652522697802 -0.1625051861892297 1.0977306516424 100 78 65 0.49 8 280 12 131 14 522 342 219 382 234 386 215 460 251
577 0.1341728608312871 -0.1423726588615886 1.096462162182267 106 82 64 1.11 8 281 14 523 37 228 342 220 386 216
578 0.1405613453761959 -0.1188937037766283 1.088936187675721 117 93 72 1.12 8 282 14 524 37 229 342 221 386 217 497 22
579 0.06904782604271631 -0.07930306988005292 0.9958839138207423 152 117 86 1.14 14 525 37 230 208 128 314 293 342 222 350 375 386 218 513 27
580 0.1263803656700297 -0.07635432390930569 1.043811005189414 113 77 63 0.87 14 526 314 294 350 376 460 252 497 23
581 0.1573823564038193 -0.07244439409080228 1.056393844780589 98 73 51 1.11 14 527 258 116 329 23 342 223 382 235 461 149
582 0.08380695525709325 -0.05503371837587094 0.9933395393703626 156 112 78 0.8 3 31 14 528 208 129 314 295 342 224 350 377 386 219 461 150 513 28
583 0.1365732650217701 -0.04879955914000664 1.03681888686237 156 123 95 0.92 14 529 152 98 258 117 314 296 342 225 350 378 386 220 461 151 513 29
584 0.06718568083500231 -0.2708228679885394 1.114500634667521 93 78 73 0.96 17 63 19 12 20 61 463 0
585 0.0588966806155905 -0.2726422630480467 1.133442485012968 91 80 76 1.27 8 283 12 132 14 530 17 64 20 62 463 1
586 0.01849733511673302 -0.2721301784926755 1.111224185883309 208 211 210 0.56 12 133 208 130 211 122 350 379
587 0.1376515975922769 -0.1477737644848864 0.8832469183900629 112 92 81 2.35 8 284 12 134 211 123
588 0.128287481961589 -0.1250779408385576 1.119918848178742 117 120 120 1.06 14 531 211 124 426 83
589 0.05583609661983413 -0.1064518609725046 1.00449040411319 136 100 78 0.42 8 285 14 532 208 131 314 297 350 380 460 253
590 0.1268224031610188 -0.08573404709258735 1.053616391201376 97 66 50 0.83 8 286 14 533 208 132 211 125 350 381 386 221
591 0.7889606609281706 0.03618052578642121 -0.06004688747029174 62 48 38 0.4 8 287 17 65 20 63
592 0.08816222250270533 -0.2670183137423943 1.08451532364521 116 95 75 0.57 12 135 258 118 350 382 461 152
593 0.09765780799246071 -0.2325571984528583 1.097844173855682 125 114 96 0.69 8 288 14 534 37 231 460 254
594 0.1068983930357732 -0.1778920662609389 1.093381908291428 118 100 87 0.99 7 30 14 535 19 13
595 0.1413287636309833 -0.01404656057726831 1.027691537532754 118 92 74 0.11 14 536 17 66 20 64
596 0.8117370946400991 0.02049768094099544 -0.03792476064200934 132 119 91 1.59 208 133 211 126
597 0.8236127671486133 0.02700671792008871 -0.05860039550713625 68 47 38 1.4 14 537 20 65 211 127
598 0.8385903334691756 0.04200624937844204 -0.02086230470610084 116 95 72 0.74 8 289 14 538 17 67 19 14 20 66 211 128
599 0.09152492838401038 -0.2209534603298829 1.087142851677524 147 120 97 0.45 12 136 14 539 208 134 314 298 382 236 386 222 460 255 513 30
600 0.05917311579245377 -0.1743589965570242 1.044739108196384 93 68 62 0.25 8 290 12 137 14 540 152 99 211 129 314 299 350 383 460 256
601 0.05377565960862862 -0.1635915647363759 1.032029485743904 154 119 90 0.16 8 291 14 541 314 300 382 237 386 223
602 0.09379128714465901 -0.1613068042286737 1.058519390222409 136 110 92 0.93 14 542 211 130 314 301 426 84 460 257
603 0.1352032951836822 -0.1465511418789326 1.080911247371477 90 70 62 0.54 14 543 314 302 426 85 461 153
604 0.03717181473023135 -0.1118361164727192 0.9872170989448072 134 98 62 0.66 14 544 211 131 382 238 386 224
605 0.07452600428841671 -0.09407769305401702 1.009672845884178 96 62 56 1.46 14 545 314 303 350 384 460 258
606 0.1149785152329947 -0.05093992923542555 1.028526734399501 148 119 98 0.61 7 31 14 546 350 385
607 -0.2686472797698983 -0.05356693701181676 1.560948025166658 69 44 35 0.77 14 547 37 232 350 386
608 0.8112784103934727 0.03121571651204812 -0.04267840466631811 81 38 30 1.61 8 292 208 135 350 387 426 86 513 31
609 0.04067333239951021 -0.3020659997014344 1.107459069103254 150 128 104 0.91 208 136 350 388 426 87
610 0.1002892201221084 -0.2579664208120074 1.122351082417191 80 68 65 0.98 8 293 14 548 17 68 20 67
611 0.07113264311254008 -0.2617271473508941 1.098359078528338 72 57 59 0.56 8 294 14 549 314 304 342 226 460 259
612 0.02212758160308204 -0.2629678162544882 1.107724059141604 234 236 237 1.47 12 138 14 550 258 119 342 227
613 0.05117673205781126 -0.2534820168443404 1.079210341831102 100 82 70 1.06 8 295 208 137 211 132 350 389 426 88
614 0.05708910776868359 -0.2464449729207002 1.071282867019899 156 123 83 0.83 211 133 382 239 426 89
615 0.07166187642800748 -0.2386849174239056 1.078917409223878 144 130 114 0.63 8 296 14 551 314 305 350 390
616 0.08296315062836224 -0.1992100879881244 1.068659562351134 138 107 83 0.56 7 32 8 297 14 552 211 134 350 391 426 90
617 0.04103112642034035 -0.1928270195930548 1.033657964456297 115 90 75 0.28 8 298 14 553 350 392 460 260
618 0.07937950779415903 -0.1718345339289106 1.05734393287663 120 82 66 0.15 14 554 37 233 314 306 350 393
619 0.1038511090511915 -0.1714611223599994 1.078935802250554 134 115 105 0.61 7 33 14 555 20 68
620 0.05743775811634055 -0.1622190526027427 1.040803389296155 79 62 57 0.08 8 299 14 556 350 394
621 0.09007240014568185 -0.1568897735777403 1.049701985268813 120 96 78 0.3 7 34 14 557 386 225
622 0.09329882781053211 -0.1512189128026761 1.054013703079109 98 68 60 0.34 14 558 37 234 314 307 350 395
623 0.09919578141969732 -0.1377833588378349 1.054854906764342 137 112 89 0.12 7 35 8 300 14 559 211 135 350 396
624 0.1185184898963276 -0.1267072878131872 1.064392884556602 144 114 91 0.21 7 36 14 560 37 235 314 308 350 397 386 226 460 261
625 0.05100114264263678 -0.1354024162315458 1.017975797211819 86 60 53 0.78 8 301 14 561 211 136 314 309 460 262
626 0.07461570903413073 -0.1348840760069601 1.028844410766824 135 109 80 0.75 14 562 363 59 426 91
627 0.09088976058821874 -0.1303952325735096 1.046982837031603 115 84 61 0.54 7 37 8 302 14 563 208 138 386 227 460 263 461 154
628 0.09721229825029287 -0.1240789566331273 1.04882344497453 111 84 70 0.23 7 38 14 564 350 398
629 0.0994481486507629 -0.106345486526665 1.035016068197172 134 91 59 0.43 14 565 37 236 342 228 382 240 386 228 460 264
630 0.02854708084999591 -0.1196923500523898 0.992659267862452 89 65 56 0.22 8 303 14 566 460 265
631 0.04175703838957168 -0.1159702958553298 1.002741870196187 93 58 38 0.33 8 304 14 567 363 60 382 241
632 0.02226420462592393 -0.1179820108498011 1.075140199397335 76 58 53 1.51 8 305 14 568 314 310
633 0.0711435487554487 -0.109594213821328 1.021183144200672 86 62 54 0.32 8 306 14 569 350 399 460 266
634 0.02808725260099731 -0.1138336379888887 0.9820330532717658 120 90 73 0.91 8 307 14 570 211 137 350 400 460 267
635 0.0601747032936143 -0.09131598600362853 1.00015773039041 92 62 46 0.37 14 571 37 237 350 401 386 229
636 0.09865086277214663 -0.08559141693886824 1.010697105970543 135 109 88 0.48 14 572 20 69 211 138 350 402
637 0.1007113863955581 -0.07701589447482579 1.006573741025921 173 126 88 0.36 14 573 37 238 314 311 350 403 382 242
638 0.1421863346307224 -0.06132525236206762 1.053164478186532 80 57 55 0.33 14 574 314 312 350 404
639 0.1417141590701554 -0.05990657755748489 1.052295072953588 81 60 48 0.44 14 575 37 239 350 405 363 61 386 230
640 0.07948364378414818 -0.06920288183654484 0.9925709398339497 88 62 53 0.34 14 576 258 120 314 313 329 24 342 229 350 406
641 0.05354413744438968 -0.05190752442285418 0.9691123389720462 80 35 18 0.17 37 240 382 243 386 231
642 0.1115633538690218 -0.0373782715232333 1.022681042671945 140 111 88 0.45 7 39 14 577 350 407
643 0.01712519427966219 -0.0506108030129993 0.9527766170477454 96 75 64 0.29 14 578 17 69 20 70
644 0.7984758518094318 0.01784298631300248 -0.0531039813599864 107 77 43 1.67 8 308 143 4 208 139 211 139 350 408 426 92 513 32
645 0.06349010809637134 -0.2953895513678081 1.215880831922844 96 92 95 2.03 8 309 14 579 211 140 426 93
646 0.05450282361700209 -0.279255916260398 1.120290854230755 131 107 91 0.25 7 40 8 310 14 580
647 0.08990459679505325 -0.2800439970599976 1.171145112190947 129 132 135 0.26 8 311 12 139 14 581
648 0.04788795467125551 -0.2722150753060547 1.096071613710441 128 109 88 1.1 8 312 12 140 208 140 211 141 258 121 350 409 426 94
649 0.09974225891198318 -0.2605126675726817 1.151892053705555 228 236 245 1.45 8 313 14 582 17 70 20 71 463 2
650 0.07038619258493539 -0.2580101973132391 1.183381970958645 135 131 118 1.55 8 314 14 583 211 142 426 95
651 0.05968683893597038 -0.2443271532379321 1.073680778333775 88 70 61 0.56 8 315 14 584 342 230 350 410 460 268 461 155
652 0.1085834959928801 -0.2323391698473457 1.110161617951435 82 67 61 0.46 8 316 14 585 314 314 386 232 460 269 461 156
653 0.2535751928530436 -0.1961011138319781 0.7681027543552963 129 117 114 1.18 14 586 17 71 463 3
654 0.0641574876762343 -0.2355657265452755 1.07373400513265 96 78 63 0.28 8 317 14 587 386 233
655 0.07959243057743304 -0.2324213633124018 1.110247222084186 116 99 86 0.36 7 41 8 318 14 588
656 0.09882926749713128 -0.2265934532902189 1.101775064957583 87 71 61 0.32 8 319 14 589 460 270
657 0.1131072825793151 -0.2226777585743523 1.109695345441651 94 85 72 0.35 8 320 14 590 386 234
658 0.06167161232501051 -0.2241525882379843 1.063991870283032 133 107 79 0.88 8 321 14 591 211 143 350 411 382 244 386 235 426 96
659 0.08589502768333535 -0.2133400639583978 1.071108810983064 137 101 69 0.46 8 322 14 592 314 315 342 231 350 412 382 245 386 236 461 157
660 0.1118656051955872 -0.2137018871677255 1.116801546433016 132 117 95 0.97 8 323 14 593 211 144 350 413 426 97
661 0.06285140176190596 -0.2155366523024087 1.064646024042112 110 83 61 0.36 8 324 14 594 37 241 342 232 350 414 382 246
662 0.0401843046955539 -0.2068018571052307 1.043528833043782 130 108 92 0.63 8 325 14 595 17 72 350 415
663 0.08066572061774602 -0.1915934719542304 1.065989366239479 101 76 69 0.41 7 42 8 326 12 141 14 596 350 416
664 0.123701702926173 -0.1804626107217802 1.097177703737587 125 92 62 0.7 14 597 350 417 382 247 386 237
665 -0.009442523712460904 -0.1990809457808997 1.086812703937134 228 230 232 1.21 8 327 12 142 14 598 342 233 350 418
666 0.06987793110368334 -0.1856570195278677 1.052446567831522 140 103 74 0.26 14 599 37 242 314 316 350 419 382 248 386 238 460 271
667 0.09146979575741598 -0.1807979646424913 1.077468514729695 126 105 86 0.65 7 43 8 328 14 600 17 73 20 72 208 141
668 0.09065388431021137 -0.1780449846532765 1.066243913980304 94 72 61 0.43 7 44 8 329 14 601 211 145 350 420
669 0.1016003217576988 -0.177531278875849 1.078530274359229 139 119 101 0.36 7 45 14 602 350 421
670 0.1034714207233884 -0.1745917261079001 1.072249018296902 96 72 57 0.58 8 330 12 143 14 603 350 422 386 239 460 272 461 158
671 0.1121821048350529 -0.1720066150044962 1.084907554388247 88 60 48 0.55 8 331 12 144 14 604 350 423 382 249 460 273 461 159
672 0.1303970512637578 -0.1701581789522382 1.096036328682583 135 105 87 0.56 14 605 314 317 350 424
673 0.04169239565541616 -0.1856678513021329 1.016491767332678 129 105 86 0.64 8 332 14 606 211 146 350 425
674 0.03747965446968737 -0.1879744434156189 1.03176801956097 130 105 84 0.58 8 333 14 607 17 74 211 147 350 426
675 0.09256345656395237 -0.1719094793640729 1.058412913606052 112 87 68 0.39 8 334 14 608 350 427 386 240 460 274
676 0.1355284341737558 -0.1618576779764143 1.100899986216719 118 113 112 0.25 8 335 12 145 14 609 386 241 460 275
677 0.137142353838109 -0.1599627446800577 1.102364752277467 221 234 246 0.24 8 336 14 610 460 276
678 0.03363702145780045 -0.168662707803826 1.020486260946439 127 107 91 0.65 8 337 12 146 14 611 17 75 211 148
679 0.04098453318924089 -0.1703282418918314 1.024695938134265 83 58 49 0.45 8 338 12 147 14 612 152 100 211 149 258 122 314 318 342 234 350 428 382 250 426 98 460 277
680 0.09831188547634662 -0.1587117801946846 1.069259824679283 136 112 89 0.6 7 46 14 613 208 142
681 0.1734715319849245 -0.1415124381508401 0.8912147892730644 111 90 75 0.25 17 76 20 73 386 242
682 0.1376963569614718 -0.1426690729427806 1.090456395432012 141 115 86 0.24 14 614 208 143 350 429 386 243
683 0.04639515787707393 -0.1570631609510964 1.026477423230819 91 61 46 0.44 7 47 37 243 314 319 382 251 386 244
684 0.06541527233730193 -0.1549869733514172 1.029690257585806 104 74 60 0.54 8 339 14 615 350 430 460 278
685 0.07421443124607585 -0.1526006984385447 1.043217202918987 101 72 57 0.13 8 340 14 616 350 431 460 279
686 0.09271638576617069 -0.1418626163178494 1.052599845065978 96 73 64 0.38 7 48 8 341 14 617 37 244 314 320 350 432 386 245 426 99
687 0.03883640742145866 -0.1530989854981551 1.019874298414298 146 110 76 0.91 14 618 211 150 382 252 426 100
688 0.04743931059035666 -0.150841813136051 1.017799283402883 131 98 75 0.76 14 619 208 144 211 151 350 433 426 101 460 280
689 0.1119384685417645 -0.1345738164913876 1.062565095745966 141 110 83 0.64 7 49 14 620 37 245 208 145 350 434
690 0.1384692529948142 -0.125133468421078 1.077165748548718 95 69 56 0.44 8 342 14 621 208 146 211 152 350 435
691 0.09366977179929314 -0.1276987032287396 1.040828249701659 78 63 54 0.68 7 50 8 343 14 622 342 235 386 246 426 102
692 0.110788279888891 -0.1208503146051736 1.070437057196364 110 88 71 0.69 7 51 14 623 211 153 426 103
693 0.02966297167538434 -0.1346031958837653 0.9992129146446997 124 100 82 0.32 8 344 14 624 20 74 350 436
694 0.09845815346147624 -0.1161121106644388 1.037105078485295 106 78 65 0.24 8 345 14 625 314 321 342 236 350 437
695 0.1035002514245481 -0.1164082498542474 1.043485364719171 128 104 80 0.38 14 626 211 154 350 438
696 0.1229911626911377 -0.1057408495653807 1.058520386472972 142 113 86 0.26 8 346 14 627 208 147 211 155 258 123 314 322 342 237 350 439 382 253 386 247 460 281 461 160
697 0.1228117982790682 -0.103617516975886 1.072143282182751 98 82 75 1.23 7 52 14 628 350 440 426 104
698 0.01161867943962547 -0.1264670073905396 1.004898239059772 104 75 60 0.86 8 347 14 629 350 441
699 0.0792833212614048 -0.1076179546612762 1.024729197458593 80 56 50 0.26 8 348 14 630 350 442 460 282
700 0.1135088296145664 -0.1019978320258304 1.05001838007099 82 64 56 0.29 7 53 14 631 350 443 386 248
701 0.04681304447289603 -0.1084373106050289 0.9974580172733052 119 84 68 0.42 8 349 14 632 314 323 342 238 350 444 460 283 461 161
702 0.04913777729018864 -0.1024959450005648 0.9943797578556675 156 117 89 0.32 8 350 14 633 314 324 350 445 363 62 382 254 386 249 460 284
703 0.07171874794646993 -0.1031604381943843 1.009989932809908 122 90 64 0.48 8 351 14 634 211 156 350 446 386 250 460 285 461 162
704 0.07978481513640456 -0.1015808974117092 1.016549481588046 139 100 70 0.3 8 352 14 635 37 246 211 157 314 325 350 447 382 255 460 286 461 163
705 0.08490653372459356 -0.1001571212751023 1.022402363737438 142 107 79 0.32 8 353 14 636 208 148 314 326 350 448 461 164
706 0.1661532166922814 -0.08904301447877662 0.9099592068701003 70 50 45 1.27 14 637 258 124 350 449
707 0.1015242240608781 -0.09445324482072193 1.023338582915991 86 59 50 0.32 14 638 17 77 211 158 350 450
708 0.09933771962171667 -0.08771840333472758 1.032509041042544 90 70 63 0.34 7 54 14 639 350 451
709 0.1253027490925331 -0.08046902574492518 1.053302170236441 97 61 55 0.21 14 640 314 327 350 452
710 0.0453664757055372 -0.100510270346559 0.9926374909136941 68 51 47 0.51 14 641 258 125 350 453
711 0.115128868271921 -0.08227203893385331 1.04067853538939 134 101 79 0.64 7 55 14 642 350 454
712 0.1330293924786581 -0.0776624310658092 1.062807817891418 92 68 64 0.26 7 56 14 643 350 455
713 0.04123133779722754 -0.08636275808998611 0.9827196676764174 80 53 43 0.56 14 644 211 159 342 239 350 456 382 256
714 0.1119708953132998 -0.07233139236426073 1.027102687691468 136 108 90 0.45 14 645 17 78 350 457
715 0.08563105679149263 -0.06564117378317393 0.994596909733527 159 103 59 0.23 14 646 37 247 208 149 350 458 382 257
716 0.08927393820930174 -0.06292146117789219 1.003133079542689 112 69 55 0.55 14 647 350 459 460 287
717 0.0354068788285834 -0.06617713173721033 0.9638642163338815 100 67 43 0.43 14 648 37 248 152 101 208 150 258 126 342 240 386 251 461 165
718 0.06943894827216135 -0.05179582943433715 0.9864444544716977 78 58 50 0.61 14 649 17 79 20 75 350 460
719 0.1324361122221405 -0.03017147328932907 1.018067309266956 161 139 120 0.4 7 57 14 650 350 461
720 0.8402217433031475 0.03718371970852126 -0.02098306009983308 53 44 39 1.03 8 354 14 651 17 80 19 15 20 76
721 0.8596145338571266 0.04273080898198338 -0.008000307344800173 77 57 44 0.37 8 355 17 81 20 77
722 0.09837633525330347 -0.2902734351501334 1.166891089762497 223 231 237 1.36 8 356 12 148 14 652 17 82 20 78 208 151 463 4
723 0.01582907279407664 -0.2996207173168371 1.145950006136952 97 83 78 0.42 7 58 8 357 14 653
724 0.09114153645388223 -0.2606978557923891 1.138394975521281 126 114 104 0.71 7 59 12 149 211 160 350 462
725 0.06229340128147332 -0.2452660296390178 1.075222992350355 140 120 96 0.82 8 358 12 150 152 102 208 152 211 161 350 463 426 105 460 288
726 0.06016325371826758 -0.2424426206925905 1.075687252333492 130 115 97 0.73 8 359 12 151 14 654 17 83 20 79 208 153
727 0.0733081073350782 -0.2414139377666975 1.083562422753292 74 53 49 0.48 14 655 258 127 314 328 350 464 460 289
728 0.1040489791604683 -0.2300906023933889 1.103075461374163 137 119 99 0.49 8 360 14 656 342 241 350 465 363 63 460 290
729 0.04816045104984445 -0.2373491674204835 1.063125018768947 74 61 60 0.55 14 657 314 329 329 25 342 242
730 0.09607667754708293 -0.2250449218524499 1.095380459874827 128 106 90 0.27 12 152 14 658 314 330 342 243 386 252 460 291
731 0.1068029667915233 -0.2230694949894466 1.104803960181675 108 94 79 0.44 14 659 329 26 342 244
732 0.1068029667915233 -0.2230694949894466 1.104803960181675 108 94 79 0.44 14 660 329 27 342 245
733 0.1252757708552497 -0.1997412970530569 1.107539012356702 131 131 141 1.16 12 153 14 661 350 466 426 106 460 292
734 0.1198526050903639 -0.1925802026653483 1.110504819902307 143 118 95 0.7 8 361 14 662 350 467 426 107
735 0.05601321146028182 -0.2060855317703935 1.052911457576496 99 68 48 0.25 14 663 37 249 152 103 208 154 211 162 258 128 342 246 363 64 382 258 386 253 461 166
736 0.1046069628662544 -0.1935873335676583 1.084984298672939 81 62 57 0.61 8 362 12 154 14 664 211 163 314 331 342 247 350 468 363 65 386 254 426 108 460 293
737 0.02966236729727734 -0.192123409518592 1.0515668453601 97 72 60 0.61 14 665 208 155 350 469 426 109
738 0.05813794430304831 -0.176963818799408 1.041932412575259 120 93 78 0.3 12 155 14 666 37 250
739 0.06734265220016722 -0.1640257816955937 1.03824567576606 98 75 64 0.32 8 363 12 156 14 667 314 332 350 470 461 167
740 0.1336222537918591 -0.1371765185782525 1.086717292832631 108 79 64 0.26 14 668 37 251 342 248 350 471 460 294
741 0.03221067661378374 -0.148541550269871 1.005609447579536 136 110 92 0.51 8 364 12 157 14 669 211 164 350 472 460 295
742 0.07608717455137048 -0.1438401742424543 1.033170400315387 138 102 70 0.93 14 670 211 165 350 473 382 259 426 110 460 296
743 0.09189942307381738 -0.1379733484860041 1.028177308818951 84 70 63 0.27 12 158 14 671 211 166 426 111
744 0.1099655925799576 -0.1351088739924647 1.060784246919065 122 102 88 0.34 7 60 8 365 12 159 14 672
745 0.12852420997866 -0.1212808475422379 1.070755394288708 87 70 64 0.84 7 61 14 673 342 249 350 474
746 0.1375588143009269 -0.1274481367195459 1.083230352880333 136 108 78 0.42 14 674 208 156 211 167 350 475 386 255
747 0.1408092545701232 -0.1267394536886017 1.085756592978621 127 106 82 0.15 14 675 350 476 386 256
748 0.1473598985012124 -0.1172773337577766 1.089719525283561 139 122 115 0.44 8 366 14 676 350 477
749 0.03514070714786521 -0.14186761538672 1.008084916471845 106 76 61 0.33 8 367 14 677 350 478 460 297
750 0.1131185546241631 -0.1222558603288387 1.06234655439754 109 85 70 0.39 7 62 14 678 329 28 350 479 460 298
751 0.03514944650015317 -0.1304318074826454 1.001150129326662 82 60 57 0.62 8 368 14 679 314 333 350 480
752 0.02759365240779221 -0.1295234521527671 0.9950583453063868 137 111 95 1.13 8 369 14 680 350 481 426 112 460 299
753 0.1220276362157966 -0.111595395988817 1.060018258476321 143 108 82 0.39 8 370 14 681 211 168 314 334 350 482 363 66 460 300 461 168
754 0.0606119016045561 -0.1143621234088226 1.014261402470473 135 95 63 0.34 14 682 314 335 342 250 382 260 386 257
755 0.09799864622659982 -0.1000761092114973 1.029229781886916 106 79 62 0.53 8 371 14 683 211 169 350 483 369 9 386 258
756 0.05709651746690714 -0.1044640840378595 0.9380986013024715 139 117 96 1.24 8 372 12 160 14 684 211 170 426 113
757 0.05173439808088265 -0.1049152728095812 0.9987990499065345 101 70 53 0.42 8 373 14 685 37 252 152 104 208 157 211 171 258 129 314 336 342 251 350 484 382 261 460 301 461 169
758 0.05452563473525163 -0.1047864834517837 1.002289426708262 100 69 51 0.65 14 686 208 158 211 172 350 485
759 0.09065823670555706 -0.08790765119576022 1.018007168131563 70 54 45 0.48 14 687 350 486 386 259
760 0.1017628329249105 -0.08603141747364879 1.015994783361442 75 57 49 0.28 14 688 208 159 350 487
761 0.1500339956237614 -0.08133671159519623 1.082390725471685 127 100 77 0.48 8 374 14 689 350 488
762 0.1563181876262514 -0.0778062923280395 1.077335408117396 106 81 64 0.27 14 690 350 489 386 260 461 170
763 0.1476047788951901 -0.07853258075427616 1.091059399145569 83 64 56 0.31 8 375 14 691 350 490
764 0.08028230309602624 -0.08474138066536188 1.015649043069005 134 108 85 0.73 14 692 17 84 20 80 211 173 350 491
765 0.1086659547857046 -0.07907667965212276 1.035332457528189 106 77 60 0.32 14 693 350 492 363 67
766 0.153405149809985 -0.07241571975888507 1.070997272560323 91 65 64 0.48 14 694 314 337 350 493 460 302 497 24
767 0.02125509407869453 -0.09328848691700123 0.9767968857224887 122 92 75 0.36 17 85 20 81 350 494
768 0.04179958686406715 -0.08343933107662529 0.9771135193908729 163 124 98 0.54 14 695 208 160 314 338 350 495 363 68 460 303
769 0.0449974719342805 -0.08810907814978358 0.9865722390612921 145 118 93 0.48 14 696 37 253 208 161 211 174 314 339 342 252 386 261
770 0.05031997598023841 -0.08386639214171111 0.986276368436614 98 65 40 0.29 14 697 152 105 461 171
771 0.1294279745214612 -0.06251551064846346 1.037631517012224 131 103 82 0.47 14 698 350 496 386 262 460 304
772 0.1450565375085674 -0.06305924892665377 1.058197326581121 136 103 82 1.04 14 699 211 175 314 340 342 253 350 497 460 305
773 0.168871031359301 -0.05858702316174799 1.054794380276259 144 114 86 0.76 14 700 211 176 350 498
774 0.0748747211530173 -0.06395068494581505 0.9923700249120064 129 96 70 0.38 14 701 20 82 208 162 350 499
775 0.1172037835990746 -0.05957818709203955 1.017391722914009 102 68 56 0.27 14 702 350 500 386 263 460 306
776 0.08070908578617519 -0.04720995843347385 0.9816316860822647 143 104 70 0.39 14 703 208 163 342 254 350 501 386 264 461 172
777 0.04378359227896511 -0.04367577821188568 0.962007169253049 90 67 53 0.4 208 164 258 130 329 29 350 502 386 265
778 0.08222847845395997 -0.0377182774419532 0.9602107788116214 174 129 91 0.71 14 704 20 83 350 503
779 0.8312408615898146 0.01853935509184911 -0.02305431666512525 152 103 57 0.67 143 5 350 504 513 33
780 0.03356786553328184 -0.2758470566837188 1.10882345609105 129 109 90 2.14 8 376 12 161 426 114 461 173
781 0.02138221691328002 -0.2689049262701775 1.110882641549628 127 89 72 0.51 12 162 350 505 382 262
782 0.08326654204453743 -0.2313549957005805 1.086349555308615 108 84 69 0.52 12 163 14 705 314 341 386 266 497 25
783 0.0798379278279453 -0.2001688120629065 1.066932700220899 70 53 48 0.46 8 377 12 164 14 706 208 165 211 177 350 506 382 263 386 267 426 115
784 0.1163781203900049 -0.1722866838895462 1.083419459091126 119 93 73 0.49 8 378 14 707 258 131 314 342 342 255 350 507 382 264 460 307 461 174
785 0.095867720968147 -0.1725487701492113 1.068117342049491 135 107 88 0.36 8 379 12 165 14 708 314 343 350 508 460 308 461 175 513 34
786 0.09618615127774865 -0.1720691612089663 1.067939210875766 151 116 82 0.29 12 166 14 709 37 254 382 265 461 176 513 35
787 0.1239412516394732 -0.1653208124465793 1.092016832584737 139 116 94 0.45 7 63 14 710 350 509
788 0.11142542119206 -0.1584419263506439 1.140962594480629 227 231 233 0.62 8 380 14 711 350 510
789 0.07080375783227399 -0.1644851022753742 1.039675686351304 139 114 91 0.24 12 167 14 712 208 166 211 178
790 0.1162438497273817 -0.1394769656153129 1.072153043635607 128 91 60 0.22 7 64 14 713 152 106 461 177
791 0.1489011048203822 -0.1316288230726073 1.076132870789142 140 120 103 0.06 12 168 14 714 369 10
792 0.1449103776203382 -0.1247742893246376 1.091309118301247 103 96 100 0.15 8 381 14 715 460 309
793 0.0457895233318566 -0.1276251231585336 1.003015797473799 86 56 39 0.57 8 382 14 716 152 107 258 132 460 310 461 178
794 0.1520226350454751 -0.1018931260857558 1.07999369534941 115 104 99 1.49 14 717 37 255 350 511 426 116 460 311
795 0.01279345417728239 -0.119881944893006 0.9870019982100213 135 101 79 1.08 8 383 14 718 208 167 211 179 350 512
796 0.03877471861796378 -0.1191879614774003 0.9737349299555151 142 109 81 0.55 14 719 211 180 350 513
797 0.03004612079798852 -0.1104736012470024 0.9767617453141029 92 68 54 1.02 8 384 14 720 208 168 211 181
798 0.1185252262882415 -0.08934818662103432 1.036382264820297 93 66 54 1.0 14 721 208 169 211 182 329 30 342 256 350 514 460 312
799 0.1361816549980585 -0.08230085921594381 1.072261892426298 62 48 45 0.27 8 385 14 722 17 86 350 515
800 0.1479202515420659 -0.06985962373088442 1.06398518188069 168 126 90 1.0 14 723 211 183 314 344 363 69
801 0.1611639457598228 -0.0556992640457185 1.06956242950624 103 76 62 0.27 14 724 314 345 350 516 461 179
802 0.1611639457598228 -0.0556992640457185 1.06956242950624 103 76 62 0.27 14 725 314 346 350 517 461 180
803 0.01831764205980846 -0.06747606430480063 0.9561782180896641 72 59 53 0.69 17 87 20 84 329 31
804 0.0618409739100737 -0.06192921079557655 0.973355580916283 134 92 54 0.54 14 726 382 266 386 268 461 181
805 0.07003734136964157 -0.06115628704862573 0.982447590236154 144 99 67 0.47 14 727 37 256 258 133 314 347 350 518 382 267 386 269 460 313
806 0.05109104535179321 -0.04224987927633653 0.9644149756624696 118 84 60 0.53 14 728 208 170 386 270 460 314
807 0.08811491061191978 -0.03658289029801903 0.9630220999245902 167 134 102 0.42 14 729 342 257 461 182 497 26 513 36
808 0.8250002699802241 0.02982212166767871 -0.03157760492698569 119 109 100 0.53 8 386 14 730 17 88
809 0.03988015049439997 -0.2429582482118041 1.067506914114539 123 101 87 1.02 8 387 12 169 14 731 350 519 363 70
810 0.08355627416493039 -0.2048003319783297 1.067612168737754 155 122 91 0.5 12 170 14 732 211 184 350 520 382 268 460 315 513 37
811 0.04665300378461568 -0.1846743484556054 1.033340120369988 164 120 82 0.9 14 733 208 171 314 348 382 269
812 0.1492665882600324 -0.1133667040480732 1.083521467781285 142 127 126 1.1 14 734 350 521 460 316
813 0.03141555433849319 -0.1056458385820896 0.9854847162972797 150 117 83 0.78 14 735 37 257 208 172 211 185
814 0.03151663162247931 -0.1056844018620093 0.9853213213195819 159 118 73 0.74 14 736 208 173 211 186 382 270
815 0.05006235672129833 -0.1019849982691892 0.9978990781866683 136 110 83 0.54 14 737 208 174 342 258 350 522 386 271
816 0.08252568395009474 -0.09390435207471989 1.012265174813278 142 106 71 0.32 14 738 342 259 382 271
817 0.1627123365557409 -0.0700326698836649 1.081581705863306 221 234 243 1.13 14 739 37 258 460 317
818 0.06298480151427732 -0.07846887506695019 0.9905075094862106 165 135 99 0.5 14 740 37 259 208 175 350 523 386 272 497 27
819 0.1661812394750453 -0.05542250527767165 1.070542766517114 107 88 90 0.75 14 741 350 524 460 318
820 0.05733817152453369 -0.03741560770896751 0.9594296998490883 170 129 92 0.69 14 742 208 176 314 349 350 525 513 38
821 0.8262033536701527 0.02776696399432961 -0.03058059768461496 135 127 114 0.72 8 388 14 743 17 89 19 16 20 85 211 187 463 5
822 0.07006321702457141 -0.3279583447291739 1.148363058228201 228 232 234 0.64 8 389 12 171 14 744 258 134 342 260 382 272
823 0.0625956225621932 -0.2872120827315928 1.096055711520951 121 104 91 0.71 12 172 14 745 363 71
824 0.09892971772734216 -0.2578256755328409 1.112466647664209 82 70 63 0.78 8 390 12 173 14 746 363 72 386 273
825 0.08642571220269279 -0.2597791762211966 1.129992174864666 104 93 91 0.96 7 65 12 174 350 526
826 0.1142959258176502 -0.2317710814970647 1.115447471346814 99 88 79 0.82 8 391 12 175 208 177 211 188 350 527 386 274 460 319
827 0.1295741645949906 -0.185034997366297 1.112552713738848 214 225 236 1.12 12 176 14 747 211 189 350 528 426 117
828 0.1053358650444342 -0.1593527163801876 1.077122305955382 138 112 92 0.95 7 66 12 177 14 748 208 178 211 190 350 529
829 0.1055275455633956 -0.1594459449057701 1.076842980915865 138 102 76 0.84 7 67 12 178 14 749 37 260 152 108 211 191 350 530 382 273
830 0.2184044269754485 -0.09816337985072723 0.7236834453163969 238 246 247 1.11 12 179 14 750 37 261
831 0.116523876976793 -0.09190112743476506 1.049813866464864 133 108 87 1.31 14 751 314 350 350 531 386 275
832 0.1191340168579039 -0.08284772575041388 1.038978266279266 134 92 70 0.66 14 752 152 109 314 351 329 32 342 261 350 532 460 320
833 0.114250420158857 -0.08361196066487088 1.045779658767574 129 94 70 0.48 14 753 17 90 20 86 208 179 350 533
834 0.07585371916434935 -0.08941725332911964 1.008233141781543 90 61 45 0.7 14 754 37 262 152 110 258 135 314 352 342 262 461 183 497 28
835 0.1594687127960038 -0.03240824888796861 1.054152999315014 92 61 45 0.55 14 755 37 263 314 353 386 276 461 184 497 29
836 0.08062253867150437 -0.04220888526438539 0.9805395760176525 70 55 49 0.49 14 756 17 91 19 17 20 87 350 534
837 0.1240083830143496 -0.03279282891658451 1.002282327255478 76 55 48 0.61 14 757 19 18 350 535
838 0.1007133508608511 -0.2263465672177536 1.099661448207424 104 83 70 0.54 8 392 12 180 14 758 37 264 152 111 342 263 386 277
839 0.1628212740162066 -0.03747304638116954 1.065676032689375 128 99 83 0.41 14 759 314 354 350 536
840 0.1217189976453518 -0.1410382819875049 1.07798274230706 119 94 79 0.48 7 68 14 760 350 537
841 0.09338144322193154 -0.2451579151544435 1.116102537907515 126 112 90 1.21 8 393 12 181 208 180 211 192 350 538 386 278
842 0.0404643960508414 -0.2432608792270227 1.077184618813021 90 77 70 1.49 8 394 12 182 208 181 350 539 386 279 426 118
843 0.1199381893308543 -0.2055623951686061 1.107176476011829 117 96 85 1.02 8 395 12 183 14 761 37 265 208 182 314 355 342 264 460 321
844 -0.01112335889683047 -0.1953327751664989 1.099978405516623 99 78 68 1.51 8 396 12 184 14 762 152 112
845 0.03200498981358157 -0.1469098099749073 1.007322798778703 118 91 74 0.93 8 397 12 185 14 763 211 193 350 540 363 73
846 0.1156829215454107 -0.2188551791063464 1.125344088036079 235 241 248 1.93 8 398 14 764 20 88
847 0.7973195624173567 0.09177566472650979 -0.06964314540400374 87 69 61 0.21 14 765 19 19 20 89
848 0.05526704590597187 -0.2444085564112786 1.070578152287871 75 55 44 0.89 8 399 37 266 211 194 382 274 426 119 460 322
849 0.1123939959217616 -0.2361446692085493 1.123843866935933 90 90 95 0.6 8 400 14 766 258 136 460 323
850 0.01359682972616438 -0.177796441855436 1.039907261081804 104 86 83 0.47 8 401 14 767 350 541
851 0.1144276654099814 -0.1435644315244151 1.071155998759057 88 54 32 0.18 8 402 14 768 37 267 382 275
852 0.04478440935478956 -0.2701488833969363 1.080770530596461 129 116 94 1.81 8 403 211 195 426 120
853 0.009439340487381154 -0.1641682752919021 1.035502373979332 113 96 92 0.58 8 404 12 186 14 769 350 542
854 0.08769191815278277 -0.1103784396509602 1.034593375812036 124 95 75 0.22 8 405 14 770 20 90 350 543
855 0.04035809664462675 -0.1107918984983145 0.9895841077755234 98 72 57 0.59 8 406 14 771 386 280 460 324
856 0.8128583663701286 0.0208478553279924 -0.03752341827645866 125 114 90 1.34 8 407 208 183 211 196
857 0.8834105232633125 0.04621397538393933 0.01007505498385697 219 230 231 1.07 8 408 17 92 20 91
858 0.7776092475947792 0.02590422473458796 -0.064630761066794 109 85 62 1.26 14 772 20 92 208 184
859 0.0613255519877185 -0.2951396160203126 1.205209294537786 202 216 224 1.62 8 409 12 187 14 773 211 197 426 121
860 0.05784425418468819 -0.2964199470267275 1.211162424208885 212 228 238 1.67 8 410 12 188 14 774 426 122
861 0.08570827234992373 -0.2727608215966046 1.173289405172596 110 109 110 0.25 8 411 12 189 14 775
862 0.05607044031629793 -0.2625065186772059 1.083119947764905 168 159 138 1.22 8 412 12 190 350 544 426 123
863 0.1101228937935622 -0.2393227900945444 1.123096185900241 196 208 218 1.02 8 413 14 776 386 281 460 325
864 0.06201638005546206 -0.2461713991258109 1.075453788559345 142 116 94 0.37 8 414 12 191 14 777 152 113 342 265 382 276
865 0.02738046320130194 -0.2219308757039691 1.062999835512155 196 207 217 0.91 8 415 12 192 211 198 350 545 426 124
866 0.02893103353824011 -0.2216462590710928 1.060697766238188 205 216 226 0.9 8 416 12 193 350 546 426 125
867 0.0557317824165704 -0.2176857109633364 1.043458257170804 110 84 69 0.43 8 417 14 778 350 547
868 0.1151096523810101 -0.2004041150842506 1.103453481194598 100 72 61 0.47 8 418 14 779 314 356 363 74
869 0.03969585705808654 -0.2037737258204536 1.0490115996721 90 70 62 1.11 8 419 14 780 211 199 350 548 426 126 460 326
870 0.04503226609534516 -0.200208017525817 1.04314943946874 113 89 76 0.32 8 420 12 194 14 781 350 549 460 327
871 0.04228669597650425 -0.1810184099263 1.03015472442252 108 83 66 0.21 8 421 14 782 350 550
872 0.06570863555801376 -0.1840442296047245 1.048527546609111 98 72 59 0.29 8 422 14 783 211 200 314 357 342 266 350 551 382 277 460 328 461 185
873 0.06674993529872664 -0.1750695947440114 1.051267565521067 106 77 62 0.38 8 423 14 784 350 552 460 329
874 0.09515871858201952 -0.1769518224748752 1.059841031971574 73 57 51 0.63 8 424 14 785 350 553 386 282 426 127
875 0.09005461357454281 -0.1628220482622551 1.174862175095935 192 197 198 0.45 8 425 14 786 211 201
876 0.1666467728513191 -0.1475580810412339 1.059711816804995 135 135 131 0.39 12 195 14 787 369 11
877 0.1037438733407651 -0.1587275666971825 1.157468316072811 123 111 103 0.42 8 426 14 788 350 554
878 0.05832962106473483 -0.1479991490801305 1.025260365215755 131 90 54 0.19 8 427 14 789 382 278
879 0.05902997888684336 -0.1480680661123465 1.029291632002776 144 114 88 0.79 8 428 14 790 208 185 211 202 314 358 426 128
880 0.06242654376697765 -0.1350854985802802 1.024057829403175 106 76 61 0.13 8 429 14 791 350 555 460 330
881 0.1555470476265098 -0.09315438318786301 1.084519445452107 217 230 235 0.75 14 792 211 203 350 556 460 331
882 0.149595678533195 -0.07514251783400734 1.092485428432036 151 123 99 0.47 8 430 14 793 350 557
883 0.8517495372684158 0.02376815648496823 -0.009602954789702078 118 82 55 1.17 8 431 14 794 20 93
884 0.8374190100406984 0.02494607155021246 -0.02090114082903094 100 77 64 0.65 8 432 14 795 20 94
885 0.836567623405143 0.02782387869257202 -0.029536965797618 103 89 72 0.29 8 433 14 796 211 204
886 0.8412405527148663 0.02884305841765387 -0.02755300520482162 80 64 47 0.46 8 434 14 797 211 205
887 0.7877050203018263 0.01924704799340153 -0.05964746822392208 63 52 47 0.24 8 435 17 93 20 95
888 0.8042811347667016 0.0216683860775516 -0.04616277757638232 89 79 65 0.45 8 436 350 558 426 129
889 0.8057865134638842 0.02170139012163572 -0.04493590112880486 45 37 28 0.73 8 437 208 186 211 206 350 559 426 130
890 0.8043514483811977 0.0237359689476755 -0.04615764520181653 67 53 34 0.72 8 438 211 207 350 560 426 131
891 0.8416018633060083 0.03336220769111993 -0.02529038583946341 83 67 44 0.31 8 439 208 187 211 208
892 0.7738969238576167 0.02053575553232924 -0.07077024083319561 103 79 65 0.34 8 440 17 94 20 96
893 0.8460696611503533 0.03760768069872339 -0.02448553804769515 123 101 71 0.76 8 441 14 798 211 209
894 0.7714254897370068 0.02175747686281858 -0.0725590845373183 138 106 70 0.53 8 442 20 97 211 210
895 0.7814051339549519 0.02438806095556365 -0.0640957802566483 153 125 81 0.52 8 443 208 188 211 211
896 0.7831801347524026 0.02447280778091336 -0.06773273345003372 141 107 74 0.59 20 98 350 561 426 132
897 0.8166207526298553 0.03302809494969525 -0.0359343753971475 57 46 45 0.2 8 444 14 799 17 95
898 0.839952117104167 0.04148271486129272 -0.02449983183238047 45 33 20 1.03 8 445 208 189 211 212
899 0.8462467624153694 0.04144569168375359 -0.01631211129088161 126 97 67 0.94 8 446 14 800 17 96 211 213
900 0.8485817633140808 0.04131065908676705 -0.01452323403329225 83 63 46 0.58 8 447 20 99 211 214
901 0.8427347623064269 0.04284599867879764 -0.02485670620117097 61 47 25 0.57 8 448 208 190 211 215
902 0.8408750221299462 0.04622612166740384 -0.02158354623889625 47 43 34 0.91 8 449 14 801 211 216
903 0.8487167859551481 0.04678609216035971 -0.02239949809602959 126 90 56 0.66 8 450 208 191 211 217
904 0.7874320665407205 0.03577140385690515 -0.06109837773351245 66 52 41 0.25 8 451 17 97 20 100
905 0.7914606093078734 0.03553744034993023 -0.05983630095005743 59 42 35 1.31 20 101 350 562 426 133
906 0.7914680879974362 0.03501042309316203 -0.05823084178827687 53 42 36 0.19 8 452 17 98 20 102
907 0.7916019692481274 0.03728354563262966 -0.0611529575010169 78 59 35 1.32 143 6 208 192 350 563 426 134
908 0.7934090292873577 0.03762183808491722 -0.0608760640897642 72 56 39 1.25 208 193 350 564 426 135
909 0.8405875805508622 0.04694277898619326 -0.02079375453821652 129 108 82 0.89 8 453 14 802 211 218
910 0.8439238800039917 0.05067740421740455 -0.0143487641775647 75 57 42 0.39 8 454 20 103 211 219
911 0.8811883693635099 0.05611054189255354 -0.003476933517943981 73 57 33 0.97 8 455 208 194 211 220
912 0.7872504601771096 0.03929863163129035 -0.06700643798363914 44 28 19 1.3 208 195 350 565 426 136 513 39
913 0.7837099895872642 0.03902717838989528 -0.0642742879992958 99 71 49 0.4 8 456 20 104 211 221
914 0.8474428300351945 0.05455861656181193 -0.01832548156899472 106 74 51 0.18 14 803 17 99 20 105
915 0.04357261264817058 -0.3248687597738132 1.136350062344048 190 207 208 0.46 8 457 12 196 14 804 463 6
916 0.08728452433489586 -0.3048657392251085 1.106019149355998 95 89 85 0.89 8 458 12 197 14 805 17 100 20 106
917 0.03201451905166108 -0.3025448483354592 1.114352322291799 226 229 230 0.57 8 459 12 198 14 806 37 268 342 267 382 279
918 0.03551274027430151 -0.2987546884241471 1.109418719625546 200 210 215 1.38 8 460 12 199 208 196 211 222 350 566 426 137
919 0.07395398483098636 -0.2630076808263767 1.098206757544611 102 84 72 0.81 8 461 14 807 152 114 460 332
920 0.09240806949418601 -0.2679301561219627 1.107268583448124 131 102 80 0.46 8 462 14 808 314 359 342 268 382 280
921 0.07740171067008805 -0.2686066176165881 1.183037094018522 95 93 94 0.18 8 463 12 200 14 809
922 0.09612602631524803 -0.2583018544841139 1.141297602631827 120 113 108 1.49 12 201 14 810
923 0.1232435208627402 -0.2057568114165213 1.089112070070953 130 107 86 0.42 8 464 14 811 350 567
924 0.07532229540693713 -0.198800004981029 1.068179619823389 119 96 78 0.56 8 465 14 812 17 101 20 107
925 0.1217792087777955 -0.1921948039618842 1.097818538825218 120 106 90 0.75 8 466 14 813 386 283 497 30
926 0.1100185762777791 -0.200213872034299 1.141823811800239 110 101 97 0.77 8 467 12 202 14 814 211 223 350 568
927 0.1159602078055497 -0.199124662522954 1.132853569608529 116 106 102 0.58 8 468 12 203 14 815 350 569
928 0.1322724284790228 -0.1873667361736852 1.102993498839238 114 108 104 0.28 8 469 12 204 14 816 350 570
929 0.004899776939371159 -0.2068684238179503 1.077024208191491 108 92 84 1.01 8 470 12 205 14 817 350 571 386 284
930 0.06591751482282326 -0.1953734879507113 1.048222405284622 113 92 79 0.23 8 471 12 206 14 818 350 572
931 0.07956605799175942 -0.1748966704853205 1.056796134887812 93 76 67 0.45 8 472 12 207 14 819 211 224 350 573
932 0.1295739312334315 -0.1615801983643062 1.095014883011521 101 77 58 0.22 8 473 12 208 14 820 382 281
933 0.03711284368835899 -0.1647227794799128 1.020350531234275 89 72 64 0.71 8 474 12 209 14 821 211 225 350 574 386 285 426 138
934 0.09405390721390872 -0.1571994964525114 1.057085984676924 74 57 52 0.23 8 475 12 210 14 822 208 197 211 226 314 360 342 269 350 575 363 75 382 282 426 139 460 333 461 186
935 0.08887116443030874 -0.1584783430209353 1.064939446698912 65 54 50 0.56 8 476 14 823 19 20
936 0.02619070378989452 -0.1534448749054483 1.010812870163678 103 79 69 0.81 8 477 12 211 14 824 211 227 350 576 363 76
937 0.03443208069255166 -0.1449353758531408 1.007354693928591 95 72 58 0.43 8 478 14 825 211 228 350 577 363 77
938 0.06110428582564675 -0.1142803156167023 1.01316364076287 118 90 68 0.25 8 479 14 826 350 578 497 31
939 0.07324459690772755 -0.1146213761549718 1.018991564431779 134 98 70 0.71 8 480 14 827 258 137 314 361 342 270 350 579 363 78 382 283 426 140 460 334
940 0.102652612034364 -0.1082516484165849 1.037429601932699 74 54 48 0.76 8 481 14 828 350 580 369 12 386 286 426 141 460 335
941 0.7894654711095569 0.007656917291291192 -0.05584930533776711 132 96 60 1.16 8 482 14 829 20 108 211 229
942 0.7955280052537298 0.009501963836147501 -0.03868399140990075 110 70 42 1.24 8 483 350 581
943 0.826025617316638 0.02000105247657852 -0.03191164193098561 115 83 56 0.58 8 484 14 830 208 198
944 0.7630741003339938 0.009784179212283112 -0.04563359558552893 99 78 58 2.21 8 485 211 230
945 0.8031240681146989 0.01791454331307379 -0.0471676072918541 79 73 59 1.41 8 486 350 582 426 142
946 0.836551840690699 0.02696513170853808 -0.02953354311195389 35 31 25 0.41 8 487 14 831 211 231
947 0.8380515650255772 0.02743155921362035 -0.02811216440017072 53 45 38 0.34 8 488 14 832 211 232
948 0.8382207538296932 0.02671697176509025 -0.02081823225079227 101 80 64 0.77 8 489 14 833 17 102 20 109
949 0.7923639756823165 0.02055819028563038 -0.05599888947093423 56 48 39 0.92 8 490 14 834 17 103 20 110 211 233
950 0.7878638456082574 0.02023923279402871 -0.04879774695045125 70 56 38 1.61 8 491 211 234
951 0.8000413541212639 0.02111794313260136 -0.05064471065353016 122 98 69 0.93 8 492 20 111 208 199 211 235 350 583 426 143
952 0.8010491159596514 0.02140874438830241 -0.05030337629219273 117 89 61 1.13 8 493 208 200 350 584
953 0.8065915987671385 0.02539366776838144 -0.04275796803534404 49 32 30 0.78 8 494 14 835 17 104 19 21 20 112
954 0.8207800749842602 0.02780890084284206 -0.0335463099873976 136 126 110 0.36 8 495 14 836 17 105 211 236
955 0.8376144534559633 0.03097668492468031 -0.0220233144013543 91 75 60 0.62 8 496 14 837 17 106 20 113 211 237
956 0.8006791640315185 0.02428713136300792 -0.0539610223913557 92 76 57 0.87 8 497 14 838 211 238
957 0.8225478443526625 0.02812488949884794 -0.05904559092752892 101 90 79 1.11 8 498 14 839 17 107 211 239
958 0.8242026636283167 0.03067997691541417 -0.03511765244940868 139 131 110 0.7 8 499 14 840 208 201 211 240
959 0.8384543077051444 0.03437097576862808 -0.02128346928819713 48 41 36 0.57 8 500 14 841 17 108 20 114
960 0.8404023673251494 0.03506621640223036 -0.02617735850701974 110 88 62 0.47 8 501 14 842 211 241
961 0.8412491536540803 0.03600349967682825 -0.02586747328340533 46 36 24 0.58 8 502 14 843 211 242
962 0.8634289055140735 0.04097391749422868 -0.004423795557639609 126 96 63 0.53 8 503 17 109 20 115 211 243
963 0.7627953457229227 0.01959141231165895 -0.07898443778204689 121 90 63 0.69 8 504 17 110 20 116
964 0.7654730278495634 0.01963138940933808 -0.08734900596063055 191 162 101 1.68 208 202 426 144 513 40
965 0.7751300261898916 0.02526106377947719 -0.0695513094155904 60 51 41 0.38 8 505 17 111 20 117 211 244
966 0.7765933122809071 0.02547718605747937 -0.06777087469170306 56 44 38 0.42 8 506 17 112 20 118
967 0.7942876310578331 0.02751090410885208 -0.05436301696503287 68 56 48 0.9 8 507 14 844 17 113 20 119
968 0.8413534965325985 0.03897449647734448 -0.01975997340458513 84 66 49 0.55 8 508 14 845 17 114 20 120 211 245
969 0.8487818858444139 0.04043795674645141 -0.02163411498299994 113 86 57 0.65 8 509 208 203 211 246
970 0.8589743504890872 0.0435392734429885 -0.008150727214780051 132 104 76 0.34 8 510 20 121 211 247
971 0.7902993488730847 0.03160115550314094 -0.05890153212608429 57 42 34 0.29 8 511 17 115 20 122
972 0.7889705531609819 0.03310399452436194 -0.05979440532847657 57 47 39 0.13 8 512 17 116 20 123
973 0.79650361096681 0.02859560663184255 -0.08421545410389131 69 57 46 0.16 17 117 20 124 143 7
974 0.7949151517531223 0.03156006496745226 -0.05404959532541964 34 28 19 0.55 8 513 208 204 211 248
975 0.8776427976075175 0.05175824937407099 -0.002114468009733583 53 43 25 0.81 8 514 208 205 211 249
976 0.788871902061857 0.03549940970909082 -0.0563994012108866 102 84 64 1.31 8 515 14 846 211 250
977 0.788871902061857 0.03549940970909082 -0.0563994012108866 102 84 64 1.31 8 516 14 847 211 251
978 0.7883205352691405 0.0396181188827522 -0.06586442256595826 54 36 21 1.36 208 206 350 585 426 145
979 0.06102733163530571 -0.3179618214139531 1.116846836624858 143 137 138 0.8 8 517 12 212 460 336
980 0.06954481537777235 -0.3257997989306586 1.14664254518891 226 237 246 1.18 8 518 14 848 17 118
981 0.09610930668619855 -0.2561561229495578 1.149166304729571 83 83 85 0.79 8 519 12 213 14 849
982 0.06167097815645972 -0.2425273465917147 1.081867066847048 88 71 64 1.18 8 520 350 586 426 146
983 0.081950992594364 -0.2428636308635082 1.090540617965023 147 121 89 0.65 8 521 14 850 37 269 208 207 382 284 386 287 460 337
984 0.07454798032510823 -0.2365008603745979 1.08002043523249 86 69 65 0.42 8 522 12 214 14 851 350 587 460 338
985 0.1142717392603001 -0.2260925415664283 1.110438320457215 74 66 57 0.57 8 523 14 852 37 270
986 0.005990836029944435 -0.2271792083852741 1.085529621662152 116 106 102 0.75 8 524 12 215 14 853 342 271 350 588 386 288
987 0.1111038522280219 -0.1945809410360607 1.089154225373594 138 113 88 0.85 8 525 12 216 14 854 208 208 342 272 382 285 386 289
988 0.1241067805459182 -0.1881029707294018 1.09825425541708 98 78 71 1.25 12 217 14 855 152 115 350 589 426 147
989 0.04524969064516726 -0.185608688221195 1.036137511059418 124 100 81 0.19 8 526 14 856 20 125
990 0.09082608339611509 -0.1683793896281918 1.060266650048496 83 60 52 0.7 14 857 350 590 386 290 497 32
991 0.13538189997362 -0.1578289634191714 1.099944076128434 104 99 105 0.58 8 527 12 218 14 858 460 339
992 0.1223916837896364 -0.135925518920746 1.12442811155031 114 93 81 0.7 8 528 14 859 350 591
993 0.8155942403816756 0.01406608546810589 -0.03647787080467102 63 46 36 0.66 8 529 14 860 20 126
994 0.813849931923737 0.01651031225972202 -0.03940291722944866 118 86 54 2.16 8 530 143 8 208 209 211 252 426 148
995 0.8032302090319481 0.01999640325313928 -0.04737923407687028 36 33 29 0.79 8 531 208 210 211 253 350 592 426 149
996 0.8048122659368981 0.01924458589743508 -0.04599416606682338 31 24 18 1.19 8 532 143 9 208 211 211 254 350 593 426 150
997 0.7908004069819723 0.0175735703528525 -0.09036271374394989 92 76 60 0.37 17 119 19 22 20 127 143 10
998 0.7943849436413527 0.02092621165959652 -0.05419272313181589 60 45 38 0.75 8 533 14 861 17 120 20 128
999 0.806996326625147 0.02159656541674791 -0.04483902454566413 185 180 159 1.05 8 534 208 212 350 594 426 151 513 41
1000 0.8230177766548776 0.02595196020998175 -0.05902408138370896 124 115 103 1.1 8 535 14 862 17 121 211 255
1001 0.8189110751053215 0.02826224431039853 -0.03707386375693844 105 76 62 1.29 8 536 19 23 143 11 208 213 211 256 513 42
1002 0.8197675124442944 0.0282353929721926 -0.03757159500266094 102 38 36 1.96 426 152 513 43
1003 0.8247097635821351 0.02837526431762349 -0.03511208059882864 166 156 124 0.71 8 537 208 214 211 257
1004 0.8306311030807378 0.03126225246128733 -0.02707716311508068 55 38 32 0.51 8 538 14 863 17 122 20 129 211 258
1005 0.8317485830224345 0.03068069281568156 -0.02679226833331172 143 137 126 0.55 8 539 14 864 17 123 211 259
1006 0.7759418916466982 0.02100522831004553 -0.06946122410921418 89 71 58 0.29 8 540 17 124 20 130
1007 0.7874785401819301 0.02401599319153323 -0.06063734377721219 50 40 33 1.32 19 24 20 131 426 153
1008 0.7935752167944337 0.0263696667418143 -0.05665006801094374 148 120 80 1.31 8 541 143 12 208 215 211 260
1009 0.7938871970557801 0.0263730458647962 -0.05440031256532996 111 90 67 0.89 8 542 14 865 17 125 19 25 20 132 211 261
1010 0.7976876668132787 0.02680060633483153 -0.05226345687331568 110 86 64 1.17 8 543 208 216 211 262 350 595
1011 0.8082124909173531 0.02926942338388586 -0.04478074943877364 160 147 117 1.35 8 544 208 217 350 596 426 154
1012 0.8062502087260054 0.0290316143596745 -0.04260492182727604 129 120 104 0.74 8 545 14 866 17 126 211 263
1013 0.810488084760674 0.0299412609037948 -0.04329784383676616 167 153 133 1.47 8 546 208 218 350 597 426 155 513 44
1014 0.8146349088688702 0.03052583713269542 -0.04183857887977427 130 121 104 0.54 8 547 14 867 211 264
1015 0.8283143562970833 0.03374675721091656 -0.03398019090824322 129 122 102 0.58 8 548 14 868 211 265
1016 0.8391412380005273 0.0352875043217022 -0.02104768182330918 123 95 66 0.52 8 549 14 869 17 127 20 133 211 266
1017 0.762204008903332 0.01850594858938449 -0.08959987380388268 177 145 82 2.23 426 156 513 45
1018 0.7825528262079965 0.026852183854449 -0.06815087911061901 140 106 65 1.25 19 26 143 13 208 219 350 598 426 157
1019 0.8243483299297401 0.03443595741081588 -0.03453930942750516 89 54 45 0.83 8 550 143 14 208 220 211 267 513 46
1020 0.8702882241813084 0.04656142824812821 0.0004095619916392179 102 79 62 0.68 8 551 17 128 20 134
1021 0.7637394298774743 0.02295993683894985 -0.08904900905488766 31 27 18 2.2 208 221 426 158
1022 0.7793771502047597 0.02789182286896988 -0.06925403418550446 63 44 26 0.94 143 15 208 222 350 599 426 159 513 47
1023 0.8455930651788415 0.04847815077483072 -0.01618886000461928 106 65 32 1.67 350 600 426 160 513 48
1024 0.8470591516203083 0.04681673870030904 -0.01855667482851875 97 77 60 0.54 14 870 17 129 19 27
1025 0.784463992902245 0.03432743461643582 -0.06361710224635753 96 72 55 0.39 8 552 17 130 20 135
1026 0.7851962646960881 0.0361854693808987 -0.06740454740372903 118 74 36 1.47 143 16 208 223 350 601 426 161
1027 0.7902092122960034 0.03549445519179621 -0.06166521219686405 114 94 70 2.03 8 553 211 268
1028 0.7926989995679143 0.03650939936783003 -0.06084675859887745 143 119 81 1.12 143 17 208 224 350 602 426 162 513 49
1029 0.7934173635483505 0.03691430515412246 -0.05935814404681983 128 110 79 0.85 143 18 350 603 426 163
1030 0.7941024542638214 0.03636227070557624 -0.05593876461383684 86 72 58 0.42 8 554 17 131 19 28 20 136 211 269
1031 0.8407741415822413 0.04816728769379186 -0.02159043128875238 109 94 73 0.89 8 555 14 871 211 270
1032 0.8493222019414879 0.04937986625416123 -0.01540870107848891 51 41 28 1.3 8 556 20 137 211 271
1033 0.84717193426684 0.05102276604265302 -0.01665790477243512 94 66 42 0.31 8 557 20 138 211 272
1034 0.8771872171601059 0.05977223331960736 0.005870308628256327 107 74 50 0.99 8 558 20 139 211 273
1035 0.8456872670228117 0.05488392130687322 -0.01721353149741722 111 84 59 0.48 8 559 20 140 211 274
1036 0.8761083522058526 0.05944401886484532 0.0006754248440908883 114 95 74 0.42 14 872 17 132 20 141
1037 0.07888555498708427 -0.3019801041360739 1.150212342892875 115 103 92 0.21 8 560 12 219 363 79
1038 0.01467347106882133 -0.2835770949507752 1.124613539991471 113 93 80 1.71 8 561 12 220 382 286 426 164
1039 0.09773824343644844 -0.1672912461570951 1.071693662491757 91 64 55 0.51 8 562 14 873 314 362 513 50
1040 0.02729950364597589 -0.1362956926886675 1.008257308091953 134 106 78 0.44 8 563 14 874 208 225 211 275
1041 0.06523494307025601 -0.1384500485703263 1.030623241372164 110 84 66 0.31 8 564 14 875 20 142
1042 0.1407259673034873 -0.1100453491289334 1.104171396435265 239 241 245 1.28 8 565 14 876 20 143
1043 0.785758495220607 0.01488397011412043 -0.06102253784981748 48 42 42 0.23 8 566 17 133 20 144
1044 0.8157778214003867 0.02246099522627303 -0.04146871365821281 31 27 21 0.48 8 567 14 877 211 276
1045 0.8356449145490833 0.02799429001795135 -0.02697129192371261 111 93 68 0.32 8 568 14 878 208 226 211 277
1046 0.2303488490901675 0.03980565633931718 0.9889236217724737 214 220 233 2.38 14 879 152 116
1047 0.8010061593997425 0.02307908741905003 -0.04917386720974737 24 23 18 1.33 8 569 208 227 426 165
1048 0.8117874159610986 0.02419711652825464 -0.04135490819154508 98 36 28 1.55 8 570 208 228 350 604 426 166 513 51
1049 0.7891414402468133 0.02534707307920349 -0.05808753803746425 104 79 60 0.51 8 571 17 134 20 145 211 278
1050 0.7796854427929191 0.02351414255554031 -0.06668408755235689 135 113 91 0.43 8 572 17 135 19 29 20 146 211 279
1051 0.818910731413228 0.03288413269588911 -0.03818605371042061 118 27 24 1.93 426 167 513 52
1052 0.8059655206265148 0.03243836416436124 -0.0128911152567539 66 44 38 1.27 8 573 17 136 20 147 211 280
1053 0.7898857800587531 0.0321219469681033 -0.06245884274128288 140 113 77 0.68 143 19 350 605 426 168 513 53
1054 0.7956988844716018 0.03159211554567022 -0.05284043694426266 84 73 60 1.18 8 574 14 880 211 281
1055 0.7964650446966977 0.03197561743924168 -0.05511969362300528 102 90 70 0.52 208 229 350 606 426 169
1056 0.8409169959336507 0.0421891908674441 -0.02434581818034998 154 128 86 0.74 8 575 208 230 211 282
1057 0.8397425851029092 0.04963320776280965 -0.02169597021398539 31 26 20 0.98 8 576 14 881 211 283
1058 0.8489110092575751 0.05035001955172028 -0.01606573320320315 109 77 51 0.99 8 577 17 137 19 30 20 148 211 284
1059 0.8507474843480366 0.05092716345307227 -0.01448137083016765 123 94 64 0.57 8 578 20 149 211 285
1060 0.7913722163947257 0.04031742341658788 -0.05797813127374385 38 28 23 0.85 8 579 17 138 20 150 211 286
1061 0.8434025996900496 0.04120209515241224 -0.11212370221837 79 61 44 1.17 17 139 19 31 20 151 143 20
1062 0.8539129160316178 0.02880645953067638 -0.0106250362123842 121 98 75 1.11 8 580 14 882 17 140 19 32 20 152
1063 0.8038558435321903 0.02103943566579478 -0.04514083777682509 81 73 63 0.69 8 581 14 883 17 141 19 33 20 153 211 287 463 7
1064 0.8401754477207087 0.03015555510121706 -0.025269730472124 131 104 73 0.99 8 582 143 21 208 231 211 288 513 54
1065 0.7240488378496035 0.01105668969525338 -0.05474339288054819 185 196 207 1.39 8 583 211 289 426 170
1066 0.7786076804540638 0.0199419602740855 -0.06707285281210706 63 51 44 0.23 8 584 17 142 20 154
1067 0.7978075749132894 0.02498566676680516 -0.05303945407423516 63 50 34 1.19 8 585 19 34 143 22 208 232 211 290 350 607 426 171
1068 0.8049498586764816 0.02615736143144701 -0.04353592386767935 129 120 108 0.64 8 586 14 884 17 143 19 35 20 155 211 291 463 8
1069 0.8111743413557768 0.02870797189392028 -0.04266582392203333 86 30 25 1.52 8 587 211 292 350 608 513 55
1070 0.8184732262173215 0.02944949953390423 -0.03492079027869965 118 108 98 0.42 8 588 14 885 17 144 19 36 20 156 211 293 463 9
1071 0.8837435218980441 0.04558858930936958 0.005061025734719671 225 231 234 1.04 14 886 17 145 19 37
1072 0.7822587220677529 0.02323479519609187 -0.08774398246500204 100 68 45 0.6 17 146 19 38 20 157 143 23
1073 0.7802179966913588 0.02637656081292021 -0.07071596889311049 157 123 75 0.9 143 24 208 233 426 172 513 56
1074 0.7843912719029955 0.02185700714741612 -0.09097469281758996 120 90 66 0.45 17 147 19 39 20 158 143 25
1075 0.8590097558019691 0.05048764026675981 -0.01512531824658125 138 115 78 0.51 8 589 208 234 211 294
1076 0.793618963948037 0.03923519411762932 -0.05734450200670305 101 85 67 0.46 8 590 17 148 19 40 20 159 211 295
1077 0.7936540921013299 0.0392305029412143 -0.0573851240714327 108 90 70 0.52 8 591 19 41 20 160 211 296
1078 0.8476255217038711 0.05202557975777494 -0.02372738216867309 140 116 78 0.77 8 592 208 235 211 297
1079 0.7853416061231678 0.04272079527164921 -0.0675395366593875 126 102 73 2.1 143 26 208 236 350 609 426 173 513 57
1080 0.1087649833081886 -0.1854215130842636 1.082396635081368 90 80 76 0.41 8 593 12 221 14 887 342 273 350 610
1081 0.08407226975436399 -0.1706504175525055 1.049785739351424 98 78 70 0.15 8 594 12 222 14 888 350 611
1082 0.7645950706803937 0.0120333459979827 -0.04775136631244215 71 64 52 1.96 8 595 211 298
1083 0.8017900022026495 0.01594180566364927 -0.04974468650251096 144 97 54 1.37 8 596 143 27 208 237 513 58
1084 0.803012961699331 0.02219915855264898 -0.04739891023436826 26 17 17 0.58 8 597 350 612 513 59
1085 0.8026031404307448 0.02231284324486027 -0.04670714454736002 24 23 23 0.63 8 598 14 889 17 149
1086 0.799681398145041 0.02391266035754597 -0.05084160999860965 111 87 61 1.0 8 599 208 238 211 299 350 613 426 174
1087 0.8472216327043697 0.04026632684049801 -0.01599413991816767 71 53 41 0.25 8 600 17 150 20 161
1088 0.7924048158378386 0.0288633910243833 -0.08462811987762275 83 63 44 0.39 17 151 19 42 20 162 143 28
1089 0.792971338038759 0.03314151171400286 -0.05419009535972497 77 67 58 0.33 14 890 17 152 19 43
1090 0.8412945093832096 0.04387417961586984 -0.02344275809084229 57 43 26 1.02 8 601 143 29 208 239 211 300 513 60
1091 0.7122051960066218 0.04142549812458576 0.07094025235590362 119 85 62 0.67 8 602 14 891 211 301
1092 0.8367786634097721 0.01880674255648736 -0.02653291026137572 67 50 33 1.56 8 603 14 892 208 240
1093 0.8272839224203893 0.01929519255868963 -0.03061195451174337 132 96 62 0.7 8 604 14 893 143 30 211 302 513 61
1094 0.8352058046717553 0.02158494142472539 -0.02094505116192158 109 77 52 0.97 8 605 14 894 17 153 19 44 20 163 211 303
1095 0.7965212175101131 0.02345348442375586 -0.05555110196831614 137 112 74 0.87 143 31 208 241 350 614 426 175 513 62
1096 0.7899897979883306 0.02860751299744614 -0.05871329077671938 90 73 61 0.26 8 606 17 154 19 45 20 164
1097 0.7912844678854242 0.0264859221959402 -0.08084609335761939 97 79 63 0.33 19 46 20 165 143 32
1098 0.8440318067458852 0.03945057028971924 -0.01795695528257091 78 58 46 0.5 8 607 17 155 19 47 20 166
1099 0.8150715720227535 0.01562971040087693 -0.03893892345582262 126 97 62 1.45 8 608 14 895 143 33 208 242 211 304 513 63
1100 0.004890883618788755 0.007213801741795367 1.048443370921371 116 70 29 0.83 329 33 382 287
1101 0.8330692845813171 0.02044720332955639 -0.02722791776621014 161 125 79 0.64 8 609 14 896 208 243 211 305 513 64
1102 0.8011555795725895 0.01957877971793587 -0.0480146079219097 103 82 60 1.34 8 610 14 897 17 156 19 48 20 167 211 306 426 176
1103 0.8365951841570312 0.02468560789369728 -0.02326198086441855 29 26 21 0.59 8 611 14 898 208 244 211 307
1104 0.8066043202213468 0.02318165049892437 -0.04303707973978965 129 122 111 0.58 8 612 14 899 17 157 19 49 20 168 211 308 463 10
1105 0.8393010414115905 0.04075710696123275 -0.02021925506976074 119 95 68 1.12 8 613 14 900 20 169 211 309
1106 0.7956228647972883 0.03135853027074353 -0.06982161000023623 55 46 35 0.32 17 158 19 50 143 34
1107 0.00844551305723229 -0.2382175776460204 1.090797842859727 253 254 254 1.51 12 223 14 901 342 274 350 615 382 288
1108 0.8305123377673432 0.02902666829371435 -0.02730717899672153 134 125 114 0.82 8 614 14 902 17 159 19 51 20 170 211 310 463 11
1109 0.8437521335530612 0.03142255067452587 -0.01786022197734272 67 58 48 0.75 8 615 14 903 17 160 19 52 20 171 211 311
1110 0.848023770376684 0.03223808817010353 -0.01336768316460935 93 76 59 1.01 8 616 14 904 20 172 211 312
1111 0.8086468415262849 0.02663324228738086 -0.0419191580060021 58 44 39 0.55 8 617 14 905 17 161 19 53 211 313 463 12
1112 0.8087048418809063 0.02661666062169789 -0.04187433490857451 48 39 37 0.55 8 618 14 906 17 162 463 13
1113 0.8218801092265331 0.02978204893786973 -0.03333066846692456 49 36 33 0.43 8 619 14 907 17 163 19 54 20 173 463 14
1114 0.8420584563091402 0.03479761940028442 -0.01980978389113375 116 97 73 1.14 8 620 14 908 17 164 20 174 211 314 463 15
1115 0.8491288588067959 0.03676526158380983 -0.01474924371822517 124 98 68 0.87 8 621 14 909 17 165 19 55 20 175 211 315
1116 0.8492698599257449 0.04536858330631932 -0.01373426092456886 169 144 95 1.68 143 35 426 177 513 65
1117 0.8541879045937379 0.05348753711372095 -0.02059376348346142 147 114 71 0.72 8 622 208 245 211 316
1118 0.8394391730241656 0.02525830636086912 -0.01901020810618326 98 73 54 1.51 8 623 14 910 20 176
1119 0.091218271469926 -0.1759721992723048 1.186038377459719 232 234 235 0.35 12 224 14 911 369 13
1120 0.7307008327892468 0.01273214143228998 -0.05491798448065632 109 82 55 0.76 8 624 211 317 426 178
1121 0.7307008327892468 0.01273214143228998 -0.05491798448065632 109 82 55 0.76 8 625 211 318 426 179
1122 0.8452676597183405 0.04407835971048271 -0.02193213192752197 139 114 80 1.75 8 626 14 912 211 319
1123 0.02673138480772541 -0.3005971807380265 1.117897512333279 115 103 95 0.55 12 225 14 913 17 166 20 177 208 246
1124 0.06958708530389013 -0.2416815624793777 1.088866329114271 108 90 75 0.97 12 226 208 247 350 616 426 180
1125 -0.0017825924127155 -0.2033243131090008 1.081367443295617 208 222 222 0.6 12 227 14 914 17 167 20 178 211 320 463 16
1126 0.1183380789994865 -0.2098926724387812 1.103989433468304 97 68 54 0.76 14 915 152 117 350 617
1127 0.152403069331161 -0.1435334593148035 1.065837352517172 108 90 78 0.27 12 228 14 916 369 14
1128 0.1298551263997675 -0.144509632660058 1.115682820336292 129 116 112 0.27 14 917 211 321 350 618
1129 0.03360744663544335 -0.1539763037448067 1.012181423923121 120 95 76 0.24 14 918 17 168 20 179 350 619
1130 0.03380384139171355 -0.1330798049919795 1.000596618965842 143 104 78 0.48 14 919 208 248 314 363 460 340
1131 0.1480911771369435 -0.1019931836481061 1.077014042126284 94 72 66 1.77 14 920 314 364 350 620 426 181
1132 0.01329994216406105 -0.1114618368065877 0.9834316669532701 107 94 86 0.48 12 229 14 921 208 249
1133 0.130332044947932 -0.09641109459611513 1.064145497370966 143 101 71 0.38 14 922 37 271 363 80
1134 0.02050171199127959 -0.09170914938815783 0.9670475407260231 105 77 70 0.35 14 923 350 621 460 341
1135 0.05030922703849017 -0.08392190690562293 0.9869039386940315 107 71 48 0.35 14 924 152 118 208 250 350 622 363 81 461 187
1136 0.1142063848777984 -0.06097076871299987 0.9827761913132578 130 102 83 0.68 14 925 20 180 350 623
1137 0.1020800393716043 -0.05338762125095473 1.005055306428319 120 72 53 0.96 14 926 350 624 460 342
1138 0.1205107555183818 -0.04980196780117932 0.975372238660984 145 98 62 0.35 14 927 342 275 350 625 382 289 386 291
1139 0.1258480754001808 -0.06495484262852295 1.138878370247945 138 124 118 0.79 14 928 211 322 350 626
1140 0.1279152956956177 -0.01118606791534336 0.9822744604093256 92 64 53 0.46 14 929 208 251 350 627
1141 0.1279152956956177 -0.01118606791534336 0.9822744604093256 92 64 53 0.46 14 930 208 252 350 628
1142 0.1086363538811562 -0.01814160582783354 0.8813043991664842 182 134 94 1.0 17 169 19 56 20 181 350 629
1143 0.1342309436983548 -0.003904894081729608 1.014085401032284 72 47 33 1.54 14 931 350 630 461 188
1144 0.8586388006328309 0.03572492725456757 -0.01540770292454396 105 87 60 1.54 14 932 208 253 211 323
1145 0.8599932238427626 0.03575406792721271 -0.01280136996709047 130 103 73 0.84 143 36 208 254 211 324
1146 0.7766918942948099 0.02175081822770174 -0.0672461058915601 74 58 47 1.47 14 933 17 170 19 57 20 182
1147 0.1238337866645837 0.0574128581989875 0.865168442472031 89 53 37 0.65 14 934 314 365 329 34 342 276
1148 0.7854692629482124 0.05063275339713086 -0.06719320953298591 138 113 80 2.39 143 37 350 631 513 66
1149 0.35554906951175 0.09212241006589951 0.4101333549104536 79 63 53 0.64 17 171 19 58 20 183 342 277
1150 0.3453552220771129 0.09819381651602581 0.4051974495621098 90 60 43 0.75 17 172 19 59 20 184 37 272
1151 0.3480337883386411 0.1081389952318472 0.4139192755720846 60 41 23 0.82 17 173 208 255 513 67
1152 0.8465744285322921 0.0733765790194989 -0.02210454573729315 98 84 71 0.36 14 935 17 174 20 185
1153 0.7837243490714342 0.07343262696879616 -0.06591295369431105 54 46 44 0.67 14 936 17 175 20 186
1154 0.778378295557103 0.08491397949975531 -0.07251168090802929 73 56 43 0.34 14 937 17 176 20 187
1155 0.7795031311208213 0.08532017214283423 -0.0714969890177245 73 57 44 0.38 14 938 17 177 20 188
1156 0.7795031311208213 0.08532017214283423 -0.0714969890177245 73 57 44 0.38 14 939 17 178 20 189
1157 0.7828028033670208 0.08584592702623429 -0.06960272307140725 61 52 43 0.38 14 940 17 179 20 190
1158 0.7895762020206902 0.08952623640611136 -0.07386805357999304 82 71 62 0.34 14 941 17 180 20 191
1159 0.7971783115102916 0.0914036635781222 -0.06911932072824056 89 71 63 0.43 14 942 17 181 20 192
1160 0.8006021163153407 0.0905394785625709 -0.05768186117005314 62 56 49 0.39 14 943 17 182 20 193
1161 0.8006021163153407 0.0905394785625709 -0.05768186117005314 62 56 49 0.39 14 944 17 183 20 194
1162 0.803785347104515 0.09055458089660633 -0.05559169577364775 39 34 32 0.3 14 945 17 184 20 195
1163 0.8337257249035144 0.09730201268656223 -0.03554888596543393 61 48 40 0.56 14 946 17 185 19 60 20 196
1164 0.8377312057013595 0.1003195897380188 -0.04149401658234597 46 40 38 0.59 14 947 17 186 19 61 20 197
1165 0.8385305687542889 0.09823124795045678 -0.03247198479896218 65 49 42 0.39 14 948 17 187 20 198
1166 0.8459803200698229 0.1011017989630048 -0.02760022033755638 94 72 56 0.15 14 949 17 188 20 199
1167 0.8462385865644363 0.1022041283844551 -0.02761616024913616 46 42 40 0.15 14 950 17 189 20 200
1168 0.8462385865644363 0.1022041283844551 -0.02761616024913616 46 42 40 0.15 14 951 17 190 20 201
1169 0.8638048109055727 0.1059085299845507 -0.01585238313599502 73 66 59 0.27 14 952 17 191 20 202
1170 0.7871660171089226 0.09825354695721246 -0.07946682887194867 185 161 117 1.45 208 256 211 325 513 68
1171 0.7859424793910598 0.09623655160053331 -0.07550349635743447 85 77 72 0.22 14 953 17 192 20 203
1172 0.7871869660811355 0.0966474711540229 -0.07471639363773519 90 80 73 0.27 14 954 17 193 20 204
1173 0.8751807172746794 0.09396279213185819 -0.1341421428037007 108 92 81 0.15 14 955 17 194 20 205
1174 0.8358262972810662 0.1104772457690228 -0.04241099524259806 69 59 54 0.3 14 956 17 195 20 206
1175 0.8391359785942143 0.1030205034820874 -0.04288064195749208 78 65 54 0.16 14 957 17 196 20 207
1176 0.8405840338941726 0.1032165390975507 -0.0417587768231551 76 65 54 0.25 14 958 17 197 20 208
1177 0.8695616580934483 0.08850134607412995 -0.1695402485961301 57 50 44 2.0 17 198 20 209
1178 0.8793007001646767 0.09744632998320359 -0.1322116999568738 57 51 46 0.17 14 959 17 199 20 210
1179 0.877409164515628 0.09099662959785622 -0.1607733570225627 137 107 76 2.08 17 200 20 211 513 69
1180 -0.2171999341995995 -0.2406497148987883 1.653349539950499 109 111 114 1.63 12 230 14 960 258 138
1181 0.9598124495617253 -0.02554636956730018 -0.3069091267660456 94 83 72 2.31 12 231 14 961 350 632
1182 0.0872294296556303 -0.1683242108865127 1.056884835706502 144 99 71 0.33 12 232 14 962 37 273 152 119 314 366 350 633 382 290 386 292 461 189
1183 0.1267963459254052 -0.1363240265068568 1.083172818631835 142 112 80 0.51 14 963 211 326 342 278 363 82
1184 0.03177713738814203 -0.1095889236614825 0.9868403718373233 76 54 48 0.26 12 233 14 964 382 291
1185 0.1151450435087273 -0.05497397812852737 0.9796164843908306 100 68 57 1.41 14 965 20 212 350 634
1186 -0.05135683717745065 -0.06556464115459093 1.011866316128149 126 93 78 1.33 14 966 37 274 208 257 314 367 342 279 382 292
1187 -0.05135683717745065 -0.06556464115459093 1.011866316128149 126 93 78 1.33 14 967 37 275 208 258 314 368 342 280 382 293
1188 0.05673959919176219 -0.0341027247819037 0.9571518694726109 98 64 45 0.58 14 968 208 259 314 369 350 635 386 293 461 190
1189 0.8113635325356984 0.0130444007656652 -0.03999607808009964 134 112 77 1.48 208 260 426 182
1190 0.7942433883289182 0.02172786468336678 -0.05652428410802524 150 120 77 1.17 143 38 208 261 211 327 426 183 513 70
1191 0.177946191603813 0.01585684025654636 0.4906234649383561 205 216 220 0.29 14 969 17 201 20 213
1192 0.7802936049719081 0.02354214282255601 -0.06964586577125875 167 146 110 0.72 19 62 143 39 208 262 426 184 513 71
1193 0.8101472708764078 0.0300235156226419 -0.04231595649088182 184 170 147 0.45 208 263 350 636 426 185 513 72
1194 0.8674494006488271 0.04244500991795626 -0.1353965294244078 114 89 68 2.42 17 202 20 214
1195 0.7552614263771471 0.05066402082668668 -0.07506650760641931 231 232 232 1.09 14 970 17 203 19 63 20 215
1196 0.7870916906218612 0.05565740856217834 -0.06020771464832064 75 67 61 0.81 14 971 17 204 20 216
1197 0.5115355336801208 0.1007801522865332 0.4106356229552528 112 100 80 0.77 342 281 386 294 497 33
1198 0.3428222144847313 0.09735285146491292 0.4056307942656017 120 84 60 0.61 208 264 258 139 461 191 497 34
1199 0.8414339069812593 0.06177296007975952 -0.1292410922991316 85 68 50 0.19 17 205 20 217 143 40
1200 0.522757777405725 0.1436355537434224 0.5354865167564828 52 38 34 1.2 14 972 17 206 19 64 20 218
1201 0.8741934354105998 0.08050329632958649 -0.003230068196313662 114 92 70 0.3 14 973 17 207 20 219
1202 0.8419627413628132 0.08355334735821833 -0.02365791373220361 51 44 42 0.13 14 974 17 208 20 220
1203 0.8417279296014624 0.09159593165758813 -0.02669837151534693 55 47 40 0.29 14 975 17 209 20 221
1204 0.7740688201221484 0.08569224767862722 -0.08260870801118425 45 43 42 0.17 14 976 19 65 20 222
1205 0.7834103248305225 0.08691960927082652 -0.06942404140094149 87 72 58 0.44 14 977 17 210 20 223
1206 0.7987277986394729 0.09071066601783727 -0.06350670943984094 102 76 43 0.9 208 265 211 328 513 73
1207 0.7974157943278526 0.08892733674008467 -0.05989230398356771 54 47 43 0.44 14 978 17 211 20 224
1208 0.7983216886266807 0.09010447301416023 -0.0593849657014166 78 68 60 0.49 14 979 17 212 19 66 20 225
1209 0.8061224211463465 0.08940552589446472 -0.06424106581300992 38 34 34 0.99 17 213 19 67 20 226 143 41
1210 0.8248316339141147 0.09723598392572401 -0.04183210470774468 41 42 42 0.3 14 980 17 214 20 227
1211 0.8305738091258065 0.08164696243705222 -0.1089548201847441 55 43 37 0.85 17 215 19 68 20 228 143 42
1212 0.8274200362654186 0.0873492634795676 -0.08943126335857943 55 47 39 1.04 17 216 20 229 143 43
1213 0.8317397756023936 0.0967942023609719 -0.03740670299430693 53 44 38 0.69 14 981 17 217 19 69 20 230
1214 0.8306664289087533 0.09759750867172086 -0.03847449291537819 82 61 47 0.74 14 982 17 218 19 70 20 231
1215 0.8389505466175429 0.07935126089002442 -0.1177973961814124 94 79 64 0.64 17 219 19 71 20 232 143 44
1216 0.8377059052546886 0.08272541617858488 -0.1191661046763715 79 68 54 0.73 17 220 19 72 20 233 143 45
1217 0.8447969120209566 0.1006549502264678 -0.02882075933028183 87 72 60 0.68 14 983 17 221 19 73 20 234
1218 0.8487781233401126 0.1007733084130856 -0.02562332118157085 51 41 33 0.22 14 984 17 222 20 235
1219 0.752163910499522 0.09227906122809691 -0.1004666540526853 78 66 56 0.53 14 985 17 223 19 74 20 236
1220 0.7844853318990815 0.0964232001456846 -0.08104755579386269 136 115 78 1.32 208 266 211 329 513 74
1221 0.8327244127216018 0.1030196081894612 -0.04497199518758088 33 25 22 0.16 14 986 17 224 20 237
1222 0.8453782597830592 0.1058428847724225 -0.03675399666258738 47 38 32 0.68 14 987 17 225 19 75 20 238
1223 0.7007938224730116 0.09920581244676994 -0.06089326140493667 82 73 69 0.67 14 988 17 226 19 76 20 239
1224 0.7513899567196612 0.09455221042359323 -0.09954568005065256 70 62 56 0.65 14 989 17 227 20 240
1225 0.07910062142288055 -0.1311303834951595 1.020937057201831 106 78 61 0.85 14 990 350 637 426 186 513 75
1226 0.1350616178525227 -0.1154368024662844 1.07763653908475 104 74 64 1.04 14 991 208 267 211 330 314 370 350 638 363 83 460 343
1227 0.03283149676237174 -0.1015526302910907 0.9553050444654558 98 79 69 0.89 12 234 14 992 211 331 426 187
1228 0.1614864329467052 -0.06763987389342711 1.077076005573615 121 112 114 1.08 14 993 211 332 350 639 460 344
1229 0.08091221147582561 -0.0434360619611141 0.9664483776551964 129 88 62 0.59 14 994 19 77 350 640
1230 0.8245061910222259 0.03206365735766856 -0.03464606094286571 104 47 33 0.56 14 995 208 268 211 333 513 76
1231 -0.227735956397768 0.06715935293314916 1.635611644607305 77 61 52 0.97 14 996 17 228 20 241
1232 0.5285603976060553 0.1156308036870954 0.5317386502436376 54 47 43 1.35 14 997 17 229 19 78 20 242
1233 0.7825131646755388 0.0638962624880204 -0.06542098254790718 58 47 40 0.72 14 998 17 230 19 79 20 243
1234 0.8452111282914672 0.07811582150312769 -0.02345788967005003 62 52 45 0.89 14 999 19 80 20 244
1235 0.5153854046091144 0.1400743907576382 0.5347566167322899 74 60 47 1.77 17 231 19 81 20 245 211 334
1236 0.517237206480081 0.1490555939398273 0.532379746551489 89 67 52 1.62 14 1000 17 232 19 82 20 246
1237 0.7704749647833709 0.08131788360672279 -0.07633835557237512 76 71 66 0.41 14 1001 17 233 19 83 20 247
1238 0.7965814689237742 0.08787730444077817 -0.06045814936846794 71 59 51 0.36 14 1002 17 234 20 248
1239 0.7949951483105479 0.08884962026141345 -0.06146541299795749 38 37 35 0.32 14 1003 17 235 20 249
1240 0.7949951483105479 0.08884962026141345 -0.06146541299795749 38 37 35 0.32 14 1004 17 236 20 250
1241 0.7996515893162192 0.08969248783450227 -0.05828818950679893 31 31 31 0.57 14 1005 17 237 19 84
1242 0.8018685042180357 0.09009628034543433 -0.05698326999824144 33 30 29 0.63 14 1006 17 238 19 85
1243 0.8710899194736486 0.08298469757851105 -0.1241378754201868 56 49 44 0.4 14 1007 17 239 19 86
1244 0.8322322299258298 0.09844712020102973 -0.04127146903357615 83 61 28 0.71 208 269 211 335 513 77
1245 0.8322488568784888 0.08522158857483374 -0.1018863351849154 68 52 39 0.94 17 240 20 251 143 46
1246 0.8476889900527662 0.1015091602770166 -0.02659332097823686 82 68 55 0.65 14 1008 17 241 19 87 20 252
1247 0.7009379211964182 0.09455886008445465 -0.05998554305149029 105 92 84 0.49 14 1009 17 242 20 253
1248 0.7867260281129659 0.09795912238784264 -0.07514662861664356 52 49 46 0.26 14 1010 17 243 19 88 20 254
1249 0.8749692607898244 0.08885574332718997 -0.1316179054280719 63 50 41 0.75 14 1011 17 244 19 89 20 255
1250 0.8307597145173284 0.1055995015479222 -0.04558327202008317 80 69 62 0.65 14 1012 17 245 19 90 20 256
1251 0.8760519047499473 0.09476659746918935 -0.1334558053338021 44 36 34 0.89 14 1013 17 246 19 91 20 257
1252 0.8772067679134518 0.0975666766996811 -0.1345852144525189 70 62 55 1.08 14 1014 17 247 19 92 20 258
1253 0.04810586361930191 -0.1546396682198889 0.9772745838680006 248 250 251 0.34 12 235 14 1015 350 641
1254 0.04326251738789955 -0.07585490053982616 0.9769242414281101 108 70 56 1.13 14 1016 208 270 258 140 350 642 363 84 460 345
1255 0.09780582961857553 -0.01909271624993726 0.9919966518912542 140 95 69 1.04 14 1017 350 643 460 346
1256 0.851972350551911 0.03152695915723389 -0.01275841201164529 91 78 69 0.63 14 1018 17 248 19 93 20 259
1257 0.7690510778047828 0.08521353650685974 -0.08837675459107563 72 62 55 0.06 14 1019 17 249 19 94
1258 0.7701139486607199 0.08280930468226143 -0.07776623935403071 36 31 29 0.41 14 1020 17 250 19 95 20 260
1259 0.7996120663927517 0.09233244606308603 -0.06829175046435532 84 68 61 0.39 14 1021 17 251 20 261
1260 0.8436990318203257 0.09931818969226049 -0.02928972313397826 32 30 30 0.65 14 1022 17 252 19 96 20 262
1261 0.7712336189387634 0.09393388516398833 -0.0848282340354356 44 43 41 0.22 14 1023 17 253 19 97 20 263
1262 0.7960238748561331 0.09377098234112106 -0.07002046959974439 40 30 26 0.38 14 1024 17 254 19 98 20 264
1263 0.8775044333244555 0.09142958966101063 -0.1317538814664335 97 84 78 0.84 14 1025 17 255 19 99 20 265
1264 0.879153043995281 0.08847668196374243 -0.1292232457200756 39 32 28 0.95 14 1026 19 100 20 266
1265 0.8776902584275376 0.09453878518731627 -0.132170673640155 57 51 48 1.32 14 1027 17 256 19 101
1266 0.06762543154356382 -0.3298799632678294 1.152774591838321 228 236 242 0.96 12 236 14 1028 19 102
1267 0.3418084708137227 0.0718849248025782 0.410554908557303 179 151 107 1.08 14 1029 208 271 314 371 513 78
1268 0.7764716703551416 0.08731850847989069 -0.08343338377669018 124 120 120 0.22 14 1030 17 257 19 103 20 267
1269 0.7838668444596735 0.08896668213306226 -0.07866786349351673 104 100 98 0.36 14 1031 17 258 19 104 20 268
1270 0.7856695173795758 0.09950690932454344 -0.07739359241678279 66 60 53 0.2 14 1032 17 259 19 105
1271 0.793662479395288 0.1015384016781521 -0.07132574660899549 66 58 52 0.37 14 1033 17 260 19 106
1272 0.8721421103517507 0.08789551596295896 -0.1299073015865316 52 36 28 0.23 14 1034 17 261 20 269
1273 0.8345971387030694 0.1111910622499592 -0.04359717041347988 80 68 60 0.59 14 1035 17 262 19 107 20 270
1274 0.8497071399998075 0.1071214297612447 -0.03396802491237327 52 42 36 0.7 14 1036 19 108 20 271
1275 0.09020078319394975 -0.1018055761238808 1.031005973299951 150 107 83 0.21 14 1037 314 372 350 644
1276 0.07705525922984835 -0.06225166267371035 0.9854343403179873 135 80 50 0.38 14 1038 37 276 314 373 350 645 497 35 513 79
1277 0.08515262274591684 -0.01829752408657206 0.9761659043712534 119 83 66 0.66 14 1039 350 646 460 347
1278 0.8042240224614178 0.01589985592340078 -0.04893534554770462 59 42 25 1.65 143 47 208 272 350 647
1279 0.856252370757189 0.03479821942273746 -0.01647234332241354 87 74 53 1.25 14 1040 208 273 211 336
1280 0.8760643027210806 0.09298870763231844 -0.1327683488559672 28 26 25 1.01 14 1041 17 263 19 109 20 272
1281 0.879155180627722 0.09377520376991762 -0.1295051171295659 31 26 24 0.96 14 1042 17 264 19 110 20 273
1282 0.8354195909661579 0.1040166528720037 -0.0440501053664728 34 31 31 0.75 14 1043 19 111 20 274
1283 0.1134837251357159 -0.08214193532031219 1.035225280166337 105 73 65 0.3 14 1044 314 374 342 282 350 648 460 348
1284 0.05499157350818029 -0.01356486179189494 1.131954910266494 73 53 52 2.09 14 1045 314 375 350 649
1286 0.7762016742782527 0.0278076766421998 -0.07251591332162965 10 9 8 1.54 426 188 513 80
1287 0.7862094426853472 0.09251401903718952 -0.07613379891703043 42 36 33 0.54 14 1046 17 265 20 275
1288 0.8744094776690956 0.09496635748944347 -0.1344268925112504 104 82 68 0.93 14 1047 17 266 19 112 20 276
1289 0.08057198082160655 -0.03740891509334713 0.9635905260840734 179 140 96 0.92 14 1048 20 277 513 81
1290 0.07933253221317249 -0.03760866154612956 0.9653606089689648 164 127 89 0.78 14 1049 17 267 20 278 513 82
1291 0.8185650491047343 0.02640745788858281 -0.03426506492690096 134 127 116 0.28 14 1050 17 268 19 113 20 279 211 337 463 17
1292 0.7802978188783817 0.09671755996253929 -0.07960523064232961 87 74 65 0.3 14 1051 17 269 19 114 20 280
1293 0.7901155764591008 0.09974231614413519 -0.07247323598104538 71 66 59 0.43 14 1052 17 270 19 115
1294 0.1637000193628187 -0.1374069985790378 1.034026688817052 96 74 66 0.58 14 1053 350 651 463 18
1295 0.04577029835349977 -0.3068651380285308 1.097673165624847 156 164 169 1.76 14 1054 386 295 460 349
1296 0.07551300060186483 -0.2572039072370491 1.097516264102396 102 77 67 0.5 14 1055 314 376 386 296
1297 0.07464624575897927 -0.2308204598568669 1.081979941541072 114 68 43 0.32 14 1056 314 377 382 294
1298 0.1309845097395312 -0.164314071153447 1.098286664050778 139 120 101 0.9 14 1057 20 281 350 652
1299 0.07483105112352062 -0.1315643277634081 1.036983518820131 127 83 54 0.34 14 1058 350 653 382 295
1300 0.105813614533891 -0.1155845325075361 1.045332299505806 130 100 78 0.29 14 1059 208 274 369 15 460 350
1301 0.1146692576078915 -0.09910473569190319 1.024056234246407 130 104 84 0.34 14 1060 211 338 350 654
1302 0.04011918110212498 -0.08407558081917599 0.9779368483932491 141 105 74 0.45 14 1061 329 35 350 655 382 296
1303 0.05090163347792565 -0.06454021715053809 0.9712682827036863 132 104 80 0.44 14 1062 350 656 386 297
1304 0.08814010796051908 -0.07824901322475968 0.9997616065408013 129 91 67 0.88 14 1063 37 278 314 378 350 657 386 298 460 351
1305 0.1025049614086146 -0.06384910943693405 1.013013661309014 105 74 58 0.22 14 1064 20 282 350 658
1306 0.1421654438316143 -0.05159860623308566 1.049005129122109 86 60 47 0.33 14 1065 350 659 386 299
1307 0.0182801645861792 -0.06333693536298381 0.9501340518176291 100 78 69 0.57 14 1066 258 141 460 352
1308 0.0945959813247752 -0.02127870759043048 0.868002329549123 166 110 76 0.55 14 1067 152 120 314 379
1309 0.09931926119906187 -0.02901149714329745 0.9579430896830241 106 74 54 0.48 14 1068 37 279 258 142
1310 0.1280109475271155 -0.01818337531101605 0.8985480128051972 127 95 72 0.19 14 1069 17 271 20 283
1311 0.1472580734890536 -0.01193072735881077 1.030198719441827 156 122 98 0.56 14 1070 314 380 350 660
1312 0.8342369339480783 0.01911201316438912 -0.02692710882473914 145 113 72 0.43 14 1071 208 275 211 339
1313 0.8312059381981658 0.02055446717263008 -0.02915559628453301 135 100 62 0.46 14 1072 208 276 211 340
1314 0.6160693420670887 0.0579299036014011 0.6288492288151577 234 234 234 0.94 14 1073 17 272 19 116 20 284
1315 0.8004627149351189 0.02174738857912356 -0.05155766527630834 70 52 37 0.73 208 277 350 661 426 189
1316 0.8359960956637646 0.02871660770795127 -0.02709379122526678 120 101 74 0.43 14 1074 208 278 211 341
1317 0.7934597548233941 0.02534035842368083 -0.05557756923366186 85 67 48 0.39 17 273 20 285 208 279
1318 0.7885599947466571 0.0404787235300275 -0.06555893335867424 120 79 50 1.57 208 280 350 662 426 190
1319 0.121949685250599 0.07014954180742144 0.8590879965108522 129 65 31 0.99 14 1075 314 381 382 297 461 192
1320 0.1827483389905815 0.09627004856350822 0.899165299728508 87 60 41 0.89 14 1076 211 342 329 36 363 85
1321 0.7605337841424069 0.05045359216637643 -0.005011255615448462 45 34 29 1.53 14 1077 17 274 20 286
1322 0.8755725179115208 0.06751585340612894 -1.980414255198237e-05 102 84 66 0.27 14 1078 17 275 20 287
1323 0.2151841955299625 0.1043766680446817 0.5691922882423772 102 86 60 1.82 386 300 461 193
1324 0.782188402845154 0.06569915367735779 -0.06548703355344476 69 58 50 0.54 14 1079 17 276 20 288
1325 0.5124392811932836 0.1572889150665803 0.5265390788142283 60 47 39 1.02 14 1080 17 277 20 289
1326 0.5124392811932836 0.1572889150665803 0.5265390788142283 60 47 39 1.02 14 1081 17 278 20 290
1327 0.8737465478782608 0.09444677514266457 -0.005177212264887654 65 55 43 0.25 14 1082 17 279 20 291
1328 0.7850093944995599 0.07611924740030981 -0.06454098581741685 54 48 45 0.61 14 1083 17 280 20 292
1329 0.7711999894684161 0.08343530667258729 -0.08135254557452731 94 56 34 1.15 208 281 211 343 513 83
1330 0.7720759186170392 0.08566034682839317 -0.08602055180116952 80 77 74 0.32 14 1084 17 281 20 293
1331 0.7605208353655655 0.08708291334627684 -0.09205127737264984 77 55 45 0.3 14 1085 17 282 20 294
1332 0.8379091875026893 0.1009691005114701 -0.0426041010799415 85 69 55 0.22 14 1086 17 283 20 295
1333 0.8386040126941132 0.1053037408051544 -0.04069150701765645 76 62 54 0.16 14 1087 17 284 20 296
1334 0.3738666277704631 -0.1834220313795798 0.3322885751190179 199 221 231 1.04 14 1088 17 285 20 297
1335 0.1081498641080477 -0.2324550685982383 1.111407747683298 98 80 67 0.5 14 1089 460 353 461 194
1336 0.06052389644347933 -0.1966460155710824 1.056249715895198 142 94 56 0.27 14 1090 37 280 382 298
1337 0.1413330226082042 -0.1244985418765604 1.079029941398901 110 76 60 0.4 14 1091 211 344 350 663
1338 0.05869425558925867 -0.07874961484795676 0.989375193375355 151 122 93 0.27 14 1092 350 664 363 86
1339 0.1138573519665219 -0.06264243765927695 1.012827780176859 81 59 50 0.55 14 1093 258 143 342 283
1341 0.7926568940575408 0.01818057438725067 -0.0596903716708892 131 107 75 1.24 208 282 350 665 426 191
1342 0.7673291411803272 0.02100669462923753 -0.07219989323389431 110 84 60 0.24 14 1094 17 287 19 117
1343 0.1275956547972629 0.0582646263403379 0.8669955813427772 78 42 25 0.56 14 1095 329 37 342 284 382 299
1344 0.1339494198829303 0.05973715676752127 0.8710201619460245 69 36 20 0.65 14 1096 37 281 258 144 329 38 342 285 382 300
1345 0.5106652011189703 0.1421838238959082 0.5266575037112813 76 58 48 1.24 14 1097 17 288 20 299
1346 0.5238908056275469 0.1494216626995599 0.5360289231247855 43 32 24 1.23 20 300 211 345 386 301 461 195
1347 0.5235263469064186 0.1497956203442897 0.5366991495786249 47 39 33 1.25 20 301 211 346 386 302
1348 0.8014561610433046 0.09401142295806199 -0.00862651943685433 42 41 41 0.63 14 1098 17 289 20 302
1349 0.8420946816913518 0.07135186594144242 -0.1164211368582609 83 65 41 0.21 19 118 20 303 143 48
1350 0.8413503077233747 0.09395689711018064 -0.02729097659532886 66 58 51 0.31 14 1099 17 290 20 304
1351 0.5220812754231889 0.162884467490937 0.5327118644368762 83 64 50 1.2 14 1100 17 291 19 119 20 305
1352 0.7638833643927799 0.08356650416521665 -0.09132140033184166 102 92 83 0.31 14 1101 17 292 20 306
1353 0.7988078278132765 0.09169090698646233 -0.06812078626093399 98 84 77 0.3 14 1102 17 293 20 307
1354 0.7746676275259975 0.09088097093029661 -0.08263092338138711 61 54 48 0.19 14 1103 17 294 20 308
1355 0.8573045591512863 0.1054975689938547 -0.03007909324719227 93 76 63 0.18 14 1104 17 295 20 309
1356 0.03257137879840188 -0.1251560531808675 0.9944140123716769 110 83 66 0.81 211 347 363 87 426 192
1357 0.1176845160598546 -0.07186148392956136 1.017231572732625 167 135 113 1.29 14 1105 314 382 350 666
1358 0.1382011017752512 -0.05774274185402983 1.046914935744537 85 63 56 0.85 14 1106 152 121 258 145 314 383 342 286 386 303 460 354
1359 0.8216653286456992 0.02356695241925551 -0.07720622909975328 70 61 55 1.19 17 296 19 120 143 49
1360 0.8438583752364893 0.03989991506734598 -0.01868191011110198 83 65 52 0.18 14 1107 17 297 20 310
1361 0.7850707995500151 0.04828549301440901 -0.08010610973422316 78 58 42 0.71 17 298 20 311 143 50
1362 0.4846561724104733 0.1071877228434374 0.5055036580033474 103 86 62 1.57 20 312 143 51 386 304
1363 0.8366846356030233 0.05603840687979891 -0.1040094871188391 192 190 185 0.29 14 1108 19 121 20 313
1365 0.5171819436106577 0.1516517760574916 0.5403448296602618 77 46 26 1.79 350 667 461 196
1366 0.5205656842397974 0.1533050490318692 0.534095588399532 55 43 38 1.05 14 1109 17 300 19 123 20 315
1367 0.3392324361632459 0.1174780017244823 0.4033125248451894 97 76 60 0.35 14 1110 17 301 20 316
1368 0.7774091517905665 0.0868306956349318 -0.07350638965186451 82 74 66 0.33 14 1111 17 302 20 317
1369 0.7639554372114347 0.08674891076365483 -0.09010587043796159 48 34 28 0.24 14 1112 17 303 19 124 20 318
1370 0.7627390733553758 0.08740584084566151 -0.09052875147329986 89 74 63 0.24 14 1113 17 304 19 125 20 319
1371 0.7605741225243622 0.09057575383648826 -0.09210007041338508 47 44 41 0.31 14 1114 17 305 20 320
1372 0.8013150865925415 0.0924293366297413 -0.06670129742941466 82 64 56 0.44 14 1115 17 306 20 321
1373 0.7008710129229391 0.09627943733382711 -0.06035640925528918 106 92 83 0.63 14 1116 17 307 20 322
1374 0.6997375365672438 0.1001245477568829 -0.06185704761982391 62 60 59 0.69 14 1117 17 308 20 323
1375 0.09159047534480425 -0.2323683500462719 1.093726601456845 85 59 45 0.7 14 1118 37 282 152 122 208 283 211 348 342 287 350 668 382 301 386 305 460 355
1376 0.1149412562997363 -0.2077598260563188 1.102441827702133 146 105 76 0.23 14 1119 37 283 152 123
1377 0.3464658771228547 0.08300306778284407 0.4123065307209812 48 37 26 0.43 37 284 342 288 497 36
1378 0.1131632196657602 -0.1269311866405317 1.053178040149912 141 109 80 0.44 14 1120 208 284 426 193
1379 0.1128416734683351 -0.1266562168909317 1.053634368306892 146 107 72 0.16 14 1121 208 285 211 349
1380 0.8049001669626036 0.02633231756303334 -0.04290717807141087 116 108 101 0.39 14 1122 17 309 19 126 20 324 463 19
1381 0.8835231171103494 0.0433065237297144 0.005407317681625279 94 85 79 0.87 14 1123 17 310 19 127 20 325
1382 0.8835846283543559 0.04335416568095435 0.005283815382087664 99 91 85 0.99 14 1124 19 128 20 326
1383 -0.03726158867293494 0.12477703892767 0.8692827017296176 46 39 37 0.48 14 1125 17 311 19 129
1384 0.8420570065299927 0.09950903231665444 -0.03059073983233473 90 73 62 0.62 14 1126 17 312 19 130 20 327
1385 0.7867260281129659 0.09795912238784264 -0.07514662861664356 52 49 46 0.26 14 1127 17 313 19 131 20 328
1386 0.8752131279178741 0.09565960108386458 -0.134277018269605 111 91 80 0.91 14 1128 17 314 19 132 20 329
1387 0.7668831593497508 0.08668476982974267 -0.08924751039289314 42 32 26 0.13 14 1129 17 315 19 133
1388 -0.02324160021657895 -0.1466524109645312 1.056064049080907 252 254 255 0.8 14 1130 342 289 350 669
1389 0.0769907050899008 -0.06244626419278609 0.985372155564922 121 71 43 0.42 14 1131 37 285 152 124 314 384 386 306 513 84
1390 0.8440979623466478 0.0508993236159453 -0.2174595543794022 33 27 22 1.11 14 1132 19 134 20 330
