{
    "merging_metrics": {
        "merge_success": 1.0,
        "merge_child_count": 0.0,
        "child_camera_counts": {
            "summary": {
                "min": null,
                "max": null,
                "median": null,
                "mean": null,
                "stddev": null
            },
            "full_data": []
        },
        "child_camera_overlap_with_parent": {
            "summary": {
                "min": null,
                "max": null,
                "median": null,
                "mean": null,
                "stddev": null
            },
            "full_data": []
        },
        "number_images_merged": 236.0,
        "number_cameras_merged": 25.0,
        "number_tracks_merged": 395.0,
        "3d_track_lengths_merged": {
            "summary": {
                "min": 2,
                "max": 11,
                "median": 3.0,
                "mean": 4.015189873417722,
                "stddev": 1.526067885710261,
                "len": 395,
                "invalid": 0,
                "histogram": {
                    "2": 199,
                    "3": 98,
                    "4": 51,
                    "5": 21,
                    "6": 10,
                    "7": 4,
                    "8": 3,
                    "9": 3,
                    "10": 5
                }
            }
        },
        "reprojection_errors_merged_px": {
            "summary": {
                "min": 0.006232101732010468,
                "max": 1.832301615184116,
                "median": 0.22627713292040663,
                "mean": 0.2641789110687362,
                "stddev": 0.18087888910025027,
                "len": 1586,
                "invalid": 0,
                "quartiles": {
                    "q0": 0.006232101732010468,
                    "q1": 0.1333517382749685,
                    "q2": 0.22627713292040663,
                    "q3": 0.35207426757771276,
                    "q4": 1.832301615184116
                }
            }
        },
        "rotation_angle_error_deg": {
            "summary": {
                "min": 0.06110113486647606,
                "max": 2.18603777885437,
                "median": 0.44249457120895386,
                "mean": 0.5900838375091553,
                "stddev": 0.5021920800209045,
                "len": 25,
                "invalid": 0,
                "quartiles": {
                    "q0": 0.06110113486647606,
                    "q1": 0.22144752740859985,
                    "q2": 0.44249457120895386,
                    "q3": 0.7735469341278076,
                    "q4": 2.18603777885437
                }
            }
        },
        "translation_error_distance": {
            "summary": {
                "min": 0.0065406677313148975,
                "max": 1.3646011352539062,
                "median": 0.11726871877908707,
                "mean": 0.21053491532802582,
                "stddev": 0.283796101808548,
                "len": 25,
                "invalid": 0,
                "quartiles": {
                    "q0": 0.0065406677313148975,
                    "q1": 0.05138787999749184,
                    "q2": 0.11726871877908707,
                    "q3": 0.2573964297771454,
                    "q4": 1.3646011352539062
                }
            }
        },
        "relative_translation_angle_error_deg": {
            "summary": {
                "min": 0.0568334199488163,
                "max": 119.849609375,
                "median": 2.892294406890869,
                "mean": 5.393227577209473,
                "stddev": 9.719770431518555,
                "len": 300,
                "invalid": 0,
                "quartiles": {
                    "q0": 0.0568334199488163,
                    "q1": 1.2491314113140106,
                    "q2": 2.8922942876815796,
                    "q3": 6.103924632072449,
                    "q4": 119.849609375
                }
            }
        },
        "translation_angle_error_deg": {
            "summary": {
                "min": 0.0549849309027195,
                "max": 18.85105323791504,
                "median": 1.409809947013855,
                "mean": 2.612140417098999,
                "stddev": 3.727909564971924,
                "len": 25,
                "invalid": 0,
                "quartiles": {
                    "q0": 0.0549849309027195,
                    "q1": 0.6635558009147644,
                    "q2": 1.409809947013855,
                    "q3": 2.725485324859619,
                    "q4": 18.85105323791504
                }
            }
        },
        "relative_rotation_angle_error_deg": {
            "summary": {
                "min": 0.06389862298965454,
                "max": 3.1115972995758057,
                "median": 0.7859531044960022,
                "mean": 0.9174190163612366,
                "stddev": 0.6127720475196838,
                "len": 300,
                "invalid": 0,
                "quartiles": {
                    "q0": 0.06389862298965454,
                    "q1": 0.45616312325000763,
                    "q2": 0.7859531044960022,
                    "q3": 1.1149151027202606,
                    "q4": 3.1115972995758057
                }
            }
        },
        "pose_auc_@1.0_deg": 0.0637,
        "pose_auc_@2.5_deg": 0.2258,
        "pose_auc_@3.0_deg": 0.27,
        "pose_auc_@5.0_deg": 0.413,
        "pose_auc_@10.0_deg": 0.6118,
        "pose_auc_@20.0_deg": 0.771,
        "pose_auc_constructed_only_@1.0_deg": 0.0637,
        "pose_auc_constructed_only_@2.5_deg": 0.2258,
        "pose_auc_constructed_only_@3.0_deg": 0.27,
        "pose_auc_constructed_only_@5.0_deg": 0.413,
        "pose_auc_constructed_only_@10.0_deg": 0.6118,
        "pose_auc_constructed_only_@20.0_deg": 0.771,
        "focal_length_error_px": {
            "summary": {
                "min": 0.0,
                "max": 750.626220703125,
                "median": 171.6295623779297,
                "mean": 223.0019989013672,
                "stddev": 178.06497192382812,
                "len": 25,
                "invalid": 0,
                "quartiles": {
                    "q0": 0.0,
                    "q1": 113.29063415527344,
                    "q2": 171.6295623779297,
                    "q3": 230.1603240966797,
                    "q4": 750.626220703125
                }
            },
            "full_data": [
                39.392616271972656,
                171.6295623779297,
                471.4385681152344,
                230.1603240966797,
                45.18964385986328,
                159.30416870117188,
                390.99951171875,
                296.543701171875,
                113.29063415527344,
                164.18112182617188,
                93.71063232421875,
                467.76409912109375,
                0.0,
                750.626220703125,
                147.86949157714844,
                190.4257049560547,
                131.78138732910156,
                224.81149291992188,
                196.84207153320312,
                595.5274047851562,
                63.622745513916016,
                188.83407592773438,
                81.76976776123047,
                168.51644897460938,
                190.81834411621094
            ]
        },
        "focal_length_error_pct": {
            "summary": {
                "min": 0.0,
                "max": 61.086116790771484,
                "median": 13.725973129272461,
                "mean": 18.02631187438965,
                "stddev": 13.744343757629395,
                "len": 25,
                "invalid": 0,
                "quartiles": {
                    "q0": 0.0,
                    "q1": 11.309765815734863,
                    "q2": 13.725973129272461,
                    "q3": 19.04669952392578,
                    "q4": 61.086116790771484
                }
            },