{
    "merging_metrics": {
        "merge_success": 1.0,
        "merge_child_count": 0.0,
        "child_camera_counts": {
            "summary": {
                "min": null,
                "max": null,
                "median": null,
                "mean": null,
                "stddev": null
            },
            "full_data": []
        },
        "child_camera_overlap_with_parent": {
            "summary": {
                "min": null,
                "max": null,
                "median": null,
                "mean": null,
                "stddev": null
            },
            "full_data": []
        },
        "number_images_merged": 236.0,
        "number_cameras_merged": 49.0,
        "number_tracks_merged": 688.0,
        "3d_track_lengths_merged": {
            "summary": {
                "min": 3,
                "max": 39,
                "median": 4.0,
                "mean": 6.305232558139535,
                "stddev": 5.105842122816373,
                "len": 688,
                "invalid": 0,
                "histogram": {
                    "3": 121,
                    "4": 73,
                    "5": 51,
                    "6": 28,
                    "7": 23,
                    "8": 35,
                    "9": 8,
                    "10": 18,
                    "11": 13,
                    "12": 10,
                    "13": 6,
                    "14": 7,
                    "15": 10,
                    "16": 4,
                    "17": 2,
                    "18": 3,
                    "19": 3,
                    "20": 6,
                    "21": 3,
                    "22": 1,
                    "23": 2,
                    "24": 3,
                    "25": 2,
                    "26": 1,
                    "27": 2,
                    "28": 0,
                    "29": 0,
                    "30": 1,
                    "31": 2,
                    "32": 0,
                    "33": 0,
                    "34": 0,
                    "35": 0,
                    "36": 0,
                    "37": 0,
                    "38": 1
                }
            }
        },
        "reprojection_errors_merged_px": {
            "summary": {
                "min": 0.0023802321851841553,
                "max": 2.485210369858939,
                "median": 0.26595877258840783,
                "mean": 0.32538643614432017,
                "stddev": 0.24986187521024938,
                "len": 4338,
                "invalid": 0,
                "quartiles": {
                    "q0": 0.0023802321851841553,
                    "q1": 0.1611143286644281,
                    "q2": 0.26595877258840783,
                    "q3": 0.41721324766248297,
                    "q4": 2.485210369858939
                }
            }
        },
        "rotation_angle_error_deg": {
            "summary": {
                "min": 0.014875325374305248,
                "max": 89.94738006591797,
                "median": 0.11743727326393127,
                "mean": 2.132150411605835,
                "stddev": 12.690278053283691,
                "len": 49,
                "invalid": 0,
                "quartiles": {
                    "q0": 0.014875325374305248,
                    "q1": 0.06904999911785126,
                    "q2": 0.11743727326393127,
                    "q3": 0.2551209628582001,
                    "q4": 89.94738006591797
                }
            }
        },
        "translation_error_distance": {
            "summary": {
                "min": 0.002676434116438031,
                "max": 3.8833653926849365,
                "median": 0.04113289341330528,
                "mean": 0.14770719408988953,
                "stddev": 0.5490076541900635,
                "len": 49,
                "invalid": 0,
                "quartiles": {
                    "q0": 0.002676434116438031,
                    "q1": 0.019563522189855576,
                    "q2": 0.04113289341330528,
                    "q3": 0.07117180526256561,
                    "q4": 3.8833653926849365
                }
            }
        },
        "relative_translation_angle_error_deg": {
            "summary": {
                "min": 0.017208214849233627,
                "max": 132.5223846435547,
                "median": 1.6064660549163818,
                "mean": 7.753885269165039,
                "stddev": 16.802677154541016,
                "len": 1176,
                "invalid": 0,
                "quartiles": {
                    "q0": 0.017208214849233627,
                    "q1": 0.6015480607748032,
                    "q2": 1.606465995311737,
                    "q3": 5.473970293998718,
                    "q4": 132.5223846435547
                }
            }
        },
        "translation_angle_error_deg": {
            "summary": {
                "min": 0.026241574436426163,
                "max": 3.388334274291992,
                "median": 0.29823625087738037,
                "mean": 0.5379767417907715,
                "stddev": 0.7095752954483032,
                "len": 49,
                "invalid": 0,
                "quartiles": {
                    "q0": 0.026241574436426163,
                    "q1": 0.12351593375205994,
                    "q2": 0.29823625087738037,
                    "q3": 0.5889737606048584,
                    "q4": 3.388334274291992
                }
            }
        },
        "relative_rotation_angle_error_deg": {
            "summary": {
                "min": 0.013292798772454262,
                "max": 90.24642944335938,
                "median": 0.23105792701244354,
                "mean": 4.161418437957764,
                "stddev": 17.723464965820312,
                "len": 1176,
                "invalid": 0,
                "quartiles": {
                    "q0": 0.013292798772454262,
                    "q1": 0.12099938653409481,
                    "q2": 0.23105792701244354,
                    "q3": 0.4776242598891258,
                    "q4": 90.24642944335938
                }
            }
        },
        "pose_auc_@1.0_deg": 0.1788,
        "pose_auc_@2.5_deg": 0.3764,
        "pose_auc_@3.0_deg": 0.4178,
        "pose_auc_@5.0_deg": 0.5272,
        "pose_auc_@10.0_deg": 0.6615,
        "pose_auc_@20.0_deg": 0.7706,
        "pose_auc_constructed_only_@1.0_deg": 0.1788,
        "pose_auc_constructed_only_@2.5_deg": 0.3764,
        "pose_auc_constructed_only_@3.0_deg": 0.4178,
        "pose_auc_constructed_only_@5.0_deg": 0.5272,
        "pose_auc_constructed_only_@10.0_deg": 0.6615,
        "pose_auc_constructed_only_@20.0_deg": 0.7706,
        "focal_length_error_px": {
            "summary": {
                "min": 36.189353942871094,
                "max": 500.6380310058594,
                "median": 200.8685760498047,
                "mean": 258.64117431640625,
                "stddev": 140.873779296875,
                "len": 49,
                "invalid": 0,
                "quartiles": {
                    "q0": 36.189353942871094,
                    "q1": 152.43072509765625,
                    "q2": 200.8685760498047,
                    "q3": 400.4165954589844,
                    "q4": 500.6380310058594
                }
            },