{
    "merging_metrics": {
        "merge_success": 1.0,
        "merge_child_count": 0.0,
        "child_camera_counts": {
            "summary": {
                "min": null,
                "max": null,
                "median": null,
                "mean": null,
                "stddev": null
            },
            "full_data": []
        },
        "child_camera_overlap_with_parent": {
            "summary": {
                "min": null,
                "max": null,
                "median": null,
                "mean": null,
                "stddev": null
            },
            "full_data": []
        },
        "number_images_merged": 236.0,
        "number_cameras_merged": 70.0,
        "number_tracks_merged": 1009.0,
        "3d_track_lengths_merged": {
            "summary": {
                "min": 3,
                "max": 32,
                "median": 5.0,
                "mean": 6.8592666005946485,
                "stddev": 4.9640946541805056,
                "len": 1009,
                "invalid": 0,
                "histogram": {
                    "3": 187,
                    "4": 127,
                    "5": 78,
                    "6": 70,
                    "7": 55,
                    "8": 43,
                    "9": 40,
                    "10": 27,
                    "11": 21,
                    "12": 13,
                    "13": 13,
                    "14": 15,
                    "15": 2,
                    "16": 15,
                    "17": 9,
                    "18": 5,
                    "19": 4,
                    "20": 6,
                    "21": 4,
                    "22": 4,
                    "23": 6,
                    "24": 4,
                    "25": 5,
                    "26": 2,
                    "27": 1,
                    "28": 0,
                    "29": 2,
                    "30": 0,
                    "31": 1
                }
            }
        },
        "reprojection_errors_merged_px": {
            "summary": {
                "min": 0.0031926485184578775,
                "max": 2.9817091090952244,
                "median": 0.29062983624504857,
                "mean": 0.3443491421616601,
                "stddev": 0.2460647336719615,
                "len": 6921,
                "invalid": 0,
                "quartiles": {
                    "q0": 0.0031926485184578775,
                    "q1": 0.1752937831656737,
                    "q2": 0.29062983624504857,
                    "q3": 0.4471890042583466,
                    "q4": 2.9817091090952244
                }
            }
        },
        "rotation_angle_error_deg": {
            "summary": {
                "min": 0.020428350195288658,
                "max": 1.5687415599822998,
                "median": 0.26134687662124634,
                "mean": 0.3389548361301422,
                "stddev": 0.25634437799453735,
                "len": 70,
                "invalid": 0,
                "quartiles": {
                    "q0": 0.020428350195288658,
                    "q1": 0.17857801169157028,
                    "q2": 0.26134687662124634,
                    "q3": 0.40294449031352997,
                    "q4": 1.5687415599822998
                }
            }
        },
        "translation_error_distance": {
            "summary": {
                "min": 0.014002925716340542,
                "max": 0.6076133847236633,
                "median": 0.11584332585334778,
                "mean": 0.14996850490570068,
                "stddev": 0.12700104713439941,
                "len": 70,
                "invalid": 0,
                "quartiles": {
                    "q0": 0.014002925716340542,
                    "q1": 0.06348751485347748,
                    "q2": 0.11584332957863808,
                    "q3": 0.16725202649831772,
                    "q4": 0.6076133847236633
                }
            }
        },
        "relative_translation_angle_error_deg": {
            "summary": {
                "min": 0.01528061181306839,
                "max": 155.2559051513672,
                "median": 1.6411023139953613,
                "mean": 3.027536630630493,
                "stddev": 6.104929447174072,
                "len": 2415,
                "invalid": 0,
                "quartiles": {
                    "q0": 0.01528061181306839,
                    "q1": 0.8155373632907867,
                    "q2": 1.6411023139953613,
                    "q3": 3.4726977348327637,
                    "q4": 155.2559051513672
                }
            }
        },
        "translation_angle_error_deg": {
            "summary": {
                "min": 0.22714273631572723,
                "max": 12.1402006149292,
                "median": 0.9276409149169922,
                "mean": 1.5466922521591187,
                "stddev": 1.9378682374954224,
                "len": 70,
                "invalid": 0,
                "quartiles": {
                    "q0": 0.22714273631572723,
                    "q1": 0.5836171805858612,
                    "q2": 0.9276408851146698,
                    "q3": 1.5304200053215027,
                    "q4": 12.1402006149292
                }
            }
        },
        "relative_rotation_angle_error_deg": {
            "summary": {
                "min": 0.016274569556117058,
                "max": 2.1311392784118652,
                "median": 0.4016402065753937,
                "mean": 0.49441975355148315,
                "stddev": 0.34918129444122314,
                "len": 2415,
                "invalid": 0,
                "quartiles": {
                    "q0": 0.016274569556117058,
                    "q1": 0.24721429497003555,
                    "q2": 0.4016402065753937,
                    "q3": 0.636262834072113,
                    "q4": 2.1311392784118652
                }
            }
        },
        "pose_auc_@1.0_deg": 0.113,
        "pose_auc_@2.5_deg": 0.3487,
        "pose_auc_@3.0_deg": 0.4027,
        "pose_auc_@5.0_deg": 0.559,
        "pose_auc_@10.0_deg": 0.743,
        "pose_auc_@20.0_deg": 0.8601,
        "pose_auc_constructed_only_@1.0_deg": 0.113,
        "pose_auc_constructed_only_@2.5_deg": 0.3487,
        "pose_auc_constructed_only_@3.0_deg": 0.4027,
        "pose_auc_constructed_only_@5.0_deg": 0.559,
        "pose_auc_constructed_only_@10.0_deg": 0.743,
        "pose_auc_constructed_only_@20.0_deg": 0.8601,
        "focal_length_error_px": {
            "summary": {
                "min": 0.0,
                "max": 1036.394287109375,
                "median": 236.67221069335938,
                "mean": 311.2794494628906,
                "stddev": 211.22869873046875,
                "len": 70,
                "invalid": 0,
                "quartiles": {
                    "q0": 0.0,
                    "q1": 163.4925308227539,
                    "q2": 236.6722183227539,
                    "q3": 460.6741638183594,
                    "q4": 1036.394287109375
                }
            },