{
    "merging_metrics": {
        "merge_success": 1.0,
        "merge_child_count": 0.0,
        "child_camera_counts": {
            "summary": {
                "min": null,
                "max": null,
                "median": null,
                "mean": null,
                "stddev": null
            },
            "full_data": []
        },
        "child_camera_overlap_with_parent": {
            "summary": {
                "min": null,
                "max": null,
                "median": null,
                "mean": null,
                "stddev": null
            },
            "full_data": []
        },
        "number_images_merged": 236.0,
        "number_cameras_merged": 70.0,
        "number_tracks_merged": 3772.0,
        "3d_track_lengths_merged": {
            "summary": {
                "min": 2,
                "max": 38,
                "median": 5.0,
                "mean": 6.690880169671262,
                "stddev": 4.9959571746187725,
                "len": 3772,
                "invalid": 0,
                "histogram": {
                    "2": 1101,
                    "3": 631,
                    "4": 449,
                    "5": 305,
                    "6": 252,
                    "7": 183,
                    "8": 130,
                    "9": 119,
                    "10": 102,
                    "11": 67,
                    "12": 73,
                    "13": 50,
                    "14": 49,
                    "15": 40,
                    "16": 33,
                    "17": 30,
                    "18": 20,
                    "19": 28,
                    "20": 17,
                    "21": 13,
                    "22": 12,
                    "23": 13,
                    "24": 13,
                    "25": 8,
                    "26": 7,
                    "27": 8,
                    "28": 4,
                    "29": 3,
                    "30": 2,
                    "31": 2,
                    "32": 2,
                    "33": 1,
                    "34": 2,
                    "35": 0,
                    "36": 0,
                    "37": 2
                }
            }
        },
        "reprojection_errors_merged_px": {
            "summary": {
                "min": 0.0009750464901834358,
                "max": 2.988742531900044,
                "median": 0.32571798696584375,
                "mean": 0.3902273754192032,
                "stddev": 0.28154386259252756,
                "len": 25238,
                "invalid": 0,
                "quartiles": {
                    "q0": 0.0009750464901834358,
                    "q1": 0.19524619492170756,
                    "q2": 0.32571798696584375,
                    "q3": 0.5123141266382547,
                    "q4": 2.988742531900044
                }
            }
        },
        "rotation_angle_error_deg": {
            "summary": {
                "min": 0.048749715089797974,
                "max": 1.7294015884399414,
                "median": 0.2864508032798767,
                "mean": 0.3526163101196289,
                "stddev": 0.26815780997276306,
                "len": 70,
                "invalid": 0,
                "quartiles": {
                    "q0": 0.048749715089797974,
                    "q1": 0.19129609689116478,
                    "q2": 0.2864508032798767,
                    "q3": 0.4366259425878525,
                    "q4": 1.7294015884399414
                }
            }
        },
        "translation_error_distance": {
            "summary": {
                "min": 0.01687551476061344,
                "max": 1.1762866973876953,
                "median": 0.1146891713142395,
                "mean": 0.19040808081626892,
                "stddev": 0.20541562139987946,
                "len": 70,
                "invalid": 0,
                "quartiles": {
                    "q0": 0.01687551476061344,
                    "q1": 0.04946372378617525,
                    "q2": 0.1146891713142395,
                    "q3": 0.26921556890010834,
                    "q4": 1.1762866973876953
                }
            }
        },
        "relative_translation_angle_error_deg": {
            "summary": {
                "min": 0.01403932273387909,
                "max": 158.919921875,
                "median": 1.5548747777938843,
                "mean": 2.663362979888916,
                "stddev": 5.2094645500183105,
                "len": 2415,
                "invalid": 0,
                "quartiles": {
                    "q0": 0.01403932273387909,
                    "q1": 0.8073844909667969,
                    "q2": 1.5548747777938843,
                    "q3": 3.0685826539993286,
                    "q4": 158.919921875
                }
            }
        },
        "translation_angle_error_deg": {
            "summary": {
                "min": 0.0807674378156662,
                "max": 10.132279396057129,
                "median": 0.7596694231033325,
                "mean": 1.1156916618347168,
                "stddev": 1.4124054908752441,
                "len": 70,
                "invalid": 0,
                "quartiles": {
                    "q0": 0.0807674378156662,
                    "q1": 0.38282759487628937,
                    "q2": 0.7596694529056549,
                    "q3": 1.2560678720474243,
                    "q4": 10.132279396057129
                }
            }
        },
        "relative_rotation_angle_error_deg": {
            "summary": {
                "min": 0.016090165823698044,
                "max": 2.6745927333831787,
                "median": 0.4024638533592224,
                "mean": 0.4874040186405182,
                "stddev": 0.3571600317955017,
                "len": 2415,
                "invalid": 0,
                "quartiles": {
                    "q0": 0.016090165823698044,
                    "q1": 0.25236766040325165,
                    "q2": 0.4024638533592224,
                    "q3": 0.6147764623165131,
                    "q4": 2.6745927333831787
                }
            }
        },
        "pose_auc_@1.0_deg": 0.1132,
        "pose_auc_@2.5_deg": 0.3629,
        "pose_auc_@3.0_deg": 0.4211,
        "pose_auc_@5.0_deg": 0.5832,
        "pose_auc_@10.0_deg": 0.7634,
        "pose_auc_@20.0_deg": 0.8742,
        "pose_auc_constructed_only_@1.0_deg": 0.1132,
        "pose_auc_constructed_only_@2.5_deg": 0.3629,
        "pose_auc_constructed_only_@3.0_deg": 0.4211,
        "pose_auc_constructed_only_@5.0_deg": 0.5832,
        "pose_auc_constructed_only_@10.0_deg": 0.7634,
        "pose_auc_constructed_only_@20.0_deg": 0.8742,
        "focal_length_error_px": {
            "summary": {
                "min": 0.0,
                "max": 1121.9815673828125,
                "median": 219.2359619140625,
                "mean": 309.1685485839844,
                "stddev": 211.6306915283203,
                "len": 70,
                "invalid": 0,
                "quartiles": {
                    "q0": 0.0,
                    "q1": 162.9348487854004,
                    "q2": 219.23595428466797,
                    "q3": 463.4745864868164,
                    "q4": 1121.9815673828125
                }
            },