{
    "merging_metrics": {
        "merge_success": 1.0,
        "merge_child_count": 0.0,
        "child_camera_counts": {
            "summary": {
                "min": null,
                "max": null,
                "median": null,
                "mean": null,
                "stddev": null
            },
            "full_data": []
        },
        "child_camera_overlap_with_parent": {
            "summary": {
                "min": null,
                "max": null,
                "median": null,
                "mean": null,
                "stddev": null
            },
            "full_data": []
        },
        "number_images_merged": 236.0,
        "number_cameras_merged": 51.0,
        "number_tracks_merged": 3344.0,
        "3d_track_lengths_merged": {
            "summary": {
                "min": 2,
                "max": 25,
                "median": 4.0,
                "mean": 5.051136363636363,
                "stddev": 2.908094609691528,
                "len": 3344,
                "invalid": 0,
                "histogram": {
                    "2": 1243,
                    "3": 751,
                    "4": 433,
                    "5": 263,
                    "6": 170,
                    "7": 139,
                    "8": 92,
                    "9": 53,
                    "10": 50,
                    "11": 30,
                    "12": 27,
                    "13": 23,
                    "14": 18,
                    "15": 9,
                    "16": 13,
                    "17": 11,
                    "18": 7,
                    "19": 2,
                    "20": 1,
                    "21": 3,
                    "22": 0,
                    "23": 2,
                    "24": 1
                }
            }
        },
        "reprojection_errors_merged_px": {
            "summary": {
                "min": 0.0011601667730471938,
                "max": 2.990687742569656,
                "median": 0.2556189817956112,
                "mean": 0.32131208234978365,
                "stddev": 0.2659797265892561,
                "len": 16891,
                "invalid": 0,
                "quartiles": {
                    "q0": 0.0011601667730471938,
                    "q1": 0.14570619743993063,
                    "q2": 0.2556189817956112,
                    "q3": 0.41687984182138765,
                    "q4": 2.990687742569656
                }
            }
        },
        "rotation_angle_error_deg": {
            "summary": {
                "min": 0.05411536991596222,
                "max": 1.2109507322311401,
                "median": 0.44416359066963196,
                "mean": 0.45899465680122375,
                "stddev": 0.30978089570999146,
                "len": 51,
                "invalid": 0,
                "quartiles": {
                    "q0": 0.05411536991596222,
                    "q1": 0.16752906888723373,
                    "q2": 0.44416359066963196,
                    "q3": 0.6833896636962891,
                    "q4": 1.2109507322311401
                }
            }
        },
        "translation_error_distance": {
            "summary": {
                "min": 0.009573052637279034,
                "max": 0.7886424660682678,
                "median": 0.060453370213508606,
                "mean": 0.08901602774858475,
                "stddev": 0.11549165099859238,
                "len": 51,
                "invalid": 0,
                "quartiles": {
                    "q0": 0.009573052637279034,
                    "q1": 0.04417591542005539,
                    "q2": 0.060453370213508606,
                    "q3": 0.08937126398086548,
                    "q4": 0.7886424660682678
                }
            }
        },
        "relative_translation_angle_error_deg": {
            "summary": {
                "min": 0.031948674470186234,
                "max": 156.3815155029297,
                "median": 1.2201142311096191,
                "mean": 3.2058422565460205,
                "stddev": 9.974174499511719,
                "len": 1275,
                "invalid": 0,
                "quartiles": {
                    "q0": 0.031948674470186234,
                    "q1": 0.6380163729190826,
                    "q2": 1.2201142311096191,
                    "q3": 2.5549561977386475,
                    "q4": 156.3815155029297
                }
            }
        },
        "translation_angle_error_deg": {
            "summary": {
                "min": 0.07010999321937561,
                "max": 8.196194648742676,
                "median": 0.5149189233779907,
                "mean": 0.9136667251586914,
                "stddev": 1.235901951789856,
                "len": 51,
                "invalid": 0,
                "quartiles": {
                    "q0": 0.07010999321937561,
                    "q1": 0.3103124052286148,
                    "q2": 0.5149189233779907,
                    "q3": 0.9861021637916565,
                    "q4": 8.196194648742676
                }
            }
        },
        "relative_rotation_angle_error_deg": {
            "summary": {
                "min": 0.02771991677582264,
                "max": 1.8548564910888672,
                "median": 0.597320020198822,
                "mean": 0.6473593711853027,
                "stddev": 0.3614562451839447,
                "len": 1275,
                "invalid": 0,
                "quartiles": {
                    "q0": 0.02771991677582264,
                    "q1": 0.3599879592657089,
                    "q2": 0.597320020198822,
                    "q3": 0.888051837682724,
                    "q4": 1.8548564910888672
                }
            }
        },
        "pose_auc_@1.0_deg": 0.121,
        "pose_auc_@2.5_deg": 0.4134,
        "pose_auc_@3.0_deg": 0.4732,
        "pose_auc_@5.0_deg": 0.622,
        "pose_auc_@10.0_deg": 0.7712,
        "pose_auc_@20.0_deg": 0.8713,
        "pose_auc_constructed_only_@1.0_deg": 0.121,
        "pose_auc_constructed_only_@2.5_deg": 0.4134,
        "pose_auc_constructed_only_@3.0_deg": 0.4732,
        "pose_auc_constructed_only_@5.0_deg": 0.622,
        "pose_auc_constructed_only_@10.0_deg": 0.7712,
        "pose_auc_constructed_only_@20.0_deg": 0.8713,
        "focal_length_error_px": {
            "summary": {
                "min": 0.0,
                "max": 539.2225952148438,
                "median": 199.00094604492188,
                "mean": 246.06765747070312,
                "stddev": 142.77590942382812,
                "len": 51,
                "invalid": 0,
                "quartiles": {
                    "q0": 0.0,
                    "q1": 162.10631561279297,
                    "q2": 199.00094604492188,
                    "q3": 346.9574432373047,
                    "q4": 539.2225952148438
                }
            },