{
    "merging_metrics": {
        "merge_success": 1.0,
        "merge_child_count": 0.0,
        "child_camera_counts": {
            "summary": {
                "min": null,
                "max": null,
                "median": null,
                "mean": null,
                "stddev": null
            },
            "full_data": []
        },
        "child_camera_overlap_with_parent": {
            "summary": {
                "min": null,
                "max": null,
                "median": null,
                "mean": null,
                "stddev": null
            },
            "full_data": []
        },
        "number_images_merged": 35.0,
        "number_cameras_merged": 35.0,
        "number_tracks_merged": 378.0,
        "3d_track_lengths_merged": {
            "summary": {
                "min": 3,
                "max": 25,
                "median": 19.5,
                "mean": 16.613756613756614,
                "stddev": 6.820760494148796,
                "len": 378,
                "invalid": 0,
                "histogram": {
                    "3": 1,
                    "4": 10,
                    "5": 16,
                    "6": 33,
                    "7": 11,
                    "8": 13,
                    "9": 14,
                    "10": 21,
                    "11": 16,
                    "12": 10,
                    "13": 8,
                    "14": 10,
                    "15": 6,
                    "16": 5,
                    "17": 7,
                    "18": 7,
                    "19": 18,
                    "20": 33,
                    "21": 38,
                    "22": 39,
                    "23": 15,
                    "24": 46
                }
            }
        },
        "reprojection_errors_merged_px": {
            "summary": {
                "min": 0.0008057244477238636,
                "max": 13.962980297637623,
                "median": 2.04454307733505,
                "mean": 2.953740045433261,
                "stddev": 2.927580196629157,
                "len": 6280,
                "invalid": 0,
                "quartiles": {
                    "q0": 0.0008057244477238636,
                    "q1": 0.9431165832547663,
                    "q2": 2.04454307733505,
                    "q3": 3.736845569168294,
                    "q4": 13.962980297637623
                }
            }
        },
        "rotation_angle_error_deg": {
            "summary": {
                "min": 0.09028450399637222,
                "max": 3.239367723464966,
                "median": 0.9724175333976746,
                "mean": 1.3631097078323364,
                "stddev": 0.9452437162399292,
                "len": 35,
                "invalid": 0,
                "quartiles": {
                    "q0": 0.09028450399637222,
                    "q1": 0.5854395031929016,
                    "q2": 0.9724175333976746,
                    "q3": 2.1045557260513306,
                    "q4": 3.239367723464966
                }
            }
        },
        "translation_error_distance": {
            "summary": {
                "min": 0.005387771874666214,
                "max": 0.18819886445999146,
                "median": 0.08885177224874496,
                "mean": 0.08538337796926498,
                "stddev": 0.05646202340722084,
                "len": 35,
                "invalid": 0,
                "quartiles": {
                    "q0": 0.005387771874666214,
                    "q1": 0.022725487127900124,
                    "q2": 0.08885177224874496,
                    "q3": 0.13290751725435257,
                    "q4": 0.18819886445999146
                }
            }
        },
        "relative_translation_angle_error_deg": {
            "summary": {
                "min": 0.1324470192193985,
                "max": 135.06625366210938,
                "median": 1.835803508758545,
                "mean": 2.300992965698242,
                "stddev": 5.704476356506348,
                "len": 595,
                "invalid": 0,
                "quartiles": {
                    "q0": 0.1324470192193985,
                    "q1": 1.163515567779541,
                    "q2": 1.835803508758545,
                    "q3": 2.5633440017700195,
                    "q4": 135.06625366210938
                }
            }
        },
        "translation_angle_error_deg": {
            "summary": {
                "min": 0.017298901453614235,
                "max": 3.1444761753082275,
                "median": 0.8651977777481079,
                "mean": 1.1219098567962646,
                "stddev": 0.9657354354858398,
                "len": 35,
                "invalid": 0,
                "quartiles": {
                    "q0": 0.017298901453614235,
                    "q1": 0.2581443712115288,
                    "q2": 0.8651977777481079,
                    "q3": 2.040547013282776,
                    "q4": 3.1444761753082275
                }
            }
        },
        "relative_rotation_angle_error_deg": {
            "summary": {
                "min": 0.0911136120557785,
                "max": 5.899924278259277,
                "median": 1.7157042026519775,
                "mean": 1.94217848777771,
                "stddev": 1.251487135887146,
                "len": 595,
                "invalid": 0,
                "quartiles": {
                    "q0": 0.0911136120557785,
                    "q1": 0.9208033978939056,
                    "q2": 1.7157042026519775,
                    "q3": 2.792103886604309,
                    "q4": 5.899924278259277
                }
            }
        },
        "pose_auc_@1.0_deg": 0.0186,
        "pose_auc_@2.5_deg": 0.1879,
        "pose_auc_@5.0_deg": 0.499,
        "pose_auc_@10.0_deg": 0.7408,
        "pose_auc_@20.0_deg": 0.8678,
        "focal_length_error_px": {
            "summary": {
                "min": 399.9459228515625,
                "max": 424.4544372558594,
                "median": 417.268798828125,
                "mean": 416.3594665527344,
                "stddev": 4.6786909103393555,
                "len": 35,
                "invalid": 0,
                "quartiles": {
                    "q0": 399.9459228515625,
                    "q1": 414.97044372558594,
                    "q2": 417.268798828125,
                    "q3": 418.7842712402344,
                    "q4": 424.4544372558594
                }
            },
            "full_data": [
                416.0630187988281,
                416.3740539550781,
                417.268798828125,
                418.3544921875,
                418.78399658203125,
                420.0380859375,
                418.78057861328125,
                417.9020690917969,
                424.4544372558594,
                421.2013244628906,
                419.8050537109375,
                421.6189270019531,
                401.29241943359375,
                399.9459228515625,
                414.03009033203125,
                414.5512390136719,
                414.2901306152344,
                416.4896545410156,
                417.75811767578125,
                416.551025390625,
                418.1911926269531,
                419.2416687011719,
                418.3587646484375,
                418.7845458984375,
                415.121337890625,
                413.9842834472656,
                416.8890380859375,
                419.24755859375,
                417.3758850097656,
                419.5506591796875,
                414.8195495605469,
                415.7792663574219,
                411.20654296875,
                416.094970703125,
                412.3832702636719
            ]
        },
        "focal_length_error_pct": {
            "summary": {
                "min": 51.33197784423828,
                "max": 54.47758102416992,
                "median": 53.555320739746094,
                "mean": 53.4386100769043,