{
    "merging_metrics": {
        "merge_success": 1.0,
        "merge_child_count": 0.0,
        "child_camera_counts": {
            "summary": {
                "min": null,
                "max": null,
                "median": null,
                "mean": null,
                "stddev": null
            },
            "full_data": []
        },
        "child_camera_overlap_with_parent": {
            "summary": {
                "min": null,
                "max": null,
                "median": null,
                "mean": null,
                "stddev": null
            },
            "full_data": []
        },
        "number_images_merged": 236.0,
        "number_cameras_merged": 57.0,
        "number_tracks_merged": 615.0,
        "3d_track_lengths_merged": {
            "summary": {
                "min": 3,
                "max": 42,
                "median": 5.0,
                "mean": 6.983739837398374,
                "stddev": 5.585381238070669,
                "len": 615,
                "invalid": 0,
                "histogram": {
                    "3": 114,
                    "4": 53,
                    "5": 54,
                    "6": 35,
                    "7": 19,
                    "8": 28,
                    "9": 12,
                    "10": 18,
                    "11": 13,
                    "12": 14,
                    "13": 8,
                    "14": 12,
                    "15": 6,
                    "16": 4,
                    "17": 5,
                    "18": 2,
                    "19": 4,
                    "20": 3,
                    "21": 5,
                    "22": 5,
                    "23": 4,
                    "24": 3,
                    "25": 2,
                    "26": 2,
                    "27": 2,
                    "28": 1,
                    "29": 0,
                    "30": 0,
                    "31": 0,
                    "32": 0,
                    "33": 1,
                    "34": 0,
                    "35": 0,
                    "36": 0,
                    "37": 0,
                    "38": 0,
                    "39": 0,
                    "40": 0,
                    "41": 1
                }
            }
        },
        "reprojection_errors_merged_px": {
            "summary": {
                "min": 0.008706342525536702,
                "max": 2.841860873961346,
                "median": 0.27038421804779555,
                "mean": 0.32527258725559755,
                "stddev": 0.24247185524664522,
                "len": 4295,
                "invalid": 0,
                "quartiles": {
                    "q0": 0.008706342525536702,
                    "q1": 0.1629359421134733,
                    "q2": 0.27038421804779555,
                    "q3": 0.42616525988770726,
                    "q4": 2.841860873961346
                }
            }
        },
        "rotation_angle_error_deg": {
            "summary": {
                "min": 0.12567390501499176,
                "max": 5.1603264808654785,
                "median": 0.4644527733325958,
                "mean": 0.7523311376571655,
                "stddev": 0.8463566899299622,
                "len": 57,
                "invalid": 0,
                "quartiles": {
                    "q0": 0.12567390501499176,
                    "q1": 0.3058995306491852,
                    "q2": 0.4644527733325958,
                    "q3": 0.9116581082344055,
                    "q4": 5.1603264808654785
                }
            }
        },
        "translation_error_distance": {
            "summary": {
                "min": 0.020352372899651527,
                "max": 13.819422721862793,
                "median": 0.13283996284008026,
                "mean": 0.44909799098968506,
                "stddev": 1.7999622821807861,
                "len": 57,
                "invalid": 0,
                "quartiles": {
                    "q0": 0.020352372899651527,
                    "q1": 0.07191327214241028,
                    "q2": 0.13283996284008026,
                    "q3": 0.2673656940460205,
                    "q4": 13.819422721862793
                }
            }
        },
        "relative_translation_angle_error_deg": {
            "summary": {
                "min": 0.020216425880789757,
                "max": 158.97744750976562,
                "median": 3.272007942199707,
                "mean": 10.593499183654785,
                "stddev": 26.240140914916992,
                "len": 1596,
                "invalid": 0,
                "quartiles": {
                    "q0": 0.020216425880789757,
                    "q1": 1.5438604652881622,
                    "q2": 3.2720078229904175,
                    "q3": 6.645567059516907,
                    "q4": 158.97744750976562
                }
            }
        },
        "translation_angle_error_deg": {
            "summary": {
                "min": 0.07810429483652115,
                "max": 124.72810363769531,
                "median": 1.1717097759246826,
                "mean": 4.648307800292969,
                "stddev": 16.392505645751953,
                "len": 57,
                "invalid": 0,
                "quartiles": {
                    "q0": 0.07810429483652115,
                    "q1": 0.7193528413772583,
                    "q2": 1.1717097759246826,
                    "q3": 2.665241003036499,
                    "q4": 124.72810363769531
                }
            }
        },
        "relative_rotation_angle_error_deg": {
            "summary": {
                "min": 0.05429859086871147,
                "max": 7.941583156585693,
                "median": 0.7466539740562439,
                "mean": 1.1484228372573853,
                "stddev": 1.110910415649414,
                "len": 1596,
                "invalid": 0,
                "quartiles": {
                    "q0": 0.05429859086871147,
                    "q1": 0.448288157582283,
                    "q2": 0.7466539740562439,
                    "q3": 1.4055098593235016,
                    "q4": 7.941583156585693
                }
            }
        },
        "pose_auc_@1.0_deg": 0.0395,
        "pose_auc_@2.5_deg": 0.1753,
        "pose_auc_@3.0_deg": 0.2179,
        "pose_auc_@5.0_deg": 0.3578,
        "pose_auc_@10.0_deg": 0.5624,
        "pose_auc_@20.0_deg": 0.7247,
        "pose_auc_constructed_only_@1.0_deg": 0.0395,
        "pose_auc_constructed_only_@2.5_deg": 0.1753,
        "pose_auc_constructed_only_@3.0_deg": 0.2179,
        "pose_auc_constructed_only_@5.0_deg": 0.3578,
        "pose_auc_constructed_only_@10.0_deg": 0.5624,
        "pose_auc_constructed_only_@20.0_deg": 0.7247,
        "focal_length_error_px": {
            "summary": {
                "min": 0.0,
                "max": 750.6080932617188,
                "median": 189.81016540527344,
                "mean": 256.3890686035156,
                "stddev": 183.62521362304688,
                "len": 57,
                "invalid": 0,
                "quartiles": {
                    "q0": 0.0,
                    "q1": 120.20476531982422,
                    "q2": 189.81016540527344,
                    "q3": 408.9820556640625,
                    "q4": 750.6080932617188
                }
            },