{
    "merging_metrics": {
        "merge_success": 1.0,
        "merge_child_count": 0.0,
        "child_camera_counts": {
            "summary": {
                "min": null,
                "max": null,
                "median": null,
                "mean": null,
                "stddev": null
            },
            "full_data": []
        },
        "child_camera_overlap_with_parent": {
            "summary": {
                "min": null,
                "max": null,
                "median": null,
                "mean": null,
                "stddev": null
            },
            "full_data": []
        },
        "number_images_merged": 236.0,
        "number_cameras_merged": 61.0,
        "number_tracks_merged": 6004.0,
        "3d_track_lengths_merged": {
            "summary": {
                "min": 2,
                "max": 32,
                "median": 4.0,
                "mean": 6.274483677548301,
                "stddev": 4.733005485166728,
                "len": 6004,
                "invalid": 0,
                "histogram": {
                    "2": 2105,
                    "3": 1032,
                    "4": 649,
                    "5": 404,
                    "6": 335,
                    "7": 238,
                    "8": 193,
                    "9": 152,
                    "10": 126,
                    "11": 96,
                    "12": 97,
                    "13": 67,
                    "14": 92,
                    "15": 65,
                    "16": 56,
                    "17": 39,
                    "18": 38,
                    "19": 46,
                    "20": 39,
                    "21": 25,
                    "22": 22,
                    "23": 12,
                    "24": 17,
                    "25": 13,
                    "26": 9,
                    "27": 4,
                    "28": 4,
                    "29": 2,
                    "30": 0,
                    "31": 3
                }
            }
        },
        "reprojection_errors_merged_px": {
            "summary": {
                "min": 0.0038161211435409205,
                "max": 2.9969993393564924,
                "median": 0.3652461937154905,
                "mean": 0.4761038267082217,
                "stddev": 0.4023405627070067,
                "len": 37672,
                "invalid": 0,
                "quartiles": {
                    "q0": 0.0038161211435409205,
                    "q1": 0.21063927710857047,
                    "q2": 0.3652461937154905,
                    "q3": 0.6043225478116147,
                    "q4": 2.9969993393564924
                }
            }
        },
        "rotation_angle_error_deg": {
            "summary": {
                "min": 0.012320199981331825,
                "max": 7.264923572540283,
                "median": 0.30726853013038635,
                "mean": 0.5709910988807678,
                "stddev": 1.1176856756210327,
                "len": 61,
                "invalid": 0,
                "quartiles": {
                    "q0": 0.012320199981331825,
                    "q1": 0.17953820526599884,
                    "q2": 0.30726853013038635,
                    "q3": 0.5707180500030518,
                    "q4": 7.264923572540283
                }
            }
        },
        "translation_error_distance": {
            "summary": {
                "min": 0.005649948492646217,
                "max": 7.100671291351318,
                "median": 0.14886440336704254,
                "mean": 0.34491461515426636,
                "stddev": 0.9010656476020813,
                "len": 61,
                "invalid": 0,
                "quartiles": {
                    "q0": 0.005649948492646217,
                    "q1": 0.08102374523878098,
                    "q2": 0.14886440336704254,
                    "q3": 0.3365134000778198,
                    "q4": 7.100671291351318
                }
            }
        },
        "relative_translation_angle_error_deg": {
            "summary": {
                "min": 0.030933063477277756,
                "max": 173.93699645996094,
                "median": 2.078972339630127,
                "mean": 7.065685749053955,
                "stddev": 21.30552101135254,
                "len": 1830,
                "invalid": 0,
                "quartiles": {
                    "q0": 0.030933063477277756,
                    "q1": 0.9778219759464264,
                    "q2": 2.078972339630127,
                    "q3": 4.142652273178101,
                    "q4": 173.93699645996094
                }
            }
        },
        "translation_angle_error_deg": {
            "summary": {
                "min": 0.07583902776241302,
                "max": 127.28804016113281,
                "median": 0.8867252469062805,
                "mean": 3.4791195392608643,
                "stddev": 16.090482711791992,
                "len": 61,
                "invalid": 0,
                "quartiles": {
                    "q0": 0.07583902776241302,
                    "q1": 0.4080616533756256,
                    "q2": 0.8867252469062805,
                    "q3": 1.6571526527404785,
                    "q4": 127.28804016113281
                }
            }
        },
        "relative_rotation_angle_error_deg": {
            "summary": {
                "min": 0.0056572663597762585,
                "max": 10.902430534362793,
                "median": 0.5136283040046692,
                "mean": 0.9441899061203003,
                "stddev": 1.5089552402496338,
                "len": 1830,
                "invalid": 0,
                "quartiles": {
                    "q0": 0.0056572663597762585,
                    "q1": 0.30808737874031067,
                    "q2": 0.5136283040046692,
                    "q3": 0.8202035278081894,
                    "q4": 10.902430534362793
                }
            }
        },
        "pose_auc_@1.0_deg": 0.0977,
        "pose_auc_@2.5_deg": 0.2938,
        "pose_auc_@3.0_deg": 0.3448,
        "pose_auc_@5.0_deg": 0.493,
        "pose_auc_@10.0_deg": 0.6858,
        "pose_auc_@20.0_deg": 0.8144,
        "pose_auc_constructed_only_@1.0_deg": 0.0977,
        "pose_auc_constructed_only_@2.5_deg": 0.2938,
        "pose_auc_constructed_only_@3.0_deg": 0.3448,
        "pose_auc_constructed_only_@5.0_deg": 0.493,
        "pose_auc_constructed_only_@10.0_deg": 0.6858,
        "pose_auc_constructed_only_@20.0_deg": 0.8144,
        "focal_length_error_px": {
            "summary": {
                "min": 0.0,
                "max": 1121.4271240234375,
                "median": 204.69058227539062,
                "mean": 295.4652099609375,
                "stddev": 224.47430419921875,
                "len": 61,
                "invalid": 0,
                "quartiles": {
                    "q0": 0.0,
                    "q1": 147.209716796875,
                    "q2": 204.69058227539062,
                    "q3": 459.61871337890625,
                    "q4": 1121.4271240234375
                }
            },