{
    "merging_metrics": {
        "merge_success": 1.0,
        "merge_child_count": 0.0,
        "child_camera_counts": {
            "summary": {
                "min": null,
                "max": null,
                "median": null,
                "mean": null,
                "stddev": null
            },
            "full_data": []
        },
        "child_camera_overlap_with_parent": {
            "summary": {
                "min": null,
                "max": null,
                "median": null,
                "mean": null,
                "stddev": null
            },
            "full_data": []
        },
        "number_images_merged": 236.0,
        "number_cameras_merged": 57.0,
        "number_tracks_merged": 869.0,
        "3d_track_lengths_merged": {
            "summary": {
                "min": 2,
                "max": 31,
                "median": 4.0,
                "mean": 5.7917146144994245,
                "stddev": 4.364479010956766,
                "len": 869,
                "invalid": 0,
                "histogram": {
                    "2": 327,
                    "3": 160,
                    "4": 104,
                    "5": 62,
                    "6": 33,
                    "7": 40,
                    "8": 31,
                    "9": 21,
                    "10": 13,
                    "11": 8,
                    "12": 9,
                    "13": 12,
                    "14": 7,
                    "15": 9,
                    "16": 5,
                    "17": 2,
                    "18": 3,
                    "19": 6,
                    "20": 3,
                    "21": 0,
                    "22": 3,
                    "23": 1,
                    "24": 2,
                    "25": 0,
                    "26": 2,
                    "27": 2,
                    "28": 0,
                    "29": 2,
                    "30": 1
                }
            }
        },
        "reprojection_errors_merged_px": {
            "summary": {
                "min": 0.0023312349262867697,
                "max": 1.5826705945929518,
                "median": 0.2232093824613149,
                "mean": 0.25911769866596346,
                "stddev": 0.1762065266225104,
                "len": 5033,
                "invalid": 0,
                "quartiles": {
                    "q0": 0.0023312349262867697,
                    "q1": 0.13123877635568182,
                    "q2": 0.2232093824613149,
                    "q3": 0.3435330512577298,
                    "q4": 1.5826705945929518
                }
            }
        },
        "rotation_angle_error_deg": {
            "summary": {
                "min": 0.12221252173185349,
                "max": 1.790905475616455,
                "median": 0.44126760959625244,
                "mean": 0.5279902219772339,
                "stddev": 0.3410707414150238,
                "len": 57,
                "invalid": 0,
                "quartiles": {
                    "q0": 0.12221252173185349,
                    "q1": 0.3206048607826233,
                    "q2": 0.44126760959625244,
                    "q3": 0.6190761923789978,
                    "q4": 1.790905475616455
                }
            }
        },
        "translation_error_distance": {
            "summary": {
                "min": 0.010263634845614433,
                "max": 13.71743106842041,
                "median": 0.0833892822265625,
                "mean": 0.3794119954109192,
                "stddev": 1.790012001991272,
                "len": 57,
                "invalid": 0,
                "quartiles": {
                    "q0": 0.010263634845614433,
                    "q1": 0.04669254645705223,
                    "q2": 0.0833892822265625,
                    "q3": 0.15302783250808716,
                    "q4": 13.71743106842041
                }
            }
        },
        "relative_translation_angle_error_deg": {
            "summary": {
                "min": 0.04742253199219704,
                "max": 155.75790405273438,
                "median": 1.9757317304611206,
                "mean": 7.581553936004639,
                "stddev": 22.66592788696289,
                "len": 1596,
                "invalid": 0,
                "quartiles": {
                    "q0": 0.04742253199219704,
                    "q1": 1.0599012076854706,
                    "q2": 1.9757317304611206,
                    "q3": 4.025994658470154,
                    "q4": 155.75790405273438
                }
            }
        },
        "translation_angle_error_deg": {
            "summary": {
                "min": 0.10005489736795425,
                "max": 123.84791564941406,
                "median": 1.4697438478469849,
                "mean": 4.075029373168945,
                "stddev": 16.090715408325195,
                "len": 57,
                "invalid": 0,
                "quartiles": {
                    "q0": 0.10005489736795425,
                    "q1": 0.7778248190879822,
                    "q2": 1.4697438478469849,
                    "q3": 2.4094765186309814,
                    "q4": 123.84791564941406
                }
            }
        },
        "relative_rotation_angle_error_deg": {
            "summary": {
                "min": 0.03167501837015152,
                "max": 3.1630420684814453,
                "median": 0.628731906414032,
                "mean": 0.7340976595878601,
                "stddev": 0.4685046076774597,
                "len": 1596,
                "invalid": 0,
                "quartiles": {
                    "q0": 0.03167501837015152,
                    "q1": 0.39688464999198914,
                    "q2": 0.628731906414032,
                    "q3": 0.9394536912441254,
                    "q4": 3.1630420684814453
                }
            }
        },
        "pose_auc_@1.0_deg": 0.0773,
        "pose_auc_@2.5_deg": 0.2921,
        "pose_auc_@3.0_deg": 0.3504,
        "pose_auc_@5.0_deg": 0.509,
        "pose_auc_@10.0_deg": 0.6884,
        "pose_auc_@20.0_deg": 0.8077,
        "pose_auc_constructed_only_@1.0_deg": 0.0773,
        "pose_auc_constructed_only_@2.5_deg": 0.2921,
        "pose_auc_constructed_only_@3.0_deg": 0.3504,
        "pose_auc_constructed_only_@5.0_deg": 0.509,
        "pose_auc_constructed_only_@10.0_deg": 0.6884,
        "pose_auc_constructed_only_@20.0_deg": 0.8077,
        "focal_length_error_px": {
            "summary": {
                "min": 1.3142914772033691,
                "max": 1122.2823486328125,
                "median": 219.46884155273438,
                "mean": 292.3600158691406,
                "stddev": 208.13902282714844,
                "len": 57,
                "invalid": 0,
                "quartiles": {
                    "q0": 1.3142914772033691,
                    "q1": 143.94857788085938,
                    "q2": 219.46884155273438,
                    "q3": 412.5777282714844,
                    "q4": 1122.2823486328125
                }
            },