{
    "cluster_vggt_metrics": {
        "num_cameras": 5.0,
        "num_points3d": 13.0,
        "rotation_angle_error_deg": {
            "summary": {
                "min": 0.7993221282958984,
                "max": 4.875157833099365,
                "median": 1.9795660972595215,
                "mean": 2.2637100219726562,
                "stddev": 1.3755395412445068,
                "len": 5,
                "invalid": 0,
                "quartiles": {
                    "q0": 0.7993221282958984,
                    "q1": 1.6849381923675537,
                    "q2": 1.9795660972595215,
                    "q3": 1.979566216468811,
                    "q4": 4.875157833099365
                }
            }
        },
        "translation_error_distance": {
            "summary": {
                "min": 0.1608443409204483,
                "max": 0.6501209735870361,
                "median": 0.19564776122570038,
                "mean": 0.30328425765037537,
                "stddev": 0.18103832006454468,
                "len": 5,
                "invalid": 0,
                "quartiles": {
                    "q0": 0.1608443409204483,
                    "q1": 0.19564776122570038,
                    "q2": 0.19564776122570038,
                    "q3": 0.3141605854034424,
                    "q4": 0.6501209735870361
                }
            }
        },
        "relative_translation_angle_error_deg": {
            "summary": {
                "min": 2.109942674636841,
                "max": 16.569433212280273,
                "median": 4.821782112121582,
                "mean": 7.374701023101807,
                "stddev": 5.213290214538574,
                "len": 10,
                "invalid": 0,
                "quartiles": {
                    "q0": 2.109942674636841,
                    "q1": 2.8970381021499634,
                    "q2": 4.821782350540161,
                    "q3": 12.156771898269653,
                    "q4": 16.569433212280273
                }
            },
            "full_data": [
                2.109942674636841,
                10.09958553314209,
                2.4023759365081787,
                14.048887252807617,
                3.878892421722412,
                16.569433212280273,
                2.778714656829834,
                3.2520084381103516,
                12.842500686645508,
                5.76467227935791
            ]
        },
        "translation_angle_error_deg": {
            "summary": {
                "min": 0.7909432053565979,
                "max": 8.771565437316895,
                "median": 3.2110166549682617,
                "mean": 4.467526912689209,
                "stddev": 2.9660069942474365,
                "len": 5,
                "invalid": 0,
                "quartiles": {
                    "q0": 0.7909432053565979,
                    "q1": 2.5273592472076416,
                    "q2": 3.2110166549682617,
                    "q3": 7.036749362945557,
                    "q4": 8.771565437316895
                }
            }
        },
        "relative_rotation_angle_error_deg": {
            "summary": {
                "min": 1.0126895904541016,
                "max": 6.794081687927246,
                "median": 3.2845818996429443,
                "mean": 3.368757963180542,
                "stddev": 1.6782481670379639,
                "len": 10,
                "invalid": 0,
                "quartiles": {
                    "q0": 1.0126895904541016,
                    "q1": 1.9714520871639252,
                    "q2": 3.2845818996429443,
                    "q3": 3.9544883966445923,
                    "q4": 6.794081687927246
                }
            },
            "full_data": [
                5.415583610534668,
                3.0350849628448486,
                6.794081687927246,
                3.940556287765503,
                2.40315318107605,
                1.8275517225265503,
                1.7656670808792114,
                3.959132432937622,
                1.0126895904541016,
                3.53407883644104
            ]
        },
        "pose_auc_@1.0_deg": 0.0,
        "pose_auc_@2.5_deg": 0.0,
        "pose_auc_@3.0_deg": 0.0537,
        "pose_auc_@5.0_deg": 0.1273,
        "pose_auc_@10.0_deg": 0.3481,
        "pose_auc_@20.0_deg": 0.6307,
        "pose_auc_constructed_only_@1.0_deg": 0.0,
        "pose_auc_constructed_only_@2.5_deg": 0.0,
        "pose_auc_constructed_only_@3.0_deg": 0.0537,
        "pose_auc_constructed_only_@5.0_deg": 0.1273,
        "pose_auc_constructed_only_@10.0_deg": 0.3481,
        "pose_auc_constructed_only_@20.0_deg": 0.6307,
        "focal_length_error_px": {
            "summary": {
                "min": 81.76976776123047,
                "max": 455.2352600097656,
                "median": 188.8764190673828,
                "mean": 261.11212158203125,
                "stddev": 145.70626831054688,
                "len": 5,
                "invalid": 0,
                "quartiles": {
                    "q0": 81.76976776123047,
                    "q1": 168.52273559570312,
                    "q2": 188.8764190673828,
                    "q3": 411.1565246582031,
                    "q4": 455.2352600097656
                }
            },
            "full_data": [
                455.2352600097656,
                188.8764190673828,
                81.76976776123047,
                168.52273559570312,
                411.1565246582031
            ]
        },
        "focal_length_error_pct": {
            "summary": {
                "min": 6.687092304229736,
                "max": 37.19242477416992,
                "median": 15.431079864501953,
                "mean": 21.16593360900879,
                "stddev": 11.891788482666016,
                "len": 5,
                "invalid": 0,
                "quartiles": {
                    "q0": 6.687092304229736,
                    "q1": 13.286246299743652,
                    "q2": 15.431079864501953,
                    "q3": 33.232826232910156,
                    "q4": 37.19242477416992
                }
            },
            "full_data": [
                37.19242477416992,
                15.431079864501953,
                6.687092304229736,
                13.286246299743652,
                33.232826232910156
            ]
        },
        "k1_error": {
            "summary": {
                "min": 0.0,
                "max": 0.0029773826245218515,
                "median": 0.00014530177577398717,
                "mean": 0.0006742209661751986,
                "stddev": 0.0011554015800356865,
                "len": 5,
                "invalid": 0,
                "quartiles": {
                    "q0": 0.0,
                    "q1": 0.0,
                    "q2": 0.00014530177577398717,
                    "q3": 0.0002484204596839845,
                    "q4": 0.0029773826245218515
                }
            },
            "full_data": [
                0.0029773826245218515,
                0.0002484204596839845,
                0.0,
                0.00014530177577398717,
                0.0
            ]
        },
        "k2_error": {
            "summary": {
                "min": 0.0,
                "max": 0.00023801476345397532,
                "median": 5.383950338000432e-06,
                "mean": 7.78646717662923e-05,
                "stddev": 9.763143316376954e-05,
                "len": 5,
                "invalid": 0,
                "quartiles": {
                    "q0": 0.0,
                    "q1": 0.0,
                    "q2": 5.383950338000432e-06,
                    "q3": 0.00014592467050533742,
                    "q4": 0.00023801476345397532
                }
            },
            "full_data": [
                0.00023801476345397532,
                0.00014592467050533742,
                0.0,
                5.383950338000432e-06,
                0.0
            ]
        }
    }
}