{
    "cluster_vggt_pre_ba_metrics": {
        "num_cameras": 5.0,
        "num_points3d": 109.0,
        "rotation_angle_error_deg": {
            "summary": {
                "min": 0.2023080736398697,
                "max": 1.1453744173049927,
                "median": 0.33522066473960876,
                "mean": 0.6209613680839539,
                "stddev": 0.4075467884540558,
                "len": 5,
                "invalid": 0,
                "quartiles": {
                    "q0": 0.2023080736398697,
                    "q1": 0.33522066473960876,
                    "q2": 0.33522066473960876,
                    "q3": 1.0866831541061401,
                    "q4": 1.1453744173049927
                }
            }
        },
        "translation_error_distance": {
            "summary": {
                "min": 0.043964605778455734,
                "max": 0.283377081155777,
                "median": 0.13369514048099518,
                "mean": 0.13402098417282104,
                "stddev": 0.0888749435544014,
                "len": 5,
                "invalid": 0,
                "quartiles": {
                    "q0": 0.043964605778455734,
                    "q1": 0.043964605778455734,
                    "q2": 0.13369514048099518,
                    "q3": 0.1651035100221634,
                    "q4": 0.283377081155777
                }
            }
        },
        "relative_translation_angle_error_deg": {
            "summary": {
                "min": 0.48025044798851013,
                "max": 12.842500686645508,
                "median": 3.573422908782959,
                "mean": 4.469403266906738,
                "stddev": 3.75402569770813,
                "len": 10,
                "invalid": 0,
                "quartiles": {
                    "q0": 0.48025044798851013,
                    "q1": 2.6167696118354797,
                    "q2": 3.5734227895736694,
                    "q3": 3.8492480516433716,
                    "q4": 12.842500686645508
                }
            },
            "full_data": [
                0.6657403707504272,
                3.691279172897339,
                0.48025044798851013,
                3.8729774951934814,
                3.3919217586517334,
                10.15735149383545,
                3.778059720993042,
                2.3583855628967285,
                12.842500686645508,
                3.45556640625
            ]
        },
        "translation_angle_error_deg": {
            "summary": {
                "min": 0.05535515025258064,
                "max": 11.525480270385742,
                "median": 0.8404794335365295,
                "mean": 3.401742458343506,
                "stddev": 4.271172523498535,
                "len": 5,
                "invalid": 0,
                "quartiles": {
                    "q0": 0.05535515025258064,
                    "q1": 0.7116785645484924,
                    "q2": 0.8404794335365295,
                    "q3": 3.8757190704345703,
                    "q4": 11.525480270385742
                }
            }
        },
        "relative_rotation_angle_error_deg": {
            "summary": {
                "min": 0.24932178854942322,
                "max": 1.44427490234375,
                "median": 0.9429736733436584,
                "mean": 0.9418493509292603,
                "stddev": 0.3780035972595215,
                "len": 10,
                "invalid": 0,
                "quartiles": {
                    "q0": 0.24932178854942322,
                    "q1": 0.7008868604898453,
                    "q2": 0.9429736733436584,
                    "q3": 1.257658213376999,
                    "q4": 1.44427490234375
                }
            },
            "full_data": [
                0.4944101572036743,
                0.8732577562332153,
                0.6704413294792175,
                0.7922234535217285,
                1.2080901861190796,
                0.24932178854942322,
                1.2741808891296387,
                1.44427490234375,
                1.0126895904541016,
                1.3996024131774902
            ]
        },
        "pose_auc_@1.0_deg": 0.0999,
        "pose_auc_@2.5_deg": 0.1994,
        "pose_auc_@3.0_deg": 0.2162,
        "pose_auc_@5.0_deg": 0.401,
        "pose_auc_@10.0_deg": 0.6005,
        "pose_auc_@20.0_deg": 0.8077,
        "pose_auc_constructed_only_@1.0_deg": 0.0999,
        "pose_auc_constructed_only_@2.5_deg": 0.1994,
        "pose_auc_constructed_only_@3.0_deg": 0.2162,
        "pose_auc_constructed_only_@5.0_deg": 0.401,
        "pose_auc_constructed_only_@10.0_deg": 0.6005,
        "pose_auc_constructed_only_@20.0_deg": 0.8077,
        "focal_length_error_px": {
            "summary": {
                "min": 81.76976776123047,
                "max": 455.21990966796875,
                "median": 188.8739471435547,
                "mean": 261.10943603515625,
                "stddev": 145.70187377929688,
                "len": 5,
                "invalid": 0,
                "quartiles": {
                    "q0": 81.76976776123047,
                    "q1": 168.52713012695312,
                    "q2": 188.8739471435547,
                    "q3": 411.1565246582031,
                    "q4": 455.21990966796875
                }
            },
            "full_data": [
                455.21990966796875,
                188.8739471435547,
                81.76976776123047,
                168.52713012695312,
                411.1565246582031
            ]
        },
        "focal_length_error_pct": {
            "summary": {
                "min": 6.687092304229736,
                "max": 37.19116973876953,
                "median": 15.430877685546875,
                "mean": 21.165712356567383,
                "stddev": 11.891424179077148,
                "len": 5,
                "invalid": 0,
                "quartiles": {
                    "q0": 6.687092304229736,
                    "q1": 13.286591529846191,
                    "q2": 15.430877685546875,
                    "q3": 33.232826232910156,
                    "q4": 37.19116973876953
                }
            },
            "full_data": [
                37.19116973876953,
                15.430877685546875,
                6.687092304229736,
                13.286591529846191,
                33.232826232910156
            ]
        },
        "k1_error": {
            "summary": {
                "min": 0.0,
                "max": 0.0,
                "median": 0.0,
                "mean": 0.0,
                "stddev": 0.0,
                "len": 5,
                "invalid": 0,
                "quartiles": {
                    "q0": 0.0,
                    "q1": 0.0,
                    "q2": 0.0,
                    "q3": 0.0,
                    "q4": 0.0
                }
            },
            "full_data": [
                0.0,
                0.0,
                0.0,
                0.0,
                0.0
            ]
        },
        "k2_error": {
            "summary": {
                "min": 0.0,
                "max": 0.0,
                "median": 0.0,
                "mean": 0.0,
                "stddev": 0.0,
                "len": 5,
                "invalid": 0,
                "quartiles": {
                    "q0": 0.0,
                    "q1": 0.0,
                    "q2": 0.0,
                    "q3": 0.0,
                    "q4": 0.0
                }
            },
            "full_data": [
                0.0,
                0.0,
                0.0,
                0.0,
                0.0
            ]
        }
    }
}