{
    "cluster_vggt_metrics": {
        "num_cameras": 16.0,
        "num_points3d": 867.0,
        "rotation_angle_error_deg": {
            "summary": {
                "min": 0.1013508066534996,
                "max": 2.424905300140381,
                "median": 1.0450890064239502,
                "mean": 1.1049213409423828,
                "stddev": 0.7398062348365784,
                "len": 16,
                "invalid": 0,
                "quartiles": {
                    "q0": 0.1013508066534996,
                    "q1": 0.40307997167110443,
                    "q2": 1.0450890362262726,
                    "q3": 1.6131958067417145,
                    "q4": 2.424905300140381
                }
            }
        },
        "translation_error_distance": {
            "summary": {
                "min": 0.0016145941335707903,
                "max": 0.06316117942333221,
                "median": 0.012387368828058243,
                "mean": 0.02024630829691887,
                "stddev": 0.017650973051786423,
                "len": 16,
                "invalid": 0,
                "quartiles": {
                    "q0": 0.0016145941335707903,
                    "q1": 0.010199404088780284,
                    "q2": 0.012387368828058243,
                    "q3": 0.022912709042429924,
                    "q4": 0.06316117942333221
                }
            }
        },
        "relative_translation_angle_error_deg": {
            "summary": {
                "min": 0.12530198693275452,
                "max": 15.516993522644043,
                "median": 0.9054402112960815,
                "mean": 1.051827073097229,
                "stddev": 1.3991267681121826,
                "len": 120,
                "invalid": 0,
                "quartiles": {
                    "q0": 0.12530198693275452,
                    "q1": 0.5862286239862442,
                    "q2": 0.9054402410984039,
                    "q3": 1.2797955572605133,
                    "q4": 15.516993522644043
                }
            },
            "full_data": [
                1.0302904844284058,
                1.0144058465957642,
                0.7149050235748291,
                0.6543717980384827,
                0.7342439293861389,
                0.7345426082611084,
                0.6472489237785339,
                1.6319178342819214,
                1.0594401359558105,
                1.7483952045440674,
                1.3025672435760498,
                1.4707224369049072,
                1.5923357009887695,
                1.859565258026123,
                1.7714074850082397,
                0.8882176280021667,
                0.427482932806015,
                0.47714704275131226,
                0.5916290283203125,
                0.5394729971885681,
                0.46975043416023254,
                1.4773738384246826,
                0.9075993299484253,
                1.6066768169403076,
                1.1521209478378296,
                1.3205249309539795,
                1.4443073272705078,
                1.7121405601501465,
                1.624579668045044,
                0.8604351282119751,
                0.8406423926353455,
                0.7837115526199341,
                0.39208167791366577,
                0.41678836941719055,
                1.3123047351837158,
                0.7520782947540283,
                1.4588652849197388,
                0.9938065409660339,
                1.159536361694336,
                1.2841306924819946,
                1.5488303899765015,
                1.462784767150879,
                0.8655521273612976,
                0.7431336045265198,
                0.3552002012729645,
                0.2964448034763336,
                1.2626097202301025,
                0.6867225766181946,
                1.4052335023880005,
                0.9159931540489197,
                1.076676845550537,
                1.2000949382781982,
                1.4636814594268799,
                1.3762853145599365,
                0.5700274109840393,
                0.6314178109169006,
                0.12530198693275452,
                1.2282220125198364,
                0.6258174777030945,
                1.3537200689315796,
                0.8388274312019348,
                0.9896464943885803,
                1.1111516952514648,
                1.3723907470703125,
                1.2806707620620728,
                1.8724982738494873,
                0.23493677377700806,
                1.2005833387374878,
                0.6005104184150696,
                1.3153895139694214,
                0.7761855721473694,
                0.9060330986976624,
                1.0208245515823364,
                1.2795038223266602,
                1.1869913339614868,
                1.1327694654464722,
                0.9090837240219116,
                0.3683413863182068,
                1.1137373447418213,
                0.5426361560821533,
                0.6858454942703247,
                0.806733250617981,
                1.0718483924865723,
                0.9949968457221985,
                1.0256023406982422,
                0.4093601107597351,
                1.1311163902282715,
                0.5209987163543701,
                0.6007336974143982,
                0.7041469812393188,
                0.9579818248748779,
                0.8686869144439697,
                1.431015133857727,
                2.082908868789673,
                0.5213744640350342,
                0.5037230849266052,
                0.360573947429657,
                0.13921476900577545,
                0.3179734945297241,
                15.516993522644043,
                1.0122698545455933,
                0.879597008228302,
                0.6894145011901855,
                0.2437189668416977,
                0.2728663682937622,
                1.210863471031189,
                1.0748076438903809,
                0.890790581703186,
                0.447521448135376,
                0.39047837257385254,
                0.9048473834991455,
                0.6018567085266113,
                0.17779865860939026,
                0.39481452107429504,
                0.5250800848007202,
                0.2819092273712158,
                0.4341021478176117,
                0.3741503655910492,
                0.6106236577033997,
                2.043678045272827
            ]
        },
        "translation_angle_error_deg": {
            "summary": {
                "min": 0.014855626039206982,
                "max": 0.6844871640205383,
                "median": 0.14511647820472717,
                "mean": 0.2211916148662567,
                "stddev": 0.19860902428627014,
                "len": 16,
                "invalid": 0,
                "quartiles": {
                    "q0": 0.014855626039206982,
                    "q1": 0.11033724993467331,
                    "q2": 0.14511647820472717,
                    "q3": 0.23011774942278862,
                    "q4": 0.6844871640205383
                }
            }
        },
        "relative_rotation_angle_error_deg": {
            "summary": {
                "min": 0.0767071396112442,
                "max": 3.65232253074646,
                "median": 1.4062366485595703,
                "mean": 1.4386109113693237,
                "stddev": 0.9590470194816589,
                "len": 120,
                "invalid": 0,
                "quartiles": {
                    "q0": 0.0767071396112442,
                    "q1": 0.5440764725208282,
                    "q2": 1.4062365889549255,
                    "q3": 2.1997880339622498,
                    "q4": 3.65232253074646
                }
            },