{
    "merging_metrics": {
        "merge_success": 1.0,
        "merge_child_count": 1.0,
        "child_camera_counts": {
            "summary": {
                "min": 40,
                "max": 40,
                "median": 40.0,
                "mean": 40.0,
                "stddev": 0.0,
                "len": 1,
                "invalid": 0,
                "quartiles": {
                    "q0": 40.0,
                    "q1": 40.0,
                    "q2": 40.0,
                    "q3": 40.0,
                    "q4": 40.0
                }
            },
            "full_data": [
                40
            ]
        },
        "child_camera_overlap_with_parent": {
            "summary": {
                "min": 15,
                "max": 15,
                "median": 15.0,
                "mean": 15.0,
                "stddev": 0.0,
                "len": 1,
                "invalid": 0,
                "quartiles": {
                    "q0": 15.0,
                    "q1": 15.0,
                    "q2": 15.0,
                    "q3": 15.0,
                    "q4": 15.0
                }
            },
            "full_data": [
                15
            ]
        },
        "number_images_merged": 41.0,
        "number_cameras_merged": 41.0,
        "number_tracks_merged": 1316.0,
        "3d_track_lengths_merged": {
            "summary": {
                "min": 3,
                "max": 32,
                "median": 12.0,
                "mean": 13.419452887537993,
                "stddev": 6.449503527350006,
                "len": 1316,
                "invalid": 0,
                "histogram": {
                    "3": 47,
                    "4": 38,
                    "5": 50,
                    "6": 46,
                    "7": 101,
                    "8": 85,
                    "9": 95,
                    "10": 89,
                    "11": 121,
                    "12": 97,
                    "13": 55,
                    "14": 73,
                    "15": 62,
                    "16": 19,
                    "17": 41,
                    "18": 45,
                    "19": 36,
                    "20": 34,
                    "21": 21,
                    "22": 19,
                    "23": 16,
                    "24": 16,
                    "25": 20,
                    "26": 13,
                    "27": 12,
                    "28": 12,
                    "29": 9,
                    "30": 11,
                    "31": 10
                }
            }
        },
        "reprojection_errors_merged_px": {
            "summary": {
                "min": 0.0021843853266307724,
                "max": 2.9994153128894556,
                "median": 0.5734016907595727,
                "mean": 0.7633363375253494,
                "stddev": 0.622389146315817,
                "len": 17660,
                "invalid": 0,
                "quartiles": {
                    "q0": 0.0021843853266307724,
                    "q1": 0.31233780899511254,
                    "q2": 0.5734016907595727,
                    "q3": 1.0122736913425814,
                    "q4": 2.9994153128894556
                }
            }
        },
        "rotation_angle_error_deg": {
            "summary": {
                "min": 0.07628992944955826,
                "max": 1.9588056802749634,
                "median": 0.715147078037262,
                "mean": 0.9128507971763611,
                "stddev": 0.6142503619194031,
                "len": 41,
                "invalid": 0,
                "quartiles": {
                    "q0": 0.07628992944955826,
                    "q1": 0.31771722435951233,
                    "q2": 0.715147078037262,
                    "q3": 1.517738938331604,
                    "q4": 1.9588056802749634
                }
            }
        },
        "translation_error_distance": {
            "summary": {
                "min": 0.00013445111108012497,
                "max": 0.08991965651512146,
                "median": 0.02732365019619465,
                "mean": 0.033901993185281754,
                "stddev": 0.030588369816541672,
                "len": 41,
                "invalid": 0,
                "quartiles": {
                    "q0": 0.00013445111108012497,
                    "q1": 0.006984321400523186,
                    "q2": 0.02732365019619465,
                    "q3": 0.06232587620615959,
                    "q4": 0.08991965651512146
                }
            }
        },
        "relative_translation_angle_error_deg": {
            "summary": {
                "min": 0.0012917900457978249,
                "max": 13.456258773803711,
                "median": 0.7376058101654053,
                "mean": 0.7773680686950684,
                "stddev": 0.5968852043151855,
                "len": 820,
                "invalid": 0,
                "quartiles": {
                    "q0": 0.0012917900457978249,
                    "q1": 0.47814471274614334,
                    "q2": 0.7376057803630829,
                    "q3": 0.9759436249732971,
                    "q4": 13.456258773803711
                }
            }
        },
        "translation_angle_error_deg": {
            "summary": {
                "min": 0.0013610137393698096,
                "max": 1.1197104454040527,
                "median": 0.33556121587753296,
                "mean": 0.3846273124217987,
                "stddev": 0.31960177421569824,
                "len": 41,
                "invalid": 0,
                "quartiles": {
                    "q0": 0.0013610137393698096,
                    "q1": 0.09246743470430374,
                    "q2": 0.33556121587753296,
                    "q3": 0.7323667407035828,
                    "q4": 1.1197104454040527
                }
            }
        },
        "relative_rotation_angle_error_deg": {
            "summary": {
                "min": 0.04546269029378891,
                "max": 3.8321821689605713,
                "median": 1.2655342817306519,
                "mean": 1.2788206338882446,
                "stddev": 0.8355208039283752,
                "len": 820,
                "invalid": 0,
                "quartiles": {
                    "q0": 0.04546269029378891,
                    "q1": 0.5240799337625504,
                    "q2": 1.2655342817306519,
                    "q3": 1.828700691461563,
                    "q4": 3.8321821689605713
                }
            }
        },
        "pose_auc_@1.0_deg": 0.1469,
        "pose_auc_@2.5_deg": 0.464,
        "pose_auc_@5.0_deg": 0.7226,
        "pose_auc_@10.0_deg": 0.8607,
        "pose_auc_@20.0_deg": 0.9304,
        "focal_length_error_px": {
            "summary": {
                "min": 422.5567626953125,
                "max": 422.5567626953125,
                "median": 422.5567626953125,
                "mean": 422.5567321777344,
                "stddev": 3.0517578125e-05,
                "len": 41,
                "invalid": 0,
                "quartiles": {
                    "q0": 422.5567626953125,
                    "q1": 422.5567626953125,
                    "q2": 422.5567626953125,
                    "q3": 422.5567626953125,
                    "q4": 422.5567626953125
                }
            },