{
    "merging_metrics_pre_ba": {
        "merge_success": 1.0,
        "merge_child_count": 1.0,
        "child_camera_counts": {
            "summary": {
                "min": 40,
                "max": 40,
                "median": 40.0,
                "mean": 40.0,
                "stddev": 0.0,
                "len": 1,
                "invalid": 0,
                "quartiles": {
                    "q0": 40.0,
                    "q1": 40.0,
                    "q2": 40.0,
                    "q3": 40.0,
                    "q4": 40.0
                }
            },
            "full_data": [
                40
            ]
        },
        "child_camera_overlap_with_parent": {
            "summary": {
                "min": 15,
                "max": 15,
                "median": 15.0,
                "mean": 15.0,
                "stddev": 0.0,
                "len": 1,
                "invalid": 0,
                "quartiles": {
                    "q0": 15.0,
                    "q1": 15.0,
                    "q2": 15.0,
                    "q3": 15.0,
                    "q4": 15.0
                }
            },
            "full_data": [
                15
            ]
        },
        "number_images_merged": 41.0,
        "number_cameras_merged": 41.0,
        "number_tracks_merged": 1323.0,
        "3d_track_lengths_merged": {
            "summary": {
                "min": 3,
                "max": 33,
                "median": 12.0,
                "mean": 13.854875283446711,
                "stddev": 6.669734897938928,
                "len": 1323,
                "invalid": 0,
                "histogram": {
                    "3": 43,
                    "4": 41,
                    "5": 44,
                    "6": 44,
                    "7": 78,
                    "8": 73,
                    "9": 104,
                    "10": 93,
                    "11": 122,
                    "12": 103,
                    "13": 65,
                    "14": 72,
                    "15": 56,
                    "16": 32,
                    "17": 38,
                    "18": 40,
                    "19": 35,
                    "20": 36,
                    "21": 23,
                    "22": 20,
                    "23": 12,
                    "24": 19,
                    "25": 19,
                    "26": 20,
                    "27": 12,
                    "28": 18,
                    "29": 11,
                    "30": 11,
                    "31": 15,
                    "32": 2
                }
            }
        },
        "reprojection_errors_merged_px": {
            "summary": {
                "min": 0.007350162288719668,
                "max": 13.938418385457073,
                "median": 1.3704367378627789,
                "mean": 1.7202663039909551,
                "stddev": 1.5170549542730687,
                "len": 18330,
                "invalid": 0,
                "quartiles": {
                    "q0": 0.007350162288719668,
                    "q1": 0.7246897112492654,
                    "q2": 1.3704367378627789,
                    "q3": 2.2203825171072316,
                    "q4": 13.938418385457073
                }
            }
        },
        "rotation_angle_error_deg": {
            "summary": {
                "min": 0.17573164403438568,
                "max": 2.2302262783050537,
                "median": 0.7197688221931458,
                "mean": 0.9242376685142517,
                "stddev": 0.6479995846748352,
                "len": 41,
                "invalid": 0,
                "quartiles": {
                    "q0": 0.17573164403438568,
                    "q1": 0.2733011245727539,
                    "q2": 0.7197688221931458,
                    "q3": 1.5089915990829468,
                    "q4": 2.2302262783050537
                }
            }
        },
        "translation_error_distance": {
            "summary": {
                "min": 0.002000301145017147,
                "max": 0.0962681844830513,
                "median": 0.02699519880115986,
                "mean": 0.036913130432367325,
                "stddev": 0.030922526493668556,
                "len": 41,
                "invalid": 0,
                "quartiles": {
                    "q0": 0.002000301145017147,
                    "q1": 0.009877963922917843,
                    "q2": 0.02699519880115986,
                    "q3": 0.06247907131910324,
                    "q4": 0.0962681844830513
                }
            }
        },
        "relative_translation_angle_error_deg": {
            "summary": {
                "min": 0.019784415140748024,
                "max": 12.812732696533203,
                "median": 0.8032246828079224,
                "mean": 0.8719803690910339,
                "stddev": 0.6705152988433838,
                "len": 820,
                "invalid": 0,
                "quartiles": {
                    "q0": 0.019784415140748024,
                    "q1": 0.5314360857009888,
                    "q2": 0.8032247126102448,
                    "q3": 1.0758273303508759,
                    "q4": 12.812732696533203
                }
            }
        },
        "translation_angle_error_deg": {
            "summary": {
                "min": 0.023703305050730705,
                "max": 0.9703434705734253,
                "median": 0.2992701530456543,
                "mean": 0.3623020350933075,
                "stddev": 0.26386043429374695,
                "len": 41,
                "invalid": 0,
                "quartiles": {
                    "q0": 0.023703305050730705,
                    "q1": 0.11935067176818848,
                    "q2": 0.2992701530456543,
                    "q3": 0.6438899636268616,
                    "q4": 0.9703434705734253
                }
            }
        },
        "relative_rotation_angle_error_deg": {
            "summary": {
                "min": 0.05617839843034744,
                "max": 4.0974345207214355,
                "median": 1.3008801937103271,
                "mean": 1.3249201774597168,
                "stddev": 0.8558946251869202,
                "len": 820,
                "invalid": 0,
                "quartiles": {
                    "q0": 0.05617839843034744,
                    "q1": 0.5498259961605072,
                    "q2": 1.3008801937103271,
                    "q3": 1.8456393778324127,
                    "q4": 4.0974345207214355
                }
            }
        },
        "pose_auc_@1.0_deg": 0.1144,
        "pose_auc_@2.5_deg": 0.4301,
        "pose_auc_@5.0_deg": 0.7012,
        "pose_auc_@10.0_deg": 0.85,
        "pose_auc_@20.0_deg": 0.9251,
        "focal_length_error_px": {
            "summary": {
                "min": 421.5789794921875,
                "max": 421.8537292480469,
                "median": 421.5789794921875,
                "mean": 421.6861572265625,
                "stddev": 0.13402427732944489,
                "len": 41,
                "invalid": 0,
                "quartiles": {
                    "q0": 421.5789794921875,
                    "q1": 421.5789794921875,
                    "q2": 421.5789794921875,
                    "q3": 421.8537292480469,
                    "q4": 421.8537292480469
                }
            },