{
    "merging_metrics": {
        "merge_success": 1.0,
        "merge_child_count": 0.0,
        "child_camera_counts": {
            "summary": {
                "min": null,
                "max": null,
                "median": null,
                "mean": null,
                "stddev": null
            },
            "full_data": []
        },
        "child_camera_overlap_with_parent": {
            "summary": {
                "min": null,
                "max": null,
                "median": null,
                "mean": null,
                "stddev": null
            },
            "full_data": []
        },
        "number_images_merged": 236.0,
        "number_cameras_merged": 35.0,
        "number_tracks_merged": 880.0,
        "3d_track_lengths_merged": {
            "summary": {
                "min": 3,
                "max": 22,
                "median": 4.0,
                "mean": 5.023863636363636,
                "stddev": 2.7453470685615513,
                "len": 880,
                "invalid": 0,
                "histogram": {
                    "3": 185,
                    "4": 116,
                    "5": 65,
                    "6": 56,
                    "7": 40,
                    "8": 21,
                    "9": 16,
                    "10": 16,
                    "11": 7,
                    "12": 6,
                    "13": 7,
                    "14": 6,
                    "15": 2,
                    "16": 1,
                    "17": 1,
                    "18": 1,
                    "19": 1,
                    "20": 0,
                    "21": 1
                }
            }
        },
        "reprojection_errors_merged_px": {
            "summary": {
                "min": 0.0011219979685132993,
                "max": 2.933888362882704,
                "median": 0.2146412183465481,
                "mean": 0.26386795194882107,
                "stddev": 0.20674946029745844,
                "len": 4421,
                "invalid": 0,
                "quartiles": {
                    "q0": 0.0011219979685132993,
                    "q1": 0.12871517275533093,
                    "q2": 0.2146412183465481,
                    "q3": 0.3429571462625254,
                    "q4": 2.933888362882704
                }
            }
        },
        "rotation_angle_error_deg": {
            "summary": {
                "min": 0.03899379074573517,
                "max": 6.998723030090332,
                "median": 0.3017473816871643,
                "mean": 0.7101098895072937,
                "stddev": 1.285302996635437,
                "len": 35,
                "invalid": 0,
                "quartiles": {
                    "q0": 0.03899379074573517,
                    "q1": 0.17494232207536697,
                    "q2": 0.3017473816871643,
                    "q3": 0.5370987206697464,
                    "q4": 6.998723030090332
                }
            }
        },
        "translation_error_distance": {
            "summary": {
                "min": 0.018917549401521683,
                "max": 7.740881443023682,
                "median": 0.1017044261097908,
                "mean": 0.37618690729141235,
                "stddev": 1.2753584384918213,
                "len": 35,
                "invalid": 0,
                "quartiles": {
                    "q0": 0.018917549401521683,
                    "q1": 0.05499754659831524,
                    "q2": 0.1017044261097908,
                    "q3": 0.17856498807668686,
                    "q4": 7.740881443023682
                }
            }
        },
        "relative_translation_angle_error_deg": {
            "summary": {
                "min": 0.05348554998636246,
                "max": 161.22618103027344,
                "median": 2.0906882286071777,
                "mean": 10.424783706665039,
                "stddev": 27.872407913208008,
                "len": 595,
                "invalid": 0,
                "quartiles": {
                    "q0": 0.05348554998636246,
                    "q1": 0.9769051373004913,
                    "q2": 2.0906882286071777,
                    "q3": 4.6426169872283936,
                    "q4": 161.22618103027344
                }
            }
        },
        "translation_angle_error_deg": {
            "summary": {
                "min": 0.2813452184200287,
                "max": 127.62158966064453,
                "median": 1.079528570175171,
                "mean": 5.65787935256958,
                "stddev": 21.048898696899414,
                "len": 35,
                "invalid": 0,
                "quartiles": {
                    "q0": 0.2813452184200287,
                    "q1": 0.6084691286087036,
                    "q2": 1.079528570175171,
                    "q3": 2.869990348815918,
                    "q4": 127.62158966064453
                }
            }
        },
        "relative_rotation_angle_error_deg": {
            "summary": {
                "min": 0.06854135543107986,
                "max": 8.1060791015625,
                "median": 0.539465606212616,
                "mean": 1.1908985376358032,
                "stddev": 1.6509075164794922,
                "len": 595,
                "invalid": 0,
                "quartiles": {
                    "q0": 0.06854135543107986,
                    "q1": 0.29976873099803925,
                    "q2": 0.539465606212616,
                    "q3": 1.1749805808067322,
                    "q4": 8.1060791015625
                }
            }
        },
        "pose_auc_@1.0_deg": 0.0961,
        "pose_auc_@2.5_deg": 0.2919,
        "pose_auc_@3.0_deg": 0.3443,
        "pose_auc_@5.0_deg": 0.4886,
        "pose_auc_@10.0_deg": 0.6615,
        "pose_auc_@20.0_deg": 0.7811,
        "pose_auc_constructed_only_@1.0_deg": 0.0961,
        "pose_auc_constructed_only_@2.5_deg": 0.2919,
        "pose_auc_constructed_only_@3.0_deg": 0.3443,
        "pose_auc_constructed_only_@5.0_deg": 0.4886,
        "pose_auc_constructed_only_@10.0_deg": 0.6615,
        "pose_auc_constructed_only_@20.0_deg": 0.7811,
        "focal_length_error_px": {
            "summary": {
                "min": 0.0,
                "max": 999.7897338867188,
                "median": 189.70846557617188,
                "mean": 256.6763000488281,
                "stddev": 209.23199462890625,
                "len": 35,
                "invalid": 0,
                "quartiles": {
                    "q0": 0.0,
                    "q1": 126.53782653808594,
                    "q2": 189.70846557617188,
                    "q3": 352.96661376953125,
                    "q4": 999.7897338867188
                }
            },
            "full_data": [
                189.70846557617188,
                536.6968383789062,
                999.7897338867188,
                144.43380737304688,
                217.3191375732422,
                357.03729248046875,
                198.9723358154297,
                348.89593505859375,
                187.55348205566406,
                175.46075439453125,
                130.2347412109375,
                214.80169677734375,
                122.84091186523438,
                32.85719680786133,
                159.33349609375,
                416.42926025390625,
                391.1857604980469,
                222.12948608398438,
                296.7162780761719,
                113.47144317626953,
                468.1554260253906,
                61.7562141418457,
                86.40330505371094,
                0.0,
                750.950927734375,
                147.78782653808594,
                82.50465393066406,
                224.8039093017578,
                196.7399139404297,
                595.6040649414062,
                63.6699104309082,
                188.6951446533203,
                81.71422576904297,
                168.40065002441406,
                410.6167297363281
            ]
        },