{
    "merging_metrics": {
        "merge_success": 1.0,
        "merge_child_count": 0.0,
        "child_camera_counts": {
            "summary": {
                "min": null,
                "max": null,
                "median": null,
                "mean": null,
                "stddev": null
            },
            "full_data": []
        },
        "child_camera_overlap_with_parent": {
            "summary": {
                "min": null,
                "max": null,
                "median": null,
                "mean": null,
                "stddev": null
            },
            "full_data": []
        },
        "number_images_merged": 236.0,
        "number_cameras_merged": 43.0,
        "number_tracks_merged": 314.0,
        "3d_track_lengths_merged": {
            "summary": {
                "min": 2,
                "max": 26,
                "median": 6.0,
                "mean": 7.092356687898089,
                "stddev": 4.674882626017605,
                "len": 314,
                "invalid": 0,
                "histogram": {
                    "2": 68,
                    "3": 54,
                    "4": 30,
                    "5": 37,
                    "6": 18,
                    "7": 20,
                    "8": 17,
                    "9": 16,
                    "10": 6,
                    "11": 8,
                    "12": 7,
                    "13": 3,
                    "14": 4,
                    "15": 5,
                    "16": 4,
                    "17": 6,
                    "18": 2,
                    "19": 0,
                    "20": 3,
                    "21": 0,
                    "22": 1,
                    "23": 2,
                    "24": 1,
                    "25": 1
                }
            }
        },
        "reprojection_errors_merged_px": {
            "summary": {
                "min": 0.012023302458243183,
                "max": 2.9682300771604493,
                "median": 0.2986958825647494,
                "mean": 0.38807858725112593,
                "stddev": 0.3198039909557251,
                "len": 2227,
                "invalid": 0,
                "quartiles": {
                    "q0": 0.012023302458243183,
                    "q1": 0.18215662869809957,
                    "q2": 0.2986958825647494,
                    "q3": 0.4927392722805599,
                    "q4": 2.9682300771604493
                }
            }
        },
        "rotation_angle_error_deg": {
            "summary": {
                "min": 0.05164950340986252,
                "max": 6.420021057128906,
                "median": 0.6727370023727417,
                "mean": 0.7887775301933289,
                "stddev": 0.9741763472557068,
                "len": 43,
                "invalid": 0,
                "quartiles": {
                    "q0": 0.05164950340986252,
                    "q1": 0.3033136576414108,
                    "q2": 0.6727370023727417,
                    "q3": 0.9109817147254944,
                    "q4": 6.420021057128906
                }
            }
        },
        "translation_error_distance": {
            "summary": {
                "min": 0.01951117254793644,
                "max": 1.391404390335083,
                "median": 0.14268635213375092,
                "mean": 0.20350810885429382,
                "stddev": 0.22083169221878052,
                "len": 43,
                "invalid": 0,
                "quartiles": {
                    "q0": 0.01951117254793644,
                    "q1": 0.08809588477015495,
                    "q2": 0.14268635213375092,
                    "q3": 0.22410161048173904,
                    "q4": 1.391404390335083
                }
            }
        },
        "relative_translation_angle_error_deg": {
            "summary": {
                "min": 0.07125639170408249,
                "max": 163.79180908203125,
                "median": 3.7505156993865967,
                "mean": 6.642932891845703,
                "stddev": 10.880349159240723,
                "len": 903,
                "invalid": 0,
                "quartiles": {
                    "q0": 0.07125639170408249,
                    "q1": 2.060836911201477,
                    "q2": 3.7505156993865967,
                    "q3": 7.033122301101685,
                    "q4": 163.79180908203125
                }
            }
        },
        "translation_angle_error_deg": {
            "summary": {
                "min": 0.1693911999464035,
                "max": 27.940183639526367,
                "median": 1.7160245180130005,
                "mean": 2.5716965198516846,
                "stddev": 4.424315929412842,
                "len": 43,
                "invalid": 0,
                "quartiles": {
                    "q0": 0.1693911999464035,
                    "q1": 0.7317259013652802,
                    "q2": 1.7160245180130005,
                    "q3": 2.4104812145233154,
                    "q4": 27.940183639526367
                }
            }
        },
        "relative_rotation_angle_error_deg": {
            "summary": {
                "min": 0.035782042890787125,
                "max": 7.343031883239746,
                "median": 0.8968073725700378,
                "mean": 1.208752155303955,
                "stddev": 1.2618001699447632,
                "len": 903,
                "invalid": 0,
                "quartiles": {
                    "q0": 0.035782042890787125,
                    "q1": 0.5870367288589478,
                    "q2": 0.8968073725700378,
                    "q3": 1.3551286458969116,
                    "q4": 7.343031883239746
                }
            }
        },
        "pose_auc_@1.0_deg": 0.0304,
        "pose_auc_@2.5_deg": 0.135,
        "pose_auc_@3.0_deg": 0.1752,
        "pose_auc_@5.0_deg": 0.3141,
        "pose_auc_@10.0_deg": 0.5371,
        "pose_auc_@20.0_deg": 0.7233,
        "pose_auc_constructed_only_@1.0_deg": 0.0304,
        "pose_auc_constructed_only_@2.5_deg": 0.135,
        "pose_auc_constructed_only_@3.0_deg": 0.1752,
        "pose_auc_constructed_only_@5.0_deg": 0.3141,
        "pose_auc_constructed_only_@10.0_deg": 0.5371,
        "pose_auc_constructed_only_@20.0_deg": 0.7233,
        "focal_length_error_px": {
            "summary": {
                "min": 0.0,
                "max": 1121.8590087890625,
                "median": 265.8808898925781,
                "mean": 339.5312805175781,
                "stddev": 241.24526977539062,
                "len": 43,
                "invalid": 0,
                "quartiles": {
                    "q0": 0.0,
                    "q1": 165.99739837646484,
                    "q2": 265.8808898925781,
                    "q3": 475.06422424316406,
                    "q4": 1121.8590087890625
                }
            },