{
    "merging_metrics": {
        "merge_success": 1.0,
        "merge_child_count": 0.0,
        "child_camera_counts": {
            "summary": {
                "min": null,
                "max": null,
                "median": null,
                "mean": null,
                "stddev": null
            },
            "full_data": []
        },
        "child_camera_overlap_with_parent": {
            "summary": {
                "min": null,
                "max": null,
                "median": null,
                "mean": null,
                "stddev": null
            },
            "full_data": []
        },
        "number_images_merged": 236.0,
        "number_cameras_merged": 70.0,
        "number_tracks_merged": 521.0,
        "3d_track_lengths_merged": {
            "summary": {
                "min": 2,
                "max": 30,
                "median": 5.0,
                "mean": 7.230326295585413,
                "stddev": 4.8990501732341105,
                "len": 521,
                "invalid": 0,
                "histogram": {
                    "2": 110,
                    "3": 88,
                    "4": 60,
                    "5": 41,
                    "6": 35,
                    "7": 36,
                    "8": 23,
                    "9": 21,
                    "10": 22,
                    "11": 13,
                    "12": 12,
                    "13": 12,
                    "14": 4,
                    "15": 6,
                    "16": 9,
                    "17": 4,
                    "18": 4,
                    "19": 3,
                    "20": 3,
                    "21": 3,
                    "22": 0,
                    "23": 1,
                    "24": 2,
                    "25": 2,
                    "26": 0,
                    "27": 1,
                    "28": 1,
                    "29": 1
                }
            }
        },
        "reprojection_errors_merged_px": {
            "summary": {
                "min": 0.0031133818574362337,
                "max": 2.8853670198979455,
                "median": 0.3190975495038788,
                "mean": 0.3772766820472169,
                "stddev": 0.2771645169049025,
                "len": 3767,
                "invalid": 0,
                "quartiles": {
                    "q0": 0.0031133818574362337,
                    "q1": 0.18379433202631984,
                    "q2": 0.3190975495038788,
                    "q3": 0.4888203788862712,
                    "q4": 2.8853670198979455
                }
            }
        },
        "rotation_angle_error_deg": {
            "summary": {
                "min": 0.031470589339733124,
                "max": 3.774636745452881,
                "median": 0.4088294804096222,
                "mean": 0.4994385838508606,
                "stddev": 0.48813575506210327,
                "len": 70,
                "invalid": 0,
                "quartiles": {
                    "q0": 0.031470589339733124,
                    "q1": 0.24890746921300888,
                    "q2": 0.4088294804096222,
                    "q3": 0.6354046761989594,
                    "q4": 3.774636745452881
                }
            }
        },
        "translation_error_distance": {
            "summary": {
                "min": 0.011707124300301075,
                "max": 3.2974917888641357,
                "median": 0.17881818115711212,
                "mean": 0.32714322209358215,
                "stddev": 0.44874101877212524,
                "len": 70,
                "invalid": 0,
                "quartiles": {
                    "q0": 0.011707124300301075,
                    "q1": 0.08188064768910408,
                    "q2": 0.17881818115711212,
                    "q3": 0.3941452279686928,
                    "q4": 3.2974917888641357
                }
            }
        },
        "relative_translation_angle_error_deg": {
            "summary": {
                "min": 0.04374104365706444,
                "max": 173.38963317871094,
                "median": 3.0391740798950195,
                "mean": 7.33495569229126,
                "stddev": 16.44222068786621,
                "len": 2415,
                "invalid": 0,
                "quartiles": {
                    "q0": 0.04374104365706444,
                    "q1": 1.537165880203247,
                    "q2": 3.0391740798950195,
                    "q3": 6.273815393447876,
                    "q4": 173.38963317871094
                }
            }
        },
        "translation_angle_error_deg": {
            "summary": {
                "min": 0.11728396266698837,
                "max": 8.479840278625488,
                "median": 1.076469898223877,
                "mean": 1.5265194177627563,
                "stddev": 1.4328522682189941,
                "len": 70,
                "invalid": 0,
                "quartiles": {
                    "q0": 0.11728396266698837,
                    "q1": 0.5588752925395966,
                    "q2": 1.076469898223877,
                    "q3": 1.9812075197696686,
                    "q4": 8.479840278625488
                }
            }
        },
        "relative_rotation_angle_error_deg": {
            "summary": {
                "min": 0.00934682972729206,
                "max": 4.83525276184082,
                "median": 0.5795078277587891,
                "mean": 0.7183048725128174,
                "stddev": 0.6409658193588257,
                "len": 2415,
                "invalid": 0,
                "quartiles": {
                    "q0": 0.00934682972729206,
                    "q1": 0.3562941402196884,
                    "q2": 0.5795078277587891,
                    "q3": 0.8659824430942535,
                    "q4": 4.83525276184082
                }
            }
        },
        "pose_auc_@1.0_deg": 0.0498,
        "pose_auc_@2.5_deg": 0.1911,
        "pose_auc_@3.0_deg": 0.2358,
        "pose_auc_@5.0_deg": 0.3799,
        "pose_auc_@10.0_deg": 0.5851,
        "pose_auc_@20.0_deg": 0.7486,
        "pose_auc_constructed_only_@1.0_deg": 0.0498,
        "pose_auc_constructed_only_@2.5_deg": 0.1911,
        "pose_auc_constructed_only_@3.0_deg": 0.2358,
        "pose_auc_constructed_only_@5.0_deg": 0.3799,
        "pose_auc_constructed_only_@10.0_deg": 0.5851,
        "pose_auc_constructed_only_@20.0_deg": 0.7486,
        "focal_length_error_px": {
            "summary": {
                "min": 0.0,
                "max": 1036.4970703125,
                "median": 208.53262329101562,
                "mean": 279.01141357421875,
                "stddev": 196.056640625,
                "len": 70,
                "invalid": 0,
                "quartiles": {
                    "q0": 0.0,
                    "q1": 144.04121017456055,
                    "q2": 208.53262329101562,
                    "q3": 431.37830352783203,
                    "q4": 1036.4970703125
                }
            },