{
    "merging_metrics": {
        "merge_success": 1.0,
        "merge_child_count": 0.0,
        "child_camera_counts": {
            "summary": {
                "min": null,
                "max": null,
                "median": null,
                "mean": null,
                "stddev": null
            },
            "full_data": []
        },
        "child_camera_overlap_with_parent": {
            "summary": {
                "min": null,
                "max": null,
                "median": null,
                "mean": null,
                "stddev": null
            },
            "full_data": []
        },
        "number_images_merged": 236.0,
        "number_cameras_merged": 41.0,
        "number_tracks_merged": 464.0,
        "3d_track_lengths_merged": {
            "summary": {
                "min": 3,
                "max": 27,
                "median": 5.0,
                "mean": 6.4094827586206895,
                "stddev": 4.160103580612732,
                "len": 464,
                "invalid": 0,
                "histogram": {
                    "3": 68,
                    "4": 55,
                    "5": 41,
                    "6": 33,
                    "7": 24,
                    "8": 28,
                    "9": 14,
                    "10": 16,
                    "11": 9,
                    "12": 8,
                    "13": 7,
                    "14": 1,
                    "15": 6,
                    "16": 4,
                    "17": 3,
                    "18": 4,
                    "19": 0,
                    "20": 1,
                    "21": 2,
                    "22": 1,
                    "23": 2,
                    "24": 0,
                    "25": 0,
                    "26": 1
                }
            }
        },
        "reprojection_errors_merged_px": {
            "summary": {
                "min": 0.00013225328667077686,
                "max": 2.942926579036947,
                "median": 0.29186900428799945,
                "mean": 0.37036439291146883,
                "stddev": 0.31059814892113374,
                "len": 2974,
                "invalid": 0,
                "quartiles": {
                    "q0": 0.00013225328667077686,
                    "q1": 0.17477542729980378,
                    "q2": 0.29186900428799945,
                    "q3": 0.4715941014341434,
                    "q4": 2.942926579036947
                }
            }
        },
        "rotation_angle_error_deg": {
            "summary": {
                "min": 0.05218649283051491,
                "max": 3.6380653381347656,
                "median": 0.5573180913925171,
                "mean": 0.8144824504852295,
                "stddev": 0.8009738326072693,
                "len": 41,
                "invalid": 0,
                "quartiles": {
                    "q0": 0.05218649283051491,
                    "q1": 0.2819986045360565,
                    "q2": 0.5573180913925171,
                    "q3": 0.9790392518043518,
                    "q4": 3.6380653381347656
                }
            }
        },
        "translation_error_distance": {
            "summary": {
                "min": 0.010826284065842628,
                "max": 0.8049656748771667,
                "median": 0.15547886490821838,
                "mean": 0.21422851085662842,
                "stddev": 0.18372192978858948,
                "len": 41,
                "invalid": 0,
                "quartiles": {
                    "q0": 0.010826284065842628,
                    "q1": 0.07187838852405548,
                    "q2": 0.15547886490821838,
                    "q3": 0.27941760420799255,
                    "q4": 0.8049656748771667
                }
            }
        },
        "relative_translation_angle_error_deg": {
            "summary": {
                "min": 0.023688163608312607,
                "max": 134.07923889160156,
                "median": 4.028768539428711,
                "mean": 7.350545406341553,
                "stddev": 11.061701774597168,
                "len": 820,
                "invalid": 0,
                "quartiles": {
                    "q0": 0.023688163608312607,
                    "q1": 1.9571931958198547,
                    "q2": 4.028768301010132,
                    "q3": 8.150456666946411,
                    "q4": 134.07923889160156
                }
            }
        },
        "translation_angle_error_deg": {
            "summary": {
                "min": 0.10758915543556213,
                "max": 28.15011978149414,
                "median": 1.1570338010787964,
                "mean": 2.673672676086426,
                "stddev": 4.535794734954834,
                "len": 41,
                "invalid": 0,
                "quartiles": {
                    "q0": 0.10758915543556213,
                    "q1": 0.581535279750824,
                    "q2": 1.1570338010787964,
                    "q3": 2.7908947467803955,
                    "q4": 28.15011978149414
                }
            }
        },
        "relative_rotation_angle_error_deg": {
            "summary": {
                "min": 0.0362955778837204,
                "max": 5.6143975257873535,
                "median": 0.9221687316894531,
                "mean": 1.2646478414535522,
                "stddev": 1.0106440782546997,
                "len": 820,
                "invalid": 0,
                "quartiles": {
                    "q0": 0.0362955778837204,
                    "q1": 0.5597160160541534,
                    "q2": 0.9221687018871307,
                    "q3": 1.6130956709384918,
                    "q4": 5.6143975257873535
                }
            }
        },
        "pose_auc_@1.0_deg": 0.0307,
        "pose_auc_@2.5_deg": 0.1428,
        "pose_auc_@3.0_deg": 0.1799,
        "pose_auc_@5.0_deg": 0.3055,
        "pose_auc_@10.0_deg": 0.511,
        "pose_auc_@20.0_deg": 0.6943,
        "pose_auc_constructed_only_@1.0_deg": 0.0307,
        "pose_auc_constructed_only_@2.5_deg": 0.1428,
        "pose_auc_constructed_only_@3.0_deg": 0.1799,
        "pose_auc_constructed_only_@5.0_deg": 0.3055,
        "pose_auc_constructed_only_@10.0_deg": 0.511,
        "pose_auc_constructed_only_@20.0_deg": 0.6943,
        "focal_length_error_px": {
            "summary": {
                "min": 0.0,
                "max": 1121.942626953125,
                "median": 265.6016540527344,
                "mean": 345.1100158691406,
                "stddev": 245.37840270996094,
                "len": 41,
                "invalid": 0,
                "quartiles": {
                    "q0": 0.0,
                    "q1": 167.41673278808594,
                    "q2": 265.6016540527344,
                    "q3": 477.3238525390625,
                    "q4": 1121.942626953125
                }
            },