{
    "merging_metrics": {
        "merge_success": 1.0,
        "merge_child_count": 0.0,
        "child_camera_counts": {
            "summary": {
                "min": null,
                "max": null,
                "median": null,
                "mean": null,
                "stddev": null
            },
            "full_data": []
        },
        "child_camera_overlap_with_parent": {
            "summary": {
                "min": null,
                "max": null,
                "median": null,
                "mean": null,
                "stddev": null
            },
            "full_data": []
        },
        "number_images_merged": 35.0,
        "number_cameras_merged": 35.0,
        "number_tracks_merged": 1017.0,
        "3d_track_lengths_merged": {
            "summary": {
                "min": 3,
                "max": 25,
                "median": 18.0,
                "mean": 15.581120943952802,
                "stddev": 7.507685837155394,
                "len": 1017,
                "invalid": 0,
                "histogram": {
                    "3": 24,
                    "4": 50,
                    "5": 81,
                    "6": 126,
                    "7": 25,
                    "8": 21,
                    "9": 22,
                    "10": 38,
                    "11": 24,
                    "12": 18,
                    "13": 18,
                    "14": 14,
                    "15": 13,
                    "16": 16,
                    "17": 23,
                    "18": 28,
                    "19": 51,
                    "20": 63,
                    "21": 95,
                    "22": 107,
                    "23": 23,
                    "24": 129
                }
            }
        },
        "reprojection_errors_merged_px": {
            "summary": {
                "min": 0.0036487464788464287,
                "max": 2.995574890703689,
                "median": 0.4217562057612583,
                "mean": 0.5476203746126542,
                "stddev": 0.455157093414654,
                "len": 15846,
                "invalid": 0,
                "quartiles": {
                    "q0": 0.0036487464788464287,
                    "q1": 0.24853478991131106,
                    "q2": 0.4217562057612583,
                    "q3": 0.6877122518519554,
                    "q4": 2.995574890703689
                }
            }
        },
        "rotation_angle_error_deg": {
            "summary": {
                "min": 0.11349228024482727,
                "max": 4.317819595336914,
                "median": 1.2109798192977905,
                "mean": 1.2528822422027588,
                "stddev": 0.9239822626113892,
                "len": 35,
                "invalid": 0,
                "quartiles": {
                    "q0": 0.11349228024482727,
                    "q1": 0.4005862772464752,
                    "q2": 1.2109798192977905,
                    "q3": 1.7769879698753357,
                    "q4": 4.317819595336914
                }
            }
        },
        "translation_error_distance": {
            "summary": {
                "min": 0.003860191209241748,
                "max": 0.12108911573886871,
                "median": 0.0317629911005497,
                "mean": 0.039270322769880295,
                "stddev": 0.030744945630431175,
                "len": 35,
                "invalid": 0,
                "quartiles": {
                    "q0": 0.003860191209241748,
                    "q1": 0.011707070283591747,
                    "q2": 0.0317629911005497,
                    "q3": 0.06398944929242134,
                    "q4": 0.12108911573886871
                }
            }
        },
        "relative_translation_angle_error_deg": {
            "summary": {
                "min": 0.01267540454864502,
                "max": 41.86899948120117,
                "median": 1.069748044013977,
                "mean": 1.4623651504516602,
                "stddev": 2.150317668914795,
                "len": 595,
                "invalid": 0,
                "quartiles": {
                    "q0": 0.01267540454864502,
                    "q1": 0.723240464925766,
                    "q2": 1.069748044013977,
                    "q3": 1.7196155190467834,
                    "q4": 41.86899948120117
                }
            }
        },
        "translation_angle_error_deg": {
            "summary": {
                "min": 0.012104839086532593,
                "max": 1.8566406965255737,
                "median": 0.40590202808380127,
                "mean": 0.5574001669883728,
                "stddev": 0.46092328429222107,
                "len": 35,
                "invalid": 0,
                "quartiles": {
                    "q0": 0.012104839086532593,
                    "q1": 0.11419682204723358,
                    "q2": 0.40590202808380127,
                    "q3": 0.9734329283237457,
                    "q4": 1.8566406965255737
                }
            }
        },
        "relative_rotation_angle_error_deg": {
            "summary": {
                "min": 0.013375435024499893,
                "max": 6.3056511878967285,
                "median": 1.6583011150360107,
                "mean": 1.827700138092041,
                "stddev": 1.2594550848007202,
                "len": 595,
                "invalid": 0,
                "quartiles": {
                    "q0": 0.013375435024499893,
                    "q1": 0.9344218671321869,
                    "q2": 1.6583011150360107,
                    "q3": 2.5606467723846436,
                    "q4": 6.3056511878967285
                }
            }
        },
        "pose_auc_@1.0_deg": 0.0738,
        "pose_auc_@2.5_deg": 0.3282,
        "pose_auc_@5.0_deg": 0.6049,
        "pose_auc_@10.0_deg": 0.7982,
        "pose_auc_@20.0_deg": 0.8974,
        "focal_length_error_px": {
            "summary": {
                "min": 416.915771484375,
                "max": 416.915771484375,
                "median": 416.915771484375,
                "mean": 416.9158020019531,
                "stddev": 3.0517578125e-05,
                "len": 35,
                "invalid": 0,
                "quartiles": {
                    "q0": 416.915771484375,
                    "q1": 416.915771484375,
                    "q2": 416.915771484375,
                    "q3": 416.915771484375,
                    "q4": 416.915771484375
                }
            },
            "full_data": [
                416.915771484375,
                416.915771484375,
                416.915771484375,
                416.915771484375,
                416.915771484375,
                416.915771484375,
                416.915771484375,
                416.915771484375,
                416.915771484375,
                416.915771484375,
                416.915771484375,
                416.915771484375,
                416.915771484375,
                416.915771484375,
                416.915771484375,
                416.915771484375,
                416.915771484375,
                416.915771484375,
                416.915771484375,
                416.915771484375,
                416.915771484375,
                416.915771484375,
                416.915771484375,
                416.915771484375,
                416.915771484375,
                416.915771484375,
                416.915771484375,
                416.915771484375,
                416.915771484375,
                416.915771484375,
                416.915771484375,
                416.915771484375,
                416.915771484375,
                416.915771484375,
                416.915771484375
            ]
        },
        "focal_length_error_pct": {
            "summary": {
                "min": 53.510009765625,
                "max": 53.510009765625,
                "median": 53.510009765625,
                "mean": 53.510009765625,
                "stddev": 0.0,