# 3D point list with one line of data per point:
#   POINT3D_ID, X, Y, Z, R, G, B, ERROR, TRACK[] as (IMAGE_ID, POINT2D_IDX)
# Number of points: 2054, mean track length: 6.88
0 0.3735314148455593 -0.1184221712827374 1.0068317054993416 95 94 102 0.23
1 0.18443174117527092 -0.11281929558771446 1.0085344687433857 192 186 185 0.21
2 -0.003668796271237734 -0.10779905502691765 1.0148892994953282 179 174 158 0.26
3 -0.017916707962646095 -0.10418517270108626 1.014229668032625 173 166 153 0.35
4 0.10158915489375267 -0.101183268613226 1.0083368171563056 106 104 95 0.23
5 0.14227212129807032 -0.09641011878501365 1.0013963184906294 77 70 59 0.36
6 -0.043975853184755574 -0.09472122129615157 1.014873439599319 122 118 104 0.27
7 0.1371914783308096 -0.09023663881055181 1.0042585952839984 171 164 154 0.44
8 0.0016367681519652766 -0.09029288702116112 1.0117631910738265 138 132 117 0.28
9 0.01357849749942698 -0.08932323316720024 1.0093665816944086 148 140 124 0.25
10 -0.04379176859037804 -0.08914400266840215 1.0139267436628638 128 121 109 0.31
11 -0.03951151138487384 -0.08890857825121704 1.013159255520841 122 112 95 0.27
12 -0.0309897895866933 -0.08914981537466785 1.012595178715013 131 119 102 0.4
13 0.17609875763439972 -0.08782242893768677 1.005068510823997 137 126 96 0.2
14 0.0149745264290642 -0.08735180210813004 1.0095005364474887 184 175 160 0.25
15 0.04783835210958607 -0.08724866782308682 1.0081751606737965 182 177 163 0.26
16 -0.0227388216055948 -0.08735345536389205 1.0120913962328164 181 170 150 0.26
17 0.07909163712453508 -0.0870594877417373 1.0074465108541388 185 179 162 0.18
18 0.08761001358534236 -0.08685998508588638 1.0068427274474003 187 182 167 0.26
19 -0.13978647475167802 -0.08727217342599738 1.030630193760219 147 140 121 0.39
20 -0.06057047197372625 -0.08573159395230491 1.0142417951464024 146 141 129 0.39
21 -0.012788517535602546 -0.08487964424119249 1.0110508226708181 154 147 127 0.42
22 0.10893321045108667 -0.08413886931156787 1.0046587706964158 130 124 111 0.2
23 0.11316940764009488 -0.08410866808819449 1.0044056918302537 129 122 108 0.25
24 0.13778193704687533 -0.08379644919608631 1.0029451649389027 113 107 92 0.28
25 -0.10293739513235053 -0.08510147809279707 1.0219286511893124 112 106 93 0.46
26 0.07429086518155213 -0.08401935429297763 1.0055790008216734 116 103 79 0.23
27 0.12658832696677255 -0.08381357994817251 1.0034479619748262 93 88 82 0.24
28 0.14552616447078506 -0.0835883752459228 1.0023475449288355 98 90 73 0.37
29 -0.10803246989020365 -0.08476573953508904 1.0234952036914005 88 80 64 0.18
30 0.36950248547082215 -0.0831188404721202 1.0004588157444063 143 138 129 0.41
31 -0.14472126077423889 -0.08484993228788947 1.0303224289311586 93 84 65 0.31
32 -0.12763944425831228 -0.0849129760582921 1.0269551464574844 114 105 88 0.32
33 0.19784502503994086 -0.08282057727093156 1.0025796384585484 122 115 98 0.15
34 0.22371057621803547 -0.08257171771157495 1.0011264599620033 107 102 88 0.3
35 -0.13180567106521482 -0.08445444873865005 1.0278837398353466 79 71 53 0.2
36 -0.04458274274913411 -0.08310130417535402 1.0121506138576453 194 187 168 0.19
37 0.2328181645268149 -0.08241441183474167 1.0013173113303606 97 91 75 0.22
38 0.2427464061491869 -0.08228230326863722 1.0009410724679222 106 100 87 0.28
39 -0.15422129621259542 -0.0843531877664209 1.0314145988161791 83 77 67 0.21
40 -0.0899300633426743 -0.08275937583884246 1.0197914445506582 166 161 148 0.36
41 -0.012718874194483965 -0.08232812241044046 1.0101850246470707 193 187 173 0.33
42 0.004134858308100873 -0.08257047880729396 1.0094316207001492 202 192 171 0.31
43 0.0792205500830505 -0.0820820562684991 1.005761608731829 185 178 162 0.5
44 -0.17896310128213308 -0.08415886811351607 1.0356043978161737 91 84 71 0.28
45 0.018095314452906904 -0.08193412657854685 1.0081696290444098 189 178 154 0.17
46 0.02162310881945942 -0.08200402380411416 1.008169378802835 175 164 143 0.14
47 -0.2054882958404944 -0.08383088065392894 1.040762419286514 99 92 74 0.2
48 -0.19819854434286155 -0.08370301546432755 1.0389711864439974 95 89 72 0.29
49 -0.13721670094202923 -0.08247407106653269 1.0289326184813887 168 163 152 0.26
50 -0.14550988691267078 -0.08216216528888647 1.0294730507248273 178 172 162 0.19
51 -0.13324351877622995 -0.08220367573567566 1.0274380547720166 176 167 150 0.3
52 0.21883694652054447 -0.0800399872822994 1.0019444442370387 179 176 163 0.18
53 -0.17851207261355848 -0.08147124538389852 1.0349255434125137 164 157 147 0.37
54 0.027853787109870354 -0.07934608695116398 1.0073700902326066 107 98 88 0.2
55 -0.10860152328968295 -0.05873487576797817 1.0199422385398922 159 152 135 0.33
56 -0.020733696046797957 -0.03000045574191221 1.005851236221155 151 144 145 0.28
57 -0.0767053836424497 -0.029048974546247563 1.0104048787282167 101 82 44 0.16
58 0.028109448183474186 -0.02856721266756422 1.0022344978336435 163 150 130 0.27
59 -0.0919986739613633 -0.02870427134180173 1.0140887166650006 110 90 53 0.13
60 -0.19331009797359677 -0.025566893369761624 1.029984035997426 152 138 117 0.25
61 0.09767908513872572 -0.02117221196054321 0.9970188838966662 69 68 63 0.12
62 -0.2084716075939318 -0.016036829548152533 1.031837464391604 110 105 96 0.24
63 0.06832298356432219 -0.011450813743399806 0.9942692151607446 168 159 140 0.3
64 -0.054811112067031875 0.04027506894763737 0.9926556066870672 130 130 130 0.02
65 -0.041126051257858516 0.04011850292375123 0.9932633272730884 108 107 107 0.18
66 -0.04958697755346669 0.048133341749002356 0.9920045763964217 56 53 55 0.03
67 -0.0352619631801181 0.050662597084170334 0.9853685477345709 98 96 91 0.29
68 -0.06927240416983425 0.050922285034117776 0.985162069709743 90 88 74 0.2
69 -0.03763538563120759 0.05117505562497254 0.9872720912473946 152 149 141 0.18
70 0.03360055288944258 0.05234797119373249 0.9810824507677028 176 175 168 0.16
71 0.08772086851026731 0.056221931629055616 0.9823152765158772 122 118 107 0.27
72 0.10038550593207912 0.0557463253346495 0.9769612185429265 135 130 113 0.26
73 -0.10576178492500246 0.05718059962069421 0.9949972417562776 113 108 90 0.29
74 -0.2040580690282201 0.05905769703308881 1.0153182255930868 79 77 68 0.2
75 -0.10243029456865146 0.05730717459715981 0.9945797969922396 97 90 76 0.32
76 -0.08654346329418047 0.057832954101548636 0.9936824273191052 90 87 77 0.18
77 -0.19226976324962114 0.05875432703154451 1.0104642924468725 75 70 57 0.32
78 0.1921710785448015 0.05732021684855067 0.9792125620877541 135 132 116 0.23
79 0.03262346353920695 0.05776129218769676 0.9822579710309827 109 102 84 0.2
80 0.05205071221882338 0.05803291428985298 0.9841592059908174 90 87 72 0.14
81 0.06393591930192495 0.057769678004351364 0.980996865647475 98 96 85 0.33
82 0.2660509588265848 0.05795694575751931 0.9766015259139034 105 106 100 0.35
83 -0.06838266286177966 0.05930102254826696 0.9859236309441533 179 172 150 0.18
84 -0.20641202061559674 0.06165530419006955 1.0160053571598664 101 100 93 0.22
85 -0.20110584507882237 0.06171529387261981 1.0173823419871826 81 81 80 0.21
86 -0.17107308444850905 0.06121090352248684 1.0100949474312093 115 112 108 0.15
87 -0.03555897917771318 0.05965426264809438 0.9859633460901024 157 154 140 0.3
88 -0.01232322379071832 0.060482010206598096 0.9877984850759653 129 130 123 0.3
89 0.19763410339873635 0.05959171098791831 0.9792866643938993 82 84 75 0.24
90 0.06975704216943164 0.060187570914399004 0.9807122461768474 160 154 135 0.21
91 0.27285003808807456 0.059594717201100975 0.9739164415334356 85 84 76 0.3
92 0.30575347940962355 0.059836197905861276 0.9726857799007582 73 73 64 0.47
93 0.29575164925080655 0.06052008753643355 0.9762928849477346 73 72 60 0.22
94 0.10063828621566813 0.06073513572677723 0.9785827615249522 160 155 140 0.2
95 -0.04021724963032873 0.06224246510296093 0.987438656507307 36 34 27 0.31
96 0.28082436203142574 0.06209653323389863 0.9732481707059675 138 132 120 0.32
97 0.23826187110231914 0.062360873801673766 0.9751564327377301 123 124 122 0.2
98 0.27453642944495565 0.06212650933520823 0.9738975129736053 123 121 112 0.29
99 -0.10450220302711784 0.06645122415992863 0.9940700721685335 148 142 126 0.31
100 0.0033085243402005055 0.06745510643049675 0.9844502325099315 178 174 156 0.27
101 0.3096922535270802 0.06700325793017813 0.9720311371879263 82 82 73 0.18
102 -0.10552292709465845 0.06941734668140673 0.9947897713984232 125 117 97 0.25
103 -0.14643061271858038 0.0841721863585027 1.0004120702004597 153 149 129 0.29
104 -0.18460329915777055 0.08599882995689566 1.005063535623234 152 148 129 0.29
105 0.23329485975224312 0.08384275183975452 0.975797186976947 82 90 93 0.01
106 -0.08126150616220806 0.08569961416190297 0.9903381950035185 161 156 140 0.28
107 -0.04450902883610978 0.08662745431755992 0.9866382825221213 143 135 115 0.18
108 0.08315730523449033 0.08762138173132142 0.9801625418730857 150 149 137 0.4
109 -0.09845816428776849 0.09241539063675322 0.9920107141301061 120 116 98 0.32
110 -0.18074646242073877 0.0929735585590111 1.0005478275363286 126 130 123 0.24
111 0.048037940823508846 0.0929443294283082 0.9822905436297353 119 115 109 0.18
112 0.05018375375779595 0.09303030557071906 0.9823025408342064 108 104 89 0.18
113 -0.15859849961127737 0.0945415714427526 0.9925573098216754 48 47 40 0.28
114 0.03865529108022142 0.0933778315962134 0.9770844925941096 120 116 98 0.22
115 0.10747719944225853 0.0941289637768348 0.9732358397520835 166 162 148 0.28
116 0.26783124654851453 0.0953618277703528 0.9710073626344784 116 117 115 0.2
117 0.27149223239853487 0.09519016516659193 0.968736161437165 138 138 132 0.36
118 0.022249753911185256 0.09784254081808864 0.9784860221167639 28 28 31 0.17
119 0.14088947059932377 0.09985294521197977 0.9694291778665838 152 151 148 0.1
120 0.10697935216294592 0.10169852895173602 0.9719340144576711 160 157 144 0.2
121 0.16161308567514657 0.10448505319855847 0.9763184596365986 57 56 52 0.51
122 0.06662126547509489 0.10498995299194855 0.9731005431835295 149 147 137 0.21
123 0.2058389836450977 0.10545979955674664 0.9686339270031762 77 77 71 0.3
124 0.26028749523348993 0.10486524572251797 0.9652633954271771 27 29 34 0.17
125 0.0688314898771296 0.10640328253587922 0.9738780685216631 127 126 119 0.13
126 -0.10923741067533943 0.1090230883617648 0.9886560674290367 127 115 96 0.21
127 0.22289046075102567 0.10719252792179305 0.9666565346598139 77 77 77 0.23
128 0.001783049739027521 0.10918887850970106 0.9761102084230786 121 120 114 0.37
129 0.2147557599659735 0.1085252821417239 0.9668216741120199 41 28 23 0.41
130 -0.15631107619137644 0.11802362603787114 0.9941598682088058 114 103 86 0.43
131 0.3088541197240923 0.11514858418481136 0.964965895406021 113 111 103 0.31
132 -0.030496249162936844 0.11704452715590026 0.9763828917081294 159 150 133 0.19
133 -0.030671047860013102 0.1193517674264076 0.9758384932200104 166 163 145 0.15
134 0.1061061489632079 0.1195022024436097 0.9692603700789307 137 132 120 0.24
135 -0.02879141792730117 0.12148706584635136 0.9764512693877277 122 118 103 0.18
136 -0.14974525916956347 0.12405255999610361 0.9934980847993561 89 78 55 0.29
137 -0.03448713314913823 0.12485970476290342 0.9740642808946616 160 154 134 0.16
138 -0.1036824311314719 0.12742991573353699 0.9860684523420794 115 110 95 0.08
139 -0.10959235905819781 0.1358744022361957 0.985742472621524 104 98 86 0.24
140 -0.03647403417494607 0.13603680158267237 0.9748716969754476 78 77 67 0.12
141 0.136377316249257 0.14175533766239903 0.9628660639747517 147 137 121 0.47
142 0.195665096741375 -0.14790078983880184 1.012627642937949 125 120 108 0.27
143 -0.12119876478524766 -0.15050535806191673 1.0376581130247484 110 111 112 0.13
144 0.07837860895814316 -0.12901463976800107 1.0127870430013233 81 75 65 0.32
145 0.3821618939770416 -0.11972036723632379 1.0035611058964171 107 116 123 0.45
146 0.12131830668119609 -0.11397771229364712 1.0053145267486012 89 83 68 0.3
147 0.12718402710933402 -0.10973683711103797 1.0044932879118145 88 83 74 0.37
148 0.01980556564347696 -0.10751450705845259 1.0130371852597824 115 108 97 0.28
149 0.12197629985060209 -0.10098761809644406 1.0076485387905207 169 161 141 0.33
150 -0.21789206275590897 -0.09574062012815997 1.0414301283137355 75 66 53 0.31
151 0.08260191730015234 -0.09190206688998029 1.0084679369967287 185 181 163 0.37
152 -0.020246880643559315 -0.08922897763170043 1.0123834537402852 123 114 94 0.33
153 0.14078061826657282 -0.08741308262807519 1.0042824565377677 183 176 157 0.24
154 0.3291484776745431 -0.08471676763101993 0.9995381976162662 144 140 128 0.23
155 0.01950413592758548 -0.08441901871068655 1.0078238606172552 85 75 53 0.19
156 0.023111107326904096 -0.08443348213006693 1.0084271160029783 89 81 68 0.16
157 0.07036448849760331 -0.0841187848428771 1.0056301141664012 115 105 84 0.37
158 0.0768612211205818 -0.08404398074476643 1.0060539068994476 107 101 83 0.36
159 0.11904948444172768 -0.08413694888610758 1.0041909227896761 113 106 91 0.28
160 0.3645507002005161 -0.08367077302976643 1.000354766598395 147 142 129 0.4
161 0.30554217753721696 -0.08196552053023826 0.9989819224663364 101 94 78 0.35
162 0.3087697215141043 -0.08197509819748319 0.9988620041341729 104 96 82 0.27
163 -0.08572722269229648 -0.08264017154797412 1.019574953107898 179 171 152 0.27
164 -0.07804328129420098 -0.08261735756849607 1.0181916502026571 175 162 135 0.29
165 0.12470406798608984 -0.0815362650239904 1.003395325345886 178 170 155 0.24
166 -0.12221022351402244 -0.08241795885888713 1.0257777045136647 169 160 140 0.27
167 -0.22030191887422781 -0.08345197429446001 1.04280712940589 89 83 69 0.28
168 -0.12881425683106493 -0.08224798852204179 1.026746375996731 174 167 151 0.24
169 0.21543893207576847 -0.0797921532439513 1.000862383851614 156 152 143 0.37
170 -0.16890028917903788 -0.08210565996279881 1.0341057940122895 165 158 141 0.22
171 -0.15720208591183418 -0.08226228946939686 1.0318779191812695 189 183 172 0.25
172 0.3026335595067096 -0.0790450893305232 0.9972952962779013 144 135 119 0.64
173 0.34004318230831876 -0.07872319321271638 0.9962396999515108 160 151 133 0.37
174 -0.2003667933187484 -0.08130385363906155 1.039036786073896 171 166 154 0.34
175 -0.0757093402027871 -0.07821601686608495 1.016639113988073 112 105 90 0.37
176 0.16336595525121325 -0.07635563192558016 1.003433305273483 102 100 90 0.37
177 0.2322853976295856 -0.07530747355625511 1.0002579669643763 105 100 88 0.25
178 0.156088012768606 -0.05776246166166345 1.0039536170747412 49 46 48 0.22
179 -0.08411792170942942 -0.027654582489199858 1.0100384711780983 85 72 40 0.34
180 -0.08949562873589298 -0.027457415683956512 1.0128139754251988 167 152 112 0.15
181 -0.15976202132346742 -0.026151111607618835 1.0240930083899527 191 167 114 0.29
182 -0.08069938931597992 -0.024340279943038143 1.0108666703434557 98 77 44 0.25
183 -0.08793964886617711 -0.024051605867003476 1.012453101534518 89 73 43 0.21
184 -0.1982580387317163 -0.02422183542135269 1.0306370091657595 165 139 83 0.27
185 -0.16268551464725095 -0.01670526883366316 1.0237392672699939 120 115 103 0.24
186 0.026737953146264034 -0.0150926534755319 1.0010637211429987 44 44 51 0.19
187 -0.032956416584593376 0.030415332838573752 0.9903317219378144 182 166 117 0.36
188 -0.0397607865290379 0.037361812548945675 0.9908568383737433 53 45 44 0.42
189 -0.051475803050495185 0.04012454985980708 0.9925381836653495 132 131 126 0.21
190 -0.04441185915507782 0.040241920024933514 0.9933700992279669 128 126 126 0.13
191 -0.13856673792308347 0.045738896549951835 1.0071841497962082 100 81 51 0.28
192 0.2025162446155644 0.046724887725829764 0.981761576233414 102 84 53 0.25
193 -0.20468721621131078 0.05353272638610277 1.019140339778406 72 73 72 0.2
194 -0.01239049776241954 0.055421109135701356 0.9882660736375054 143 137 124 0.33
195 0.05709940759957472 0.05549207684007423 0.983215691303616 116 114 109 0.2
196 -0.07015185387259747 0.05677952756638204 0.9856750043388833 108 100 79 0.24
197 -0.032114165104016705 0.05740067435344301 0.9849293974440231 94 90 74 0.17
198 -0.027611183788184973 0.05717035754916509 0.984980554038737 116 108 86 0.24
199 -0.13967893685733423 0.058877653030170896 1.005123659426028 61 60 52 0.16
200 -0.09754334450810592 0.057959993943578016 0.9967990111158247 69 64 55 0.16
201 -0.039662909654214484 0.05782373068044472 0.9877174207842104 57 57 48 0.31
202 0.19883715999443782 0.057272536575260706 0.9787292574596342 118 117 113 0.27
203 0.03592597389378645 0.057729404713873646 0.98206137047178 101 93 76 0.25
204 0.06851879927366422 0.057700936487991974 0.9805199132836827 97 93 79 0.38
205 -0.17854101570521963 0.05952528526330407 1.0107653340061136 60 56 46 0.2
206 0.10273463211268515 0.05801921481798234 0.9764817373755302 110 105 92 0.12
207 0.1371378233297015 0.05852725338075879 0.9752059656556983 95 94 85 0.37
208 0.17415627777000905 0.05873021560004883 0.9752309630708674 109 108 95 0.21
209 0.2780462446935918 0.060068113252187465 0.973398851512615 72 70 62 0.24
210 0.30888378384784115 0.05987956259463955 0.9716240388857074 92 91 82 0.33
211 0.2093791662084035 0.07131692071744643 0.9745361374324709 114 110 90 0.22
212 -0.1498603874331584 0.0785493076803571 1.0009509569965576 166 158 141 0.32
213 0.2093933631116581 0.07669021581664992 0.9735877026437572 109 104 88 0.26
214 -0.15082272751602038 0.08174691592275686 1.0006564454602467 160 150 130 0.34
215 0.23682894862648132 0.08601308048314651 0.9762370459863715 58 59 55 0.23
216 -0.1373468681293662 0.08952048314691856 1.0001298543031778 157 150 134 0.35
217 -0.16916207399333816 0.0911016215786221 1.0045356092716358 71 59 25 0.28
218 -0.17724976847677706 0.0925316108709445 1.0053507628996285 147 142 131 0.24
219 -0.13922145747877848 0.09276459515275896 0.9985315173838221 155 145 123 0.38
220 0.0712550121836712 0.09545679445535327 0.9750072451674292 153 150 139 0.26
221 -0.18982536232124836 0.10052530584100183 1.0027904358738144 43 44 43 0.34
222 -0.062292307536733746 0.09900207647060767 0.9798033284366036 119 113 98 0.35
223 0.06649605471024937 0.09917091738313878 0.974591844723114 154 152 143 0.23
224 -0.17728835783713415 0.1069146718370832 1.0013191134278585 31 27 21 0.36
225 0.23347603639462 0.10897960417246003 0.967916128209854 25 21 17 0.42
226 -0.14687784028046472 0.11210456634004944 0.994106774076148 146 145 131 0.54
227 0.10369503521127169 0.11787351359002982 0.9695926214255153 111 104 91 0.28
228 0.07097340430539788 0.11920009788478227 0.9709968485131217 156 153 141 0.22
229 -0.1011078998277458 0.1315708566787811 0.9837753105283786 134 131 119 0.15
230 -0.030564932189239658 0.13135831321566563 0.9743281642687684 158 151 134 0.17
231 0.030008605033722578 -0.13202887457714294 1.0148875560591202 166 158 140 0.53
232 0.07504600797926801 -0.12620026501702666 1.0134720636403936 169 163 151 0.35
233 0.12547968981131563 -0.10456329700881462 1.0070285304530282 98 91 77 0.41
234 0.032472089729102045 -0.09315669375226124 1.0105499864101266 175 169 156 0.42
235 -0.15374387317298527 -0.09139925793733185 1.0322839109862392 99 89 72 0.45
236 -0.09434112364651942 -0.0884696245616278 1.0226121089007636 154 146 131 0.28
237 0.18010825346490758 -0.08650628233107475 1.0043607106947299 155 145 121 0.27
238 0.20395867523837471 -0.08626521713349719 1.0034081336604188 144 139 124 0.28
239 0.21137297256427004 -0.08633898130086355 1.003508698122342 141 134 119 0.26
240 0.21644097929765813 -0.08662847005733343 1.0037269838368812 138 131 116 0.31
241 0.22366272327103628 -0.08631934997828028 1.0025989307839218 141 135 120 0.32
242 0.3054573031540921 -0.08594357785767458 1.0005491113220522 156 149 133 0.25
243 0.3190199701719686 -0.0851802583016952 0.9996625291709434 145 139 122 0.31
244 -0.007312485827203619 0.04844175151354596 0.9883747166310598 97 83 48 0.27
245 -0.1381421484626379 0.05260618219012559 1.0067112875132422 94 86 69 0.16
246 0.00041069495972854536 0.057722723592381626 0.9841762404860327 105 97 77 0.32
247 0.2694080089875815 0.06073851724338374 0.9768987398642558 48 47 40 0.29
248 -0.1312789401357709 0.08832112125682554 1.0007922169963057 161 154 128 0.34
249 0.12158260039958335 0.08823990580882923 0.9777202133076308 136 131 115 0.17
250 -0.06201823149117083 0.09332477706522276 0.980542130673305 112 105 83 0.34
251 -0.15243499617399583 0.10000693595804676 0.9949633278411745 69 69 67 0.69
252 -0.10407145580809049 0.10347184101419286 0.9882332272766124 135 130 117 0.18
253 -0.10443817682167683 0.10786554559398868 0.9873688316706885 114 111 101 0.27
254 0.06037612291643382 0.10942399162639475 0.9688686851048577 61 60 53 0.16
255 0.1824479663363132 0.11021738841411718 0.9667042325393266 19 20 23 0.2
256 0.0018058605707900308 0.11273868413097679 0.9750631911243799 44 43 35 0.34
257 0.10138506788016877 0.11248119068056027 0.970889557087451 87 84 75 0.38
258 -0.10588204518656828 0.1227347085483213 0.9852201367445574 155 148 130 0.33
259 0.04320827309430431 -0.13255279602930795 1.015300351249498 164 159 143 0.49
260 0.278817658109986 -0.08590002947831692 1.0006960420894269 162 159 148 0.32
261 -0.09087856291116056 -0.02125058269335899 1.0112762629904626 168 152 117 0.29
262 -0.17647865596350545 0.10128962069138649 0.9975137779349872 96 91 81 0.64
263 -0.0042281016595199245 0.09993647692664351 0.978719180987562 173 165 145 0.24
264 0.2556242005774283 0.09982765231390547 0.9680087814794266 104 102 94 0.32
265 0.24204309584971484 0.10342826713923546 0.9641518798793999 37 38 36 0.36
266 0.05099486476628569 -0.07912705316922101 1.0053769494705067 146 135 109 0.59
267 -0.0940929834992918 -0.01512502041440028 1.0122928555060682 44 42 40 0.3
268 -0.20363993829526927 -0.014105450586443661 1.0310984936898353 30 29 25 0.31
269 -0.19164587449863926 0.08110422541329068 1.0065054997368899 144 138 118 0.34
270 -0.0828224358838431 0.09331429052263027 0.9881091072430158 135 136 131 0.45
271 0.06410025977357485 0.09496862522988299 0.9762600178415831 138 135 122 0.39
272 0.2494074732497331 0.09965643984313417 0.9679928074422844 50 49 47 0.44
273 -0.15961191504187874 0.12899174881073217 0.9911955841501826 69 38 22 0.37
274 -0.07761222501047298 -0.08072597417259372 1.016019555629473 121 110 86 0.65
275 0.12654729729096578 -0.07926218110750077 1.0034579452502508 140 135 118 0.48
276 0.19432615736576564 -0.07865921029622279 1.0010781408952178 135 132 120 0.25
277 -0.1685184772959054 -0.08008600821613422 1.0329759418276219 116 108 95 0.35
278 -0.2115887859850104 -0.0728971785326678 1.04431196548054 31 31 29 0.2
279 0.1747779329084792 0.051634919958976976 0.9722228162145846 134 137 130 0.33
280 -0.1526822230442208 0.09333390220723055 0.9972235494509188 140 138 129 0.5
281 0.010918464547543414 0.10070396957762405 0.9786935972777275 35 35 35 0.43
282 0.022876698889779376 0.10071523109937054 0.9763578390702529 34 35 35 0.39
283 0.007829124230383002 -0.07933987128278534 1.0095772651303168 129 116 93 0.51
284 0.2064831846395151 0.11466589827245215 0.9694610279504398 117 110 95 0.31
285 0.11259424269566125 -0.10360953204262811 1.0082506497417316 163 156 134 0.85
286 -0.14798597737546385 -0.08109014848541603 1.0286025139196586 128 121 112 0.66
287 0.03658084935336062 -0.051220609139572035 1.002866429504712 168 163 152 0.56
288 0.1404520079344162 0.07209950920946659 0.9762084649518686 135 130 119 0.3
289 0.17538435870421493 0.07134450755763343 0.9757403647468241 153 149 134 0.35
290 0.24432715469243718 0.0748704077092077 0.9743792243871433 171 166 152 0.35
291 -0.14804211765174843 0.11265794496189097 0.9968187286008938 138 132 120 0.73
292 0.019629683918865274 -0.06933567777165732 1.0065610757967238 57 60 65 1.17
293 0.07118703144999983 -0.04837623106857167 0.9996740751837312 162 158 150 0.47
294 0.17729826053945533 -0.048998712845417444 0.9976840454884268 196 191 180 0.62
295 -0.04602452106496286 -0.042232752841310846 1.008024819435455 65 64 65 0.53
296 0.0891409767917655 -0.042452015310302044 1.0006613741403092 85 84 89 0.39
297 -0.04884082205181479 0.07175022560311677 0.9848631734231859 65 58 52 0.21
298 0.2610304935508615 0.07259871453294607 0.9741089451954859 29 29 29 0.44
299 0.12170087589318625 0.07454225976002347 0.9726767774084543 70 62 57 0.29
300 0.20815791383835927 0.08787852414109006 0.9724913728216946 117 114 103 0.88
301 0.19127943191488028 -0.12538999526980651 1.0100836765812176 173 173 165 0.51
302 -0.08288939179057309 -0.0972032667806526 1.0180715643457252 92 85 75 0.19
303 0.07391586456655816 -0.08726212620322722 1.0069251911376296 189 186 171 0.43
304 -0.21094178262756272 -0.08109486746796578 1.0407253980298141 164 159 146 0.29
305 0.07170105135434793 -0.05906148004567024 1.0033285599895383 109 103 96 0.28
306 -0.16890785307232353 -0.02285559836166799 1.0256706294706148 83 70 46 0.27
307 -0.005761633135158876 -0.014784467320910273 1.001988795773048 35 29 21 0.13
308 0.06211306650794691 -0.014390677020651063 0.9993352616305604 37 39 38 0.17
309 0.08750433036749475 0.038619226242889916 0.9895680208888055 46 46 48 0.16
310 -0.06891683808192424 0.043501064803130055 0.987018757972292 76 74 68 0.21
311 -0.07899511845593171 0.05506690563352815 0.9879416129372716 131 125 110 0.28
312 0.06286047677060629 0.10684012554523994 0.973423148132707 137 137 135 0.31
313 0.022153761980682606 0.10908071166318968 0.9734936028078809 66 65 61 0.26
314 0.02681140518292041 0.10891602245283098 0.9736064173870133 51 51 46 0.45
315 0.031814947191974585 0.11343514267766164 0.9756335268095019 43 39 32 0.26
316 0.09765061071393702 0.11584485776453259 0.9705707274137051 157 152 139 0.18
317 0.37630137162530036 -0.1229466734705091 1.0081080920695056 231 237 241 0.58
318 0.026074106609471195 -0.07336104692193561 1.0081796620588122 29 23 19 0.78
319 -0.1929529493617149 -0.022706882110963337 1.0283247231625114 112 94 67 0.29
320 0.09069069300466458 0.046631247928988435 0.9836698136498916 153 135 88 0.26
321 0.13450169422589653 0.048330614561928206 0.980322101666288 107 108 104 0.38
322 -0.12446789223648459 0.054891581779909174 1.0039569723654895 134 132 124 0.41
323 0.2725800389292796 0.06909363188020595 0.9741697902049931 164 158 148 0.37
324 0.26871184557675704 0.09118888155929152 0.9715369922108212 46 46 41 0.37
325 0.095191274195197 0.050000186694617726 0.9819553054482254 46 45 40 0.32
326 -0.15202001971564783 0.07842597649259644 1.0013384612448908 133 127 108 0.54
327 0.280823007261354 0.09853339418019337 0.9658727156275143 124 123 116 0.52
328 0.10835244637767506 0.1193061786402485 0.9701785841590985 110 105 91 0.26
329 -0.10688070992115786 0.07098531254029428 0.9960985802559948 156 151 127 0.44
330 0.2772466265975862 0.07432707337279444 0.9730929195382968 140 136 123 0.29
331 -0.01318376970174577 -0.0703107761470464 1.0104401373195224 57 60 65 0.67
332 0.10685511294315628 -0.046897228945739555 0.999011661554139 164 157 145 0.79
333 0.019681252702685267 -0.04192548685317303 1.0042119344521026 81 73 70 0.86
334 0.19933172768863266 -0.1557908793243223 1.012911543792806 152 155 156 0.33
335 -0.056119719177313156 -0.14589696746138042 1.0249857445637285 109 104 95 0.21
336 -0.1050266052697639 -0.1256835927418637 1.02928612074111 82 78 73 0.16
337 0.20976176650822576 -0.11976565755015103 1.00888441714847 104 100 94 0.24
338 -0.10827957862372317 -0.11986681352323189 1.0317494484125749 161 161 156 0.27
339 0.06489023559554061 -0.10300953875039011 1.0109539975279573 147 141 128 0.29
340 -0.0056127491718397406 -0.09693961268483134 1.0132137445585503 117 113 99 0.16
341 -0.009844185919779995 -0.09543616785993747 1.0122497669817039 168 163 147 0.31
342 -0.006379589040302629 -0.09465403986497427 1.0130712336140795 191 180 165 0.17
343 -0.04970525544348307 -0.09387911609089272 1.014763748282086 121 114 96 0.2
344 0.12267543984250706 -0.09020211482700023 1.0054480593924549 178 170 152 0.39
345 -0.010182308386776298 -0.09162340729194002 1.0117047042630711 166 160 149 0.15
346 0.252652272560462 -0.08579327305794954 1.0013562414045183 94 93 87 0.19
347 -0.05220842422819813 -0.08889402869626552 1.0142163828331647 133 125 109 0.24
348 -0.04916727610469635 -0.08879608995327821 1.0137300609406825 122 114 101 0.15
349 -0.12337436313001277 -0.08504528087984986 1.0271197688086475 107 98 76 0.17
350 -0.09386488987531777 -0.026809814724459265 1.0139651693246718 183 157 97 0.3
351 -0.00496089136273404 -0.025492933077972832 1.0045264529664362 50 46 39 0.23
352 -0.045077342285730126 -0.02189461680923172 1.0035411135650316 95 70 34 0.25
353 0.058265238496047825 -0.018018888771757592 0.9987333539098728 83 69 40 0.21
354 -0.21474258756870324 -0.017416619544287738 1.0337524669362028 157 153 138 0.21
355 -0.19974395985200744 -0.01603360372754298 1.0296518655814408 102 97 89 0.13
356 0.2769425880815526 0.03871622947721013 0.9763992227424328 72 70 67 0.21
357 -0.021086186606580914 0.04023280576768412 0.9944132364257133 122 112 100 0.4
358 0.07804092051063236 0.04715318174531756 0.9830360918587997 79 65 39 0.23
359 -0.14148456011791713 0.04567816657416407 1.0061577971623863 153 148 140 0.46
360 -0.044408056133748756 0.046232803643876455 0.9923728579036868 113 112 116 0.08
361 -0.03938437261503086 0.04805535449161148 0.9918642144046874 49 45 39 0.15
362 -0.12852050475354543 0.04810972209188594 1.0048358201440608 70 45 12 0.18
363 0.056361134499513806 0.057900616198633154 0.9829946495030524 76 74 66 0.44
364 0.0342146656584084 0.06015437650465357 0.9826093168294828 163 154 134 0.28
365 -0.029288207439964693 0.05964964326887357 0.9854927409380866 149 145 130 0.26
366 0.1694565049952819 0.06526362779106497 0.9754012712973124 164 164 152 0.29
367 0.23149148313377743 0.08599603580685956 0.9756857161582221 56 58 55 0.36
368 0.261178670764732 0.08759420799834103 0.9726613522708388 46 39 28 0.28
369 0.22617704853868745 0.08821120480477325 0.9750206778744512 56 56 57 0.2
370 0.23150749248201724 0.08845868580416462 0.9760206007553373 72 72 68 0.25
371 0.023670073769047346 0.0862900319112679 0.9844291535683966 96 85 58 0.13
372 -0.12454176043880873 0.08657451316522997 0.9992504073973297 145 140 121 0.37
373 -0.16112181430738218 0.08892191307152601 1.0012860056987987 132 107 62 0.1
374 -0.09626824668778809 0.08993323766324941 0.993370430096667 147 136 118 0.12
375 -0.04197797601223559 0.09555476884449278 0.9844077244924643 87 84 78 0.31
376 0.10402217567160996 0.10543948200134157 0.971846412895914 139 135 125 0.25
377 0.006214269201908176 0.10494677110957516 0.9769923932856706 152 151 145 0.35
378 0.2448146653074022 0.11400241124454219 0.9673693791143007 113 112 108 0.27
379 0.08248098899192881 -0.13227374089948937 1.0100496956386125 80 73 61 0.36
380 -0.0023518172534563223 -0.12927819486490577 1.016308129291091 95 89 76 0.31
381 0.03152693710462633 -0.09779702820405017 1.0107876045990676 88 85 76 0.21
382 0.15891430068366597 -0.08354310473199973 1.004022542984685 96 86 66 0.25
383 0.16283155145071543 -0.0835199222971165 1.0041517591112132 96 90 80 0.26
384 -0.0880595548794275 -0.08493297903392145 1.0205134548894752 80 73 59 0.22
385 0.22724173700575043 -0.07981240930595979 1.0010096740117649 167 161 148 0.3
386 0.2370607562484607 -0.0751765810224936 0.9997201654387325 105 100 87 0.15
387 -0.1974002921196321 -0.07712757987391244 1.0377494834927745 125 118 103 0.38
388 -0.07914225831579914 -0.027505425530438273 1.0107117396848184 183 159 104 0.21
389 -0.03692193166641384 -0.021415185373325367 1.0020575393883173 120 110 86 0.25
390 0.16986678356229237 -0.016770255072900652 0.9947142945364678 162 161 155 0.34
391 0.08105855816262185 -0.016893066115896554 0.9984004565051571 136 134 135 0.31
392 -0.07284130373680753 -0.015003823701378795 1.007508135524761 50 44 42 0.12
393 -0.09601830295111037 -0.014877588863208117 1.0127429803544399 27 26 23 0.23
394 0.07976055470733688 0.044800386100299815 0.9860734376248969 156 139 91 0.17
395 0.11292405542608096 0.05895396331481374 0.9780718345540507 59 57 49 0.2
396 0.023511816090568995 0.09037503265357358 0.9842602782142711 99 89 65 0.25
397 -0.19346811865373897 0.10262054469935417 1.0005443876805868 52 44 30 0.36
398 0.14340587008978398 -0.09067050223900013 1.002985231597469 72 64 53 0.35
399 -0.10420971475138426 -0.04183677659332368 1.0176251253853579 158 154 132 0.33
400 -0.16151229121625135 -0.023125122684929972 1.0244067414576892 89 68 40 0.29
401 0.09641161562739806 0.04502443754831458 0.9843837554181571 62 59 43 0.25
402 -0.06425382982396087 0.06721167756933746 0.9871844636050483 188 181 162 0.31
403 0.15852991638578084 0.09663224074385347 0.9736034695226925 121 119 119 0.34
404 0.20356599924018298 0.10142917717778195 0.9694536986409481 145 142 132 0.3
405 0.2527133842611001 0.1063277086739843 0.9665029437378982 73 71 63 0.34
406 0.21077883444709794 0.11321512401104286 0.9669422171194784 90 84 76 0.22
407 0.006072698735572074 0.10930130945160006 0.9775665017654418 71 71 64 0.29
408 0.007079670182554169 0.11328789833704038 0.9771969760050961 74 70 62 0.45
409 0.24604980343837984 -0.08592776341628452 1.0011204101001259 132 129 117 0.32
410 -0.06288677081317792 -0.0889563889531629 1.01437213192531 175 166 150 0.22
411 -0.1409740859231941 -0.026151912900291556 1.0215155083011587 164 161 145 0.44
412 -0.21283712771619076 -0.013402256085319567 1.0336713804154338 30 30 29 0.26
413 0.01723790432311317 0.09169069423663101 0.9837128394622215 64 56 39 0.41
414 0.20748736356373063 0.10240739945027161 0.9677566081756288 44 44 39 0.38
415 -0.06718971499669903 0.10762997387049997 0.9668711490928614 162 156 148 0.38
416 0.01056982865251376 -0.12824004091007557 1.0152675438937442 173 169 155 0.42
417 0.12239302794915018 -0.07291943882181667 1.0059085374164174 26 27 25 0.35
418 0.21058487252977462 0.07323638876849138 0.9766600247877003 101 97 82 0.48
419 0.10405257698505381 0.10614282076228962 0.9723121703857395 145 136 118 0.39
420 0.15873332765885856 0.0729794582679405 0.9787243654928692 36 40 44 0.56
421 -0.0031283184524014147 -0.1313830758309329 1.0148291220238776 174 163 135 0.28
422 0.3110120636748538 -0.11597470194459482 1.0047446145030487 104 101 94 0.3
423 -0.14318370663378832 -0.12941556535633944 1.0386752896399456 152 152 138 0.6
424 0.01923971002585385 -0.11709026884039558 1.014594112856032 203 193 166 0.3
425 0.061242047435168284 -0.11206647458741491 1.012982988189279 159 141 102 0.17
426 0.05403557000790439 -0.10873962241027743 1.0118216277642424 227 210 135 0.28
427 -0.10104240996462625 -0.11814004604805631 1.0311647389264436 182 177 154 0.37
428 0.1445612544909089 -0.09790081345758947 1.0002289120797352 126 113 106 0.19
429 0.052717472404077446 -0.10172021414493755 1.0102222079790382 238 223 171 0.21
430 0.07238076893365854 -0.0998543163491476 1.010419328156231 178 173 155 0.23
431 -0.020347093694709124 -0.1042378194288277 1.01508334734761 198 193 174 0.13
432 0.024103004579578095 -0.10175742601766691 1.0124471012706353 129 122 100 0.36
433 0.14455283609827813 -0.0933704993504857 1.0021790084038196 135 125 108 0.27
434 -0.019664462494247113 -0.10182206981730152 1.0143696211489281 105 101 88 0.21
435 0.03545910781205126 -0.09741993345705127 1.010295172951453 184 170 144 0.29
436 0.3241033087989486 -0.08431606008353573 0.9998553824838197 135 123 97 0.38
437 0.10809529286838174 -0.09356178072702286 1.0060821675801856 122 116 98 0.15
438 0.08394774977180681 -0.09423870201217928 1.0086344517913752 141 136 118 0.29
439 0.09572030358229822 -0.09107008180722916 1.0070213279278382 171 166 144 0.29
440 0.1042292723926758 -0.09101607660688284 1.0061244356935495 187 183 165 0.19
441 0.07321597682366011 -0.09217755008838717 1.007586450936635 188 181 162 0.31
442 0.21809190386754834 -0.08473111290389443 1.0021577102850416 154 140 111 0.32
443 0.10390284424411707 -0.08875523329393667 1.005801945991036 134 124 103 0.36
444 0.10110138297596469 -0.088593320050789 1.0055223229283312 140 127 103 0.2
445 0.08930241328879047 -0.0887434004367673 1.0064173671356424 128 123 108 0.25
446 0.09238529167177591 -0.08845567977762997 1.0055405426573665 153 146 123 0.3
447 0.05737957230514698 -0.08904852107141446 1.0071116765531147 142 131 108 0.26
448 0.1228186355249044 -0.08636020209850566 1.0047256121386747 180 170 145 0.33
449 0.12740363327313844 -0.08587151756096548 1.0036852184408915 152 143 127 0.23
450 0.038216821064560695 -0.089596578702539 1.0089572984481396 146 136 113 0.31
451 0.031200645705258247 -0.08950106201181561 1.009022258183435 142 133 112 0.24
452 0.08485096771205852 -0.08702089208966926 1.0074473195655016 185 177 157 0.25
453 0.1416146963679675 -0.08392571647214002 1.0028707124250524 144 132 108 0.36
454 0.12342213998291997 -0.08399109219052499 1.0034062267716874 123 114 92 0.21
455 0.07202741060030506 -0.08185849687827983 1.0055845262299858 176 167 144 0.26
456 0.06884314562075287 -0.08165867820934064 1.0051944218866775 172 162 136 0.26
457 -0.00011206907640847338 -0.0826525723213522 1.0099074724947703 201 191 166 0.32
458 -0.06917241142401478 -0.08494494615385509 1.0144306337253017 90 79 55 0.25
459 -0.07783703320819459 -0.08497110337348217 1.0181016922955721 109 96 68 0.32
460 -0.06771244417580373 -0.08300602845480759 1.0134487882338852 194 187 161 0.26
461 -0.09862677110833262 -0.07239523599587316 1.020115283673083 88 60 19 0.11
462 -0.14691655416539695 -0.05911890491442256 1.0265156538871776 117 106 82 0.23
463 -0.14298036344208204 -0.037336893488032576 1.0222582928386634 169 159 126 0.17
464 0.12034520425390763 -0.022850649716356787 0.9953214641242459 116 76 26 0.22
465 0.08284923809704815 -0.024177685129761636 0.9988080406362526 76 71 62 0.15
466 0.026083215850184596 -0.024650216938917106 1.000471202429889 111 79 22 0.18
467 0.045706464403124335 -0.024173133906405582 0.9997257475501011 114 86 33 0.25
468 0.15259719319826245 -0.01762321039173008 0.9941607440445185 80 61 26 0.21
469 -0.10282624693736588 -0.025275601069558496 1.0134766058763403 165 156 127 0.32
470 0.0138850682450559 -0.016948448354494564 1.0012576306777194 114 110 108 0.19
471 0.09363877682158148 -0.011944185630056907 0.9974009967473576 85 86 82 0.15
472 -0.08038072952198984 -0.017407678839400594 1.0095706531507562 113 111 102 0.25
473 -0.08767242159047675 -0.017320111171754256 1.010435377234454 124 118 112 0.28
474 0.0029615808021696507 -0.005586932410209114 0.9976149770456163 220 207 161 0.15
475 -0.10765232883338247 0.036592118055654 0.996584608031357 80 75 56 0.16
476 0.1908513730917509 0.046247132755903815 0.9820378217676486 74 58 25 0.08
477 -0.19741440924919118 0.04284730685526065 1.0203115958696571 41 40 30 0.09
478 -0.004306250712012009 0.04794400210196748 0.9858883549361362 158 159 135 0.3
479 0.12454943780425153 0.05242598752127046 0.9830281082961553 35 35 27 0.14
480 -0.06668673619937088 0.051476888880085725 0.984942760401369 194 189 166 0.11
481 -0.1269536493713717 0.0515588689535586 1.0028629813875845 90 70 42 0.37
482 0.08592641433236516 0.0579547229550242 0.9826326948915968 72 67 53 0.13
483 0.3203246291354958 0.06319677519200405 0.9694701917817165 59 59 57 0.39
484 0.20813150273823539 0.06183310755685422 0.9752290339147833 155 150 132 0.18
485 0.30755317855263026 0.0654246362123987 0.9721301595598487 106 104 84 0.26
486 0.031199247212955028 0.06011260451005546 0.9831109285196311 163 153 136 0.22
487 0.3053201882437332 0.06574828280697406 0.972830173064813 105 105 89 0.14
488 -0.02606289792043574 0.05982987544226504 0.98689199296454 144 134 110 0.34
489 0.06800763004086248 0.062258751803688 0.9800473491938055 106 97 75 0.25
490 -0.10963250446061397 0.059706222345713565 0.996252231053182 175 165 141 0.45
491 -0.07633704084446086 0.06038503927587657 0.9893606445895721 105 103 92 0.53
492 0.14138830939236408 0.06483950190216135 0.9751513685179141 143 139 115 0.24
493 -0.15114249533510088 0.06012410619011969 1.004127226927645 160 151 132 0.31
494 -0.1508634045490038 0.0635705551697428 1.0030669386391997 180 168 141 0.54
495 -0.1855775405977053 0.07312171685523973 1.0070130685550067 124 111 82 0.22
496 0.27030934055169364 0.0850573179357415 0.9747300244141396 65 66 60 0.39
497 -0.14556587315519665 0.0789164049174071 1.000495083276532 174 167 142 0.3
498 0.069142315249148 0.08243146528020678 0.9774911758555861 110 102 78 0.13
499 0.009219137978205125 0.0834215504622047 0.9829726429675922 54 43 25 0.26
500 -0.13989091826376626 0.08698572291559592 1.001923607781783 135 132 112 0.28
501 -0.15081813931629287 0.08689491956074089 0.9997807648143644 177 169 142 0.17
502 0.26517573649539883 0.0955345142151744 0.9716348691984622 112 111 109 0.24
503 0.07077452852549268 0.10264722946525577 0.9742407415568939 169 162 145 0.13
504 -0.1946646508154941 0.10797394802988136 1.003597553753358 104 98 82 0.38
505 0.17890275904175643 -0.12333520894178632 1.0077392681732706 85 82 67 0.37
506 0.04492655480576069 -0.1223121041529296 1.0138328043641491 192 183 139 0.33
507 -0.002979352282577861 -0.11793223219505385 1.017235618676898 123 120 104 0.38
508 0.0837501109946596 -0.11195961791510475 1.0118440925250556 105 99 83 0.28
509 0.06815434213600466 -0.1091644299094508 1.0113599430318245 149 145 127 0.25
510 0.026279932733931307 -0.11062952710359991 1.0137229612954044 177 165 144 0.33
511 -0.02492363848876632 -0.10646082351386846 1.0150504305768722 97 91 73 0.21
512 0.30771303227673585 -0.0899381241754983 1.0001909848677653 94 85 65 0.3
513 0.254879538139844 -0.09013511594254206 1.0005392152568329 98 88 73 0.55
514 0.3195093767599701 -0.08201441105348639 0.9988304314371318 89 83 69 0.31
515 0.13038610749651697 -0.08990168452083153 1.0035583871360523 177 167 143 0.15
516 0.31283550333480115 -0.08189110714742696 0.9988164951332082 98 91 77 0.28
517 0.0996681797726194 -0.09123524801335808 1.0066059555801425 190 183 160 0.13
518 0.23744843007891775 -0.08247273166033127 1.0016141332402848 112 104 88 0.42
519 0.2281894651539999 -0.08237810916631683 1.0013713042027768 110 104 88 0.3
520 0.21784408009707623 -0.08244083650224868 1.0021813268531108 112 106 91 0.26
521 0.05267986319954147 -0.08713252482716044 1.007257370606413 200 190 168 0.33
522 0.042785278720732185 -0.087532074883417 1.0086085847206419 214 201 174 0.25
523 0.02869312659724572 -0.08746731360143206 1.0095286999998205 172 164 143 0.28
524 0.14691183108219819 -0.0811126632682155 1.0024226382856092 174 166 149 0.24
525 0.06679089624478135 -0.08425612247390327 1.0062224560695823 119 111 91 0.35
526 0.11634269286526158 -0.08201228725817268 1.0041946919920435 183 179 168 0.38
527 0.0019240749037208447 -0.08456157249697784 1.009250083095492 104 94 73 0.22
528 0.16855687955059592 -0.07610184064556226 1.0027089878679338 132 123 103 0.14
529 -0.003957454733973834 -0.08256202330213956 1.0100598288148535 204 196 176 0.24
530 -0.03685065553756919 -0.08283959159844453 1.011197380563686 195 184 160 0.18
531 -0.04822586978543866 -0.0830587513381197 1.0122751110558035 199 192 168 0.28
532 0.14173771266261334 -0.07047539778230255 1.0005939821278045 100 68 14 0.12
533 0.06988811172731497 -0.053025275760338775 1.0026497674488402 162 157 136 0.31
534 -0.1935141503999601 -0.058177714449692816 1.0381397581625267 59 49 33 0.43
535 0.19468414241427534 -0.03421368930328138 0.9999984180806093 69 64 59 0.13
536 0.19447133525423363 -0.03080465308613608 0.9990710270137921 50 50 48 0.28
537 -0.10461135825056299 -0.03432255434561553 1.0154435163471174 198 190 158 0.3
538 -0.01726449231012153 -0.02998116790180391 1.0047857389182402 148 146 138 0.09
539 0.22595710451026987 -0.02031459757178128 0.992726665161114 110 79 32 0.32
540 0.0502798433566423 -0.02383764441259947 0.998956462230919 121 86 38 0.27
541 0.22520116071794916 -0.017806895844993738 0.9931209733641305 194 167 113 0.28
542 0.018124364974722935 -0.021660929828180207 1.0002551886946682 94 57 20 0.34
543 0.09220826584312039 -0.016875816361134662 0.9969818939668063 155 150 143 0.11
544 0.09600613564686727 -0.01698422658455872 0.996977772801405 146 147 139 0.2
545 0.06107308440638728 -0.01718252250393141 0.998712063098435 174 170 154 0.34
546 -0.17705114906093933 -0.022337741040138696 1.0274092367913297 127 108 69 0.34
547 0.05061431140085011 -0.012614142476963401 1.0016351339163683 106 104 95 0.26
548 0.05268743291908348 0.0385823802268757 0.9927404144813207 85 76 66 0.1
549 0.007213044367217547 0.05166495331265415 0.986089546206934 174 167 150 0.47
550 0.3148986121304078 0.05955706384187294 0.9714235716284806 74 73 64 0.31
551 0.16225096938876227 0.05914535852672586 0.9776880215615309 87 84 64 0.2
552 0.03792234354860264 0.06048856612589737 0.982324417780696 168 162 144 0.25
553 0.012059524535399145 0.0607696246445625 0.9860344728319547 139 136 120 0.21
554 -0.14364502970261336 0.057498110388402406 1.0038824430696764 107 100 80 0.16
555 -0.18792457236936683 0.05858213810004439 1.0095532903436975 89 82 63 0.16
556 0.0026537360181191753 0.08515448194294649 0.9800063038577707 185 182 160 0.36
557 -0.09843780819020312 0.08572638876312545 0.9931252789246454 140 133 108 0.21
558 -0.10056921294470844 0.09253768841419646 0.9898537808406165 176 171 146 0.47
559 -0.18862306590504158 0.09749961245646327 1.0030268995671574 132 131 128 0.28
560 0.06614429725077381 0.11047748545270715 0.9726535841235473 154 152 143 0.18
561 0.1454916179981416 -0.19087403331115302 1.0233666232832335 104 101 85 0.25
562 -0.1256298213937844 -0.150252434083204 1.037637538433453 114 111 98 0.25
563 -0.006545793309998306 -0.1327517324316835 1.0142758337582827 81 72 55 0.27
564 0.06358578456696343 -0.12489836288874111 1.0141999168042932 164 154 126 0.46
565 0.017893517772509984 -0.12190762808440872 1.0164380162410727 158 146 119 0.17
566 0.09359906496770617 -0.10989073798940932 1.011605373388647 166 163 150 0.45
567 0.031841820079207175 -0.10912939937989843 1.0134534648428275 189 182 162 0.32
568 0.31439232689031155 -0.09412577348107319 0.9967382953664335 83 75 64 0.18
569 0.10023903803007139 -0.10397042989897357 1.008652270133057 154 147 128 0.52
570 0.10529680743122326 -0.0987303811564313 1.0081245011571278 173 168 150 0.22
571 0.15159802100607897 -0.09542676739685524 1.0006523731177142 71 57 39 0.21
572 0.10529814360403404 -0.09570375915535088 1.0069481127979507 195 190 167 0.29
573 -0.004498453616705913 -0.10032947085463782 1.0136677140694121 182 174 158 0.33
574 0.06474469118743659 -0.09339088024521436 1.008344264646306 176 171 155 0.28
575 0.0010751017191886025 -0.0933270063856768 1.0125021634183287 200 193 171 0.32
576 0.06821580700965105 -0.08739541850583732 1.0070230537349827 192 188 172 0.2
577 0.14295238102363544 -0.08153302354206018 1.0029975356017664 187 179 155 0.19
578 0.0007837861649377465 -0.07931356194987313 1.008719679992897 132 121 91 0.19
579 -0.19629704644901963 -0.08722924501215377 1.0400360738321939 153 144 126 0.32
580 -0.1104717898587364 -0.07496966609535771 1.020816484690844 182 145 68 0.14
581 0.2206091280136348 -0.02204196944736408 0.9933778182391687 141 114 40 0.31
582 0.03237289952197136 -0.01929586579012178 0.9985341926144212 180 175 156 0.32
583 -0.01509289308840366 0.050262453838255644 0.9892485068414749 80 69 45 0.23
584 0.20976017775466632 0.059235930795665706 0.9749275450374135 87 83 74 0.22
585 0.1433827294332435 0.05866920579638625 0.9756648198483798 116 112 90 0.16
586 -0.023142293243233563 0.06236328721761108 0.988315667528881 43 34 26 0.15
587 -0.05626651782848596 0.06236486830825614 0.9909932041340608 27 22 15 0.34
588 -0.02435559847817252 0.08272755023346504 0.9860776326967976 206 194 163 0.48
589 -0.061067221751211945 0.08496734482099273 0.9822071245258955 151 134 98 0.26
590 -0.0662441344702145 -0.16624985692722816 1.0308142370635536 75 83 90 0.48
591 0.2976107784911627 -0.12550300922985452 1.0063045399609212 193 190 180 0.27
592 0.04931548349350553 -0.1317408149522034 1.0151426051957206 190 176 151 0.18
593 0.018485413753859765 -0.11145662170084253 1.013843304161056 191 184 170 0.46
594 0.3426285213861844 -0.08512454742206203 0.999442616751044 144 136 117 0.34
595 -0.11232889562442351 -0.10144579717471762 1.020574954897936 84 73 52 0.29
596 0.024287745246091768 -0.09389666741677047 1.011560278999441 185 178 162 0.42
597 0.1686900534606065 -0.08699225094581715 1.0049439768075583 134 123 93 0.38
598 -0.11186653247982116 -0.1082478372396998 1.0257458421009278 182 182 165 0.41
599 -0.09910169952327309 -0.021063632606171667 1.0137521118871657 199 192 169 0.51
600 -0.0008152910177759476 -0.012345089351530123 1.0010039248455032 184 179 157 0.5
601 -0.07445474355038832 -0.015044673951184829 1.0078845347892524 42 34 29 0.27
602 -0.17999414990827925 -0.01791122239756966 1.0266286440759338 170 166 153 0.36
603 -0.17490980997132477 -0.013826187623585008 1.0266802094314047 48 40 34 0.23
604 0.21419361471878245 0.0848528068366721 0.9716183711524444 178 176 155 0.2
605 0.0030534551357976596 -0.12602948415990817 1.0160996056631526 175 172 163 0.38
606 0.10252794213644932 -0.1137436888829892 1.009853543630492 166 160 147 0.48
607 0.26362703773717383 -0.0777476647543683 0.9983764637508314 123 116 102 0.49
608 -0.01590229071513847 0.05641459423792317 0.983798706104568 103 99 70 0.15
609 0.01606899060727681 0.05739826147019337 0.984893236099532 102 93 66 0.18
610 0.2277153654447122 -0.09479304636488964 1.0006984027120613 78 67 46 0.54
611 -0.007069752379384006 -0.1333135236618164 1.0139786072332366 99 80 53 0.6
612 0.14372604560219807 -0.1895695596425209 1.0245468865437422 225 229 227 0.47
613 0.014718340827721143 -0.08204078946726334 1.0084906514060847 158 149 134 0.06
614 0.05045534896613723 -0.08179492480103227 1.0068191474533579 185 173 151 0.25
615 -0.1861561879053918 -0.058705379888346704 1.032609934977404 94 88 78 0.28
616 -0.015594090903342982 -0.02832239587074188 1.003953386370786 37 36 43 0.11
617 0.10640665341801189 -0.017213592494426614 0.9946590715196448 66 64 52 0.16
618 0.06003724288696808 0.05218105072367599 0.9875576731345485 129 125 123 0.08
619 0.061430062114777105 0.055515483692256916 0.9816440650853206 121 118 111 0.16
620 0.09306102232838191 0.056182964097663136 0.981364429416377 131 128 116 0.13
621 0.2317663914970973 0.06021831419245325 0.9794213389658903 81 81 79 0.26
622 0.21458843296126248 0.09390235890246125 0.9701277646398934 130 130 129 0.51
623 0.02443228062848403 0.11135570654965758 0.9715326944894307 75 72 61 0.31
624 0.35534959017249124 -0.1401768603878061 1.0337539920435077 221 238 245 0.5
625 0.12055010516201753 -0.10610105508961953 1.0083782309859897 144 136 125 0.41
626 0.13752666649170872 -0.1010165376654275 1.0013814045214713 87 82 74 0.23
627 -0.0920718345538698 -0.08536285987486407 1.0213656934757724 112 104 87 0.19
628 -0.18652911827955768 -0.081463968448573 1.0365066167246402 178 171 157 0.25
629 0.17141994981657366 0.058757649167634846 0.9760903194376831 96 93 80 0.23
630 -0.10423242801494079 0.07216573981640846 0.9935619765720402 163 156 141 0.33
631 0.2572639243717726 0.08908331726669709 0.9725838819265354 116 104 79 0.37
632 -0.18607873060206429 -0.08803342756231058 1.0384861448626268 135 124 107 0.37
633 0.16084821777709052 -0.08722663362420625 1.0057179848289073 132 125 109 0.52
634 0.011094003763173254 -0.01476705663560517 1.0015398155433894 43 40 32 0.26
635 -0.09690262652836072 0.06263802345460648 0.9962339163598624 31 28 22 0.14
636 -0.03855328512911329 0.12260432970421282 0.9755249787619837 173 167 152 0.22
637 0.06903418223056797 0.12366365638120945 0.9704700968477069 74 67 51 0.17
638 0.24364825078326643 0.09974136571622781 0.9676796307906207 117 119 118 0.25
639 0.07080206644653769 -0.18884664483265445 1.0256139425941546 239 244 245 0.67
640 0.0005837941991729753 0.10233310181683723 0.9784113051083198 143 138 127 0.81
641 -0.013204620341605435 -0.04269166664041533 1.0069271131199249 64 59 57 0.42
642 -0.06867993097669013 0.10131199948178639 0.9771246595544886 173 166 155 0.31
643 -0.007802106171106647 -0.13453481467479023 1.0128951016933108 158 149 129 0.14
644 0.13825662823134782 -0.14657139673471883 1.0147938532898224 191 189 177 0.43
645 0.03308901810273031 -0.11864200817390265 1.0140223290757795 124 115 94 0.28
646 -0.0016898307824947988 -0.10375108402217031 1.014100980415354 100 94 79 0.31
647 0.07309286259236318 -0.10206109915211511 1.0104641089424655 105 97 80 0.34
648 -0.012031828486981718 -0.09485793272157657 1.013607850657559 83 78 69 0.32
649 -0.059370503831787075 -0.08953154909780897 1.01530971849275 151 143 125 0.32
650 0.06956273808732175 -0.09942740413727347 1.0097129024359348 140 128 107 0.25
651 0.020425913706791924 -0.09463347938162565 1.0113816943509186 182 171 157 0.33
652 0.03526975692670964 -0.09534568551398041 1.0102749476568789 102 93 78 0.31
653 -0.04646037203432756 -0.0886222263918638 1.0135017331451999 128 116 100 0.24
654 -0.03662034508850139 -0.0889515050004744 1.0135908384098276 126 115 89 0.21
655 -0.06379880999099968 -0.08587254238652145 1.0139724321601196 145 136 117 0.17
656 -0.003933910079010478 -0.0897854173834499 1.0115853377802044 134 126 112 0.61
657 0.09007177538809968 -0.09578603024026827 1.0091218605984733 163 158 143 0.28
658 0.1432751474647063 -0.09167448852967419 1.0022562300721332 56 47 36 0.36
659 0.09466717980874031 -0.08860414755809255 1.0060605584628712 150 139 124 0.43
660 0.09691565259754426 -0.08845732423873791 1.0055945509211917 150 142 132 0.13
661 0.12003538216498896 -0.08650560009238391 1.005188462196637 172 163 145 0.22
662 -0.106925164664471 -0.06508524189672003 1.0218856012491937 191 159 103 0.43
663 0.25087794922608225 -0.08468523404221397 1.0026388934629495 147 140 119 0.35
664 -0.02759046221023246 -0.060091847927557465 1.008505768464737 131 114 87 0.11
665 0.005628481490029515 -0.05583905467371352 1.0043236354297398 175 166 145 0.31
666 -0.21379169067557666 -0.03157406387271607 1.0389995379724593 57 49 37 0.44
667 -0.13778784340452216 -0.028233976205307265 1.0215854154414685 35 30 21 0.24
668 0.052968508057870345 -0.025775200692292527 0.9984636806918681 221 189 135 0.38
669 0.04244667036919298 -0.015063075854021366 1.0000094110705866 192 183 168 0.16
670 -0.019299593596395787 0.044870538973342255 0.9927246226489 161 140 93 0.24
671 0.08891821804975283 0.043267684233421415 0.9865506983274123 138 120 83 0.25
672 0.011082288506343308 0.04694397482238928 0.9909054819750408 164 158 155 0.23
673 -0.03211696866571254 0.053527234612523664 0.98294928898422 123 113 95 0.22
674 0.12260180463619239 0.05277244906392404 0.9832492805380544 123 123 122 0.11
675 0.12991140873537727 0.052815966621001346 0.9822007657746539 99 97 97 0.13
676 -0.15267472956143838 0.06195244110017297 1.0036158727507296 99 87 72 0.24
677 -0.027643311946447018 0.06142967813785633 0.9853567919139814 91 80 60 0.18
678 -0.15227556275522552 0.06511437266445753 1.0038196509787385 118 106 83 0.12
679 0.24520684221144468 0.05744142350514457 0.9733722582735445 90 93 94 0.13
680 0.15158731087721902 0.062011389352816665 0.9804783101187166 103 101 98 0.25
681 0.1360015159361144 0.06326159124465004 0.9754233552838909 88 86 79 0.21
682 0.24704959518988664 0.062394465001417064 0.974283653559885 115 117 117 0.26
683 0.2426299764328958 0.063871982534861 0.9744162164554131 66 66 63 0.35
684 0.24573762620530476 0.06397929121014731 0.974365071129276 76 76 71 0.19
685 0.24692464054064817 0.0656173714434946 0.974051733539749 127 126 122 0.25
686 0.2751860924209834 0.0654389540416139 0.973165094670079 95 95 88 0.14
687 0.24112273114385077 0.06690143001460308 0.9746096475352917 75 74 68 0.24
688 0.24890092578929898 0.06699413687221888 0.9746250176188305 70 71 64 0.18
689 0.2732890129431566 0.0668567068899954 0.9727315247329724 71 71 63 0.17
690 0.28306574744624347 0.06797078211250233 0.9720681372940368 95 91 84 0.31
691 0.03556762171660849 0.07933981507262557 0.9799595460363284 107 103 97 0.11
692 -0.12796801829680346 0.08476073782321394 1.000253535107397 102 94 80 0.32
693 0.21533101296243234 0.08051629148208324 0.9725926050221889 116 116 117 0.18
694 0.02190002330982496 0.08474672092412529 0.9853326163407857 65 57 46 0.22
695 0.03429096936900164 0.08590626448344851 0.9793625668030806 121 117 109 0.17
696 0.05165206479316214 0.08618654448398379 0.9827709608329361 98 94 86 0.07
697 0.08145534689253421 0.08743156252908113 0.98088170993704 88 85 78 0.27
698 0.08128898366927036 0.08964736335682083 0.9799854709491497 88 85 80 0.24
699 0.2655194946910557 0.08745670790155824 0.9735225892809016 30 31 31 0.19
700 0.23001632789424306 0.09123849665939869 0.9740586677146533 56 54 52 0.15
701 0.08680397040892576 0.09365154682072414 0.9795377447747371 86 85 82 0.11
702 -0.15223870577424622 0.09815288608769548 1.0012136303153956 150 145 136 0.3
703 0.21100787784659822 0.0941336683124696 0.9707811390187631 104 105 103 0.17
704 0.21262492330509397 0.09435329536149398 0.9701069926860797 75 75 70 0.12
705 0.11046783585670823 0.09659847765457023 0.9713825993790361 138 135 126 0.14
706 0.0007059791911252994 0.09931360096869887 0.9781237928805001 137 132 128 0.19
707 0.03667526574865515 0.09942887811943898 0.9764736384898983 131 130 123 0.22
708 0.20551838117451887 0.09905398295350222 0.969497974599775 81 82 82 0.36
709 0.036142792298668756 0.11097338559517794 0.9737382260808856 94 93 89 0.22
710 0.03185707214661067 0.11127414071221427 0.9718004184309541 48 48 47 0.25
711 0.034202430447829876 0.11238447390080793 0.9741385133780338 104 104 101 0.27
712 0.03559754562085118 0.11242871171536448 0.9726302100767656 27 27 24 0.19
713 0.10787720886802747 0.11179041216768533 0.9706869300297757 74 71 65 0.21
714 0.06640662167419811 0.11512844893040593 0.9719459837957758 89 89 86 0.36
715 0.24210126103611243 0.11645068846946577 0.9665483150434726 60 67 68 0.07
716 0.09010228629984451 0.14580090195942425 0.9413130531216375 82 81 81 0.27
717 -0.1321906040899962 -0.1551263298139452 1.0373102897036817 182 173 163 0.37
718 0.20024072855647235 -0.15340504355275988 1.0128542479551657 84 79 73 0.4
719 -0.00700909104707896 -0.10857386645188252 1.014938139209017 190 183 163 0.09
720 -0.01595485511014452 -0.10337277056033238 1.0153663151632635 135 123 100 0.26
721 0.1517772000607287 -0.11679817864114032 1.0105869961104679 81 76 68 0.36
722 0.015658551767571784 -0.10215205878094699 1.0122569319403092 181 172 154 0.3
723 0.029815293365404213 -0.10193890185072757 1.0116808372687764 146 139 132 0.27
724 -0.20198316781570405 -0.08364556939747848 1.0390676161890715 95 86 72 0.51
725 0.06399827426652964 -0.09717482936679929 1.0099750797313647 195 185 162 0.42
726 -0.02710388200549776 -0.08942324935812364 1.0122392354957086 114 102 84 0.13
727 0.09324398350737463 -0.09712059076155563 1.0090087636535028 189 185 167 0.23
728 0.09696321603143795 -0.09344907975804745 1.0073870055131566 120 115 104 0.43
729 -0.015566197376802024 -0.08299382940602273 1.01151639651069 214 203 181 0.22
730 0.033156095068642075 -0.08241761999081715 1.0082357948660834 166 147 120 0.1
731 0.09388145052597771 -0.08692908881617382 1.0067811464594791 189 181 167 0.29
732 -0.1831080046034571 -0.06648750841925344 1.0360477171231082 150 118 56 0.35
733 0.09711690377518517 -0.07983067825139992 1.0045619864456752 155 149 131 0.13
734 -0.1453364997417502 -0.060798558049218666 1.0256672252372558 169 152 126 0.2
735 0.03554287245115631 -0.0669352395391558 1.0041191255070636 214 181 111 0.1
736 0.353029285234746 -0.08908429152809692 0.9970535899405099 61 51 41 0.49
737 -0.060931094553021245 -0.06037139196029534 1.0097170175333312 158 145 122 0.09
738 -0.02788239192019003 -0.062288262666832 1.0104742542699305 189 173 145 0.17
739 -0.02247404522325194 -0.022077161007923122 1.0046978090715208 54 47 36 0.11
740 -0.1731331568216516 0.04716203619997699 1.0141006944882551 119 110 102 0.29
741 -0.09415910434129156 0.04897971246344226 1.0011333119068098 41 35 32 0.24
742 -0.09590512554839585 0.049663077376002625 1.0013045815090023 157 149 141 0.2
743 0.08539407701360105 0.04481187663080569 0.9863913308036099 48 41 28 0.13
744 0.12467675255479116 0.04646343904017906 0.9843215326293554 29 30 34 0.09
745 0.08170379513862187 0.05054739615577199 0.9844251539008347 161 148 110 0.54
746 0.13189274871450418 0.04954882257970007 0.9836923296876103 33 32 28 0.07
747 0.07033590240352827 0.05253524471123688 0.9787176672429042 154 152 144 0.26
748 0.14846670384750907 0.05265788039961605 0.9797837002609484 115 114 106 0.11
749 0.19081208133250835 0.051728636967181156 0.9804418451776687 74 68 49 0.25
750 -0.10366470306753024 0.06280718807428504 0.9962101797233195 170 159 133 0.26
751 -0.10888042000539465 0.06726411185958607 0.9960755336585377 153 139 111 0.34
752 0.14657494892777587 0.06148791478956919 0.9762547382044098 159 157 150 0.16
753 0.13831749098336332 0.06463987877416687 0.9757167817397877 129 131 124 0.11
754 0.22668704707402032 0.06257891521054028 0.9789952846978774 82 84 88 0.09
755 0.21526815741955443 0.06552194764655027 0.9747884078973917 137 136 129 0.26
756 0.2431986515141943 0.06559909241877712 0.9742831670593185 124 125 122 0.08
757 -0.14792427400299704 0.0805062339294057 1.000467732200385 132 127 106 0.25
758 0.011563646167814558 0.08556416601686456 0.9859084474673846 128 115 87 0.45
759 0.2688964695180835 0.08199957070325256 0.9762918265335948 21 25 27 0.14
760 0.21489030653190758 0.08379066238414729 0.9712742824836836 132 134 132 0.42
761 0.21645306106023304 0.08514327894945203 0.9706647923897513 37 34 35 0.21
762 0.08122537031677461 0.09303673474892268 0.979638728371158 86 86 85 0.15
763 0.26639983594453703 0.0922036994926864 0.9736515818850876 50 51 51 0.09
764 0.040051025922219145 0.09653435036273825 0.9748286864769984 126 127 121 0.33
765 0.09784279155208733 0.09653502986311281 0.972805142961255 132 134 130 0.26
766 -0.06505915022416911 0.10070201780663005 0.9796328164466649 184 174 153 0.49
767 0.10308692906851327 0.09967695113677952 0.9733261437073053 98 96 88 0.25
768 0.21867109693118975 0.0984230439292834 0.9695681609197024 81 81 85 0.43
769 -0.15524625113416307 0.10537436164014286 0.9952648156614949 65 52 34 0.24
770 0.14701329878878444 0.10393380333407845 0.9676390220719334 32 31 29 0.44
771 0.0404942568221744 0.10697110767978388 0.9770578223716564 125 123 111 0.26
772 0.24427366834134726 0.10998151317647602 0.9675696693105146 98 99 95 0.41
773 -0.030298960393636883 0.11356137784507063 0.9773677431093798 151 138 118 0.24
774 -0.03231856203576254 0.11527332863464157 0.9772741189719486 96 90 76 0.33
775 -0.035761249058812276 0.11565752502125996 0.9778195492808531 104 97 86 0.11
776 0.10020061512290489 0.11632809255075899 0.9701676334213878 79 73 60 0.32
777 0.1398084605941409 0.11602322648985389 0.9688555638683687 87 84 70 0.3
778 0.1715268396661055 0.11847118740418347 0.9671255629549306 143 141 130 0.27
779 0.02880135480998759 0.12133630135656609 0.9727599886979916 39 37 26 0.09
780 -0.14906987975747715 0.13190468803758632 0.9923263086070943 122 116 98 0.39
781 -0.03454385935953114 0.13149256999559197 0.9752861994255418 132 128 115 0.15
782 -0.032534950461480264 0.13247776982538448 0.9744494695116115 97 91 83 0.14
783 0.19827939138049447 0.1380536470587574 0.9721959459393977 67 71 76 0.2
784 -0.013550556165781973 -0.10586176155116392 1.0154427566089965 222 214 188 0.19
785 0.06320708339394081 -0.11038191110135519 1.0119322777208033 171 164 143 0.29
786 0.007413769941340153 -0.09497063006785825 1.0120300466430434 197 185 170 0.22
787 -0.0355695122557616 -0.09127426085630316 1.0134235621393155 193 186 167 0.07
788 -0.016238788411288282 -0.0912952283832127 1.0122710540194346 190 179 163 0.3
789 0.0009375983445244847 -0.08799831320488329 1.0111840129915086 189 183 166 0.46
790 0.07964940730935036 -0.08945598035863564 1.007335139949672 146 139 118 0.26
791 0.09045509890317167 -0.0821301148928936 1.0054667525424306 187 180 164 0.29
792 -0.14117041295353616 -0.06745686106890952 1.0282627558098958 193 172 127 0.34
793 -0.1449113600286998 -0.05641882813848476 1.0262127592897177 186 174 149 0.3
794 0.28706392371084 -0.08200820013128556 0.9996233962324553 98 94 81 0.29
795 0.28278003283239456 -0.07952542374173432 0.9991750334270824 169 164 154 0.27
796 -0.09016034823239785 -0.0331357012778017 1.0159100812037698 62 55 56 0.37
797 0.008314667246106648 -0.0329925250892838 1.0039069787167343 224 214 194 0.34
798 0.08021162181403485 -0.014258431220346044 0.99974152099906 38 39 39 0.33
799 0.13908373883482078 0.03696491554686942 0.9792692069344471 58 57 48 0.41
800 0.2739939614745775 0.04581133187330715 0.9756881788489699 38 37 33 0.19
801 -0.10410414647762292 0.059580200573233606 0.9954621336841653 166 159 142 0.18
802 0.19939919695295374 0.06201961589729732 0.9799567924007878 82 79 78 0.29
803 0.31945389451008627 0.060786331731507555 0.9712759503380843 39 38 34 0.2
804 0.26633131766494633 0.06271327477833774 0.9792692695520817 82 83 82 0.22
805 0.13450317163698472 0.06734203174114167 0.9778633886594513 140 140 136 0.32
806 -0.14838961258836844 0.0829131836330179 1.0008713855829976 140 128 106 0.25
807 0.192755200206266 0.08098489037307899 0.980683043051929 45 44 40 0.22
808 -0.1276084441845082 0.08848661776853133 0.9991405779753079 130 120 91 0.2
809 0.07096317406760394 0.09199747998167683 0.9761864110178967 122 124 118 0.25
810 0.04513905826756559 0.09454901179017294 0.9862953367497632 91 94 93 0.33
811 0.276804259695462 0.09651229078073427 0.966961151112803 126 129 125 0.25
812 0.23690678652656227 0.09826239654973101 0.9657585259408209 43 46 42 0.15
813 0.2311738053013708 0.1011112088219888 0.969661894328215 18 18 14 0.22
814 0.2606175124677703 0.1017138107211757 0.9714079237971757 43 39 26 0.43
815 -0.03413875228973469 0.11695995543211135 0.9776451897397161 149 132 114 0.21
816 0.1735693383722896 0.11632749695688843 0.9671764742877698 115 108 95 0.24
817 -0.034471316920060543 0.11930075490565112 0.9766140500104735 143 134 118 0.21
818 0.13710583310907384 0.11827111317340942 0.9679482082190138 138 137 128 0.3
819 0.1395906682335228 0.12010896845694397 0.9681843646139827 91 88 74 0.31
820 0.10046378548104176 0.121592811580061 0.9702033481203864 81 76 59 0.14
821 -0.03415291318754538 0.1277375323948375 0.9756465751091374 146 140 122 0.2
822 0.04167375261944024 -0.11580746388557653 1.0123577277742217 167 157 137 0.38
823 -0.02255461478206522 -0.1031132010344469 1.0149472986595214 170 168 159 0.32
824 0.07786947635830634 -0.10814472355699198 1.0119683868551816 202 193 167 0.34
825 0.11149129372330444 -0.09630798024516057 1.0073885944197418 200 194 174 0.33
826 0.134317618857346 -0.08154013480837935 1.0030344846617598 181 173 158 0.14
827 0.17285829794220955 0.049048259367437494 0.9733934119745807 121 119 111 0.42
828 0.13174670728310972 0.05910965265447952 0.9787011264627729 49 49 48 0.1
829 0.1914780696156171 0.08532848881089922 0.9760533633531208 73 72 64 0.18
830 0.025338135269466423 0.092626071113715 0.9815280475673678 42 39 28 0.38
831 0.13317099697441775 0.10082944777039274 0.9703906239488638 162 159 153 0.21
832 0.06506717088752606 0.11286610544567577 0.9701007035069129 47 44 34 0.32
833 0.10088563352521546 0.12305898604045189 0.968963944000639 95 88 72 0.31
834 -0.06262154331925861 -0.17647388603520164 1.0340392641795728 95 77 59 0.51
835 0.0538226857583923 -0.11292444190727298 1.0119622976136833 157 146 124 0.18
836 0.2961179967250839 -0.1130351572507809 1.0079006203626757 71 61 63 0.25
837 -0.15292878941306334 -0.022482866886310328 1.022297035834262 119 102 76 0.39
838 -0.14890080210693532 -0.019753484821997357 1.0196664917252307 173 167 146 0.29
839 0.1676358168866921 0.05960679692406747 0.9785488412240108 59 59 53 0.3
840 0.18473757878916705 0.0647387655158406 0.9765809915666976 22 22 20 0.18
841 0.24950793870132357 0.06929695638710695 0.9736192967772193 125 127 124 0.45
842 0.2136595647843429 0.08795913113365214 0.9708561489017575 114 116 114 0.19
843 0.08019023263518832 0.09247013973054921 0.9791016910336302 97 96 85 0.27
844 0.05645415926020459 0.09583268844736659 0.9803351928572102 123 122 122 0.22
845 0.21770490981840596 0.10107889314708296 0.968062784736961 13 15 15 0.44
846 0.1117641471831665 0.13147215454029448 0.971843629833022 105 111 111 0.67
847 0.06513860247463463 0.13319854616826865 0.966969225466297 85 83 80 0.13
848 -0.05026146995144175 -0.09965653040054435 1.017410628170124 165 157 141 0.26
849 -0.014443089352049684 -0.0982255611411313 1.0125232996778086 208 197 179 0.51
850 0.12784055947251077 -0.09749686413916374 1.0069233965597808 176 170 158 0.46
851 0.08517686062160719 0.04724939550916522 0.984985732702685 63 58 43 0.21
852 0.0790952023533239 0.09974405630349202 0.9748941158567654 36 34 34 0.31
853 0.2934581688231151 0.0984635490330498 0.9682536336129555 98 100 101 0.48
854 0.05873524238898124 -0.07931167959966762 1.00623774075594 151 137 110 0.36
855 0.11523037102665129 0.10059375755565775 0.9724703718461246 24 24 21 0.4
856 0.1992355943337877 0.10091051443783156 0.9726245136059 17 16 18 0.29
857 0.0957705410960799 0.15151048924373692 0.9314978974669959 92 97 98 0.53
858 -0.029500559454894652 -0.11198451328100588 1.0172638083418988 186 179 162 0.42
859 -0.03451007355645731 -0.10074425029988442 1.0164679845914342 147 142 125 0.58
860 0.04172322690245369 -0.0915976135848279 1.0034671637934869 180 167 140 0.87
861 0.19223141454081613 0.09203411895855129 0.9708500549845979 111 112 106 0.73
862 -0.10333967193611976 -0.051475032593114124 1.0186117153400076 191 183 163 0.52
863 0.19227085799785396 0.07220637902910969 0.9743717565438816 33 34 37 0.31
864 0.2254447068954562 0.0713230744509996 0.9730000610687874 35 37 38 0.57
865 0.12191896977691798 0.10486496824028411 0.9700669872528308 37 43 45 0.32
866 0.06847445913543031 0.10674848915777589 0.9707039631984871 109 111 108 0.32
867 0.08503913431624745 -0.13472184190936093 1.0077341604761405 63 54 47 0.14
868 0.100997982194996 -0.10795376877442034 1.009257639156667 82 74 58 0.19
869 -0.0048072800844411534 -0.10287596082342321 1.0147265219256458 153 150 139 0.34
870 -0.10979603599171389 -0.08693592754157495 1.024619328586488 132 123 109 0.25
871 -0.053672035810659685 -0.08754569121150778 1.014290917474518 171 163 147 0.1
872 -0.058113024859783105 -0.08575681450422974 1.0134814580391058 137 129 116 0.19
873 -0.024208491238551913 -0.08546303885704046 1.0116223873658716 121 112 94 0.09
874 0.008293272842548386 -0.08455493512401893 1.0090765087475861 103 96 79 0.21
875 0.07559292304893869 -0.08192597106533955 1.0060805350343531 157 150 135 0.24
876 0.3654253447216046 -0.08689638885047113 1.0009880873385206 98 97 92 0.35
877 -0.1145499817341882 -0.023350616086743905 1.017729435767357 121 119 117 0.08
878 0.09618917070813135 -0.023181396069146615 0.9983538951297694 155 151 151 0.09
879 -0.11466929377822445 -0.018714565263551215 1.0162446523406599 135 130 127 0.1
880 -0.004913399766149569 -0.019353809201959747 1.0032716751919224 56 50 48 0.28
881 -0.09570562838181292 0.04581897333434264 1.001573979925277 134 130 130 0.11
882 0.09363660135440985 0.045021738986869154 0.984787327623553 90 66 26 0.29
883 0.06596254650865684 0.055303140848539524 0.9805236939689581 138 132 114 0.22
884 -0.099867905177732 0.05981013657792839 0.9950088791903403 127 120 108 0.36
885 -0.10197531256884823 0.06133592838374584 0.9943562871686177 81 76 63 0.23
886 0.03560001585478558 0.06538471369617119 0.9810428068716966 122 113 92 0.16
887 -0.1476825213258881 0.07693440649410757 1.0007488584089745 131 121 108 0.33
888 0.03555692645139225 0.07627185948839997 0.9804192350399623 127 117 102 0.44
889 -0.11530624684998628 0.08439685357674555 0.9937287429647006 74 62 46 0.15
890 0.03544857884551246 -0.08946127171944576 1.0089482318301553 121 112 97 0.33
891 -0.0841272805603293 -0.08747032391705793 1.0211578961609007 142 134 115 0.24
892 0.011908545217028615 -0.08464129178654117 1.0090091710288143 80 71 54 0.23
893 -0.14555858143830055 -0.06672640354265043 1.0267236565009004 162 129 73 0.29
894 0.09717625148173106 -0.01391578228477756 0.9952262897309845 41 46 41 0.14
895 0.060188810532475 -0.012292329451656954 0.9994775024916309 105 105 104 0.37
896 0.024985302905372552 0.04145480166077777 0.9899378585148827 107 105 105 0.13
897 -0.0066082719876291215 0.043000997921881064 0.9895124921189765 79 72 54 0.19
898 0.026579249813664663 0.0428453385974823 0.988393515204719 44 40 37 0.21
899 -0.12643049139071516 0.046327236454722594 1.0048276578282676 167 134 91 0.06
900 -0.036836496735766194 0.05737281805524585 0.9854965141437566 88 83 67 0.2
901 -0.17495562717737242 -0.09177005273777057 1.036870386260463 97 85 68 0.46
902 0.14967576318055437 -0.08720801981354742 1.0045433525530318 164 154 131 0.45
903 0.29328489968370386 -0.08200373284891482 0.999580933006159 87 84 72 0.3
904 0.04272307626163893 0.058398635051021074 0.9823057679556 60 54 40 0.23
905 0.12230360589238506 0.06413628402088285 0.9802262415878567 31 28 24 0.12
906 -0.12994301617703713 -0.12980478325815759 1.0383242441542433 183 180 170 0.53
907 0.06719549993312023 -0.05637394987093322 1.0021753078299138 188 176 151 0.24
908 0.13346443503596522 -0.09133829944192863 1.0047186726786341 171 165 152 0.4
909 -0.16342480359260733 0.0846530338851421 1.0045472335435637 119 101 67 0.43
910 0.05425326282537577 -0.04203097462335365 1.0003530914213368 92 92 98 0.55
911 0.085165884809604 0.10523187595468661 0.9665773158263157 57 60 54 0.61
912 0.26345747885493953 -0.07507112256230349 0.9983733660521119 113 107 93 0.31
913 -0.17184528076737893 -0.01971043267983852 1.0242873817258367 173 153 114 0.36
914 0.13650336363790733 -0.10785378784967371 1.0010197166498525 111 98 82 0.22
915 -0.22337535814396228 -0.07772806577891052 1.0431635594526796 124 110 85 0.27
916 -0.16908039216669396 -0.018330152614142385 1.0231458963696662 126 113 87 0.35
917 -0.08880103881782984 0.04975982713587574 0.9971643856111629 99 96 93 0.3
918 -0.0020165066574991067 0.12747002298805077 0.9727565882283351 116 104 87 0.6
919 -0.07747277309237749 -0.0926441959744718 1.0197457909176966 86 80 71 0.26
920 -0.17151513007220515 -0.0966728931104032 1.0340739807133448 82 74 59 0.26
921 -0.09853935892122406 -0.013670656119158454 1.0119816576899392 174 173 163 0.25
922 -0.07792766458319582 0.0874163220614665 0.9896537909699796 124 121 112 0.15
923 0.06599682005623747 0.10252873520125143 0.973765973348343 162 156 141 0.16
924 0.14093010103749026 0.1322614395259849 0.9650318923056548 159 155 140 0.36
925 0.30026634454331397 -0.0943586275043907 0.9979326727905732 92 86 74 0.33
926 0.07109860130925452 0.1142246895824052 0.9717295335029925 157 160 154 0.31
927 -0.1550034619386253 0.12364649569804358 0.9900378315064813 123 109 91 0.3
928 0.19583057906404927 -0.08620513224536015 1.0030100034876894 140 134 122 0.3
929 0.13637555034636598 0.09177568781931601 0.9707700109351337 147 146 134 0.31
930 -0.16482586477643446 0.10012604954454124 1.0001321147797826 50 46 42 0.4
931 0.03383398901416314 0.10396810623807755 0.9764491117108035 139 138 126 0.22
932 -0.04482973202727715 -0.0814532785718626 1.008320740765716 196 192 174 0.9
933 0.0773728743561385 -0.11719010263087164 1.012868208636209 172 160 139 1.05
934 0.08148127819959884 -0.13143297378532898 1.0105171803789275 76 71 59 0.09
935 -0.08182613756658273 -0.09917611324946235 1.0165687026312367 127 119 111 0.26
936 -0.0052241401421623725 -0.1048026139225857 1.0145072920207998 89 82 76 0.11
937 -0.018207793538126855 -0.10057972381291945 1.0149263558153456 158 150 141 0.26
938 0.29878728617811995 -0.15804938165074567 1.0053868890013742 225 235 241 0.3
939 0.027120439229327137 -0.10204883818832955 1.0117542912882467 58 52 42 0.1
940 0.19108661798935253 -0.13165451006444465 1.0090680826998095 71 68 58 0.28
941 0.029042367477720422 -0.09986693044933875 1.0110311863343238 90 83 71 0.18
942 -0.014665100647537965 -0.08796121296984717 1.0134752666946332 162 149 132 0.12
943 0.05383763182147815 -0.09415598978357967 1.0095247623080952 121 106 77 0.29
944 -0.03156379717566182 -0.06024473747495211 1.008814287033568 109 98 76 0.13
945 -0.0441453266307822 -0.028536475595795103 1.0057502566591905 88 58 22 0.14
946 -0.07353449372636357 -0.01750186684115056 1.0086914564183618 101 101 95 0.2
947 0.024339532302324877 -0.025526917912372923 1.0012197376778749 185 150 95 0.31
948 0.02891599965156389 -0.025744265784087582 1.002104777880388 149 134 117 0.18
949 -0.04131184036377767 -0.017394819929283045 1.0041187133089593 119 113 110 0.12
950 0.0891678239694035 0.049153130760686795 0.9841736159570317 95 73 30 0.2
951 0.24532585807692442 0.067074676349063 0.9745842529461249 97 94 86 0.48
952 0.012050913210410907 0.10926521249945081 0.9743789042755118 80 74 63 0.18
953 0.0771881956953589 -0.16294565103368402 1.0201386223832716 166 166 169 0.31
954 -0.07540801261014092 -0.09994964825055315 1.0133517549388344 48 45 35 0.08
955 -0.09366682076689141 -0.09486239042655961 1.0211565156431333 107 99 84 0.14
956 -0.10228463012520772 -0.09075553043693409 1.0239083649653344 102 92 79 0.28
957 -0.029522939474742806 -0.09986908286856147 1.0139827554189949 154 150 140 0.45
958 0.08454887168954092 -0.11543146738485548 1.012075161347377 156 149 136 0.3
959 0.08050565835801023 -0.1122597872822034 1.012195705097311 175 164 135 0.36
960 0.2893398576604203 -0.1439963007036658 1.0107302451559657 174 171 172 0.31
961 -0.009986057065930766 -0.08962414849309874 1.01176697821888 110 104 91 0.3
962 -0.005656472037449411 -0.08468698594316212 1.0101827507201144 123 116 102 0.44
963 -0.10179054687299556 -0.06459197104322446 1.0196768958373714 185 162 117 0.26
964 0.15540296715225027 -0.08082824052333798 1.0034138868527154 136 129 115 0.07
965 -0.043636681211913775 -0.0299125559874675 1.0046876770942559 186 158 103 0.41
966 -0.01904789478501348 -0.025346824029715855 1.0054437036065955 49 45 47 0.19
967 0.022378665353566658 -0.024098984669437242 1.0010406261079516 111 79 44 0.52
968 0.09800723089248382 -0.026962158402154258 0.9986732246884036 39 42 46 0.25
969 0.13415565527658058 0.03624903736583423 0.9810500303152045 153 147 134 0.1
970 0.2009018390953826 0.04611638848485401 0.9805005057969552 91 69 38 0.2
971 0.2759004665806597 0.043558230673537375 0.976064871159278 107 109 107 0.34
972 0.3034614490847417 0.06692784535921115 0.9763109548413451 54 57 55 0.28
973 0.251009355139752 0.09826237327678912 0.9660692961925452 48 50 48 0.44
974 0.06821311656494357 0.120437832237496 0.9712404855165009 71 67 61 0.29
975 0.10297441476593638 0.12365867070865275 0.9686621272850563 75 65 54 0.27
976 -0.1845699821552783 -0.08391392389440808 1.0354929017749477 73 64 51 0.39
977 -0.10405601640398854 -0.0878487398285658 1.023851157091732 138 125 107 0.29
978 0.1960436960618994 -0.12620761184355359 1.0097648473540848 171 169 162 0.24
979 0.3818920479283844 -0.12394735635885192 1.0054121216566478 236 242 239 0.55
980 -0.21526608604845615 -0.03156800621977963 1.037023097164755 154 152 141 0.46
981 0.11607514291013661 -0.02352419380847827 0.9959315607930924 109 82 43 0.11
982 -0.016703360347740847 -0.007956821120708538 1.005019642207136 137 141 139 0.34
983 -0.12527631704647266 0.04848869307083691 1.0051681885487052 71 43 16 0.21
984 -0.18954950295213513 0.09549289708450291 1.0054794944142613 118 113 104 0.41
985 0.24037639625782525 0.10506255547391984 0.9674496014256482 32 31 23 0.17
986 0.2500850571651289 0.10921665965105826 0.9651913892765128 11 8 7 0.34
987 0.1481904867291113 -0.16424901138897202 1.016237986431194 70 74 79 0.19
988 -0.09846152262074202 -0.08814919018719808 1.022325786445266 155 147 131 0.32
989 0.11457824005333499 -0.11811546462133853 1.0060119679728345 84 76 63 0.27
990 -0.06893978563801215 -0.07554212891451625 1.0105385788276013 220 189 127 0.33
991 0.030488114677977005 -0.07488053068957706 1.00569655711311 217 190 126 0.23
992 -0.025429588950996528 -0.01406482975867047 1.0027626388798012 209 204 187 0.14
993 0.12398572627225182 -0.023520270336895167 0.9949958573404127 208 180 119 0.48
994 -0.15622639684611764 0.10281586575914815 0.9962363992426047 46 41 29 0.24
995 -0.12378153604207126 -0.1625604771022608 1.0395238997768048 93 94 91 0.56
996 0.14547774169918448 -0.17475387771263945 1.021502386627393 109 85 60 0.39
997 -0.02562150250650923 -0.020311021087348186 1.0041535960410009 165 160 155 0.31
998 0.11838842895634612 -0.07219000330777144 1.0021682716580265 27 26 28 0.54
999 0.3772238527981502 -0.1182857911107132 1.004052385825653 104 108 108 0.51
1000 -0.007102131675899361 -0.15553526799368897 1.025568977730741 154 162 167 1.33
1001 -0.06639619390893921 -0.12571297172087129 1.0262021227349152 204 203 203 0.61
1002 0.008490396056113297 -0.12276879198581256 1.0156571790322606 108 104 94 0.2
1003 0.09469690073882733 -0.09152389846631183 1.0074662374851522 169 168 163 0.22
1004 0.008613776673963562 -0.03788259801104896 1.0048172028536264 180 175 166 0.24
1005 -0.07130789165341306 -0.02396799273301903 1.0065557396163212 142 132 115 0.12
1006 0.014445307183246143 0.040960018569312286 0.9912089717481288 130 130 129 0.15
1007 -0.14086519696919977 0.05059899726997521 1.002476026407706 172 171 167 0.14
1008 -0.03065628775403601 -0.09293768627752624 1.0140691821247683 164 159 144 0.39
1009 -0.150530524544381 -0.014238148718430722 1.0225080204435861 168 164 155 0.2
1010 -0.18739762738933238 0.051629888570702366 1.007114820148566 144 142 138 0.31
1011 -0.03536781925504981 -0.08079504716125335 1.0105223271264638 175 168 146 0.75
1012 -0.06231420619096996 -0.052341259786162976 1.0097413140222413 197 192 171 0.73
1013 -0.045518435657009484 -0.07011683310365455 1.0102247237657027 64 68 73 1.18
1014 -0.1820837936106687 -0.125592505017906 1.0449014942372037 180 175 152 0.39
1015 -0.014458779954971177 -0.09620333466690521 1.0121127374917493 191 185 171 0.33
1016 0.2677646285102412 -0.09030546567256995 1.0013104298569933 88 84 80 0.4
1017 -0.02606772181675234 -0.0831941549206039 1.0109541347350566 214 205 183 0.41
1018 -0.0298722412798305 -0.08281867145327598 1.0113934025444762 209 200 185 0.12
1019 0.010082074239576926 -0.08220357858724694 1.0085078328582677 202 196 178 0.29
1020 -0.19232974772057357 -0.08156155749677459 1.03741128782222 166 162 151 0.42
1021 -0.06093180668966199 -0.055296811014200566 1.010874317904162 174 166 143 0.09
1022 -0.007498814436133774 0.0230302164688654 1.0009796802298756 149 152 154 0.22
1023 -0.10303368477551175 0.043414915476037846 0.9981209425201727 107 100 87 0.16
1024 0.030553368722676378 0.055442658702444136 0.9817928894588122 137 133 121 0.3
1025 0.09891970231514478 0.05784877792547617 0.9779790064485684 99 94 81 0.16
1026 0.018057941086281754 0.05831547011660252 0.9873675690778906 82 76 60 0.43
1027 0.1648624698398952 0.06192767290314141 0.9793967180154559 103 105 106 0.13
1028 0.05451077159382659 0.061068206043340886 0.9862692577864828 113 111 105 0.11
1029 -0.1976471917021216 0.05909771626019489 1.0139289465709846 70 64 53 0.43
1030 0.11362215073370026 0.06362953955420589 0.9789209135844629 51 48 41 0.17
1031 0.19511945179966558 0.06768034306994021 0.9815565193616463 55 53 49 0.19
1032 -0.03412913339908092 0.10967419761450321 0.976492809138493 154 148 131 0.17
1033 0.31028328162409596 0.12243005408261302 0.9664459952074408 96 99 96 0.53
1034 -0.00940372804021652 -0.10079362972784588 1.0141447229930645 113 108 94 0.15
1035 0.3325760064422535 -0.09419731272280746 0.9969781051097875 75 74 69 0.1
1036 -0.02410888666309607 -0.09713852017073742 1.0133189114357215 156 152 131 0.17
1037 -0.212621229029908 -0.09127702495733866 1.0437377129872152 103 94 79 0.28
1038 0.19399182975803553 -0.08263471512958369 1.0020152087379819 103 99 90 0.29
1039 -0.002155048806887929 -0.08480811571799778 1.0102504127321528 110 103 90 0.24
1040 0.03081151420268681 0.04385852542238486 0.981418738337093 86 84 78 0.36
1041 -0.06714372605053039 0.046720693553605655 0.9851747268001121 172 169 158 0.21
1042 -0.08570093538477717 0.055218166445567894 0.9946651517788864 123 121 109 0.11
1043 -0.06363519466587528 0.056699710345186234 0.9871935318617471 119 113 99 0.2
1044 -0.061137933444687445 0.08905793543513553 0.9803881378997901 124 118 100 0.3
1045 0.09863442267325487 0.13066862783387015 0.9716728292715007 162 155 133 0.2
1046 -0.15115972183022905 0.13198343072398708 0.9914654849595104 168 165 148 0.45
1047 0.0015396035996756078 -0.10088064147677263 1.0120850157505605 190 187 173 0.46
1048 -0.058371376895160934 -0.015448105260790271 1.0034863819343234 214 208 189 0.43
1049 -0.03885631109559729 -0.015330444729840263 1.0044575109997322 43 42 38 0.23
1050 0.09980809169576225 0.03829833519436152 0.9833240075654776 180 178 171 0.22
1051 0.10344625837550492 0.048951588662612365 0.9776889053961513 162 159 144 0.1
1052 -0.19756907354592165 0.08951037198797057 1.010291570316833 90 78 61 0.32
1053 0.059922484131712354 0.09236205395297166 0.9818933868763184 75 76 66 0.37
1054 0.0019656341445931937 -0.10582116232506458 1.0144225370510875 176 175 158 0.43
1055 -0.057887413902226854 -0.0371893966669523 1.008382143549864 221 203 177 0.09
1056 0.041829090749239156 -0.027849134944036458 1.0001543978950918 224 216 199 0.11
1057 -0.03768792996050219 -0.024501090126291106 1.0045121291955863 107 94 72 0.37
1058 0.14810710830802848 -0.01659938251319009 0.9934906173161663 203 199 183 0.36
1059 -0.01154329242733314 -0.08159686900398368 1.0114926029915656 154 148 128 0.27
1060 0.10811285906918877 0.049269561458127914 0.9787940905297091 165 160 149 0.24
1061 -0.08492007002014598 0.08384548326828979 0.9932992118136126 111 112 104 0.23
1062 0.1907078892239025 -0.07033401277286248 0.9998904111133375 31 32 34 0.74
1063 -0.07483818939766161 -0.07166839661024689 1.014307116188137 60 54 55 0.81
1064 -0.08550042244999365 0.05616798434096966 0.9912453767583201 133 130 114 0.49
1065 -0.032471056346661545 0.07115582929957996 0.9877140046913976 183 176 159 0.14
1066 -0.05784379135617109 -0.08651418892196759 1.0160044400281785 172 166 151 0.91
1067 0.21256836790384803 -0.07869764676497006 1.001430534600908 131 119 107 1.04
1068 -0.029225430557859276 -0.05126995408745881 1.0082041301220213 199 196 174 0.66
1069 0.0009274086279136953 0.0721936410562998 0.982376880571407 173 166 150 0.3
1070 0.01712488556610102 0.10433383736032095 0.9767806854354895 70 69 67 0.41
1071 0.068788739366269 -0.1841334522166195 1.0253236281452807 185 201 212 0.36
1072 0.31962959793197027 -0.09630734397263191 0.996265023242141 140 133 130 0.53
1073 0.07601003318199893 -0.09920012253868067 1.0104800145572206 171 162 149 0.17
1074 0.09622391152700044 -0.018081637730246507 0.9972770332474975 154 153 158 0.23
1075 0.056336638156585954 -0.016495670891878617 0.998491072609555 108 105 99 0.16
1076 -0.03516893004831681 0.06285945713891697 0.9858743827428371 152 144 131 0.14
1077 -0.1452473604587276 0.07144622833788396 1.0010534293744753 163 162 145 0.14
1078 0.03527078339682362 0.08335364987996041 0.9793184609659815 120 117 107 0.2
1079 0.19394986909384923 0.08755621902657137 0.9758407581594314 129 127 125 0.18
1080 0.2771000843627579 0.08785320828106714 0.970648526854168 142 141 138 0.15
1081 -0.1854179823807677 0.0994146946409818 0.9999168523533256 47 49 48 0.32
1082 -0.10719856820538784 0.10352344915623504 0.9892746671115362 153 140 123 0.21
1083 -0.15836377377738914 0.10604107896914522 0.9962761007244886 30 20 10 0.22
1084 -0.030341196038307212 0.10539092814123785 0.9787469481866182 143 140 133 0.23
1085 -0.15255019319312788 0.11583131893834538 0.995149489990635 125 120 109 0.22
1086 -0.034625767996566886 0.12245356516913947 0.9768885524695856 159 150 140 0.2
1087 -0.10332960479632941 0.12462194082761005 0.9849232985145797 120 100 82 0.26
1088 -0.10541315403715053 0.12898805693717608 0.9842065155740087 156 140 114 0.27
1089 -0.1522702439406056 0.13768902048466752 0.9790680559814832 54 48 45 0.29
1090 -0.09858754542068861 -0.09714193067139047 1.020557031363776 70 62 50 0.27
1091 -0.1775945378173236 -0.09624464635270535 1.0341872676608697 79 68 51 0.09
1092 -0.22192035651477818 -0.08117099391022214 1.0436638265709308 181 175 164 0.34
1093 -0.09705115641994151 -0.06384176216280944 1.0206023962673798 148 142 127 0.15
1094 0.0882833323797583 -0.011874071645760008 0.9975393223087241 102 87 86 0.17
1095 -0.02025743716179535 0.05537992829204703 0.9876865189572299 139 134 124 0.09
1096 0.19370605009507955 0.05938797067580336 0.9792500062501842 89 87 78 0.23
1097 0.05411470595289893 0.09326966145290551 0.9817234961985534 96 97 94 0.27
1098 0.03330986388363826 0.10651489158431084 0.9750780735702927 152 149 143 0.18
1099 -0.030211511595429504 0.1103714572219249 0.979134273066328 155 151 135 0.3
1100 0.14122829683810806 0.11988840785264006 0.9662745658701839 161 157 141 0.32
1101 -0.040962802660906045 -0.0944825943824643 1.0144645758751272 173 170 158 0.36
1102 0.10468298575075466 -0.08175911414932112 1.0040750200125659 205 202 194 0.17
1103 0.044181628375926506 -0.0206890186170745 0.9990901664634221 135 123 91 0.27
1104 0.3097940296183393 -0.1536061996430014 1.0061183978375483 209 227 241 0.18
1105 0.09815770261876433 0.101024447113086 0.9736203446727641 184 178 156 0.23
1106 -0.145195281472242 0.12196297212330262 0.9956073798525458 112 105 88 0.24
1107 -0.18039942784150076 -0.02639969145153336 1.0291254903942884 209 199 171 0.46
1108 -0.14743536876804525 0.1013385781216118 0.9964244583779609 152 153 146 0.31
1109 -0.13703064811614368 -0.03210340999047054 1.0230976709042348 57 58 59 0.19
1110 -0.05684247416248481 -0.015169435585692555 1.0047445382220268 130 123 122 0.13
1111 0.2697551265017712 0.10990715446861352 0.9674614008115279 15 18 14 0.16
1112 0.13215602370913013 -0.09912106694524478 1.0048788260065933 101 95 81 0.37
1113 0.13616372307006092 0.08533895189203741 0.9726387593377236 143 140 126 0.3
1114 0.13634607240814872 0.09918952753486275 0.9700149910157551 131 131 126 0.25
1115 0.1734587382773122 -0.01595343414193781 0.991258231026188 128 132 140 0.13
1116 0.2205140493993757 0.04602495477921381 0.9817839606687697 27 26 31 0.14
1117 0.11229769654395365 -0.01769322477182365 0.9959347469005895 130 128 130 0.44
1118 -0.156823057262157 -0.03511881407973314 1.0272798692299658 58 56 55 0.31
1119 -0.10890622358462357 0.13692427877003235 0.9818980134936142 90 88 80 0.31
1120 0.1937556294486143 -0.1229453142302336 1.0121599057414026 46 46 49 0.39
1121 0.0028752135984103228 -0.0896490008451015 1.0096604635937667 131 127 110 0.25
1122 -0.01543969959513096 -0.08915064146427795 1.0128009915704204 127 122 109 0.37
1123 0.10159081389010222 -0.08677066324644847 1.0062206320645097 169 165 153 0.24
1124 0.1735832952732797 -0.08302271802674875 1.0030278510888901 121 111 87 0.28
1125 -0.20024573957459904 -0.07004740775402836 1.0435981132402072 99 101 103 0.1
1126 0.03235375962488535 -0.057486030092708106 1.0042316049555662 194 182 167 0.29
1127 -0.2153858749904884 -0.055395586931332286 1.0434627735608104 114 116 108 0.14
1128 -0.010150990257375505 -0.03015441615480245 1.004732219814616 134 131 128 0.15
1129 -0.006614784866560611 -0.030174167612189204 1.0050684418204405 134 131 129 0.23
1130 -0.03818423248566309 -0.018117645934287583 1.003258771176954 154 152 141 0.21
1131 0.1992122824655257 -0.010655742839502765 0.9954837929527592 73 75 75 0.21
1132 0.03437802326672121 0.03274176790053751 0.9866708139579071 100 95 86 0.18
1133 0.00011958119265085984 0.05209686758144744 0.9835825398757803 176 171 158 0.14
1134 0.23348139085804717 0.06266968238536065 0.9794638486608485 86 86 86 0.32
1135 -0.09486720251228796 0.06011404421284095 0.9972994243073975 126 125 115 0.08
1136 -0.14094269103921148 0.06017713462647409 1.000013240880422 127 126 121 0.08
1137 -0.19317270378550824 0.0648383163473312 1.0090706728806742 144 135 114 0.15
1138 -0.1931800568157779 0.07897409419411076 1.0082834079809322 141 136 120 0.6
1139 -0.1861496463726813 0.08369072013411749 1.005267619299517 94 92 75 0.27
1140 0.2633016973754173 0.09433601411669568 0.9726242832119536 41 42 42 0.23
1141 0.21066994765697847 0.09772544125496027 0.9700368459279906 115 114 115 0.24
1142 -0.16557663106104606 0.09565049111651099 0.9998447908515096 134 126 109 0.09
1143 0.34520050262100455 -0.0812069779065115 0.9966289120653891 95 90 79 0.18
1144 -0.18219450408089316 0.058506897167388154 1.007968948443269 105 102 85 0.3
1145 -0.16918503098790427 0.05834780048424708 1.0133431396478063 106 103 92 0.99
1146 -0.017886652660280392 0.08652735527677578 0.9850326250398116 146 140 132 0.44
1147 -0.19282624987589125 0.09207346775909205 1.0028867184852857 158 153 138 0.31
1148 -0.17783013267012782 0.0946943996195743 1.000629096485183 56 60 58 0.43
1149 -0.1719563843079988 0.0958825655169146 1.0014355300756965 125 117 95 0.09
1150 -0.1218753836337464 -0.12669552337565618 1.0375226997037494 38 32 30 0.55
1151 0.008172370485075086 -0.059075491724770154 1.0054626506185764 181 173 157 0.3
1152 -0.15850976801472932 0.08865490445224358 1.0036511734464213 83 74 59 0.94
1153 -0.11255675813217009 0.09001648382385395 0.9908837718175447 137 134 126 0.42
1154 0.023704574260694253 -0.1100132300591795 1.0139783724203644 176 173 163 0.29
1155 0.18575424288712195 -0.023858898983390896 0.9939399956295465 74 72 75 0.19
1156 0.0011419853841820845 0.12084456280638764 0.9730981150549296 75 72 60 0.45
1157 0.0026358002452023495 0.12512543044187713 0.971342030045496 99 92 70 0.36
1158 -0.0036920930754608915 0.11874399093049041 0.9766303675457987 126 123 111 0.4
1159 0.11187682934333876 -0.08973286385202733 1.0055333772808515 152 146 128 0.54
1160 0.22862798059368178 0.059472555494605395 0.9779824819679315 76 74 67 0.34
1161 0.24829009784927483 -0.07972732421510444 1.0002712888001033 188 179 161 0.2
1162 -0.0745586655922884 -0.02688009301881897 1.0088309100210375 197 177 121 0.21
1163 0.2025167538402764 -0.01569058819685993 0.9941587509611582 117 116 113 0.24
1164 0.004738984624416959 0.055152540729439196 0.9828372749268817 130 125 114 0.27
1165 -0.0888315546075322 0.09072061108845277 0.9908903416297591 130 121 104 0.18
1166 0.3798540775184282 -0.126391253901532 1.0076449370551848 134 132 131 0.29
1167 -0.05520029767610948 -0.08340871476065831 1.013345249901599 177 168 146 0.09
1168 0.333839133523205 -0.014400602014860802 0.9904974205611943 88 92 90 0.07
1169 0.022409416559830347 0.037920522172238076 0.9933670369572628 70 65 66 0.28
1170 0.11871867770620755 0.06632039784020408 0.9807764055793842 119 114 104 0.18
1171 -0.1568415273566688 0.07798466912477074 1.0013040040501715 46 39 31 0.38
1172 0.017416531931964203 0.09856092085045333 0.9832742755466855 33 34 38 0.24
1173 0.034222927606421115 0.11264711463026561 0.960990696809719 37 37 29 0.31
1174 0.06572004584554318 0.1298954793852714 0.9568445651893829 43 41 28 0.19
1175 0.019969457216489055 0.13379259682370223 0.9732518226596538 31 19 10 0.19
1176 0.06123788007277529 -0.07332089695872533 1.007779132239358 30 20 16 0.38
1177 -0.046059388869683186 -0.014498108907755524 1.0063498694824955 78 74 72 0.65
1178 -0.04635436186047503 0.00207037746087663 1.0020796770771785 73 59 56 0.07
1179 0.1375317724137819 -0.07849977181163546 1.0020168235228963 107 94 72 0.13
1180 0.08605854876520064 -0.10808569930763112 1.0108540979543343 175 172 159 0.26
1181 -0.06740023406090978 -0.01538931307951066 1.0020518190692325 198 195 177 0.38
1182 -0.1913430619426943 0.03786556898731485 1.011814285775007 102 102 93 0.21
1183 -0.07727095296610734 -0.022722390198420567 1.009782932635148 145 130 98 0.15
1184 0.07109791309416189 -0.10121176921099122 1.00940430850231 144 142 133 0.23
1185 0.15743917061050947 0.09217811941052403 0.9722912728827565 108 105 98 0.62
1186 0.027334517882272452 -0.11342610263853604 1.013992689133087 116 112 100 0.14
1187 -0.1810582434008276 -0.05992724473222856 1.0346789385170434 149 151 136 0.26
1188 -0.2187886167778975 -0.059768439427068894 1.040993473431833 138 132 118 0.26
1189 0.024112526499610286 -0.017013600547068825 1.0004559377722315 106 98 95 0.21
1190 -0.10303274397004077 -0.006069029354568892 1.0095483175737572 133 124 101 0.12
1191 -0.14230380162039727 0.023626424746962887 1.011741408402383 174 165 130 0.25
1192 -0.10289577796404083 0.08336248033526406 0.9942139363594878 108 107 95 0.19
1193 -0.1362679861995287 0.08655928349287827 0.9958064837610379 122 121 113 0.51
1194 -0.10511875225686994 0.04188532204454608 0.9936677562820256 135 138 133 0.29
1195 0.04494294744170062 -0.12760820943978335 1.0165148384204028 126 117 105 0.26
1196 -0.08713228193588607 0.08861949052476265 0.9882618541509725 114 114 108 0.16
1197 0.010377778801273434 -0.1527410334550477 1.0216672868857828 221 223 223 0.19
1198 0.09590834198694956 -0.11529842432191784 1.0112852326641937 134 132 127 0.28
1199 0.04483272779210683 -0.017383976656881225 0.9991646398349107 145 142 138 0.42
1200 0.08846801792288303 -0.017032299423368102 0.9977563416278369 129 126 128 0.17
1201 -0.023070701375299298 0.04318240071508029 0.9901717579503398 115 100 63 0.25
1202 0.0657559788275639 0.04419353491887153 0.9808686032754146 77 79 75 0.17
1203 0.09976568992089811 -0.11143923402422919 1.0094915826651272 187 185 170 0.35
1204 0.026658930201572336 -0.10681489813227057 1.0128153341178394 132 130 122 0.24
1205 0.10143466525423284 0.13848403701316522 0.967467729707003 103 98 92 0.19
1206 -0.015338021831155988 0.07111654010127282 0.9852802341321151 64 53 47 0.03
1207 -0.16987202279450642 0.05852969607464284 1.0088076308510725 74 69 55 0.65
1208 -0.10252217278879128 -0.024514381333529935 1.009939840708616 153 148 129 0.21
1209 -0.17024826770938398 -0.026602708692414226 1.0261645917840274 163 143 96 0.16
1210 0.009585772272245536 0.12977884895874064 0.9707639522334192 39 29 25 0.34
1211 0.203432945254838 -0.15550289175811577 1.0104434004653284 60 71 87 0.02
1212 -0.09458400789500329 -0.09726954836012189 1.020015288528743 84 74 66 0.39
1213 -0.21444759785631762 -0.06615020684839813 1.0430330562210215 135 128 109 0.15
1214 -0.14575368273240458 -0.05132717215764024 1.0254488491057383 161 157 148 0.13
1215 0.07011624884955579 -0.1021326802685166 1.0100059955291234 173 173 160 0.36
1216 -0.1380043073801923 0.1408855177709876 0.9936520048028306 124 128 122 0.66
1217 -0.17695038547871997 -0.11556150166187325 1.0463226590356822 64 65 65 0.49
1218 0.047408242735386574 -0.07261976801702758 1.0056820292397017 27 20 21 0.6
1219 0.09709902536079609 -0.11109581796831558 1.0108729337281641 125 119 106 0.35
1220 0.052885099753035195 -0.10494492658383903 1.0107111729859057 234 218 181 0.24
1221 -0.18016691757335476 -0.06697027605561105 1.0337923851412525 202 176 127 0.19
1222 -0.102843409967352 -0.03049267773246657 1.0151723166943016 163 158 135 0.25
1223 0.0070254944496612225 -0.020205077027375132 1.0008500631905481 207 201 179 0.26
1224 0.13548827967574856 -0.015841870155101766 0.99340087318125 152 146 137 0.35
1225 -0.14126376639579383 0.08713958362709083 0.9966901197877395 155 153 135 0.17
1226 -0.1796035409560705 0.10224111857692456 0.9972313115373411 68 64 50 0.17
1227 0.058218052618437696 0.06082042271298565 0.985731929771565 112 110 111 0.18
1228 -0.11564413238356501 0.09305494582968626 0.9899822352499081 92 87 78 0.47
1229 -0.18057290010324717 -0.010214883679466191 1.0281332033232984 187 182 157 0.26
1230 -0.1887778109555247 -0.009683194548389548 1.0250880992838503 182 175 151 0.23
1231 0.15458518917045053 -0.09276246104209912 1.0036251046215305 119 106 94 0.06
1232 0.12920785512579988 -0.08790256741149623 1.004148152965477 124 114 103 0.27
1233 -0.0064429414193311165 -0.08966177165224402 1.0115146984596697 129 118 105 0.79
1234 0.23620421458713958 -0.01656972169964443 0.9914442599516643 78 67 45 0.11
1235 -0.044206313589383046 -0.024110657276955754 1.0033737792044128 185 152 106 0.24
1236 0.10286058370222964 0.12306556812574014 0.9685442463134024 100 95 80 0.3
1237 0.30905619335490614 0.10658149943407888 0.9667707602900156 120 121 121 0.14
1238 0.09747086612305761 -0.1074653729997836 1.0105009796711037 130 126 124 0.36
1239 0.013636028664417696 -0.11289868178392855 1.0134992250861863 177 175 159 0.16
1240 0.06955676749613918 -0.08996886301319026 1.0074595092809064 133 124 109 0.31
1241 0.14470893847302566 -0.05948570087703034 0.999733063076929 170 159 142 0.14
1242 0.14064069972776488 -0.0595524621184526 0.9996549512095987 152 142 123 0.08
1243 -0.05924756024349519 -0.022859412741036755 1.0033216131888627 215 203 180 0.42
1244 -0.14368831152798114 -0.04742309574112961 1.0241160108134484 154 147 128 0.18
1245 0.021652626370367904 -0.09973742833348542 1.012002001279474 199 193 183 0.13
1246 -0.10025469390271599 -0.060935961957616844 1.0194699644099643 174 168 153 0.18
1247 -0.1462750642194416 -0.01700393016557244 1.019192900703773 66 63 50 0.08
1248 -0.14392118367194726 0.08467734645555185 1.0004904102985368 115 112 98 0.14
1249 -0.11410124797145833 -0.014521334454906124 1.0164622581138243 56 51 48 0.19
1250 -0.22259840692826344 -0.09544711345111884 1.0411332656228292 83 72 61 0.42
1251 0.35008376288934756 -0.08156368715378419 0.9981038923185225 108 102 82 0.23
1252 -0.26481899296488576 -0.08280074887830371 1.0501507381597803 85 78 63 0.3
1253 0.4333991998419336 -0.040240120529932005 1.0159202143538932 132 132 127 0.2
1254 0.1966811836538291 -0.032168148835632356 0.9995610135739862 157 156 152 0.25
1255 -0.21594585832655025 -0.01244354471007229 1.0328430447324646 142 141 133 0.32
1256 0.2605812551059965 -0.009738552077885708 0.9942751670358083 113 113 102 0.34
1257 0.38930885576404134 0.006635752296201568 0.9897504188840806 80 72 56 0.23
1258 -0.3369024527411604 0.009284795822788584 1.0456169988751034 136 130 123 0.33
1259 0.39736729998662645 0.00994500548992676 0.9917730475212595 110 96 75 0.27
1260 0.36963629576915835 0.04194123121491147 0.9805523090254229 45 49 47 0.44
1261 -0.22064100469405276 0.04432532008214302 1.017902747641317 70 70 67 0.19
1262 0.13839004904102087 0.04383636598911977 0.9771416238627187 150 151 147 0.39
1263 0.38342284212359085 0.05608348236900988 0.9761083255933465 53 54 55 0.22
1264 -0.2491674157350364 0.06175274335966731 1.0237182710765311 107 108 104 0.26
1265 0.36741505467394964 0.05911018829466245 0.973878571389123 106 108 106 0.15
1266 0.4055989357980637 0.060939476350800846 0.9898606458257737 63 65 67 0.06
1267 0.32774964138838153 0.060927522782041575 0.9754175814557755 54 56 52 0.2
1268 0.37326293926357057 0.06171699963723919 0.9741490938785003 56 58 52 0.25
1269 0.3378250127164701 0.06268942671080092 0.9711473454080984 115 116 108 0.32
1270 0.40992819079408527 0.06367990215151867 0.9861645111765206 97 99 98 0.23
1271 0.34950594118519407 0.06664758559503711 0.9692557979223897 145 143 137 0.26
1272 0.4009107140508627 0.0752899336240713 0.9843646969670758 47 47 43 0.39
1273 0.4061396248739088 0.07765484259908996 0.9863892907736647 56 56 50 0.23
1274 0.3831772863777587 0.07838567458140527 0.9738825621879916 38 37 29 0.21
1275 0.34479856281131965 0.0814999412202256 0.9684879632379928 111 108 97 0.18
1276 0.3863915476228474 0.08200431089373648 0.9766958646547541 56 57 52 0.23
1277 0.4091359215253817 0.0828021343933459 0.9843981782213953 64 62 50 0.12
1278 0.3494907070817653 0.08188334303473065 0.9672762695447806 129 127 122 0.24
1279 0.3464333388836196 0.08415580375489713 0.9676160080979244 148 147 133 0.21
1280 0.3448526451292136 0.08643796250906811 0.9676024850386178 120 117 105 0.28
1281 0.30437056569562126 0.08791997706433043 0.9681718934172925 163 160 144 0.33
1282 0.3446124188733459 0.0896278039349611 0.9665461441877731 127 126 117 0.18
1283 0.2525018662617941 0.09200308561039804 0.970215648255098 54 49 41 0.33
1284 0.37926877495003064 0.0928006731664698 0.9706607563558969 124 122 115 0.23
1285 0.2564950446534398 0.0953237459985381 0.9707090791217237 43 46 44 0.27
1286 0.34246434675731985 0.09568448360285944 0.9665876905517069 153 153 147 0.13
1287 0.39740207524789206 0.09877455309740595 0.978310904982336 98 92 83 0.24
1288 0.25892650977380527 0.09867757238702599 0.9670360512336355 119 118 107 0.15
1289 0.2610977206488994 0.09864178523928294 0.9645722759225365 116 112 99 0.23
1290 0.2796754968159696 0.10391739284632125 0.9663796147203745 104 106 103 0.23
1291 0.36977735849755144 0.10412426299225865 0.966958226299789 121 128 126 0.24
1292 0.3961058923097736 0.10609093273129985 0.9770470660394314 79 74 68 0.35
1293 0.41312916963486895 0.10745628366012908 0.9843472255731519 104 104 100 0.41
1294 0.4169135094323879 0.1077537798480483 0.9850125358292764 112 112 105 0.42
1295 0.22566560026157087 0.1067340590086382 0.9659788910501678 77 78 77 0.27
1296 0.2619042619351788 0.10739950079919042 0.9649563039451043 56 59 61 0.22
1297 0.2204952176428828 0.10868700073110932 0.9671469535914304 37 27 26 0.29
1298 0.3701540681909788 0.11221800632246857 0.9663938056307685 118 122 118 0.31
1299 0.3407722397093891 0.11705786799210775 0.9617297933827585 143 143 138 0.25
1300 0.3481418011387033 0.12240066457489936 0.9612716972944363 68 66 61 0.25
1301 0.3769841884623604 0.12456107929646637 0.9646769549103663 121 121 113 0.25
1302 0.36804625699650406 0.12803449919878246 0.9632558484276977 47 48 44 0.29
1303 0.4124621669120936 0.13108184983742935 0.9809764968851428 102 105 108 0.15
1304 0.34367465946097975 0.13233496979561873 0.9600821661293697 48 48 46 0.45
1305 0.3103042226650122 0.13981564320995404 0.9595493269445544 124 119 113 0.21
1306 -0.0040243695734883435 -0.09400664601531328 1.0096575967983343 207 204 194 0.44
1307 -0.21898982895657992 -0.08635886880047274 1.0407968746638607 161 150 132 0.36
1308 0.2764034813310869 -0.07953254891061046 0.9993149534056348 176 170 163 0.2
1309 0.31455463505424297 -0.07949644702276575 0.9992688664927484 173 167 148 0.22
1310 0.37199109804787545 -0.07821222118988873 0.9986255658439908 170 165 151 0.28
1311 -0.20538607429226338 -0.08097097369313039 1.039202738544772 162 157 144 0.24
1312 -0.33567152308860565 -0.06118454698383278 1.0615804426759679 156 158 157 0.45
1313 -0.1658547940442588 -0.02671103004228592 1.0254756969015733 90 74 47 0.44
1314 0.36059794625511815 -0.025728441591310002 0.9900108119334639 142 144 146 0.37
1315 -0.28869223415450235 -0.01653461479095261 1.0450619209698708 149 136 118 0.28
1316 0.37752756324766656 0.0006864673861420266 0.986038946183955 163 163 158 0.2
1317 0.3883648852171354 0.011757916481079805 0.9892092888722656 34 33 28 0.31
1318 0.3948659734417851 0.012062530931271614 0.9904445365704162 45 43 35 0.44
1319 0.41023909433901706 0.018350020091024665 0.9979496672150985 83 83 75 0.26
1320 0.40676876683704466 0.02078692996651448 0.9962694665580202 128 130 121 0.34
1321 0.37174147059727203 0.04091989715529543 0.9794741076774236 151 155 152 0.25
1322 0.3130915339332264 0.04329881262124417 0.9731261536399246 73 74 68 0.25
1323 0.3628159699110275 0.04438456965077151 0.9796460264874096 111 116 122 0.19
1324 -0.24154792976511802 0.04696780569311044 1.02585379416414 144 122 88 0.32
1325 0.40955228053423354 0.04592919105854878 0.9934655254590927 124 126 116 0.3
1326 -0.2540371017546652 0.05212064396374454 1.0219941031329596 119 118 115 0.41
1327 -0.2520938092103959 0.059653810476770354 1.0231437068695801 56 53 48 0.3
1328 -0.21235416843497348 0.06131007525185522 1.0180696485365253 121 120 115 0.23
1329 0.3357032641991178 0.061076333564912044 0.9724896619295013 54 54 49 0.28
1330 -0.23372689787024115 0.06445033977071155 1.0172141479146402 25 24 22 0.49
1331 0.3527945004432297 0.06101279052293002 0.9727701232478239 37 38 33 0.42
1332 0.368903911387821 0.06165736206779707 0.9736224698353897 61 61 56 0.23
1333 -0.18071916071166425 0.06465398677104901 1.00707751536955 144 137 128 0.33
1334 0.3331724526603064 0.06298211070158503 0.9752937467414146 76 78 75 0.27
1335 -0.26043270318734596 0.06855811901267479 1.021678046059065 151 144 132 0.32
1336 0.3683923091118059 0.06673483495132639 0.9756754845889037 29 33 33 0.25
1337 0.41262869258932816 0.06829876406090475 0.9877949069269636 63 69 71 0.27
1338 0.3829392205226583 0.0680814861351955 0.9747368313693447 115 115 112 0.33
1339 0.37517844845877163 0.07116588688986998 0.9732092653353623 133 131 122 0.22
1340 0.3706348621264294 0.0719594663051583 0.9733369412431093 136 139 130 0.15
1341 0.40244750303494964 0.07272947054205478 0.984918669087284 33 32 27 0.45
1342 -0.18867534981530024 0.08230659447132213 1.0063330157147947 144 137 120 0.31
1343 0.37446182300123876 0.0883956166765825 0.9704830889207926 131 130 123 0.29
1344 0.20994152250734396 0.08960492802221498 0.97133685966754 104 103 91 0.27
1345 0.3772135099822228 0.0898193130445282 0.9705847708413704 77 74 62 0.26
1346 0.3769523319961279 0.09492262602936383 0.9683597390933715 53 52 49 0.28
1347 0.3655518434069173 0.10008437536917988 0.9660779899098407 103 105 100 0.39
1348 0.4056891381974729 0.10700833294466496 0.9811260108764724 121 118 110 0.19
1349 0.3564062608987478 0.11293890017040287 0.9646544245105256 38 37 32 0.26
1350 0.35902556498310334 0.11361507722001375 0.9638678681776742 101 98 89 0.26
1351 0.34386602181865783 0.11753991791718704 0.9619708927554333 111 107 94 0.37
1352 0.3815254742206255 0.12209455289013192 0.9681214724221539 85 82 73 0.29
1353 0.13675533836557113 -0.1439153968026973 1.0146881130315046 134 132 127 0.37
1354 -0.23588952351230155 -0.14610060885248868 1.0567354438733472 176 177 172 0.3
1355 -0.34802094963580565 -0.11680280938865883 1.0726533899937787 184 183 178 0.31
1356 -0.2706542224612993 -0.08632316275610677 1.0526607709918039 150 144 132 0.4
1357 -0.1616963758001609 -0.023230724486793697 1.0248241641318012 86 71 46 0.31
1358 0.13323203857496202 -0.01723156033458475 0.9937839374524231 150 150 145 0.29
1359 -0.16577479681010693 -0.014056845561491846 1.024224528258627 42 38 34 0.27
1360 0.41902325014373376 0.008218498501913675 1.004236937750048 45 48 52 0.3
1361 0.41477423403272845 0.01926652815557513 1.0004817862404536 132 132 129 0.36
1362 0.3855977143208448 0.03343881351321636 0.9847891538755066 136 134 128 0.33
1363 0.3452622662487651 0.04452618329361271 0.9771300701545254 110 112 116 0.46
1364 0.378240974734059 0.06233533256756356 0.974036962408858 43 44 41 0.28
1365 0.33223836411454427 0.08517551326188448 0.9721883928511276 104 105 103 0.37
1366 0.3594124884332385 0.08562698948913026 0.9706673458690049 107 110 109 0.28
1367 0.20998445690792383 0.08685838020585125 0.9719543028109796 116 111 92 0.34
1368 0.30148492966992474 0.09561726225162599 0.9688796172545193 133 132 127 0.47
1369 0.2691244787478616 0.09768166924412013 0.9679240231423525 48 49 47 0.36
1370 0.4058889786160858 0.10059356981853303 0.9815754229281238 105 104 93 0.32
1371 0.4126909862583964 0.10151399256670689 0.9851706636238707 111 111 106 0.33
1372 0.23041075374282852 0.10109780573221172 0.9673312895643672 23 26 27 0.33
1373 0.39193803807957966 0.10189312093443006 0.9759482995834954 40 35 25 0.41
1374 0.3373333206186221 0.10216578628423803 0.9655811523390468 153 153 145 0.32
1375 0.386010037145854 0.10442427165106367 0.973423461383082 110 105 94 0.21
1376 0.40495221863673936 0.11400340370255645 0.9800765624715968 85 85 81 0.32
1377 0.3505840128257202 0.12026714283859093 0.9616215331233113 41 40 35 0.4
1378 0.38401542649497517 0.12482274540346665 0.9695201817917041 123 124 119 0.4
1379 0.38371323450138267 0.006361688318871159 0.9880386130896849 141 139 131 0.3
1380 0.38463114487283856 0.016016800196896285 0.9866657974093954 132 129 125 0.35
1381 0.4028762921776222 0.018113992710602354 0.9964030781040282 32 33 33 0.49
1382 0.4200186627802353 0.019307631753178626 1.0034538721777309 49 50 55 0.58
1383 0.3686259399832406 0.04039050114754048 0.9802732439323006 48 52 48 0.37
1384 0.3787527910183534 0.07163074263607738 0.9727925757379898 40 37 31 0.44
1385 0.1446957081021047 0.08994323285583264 0.972044888951717 163 161 151 0.45
1386 0.3237945553229292 0.09114066610095276 0.9697702489991227 134 130 114 0.29
1387 -0.26741413675149844 0.11217215527290034 1.0151059333102461 118 118 111 0.37
1388 0.3797729906483455 0.11560963486642552 0.9682234698594097 74 70 59 0.34
1389 0.3084678366349661 0.12816245302414403 0.9618989536889871 99 94 81 0.46
1390 0.3706576260848819 0.13295578930659413 0.9677769540546267 21 23 22 0.46
1391 0.1526395539183878 -0.125361250923206 1.0142788087511676 89 93 97 0.67
1392 -0.1633959075276129 0.08353035692563916 1.00246753471828 128 115 90 0.47
1393 0.3012113863999177 0.10312088530180213 0.9708573418121137 28 30 31 0.33
1394 0.3654550343323178 0.10493091134557261 0.9656841704745212 23 26 26 0.44
1395 0.3145934441285046 0.10531864003707407 0.9655364110263397 120 118 110 0.34
1396 0.31421533722751466 0.11611275067054529 0.9632244827950153 111 113 107 0.34
1397 0.16009142905207968 -0.006191868188094742 0.9931171687038798 114 115 107 0.63
1398 0.3601437848416861 0.05813264430477683 0.970113289854199 94 93 90 0.71
1399 0.35375694838617344 0.10534541686658694 0.9637490871674407 26 26 26 0.37
1400 0.3477144438228632 0.11566082379794092 0.9612064394096304 122 119 110 0.31
1401 0.3723935377727818 0.12426068217441757 0.9660626650178499 36 36 31 0.41
1402 0.37181621904024115 0.11486249684102531 0.9656355122108087 129 130 124 0.44
1403 0.3957562646392765 0.1141544345057726 0.9777696131795643 36 34 31 0.49
1404 0.3689848797578602 0.126427165671541 0.9666739472017764 46 48 45 0.4
1405 0.34375559156381547 0.07468061433755771 0.9712710556380235 121 119 109 0.35
1406 0.3584234182622695 0.10714752110658209 0.9647373482076641 45 39 29 0.29
1407 0.27801217904422665 0.11772889515679824 0.9644176565777445 104 103 91 0.57
1408 -0.2427102258788587 0.07243818763567493 1.019957501848848 30 31 32 0.35
1409 -0.20597851548044674 0.07173813161886369 1.0139692638766626 36 38 37 0.42
1410 0.3712067591492592 0.09210499498798506 0.9684955386525587 140 141 130 0.36
1411 0.3263894475425148 0.1098798009834111 0.9659118529801964 26 29 29 0.41
1412 0.45893760358165164 0.012084574323977184 1.0216742627594242 46 50 50 0.39
1413 0.44004896944153415 0.016600280108750583 1.0120917753574865 48 45 38 0.27
1414 0.46676058638550394 0.019575122877122732 1.022848647471857 61 57 48 0.37
1415 0.3820916749587287 0.061615543987517916 0.973416340611942 110 113 111 0.23
1416 0.4082739673883123 0.06750916581152899 0.9880784657188659 61 62 61 0.34
1417 0.43323373292463685 0.08070692937741558 0.9981486575711961 51 48 43 0.24
1418 0.4368816478652375 0.10391358415463908 0.9962559232158611 115 113 107 0.29
1419 0.4486147042348155 0.1098417224318691 1.0024513749299104 98 99 100 0.4
1420 0.2673198016239183 0.10633268490770344 0.9651807854868993 72 72 67 0.3
1421 0.34443288576626585 0.10976522385813975 0.9640058158415843 100 96 86 0.33
1422 -0.21204000642185297 -0.08692356196279158 1.0425999830924058 155 151 141 0.47
1423 0.3810594275027587 -0.0008034764281734472 0.9858938819556438 49 47 42 0.34
1424 0.429931946653169 0.02141259326473631 1.0070841153825936 27 32 32 0.52
1425 0.457754328827931 0.023318348430443205 1.0196372176265043 20 23 25 0.33
1426 0.28627329052351336 0.10250818525539646 0.9660542427382736 22 23 23 0.3
1427 0.27689572149884717 0.10356867399665412 0.9662053953677191 47 47 44 0.35
1428 0.3673180198647286 0.11238066194011549 0.9684776262385627 34 34 35 0.45
1429 0.3336468661998577 0.11867490904978403 0.9671208161636674 14 21 20 0.13
1430 0.3884730644624769 0.07170670903373122 0.9756252965170217 37 36 32 0.51
1431 0.4548844445904634 0.10919054942745468 1.004734706540536 108 108 105 0.43
1432 0.4346035249915556 0.12588728040988295 0.9922854911003359 98 98 92 0.48
1433 0.42275446927964155 0.11597108064440634 0.9886893957417727 21 20 17 0.54
1434 0.3802591897754268 0.1324786685075111 0.9665014310189565 91 95 96 0.42
1435 0.34270074278132723 0.1137842828751535 0.9640286437039907 112 111 103 0.28
1436 0.3593146333906322 0.07458455443254777 0.9700903972878047 25 28 30 0.56
1437 0.39267783863050854 0.0820952621213515 0.9789255601994172 26 28 27 0.56
1438 0.4233600404401531 0.08565906052439858 0.9959469272290388 39 38 36 0.32
1439 -0.003444964659997428 -0.12630576737361626 1.0169837498673877 175 171 160 0.54
1440 -0.1727134649430862 -0.09858579444177554 1.031630894432214 127 120 111 0.18
1441 0.3621494910992915 -0.028297734843675548 0.9927320942642681 65 63 60 0.37
1442 0.4461984329974462 -0.015930909442762445 1.0208722923936124 74 72 73 0.43
1443 0.13257485722499074 -0.013648009590448174 0.994931318137875 40 37 30 0.33
1444 0.452948672937269 0.017673566509280862 1.019008341311097 33 34 35 0.58
1445 0.46629015394080037 0.029646267103763727 1.021775570312807 116 119 117 0.51
1446 0.3444757625662768 0.050131453764093364 0.9701707339450029 119 121 120 0.11
1447 0.439307525962753 0.07144839656986354 0.9987629884288705 41 44 42 0.31
1448 0.4381394019845432 0.07363199328604726 1.0004955258686776 89 91 87 0.3
1449 0.39005049887870175 0.09855751617405938 0.9744783237418425 95 85 70 0.32
1450 0.15020977900460242 0.09707721515697317 0.9729101312925643 101 101 101 0.41
1451 0.3585180230735497 0.10293433532516998 0.9624103724772971 118 105 78 0.18
1452 0.3850957011277713 0.10718572937521022 0.9713722853489596 58 56 54 0.34
1453 0.3617268400813339 0.11289523792196261 0.9658766080112325 28 28 24 0.58
1454 0.3703952271339013 0.12046258081343264 0.9630107606308624 44 43 40 0.31
1455 0.4310664930325274 0.12736778314137578 0.990163095356335 105 106 105 0.32
1456 0.20560717267708575 -0.08274322072981766 1.0020326629794902 110 102 88 0.37
1457 -0.13185528971938798 -0.0844876403068911 1.0275464797495713 111 104 93 0.12
1458 0.4445834104219603 -0.039153483368194644 1.0229650716059888 110 107 102 0.48
1459 0.3881467671407819 0.003935400136614899 0.9902009303589462 62 58 47 0.35
1460 0.40682057003828725 0.01609369785694312 0.9967233888298871 108 107 100 0.3
1461 0.44224286648489247 0.02024816517413919 1.0124599652238375 117 118 116 0.32
1462 0.35655113477169154 0.04437437332991001 0.9789283272738603 103 110 116 0.24
1463 0.38432846370876167 0.06525776214182226 0.974726731697582 50 52 49 0.32
1464 0.4079681489050154 0.06835744762394483 0.9887462215349989 53 56 52 0.38
1465 0.40979777526070327 0.08561949057643997 0.9870562110442253 33 31 25 0.19
1466 0.2663236730928565 0.10036090610052299 0.9680282326257619 105 105 97 0.65
1467 0.3560414913802785 0.10247021533675824 0.9629448885979239 21 21 13 0.22
1468 0.36744544288743625 0.11358137964607742 0.9669441339013074 24 30 29 0.4
1469 0.3505896120149108 0.12411162822337707 0.96132127996445 26 25 22 0.28
1470 0.4293748365549198 0.13229858902395175 0.9905049321609527 24 26 20 0.3
1471 0.3697294108013687 0.006896273503685284 0.9867291891861688 42 44 45 0.22
1472 0.4348853839815342 0.013072159787940707 1.0101291708725444 146 147 140 0.3
1473 0.21758149307013872 0.08940700516742774 0.9721465113224175 53 49 40 0.51
1474 -0.2668646532179836 0.08704296510369941 1.0189806956239358 134 130 120 0.51
1475 0.3688953733132665 0.13656033994497646 0.9709911098262326 54 58 61 0.24
1476 0.21043706791714578 0.040346595161539746 0.9771264054398366 80 80 79 0.35
1477 0.34808490679727977 0.08967519147427783 0.96495566862632 138 135 123 0.28
1478 0.441733313219966 0.13314668951809902 0.99337092325626 27 27 26 0.6
1479 0.3280319196858931 0.09529586278013594 0.9684740601139993 122 120 112 0.48
1480 0.40902386495949883 0.12437143545454486 0.9815941931074021 103 104 101 0.62
1481 0.07766110818833981 -0.1434001055248711 1.0140230648179522 189 188 176 0.27
1482 -0.23852899815695053 -0.15236216939087271 1.0589643632941161 130 126 116 0.32
1483 0.14927527837029117 -0.09125905493110224 1.0020896296951263 92 71 39 0.04
1484 -0.035672645529685666 -0.09146472486338661 1.0135572420935437 211 201 171 0.06
1485 -0.3367115927700368 -0.0749775233121778 1.0645600448432848 165 169 163 0.42
1486 0.3812574475703178 -0.03062734210545544 0.9935054462804177 181 177 177 0.19
1487 -0.34923819802021633 -0.054123290755031486 1.0578593223890247 128 113 84 0.51
1488 0.22035022579742292 -0.0149273466286226 0.9922551790886005 123 121 111 0.24
1489 -0.16076606088297166 -0.019918337520683605 1.0240968182578774 137 120 89 0.67
1490 0.37937699563253946 0.11021639478522154 0.9686533635577071 65 64 59 0.21
1491 0.3672979159287966 0.11694665671770468 0.9640909189261284 130 134 138 0.07
1492 0.37859107461509284 0.12650838471998638 0.9648657457761952 65 64 56 0.35
1493 0.17138408729178362 0.1253905765358436 0.9658922480244397 152 149 133 0.21
1494 -0.13211478094697132 -0.13977080796189967 1.0389857249457415 170 170 164 0.3
1495 -0.2878101707569415 -0.1389349597242464 1.0884410520815737 179 212 235 0.26
1496 0.14606301992615206 -0.095827628090417 0.9999860073790966 90 77 51 0.26
1497 0.35276781158469706 -0.08097397967384531 0.9974463991590681 120 111 83 0.48
1498 0.30753805115367816 -0.07950588905171649 0.9990638126322903 135 128 112 0.37
1499 0.3100359489260428 -0.0793739840579682 0.9985192113640536 153 147 134 0.39
1500 0.2029180940280074 -0.08296956475851214 1.0032731550141207 115 106 89 0.39
1501 0.1490326133574075 -0.08374758424433965 1.0035015280517547 115 106 85 0.42
1502 0.15118675928257894 -0.08089528999282772 1.003709670717475 163 154 126 0.35
1503 0.15530014249245525 -0.08076430394027287 1.0035030668727425 174 166 140 0.19
1504 -0.09618320805393542 -0.08207810855664159 1.0173310811842924 198 193 165 0.27
1505 -0.34329198874027095 -0.09896975284880719 1.066894059795749 173 171 169 0.57
1506 -0.21783163808081485 -0.08125702005554518 1.0426461615409752 170 162 144 0.43
1507 -0.32794948826553233 -0.07658012977009679 1.062781150111486 161 164 160 0.33
1508 0.43044791056741183 -0.04042751923230529 1.0151658594435988 122 118 104 0.33
1509 0.4331833184408898 -0.037848266727971265 1.0180789553684422 179 178 168 0.43
1510 0.20304875575710854 -0.012456369482522461 0.9923662426367593 35 31 17 0.26
1511 0.1852949201258242 -0.012714913613717925 0.9936918854787194 51 48 48 0.18
1512 -0.2722600654278147 -0.018262651991128923 1.0425992851845545 105 80 51 0.63
1513 0.3802322470895845 0.010647558980922796 0.9842387359466517 68 64 56 0.38
1514 0.12295754438197877 0.03894291847243261 0.9882811318251725 62 64 65 0.24
1515 0.11585572605847975 0.04160547332331672 0.9808884279677925 118 118 122 0.66
1516 0.19636192059957697 0.05328147521003875 0.9802206269434919 150 130 91 0.28
1517 0.13370143094342044 0.06127856021150757 0.9756734630032279 156 154 141 0.14
1518 -0.241833785626614 0.059135014553833236 1.0231855387834383 83 80 67 0.27
1519 -0.2692990232823607 0.059863215067726766 1.0226217172831211 48 46 40 0.47
1520 0.34465237150734623 0.07358396774330722 0.9693216413532295 122 122 115 0.08
1521 0.3289505055877318 0.08948374695849481 0.9715548606741504 137 137 125 0.47
1522 0.06874685295196817 0.10328307382435445 0.9722945677860613 156 149 125 0.03
1523 0.179784042739167 0.12135130617880416 0.9655027100187907 145 143 127 0.13
1524 0.3880624907874702 0.12827122590361373 0.970735944193017 15 16 22 0.37
1525 0.20509547398750547 -0.13452367439518997 1.0144589815440685 169 169 163 0.49
1526 -0.24901707336176043 -0.15478307598613694 1.0569488742166262 65 75 78 0.17
1527 0.08741485828139213 -0.11331275155849774 1.0118583848440654 215 204 172 0.37
1528 -0.24192525011773547 -0.13086254446144996 1.0548511194693786 85 79 73 0.28
1529 -0.24978598724385476 -0.13140252800081104 1.057471763608479 151 147 134 0.55
1530 -0.18000681894583712 -0.12181069405209202 1.0440091889073573 46 44 34 0.39
1531 -0.18573616678262073 -0.12179461773151984 1.043238892444842 50 50 37 0.3
1532 0.023553567901733984 -0.10491370135865055 1.0130282662551087 192 187 166 0.19
1533 -0.009523003007097054 -0.09661361722843582 1.0133871933162373 190 184 166 0.4
1534 -0.3832698893117972 -0.06508646019298527 1.0729078138631067 169 176 161 0.48
1535 -0.30902742622873125 -0.04741300618956242 1.0535426808209354 154 142 120 0.26
1536 -0.17315869242009596 -0.020210932330609478 1.0260227642058628 173 150 102 0.24
1537 -0.3631345286859042 0.013450356873242244 1.0500510566016488 58 55 48 0.47
1538 0.2025181855981048 0.047140991188345534 0.9805865423434602 98 89 61 0.36
1539 -0.2419398431260839 0.04093137046954735 1.0268628262614874 102 96 81 0.34
1540 0.2627698421674761 0.09652530849795822 0.9727681665859941 52 50 43 0.37
1541 0.40192350745358496 0.11304781645970254 0.9799940541583336 24 26 25 0.26
1542 -0.24656339429957055 -0.14831668420301897 1.057843304332531 100 99 100 0.25
1543 0.3497192216022785 -0.08500100943948996 0.9985470295472341 188 180 155 0.27
1544 0.23621820764828927 -0.08657139388263684 1.0027917806950664 207 193 154 0.21
1545 -0.06419481268775046 -0.08913244353011199 1.0143513627986502 216 204 177 0.4
1546 0.40388621885681025 -0.039120679271787084 1.003854039529761 178 171 155 0.31
1547 -0.3579028358800027 -0.07347475047884494 1.0688689322526093 178 179 174 0.43
1548 0.30589355950239955 -0.022938006819238483 0.9967553998257409 86 86 82 0.25
1549 -0.19453123331346933 -0.013278056357075196 1.0275422853614409 32 28 25 0.24
1550 0.20561101207845417 0.03918962016682169 0.979335421378327 152 152 140 0.29
1551 0.20103045474405629 0.05495857464206123 0.9776882218412213 93 84 63 0.28
1552 0.3679522396896663 0.08801050534692814 0.9711456565983284 133 135 130 0.29
1553 0.398627115479193 0.10228978835342571 0.9792830447806993 25 23 15 0.31
1554 -0.27655320408910644 0.09623647827855908 1.0200004669650382 88 86 83 0.57
1555 -0.33961441953214555 -0.08153436634156852 1.0652825372344343 159 157 150 0.49
1556 -0.3183399584324966 -0.07956438641700098 1.0577027514477126 170 166 160 0.2
1557 0.28828211573762025 -0.03041319155634405 0.9933145887262561 74 72 73 0.32
1558 0.39129825555633807 0.07920798327091591 0.9813944418810856 13 13 11 0.3
1559 -0.2128569886953838 -0.11438592490896457 1.0490033736908617 64 65 63 0.42
1560 -0.16851479939309907 -0.0798350927896169 1.0327045793139997 133 124 109 0.27
1561 -0.3241676246884499 -0.04647646242192749 1.0560387935116948 138 126 104 0.36
1562 0.35420261715475715 0.038782771963294965 0.972215751461461 38 39 36 0.47
1563 0.2247158915336862 -0.03579488584440572 0.9997207274784684 24 24 23 0.1
1564 0.19733298805501442 -0.12025232252304875 1.017985937863654 99 90 83 0.52
1565 -0.03460146932341014 -0.12145674707063876 1.014175405428191 171 150 108 0.35
1566 0.24971911849431844 -0.0950060440688495 0.9975209585653432 83 76 61 0.61
1567 0.13747650903262237 -0.08136172103883638 0.9960062980277636 205 192 163 0.62
1568 -0.08646725541820352 -0.07187906578357145 1.0254122062540958 128 120 107 1.3
1569 0.37745472622854664 0.04532408873330213 0.9805743779645298 133 136 131 0.76
1570 0.38745461455195157 0.009360015326426977 0.9902022922623714 92 90 82 0.4
1571 0.3807223584770016 0.08234451341282016 0.9706072922156289 49 46 38 0.47
1572 0.3746521499297023 0.09287193358824906 0.9691468582091272 128 128 122 0.25
1573 0.21850013408268681 0.10663957983819072 0.9672311851519122 93 88 78 0.32
1574 0.27901218156786467 0.1141788402636359 0.9647896220630486 116 112 99 0.45
1575 0.35283229547970496 0.12364533180483357 0.9571274397714774 27 26 24 0.17
1576 0.21595494231104514 0.09608998437686907 0.9676779214707637 51 52 53 0.43
1577 0.05793246652690961 0.10062221397405163 0.9743758216999757 56 50 46 0.36
1578 0.1349156868605518 -0.1144293268036536 1.0135667687501904 208 205 196 0.59
1579 0.29667080274426033 -0.10573442821581192 1.006944451132044 66 66 71 0.45
1580 -0.3411551587594213 -0.06649271208475886 1.0631095484524102 175 168 165 0.23
1581 0.158115562184708 -0.028098242500727483 0.9954321528504158 196 185 150 0.13
1582 -0.09133647179939125 -0.02202999663859094 1.0115174475613795 228 203 147 0.38
1583 0.46244506794999884 0.015589800767747066 1.0213229396859578 141 142 133 0.31
1584 0.4314763866423547 0.030764878711337422 1.0077906623628894 28 37 34 0.28
1585 0.08484394931965425 0.04717289144557238 0.984961701170892 121 102 63 0.12
1586 0.3774754543988224 0.08461657084853604 0.9722414837707055 57 54 46 0.41
1587 0.23796757077383068 0.09367130328288238 0.9635957785823942 148 148 141 0.26
1588 0.24322551608318468 0.09981148054490607 0.9665678273364291 106 108 109 0.43
1589 0.4693026451524922 0.11508225166485327 1.0107999256557088 35 32 23 0.53
1590 0.40162577503599983 0.1296554787039149 0.9778206266216377 27 32 33 0.29
1591 -0.053985676721551926 -0.14901386392231228 1.0249709918214036 216 209 194 0.26
1592 0.11175140578144106 -0.09651161602270915 1.0061828201761396 224 212 187 0.27
1593 0.16919363006222105 -0.08689473644590062 1.00419440133312 154 146 127 0.4
1594 -0.08752266505319868 -0.024045907983366713 1.010506279481685 139 114 69 0.06
1595 0.46751151573269706 0.07285415877534061 1.0132641658218082 40 42 34 0.39
1596 0.2093507883736885 0.09640837249494762 0.9695023573013448 119 119 115 0.55
1597 0.2311122037973604 0.10587466230909276 0.9675428456087586 86 85 77 0.39
1598 0.1374545115034419 -0.14796653909398982 1.0145509805307644 180 177 165 0.16
1599 0.311117266332678 0.04272096062183654 0.9744366062593367 70 75 82 0.54
1600 0.24786116695831328 0.09351772647304768 0.9699925831276374 118 119 114 0.41
1601 -0.10701356861274465 -0.11504475566528277 1.0313425683617339 192 190 182 0.33
1602 0.05395938426244333 -0.012817515715562212 0.9969308627767635 133 115 100 1.02
1603 0.18857330928591506 -0.14783891756897374 1.0124816290977388 77 74 59 0.24
1604 0.21092155564638831 -0.08277026782646671 1.0025604863131374 110 106 93 0.35
1605 -0.21660742887045348 0.02666245708936759 1.0268274052951707 118 120 114 0.18
1606 0.03088282901652634 0.059895756906101855 0.9822755623836907 231 220 187 0.12
1607 0.13296919523029685 0.09215418411224748 0.9708268994626341 171 171 159 0.27
1608 -0.1326064067908097 -0.1500244453413724 1.0393542380981748 110 104 100 0.38
1609 0.13966303812959285 -0.09223093334951823 1.0035108270178665 103 91 73 0.05
1610 0.012312785764148241 0.0556788175007939 0.9868297959145651 179 169 149 0.36
1611 -0.03245216688639823 0.05732014964119079 0.9852135008713429 149 136 111 0.15
1612 -0.07319099483877263 -0.09726075086128415 1.014461581212957 76 65 50 0.54
1613 0.20450772571525314 -0.10569955823259268 1.004962142765536 194 195 184 0.35
1614 -0.10593708027605817 -0.10061745304395336 1.0303097105302106 92 73 53 1.17
1615 -0.07037264409745604 -0.09425023943533421 1.014855229583796 82 73 60 0.8
1616 -0.012218039572326462 -0.07023595828670656 1.008757967938469 105 95 87 0.95
1617 0.48696322869546205 -0.08522242122002689 0.8270313950128448 135 132 123 0.43
1618 0.46125592357229134 0.04472084694501578 0.8921482332362496 106 108 105 0.26
1619 0.46853046981100105 0.09822696949076559 0.8538585381856133 39 44 42 0.35
1620 0.45831720200444664 0.10549281560208643 0.8791634779101323 100 104 106 0.35
1621 0.4582489907444542 0.108516040865649 0.884118229554993 52 59 60 0.43
1622 0.48169854942972024 -0.017252708903099226 0.8368693502074541 56 49 46 0.29
1623 0.4639851134403313 0.0011660006367916007 0.879901083617047 111 108 104 0.3
1624 0.4607294887004635 0.05114321333675217 0.8886851912175416 41 39 37 0.22
1625 0.47341984667472375 0.05714068418752272 0.8507011479603503 76 85 94 0.14
1626 0.46274015360804277 0.06423757057619787 0.874826933832502 31 27 26 0.24
1627 0.4598909321326125 0.09851944603420101 0.8751082168230968 132 130 124 0.27
1628 0.4723334087309568 -0.02140073460882428 0.8585650395943738 155 158 160 0.33
1629 0.4738482726834305 0.0020179488744065982 0.8537370986202909 44 33 21 0.34
1630 0.4650115557612916 0.004393744169825461 0.873928527080187 26 24 21 0.31
1631 0.460988681220502 0.008353872735149632 0.8966989425549008 42 39 29 0.19
1632 0.4746802118914608 0.01094283259133005 0.8532104227667452 35 36 32 0.36
1633 0.4656767308564569 0.0558999788553864 0.8666772165860082 36 32 28 0.21
1634 0.46513068371417293 0.06328646674410897 0.8647151124587956 25 24 21 0.23
1635 0.21779268256030676 0.10109624715756153 0.9687710089759262 30 32 31 0.46
1636 0.467534574814546 0.09399516831889873 0.8543239517546637 132 131 122 0.31
1637 0.46878928217326304 -0.023360055445282767 0.8752249798725764 125 127 130 0.34
1638 0.4737350270998345 -0.011183663918083975 0.8515759641306891 104 108 101 0.49
1639 0.45972080175354446 0.03723086238760614 0.8966563849082203 122 113 94 0.51
1640 0.3911328924348251 0.05547496058280301 0.9788996422532455 34 31 24 0.31
1641 0.45847625220933 0.054541596290739784 0.8925780658003416 83 84 83 0.23
1642 0.4618399067002671 0.09319882554091663 0.8755751540660516 129 122 102 0.35
1643 0.47127232024564103 -0.042250295399010054 0.8698448555321773 133 138 139 0.64
1644 0.47256747666933124 0.0031083299601232114 0.8578633886981853 60 58 58 0.31
1645 0.4729516764603007 0.01918149539414096 0.8554700091608072 64 58 57 0.39
1646 -0.21549031069384988 -0.002076122388302863 1.0311622902344644 126 126 121 0.42
1647 0.4631888024277459 -0.05803019475551308 0.913537646194492 104 113 115 0.19
1648 0.46442803582315434 0.00438521637954846 1.0273297463694713 41 40 38 0.44
1649 -0.2151445497046496 0.05920412549130001 1.0166051836966772 54 45 37 0.13
1650 0.492241893318878 0.10339904285641673 1.023261597479413 115 112 101 0.47
1651 0.46881983172050756 0.10038760942710254 0.8484302533293543 110 110 104 0.26
1652 -0.26762348328626273 -0.02158763947035876 1.0418908646554448 124 106 73 0.35
1653 0.4312104411501278 0.009822679210102523 1.0104383618557313 56 58 55 0.18
1654 0.47950542235034044 0.027285040635910193 0.8273576472685421 114 110 102 0.24
1655 0.4611745389395768 0.06029915551237397 0.8884697892139083 38 38 32 0.34
1656 0.4593251487959042 0.062440060714309444 0.8977144906401562 52 51 52 0.51
1657 0.4603431357156095 0.06413966842583692 0.8929408908232911 104 106 110 0.28
1658 0.4603762289056033 0.06639003037367383 0.8857474648537291 26 24 21 0.27
1659 0.46314750799758375 0.005358216985588582 0.8841848570873245 29 18 14 0.4
1660 0.4713657437451721 0.012498080258313138 0.8613386067264436 29 30 25 0.16
1661 0.47485715435453496 0.04462090552228111 0.848061446426728 40 37 33 0.21
1662 0.47226069705118473 0.04619678481023025 0.8573351828948202 34 29 26 0.16
1663 0.4655991493624715 0.04789322132519558 0.8679702696324538 38 35 32 0.27
1664 0.462808170175087 0.04927568373917624 0.8772054781368954 44 38 34 0.19
1665 0.4587399564229787 0.05290528056774117 0.8987950628857557 43 36 28 0.13
1666 0.4750957764933775 0.05265209423173096 0.8472220447156501 45 41 37 0.33
1667 0.47258576611607395 0.054066187796349814 0.8566599535143226 45 39 36 0.22
1668 0.46307397842427067 0.05773096082794455 0.8760685021294912 39 35 33 0.5
1669 0.471797794665721 0.06131412785531729 0.8544387839669837 40 29 25 0.23
1670 0.4740936375593258 0.060042181433792155 0.8443592540845077 26 24 21 0.16
1671 0.45835641762689144 0.06774826735546548 0.8958283536977864 38 38 36 0.19
1672 0.4661711997055074 -0.05638296866048243 0.8903173035783255 51 48 46 0.4
1673 0.15202240279628815 -0.04258134730283882 1.0003500792902966 89 79 77 0.11
1674 0.4710705971862719 -0.028911022100856092 0.8677854651355957 57 56 55 0.42
1675 0.46019167147813445 -0.022991149021804914 0.9012130949154776 58 54 54 0.44
1676 0.4665102491316097 -0.04619559681636394 0.8890050839753548 138 139 136 0.42
1677 0.47697564027616945 0.009861980877766163 0.8419557978958686 148 144 137 0.35
1678 0.47411091352348483 0.04804465630286185 0.8525738740916575 69 69 69 0.37
1679 0.43805422811991657 0.10620682391184362 0.9969009918715895 114 110 102 0.37
1680 0.3443020285552094 -0.10885640373343054 1.0038372831382403 83 84 84 0.28
1681 0.3457581312425871 -0.08153452970703896 0.9997913834300336 131 123 108 0.67
1682 0.29882599231494383 -0.08195139928215817 1.000487011865374 129 124 111 0.43
1683 0.221955529830557 -0.08054895623648245 1.0040710421221095 179 179 164 0.21
1684 0.40506026082010005 0.007196674696211763 0.9976419133252435 83 70 48 0.36
1685 -0.1992944935962119 -0.022869575005678478 1.0301612729885512 182 155 113 0.32
1686 0.3130480965755187 0.026063270941154026 0.9806929282855221 182 165 124 0.09
1687 0.4373401351578569 0.03595487482733252 1.008343635987086 89 90 85 0.3
1688 0.30966187577686793 0.03366245427058873 0.9794346279973174 163 153 120 0.28
1689 0.34156322261545424 0.03600711228184919 0.9769208959383543 99 95 81 0.1
1690 -0.20656716159304053 0.0068984412808049825 1.0306863559779302 78 74 72 0.38
1691 -0.1787376320086969 0.02233162236433174 1.0204174487290378 154 146 133 0.29
1692 0.3562496553879741 0.05913457760230804 0.9734441060409865 91 91 88 0.31
1693 0.3279493450705929 0.05856333434460899 0.9739648465794657 120 117 115 0.15
1694 0.1941515142479372 0.05180207509221302 0.9808107529140907 74 64 41 0.26
1695 0.34402301925236106 0.06062589423655011 0.9713013941699413 79 77 69 0.05
1696 0.3703610479088162 0.06822484912428849 0.9721479962837889 132 140 140 0.21
1697 -0.10853546639398617 0.044572552952581584 0.9964847149464525 85 82 79 0.24
1698 -0.24022323757938116 0.04435289187350934 1.0258817607123105 85 68 36 0.42
1699 -0.18650035402317122 0.05864923129869744 1.007192245721216 97 92 87 0.51
1700 -0.2212612317467669 0.05842889452032104 1.016222035828726 110 106 95 0.12
1701 -0.2308773265024701 0.05866955128574709 1.0168312701122433 86 77 69 0.2
1702 0.19370407482063112 0.08765401148541892 0.9758517879446094 150 146 134 0.22
1703 0.3441730767894896 0.0942392912889734 0.9650389746074708 112 110 104 0.23
1704 0.3745012973221812 0.09632164697194047 0.9679943611540708 147 146 138 0.31
1705 0.23598507906906593 0.09616586199532534 0.9737858797615051 64 67 69 0.21
1706 0.2717310532974963 0.09802635714373936 0.9660797178777146 49 50 49 0.32
1707 -0.1864003495608064 0.08018962237888548 1.0069803189646787 118 115 104 0.38
1708 0.42615956213675976 0.10871984613887552 0.9886922372121069 116 114 108 0.23
1709 0.42889150260830944 0.10896780170432709 0.9912084160545381 109 110 107 0.29
1710 -0.26271433567095637 0.0800903610618335 1.0224325663575946 132 128 116 0.39
1711 0.4322901172947873 0.11153908854845533 0.9917616730335422 52 54 48 0.42
1712 0.44199700553169624 0.11212805622426426 0.9965785213549478 54 55 52 0.31
1713 0.27760799712147216 0.10257346901251105 0.965060556210426 41 42 41 0.18
1714 -0.20924265399301362 0.08647675901579624 1.0125185693137349 90 76 49 0.24
1715 0.20692490922634513 0.10172993045869813 0.9677921149653989 45 43 44 0.17
1716 0.45939688084713076 0.11756797521043641 1.0030786688800206 35 34 33 0.23
1717 0.2487012327812382 0.10551506004061637 0.9647923389774987 53 50 38 0.39
1718 0.11101724549108084 0.10022870777520011 0.9705598866236543 125 122 117 0.4
1719 0.38515557433684927 0.11316313148647394 0.9711076462261641 110 111 107 0.18
1720 -0.23486878276011613 0.09210897087390735 1.014168136505956 107 95 81 0.31
1721 0.23086539264472578 0.10854429289193156 0.9660000816867376 23 15 15 0.5
1722 0.11067907197788143 0.10478635279326666 0.9712001029631391 118 115 111 0.29
1723 0.3545225640633759 0.11532905553918242 0.9628669338863123 79 83 78 0.26
1724 0.1733312907804594 0.11121286787284373 0.9674007793869209 123 123 118 0.29
1725 -0.26845964342954537 0.09886344993180489 1.0186189241519596 125 121 114 0.39
1726 0.10182597172444272 0.11237258305354225 0.9708684699214596 119 113 98 0.17
1727 0.1369962846717314 0.1142871198150481 0.967368222710592 172 171 160 0.2
1728 0.4337198417448378 0.1315451847996006 0.9889453699934282 66 68 66 0.4
1729 -0.29173265993508485 0.10781496727295865 1.0254298655129475 96 95 92 0.4
1730 0.403978015458048 0.1302205340746756 0.9766897022144629 83 87 84 0.28
1731 0.3081876481715596 0.12823719997213714 0.9614132168907054 101 96 85 0.1
1732 0.3782472929814355 0.13190291905843576 0.9650465891346026 74 73 66 0.32
1733 0.43944091105884314 0.14164504218136612 0.9915123950031718 39 40 43 0.39
1734 0.27945889579476824 0.13271200918943024 0.9605273500324869 71 71 70 0.24
1735 0.3705452791691947 0.13597025038758292 0.9622564576822894 29 32 34 0.33
1736 0.20663154732599148 0.1327004419905869 0.9526149662435567 116 117 119 0.28
1737 0.3011367205928815 0.1381445158923432 0.9617738875826387 29 33 29 0.55
1738 0.3431679729607813 0.14228529751061725 0.9576827806374381 56 57 56 0.26
1739 0.3031818505606565 0.1441056809382606 0.9562185016413334 118 121 118 0.33
1740 0.3488444230891559 -0.12322246807242467 1.0088954873506266 198 192 184 0.23
1741 0.28638858157516345 -0.08189284409519026 0.9998831222235184 149 142 128 0.45
1742 0.19385340245025484 -0.07584832116347129 1.0019517861163774 142 139 122 0.22
1743 0.4582922443459978 -0.027906484047520965 0.9106265306476428 93 96 98 0.47
1744 0.21964652534511173 -0.012285327461121934 0.9924606952778247 63 60 63 0.11
1745 -0.19320033814970544 -0.04420279359850012 1.0326802493606393 61 54 49 0.18
1746 0.4346432225474334 0.019418329033008396 1.0107172140725929 138 140 138 0.34
1747 0.4625760562869888 0.021802709330693604 1.0219753352006051 108 109 100 0.36
1748 -0.21451830086733073 -0.017474862549773332 1.0331616132255208 157 151 139 0.34
1749 -0.21407200168583956 0.004227647095999108 1.032812183825509 51 48 44 0.19
1750 0.11391593694214838 0.03563635961602611 0.9885778168663987 48 52 60 0.13
1751 -0.1779400265182171 0.03687958517753445 1.0211653411516404 50 49 46 0.33
1752 0.11854311055767514 0.06356006474868377 0.9794671850322514 40 46 50 0.13
1753 -0.20030795974436041 0.056519926455393346 1.0130752330548074 133 135 127 0.25
1754 -0.19591788718045217 0.06410271708018431 1.0100102816327072 33 31 24 0.18
1755 0.3854659715664663 0.09350623937699493 0.9750368465589276 132 131 125 0.3
1756 0.3512562359297813 0.09753374352759997 0.9618731376344766 76 75 76 0.3
1757 0.3438598801318954 0.09847449405959507 0.9642904548114728 98 98 94 0.12
1758 0.42724763049620595 0.10604046423410494 0.9914485613204794 98 95 85 0.31
1759 0.46778678295637116 0.11010018259135594 1.0129461129149862 79 73 65 0.34
1760 0.2827313375019478 0.09861190360643352 0.9669223299596906 129 131 128 0.23
1761 -0.21077100726529552 0.0834257439445372 1.0144051979916977 125 115 97 0.41
1762 -0.1840518716884357 0.08630967924321759 1.0068870862319863 143 136 122 0.37
1763 0.2638769328659245 0.10499192738057718 0.9666353973839359 36 35 35 0.37
1764 0.14603366757167668 0.10043982510477319 0.9669350173599656 161 159 157 0.38
1765 0.184236595197539 0.10743229550444675 0.9779516676083306 125 129 133 0.22
1766 -0.21600793583167774 0.10097572532597003 1.0078234290125831 105 105 102 0.21
1767 -0.1970447153035495 0.11583780541508487 1.0024392938053703 46 44 40 0.11
1768 0.2057623837608193 0.1352364725658334 0.9525763228319868 22 26 24 0.24
1769 0.27807803477405085 0.13667014577001835 0.9417523978376476 36 40 43 0.27
1770 0.2864108484095769 0.14222713617556343 0.9365505718481573 37 42 42 0.31
1771 -0.2399207483869732 -0.12739883415875372 1.0548814908253963 181 183 173 0.28
1772 -0.23769312035788984 -0.12366807587675929 1.0558571098569842 34 35 35 0.26
1773 0.4623845175160622 -0.03970638817302479 0.8986009974263525 168 171 175 0.51
1774 -0.3599125769336158 -0.057605173535011524 1.0663054838099597 74 69 57 0.41
1775 0.3534730302535281 0.025537123308102726 0.9825470554501802 41 38 40 0.12
1776 0.45703973551285176 0.04308472470106863 0.9031861108213385 124 107 98 0.13
1777 0.3497743846420061 0.04040813681132372 0.9753659818139708 158 158 153 0.16
1778 0.20993387711841938 0.0499456449430944 0.9752179239532555 139 138 133 0.35
1779 -0.26781601887112205 0.07621371430781047 1.0224801929204494 143 140 125 0.22
1780 0.25168338819445996 0.09780612446642603 0.9670000115753674 43 45 45 0.28
1781 -0.18809104380364364 0.08690471748104386 1.006112005637796 133 133 123 0.26
1782 0.14861948764092348 0.09972184468144153 0.9720295813795202 47 46 46 0.3
1783 0.2817189441363781 0.13702246288648634 0.9587008682908621 98 99 102 0.27
1784 0.46619447789152213 -0.07061269611043906 0.894180960347929 160 168 172 0.35
1785 -0.18744678356676595 0.051255710116233914 1.0073846110823843 147 146 143 0.2
1786 0.22881073496789964 0.09717195983742731 0.9716330259307913 105 103 97 0.31
1787 0.2514282710461988 0.09831456599183995 0.9681830573951994 44 47 46 0.37
1788 -0.1779029154864713 0.09563319755682892 1.000885042912477 78 78 82 0.2
1789 0.2766495447690709 0.13472744490413038 0.9668769991016033 110 116 115 0.32
1790 0.0183813957929412 -0.07996292099867244 1.0076395513061644 174 168 152 0.38
1791 0.46679506783357166 0.07250013463265723 1.0184362541605336 47 49 48 0.21
1792 0.3533312240368361 0.0805240766544568 0.968545187381068 33 34 36 0.34
1793 0.23443901067695158 0.09438731792153165 0.9718198913219045 39 42 39 0.38
1794 0.1984123550565664 0.1286946010965441 0.9705551415621915 38 39 39 0.28
1795 0.20513063616059884 0.13241155227591772 0.9656838386142577 129 133 130 0.2
1796 0.19375186423571705 0.13531843503724086 0.982037035622383 96 103 106 0.38
1797 -0.2240984376435464 -0.11466295097366201 1.051427616285669 148 153 155 0.3
1798 -0.256324833257237 -0.11374818188203528 1.0578475937330356 158 166 172 0.72
1799 0.3915281549192756 0.014646145352196046 0.9898149575845718 46 49 50 0.3
1800 0.28252648876481434 -0.11315778281275206 1.0078082037138807 145 149 149 0.81
1801 -0.1869802788655136 0.07196572289344258 1.009457786354898 130 122 108 0.37
1802 -0.22477032757369017 0.07255414235318161 1.0167371114136259 152 144 129 0.15
1803 0.42459117652290956 0.040748029751079516 1.0038542945837126 82 87 90 0.65
1804 -0.22482472583547825 0.08392328954999098 1.0160045447122912 142 138 126 0.3
1805 0.19038246068433873 0.11934211591761262 0.9678304043420671 34 33 34 0.45
1806 0.01824124249359169 -0.08156367397137655 1.0078148729711718 154 150 132 0.39
1807 -0.23931998630890125 0.08399008216659383 1.017304211481375 118 115 111 0.44
1808 0.4120654557330748 0.008852402201007269 1.0002024036146429 150 151 143 0.23
1809 0.20618153951408968 0.11360329022239982 0.9660418608542786 103 104 99 0.56
1810 0.4587742897980437 -0.047329122131095976 1.0267110694745532 69 66 55 0.72
1811 0.4774160298667262 0.00441906776910818 1.0339468847308115 161 158 149 0.46
1812 0.42433650248385135 0.03303928468576824 1.0025646822912602 98 99 101 0.08
1813 0.36005159231420614 0.06152292474479876 0.9737569134333811 42 43 40 0.39
1814 0.1217960470064002 0.05870361663636214 0.9800145287119488 89 88 78 0.44
1815 0.3079042681296428 -0.1323902598345639 1.0099535171785363 155 156 153 0.42
1816 0.29201296047119757 -0.10315365522919243 1.0023772289477157 164 165 162 0.51
1817 0.4811930906438478 0.008159403538759246 1.0318354586918348 59 48 30 0.55
1818 0.4769424286252232 0.02442489951828837 1.0307460067305356 40 39 38 0.67
1819 -0.08432432278737619 -0.024765792023185896 1.0114415702324373 108 93 75 0.37
1820 0.48835255464176425 0.022910695707892857 1.0363909599207035 34 33 32 0.5
1821 0.46642496217022567 0.03325869761676478 1.0222222746432146 143 140 126 0.31
1822 0.29789400131027693 -0.02655825555186643 0.9965291406310236 166 166 166 0.13
1823 -0.17838683425741622 -0.0317752028970478 1.029839253922691 155 149 134 0.03
1824 0.2569373898785013 -0.012246695924866064 0.9961467539125346 51 53 51 0.33
1825 0.21015445547637365 0.04652466493167097 0.9736408147209528 59 62 65 0.19
1826 0.32280536763185536 0.0628861485278089 0.9755971893733733 71 72 73 0.14
1827 -0.029864527206915435 0.06634342379393227 0.984525476877171 173 173 158 0.25
1828 0.3439389519865874 0.10243930906792376 0.9644099948552963 116 114 108 0.18
1829 0.2589067584412764 0.10743897511869041 0.9648917117995978 71 72 72 0.21
1830 0.37136877602411217 0.12949857919040642 0.9627465036798475 53 52 48 0.3
1831 0.3792872862985178 0.1296206537130692 0.9664063805070401 106 105 98 0.29
1832 0.39691831041694975 0.003310852025008278 0.9939368201491671 131 119 104 0.17
1833 -0.22270394637802512 0.07533645853924488 1.0135495848837148 154 153 139 0.21
1834 -0.26175578986447373 0.10903970273916153 1.016312101124203 83 82 80 0.46
1835 0.1313562455788551 -0.11938425067063363 1.008835648303135 184 188 184 0.68
1836 0.4653136964556879 0.04934259488447446 0.8755209454676316 88 89 85 0.25
1837 0.4742411603223719 0.022854747734712154 0.8502418289513163 57 49 47 0.34
1838 0.4635839205768926 0.06052952392217769 0.8699107669011938 94 96 94 0.4
1839 -0.36247852032075045 0.06394792952519003 1.0491197587977787 164 165 151 0.34
1840 0.22468783866914707 -0.01784128035477198 0.9916986404964045 185 166 124 0.23
1841 -0.05433634710735464 -0.14522704955584392 1.0244555296848126 172 170 161 0.4
1842 0.31332172959282123 0.13840805220930133 0.9586354728745209 114 108 100 0.42
1843 -0.04514979030100294 -0.04132016121607234 1.0077543589892795 93 84 80 0.62
1844 0.30964935914725233 0.11790184551154832 0.9650211632655156 92 93 85 0.38
1845 0.3996568382733003 0.016311639471785874 0.9936713218940693 17 18 20 0.32
1846 0.2640106589941584 0.10911074847370723 0.9670929241371718 16 16 14 0.17
1847 0.26041037023256824 0.10980635376326606 0.9673432648470336 9 10 8 0.12
1848 -0.047836386608966996 -0.10248403177583444 1.0154915023685618 195 184 171 0.4
1849 0.35940442571083 0.044364891828150815 0.9791435334042037 94 96 97 0.18
1850 0.1792231502915356 -0.08330077717634396 1.004419593707124 105 102 87 0.37
1851 -0.2532432374113085 0.01136321125851144 1.0362389350953982 145 144 129 0.18
1852 0.19105535192181428 0.054825609357987165 0.9796154126531291 101 94 79 0.27
1853 0.2009212020441755 0.09932657529120303 0.9687015190535837 25 28 26 0.27
1854 0.3067346974623537 -0.1433007928132948 1.0102251427878852 180 180 178 0.13
1855 0.3169469745399713 -0.12998821797339202 1.0092952230902459 166 165 167 0.25
1856 0.45941939219356115 -0.07199547574643783 0.900750236223041 182 190 200 0.5
1857 -0.20637936602413343 -0.08712084976872578 1.0428310490554766 144 135 114 0.28
1858 0.43566418665397466 0.001756813738973229 1.0138563792455728 40 40 39 0.49
1859 0.4340912749950496 0.036681570388258346 1.006234349734013 125 128 121 0.22
1860 0.20360480187459282 0.10121788845356473 0.9685061216011996 121 124 125 0.33
1861 0.18427601668015792 0.10242886277278132 0.9797009254530984 103 111 116 0.35
1862 -0.10210465566002927 -0.10359670884749728 1.0196039565302983 92 82 71 0.49
1863 0.4042789053754892 0.13175824257439603 0.9772219463610681 64 68 68 0.42
1864 -0.22366699122209163 -0.1050233437150309 1.0502769718748508 67 66 62 0.56
1865 0.1988048656774864 0.11141031281170787 0.9670365275651822 25 24 22 0.35
1866 -0.25961278442678737 0.02095813790507679 1.0578349751837886 30 24 22 0.32
1867 0.4345144854159188 0.06697191500641286 0.9995562297885658 44 46 42 0.26
1868 0.22741534242716718 0.10450266611279528 0.9663184824851186 34 34 31 0.47
1869 0.4369684939443425 -0.04324173122942789 1.0207661597916153 128 127 124 0.32
1870 0.4043935362899569 0.016903268142422642 0.9969044885821003 20 22 21 0.17
1871 0.2236433540507796 0.08594665180294239 0.9790441311622631 32 33 32 0.15
1872 0.43181734685171647 0.01987915051055177 1.0083291862966806 22 25 22 0.42
1873 0.4396156515287156 0.004721997831573829 1.013122629706494 16 15 15 0.47
1874 -0.33738083066252317 -0.08623278412351483 1.063729081046322 97 95 87 0.36
1875 -0.0689563862417829 -0.0916498556538647 1.0138317137118815 93 79 60 0.33
1876 0.2897185219740824 -0.11397501832693407 1.0072603527534452 69 69 76 0.75
1877 0.23741520920566764 0.0061780624843900634 0.9922764970818513 55 52 47 0.23
1878 0.43008780793773405 0.03806387195921518 1.0063194306720709 7 13 14 0.39
1879 -0.029653621986672277 -0.1108109749199288 1.0127401491701422 232 225 204 0.65
1880 0.353857584520248 0.10613408291127625 0.962450274274606 17 17 18 0.21
1881 0.025301232389978154 -0.13283642056047842 1.0148757180493417 189 185 170 0.61
1882 0.3638242325396302 0.061352688505202965 0.9743122910783147 64 64 62 0.23
1883 0.49107280040054785 0.07411444191517287 1.0257511190396056 30 28 27 0.47
1884 0.26361091605428444 0.10133226272239021 0.9676546008758314 46 43 34 0.4
1885 -0.29229231357032065 0.10228304277471326 1.0271679367482547 83 88 91 0.43
1886 0.4409269495088006 0.11403543581128553 0.9963885563282068 88 89 87 0.37
1887 -0.2306226271395707 -0.1135711557430157 1.05089317502599 55 54 61 0.59
1888 0.487120290871041 -0.010881484514594324 1.0384010084657704 79 75 62 0.36
1889 -0.253366451239329 0.003322354844473318 1.0386631494221887 130 134 128 0.41
1890 -0.18511642614274126 0.04245405278880816 1.010757337881445 119 118 116 0.3
1891 0.4660502092739515 0.07582323842224604 1.0131366930974475 81 81 77 0.14
1892 -0.24426623608478001 0.04393157238606035 1.0274223483281217 73 54 20 0.4
1893 0.09692806267389467 -0.11755504399508819 1.0111455263476243 166 163 154 0.57
1894 -0.1969952422100316 0.10791490264465331 1.0004972526978564 24 18 16 0.37
1895 0.448262624525966 0.11740811342347408 0.9967114924621615 18 18 17 0.54
1896 -0.18686226494816718 0.12321711884285311 0.9984144188191744 143 140 125 0.54
1897 -0.18635952038103137 0.08471730759029918 1.0079450731696986 136 128 112 0.45
1898 0.47507877820640887 -0.0271645774634282 1.034147059376957 173 166 154 0.24
1899 0.17542505973451306 0.11392418865180913 0.9672449842212617 165 165 149 0.11
1900 0.10979958169622167 0.13063702696144905 0.9669550688546478 143 139 126 0.46
1901 -0.26853383350213206 -0.0333997179214811 1.0458885097033082 85 81 84 0.16
1902 -0.2210593512518822 0.04244792503967563 1.0156249865470814 114 116 120 0.29
1903 -0.26850350855504274 0.05706459875854966 1.0251158332839756 102 98 96 0.29
1904 -0.12632170592811695 -0.07775666813063817 1.0258479428468874 143 139 128 0.33
1905 -0.31480550395644086 -0.06850785763066798 1.047588148644341 154 158 158 0.45
1906 -0.2510876082535394 0.004686090324177857 1.0395449562105203 40 44 38 0.09
1907 -0.290429890470968 0.021481583223660495 1.0402815353050754 115 116 109 0.6
1908 0.1847137325455642 0.061743089326857924 0.9834878239374772 88 88 90 0.03
1909 -0.29205341376333743 0.054345076089417625 1.0370626909454128 57 61 58 0.18
1910 -0.2867003565856397 0.0574159456503349 1.030159505007291 109 108 100 0.55
1911 0.18960503945589371 0.07911680675944155 0.9815622066966244 101 104 112 0.2
1912 0.10348797783803565 -0.018440144462787255 0.9905296687193148 194 195 186 0.3
1913 -0.011067311226605913 -0.04112480290204168 1.0023848837274365 91 85 81 0.83
1914 0.16776641185311222 -0.027369659858179407 0.9984150882785519 169 162 146 0.39
1915 0.461434709682725 0.05883958968434841 0.8814817515556465 74 75 72 0.42
1916 0.4578118144924854 0.11621873787968555 0.8702404497350446 82 81 83 0.47
1917 0.23298944191482548 -0.005187263746233102 0.9928929671268372 127 123 114 0.54
1918 -0.2153768847057193 0.09599193526833413 1.0077616114432453 60 62 60 0.74
1919 0.46850111269482936 0.10347403467491335 0.8426091911802053 117 115 107 0.82
1920 0.4535698462909898 0.11169461978585982 0.8920018621922167 88 96 101 0.74
1921 0.4634440579830923 0.08015366638008739 0.8650312852005745 63 55 53 0.52
1922 0.4498094235212142 0.09778569402376587 1.0025683614059453 21 20 16 0.25
1923 0.41800789690106943 0.018468277005002882 1.003216085107225 15 17 24 0.14
1924 0.30795000963301905 0.0465282221193523 0.9747433340790962 72 68 65 0.6
1925 0.3468653168413059 0.05625350045299367 0.967137280863602 60 59 57 0.27
1926 0.40610423795488515 0.06325273359559119 0.9892054567213908 74 78 78 0.26
1927 -0.20633049944803178 -0.08387861442965254 1.0412113784263002 93 93 85 0.36
1928 0.39778152284389257 0.014815744062256301 0.9953004073025097 73 74 72 0.33
1929 -0.2907379264474363 0.028844033260398225 1.0386046358736167 113 109 99 0.24
1930 0.20337831780824953 0.1052274564601915 0.9695733953964484 96 100 98 0.29
1931 0.27346168895506123 0.13295334467316441 0.924570308448254 25 30 29 0.36
1932 -0.3669765536912052 -0.077725661477017 1.0743768418728115 94 96 94 0.67
1933 0.20210600560547873 0.03611163444005846 0.9839754558407785 45 48 46 0.66
1934 0.19013639775284322 0.10554592609773367 0.978467288130751 122 127 127 0.5
1935 0.2847547866008595 -0.013687981234446568 0.9904913855028475 204 204 199 0.22
1936 0.45065544473668057 0.11284960364957704 0.9971544095520123 18 19 17 0.39
1937 -0.003942606125958496 -0.11471634796774619 1.0168358429883377 193 191 178 0.19
1938 -0.022843861262204203 -0.10326559108055565 1.0141126823537614 190 189 182 0.25
1939 0.18785043960039977 -0.1437703210260593 1.0132774152423867 168 168 158 0.34
1940 0.1873162300030261 -0.056093813145108626 1.0021577495147695 96 89 84 0.28
1941 -0.12149553822293715 -0.1353026399477919 1.0369577195040602 95 92 80 0.58
1942 0.4711560080425572 -0.021801607000597557 0.8668165249856236 42 36 38 0.28
1943 0.03988830165570636 0.06787214937373609 0.9843834282503926 170 165 149 0.63
1944 0.4687235891782689 0.018654228983454795 0.8667926615896263 114 113 113 0.44
1945 0.45426256847882535 0.09746664552551312 0.8974049589584596 114 123 125 0.09
1946 -0.1670033268051251 -0.07795260647794734 1.0325850104192154 106 109 102 0.24
1947 0.4622064195247248 0.016976040709036102 0.9080015485745873 15 21 19 0.44
1948 0.3142413715882217 0.03084557534458489 0.974378134396413 124 112 72 0.6
1949 -0.11587298135100228 -0.13935318728961388 1.0368996860272806 178 184 184 0.25
1950 0.2157489491279277 0.09962551010328748 0.9687812533606505 20 23 27 0.36
1951 0.4730948989496282 0.09585997350245395 0.8385945563049956 37 39 30 0.14
1952 0.4737450384699913 0.10630041004394118 0.8284164962198547 29 28 31 0.48
1953 0.4592261639295511 0.11961592829330794 0.8762760748866723 31 31 34 0.36
1954 0.4749342118162145 0.019534170148341336 0.8367791085753225 76 73 67 0.24
1955 0.4738572027644066 0.09149480403291115 0.8327472600238659 133 133 126 0.2
1956 0.47287972178774706 0.030240161940812058 0.8544732920445796 140 130 115 0.25
1957 0.4767161664318 -0.012536619228232185 0.8401254894427586 142 140 138 0.68
1958 0.47110834138052793 -0.008309571363166759 0.8626657531665924 142 145 141 0.27
1959 0.4664413513360194 0.08944094781475134 0.8541257341451911 153 150 140 0.37
1960 0.4654718043837989 0.05019238112141637 0.8733993765810352 63 59 60 0.34
1961 0.45866565530855075 0.08479626822269046 0.8888938668015569 65 59 58 0.6
1962 0.4690322032607469 0.03520475938407372 0.8619551604359479 112 112 101 0.34
1963 0.27655758921643 0.13411852077181582 0.9588407640155845 117 116 109 0.35
1964 0.13491061481737898 -0.1404516042756895 1.0147395234636158 216 215 203 0.32
1965 0.278865133677921 -0.12743665033346974 1.007611373710677 137 139 137 0.45
1966 0.3146708253341083 -0.11997506379215118 1.0039004651444239 78 78 72 0.17
1967 -0.3707920262910898 -0.0776371926476029 1.0726342783501877 186 182 173 0.18
1968 0.10655805693227527 0.1444069429294894 0.9651332079834016 101 93 76 0.19
1969 0.4718602107457707 0.024373120870612604 0.8621066552246344 69 59 57 0.35
1970 0.4594916013788331 0.08731894187070742 0.8752825959871664 130 124 109 0.28
1971 0.4594682299963821 -0.03400346515449272 0.8942822249518512 130 131 133 0.23
1972 0.467973499591706 -0.03342479366937417 0.8936776732566736 58 55 58 0.9
1973 0.4589379096186243 0.06997867426585101 0.8908277887784567 90 89 92 0.38
1974 0.48297328284576446 0.019918170062162104 1.0360773877700655 27 24 17 0.32
1975 -0.024221446841895363 0.04275308397140092 0.9957991112756935 151 125 78 0.1
1976 -0.24855965828437465 -0.13349286156654977 1.047342423613983 170 172 157 0.29
1977 0.45606407164803653 -0.022790202454977506 1.029236221749401 23 19 13 0.36
1978 0.350884194299806 0.008108316708876085 0.9853005509702706 151 139 119 0.46
1979 0.4438298859667444 0.017130026305853502 1.0116275355120095 22 21 20 0.6
1980 -0.2834143701445515 -0.036344062329608406 1.050267009061788 142 147 142 0.59
1981 -0.37006699728601133 0.017141026326952417 1.0577990764657634 155 148 131 0.51
1982 0.409512322932934 0.07069942384174879 0.9811159710989933 101 103 102 0.28
1983 0.18183631157850594 0.08102898718557745 0.9828423468278944 36 38 38 0.2
1984 0.4215358834876387 0.10865944645850086 0.9919193884552248 112 112 110 0.38
1985 -0.23259482515923904 -0.01286015538405805 1.0354093087463192 28 20 15 0.24
1986 0.3524399042557784 0.06599227371567114 0.9709211895932249 21 22 18 0.31
1987 -0.2735758698642379 -0.13785940944116148 1.0737112911108142 55 58 65 0.32
1988 -0.27816984421908575 -0.12840548063253454 1.0771022604239107 75 75 81 0.33
1989 -0.3472169776830311 -0.06930719866818165 1.0637273979197592 86 83 82 0.34
1990 -0.23888601227018397 -0.11766169826538739 1.0528672640912549 78 85 98 0.35
1991 -0.19375050120232093 -0.0683277536653511 1.024244795315655 22 21 19 0.37
1992 0.32012781931349316 0.13346014928433944 0.9623382549411499 26 27 25 0.23
1993 0.46769198771906517 -0.013848542118293764 0.8721640112670493 81 81 81 0.11
1994 0.4654000252183635 0.025321650142493508 0.8704194549542867 42 40 37 0.33
1995 0.46935213771773154 0.00630840307995897 0.8700784787194418 132 122 101 0.4
1996 0.300520971497167 0.13742550086636424 0.9617265107204168 37 40 39 0.26
1997 0.3865522284307512 -0.03656443825759729 0.9968583167515241 106 98 87 0.54
1998 0.35319650159104005 -0.09922751511403506 0.9975855145063371 88 81 68 0.47
1999 -0.3422658566454922 -0.10740091492479255 1.0697928497537512 203 195 184 0.31
2000 -0.34227844958317927 -0.047514684867022434 1.0588225671099498 175 156 120 0.33
2001 -0.09138186075881843 0.05766612319111473 0.9953900974010818 129 126 103 0.5
2002 0.3854470861623295 0.03874861179280751 0.9846928261079517 136 139 140 0.35
2003 0.17046777469456112 -0.12463477372811065 1.0097264803087405 54 56 59 0.59
2004 -0.27169577693923347 0.01841969862851019 1.0390809888797934 75 55 30 0.41
2005 0.4842517423005413 0.0033522824496520446 0.8313183667965994 127 128 123 0.31
2006 0.4805609950023193 -0.042190328106259015 0.8426342750920185 125 130 123 0.44
2007 0.42071310738055406 0.10990977875297583 0.9843903883626866 36 37 37 0.63
2008 0.4872227290509872 -0.10541293719853101 0.8346491361908253 94 97 103 0.61
2009 0.4302228903675946 0.10304472524111506 0.9919011032458379 118 118 111 0.32
2010 0.4806197201952578 -0.07828784386023753 0.8506259793748724 110 115 125 0.4
2011 0.4189033233931618 0.03744147047533141 0.9992506593114759 17 19 20 0.49
2012 -0.3126120149581178 -0.06667746368439542 1.058937762244794 181 175 168 0.47
2013 -0.2842966600766754 -0.010268094404312469 1.0514521546323001 78 79 78 0.25
2014 0.20445989289808542 0.0423932554423667 0.9809745448956922 143 146 147 0.2
2015 0.14041808126383376 0.14200216975073793 0.9630915153705208 145 141 134 0.12
2016 0.13839562004811437 0.14372753012051326 0.9631583327475851 65 57 51 0.18
2017 0.19430203739058585 -0.03012597098172556 0.9937183587459194 79 77 70 0.32
2018 -0.2811990517087644 -0.04017695937796523 1.0515742394383365 116 112 113 0.44
2019 0.13145027171212179 0.0589874705769026 0.9748384471903682 57 60 56 0.2
2020 0.18324011944133578 0.06424970138956251 0.9791631838629808 21 21 23 0.18
2021 0.46088446322402615 0.1153492693144976 0.8668610811216837 94 94 96 0.54
2022 0.46735072530553956 -0.003354152588845864 0.8702450055754949 103 101 95 0.27
2023 -0.2780862711618047 0.08427841979519979 1.0234327583873175 115 118 114 0.42
2024 0.2874554407927239 0.13200563026760007 0.9567764703310401 97 105 118 0.72
2025 0.46060898818592916 0.10705146342385147 0.8750681284480286 62 70 63 0.37
2026 0.4618504243033325 0.10945751940616993 0.86936885596521 88 92 92 0.38
2027 0.4828304394396825 -0.004276068787891807 0.8372636467612612 70 71 71 0.16
2028 0.29752922096359663 0.13404060465473716 0.9651906126380062 26 30 31 0.4
2029 0.39132433283618845 0.0036894511619324235 0.9911300984117546 115 103 83 0.18
2030 -0.17205768615429665 -0.07794629579662736 1.0342049667417947 126 123 111 0.4
2031 0.16913261258869525 -0.0828111582907249 1.0017406965474007 131 119 95 0.29
2032 0.16830392532741784 -0.07627040344571258 1.002081367577235 161 151 123 0.09
2033 -0.10304662302968769 -0.0853139333719526 1.0228536645752844 140 128 110 0.24
2034 0.38657696838240513 -0.03177587235255391 0.9955943986730416 131 124 112 0.27
2035 -0.11864848518481545 -0.030388177089734587 1.0191029560016487 177 163 154 0.23
2036 -0.1846961047288121 0.045863845229741844 1.007519678625684 92 94 93 0.28
2037 -0.19252531523216831 0.065039202813164 1.0085555000843984 162 156 147 0.45
2038 0.431480849835875 0.11690245449920843 0.991464048086229 103 106 102 0.28
2039 0.36724242462897394 0.12460825305197082 0.9620334079383387 28 26 20 0.46
2040 0.38150583745390554 0.1323425620800976 0.9676134240340202 102 102 92 0.25
2041 0.4851222756457914 -0.05437878626915898 0.8285976780441225 70 69 66 0.29
2042 0.19589747405019065 -0.015810888073715883 0.9940908154185533 170 168 167 0.29
2043 0.24418625023418314 0.08864795871576801 0.9711841430881946 148 142 126 0.27
2044 -0.17714933120481774 0.09259812132563529 1.0059483209036133 162 154 144 0.18
2045 0.21647151999775116 0.1113255577784311 0.9671842431719477 96 84 86 0.23
2046 0.10023127962661274 0.14069407379782747 0.965773882593227 121 116 105 0.23
2047 0.46027258953417244 -0.05498982501892664 0.9125597080788885 193 200 213 0.48
2048 0.4644485949923297 0.0073906444558168045 1.0194517397808303 33 30 22 0.45
2049 0.36734252481981144 -0.08456103412271244 1.0013800640187884 185 173 148 0.18
2050 0.4326499670799998 -0.04404018920561257 1.0166680967427246 192 185 174 0.08
2051 0.46122084438277455 0.017428855158783507 0.8944613985209402 18 18 15 0.21
2052 0.15193634808269377 -0.032296700732105325 0.9973541483955225 78 71 63 0.27
2053 0.4092281619917998 0.10323685645136278 0.9770942117207587 91 90 86 0.25
