{
    "merging_metrics": {
        "merge_success": 1.0,
        "merge_child_count": 0.0,
        "child_camera_counts": {
            "summary": {
                "min": null,
                "max": null,
                "median": null,
                "mean": null,
                "stddev": null
            },
            "full_data": []
        },
        "child_camera_overlap_with_parent": {
            "summary": {
                "min": null,
                "max": null,
                "median": null,
                "mean": null,
                "stddev": null
            },
            "full_data": []
        },
        "number_images_merged": 236.0,
        "number_cameras_merged": 40.0,
        "number_tracks_merged": 407.0,
        "3d_track_lengths_merged": {
            "summary": {
                "min": 2,
                "max": 25,
                "median": 5.0,
                "mean": 5.955773955773956,
                "stddev": 3.3652377900816224,
                "len": 407,
                "invalid": 0,
                "histogram": {
                    "2": 110,
                    "3": 67,
                    "4": 55,
                    "5": 51,
                    "6": 25,
                    "7": 21,
                    "8": 19,
                    "9": 12,
                    "10": 15,
                    "11": 12,
                    "12": 5,
                    "13": 2,
                    "14": 5,
                    "15": 2,
                    "16": 2,
                    "17": 0,
                    "18": 0,
                    "19": 1,
                    "20": 1,
                    "21": 0,
                    "22": 0,
                    "23": 0,
                    "24": 1
                }
            }
        },
        "reprojection_errors_merged_px": {
            "summary": {
                "min": 0.005265422431780699,
                "max": 2.958167938088681,
                "median": 0.26232219088410236,
                "mean": 0.3271335710861267,
                "stddev": 0.27632394329795934,
                "len": 2424,
                "invalid": 0,
                "quartiles": {
                    "q0": 0.005265422431780699,
                    "q1": 0.15548493714201778,
                    "q2": 0.26232219088410236,
                    "q3": 0.41041203811054966,
                    "q4": 2.958167938088681
                }
            }
        },
        "rotation_angle_error_deg": {
            "summary": {
                "min": 0.11337263137102127,
                "max": 2.261674165725708,
                "median": 0.545557975769043,
                "mean": 0.6324652433395386,
                "stddev": 0.4491598308086395,
                "len": 40,
                "invalid": 0,
                "quartiles": {
                    "q0": 0.11337263137102127,
                    "q1": 0.31303583830595016,
                    "q2": 0.5455579459667206,
                    "q3": 0.8184462934732437,
                    "q4": 2.261674165725708
                }
            }
        },
        "translation_error_distance": {
            "summary": {
                "min": 0.07088765501976013,
                "max": 0.5869849920272827,
                "median": 0.234849214553833,
                "mean": 0.24530473351478577,
                "stddev": 0.09811625629663467,
                "len": 40,
                "invalid": 0,
                "quartiles": {
                    "q0": 0.07088765501976013,
                    "q1": 0.19444363191723824,
                    "q2": 0.2348492071032524,
                    "q3": 0.3043811097741127,
                    "q4": 0.5869849920272827
                }
            }
        },
        "relative_translation_angle_error_deg": {
            "summary": {
                "min": 0.12117845565080643,
                "max": 132.624267578125,
                "median": 4.398298263549805,
                "mean": 7.219476222991943,
                "stddev": 11.278610229492188,
                "len": 780,
                "invalid": 0,
                "quartiles": {
                    "q0": 0.12117845565080643,
                    "q1": 2.265293776988983,
                    "q2": 4.398298025131226,
                    "q3": 7.893227696418762,
                    "q4": 132.624267578125
                }
            }
        },
        "translation_angle_error_deg": {
            "summary": {
                "min": 0.40538841485977173,
                "max": 8.195594787597656,
                "median": 1.3328955173492432,
                "mean": 1.8759586811065674,
                "stddev": 1.4861321449279785,
                "len": 40,
                "invalid": 0,
                "quartiles": {
                    "q0": 0.40538841485977173,
                    "q1": 0.7651273161172867,
                    "q2": 1.3328954577445984,
                    "q3": 2.4902783036231995,
                    "q4": 8.195594787597656
                }
            }
        },
        "relative_rotation_angle_error_deg": {
            "summary": {
                "min": 0.038429923355579376,
                "max": 3.3988568782806396,
                "median": 0.7891446352005005,
                "mean": 0.9111493229866028,
                "stddev": 0.5667338371276855,
                "len": 780,
                "invalid": 0,
                "quartiles": {
                    "q0": 0.038429923355579376,
                    "q1": 0.4956023469567299,
                    "q2": 0.7891446352005005,
                    "q3": 1.2242795526981354,
                    "q4": 3.3988568782806396
                }
            }
        },
        "pose_auc_@1.0_deg": 0.0186,
        "pose_auc_@2.5_deg": 0.1103,
        "pose_auc_@3.0_deg": 0.1448,
        "pose_auc_@5.0_deg": 0.2717,
        "pose_auc_@10.0_deg": 0.496,
        "pose_auc_@20.0_deg": 0.6977,
        "pose_auc_constructed_only_@1.0_deg": 0.0186,
        "pose_auc_constructed_only_@2.5_deg": 0.1103,
        "pose_auc_constructed_only_@3.0_deg": 0.1448,
        "pose_auc_constructed_only_@5.0_deg": 0.2717,
        "pose_auc_constructed_only_@10.0_deg": 0.496,
        "pose_auc_constructed_only_@20.0_deg": 0.6977,
        "focal_length_error_px": {
            "summary": {
                "min": 0.0,
                "max": 1036.5054931640625,
                "median": 220.80520629882812,
                "mean": 290.00433349609375,
                "stddev": 212.34169006347656,
                "len": 40,
                "invalid": 0,
                "quartiles": {
                    "q0": 0.0,
                    "q1": 133.9734878540039,
                    "q2": 220.80520629882812,
                    "q3": 462.0594787597656,
                    "q4": 1036.5054931640625
                }
            },