# 3D point list with one line of data per point:
#   POINT3D_ID, X, Y, Z, R, G, B, ERROR, TRACK[] as (IMAGE_ID, POINT2D_IDX)
# Number of points: 3450, mean track length: 4.48
0 -0.009609440020415373 -0.2628732399782656 1.8075545558336388 121 125 130 0.49 37 0 90 0 211 0
1 -0.02977457226564488 -0.21861382221398892 1.7677998776704162 76 58 45 0.48 32 0 264 0 485 0
2 0.02687703445152404 -0.23034310604645586 1.8125421900483976 83 74 72 0.88 61 0 152 0 189 0 386 0
3 -0.028535599169907465 -0.20045425178944412 1.7599467516943368 172 160 130 0.14 37 1 281 0 485 1
4 -0.034064949127091564 -0.19702706259183514 1.7530651118576899 81 62 56 0.51 37 2 189 1 485 2
5 -0.004496950163458508 -0.2006582312377838 1.7624291881687992 135 115 94 0.19 37 3 90 1 189 2 485 3
6 0.0012710215187777235 -0.1985767700549914 1.765936281148019 125 95 67 0.45 90 2 208 0 485 4
7 -0.011321244758131137 -0.19075541287929715 1.7586459041301072 172 131 88 0.64 39 0 89 0 90 3 189 3 485 5
8 0.025280438929687815 -0.17990321966887293 1.7599167929489976 89 68 48 0.15 37 4 90 4 281 1 485 6
9 -0.04184685225501137 -0.16521030770862466 1.7336074249305629 153 128 94 0.26 37 5 90 5 281 2
10 -0.03265432822215707 -0.16329584835492766 1.7375151395855566 76 58 41 0.26 32 1 37 6 90 6 264 1 281 3
11 -0.02615290823394196 -0.17422001065315934 1.7444148948021294 58 34 23 0.17 32 2 37 7 485 7
12 0.005203098016198028 -0.17316890611419974 1.7499052761677543 88 66 42 0.24 37 8 90 7 281 4 485 8
13 0.018133994007915964 -0.15836272240232788 1.7458348496712097 187 163 125 0.27 37 9 281 5 485 9
14 -0.0638827613411358 -0.1419082054486547 1.7601000940812974 113 93 77 0.89 61 1 90 8 423 0 485 10
15 -0.028712557849171597 -0.13623650214632477 1.7220199269517948 100 73 60 0.64 90 9 189 4 485 11
16 -0.029601375516773616 -0.13345128876135987 1.7254202938663825 84 53 40 0.07 37 10 264 2 485 12
17 0.003433760496480382 -0.14234073343069553 1.7304078744466573 147 106 70 0.17 37 11 90 10 211 1 281 6 485 13
18 0.006456665174078373 -0.13913888053273632 1.7316718937918105 144 121 100 0.48 90 11 189 5 264 3 281 7 485 14
19 0.011257728143186489 -0.145214849489095 1.7384145015924122 121 100 85 0.51 189 6 264 4 485 15
20 0.013877861166143228 -0.12420130131786333 1.728608716779226 89 67 51 0.14 37 12 90 12 281 8 485 16
21 0.02429840502799992 -0.12363384994416217 1.7308454856745488 78 50 36 0.19 37 13 90 13 281 9 485 17
22 0.05453785105373342 -0.11881980226203759 1.7364245698864629 164 140 118 0.29 37 14 189 7 485 18
23 -0.03200624167998139 -0.08744573510489581 1.69888897414565 81 60 47 0.36 7 0 37 15 90 14
24 -0.09063661238638308 -0.08482900064357142 1.8142968695353368 200 204 199 1.59 37 16 53 0 61 2 123 0 386 1 425 0
25 -0.0035325434015518026 -0.07072685371688692 1.7063779283602265 154 130 105 0.33 17 0 20 0 281 10
26 -0.06447775851753254 -0.0601432414306357 1.6816536267356552 77 50 34 0.39 32 3 37 17 264 5 485 19
27 -0.03791357346222512 -0.06275390998533417 1.6861731026401756 156 119 82 0.28 37 18 60 0 90 15 264 6 281 11
28 0.0021865747725676845 -0.06070543210498601 1.691350834139366 111 82 61 0.12 37 19 71 0 89 1 225 0 258 0
29 -0.05380043684021491 -0.02801867952851087 1.6643495567106195 90 56 40 0.25 32 4 37 20 60 1 90 16
30 -0.018353472144610843 -0.029611206960021987 1.6754218771302645 165 141 123 0.41 3 0 189 8 485 20
31 -0.07306943616319837 -0.002473131426048391 1.6539455353809265 105 69 48 0.23 37 21 264 7 485 21
32 -0.014646725245675419 -0.01020412430515756 1.6578238537485133 93 49 27 0.24 37 22 264 8 485 22
33 -0.012825864326359336 0.03674623768265462 1.5378677912499925 121 86 54 0.68 25 0 32 5 53 1 61 3 89 2 126 0 132 0 189 9 264 9 329 0 342 0 457 0
34 0.05070396883859626 0.07916976691582554 1.5347370652661276 54 32 20 0.3 37 23 90 17 264 10
35 -0.021728976093507903 0.06016516570117318 1.5289657636465128 174 121 68 0.51 25 1 71 1 216 0
36 0.016138041803399505 0.09647260305732278 1.018684469988373 87 61 46 0.43 32 6 37 24 89 3 258 1
37 0.026163033183616357 0.09973647769342751 1.0195609749519796 97 72 46 1.0 37 25 39 1 89 4 90 18 123 1 126 1 189 10
38 0.05337936890905315 0.10729649020156554 1.033591868422162 101 68 43 0.06 52 0 89 5 123 2
39 0.0020252390246205147 0.1177378720852865 1.0557269786707235 136 101 74 0.33 17 1 20 1 215 0
40 0.13794047862532144 0.10365264194892876 0.9562272917055195 123 108 91 1.59 52 1 89 6 189 11 191 0
41 0.02081187658493729 0.11860574174348769 1.0256112079591988 61 34 26 0.86 106 0 126 2 189 12 258 2
42 0.02986474927424296 0.11678486905007557 1.0265999294420285 196 156 114 0.62 37 26 126 3 190 0 191 1
43 0.03145477319472573 0.12023567061882792 1.0280003481493487 179 130 96 0.33 37 27 89 7 189 13 190 1 191 2
44 0.07038630489574842 0.12284588623226432 1.0456593594402555 76 62 51 0.39 126 4 190 2 191 3 249 0
45 0.06999749078529446 0.11410846036225467 1.0090262268520396 57 34 22 0.95 77 0 89 8 123 3 154 0
46 0.06853790734014738 0.12261069950497253 1.031569255716224 18 14 14 1.17 106 1 126 5 190 3 191 4 249 1
47 0.07238742926358495 0.12054813926775754 1.0104761398709943 74 51 34 0.26 89 9 123 4 216 1
48 0.005275608334012906 0.1377622601525944 1.067685366748344 54 29 14 1.56 89 10 126 6 258 3
49 0.0234650557680273 0.1294162651249089 1.0223431931444762 67 34 18 0.64 32 7 106 2 126 7
50 0.10129266553159133 0.12402020735342156 0.9923476292859125 61 46 34 0.93 32 8 89 11 123 5 154 1 258 4
51 0.058997372737866254 0.14105862764156082 1.0344576548227937 40 24 15 1.02 32 9 126 8 258 5
52 0.1145404460418772 0.14033150643910144 0.963107558011125 106 85 56 0.26 32 10 90 19 189 14
53 0.11607062684487368 0.14361185052887954 0.9635207392638031 159 121 89 0.3 52 2 53 2 89 12 90 20 189 15
54 0.0336524605658352 0.16822850028154063 1.0180628890025674 110 78 54 0.37 32 11 89 13 90 21 123 6 189 16
55 0.09299863472920425 0.08637282907894847 0.42223150875714205 146 113 89 0.99 53 3 61 4 143 0
56 0.12233001302942284 0.06515884969626283 0.29109671869831333 107 88 68 0.97 53 4 61 5 423 1
57 -0.024506647307920827 -0.21275807628878976 1.7649255575528622 119 94 79 0.24 37 28 90 22 189 17 211 2
58 -0.006339609979094891 -0.21388449905413387 1.7612063194109304 149 117 80 0.36 37 29 90 23 281 12 485 23
59 -0.03508197090235418 -0.20771212403790698 1.7713826161831954 121 108 89 1.05 12 0 32 12 61 6 89 14 90 24 123 7 154 2 258 6 342 1 361 0 409 0 423 2 425 1 457 1
60 -0.041765609448703 -0.18075912567077712 1.7468899467818695 152 114 77 0.47 37 30 39 2 89 15
61 -0.007092340407193902 -0.18067155459660772 1.7500667045579776 102 80 66 0.18 90 25 189 18 211 3 281 13
62 -0.014846619457504378 -0.17099555718515996 1.7438227320038553 109 76 56 0.37 32 13 37 31 89 16 485 24
63 -0.012263825663791103 -0.16551403490913305 1.7426917598084344 107 82 58 0.38 32 14 37 32 89 17 154 3
64 0.01197207697219795 -0.16435825619741334 1.7500494527318824 176 149 109 0.52 37 33 90 26 208 1 485 25
65 0.028879752649142765 -0.1775483038067896 1.7614285799830365 148 120 91 0.41 32 15 37 34 89 18 264 11
66 0.021727942330664742 -0.16309018273616444 1.747606865567625 172 146 112 0.37 90 27 189 19 211 4 281 14 485 26
67 0.03201237172589939 -0.1627555123068576 1.7520904465505374 172 147 114 0.34 37 35 189 20 211 5 485 27
68 -0.06452001973465889 -0.16183234184850873 1.7899323107165028 201 204 203 1.6 37 36 208 2 485 28
69 -0.01689457140137594 -0.1463497533941404 1.7316117864306473 156 127 94 0.32 32 16 37 37 90 28 189 21 208 3 211 6 264 12 281 15 485 29
70 -0.012635761858168733 -0.14624226229350748 1.7330550556483482 132 103 70 0.54 37 38 71 2 89 19
71 -6.816267200100122e-05 -0.1546034317609742 1.7339512194582736 94 62 43 0.19 90 29 208 4 485 30
72 0.0023907422318253154 -0.15666096635156027 1.735409203952535 116 90 67 0.26 32 17 37 39 89 20 189 22 258 7 264 13 485 31
73 0.0011516885574623238 -0.14717122604696248 1.7319931511011437 118 88 65 0.46 32 18 37 40 89 21 189 23
74 0.029868422422546597 -0.16089534017054005 1.7516139468227323 110 81 60 0.3 32 19 37 41 89 22 90 30 189 24 208 5 211 7 264 14 281 16 485 32
75 0.0274684263366083 -0.15313245498010855 1.7462388337577204 100 72 51 0.5 25 2 32 20 37 42 61 7 89 23 189 25 208 6 258 8 264 15 281 17 322 0 342 2 485 33
76 0.03264348628976288 -0.1528343070742036 1.747222464366531 113 84 69 0.23 189 26 211 8 485 34
77 -0.021457905582248596 -0.1415632258810357 1.7285531813649682 126 96 70 0.3 32 21 89 24 154 4 264 16
78 0.016794532760770517 -0.14478365079350858 1.7390092205431107 176 148 106 0.34 37 43 90 31 211 9 281 18 485 35
79 0.021997248949245263 -0.14454905202472043 1.7405773561783702 135 111 82 0.21 32 22 37 44 89 25 90 32 264 17 281 19 485 36
80 0.024729731653095367 -0.14417427927242718 1.7414636678430717 151 113 77 0.34 37 45 89 26 90 33 281 20 485 37
81 0.02140550873372616 -0.13924467976340707 1.7361059823304024 168 141 111 0.32 37 46 90 34 211 10 485 38
82 -0.07831650967108232 -0.11966418741423032 1.7737431269324972 122 116 111 0.84 37 47 53 5 61 8 123 8 189 27 322 1 342 3 386 2
83 -0.07831650967108232 -0.11966418741423032 1.7737431269324972 122 116 111 0.84 37 48 53 6 61 9 123 9 189 28 322 2 342 4 386 3
84 -0.02351337997467158 -0.12762106036641213 1.7218885723464654 156 128 93 0.25 32 23 37 49 90 35 189 29 208 7 211 11 281 21
85 0.006282968892783249 -0.1291529542452491 1.7287655102045691 141 89 58 0.09 37 50 89 27 485 39
86 0.027786987801433682 -0.1196574638762827 1.7296833361582993 148 124 98 0.16 90 36 264 18 281 22 485 40
87 -0.04094730000124848 -0.1089265070013854 1.7067511317938022 136 103 67 0.69 32 24 37 51 89 28 208 8 485 41
88 -0.030734601992350036 -0.10909238401360363 1.7133881523767045 154 122 88 0.19 37 52 71 3 89 29 208 9 211 12 485 42
89 -0.015369024816111375 -0.10592281275969524 1.7105726084876123 91 60 39 0.29 37 53 208 10 485 43
90 -0.0104711102066413 -0.10766977798761267 1.7134285331618853 136 110 80 0.47 32 25 37 54 90 37 485 44
91 0.006269877009458904 -0.10430276954503487 1.7137344592788815 134 101 71 0.25 37 55 189 30 208 11 211 13 264 19 281 23 485 45
92 -0.08657932103727464 -0.0899942022383704 1.7876567566738608 226 230 228 0.69 61 10 123 10 342 5
93 -0.05174222155211157 -0.09023663910059168 1.6980184227504358 126 86 61 0.26 7 1 37 56 89 30
94 -0.036564239569135924 -0.08970143789140303 1.700240459100594 134 100 72 0.3 32 26 37 57 89 31 189 31 281 24
95 0.04267013399014672 -0.086168517577594 1.7172825398297102 149 114 78 0.17 37 58 89 32 90 38 281 25 485 46
96 -0.05532232809030081 -0.07038087182677404 1.6860476747528013 111 71 41 0.4 32 27 37 59 89 33
97 -0.049721909519198346 -0.06078388065154732 1.6841820279657125 144 97 64 0.22 37 60 264 20 485 47
98 -0.006707714778966937 -0.06369877377210058 1.6863093798166517 184 155 117 1.49 7 2 143 1 190 4 191 5 225 1
99 0.0037529878169714243 -0.0651992962477928 1.690990150169371 101 75 59 0.39 7 3 32 28 89 34 154 5 225 2 258 9 264 21
100 0.0033920691229132873 -0.06306439379689426 1.6924472792864211 153 108 69 0.26 32 29 37 61 71 4 89 35
101 0.007718156776787642 -0.06462420697207967 1.6911967664592809 124 86 61 0.29 32 30 37 62 89 36 264 22 485 48
102 0.01669526290767091 -0.06261300776801745 1.6927402683837307 132 104 85 0.56 7 4 89 37 189 32 264 23
103 0.02905691182388626 -0.05654219127429311 1.697312378463742 86 56 34 0.41 32 31 208 12 211 14 485 49
104 -0.027874157127048407 -0.04893552540400738 1.6800369369756671 98 63 36 0.25 32 32 37 63 89 38
105 0.020973449657997936 -0.047887497165903854 1.692896667369725 130 105 86 0.24 89 39 90 39 258 10
106 0.02243825442079751 -0.04552548011813698 1.6888107307492501 94 75 60 0.37 37 64 60 2 90 40 189 33 208 13 211 15 281 26
107 0.0853698609336692 -0.0486978758658722 1.72908486872809 121 125 134 0.62 53 7 61 11 90 41 123 11 189 34 268 0 281 27 423 3 425 2 460 0
108 -0.10391585547670946 -0.037820347370349165 1.7589066132309235 132 128 126 0.86 53 8 61 12 123 12 189 35 264 24 342 6 386 4
109 -0.10392723990835714 -0.037836016240797056 1.7588428176700484 140 135 133 0.98 53 9 61 13 123 13 189 36 264 25 386 5
110 -0.029801238064953564 -0.0294135115040417 1.6693161035595854 147 115 83 0.87 32 33 37 65 89 40 90 42 189 37 208 14
111 0.007807317414730148 -0.03661145897766022 1.676497504195609 144 103 78 0.57 3 1 37 66 89 41 225 3
112 0.007123978099267368 -0.03198995039511038 1.66607373560176 136 91 53 0.49 37 67 39 3 89 42 154 6 189 38
113 0.06209180640386499 -0.024785787742898177 1.6835601132665936 152 117 82 0.72 37 68 89 43 126 9
114 -0.034108124985515624 -0.011043734242459143 1.6555677186445978 167 122 80 0.34 25 3 37 69 39 4 89 44 90 43 189 39
115 -0.017079159509751862 -0.01555408134053963 1.6574095653031844 135 81 38 0.24 32 34 37 70 89 45
116 -0.03703198539809522 0.002455792825154087 1.6471841511822656 118 76 48 0.5 25 4 32 35 37 71 77 1 89 46 126 10 189 40 258 11
117 -0.0038449384398972085 0.003235647921141327 1.646055229141075 98 57 37 0.86 3 2 37 72 61 14 89 47 152 1 154 7 460 1
118 0.023219516142018143 -0.0007594281466910056 1.6649359370967325 101 80 70 0.39 17 2 20 2 225 4
119 -0.05718700011149506 0.0232551502399956 1.6359551456954982 176 128 83 0.17 37 73 39 5 89 48 264 26
120 -0.016307995666561728 0.03586835543712244 1.5368549049159925 174 112 67 0.35 37 74 71 5 89 49
121 -0.13664107636351142 0.056466899738556814 1.7351626072909472 178 173 177 0.67 61 15 342 7 386 6 425 3 460 2
122 -0.014255488959313984 0.043556113773010434 1.5372080766945295 137 91 49 0.35 25 5 32 36 37 75 71 6 89 50 154 8 264 27
123 0.020994197681477082 0.04281734651631904 1.5331558061289687 110 66 34 0.3 32 37 37 76 89 51 264 28
124 0.08011537273771872 0.04563433972129735 1.5544430292093923 158 104 68 0.25 37 77 89 52 264 29
125 -0.050136383219591386 0.068228587281022 1.519412705061876 143 92 58 0.2 32 38 37 78 89 53 264 30
126 -0.14138971737579417 0.08760718482536702 1.7399451719801688 193 195 189 0.7 61 16 123 14 342 8 386 7 460 3
127 -0.0018986176385693014 0.0759297167265703 1.528301313969988 59 27 15 0.43 37 79 89 54 126 11 264 31
128 -0.03133283143846864 0.12149563089611408 1.513512400983845 130 89 54 0.45 37 80 53 10 71 7 89 55 90 44 264 32
129 -0.005501487327693506 0.13201883173176385 1.5172094264742497 181 113 53 0.37 37 81 39 6 89 56
130 -0.054760873803209216 0.13731235943560952 1.4867378462981178 62 39 26 0.5 20 3 32 39 106 3 216 2
131 0.023653311915572982 0.09507699988750319 1.0210848013311322 127 88 69 0.55 89 57 152 2 191 6
132 0.022821956181597478 0.09604258098759379 1.0201247512312235 129 100 77 0.82 32 40 39 7 89 58 90 45 123 15 189 41 191 7 216 3 258 12
133 -0.17262989874440038 0.18519498696286096 1.7997474201586432 75 76 93 0.92 17 3 20 4 106 4 190 5 191 8
134 -0.17262989874440038 0.18519498696286096 1.7997474201586432 75 76 93 0.92 17 4 20 5 106 5 190 6 191 9
135 -0.14727874217753104 0.16973697903415025 1.7391105262608981 68 42 29 0.63 37 82 89 59 90 46 123 16 258 13
136 -0.038142555239796413 0.1497755277387047 1.5008290750388573 143 102 55 1.07 25 6 32 41 39 8 71 8 89 60
137 0.02301509198910733 0.09909458906622089 1.0200357933353155 135 110 85 0.65 32 42 39 9 89 61 90 47 106 6 123 17 189 42 190 7 191 10 216 4 258 14
138 0.022835473790616317 0.09907367987262136 1.020444968543725 121 91 66 0.39 37 83 39 10 89 62 90 48 123 18 189 43 216 5 258 15
139 0.023644563241290908 0.10019880921898887 1.0204390194161481 52 40 29 0.49 37 84 39 11 89 63 90 49 189 44 258 16
140 0.023561898706174915 0.10011575541158732 1.0204441373046633 50 33 23 0.23 37 85 89 64 123 19
141 0.02274453983755925 0.10142750421645606 1.0197185622532814 127 104 82 0.64 32 43 39 12 89 65 90 50 106 7 123 20 152 3 189 45 190 8 191 11 216 6 258 17
142 0.022941406773057522 0.10129974510097237 1.0196544840306314 161 138 114 1.09 89 66 106 8 123 21 126 12 189 46 190 9 191 12
143 0.03802739361951201 0.10081033117587611 1.0271643878005046 173 123 86 0.24 52 3 89 67 123 22
144 0.03785991189898967 0.10121570043476773 1.0261357241999236 185 111 67 1.6 37 86 89 68
145 0.0603690184028288 0.10085889428932482 1.0290945348413385 34 21 18 1.23 37 87 89 69 123 23 258 18
146 0.09016482556247099 0.10389432200581865 1.002038832678167 167 132 93 0.62 39 13 89 70 90 51 189 47 190 10 208 15 216 7
147 0.12210137854835534 0.09394808969655355 0.9641379634860524 162 130 100 0.4 52 4 53 11 89 71 90 52 189 48
148 -0.009716011516371248 0.12425347905520731 1.1527873829382922 82 46 24 0.51 89 72 90 53 106 9
149 0.03692289659890534 0.11537700716304077 1.0305387834096889 185 142 100 0.7 37 88 39 14 89 73 126 13 152 4 190 11 191 13 208 16
150 0.05192680397276892 0.11649808665703397 1.031746630025175 38 23 15 0.22 89 74 123 24 216 8
151 0.07957033540386953 0.11058635245911848 0.998854422659192 66 50 36 0.74 39 15 52 5 89 75 90 54 123 25
152 0.16069518119688508 0.0957294450533476 0.9777295808237596 124 92 68 0.48 53 12 89 76 216 9 258 19
153 -0.17017954027181081 0.21385534904997333 1.8383973404438794 156 156 142 1.97 32 44 53 13 61 17 89 77 154 9 258 20
154 -0.026694725835497413 0.1426254156393227 1.2319303417413654 60 36 22 0.62 32 45 89 78 90 55 106 10 123 26 126 14 258 21 264 33
155 -0.027707277663377945 0.1458161144352304 1.2111449080578267 157 124 96 0.39 17 5 20 6 215 1
156 0.007648506140347926 0.11993720229484714 1.0516037656968948 114 75 42 1.09 89 79 123 27 126 15
157 0.008338700150001044 0.1212107439807157 1.0602648666566126 122 82 53 0.11 89 80 90 56 123 28
158 0.030590522841385505 0.1211537953423329 1.0262292089076468 93 57 32 0.65 53 14 89 81 126 16 189 49
159 0.046288123806401175 0.11841546446822637 1.031866937111407 64 40 25 0.98 32 46 61 18 106 11 126 17 143 2 154 10 191 14 342 9
160 0.07291343575164458 0.11976490809689229 1.0125379300088773 36 28 24 0.84 32 47 52 6 89 82 90 57 106 12 123 29 152 5 258 22
161 0.13490893312137936 0.1177054749983412 0.9771841109002364 72 54 41 0.7 89 83 90 58 123 30 190 12 216 10
162 0.13861116675045262 0.11649383198134307 0.9726154476597103 23 19 17 0.49 20 7 215 2 216 11
163 0.001179112664325051 0.13907218738472335 1.1060102531407887 58 37 26 0.46 37 89 77 2 89 84 190 13 258 23
164 0.05773488791896309 0.1289290861419982 1.0356864185535877 25 13 6 0.36 37 90 126 18 190 14 191 15
165 0.0656617391953269 0.12948833062306997 1.032935925209756 49 36 30 1.04 89 85 106 13 123 31 152 6 189 50
166 0.06534215980623444 0.12921928671089003 1.0318578099563804 38 27 22 0.66 89 86 106 14 123 32 152 7 216 12
167 -0.12104534977425294 0.21526634208730827 1.6245114957496314 55 33 23 0.3 77 3 89 87 106 15 123 33 258 24
168 -0.018676126171161985 0.15658134285786654 1.1828497393917943 35 20 14 0.79 32 48 77 4 106 16 152 8 190 15 258 25
169 -0.16222505469022275 0.26346550584475653 1.868823791450421 121 98 83 1.46 90 59 190 16 191 16 264 34
170 0.023985916409721527 0.17133567124988786 1.0149178739729774 164 134 109 1.05 52 7 216 13
171 -0.22984166809945736 0.3385864445519043 1.8738373901922556 128 89 64 1.38 53 15 89 88 106 17 123 34
172 -0.21442805498530565 0.3208206233247941 1.7467133507790196 143 106 80 0.98 32 49 53 16 89 89
173 0.05468875270736461 0.10633190103482489 0.5319655080174219 138 99 74 0.66 52 8 89 90 215 3
174 0.048035259700173236 0.11007174688648734 0.5302322430528561 60 48 41 1.19 61 19 425 4
175 -0.05297259840582063 -0.23686741320411558 1.794371208435018 99 100 103 0.77 61 20 123 35 258 26 264 35 268 1 342 10 386 8 460 4
176 0.028327500851310708 -0.2351674791687345 1.8120932193867207 106 96 89 0.49 37 91 90 60 208 17 281 28 485 50
177 -0.030297438686353123 -0.2082269699598573 1.7683260563133778 151 132 105 0.85 32 50 37 92 61 21 90 61 189 51 208 18 258 27 264 36 281 29 342 11 361 1 409 1 423 4 425 5 457 2
178 -0.04054928553546949 -0.19767722609642133 1.7633315977110204 134 122 100 0.61 37 93 61 22 90 62 123 36 189 52 208 19 258 28 342 12 386 9 409 2 425 6 457 3 460 5 485 51
179 -0.03164434354879867 -0.199886191662761 1.7604141620426708 121 114 97 0.76 12 1 32 51 37 94 61 23 89 91 90 63 132 1 154 11 189 53 208 20 258 29
180 -0.07154816544570843 0.07126263386220498 1.471108983999006 223 160 100 1.29 89 92 126 19 152 9
181 0.02265244798274399 -0.17935357044045636 1.7578952672381771 90 77 68 0.16 189 54 264 37 281 30 485 52
182 0.037183184121781 -0.17902890411933275 1.7611324962772081 101 89 76 0.32 37 95 90 64 189 55 208 21 211 16 281 31 485 53
183 -0.035736193726889236 -0.1636371439416373 1.7378884925384053 76 55 46 0.46 32 52 37 96 89 93 258 30 264 38
184 -0.029809651680646372 -0.1637997967714483 1.7403626267894288 117 89 71 0.57 32 53 37 97 89 94
185 0.013042045156627501 -0.16972077275657477 1.751001834246233 104 90 76 0.45 32 54 61 24 264 39 268 2 342 13 386 10 460 6
186 -0.04475842508944917 -0.14515977808326713 1.7280065260665098 104 79 65 0.38 90 65 189 56 485 54
187 -0.04257189954010714 -0.14685061398565638 1.7481799488595742 88 66 58 0.59 7 5 17 6 208 22 485 55
188 -0.01723745763434381 -0.14376674564873876 1.7299093590525152 85 62 52 0.32 12 2 32 55 37 98 89 95 90 66 189 57 211 17 258 31 264 40 281 32 485 56
189 0.016627675794842797 -0.1424988046609502 1.7386731803517885 130 98 81 0.18 12 3 89 96 189 58 211 18 281 33 485 57
190 0.021637076414608904 -0.14196534940478428 1.7385998216706213 100 78 68 0.4 12 4 37 99 89 97 90 67 189 59 485 58
191 0.021670415054140385 -0.1419000125135388 1.7384483425548483 94 71 59 0.36 12 5 32 56 37 100 89 98 90 68 152 10 189 60 485 59
192 -0.05429163704206636 -0.13223344794305059 1.7481932740881503 138 111 89 0.58 17 7 20 8 485 60
193 -0.04309410932826497 -0.12540652891308052 1.7169099759112922 106 87 75 0.4 12 6 32 57 89 99 90 69 189 61 208 23 264 41 281 34
194 -0.008787035633643058 -0.12435947141225595 1.7228223958328654 94 68 51 0.43 12 7 32 58 37 101 61 25 89 100 90 70 132 2 152 11 189 62 208 24 211 19 281 35 457 4 485 61
195 0.0019660320113725153 -0.10581009784118486 1.7096843946966622 75 53 45 0.51 61 26 225 5 258 32 264 42 329 1 386 11 409 3 457 5 460 7
196 -0.02236662735876131 -0.1250807231552687 1.7201258879766403 107 88 71 0.12 90 71 189 63 211 20 281 36
197 -0.01739132089629456 -0.08846317292147135 1.7003586471543086 190 156 120 0.42 37 102 77 5 211 21 485 62
198 0.00999896266686938 -0.08759591639931774 1.7086295223856915 166 132 97 0.34 7 6 37 103 90 72 189 64 208 25 211 22 281 37 485 63
199 0.016744993439090517 -0.08422550200362598 1.7078856251095162 84 63 51 0.33 7 7 37 104 90 73 208 26 211 23 485 64
200 0.03182595566599916 -0.08775343296701812 1.7166109239412217 131 111 88 0.49 17 8 20 9 281 38
201 -0.030798787121252433 -0.08353573962594806 1.6997946906516848 186 142 103 0.14 37 105 89 101 189 65 281 39
202 0.001579309334181292 -0.07864936864858962 1.6992662517902164 136 89 54 0.46 7 8 25 7 37 106 89 102
203 0.05496836474017831 -0.06567132496527972 1.7095094093584604 134 103 84 0.15 7 9 89 103 189 66
204 0.047139009432909704 -0.061050323804845805 1.705991306536207 160 122 86 0.74 60 3 71 9 89 104 143 3 189 67 264 43 281 40
205 -0.06157955421408602 -0.04051306699614046 1.6703837318782917 60 49 43 0.7 37 107 53 17 61 27 258 33 264 44 329 2
206 -0.015764178889493368 -0.04965582339190116 1.6927549705002247 164 128 89 0.08 208 27 211 24 485 65
207 0.020086056615259664 -0.04194985317403812 1.685631787354446 139 116 86 0.42 37 108 61 28 143 4 225 6 258 34 386 12 409 4 457 6 460 8
208 0.02440429213650392 -0.042813864229634326 1.6839996162693727 141 114 92 0.46 17 9 20 10 106 18 216 14
209 0.03951186909375906 -0.04458972168966357 1.7021304480470982 94 68 51 0.38 17 10 20 11 208 28 211 25 281 41
210 0.05057128941085428 -0.04344094013260572 1.6991766011434961 100 79 65 0.35 32 59 37 109 89 105 90 74 189 68 258 35 264 45 281 42
211 0.04975749340843481 -0.04070784853469254 1.6966902290583306 142 114 85 0.49 53 18 61 29 90 75 143 5 268 3 342 14 386 13 425 7 460 9
212 0.059824348332787936 -0.04500243939597721 1.7003559243080861 119 73 31 0.78 37 110 89 106 143 6
213 0.054350430669739234 -0.04305863182610189 1.6997101046216443 103 74 55 0.5 32 60 37 111 53 19 89 107 90 76 189 69 208 29 258 36 281 43
214 -0.07419535273006142 -0.02867129004152281 1.6614718754782942 143 114 90 0.69 25 8 32 61 37 112 71 10 89 108 132 3 189 70
215 -0.07422398534826785 -0.02857083699131883 1.661167254708627 138 109 86 0.66 25 9 32 62 37 113 71 11 89 109 90 77 132 4 189 71
216 -0.062387806582553794 -0.02853125578900952 1.6567810337882516 99 68 54 1.03 17 11 20 12 106 19 154 12 190 17 191 17
217 -0.06087054947110349 -0.02802719617329544 1.6625850205691555 98 76 63 0.47 32 63 37 114 89 110 90 78 154 13 189 72 258 37 264 46
218 -0.04935830572719956 -0.036331446709479985 1.6723613684016543 108 77 56 0.7 25 10 37 115 53 20 61 30 89 111 126 20 143 7 189 73 329 3 361 2 386 14 409 5 457 7
219 -0.0403094476720478 -0.02955050943481268 1.6700065630730918 137 109 85 0.48 25 11 37 116 53 21 61 31 71 12 89 112 90 79 126 21 152 12 189 74 258 38 264 47 342 15 386 15 423 5 460 10
220 0.024715457763485306 -0.03423414875631474 1.715527839990607 85 68 64 0.64 3 3 17 12 20 13
221 -0.049809366218256525 -0.021858635485763535 1.6620926747260447 125 90 58 0.5 37 117 71 13 89 113 90 80 154 14 264 48
222 0.0053252049059284825 -0.013615326854161666 1.6594940421034152 108 76 57 0.45 3 4 32 64 37 118 61 32 89 114 123 37 152 13 258 39 264 49
223 0.046398734131796245 -0.023770932230578377 1.6606502426919327 134 106 94 0.48 3 5 17 13 20 14 89 115
224 0.04579182625496971 -0.018130313303944576 1.6475667992547185 146 107 90 0.63 3 6 17 14 89 116
225 0.0533438088220159 -0.02070736104375294 1.6843849936480046 148 118 88 0.63 32 65 53 22 61 33 89 117 143 8 219 0 264 50 268 4
226 0.06043396361025963 -0.019306563062831503 1.6806834631112508 147 122 104 0.75 3 7 17 15 106 20
227 0.06423386349396007 -0.019165849972595798 1.683712862919699 144 118 99 0.3 3 8 17 16 485 66
228 -0.05994506009563349 -0.009312796387664454 1.650391699484541 130 90 51 0.76 25 12 32 66 37 119 71 14 89 118 143 9 154 15 264 51
229 -0.011119192231450336 0.0027453411011556005 1.649312740836425 144 106 70 0.5 3 9 37 120 53 23 61 34 89 119 90 81 143 10 258 40 342 16 386 16 425 8 460 11
230 0.007479720331538654 -0.006263302770887282 1.649441074870688 150 96 65 0.5 3 10 37 121 89 120
231 0.01287052956990512 -0.008200701868353548 1.6299447698780891 146 105 82 0.3 3 11 89 121 132 5
232 0.017129975966480502 -0.00317429980027275 1.6263725788535421 94 63 47 0.38 3 12 37 122 61 35 89 122 152 14 154 16 264 52 268 5 329 4
233 0.017133623393562343 -0.003482387858113588 1.627960588730227 119 82 54 0.46 3 13 25 13 37 123 39 16 61 36 71 15 77 6 89 123 126 22 258 41 264 53
234 0.03596113489984629 -0.006351088123316673 1.6658788770013775 177 127 78 0.73 77 7 89 124 90 82 126 23 143 11 189 75 219 1
235 0.04611276267141366 -0.003745103500899956 1.6728098135196916 196 146 108 0.34 32 67 37 124 77 8 89 125
236 0.09648376536181395 -0.00020190582407286504 1.6884960068458206 111 104 113 0.92 61 37 123 38 214 0 342 17 460 12
237 -0.047242374545199486 0.01496042018534032 1.6440479987095913 169 112 69 0.24 25 14 89 126 152 15
238 -0.033723951045249896 0.0051201133029904295 1.6490480689924283 138 92 56 0.39 32 68 37 125 61 38 89 127 143 12 152 16 154 17 342 18 361 3 386 17 460 13
239 -0.08479426647580694 0.019173380763851323 1.6412020679832484 120 86 60 0.8 25 15 32 69 37 126 53 24 61 39 71 16 89 128 126 24 189 76 258 42 342 19 423 6
240 -0.08141235483222699 0.03497769335277108 1.6374385346147973 101 73 49 0.6 32 70 90 83 143 13 189 77
241 0.03984628225054054 0.03806468180240068 1.537292763413055 120 104 92 0.77 17 17 20 15 71 17
242 0.07574575664206502 0.06996187201845801 1.5507856437698586 118 66 33 0.2 37 127 89 129 258 43
243 0.16697661472265893 0.06736692061814244 1.6124322257384067 227 230 232 0.49 17 18 20 16 463 0
244 -0.1470371134568397 0.08384540643556768 1.763298237480223 171 168 161 1.02 37 128 53 25 61 40 143 14 342 20
245 0.040767920938984514 0.07598780233247492 1.5305021890847648 100 63 29 0.75 32 71 37 129 89 130 106 21 143 15
246 0.11859653734609556 0.08153214120284512 1.5554252270010942 177 110 55 0.37 25 16 89 131 152 17
247 -0.029149076934588847 0.09444676933629588 1.5215534429938098 127 83 47 0.96 25 17 32 72 37 130 39 17 53 26 61 41 89 132 143 16 152 18 258 44 264 54 342 21 361 4 386 18
248 -0.052954975440621076 0.09591470525946862 1.5117064568819427 117 72 37 1.43 25 18 37 131 53 27 61 42 77 9 89 133 90 84 126 25 143 17 258 45 409 6 457 8
249 -0.043152591224655014 0.10195273519048158 1.519423830090453 168 103 52 0.64 37 132 71 18 89 134 126 26 152 19
250 -0.0231855647125528 0.09723026285485349 1.5249961094816893 92 59 34 0.96 32 73 53 28 61 43 143 18 264 55 386 19
251 -0.02620840859656261 0.10984520190819472 1.5189002809959362 148 94 53 0.37 37 133 53 29 77 10 89 135 90 85 126 27 264 56
252 -0.02807243944079926 0.10914877766923003 1.4938033260378436 188 114 58 1.83 37 134 77 11 89 136 126 28
253 0.16804796591515964 0.12093557486975925 1.5672901596602111 108 84 78 0.37 17 19 20 17 463 1
254 -0.07623760334396644 0.11680284034252336 1.4569082128070128 127 98 62 0.59 25 19 32 74 53 30 61 44 90 86 143 19 152 20 258 46 264 57 361 5 386 20 409 7 423 7 425 9 457 9
255 -0.08003542268218275 0.12146135476765765 1.3675004726294264 95 69 56 0.35 17 20 20 18 89 137
256 -0.08314129442354207 0.12539112171719305 1.4055743468321 114 87 72 0.41 17 21 20 19 123 39
257 -0.006235543923402393 0.12979780617237194 1.5165883501693813 110 65 32 0.36 32 75 37 135 89 138 152 21
258 -0.17558816491575513 0.18313574972108035 1.9091667905483805 97 89 81 1.97 32 76 39 18 53 31 61 45 89 139 90 87 152 22 386 21 460 14
259 -0.06809964099952048 0.13478005590360367 1.456856641052941 178 131 76 0.82 25 20 37 136 126 29 264 58
260 0.02096194272516849 0.09588854266738596 1.0190211712945736 168 122 90 1.01 89 140 152 23 191 18
261 0.034568713167522476 0.09494623935863451 1.0336707189052403 130 97 61 0.65 53 32 61 46 90 88 143 20 189 78 386 22 423 8 425 10
262 0.034499124809441103 0.09501642091290831 1.033811628364663 122 94 72 0.32 61 47 90 89 189 79 425 11
263 0.05121772990705605 0.09815668897069965 1.0229480804682551 106 89 68 2.37 17 22 20 20 126 30
264 0.0546091256674337 0.09766964233531512 1.0285243907980777 121 88 59 0.46 53 33 77 12 89 141 90 90 123 40 143 21 152 24 189 80
265 -0.04558089180760685 0.14830362688915852 1.5063212135675403 116 66 32 0.23 25 21 32 77 89 142 152 25
266 -0.0388625189173747 0.15077389861550894 1.5094012424063705 134 82 36 1.36 32 78 71 19 89 143 143 22 152 26
267 0.024207400547059218 0.09854319503277718 1.021102505585081 91 68 57 0.58 53 34 89 144 90 91 106 22 123 41 152 27 189 81 216 15
268 0.044659619782066104 0.10215916157637397 1.0303478993632649 123 88 55 1.15 32 79 89 145 152 28 216 16 284 0
269 0.02158868539430379 0.10776397840905497 1.0257910884794912 64 39 31 0.75 53 35 89 146 106 23 123 42 126 31 189 82
270 0.038024485850358204 0.10942075810170748 1.0326192621107104 75 52 36 0.54 32 80 53 36 61 48 143 23 189 83 216 17 258 47 342 22 386 23 423 9 457 10
271 0.06972249358832709 0.10507489590699412 0.9980716615970627 98 72 53 1.1 89 147 208 30 216 18 258 48 284 1
272 0.12074796681792828 0.10365069133239993 0.9535692266100856 64 50 42 0.4 52 9 61 49 89 148 90 92 143 24 153 0 189 84 425 12
273 0.12484830151338219 0.10527832997743622 0.9686235823186805 43 31 28 0.61 52 10 61 50 383 0 386 24
274 0.12638161703711662 0.10381371866665291 0.9528287310672494 53 45 40 0.4 52 11 53 37 61 51 89 149 90 93 123 43 143 25 153 1 189 85 386 25
275 -0.03793211408212244 0.1487696662245911 1.2767099636713943 79 62 46 0.4 32 81 89 150 106 24 123 44 258 49
276 -0.01586747101475313 0.13612835401166412 1.1791310501529693 118 96 75 0.82 37 137 72 0 77 13 89 151 106 25 126 32 152 29 190 18 258 50 264 59
277 0.007621220082415362 0.1264150399791158 1.0607359817456234 65 36 27 0.87 53 38 72 1 77 14 89 152 90 94 106 26 123 45 152 30 190 19 191 19 258 51
278 0.046309536754716434 0.11707374399788888 1.030451742931402 116 91 72 0.63 32 82 39 19 53 39 89 153 106 27 123 46 126 33 152 31 154 18 189 86 190 20 191 20 249 2 258 52
279 0.04072178796369487 0.12312907247484768 1.0279219922202725 182 118 68 0.21 37 138 89 154 216 19
280 0.05832508117895966 0.1239572955548384 1.032481206926999 72 54 43 0.62 32 83 89 155 106 28 123 47 126 34 152 32 190 21 191 21 258 53
281 0.13891332940234605 0.11326292839378914 0.9729810420482641 24 19 20 0.34 53 40 89 156 123 48 189 87 258 54
282 -0.1334573880043821 0.2128355620546544 1.6132894766267964 35 30 30 0.92 17 23 20 21 190 22 191 22
283 -0.08659239223415226 0.19753648581539637 1.535288353508704 90 61 39 0.99 77 15 126 35 264 60
284 -0.08659239223415226 0.19753648581539637 1.535288353508704 90 61 39 0.99 77 16 126 36 264 61
285 0.009217342764329025 0.1301356342823094 1.05604395758123 92 51 32 1.0 77 17 89 157 106 29 152 33 258 55
286 0.06489562978189681 0.12839960693318217 1.0332572737200816 77 59 43 0.97 89 158 123 49 126 37 190 23 249 3
287 0.0694158525533481 0.12714654862271996 1.029667770793219 69 52 37 1.21 77 18 89 159 106 30 126 38 216 20 249 4
288 0.11498681526141194 0.11991446306537785 0.9691472165275196 97 68 49 0.68 53 41 77 19 89 160 106 31 143 26 216 21 258 56
289 -0.1316458238208412 0.22460819009355518 1.6788818867733248 40 23 17 0.9 32 84 89 161 123 50
290 -0.12126620727020904 0.21554892724004862 1.625683547637131 50 34 23 0.55 89 162 123 51 258 57 264 62
291 -0.11716474695157143 0.20844651483376053 1.5590915283929772 120 93 74 0.61 20 22 191 23 216 22
292 -0.12477740876617703 0.22407255731667367 1.58965126393537 87 69 63 0.57 17 24 20 23 190 24 191 24
293 0.04316123384620492 0.13866443506070542 1.028962822189201 170 135 99 0.67 39 20 53 42 89 163 106 32 126 39 189 88 190 25 191 25 249 5
294 -0.14239711491027332 0.2466495226491407 1.7179917725167455 161 112 70 0.7 89 164 90 95 123 52
295 -0.12787126009705654 0.24979912007380115 1.7439169846461335 56 40 34 0.84 89 165 190 26 191 26
296 -0.12260979547836458 0.22976724217667846 1.5796390895992451 73 55 50 0.67 20 24 190 27 191 27
297 -0.17416630325277405 0.27159502937634683 1.7618957173794183 145 89 58 1.12 53 43 61 52 89 166 90 96 152 34 386 26 409 8 423 10 425 13 457 11
298 0.10462060592584926 0.14926091488427476 0.9676752057903384 129 102 79 0.88 52 12 53 44 61 53 90 97 143 27 189 89 423 11 425 14
299 0.12373665916987243 0.14869723215338904 0.9615331467028254 157 111 84 0.36 52 13 89 167 152 35
300 0.034778742769286546 0.16721762684493086 1.0197939300275969 107 66 41 0.54 32 85 52 14 53 45 89 168 152 36
301 0.13150777038845915 0.15102529210925325 0.9454696415376667 140 98 65 0.5 52 15 53 46 89 169 190 28 191 28 216 23
302 -0.08301180930081035 0.2456456470454896 1.442361745424061 145 101 67 0.67 89 170 123 53 154 19
303 0.024726406009177963 0.1729461581750496 1.0134032404426803 129 89 66 0.76 32 86 77 20 89 171 123 54 152 37 189 90
304 -0.2183310869366212 0.313488601549076 1.7681976690778425 137 99 71 1.63 32 87 53 47 89 172 90 98
305 -0.016880918408980303 0.18088047153970876 1.0098270053791651 71 40 24 1.32 89 173 152 38
306 0.001865196550638471 0.18170152437733286 1.0336108994813837 165 107 68 0.81 77 21 89 174 126 40
307 -0.05439994346514818 -0.22857728280054845 1.799462263582206 73 65 58 0.91 37 139 61 54 386 27
308 0.02457713314048573 -0.23581900026260555 1.811343079924977 186 199 209 1.34 32 88 61 55 90 99 123 55 126 41 189 91 208 31 258 58 322 3 409 9 423 12 485 67
309 -0.011730330317935639 -0.21049694094471869 1.762973954581389 176 137 105 1.0 12 8 32 89 77 22 89 175 189 92 281 44 485 68
310 -0.055284628807387805 -0.20809540798667367 1.805796881537602 80 72 62 1.04 25 22 37 140 61 56 179 0 264 63 386 28
311 -0.050464985780596425 -0.1956301244957754 1.7902914834255996 203 213 220 1.16 37 141 61 57 123 56 281 45 342 23 460 15 485 69
312 0.027566221277441322 -0.1982747108336457 1.7664252604997015 67 57 61 0.59 61 58 123 57 386 29
313 -0.013316188718238132 -0.18083413581706292 1.7491587021789852 83 62 45 0.76 61 59 77 23 89 176 126 42 132 6 258 59 264 64 281 46 386 30 485 70
314 0.040532810053850246 -0.17912360383516604 1.7647138741982218 200 212 221 0.66 32 90 37 142 61 60 90 100 189 93 208 32 258 60 264 65 342 24 386 31 457 12 485 71
315 -0.04474585700533716 -0.1629268647618919 1.7286797655868658 118 78 54 0.86 32 91 77 24 89 177
316 -0.0021420953348167265 -0.17291531398150273 1.7484391548812301 111 79 57 0.75 12 9 32 92 37 143 61 61 71 20 77 25 89 178 90 101 123 58 126 43 154 20 386 32 457 13 460 16 485 72
317 -0.012503418875512633 -0.16297307549925946 1.7428422499064586 104 81 63 0.26 90 102 189 94 208 33 485 73
318 -0.06732339551632532 -0.15808581854093273 1.778868864668657 126 115 103 0.86 61 62 90 103 123 59 189 95 264 66 281 47 342 25 386 33 425 15
319 -0.03695174667410276 -0.14819393272330883 1.7311273507515479 146 109 77 0.47 32 93 37 144 71 21 77 26 89 179 152 39 154 21
320 -0.028562114976141858 -0.14630698697627723 1.7277238447083507 178 151 117 0.38 90 104 189 96 281 48
321 0.008659465402833431 -0.15911796631742367 1.7582609754049543 84 62 54 0.72 17 25 20 25 485 74
322 0.025689185466118186 -0.15720977870459027 1.7463975077072897 151 121 95 0.49 37 145 77 27 152 40 258 61 485 75
323 0.04337534030903604 -0.16100993375361178 1.756533658392595 103 90 88 0.73 25 23 32 94 37 146 61 63 90 105 152 41 189 97 281 49 322 4 342 26 423 13 425 16 485 76
324 -0.019337841636113243 -0.13335977392596535 1.7264210512063847 191 136 98 0.27 37 147 71 22 89 180 152 42
325 -0.00897872768073141 -0.13982677914513061 1.7300539510464323 158 129 102 0.65 12 10 25 24 37 148 61 64 77 28 89 181 90 106 126 44 189 98 208 34 258 62 264 67 342 27 361 6 386 34 409 10 423 14 425 17 457 14 485 77
326 2.3023036606357044e-05 -0.14377716892911663 1.7275760948635779 106 71 50 0.71 25 25 32 95 37 149 61 65 77 29 90 107 126 45 152 43 189 99 361 7 409 11 457 15 460 17 485 78
327 0.006144280094900623 -0.14268101449422857 1.7344940922231764 56 50 49 0.37 90 108 189 100 208 35 211 26 264 68 281 50 485 79
328 0.007994305477236662 -0.1315737661801738 1.729566974636657 166 130 94 0.3 12 11 89 182 90 109 189 101 208 36 211 27 281 51 485 80
329 -0.00303452922368317 -0.11408479609039471 1.7222417782823727 144 107 89 0.61 12 12 37 150 89 183
330 -0.00435200378092881 -0.10475307294579342 1.7089418104683722 84 54 34 0.39 89 184 90 110 208 37 485 81
331 -0.051770468806260385 -0.08478963688136006 1.6959753002711646 176 103 46 0.14 37 151 89 185 152 44
332 0.01033768947656848 -0.08474520101010106 1.7059374611360725 109 79 61 0.38 7 10 32 96 37 152 89 186 90 111 152 45 189 102 208 38 211 28 485 82
333 0.010474088972235241 -0.08466084019919268 1.7064308703637234 107 85 75 0.47 53 48 61 66 89 187 264 69 268 6 386 35 460 18
334 -0.052905429673846115 -0.08143914140884378 1.7095107400441523 147 104 64 1.35 71 23 77 30 126 46
335 -0.03217226888649041 -0.07025635833530455 1.6909041318795002 152 110 73 0.85 7 11 32 97 37 153 77 31 89 188 143 28 152 46 189 103
336 0.036793168368797355 -0.08360428857110941 1.7138097462315856 114 78 57 0.43 32 98 37 154 77 32 89 189 90 112 152 47 189 104 208 39 281 52 485 83
337 0.03681784069622006 -0.08355824661222214 1.7138615621068474 106 73 55 0.41 32 99 37 155 77 33 89 190 90 113 152 48 189 105 258 63 281 53 485 84
338 0.06441446565786571 -0.08267999979103673 1.7246793864824943 97 70 53 0.4 37 156 61 67 90 114 152 49 189 106 386 36 485 85
339 -0.02419279033835086 -0.05472177550120177 1.6833673584540585 70 54 43 0.19 32 100 61 68 342 28
340 -0.0021092977779387178 -0.06364366186358185 1.6906871307247149 127 92 63 0.64 25 26 32 101 37 157 53 49 61 69 71 24 89 191 143 29 152 50 154 22 342 29 361 8 460 19
341 -0.003507443568986483 -0.054475982397979586 1.6892213042541444 152 104 72 0.63 37 158 61 70 77 34 89 192 143 30 322 5 342 30 460 20
342 0.009896887657242856 -0.06087464433633503 1.6977029150176886 115 79 60 0.56 61 71 457 16 460 21
343 -0.0643467975571704 -0.04196457251798247 1.6675300615412858 106 75 64 0.18 3 14 60 4 211 29
344 -0.05331393553233868 -0.046598131804581194 1.661337005665761 95 61 44 1.16 32 102 37 159 89 193 152 51 258 64 485 86
345 0.018269006202709458 -0.04488275856331476 1.6871270826117455 105 72 49 0.74 37 160 53 50 61 72 77 35 89 194 143 31 258 65
346 0.08601280920396527 -0.04217034657114218 1.7186034004710573 232 239 243 0.75 17 26 20 26 123 60 342 31
347 -0.06711712704172407 -0.027977969202021797 1.6650602226151139 101 75 54 1.05 32 103 90 115 143 32 189 107 264 70
348 -0.05856770653127026 -0.025206415018074566 1.661646926771928 184 148 110 0.35 60 5 77 36 90 116 189 108 208 40
349 -0.024953872325758127 -0.035232805799853856 1.6756922796603748 126 91 66 0.51 25 27 32 104 37 161 61 73 71 25 89 195 152 52 189 109 264 71 342 32 361 9
350 -0.0008487959792378849 -0.03264651114085794 1.6656275661956559 192 152 116 0.61 3 15 77 37 89 196 90 117 189 110 208 41 485 87
351 0.004070191084219961 -0.038266307538901714 1.67141135855884 158 116 80 1.02 37 162 89 197 143 33 189 111
352 0.06202718467443644 -0.03127467323665729 1.697519808261021 83 62 51 0.28 37 163 61 74 89 198 123 61 152 53 258 66 264 72 268 7
353 -0.03717673623931424 -0.02134653965932441 1.6621930574344161 131 92 62 0.27 32 105 37 164 89 199 152 54 208 42 258 67 264 73
354 -0.009794333906472113 -0.01320774523941711 1.6581093934683577 201 151 104 0.34 37 165 60 6 77 38 90 118 126 47 152 55 189 112 208 43
355 -0.04568154818166649 0.0018494704341196887 1.6480594886971283 64 51 42 0.48 32 106 61 75 264 74 329 5
356 -0.012811309682122284 -0.010146145600637087 1.6546404431928317 125 86 57 0.6 143 34 219 2 264 75
357 -0.015292639630305286 -0.007369668285608749 1.6569052350431044 148 98 58 0.38 25 28 32 107 37 166 61 76 89 200 143 35 342 33 361 10 386 37 409 12 457 17
358 -0.02107750572352282 -0.002905016034023492 1.6560117685294073 164 131 92 0.44 37 167 61 77 126 48
359 -0.008931603976140798 -0.007721282912197458 1.6570413364051577 186 132 85 0.36 3 16 32 108 37 168 77 39 89 201 143 36 152 56
360 0.009572108763511566 -0.00835456938729231 1.645603890442467 160 123 92 1.01 3 17 32 109 77 40
361 0.009497730355040594 -0.008362315695754375 1.6247601612132072 194 136 91 0.25 3 18 77 41 89 202
362 0.01435674055791383 -0.005224941277501884 1.6263184723839332 125 91 64 0.43 3 19 25 29 32 110 37 169 61 78 77 42 126 49 152 57 258 68 264 76
363 0.07175221319621258 0.0012106269362395661 1.675193151643404 179 143 111 1.01 89 203 143 37 190 29 191 29 258 69
364 0.0738462190578988 -0.00020797597506836104 1.6768830709929492 97 63 40 0.99 17 27 20 27 32 111 77 43 126 50 190 30 191 30 258 70
365 -0.011400489101511722 0.008801740670411002 1.6389602418864069 141 109 94 0.24 3 20 37 170 89 204
366 0.09961654645297915 0.007995322216623038 1.6861931945579205 111 107 108 0.41 61 79 123 62 258 71 264 77 329 6 342 34 457 18 460 22
367 0.022469775938683705 0.02744248416228153 1.6467573359671104 160 114 77 0.75 61 80 89 205 90 119 425 18
368 0.045525937875604064 0.02525084433161257 1.6864786781864236 115 91 76 0.96 3 21 53 51 61 81
369 -0.01674936858555978 0.03821129054462676 1.5365759100271759 139 97 60 0.47 25 30 32 112 37 171 53 52 61 82 71 26 89 206 126 51 132 7 143 38 152 58 258 72 264 78 342 35
370 -0.05644043076061875 0.052381968738589656 1.460199263153513 94 76 61 0.98 53 53 61 83 258 73
371 0.0442758718458991 0.04570932715497727 1.5396095396492397 161 113 70 0.69 25 31 32 113 37 172 53 54 77 44 89 207 90 120 126 52 143 39 152 59 258 74 264 79
372 -0.06711106226181894 0.06556063625385762 1.4730982165707296 108 77 48 0.93 37 173 61 84 90 121 143 40 189 113 386 38 425 19 457 19
373 -0.019491767086252956 0.05943912167685831 1.534915473271113 115 75 48 0.48 25 32 32 114 37 174 53 55 61 85 71 27 77 45 89 208 90 122 126 53 132 8 152 60 258 75 264 80 302 0 329 7 361 11 386 39 423 15 425 20
374 0.016543852637339422 0.06113054002920513 1.5395501683981092 68 41 20 0.56 32 115 37 175 61 86 143 41 152 61 258 76 264 81 329 8
375 0.04150435384051467 0.06169876766512247 1.5295582264136778 148 96 53 0.53 53 56 89 209 143 42
376 0.05290217389190006 0.06290895096382992 1.5435920372904177 67 46 35 0.56 37 176 53 57 61 87 258 77 264 82 329 9 386 40 457 20 460 23
377 0.08890221017653588 0.06471911621180113 1.5400301631715592 98 62 28 1.46 61 88 143 43 386 41
378 0.09590667889463036 0.06583451046825578 1.5600119213089298 122 98 79 0.76 32 116 61 89 361 12
379 0.09493019226742865 0.0636479022502015 1.4988617973007614 100 70 50 1.03 53 58 61 90 90 123
380 -0.003333428553511122 0.08185986419984417 1.5271852093534555 186 134 88 0.36 77 46 89 210 126 54 264 83
381 0.03423751594450328 0.07300650440530375 1.5288908743455834 153 116 78 0.65 25 33 32 117 37 177 39 21 53 59 61 91 77 47 89 211 90 124 106 33 126 55 143 44 152 62 154 23 258 78 264 84 329 10 361 13 386 42 409 13 457 21 460 24
382 0.03743597965160744 0.0820967570234435 1.5371749747594974 131 87 53 1.09 77 48 143 45 258 79
383 0.04141893783406044 0.08156977172392725 1.5359271839432092 120 81 52 0.78 32 118 37 178 77 49 106 34 143 46 152 63
384 0.07513386642028101 0.07800384971740984 1.558090656360491 88 74 59 0.55 53 60 61 92 258 80 386 43
385 0.1896773906867696 0.06193567279388175 1.6282762113781617 140 132 118 1.31 32 119 174 0 179 1
386 -0.005616664774069874 0.08591534357256547 1.5273519197730419 114 71 34 0.53 77 50 126 56 264 85
387 -0.039425199999740375 0.1020375695434317 1.5250233129524713 81 52 35 0.52 37 179 61 93 264 86 386 44 425 21
388 -0.030971109218414578 0.10986327801106714 1.5191169195404532 131 84 49 0.55 25 34 37 180 53 61 61 94 77 51 89 212 90 125 126 57 264 87 361 14 386 45 425 22
389 -0.018609640595883253 0.11068708476749899 1.5276218624571485 178 100 42 1.24 37 181 77 52 89 213 143 47 152 64
390 -0.01921808637584053 0.12107556265218875 1.5128604497409648 181 105 49 0.35 37 182 77 53 89 214
391 0.15755054439000726 0.10633325192103366 1.4189231544140697 216 213 214 0.8 17 28 20 28 61 95
392 -0.030633551439140972 0.13085272639487086 1.5161917769938917 96 58 34 0.83 32 120 37 183 53 62 61 96 89 215 132 9 152 65 154 24 264 88 342 36 457 22
393 -0.05996281038736276 0.12255844854124914 1.3624844529531768 123 82 59 0.3 17 29 20 29 89 216
394 0.018631381731328025 0.09511149877749367 1.0219219135778728 95 65 39 0.81 32 121 39 22 77 54 89 217 90 126 106 35 143 48 152 66 189 114 216 24 258 81
395 0.028616298626335718 0.09195967511669652 1.0310090518551454 184 117 75 0.35 37 184 77 55 89 218 152 67
396 0.023873504525665768 0.09366833848770574 1.0215597122756863 179 123 81 1.12 37 185 77 56 89 219 152 68
397 0.0380145713328551 0.09516036001396548 1.0336964994064513 130 87 46 0.52 53 63 61 97 89 220 143 49 268 8
398 0.02742947797219215 0.09820292232504681 1.022146791540313 93 70 56 1.05 53 64 61 98 89 221 90 127 189 115 258 82 342 37 423 16 425 23
399 0.04678800772411106 0.10164060910264636 1.0289625738562047 52 41 30 0.77 53 65 61 99 90 128 143 50 189 116 216 25 284 2 425 24
400 0.05602505656033048 0.10454985093510272 1.0334837882701016 66 42 31 1.05 32 122 77 57 89 222 106 36 152 69 154 25
401 -0.1671647290554318 0.19757352123861047 1.8355373152334367 77 57 47 1.55 89 223 106 37 123 63 189 117 329 11 342 38 386 46
402 -0.011742782091915205 0.12321523038124833 1.153715930860481 133 106 80 0.78 39 23 53 66 61 100 71 28 72 2 89 224 90 129 152 70 264 89 342 39 386 47 423 17 425 25 457 23 460 25
403 0.022965281317697962 0.11365221775140477 1.0246586963170374 47 33 26 0.98 32 123 61 101 77 58 90 130 126 58 143 51 152 71 189 118 216 26 258 83 342 40 425 26
404 0.03364706999514798 0.11244965162353684 1.033801215801754 97 70 49 0.78 61 102 90 131 123 64 143 52 423 18 425 27 460 26
405 0.06700824747363693 0.10675496506033787 0.9958900161593606 158 121 89 0.58 89 225 152 72 208 44 216 27 284 3
406 0.06768886120871055 0.10758261531939388 1.003724896465014 102 83 69 0.7 17 30 20 30 208 45 214 1
407 0.08029271679699865 0.10915323146042724 0.9943864098575679 123 103 82 0.59 52 16 53 67 61 103 77 59 89 226 90 132 123 65 143 53 153 2 189 119 258 84 383 1 386 48 423 19 425 28
408 0.09937145944939642 0.10056168447148295 0.953320764091516 148 125 95 0.07 32 124 77 60 143 54
409 -0.0924402283319701 0.16935075385389017 1.4550808874120682 81 66 52 1.42 53 68 61 104 143 55 264 90 386 49
410 -0.07888709143598543 0.17100204656445334 1.4333224818865626 141 113 84 1.38 89 227 126 59 189 120
411 -0.07849986237397967 0.17477412195123576 1.4487063515158767 66 41 29 1.03 32 125 53 69 61 105 90 133 126 60 152 73 189 121 264 91 386 50 425 29 460 27
412 -0.07078480638691657 0.16656179965500734 1.3905961576151926 148 118 88 1.57 53 70 61 106 90 134 386 51 425 30
413 -0.04252644179417203 0.1502036134442071 1.282018520602686 107 88 62 0.59 32 126 37 186 123 66 258 85 264 92 342 41 386 52
414 -0.05356698274056617 0.1593626985761298 1.3461969949089243 155 129 93 0.5 53 71 61 107 90 135 342 42 386 53 423 20 425 31
415 -0.0107804117941362 0.14084846180416696 1.174097834665308 143 98 62 1.18 53 72 77 61 90 136 216 28
416 0.022779929211252947 0.12390538502435314 1.026637158154037 125 88 59 0.3 53 73 61 108 89 228 123 67 152 74 189 122 216 29 258 86 342 43 386 54
417 0.044450161731794426 0.12354012366484862 1.0322452149454797 146 102 62 0.85 39 24 53 74 89 229 143 56 216 30 258 87
418 0.10176850806853249 0.11479053546572282 0.9931867985478913 76 47 31 0.31 77 62 89 230 123 68 216 31
419 0.13805173878169308 0.11208111117471564 0.9735731939596383 76 53 41 0.72 89 231 106 38 216 32
420 -0.17769335494521385 0.24040330613252417 1.8525357905740867 126 115 99 0.89 123 69 152 75 258 88 264 93 342 44 460 28
421 -0.03307571652369083 0.15703095620869773 1.2612297872528213 40 24 18 1.16 32 127 89 232 90 137 123 70 152 76 264 94
422 0.040858692854922156 0.12597608317936615 1.0267324739130934 194 147 110 0.58 37 187 77 63 126 61
423 0.058281177815185686 0.13342634712898552 1.0326619146726606 42 30 23 0.73 32 128 77 64 106 39 123 71 126 62 152 77 153 3 191 31 258 89
424 0.06025302555632509 0.13437098019490096 1.0332892874234425 90 73 57 0.71 32 129 61 109 77 65 89 233 106 40 123 72 126 63 152 78 189 123 191 32 249 6 258 90 342 45 386 55 409 14 457 24 460 29
425 0.1046843253505927 0.12449611569284862 0.9934814356623793 60 43 33 0.63 52 17 77 66 89 234 143 57
426 -0.12288536238367465 0.2291104761874223 1.714148749313657 53 33 22 1.57 77 67 126 64 143 58 264 95
427 -0.11952283772517336 0.2212658900156594 1.6472002411798827 72 41 22 1.67 77 68 126 65 258 91
428 -0.10376518460449032 0.20907409813061362 1.584407394163494 46 30 26 0.7 32 130 77 69 123 73 152 79
429 0.01314719056413904 0.1382977175078358 1.040292869881883 155 114 82 0.56 53 75 61 110 77 70 90 138 152 80 258 92 423 21 425 32
430 0.03132028291059731 0.1392903788290254 1.024044318901831 165 118 88 0.49 32 131 77 71 89 235 106 41 152 81
431 0.1367270687200978 0.1279529218251504 0.9783390773479773 98 77 58 2.15 89 236 123 74 152 82 189 124
432 0.045374524972084204 0.09004095340300708 0.6424781092713892 91 55 38 1.16 52 18 77 72 89 237 383 2 386 56
433 0.11547795234573825 0.14144036979477181 0.9630218546316914 123 94 68 0.77 32 132 39 25 53 76 89 238 90 139 143 59 152 83 189 125 258 93
434 0.01473549273709674 0.15175162684945406 1.0194264670946882 146 102 81 0.38 77 73 89 239 190 31 191 33
435 0.09526232329836527 0.15421133224375855 1.0004578797676793 140 119 95 0.68 32 133 52 19 53 77 61 111 409 15 423 22 457 25
436 0.10397521803657472 0.15212937969980087 0.9737241224073078 75 52 42 1.69 32 134 53 78 77 74 152 84 154 26
437 0.09814816019817582 0.16578774824021023 1.0040346748913123 117 91 69 0.76 52 20 53 79 61 112 90 140 143 60 425 33
438 -0.02551602939316688 0.20020638933027182 1.1630758854237746 211 162 123 1.06 77 75 89 240 126 66
439 0.11630341146521854 0.17433778807212533 0.985075639790217 109 74 41 2.31 61 113 126 67
440 -0.007683843362692952 -0.276844371622739 1.8130346584465207 219 225 230 0.97 32 135 61 114 179 2 208 46 264 96 268 9 342 46 409 16 485 88
441 -0.02393819016404273 -0.2395908490891628 1.7787703786528608 130 95 69 0.58 12 13 25 35 37 188 39 26 77 76 89 241 152 85 208 47
442 -0.022124051969847507 -0.2107991146990043 1.7653094596916448 119 98 77 0.81 12 14 25 36 32 136 37 189 61 115 71 29 89 242 152 86 154 27 258 94 322 6 342 47 361 15 386 57
443 -0.04441144106845923 -0.21401722311197277 1.8099834482066617 153 126 102 0.7 17 31 20 31 485 89
444 -0.004345660423514905 -0.20110793183731646 1.7655912808861693 108 86 68 0.72 25 37 32 137 37 190 61 116 152 87 342 48 361 16
445 0.010043013098070165 -0.18433509987203783 1.7574719004119508 127 110 89 0.87 12 15 25 38 32 138 37 191 61 117 77 77 89 243 123 75 152 88 154 28 208 48 322 7 342 49 460 30
446 0.015307360254095318 -0.15771384876752143 1.7442583457241496 134 110 89 0.55 25 39 32 139 37 192 61 118 77 78 89 244 264 97 322 8 342 50 485 90
447 -0.037781082606352975 -0.14088647272239885 1.7261705718590823 166 129 95 0.75 25 40 32 140 37 193 39 27 71 30 77 79 89 245 126 68 132 10 152 89
448 0.05161294070743843 -0.13458145832253524 1.7435152032030232 86 78 82 0.54 32 141 61 119 123 76 258 95 329 12 342 51 460 31
449 -0.024113698525373744 -0.12318059759428136 1.7124441950797407 176 148 114 1.11 191 34 216 33 219 3 225 7
450 0.060113811470672164 -0.11103676277590636 1.7380130201273332 206 219 230 0.55 32 142 61 120 123 77 189 126 258 96 264 98 342 52 409 17 460 32
451 -0.037738569078869445 -0.08721158841961021 1.7041863711794234 105 70 48 0.49 7 12 37 194 77 80 90 141 126 69
452 -0.045338493788492806 -0.07805416170970478 1.6978573037139748 118 83 56 0.72 37 195 61 121 77 81 89 246 90 142 126 70 409 18 457 26
453 0.041963521218074 -0.07472660333320195 1.7283902928414507 244 198 147 1.87 77 82 89 247 126 71
454 -0.014624897519186556 -0.04458115115810103 1.6320053733199689 84 65 54 0.19 3 22 90 143 214 2
455 0.0115600612733917 -0.033898099622779114 1.2678073673396744 108 78 58 0.92 17 32 20 32 485 91
456 0.04441674470374681 -0.051988988567284324 1.7022601703570055 133 101 75 0.57 37 196 53 80 61 122 258 97 264 99 322 9 329 13 342 53 386 58 409 19 457 27 460 33
457 -0.026522941195971438 -0.029282330048835424 1.6770843663385748 187 154 114 0.64 20 33 60 7 214 3
458 0.009929356120422148 -0.026768450512229452 1.6626032925274477 173 129 85 0.67 32 143 61 123 77 83 89 248 126 72 143 61 342 54
459 0.06368202687261908 -0.038548697718674085 1.6960102256930363 154 120 90 0.6 37 197 77 84 90 144 126 73 143 62 189 127 264 100
460 -0.059858437912337005 -0.006857877285644724 1.6518230729749483 170 119 76 0.73 25 41 37 198 71 31 77 85 89 249 126 74
461 0.09721694290015262 -0.007662613709559778 1.7198715550425128 116 117 122 0.68 53 81 61 124 90 145 123 78 143 63 189 128 219 4 268 10 386 59
462 0.09721202061866431 -0.007612953897904388 1.7147930054236769 112 114 122 0.71 53 82 61 125 90 146 123 79 143 64 189 129 258 98 268 11 423 23 425 34
463 -0.10964385488346025 0.01750644962570287 1.7178211733290423 57 50 40 0.55 61 126 342 55 386 60
464 -0.04765729905354612 0.009460587543200803 1.6423630080300797 149 124 93 0.92 61 127 77 86 89 250 90 147 123 80 126 75 143 65 219 5 258 99 264 101
465 -0.0032588842032533327 0.012258409698636057 1.6303982064293543 169 129 100 0.51 3 23 77 87 89 251 126 76 143 66 258 100
466 0.06371327051467103 0.012556839576788196 1.6653982150619802 199 162 121 0.3 39 28 77 88 89 252 190 32 191 35
467 0.08029707097262322 0.014000290878920931 1.6812375775171167 164 130 96 0.82 32 144 53 83 61 128 77 89 89 253 90 148 143 67 189 130 216 34 219 6
468 -0.15796770651025477 0.02949410815908569 2.122307077222964 195 208 199 0.98 17 33 20 34 211 30 463 2
469 -0.12889441251632416 0.03205649432883558 1.797187771090446 160 172 175 1.38 32 145 37 199 61 129 143 68 264 102 460 34
470 -0.07977852932384447 0.020117818459129463 1.6418980794028963 126 83 48 0.82 25 42 32 146 53 84 61 130 71 32 77 90 89 254 126 77 143 69 152 90 264 103 342 56 361 17
471 -0.12769633650068624 0.040803846167820346 1.7912768768768468 182 187 182 1.01 37 200 53 85 61 131 90 149 123 81 143 70 386 61 425 35
472 0.017714329088584453 0.04060195534841591 1.526071297015092 167 130 93 0.8 20 35 32 147 77 91 106 42 126 78 152 91
473 0.01918933053459242 0.04013577305500285 1.5347146797918825 132 99 65 0.81 25 43 32 148 37 201 61 132 143 71 152 92 189 131 264 104 329 14 361 18 386 62
474 0.09453226321021868 0.03709350995869576 1.5109063082175935 148 120 94 0.63 53 86 61 133 214 4
475 0.001644155819299293 0.06316379133419549 1.5354894873681542 123 81 49 0.77 25 44 32 149 53 87 61 134 89 255 143 72 264 105 329 15 361 19
476 0.028833794028569296 0.06388616482908202 1.5391985005660669 188 130 93 0.63 89 256 143 73 152 93
477 0.02937901619589981 0.06666870926401751 1.534407340782312 174 128 81 0.86 32 150 77 92 106 43 143 74 152 94
478 0.040360991812521944 0.06703888472738975 1.5358736937479434 143 106 67 0.69 25 45 61 135 77 93 89 257 90 150 143 75 154 29 386 63 423 24 425 36
479 0.06602627842950735 0.06400746409239452 1.5499830693621892 136 85 45 0.58 25 46 61 136 77 94 89 258 216 35
480 0.14868787431945613 0.06624224443766273 1.5604890977503387 197 206 217 0.86 32 151 61 137 77 95 90 151 189 132 361 20 386 64 425 37
481 0.15884320809446598 0.061338044498106974 1.5259133778668323 133 146 156 1.01 61 138 123 82 143 76 361 21 386 65
482 -0.06383967902962134 0.07269124661917192 1.4778293296328655 150 94 56 1.53 61 139 89 259 143 77 386 66 460 35
483 -0.0022346517109613 0.08663450549417946 1.5263238571195306 190 142 94 0.56 37 202 77 96 126 79 264 106
484 -0.06676869758288385 0.1118721365734131 1.4642096550559105 138 89 44 0.9 37 203 61 140 143 78 342 57
485 0.06917634549925594 0.0824460251816576 1.0413882885072072 189 132 74 0.55 77 97 90 152 143 79
486 -0.12949729295214465 0.16463958460192182 1.6801507283144046 82 47 35 0.83 53 88 61 141 90 153 152 95 386 67 423 25 425 38 457 28
487 0.058468649497285065 0.09926528483607466 1.0296724902894916 140 115 86 0.5 53 89 61 142 77 98 89 260 90 154 123 83 143 80 152 96 189 133 342 58 386 68 423 26 425 39 457 29 460 36
488 0.04960843628835657 0.10717324082539896 1.0477395671697765 50 34 25 0.27 61 143 153 4 215 4
489 -0.052242333730321014 0.14843679739428903 1.310914659767604 142 109 76 1.34 53 90 61 144 90 155 386 69 425 40
490 -0.007104945235175625 0.12100861150393193 1.1160528487718744 109 86 67 1.24 61 145 90 156 258 101 423 27 425 41
491 -0.01140789336312397 0.1264378507641538 1.1611878890821554 99 65 46 0.72 37 204 53 91 61 146 89 261 342 59 386 70 423 28 457 30 460 37
492 0.040818618008750876 0.10805216093176034 1.0349641758006736 120 89 62 1.43 32 152 53 92 61 147 143 81 152 97 189 134 216 36 258 102 342 60 386 71 423 29
493 0.11406986501797055 0.10195051029954028 0.9536132508840243 127 102 80 0.21 89 262 90 157 153 5 189 135
494 0.008783974563157678 0.12647857609853086 1.105599434693523 99 55 27 0.74 89 263 123 84 143 82
495 0.002902764825115812 0.12388487227484693 1.0561305327926536 57 36 28 1.07 17 34 20 36 123 85 383 3 463 3
496 0.021309210479830778 0.11689323405477461 1.0238745420520294 44 24 19 0.52 37 205 77 99 123 86 126 80 258 103
497 0.024292767629279406 0.11867394655555086 1.025737627306748 115 77 49 0.66 53 93 61 148 77 100 123 87 126 81 152 98 216 37 258 104 342 61 386 72 425 42
498 0.030741621085395843 0.1248757085010666 1.0267445765154752 60 40 24 0.77 61 149 90 158 143 83 189 136 342 62 386 73 409 20 423 30 457 31
499 -0.06654832408105338 0.16169921865187092 1.2597623093333064 49 31 22 1.49 19 0 153 6 215 5 383 4 463 4
500 -0.06532981109293351 0.1779151950391366 1.3937735304183407 150 117 77 0.63 61 150 123 88 386 74 423 31 425 43 457 32
501 0.003901700615593743 0.1373717156279494 1.0848727573408494 125 102 66 2.79 61 151 143 84
502 0.03414654670075582 0.1271357562391929 1.0291394225090134 107 67 41 0.89 37 206 77 101 126 82
503 0.04245447782540109 0.12799897839765279 1.030753996856625 74 44 26 0.82 32 153 53 94 77 102 89 264 143 85 258 105
504 0.05816954858339313 0.12579501251133102 1.033935696438849 39 24 19 0.39 32 154 77 103 89 265 123 89 152 99 190 33 191 36
505 0.08190331994057912 0.12883374996516864 1.0072363501960584 29 23 21 0.97 53 95 77 104 89 266 90 159 123 90 189 137
506 -0.130790674342065 0.22864051725488857 1.6831562326144385 68 38 31 0.92 53 96 61 152 89 267 90 160 106 44 123 91 264 107 386 75 409 21 423 32 425 44 457 33
507 -0.12483735735515322 0.22528341224414974 1.6595566895541707 119 91 68 0.77 53 97 61 153 77 105 89 268 90 161 106 45 123 92 258 106 264 108 386 76 423 33 425 45
508 0.015963243159187034 0.14770298565229126 1.025688576636458 99 68 47 1.18 53 98 61 154 189 138 216 38 342 63
509 0.09914195622923112 0.12279169483627601 0.8519887294986851 51 43 38 0.33 17 35 20 37 61 155
510 0.00983253117754586 0.16020833885693855 1.0350739011709864 114 81 58 0.64 53 99 61 156 89 269 386 77
511 0.04285271330897597 0.15721183806790007 1.0238535393790547 114 81 58 0.71 32 155 77 106 89 270 123 93 152 100 216 39 258 107
512 0.09588536369000716 0.15027365946230592 1.0025188898038624 131 109 81 0.9 52 21 53 100 61 157 90 162 152 101 153 7 386 78 409 22 425 46 457 34 460 38
513 0.0989815039480923 0.15410596706435076 1.000855857733837 102 84 67 0.7 52 22 61 158 143 86 153 8 189 139 386 79 423 34
514 0.12581694020341117 0.15021212489149183 0.9638940056897032 68 48 38 0.82 52 23 53 101 61 159 89 271 90 163 106 46 189 140 258 108 342 64 425 47 460 39
515 -0.11328465043240872 0.25470561697531324 1.5812141005265292 87 57 39 0.74 53 102 61 160 90 164 123 94 386 80 409 23 423 35 425 48 457 35
516 -0.05126779790458679 0.2064017095342964 1.269428710075903 124 103 83 0.91 53 103 61 161 90 165 123 95 342 65 386 81 423 36 425 49
517 -0.03546884385062467 0.19700137250865174 1.2393913038341968 52 34 24 0.58 53 104 77 107 90 166 123 96 264 109 342 66 386 82 423 37 425 50
518 0.039123664813989156 0.16252109781015187 1.0237395189907523 167 128 98 1.37 32 156 77 108 89 272 126 83 152 102
519 0.10386274927847367 0.15905697374019848 0.9631127230168802 105 81 65 0.54 32 157 52 24 61 162
520 -0.006843996114777304 0.1808049877963074 1.0868565905900993 103 68 45 1.38 89 273 154 30 258 109
521 -0.03565177066209563 0.20700356647918414 1.1583299245792977 74 26 13 0.89 77 109 89 274 126 84
522 0.07279778445896151 0.10322006109009306 0.5224570948969509 134 101 81 1.05 53 105 61 163 143 87
523 0.07829454999704714 0.09992422182131706 0.5011217468760164 116 90 69 0.67 53 106 61 164 386 83
524 0.03709595323767894 0.10845888886786345 0.5292891582762684 35 29 25 1.35 53 107 61 165 143 88
525 0.04953994315538902 0.10926870212613467 0.5336778328991317 71 50 44 1.03 53 108 61 166 77 110 143 89
526 -0.017295667007367316 -0.277933169807756 1.8147468579713182 233 238 238 1.24 32 158 61 167 179 3 264 110 268 12 342 67
527 -0.0303749889134431 -0.20405478567904448 1.7610544847259972 67 43 38 0.73 32 159 77 111 89 275 258 110
528 0.004622834891685033 -0.18365325281225942 1.7547305507716833 177 155 121 0.69 12 16 32 160 37 207 39 29 77 112 89 276 90 167 126 85 189 141 208 49 211 31 281 54 485 92
529 0.0322024286035389 -0.18861339648107342 1.7713963842195843 191 204 219 1.02 37 208 61 168 123 97 152 103 258 111 342 68 409 24 460 40
530 0.04288879233080839 -0.16816931553699774 1.7592919911842737 204 211 220 0.74 32 161 61 169 152 104 189 142 208 50 264 111 322 10 342 69 386 84 425 51 485 93
531 -0.006408216424262569 -0.12362163430759543 1.723844342905776 132 78 35 0.63 77 113 89 277 126 86 281 55 485 94
532 -0.043186395580644785 -0.10187390814590717 1.7061539844834912 175 134 98 0.53 37 209 77 114 90 168 126 87 189 143 208 51 211 32
533 -0.011799051826018883 -0.11730070978200605 1.7652302948519427 147 122 101 0.54 7 13 19 1 214 5
534 0.04228277235644329 -0.10224682792368947 1.7239775998936877 117 72 39 0.64 77 115 89 278 126 88 264 112 281 56 485 95
535 -0.05156304317516397 -0.08307398541650478 1.6921047899649644 106 76 38 1.45 25 47 32 162
536 0.0494122829328018 -0.07304835522671266 1.7139065506569862 133 81 45 1.05 37 210 77 116 89 279 126 89 143 90
537 -0.05378327624870216 -0.0632469967120263 1.6873418763004233 170 115 70 0.37 32 163 37 211 77 117 89 280 126 90 152 105
538 0.0308174917188331 -0.059061438370763844 1.694010933223144 165 132 98 0.64 3 24 32 164 77 118 126 91
539 -0.11075336353564882 -0.044465945593000364 1.8907362810641706 198 199 199 1.31 61 170 342 70 386 85
540 -0.016591501047105352 -0.04488159538702885 1.6792213803428515 85 44 25 0.45 32 165 77 119 126 92
541 0.033730645960490135 -0.034265724271001795 1.6882695491280513 150 92 48 0.71 37 212 77 120 89 281 126 93
542 0.06758301245361259 -0.0397843787608554 1.7037268907487462 103 86 73 0.44 32 166 61 171 258 112 268 13 342 71 361 22
543 -0.018746291391452747 -0.010949973409382821 1.6570870580258763 99 66 38 0.56 25 48 32 167 61 172 143 91 264 113
544 -0.0676158457742716 -0.00567576549743807 1.655123434570915 77 43 28 0.55 25 49 37 213 77 121 89 282 126 94 208 52 264 114
545 -0.06756183474309911 -0.00567239204708311 1.6547795251513135 83 52 38 0.49 25 50 37 214 71 33 77 122 89 283 126 95 189 144 264 115
546 0.0840038072511207 0.0006205532861261169 1.6877125718838069 108 70 47 0.61 77 123 89 284 90 169 106 47 126 96 152 106 189 145 216 40 219 7
547 -0.0901034863101827 0.022188439562042854 1.655689171565866 98 63 38 0.82 53 109 61 173 90 170 143 92 258 113 409 25 457 36
548 -0.0901901023879254 0.02260096345041033 1.652329877626635 80 53 40 0.69 32 168 37 215 61 174 77 124 89 285 126 97 152 107 258 114 264 116 342 72 460 41
549 0.021158408499692787 0.018565545399648775 1.60728699827612 115 80 46 0.25 3 25 61 175 143 93
550 0.018417601914669304 0.01905439818886062 1.9466323507073675 113 95 81 1.18 3 26 268 14 425 52
551 0.018875287999345326 0.02301986832283495 1.6205438451347223 133 98 70 0.5 61 176 77 125 89 286 90 171 143 94 189 146 386 86 425 53
552 0.11754077380439638 0.07022703864109676 1.5937212683242903 182 182 185 1.56 53 110 61 177 77 126 90 172 152 108 189 147
553 0.15606972525831683 0.06579226905584112 1.5549634886789896 213 216 218 0.97 17 36 20 38 61 178 386 87
554 0.1419498558133361 0.05741829166806612 1.3544984479864888 229 232 232 0.99 17 37 20 39 383 5
555 0.02750860697977603 0.07329344039219898 1.5238617472830582 162 117 75 1.24 32 169 77 127 90 173 143 95 152 109
556 0.16562200527850945 0.0800350171983607 1.5167810690672376 171 172 173 1.47 61 179 143 96 189 148 329 16 386 88
557 0.07706993962203965 0.08523603944875333 1.044345401630503 124 79 43 0.49 52 25 53 111 143 97 153 9 284 4
558 0.05201889074060212 0.09490393629103591 1.0332196038337256 174 126 84 1.05 37 216 77 128 89 287 208 53
559 -0.16957733501289812 0.19531315745802236 1.8618995323060565 144 152 145 0.95 53 112 61 180 90 174 258 115 425 54
560 0.02151539130929606 0.09738910643772185 1.020174701934006 126 98 75 0.64 39 30 53 113 61 181 77 129 89 288 106 48 123 98 152 110 189 149 190 34 191 37 216 41 258 116 386 89 423 38 460 42
561 0.034791367016542216 0.09792359222571059 1.0265922863614099 58 47 42 0.93 61 182 342 73 423 39 460 43
562 0.03146623056973825 0.10423189361653726 1.027726550293805 60 38 25 0.49 89 289 123 99 284 5
563 0.09295303236827558 0.10283139709078805 1.0010429445156235 112 84 62 0.72 52 26 53 114 77 130 89 290 90 175 123 100 152 111 216 42 258 117
564 0.019483728824894523 0.10702283738254309 1.024816885811435 84 60 43 0.91 53 115 61 183 77 131 89 291 126 98 143 98 189 150 342 74 386 90 423 40
565 -0.03891847991204981 0.15290196309518583 1.2806590310657469 75 54 42 0.36 37 217 53 116 123 101 386 91
566 0.020343310171148026 0.12094240172598207 1.0224419917839678 72 53 41 1.49 20 40 37 218 214 6 342 75
567 0.06216682978903293 0.12419727458714597 1.0337562881990192 77 61 48 0.8 32 170 77 132 89 292 106 49 123 102 126 99 152 112 191 38 216 43 249 7 258 118
568 0.06233388028301966 0.12418086947798807 1.0340480828866823 79 62 48 0.85 32 171 77 133 89 293 106 50 123 103 126 100 154 31 191 39 216 44 249 8
569 -0.02100751186026186 0.12222433424116515 0.8759667141676023 71 54 41 1.8 17 38 20 41 208 54
570 0.024875746473213594 0.13722866419064914 1.025835001149802 160 120 86 0.78 53 117 61 184 77 134 89 294 90 176 123 104 216 45 258 119 342 76 425 55 460 44
571 -0.024539612712472965 0.18158477029679349 1.2554646771616027 57 42 38 0.23 17 39 20 42 463 5
572 -0.015192983407832554 0.1702603020566343 1.200896062469522 137 97 61 0.47 53 118 61 185 89 295 386 92 423 41 425 56
573 -0.030680111817545014 0.19175862543656066 1.2279434975491486 114 91 72 1.46 53 119 61 186 123 105 189 151 386 93 423 42
574 0.01370689921578222 0.1596957106119359 1.0210304923392932 97 62 45 0.97 32 172 53 120 61 187 89 296 90 177 152 113 189 152 258 120 409 26 423 43 425 57 457 37 460 45
575 0.018090269338970642 0.15494693131682338 1.0181209446822597 128 82 58 1.12 32 173 53 121 77 135 89 297 152 114 191 40 216 46 258 121 342 77 386 94 409 27 425 58 460 46
576 0.08957935807144975 0.15448658825603354 0.9870728568980466 64 54 47 0.74 52 27 53 122 61 188 143 99
577 0.11737370144977413 0.1496990955555546 0.9596676157173633 81 53 38 0.9 52 28 53 123 61 189 89 298 90 178 216 47
578 0.12901149034434278 0.14159923357925022 0.9538057849446092 97 84 77 0.23 61 190 123 106 460 47
579 -0.05623438613712648 0.23335482865952306 1.443805553120537 122 92 67 1.75 53 124 90 179 258 122 425 59
580 0.043770393255198776 0.163532075726983 1.0246972639602518 162 126 89 1.16 89 299 126 101 189 153 216 48
581 -0.04180077155966873 0.21587167794303674 1.216539617483529 105 92 75 0.58 53 125 342 78 386 95
582 -0.03454766256502445 0.21360728101037027 1.2042938727820334 105 85 66 1.13 53 126 61 191 386 96
583 -0.016805884313762412 0.20107494565964232 1.1292887386954338 126 102 81 0.8 53 127 61 192 90 180 386 97 423 44 425 60
584 0.0037115273107282266 0.18345156488545988 1.0255277167127512 129 106 82 0.68 61 193 90 181 386 98 425 61
585 0.1292630763922498 0.1704488604465494 0.937967919575735 24 21 19 0.39 61 194 123 107 386 99
586 0.07271397255765076 0.10701296521176842 0.5279898309913097 142 110 83 1.14 53 128 61 195 143 100
587 0.07721106367155296 0.10547622708256209 0.5194140513983834 135 108 88 0.8 53 129 61 196 143 101
588 -0.01835414478097375 -0.26354462620031305 1.8107714585074008 215 220 225 1.07 61 197 179 4 258 123 268 15 342 79 386 100
589 0.034865768682684074 -0.1796030726105124 1.7609946772063412 87 76 65 0.71 37 219 90 182 189 154 208 55 281 57 485 96
590 -0.03316356274486609 -0.12935683993947827 1.7183080563247155 171 129 96 0.72 12 17 37 220 89 300 152 115 208 56
591 -0.014430567810241997 -0.12714214932363452 1.71719137569172 166 128 90 0.59 32 174 77 136 152 116 485 97
592 -0.014504281621137226 -0.12735416102994157 1.7186103832655635 189 149 110 0.76 32 175 77 137 89 301 90 183 126 102 152 117 485 98
593 0.019251205403822906 -0.128620596499793 1.7359802730883804 169 127 90 0.68 32 176 89 302 208 57 281 58 485 99
594 0.019182964245968756 -0.12869780842183223 1.7352167409414483 206 162 122 0.9 77 138 89 303 126 103 208 58 281 59 485 100
595 -0.038904689037567025 -0.11155280873289915 1.7104051683321533 166 128 95 1.0 12 18 32 177 37 221 77 139 89 304 90 184 211 33 485 101
596 -0.01116895983888054 -0.11024492241073837 1.7144517686853087 203 166 144 0.18 12 19 77 140 89 305
597 -0.011750846574467741 -0.11061681678944207 1.7184800019068287 212 178 150 0.7 12 20 77 141 89 306 126 104
598 0.04118849185260626 -0.1081190133499 1.7280900767288794 191 148 114 1.13 12 21 77 142 89 307 126 105 485 102
599 -0.05627459651290968 -0.0874138940976329 1.7090793709880328 141 76 27 0.25 77 143 89 308 126 106
600 0.0359917134365407 -0.08935464383103732 1.7195653978718497 148 110 77 0.48 7 14 37 222 208 59 485 103
601 -0.04935472404846969 -0.07289412999590197 1.6914585644955118 184 139 93 0.77 25 51 32 178 37 223 39 31 77 144 89 309 126 107 152 118
602 0.024975796191689013 -0.06978766897812598 1.706721223060765 174 130 89 0.5 37 224 39 32 77 145 89 310 152 119 189 155 208 60 485 104
603 -0.028685339090668695 -0.0656178332946852 1.6921361003927888 125 74 29 0.75 77 146 126 108 485 105
604 0.03646723023691258 -0.06268250258323219 1.699330377060784 129 94 56 0.48 3 27 77 147 126 109
605 0.03981867408590885 -0.06963494689795895 1.7080954078256338 172 140 109 0.4 7 15 189 156 208 61 485 106
606 0.05984458993038948 -0.048327289945843475 1.7075194234853475 194 148 103 1.1 37 225 77 148 89 311 126 110 143 102 189 157 281 60
607 -0.009715898192594092 0.0071017057888994595 1.63796518466075 121 82 50 0.61 3 28 32 179 37 226 61 198 77 149 89 312 126 111 143 103 152 120 189 158 264 117 386 101
608 -0.004302739940874406 0.006935577927038692 1.6391455161052753 144 90 46 0.59 3 29 89 313 126 112 143 104
609 0.01677283462689168 0.028545752050699997 1.6071659763034931 70 51 36 0.62 61 199 89 314 90 185 143 105 208 62 386 102 423 45 425 62
610 0.04770023550898193 0.03284834384904071 1.4986345536146635 129 104 77 0.91 53 130 61 200 425 63
611 0.08263302435114817 0.05019770641385395 1.5637859888568526 141 78 31 0.93 77 150 143 106 152 121
612 0.09154736819763286 0.04766398885564496 1.5641421384857934 140 107 78 0.86 53 131 61 201 143 107 152 122 189 159 361 23 386 103
613 0.11269563980128709 0.06918006883774734 1.5986247326231482 128 133 132 1.7 61 202 143 108 386 104 425 64
614 0.1651506748991451 0.06653565062065987 1.5284780504617597 176 197 210 1.29 61 203 123 108 143 109 329 17 425 65
615 -0.12226601781306584 0.08472755002067386 1.7042598777811853 88 61 37 0.74 53 132 61 204 143 110 386 105
616 -0.054439774963105564 0.07496833158709053 1.5173371635407502 114 63 22 0.34 37 227 61 205 143 111 302 1
617 0.024628862770612336 0.07769199695592129 1.5268988373776828 104 62 31 0.74 25 52 32 180 37 228 77 151 89 315 106 51 143 112 152 123
618 0.04578330482085625 0.07839605444156582 1.534351051909822 98 59 29 0.71 25 53 32 181 37 229 89 316 152 124
619 0.05420096412204198 0.08002695430458369 1.534390570346408 114 82 58 0.38 32 182 152 125 190 35 191 41 216 49 258 124
620 -0.11773726312702217 0.11559795914992096 1.648116436264145 82 53 36 0.76 37 230 53 133 61 206 89 317 90 186 143 113 342 80 386 106 423 46 425 66
621 -0.16149782340590763 0.13720388236754955 1.8406649448773285 102 114 118 1.76 61 207 143 114 264 118
622 -0.16064411064553707 0.14713152495872828 1.850920253531262 59 42 36 1.05 37 231 61 208 123 109 386 107
623 0.03337821930992668 0.08330073712332897 1.0335320323486443 104 71 47 1.24 32 183 53 134 61 209 216 50 268 16 409 28 457 38
624 0.06950090424118426 0.085260596838951 1.0430319329964268 137 87 53 0.72 32 184 77 152 89 318 189 160 216 51 284 6
625 0.09391658419529288 0.08614464993789639 1.0480716638016674 155 101 60 0.47 53 135 61 210 89 319 143 115 189 161
626 0.1260088191819138 0.1436626281176666 1.8862242079939013 195 149 100 0.3 61 211 409 29 457 39
627 0.02535551921322321 0.09739796880632101 1.0221139480152237 101 73 46 0.89 53 136 61 212 90 187 143 116 152 126 342 81 386 108 409 30 460 48
628 0.061514990498075905 0.10229091606027675 1.034331748815737 73 47 30 0.82 32 185 52 29 53 137 61 213 77 153 89 320 143 117 152 127 216 52 258 125 284 7 342 82
629 0.12694974704206868 0.09306962347147592 0.966777877008188 135 107 80 0.46 52 30 53 138 61 214 89 321 90 188 143 118 153 10 258 126 386 109
630 0.07474515100695371 0.11044004756621655 0.9876485282308203 33 23 19 0.63 61 215 77 154 89 322 90 189 153 11 342 83 383 6 386 110 423 47 425 67
631 0.08550532174115066 0.1080879723438074 0.9952017821591359 144 119 90 0.62 52 31 53 139 61 216 77 155 89 323 90 190 152 128 153 12 189 162 216 53 383 7 386 111 423 48 425 68
632 -0.06488785199369441 0.1647145784419383 1.4004826911237853 147 117 88 0.43 53 140 61 217 90 191 342 84
633 -0.06197251501293991 0.16092844044668447 1.3670193856195474 152 122 88 1.52 53 141 61 218 90 192 423 49
634 -0.03902705557342118 0.14815444041409964 1.177809084788865 151 120 82 1.39 53 142 90 193 386 112 425 69
635 -0.02389353600200507 0.1459307848971492 1.1529727570953254 130 100 76 1.02 17 40 20 43 123 110 383 8
636 -0.011227418761028523 0.16159007935027264 1.272260706850788 142 113 87 1.9 53 143 61 219 361 24 386 113
637 0.0012034667590260413 0.1450310930590026 1.0489695694734116 116 83 61 0.48 17 41 20 44 383 9
638 -0.10444073164340743 0.19821623879617384 1.31426784510998 90 50 38 1.46 19 2 215 6 383 10
639 0.10269050052786516 0.15551109865282117 1.0924105467350578 52 43 37 2.07 61 220 152 129 386 114
640 0.02799724994010493 0.15943949767396412 1.0251246480276897 105 66 40 1.06 52 32 77 156 126 113 214 7 216 54
641 0.08668505707823487 0.15418354064517686 0.999368707603071 110 98 89 0.94 17 42 20 45 153 13 383 11
642 0.11789929410745847 0.1428533028484979 0.9620860536984251 46 33 28 0.63 52 33 53 144 61 221 89 324 143 119 258 127 409 31 457 40
643 6.781445402934293e-05 0.1736123726617846 1.0803982344532916 162 133 106 0.83 53 145 61 222 90 194 123 111 386 115 423 50 425 70
644 0.00026991599161634293 0.1735810652149787 1.0803955471515732 166 136 108 0.7 61 223 90 195 123 112 425 71
645 0.1048806759397596 0.15362998910121078 0.9655663340394974 148 117 90 1.03 52 34 53 146 61 224 90 196 143 120 189 163
646 0.1048112246913729 0.15342083016765898 0.9641225317550706 127 102 79 0.63 61 225 90 197 189 164
647 0.1147628056520905 0.1526802764273893 0.9591585242740658 127 87 55 0.53 52 35 53 147 61 226 89 325 189 165
648 0.1147730990665313 0.15277664086379367 0.9594903935561784 129 90 60 0.53 52 36 53 148 61 227 89 326 189 166 423 51
649 0.11235729969162173 0.14031298354615515 0.8880940948283299 176 146 120 2.86 53 149 190 36
650 0.12012969588674562 0.15268230221543663 0.9603981878847263 183 137 96 0.56 52 37 53 150 90 198 216 55
651 0.049241178115764686 0.10400754712569074 0.6286783719520578 35 29 24 1.18 53 151 61 228 386 116
652 -0.05193941575918251 -0.19583981065038147 1.8091973126912464 221 227 231 0.89 37 232 61 229 123 113 258 128 342 85 361 25 386 117 460 49
653 0.013655569732718049 -0.06735087267628137 1.6731377325056898 213 154 108 1.36 77 157 89 327 143 121
654 0.0002954430108270932 -0.015135670767349445 1.6606182682983497 109 69 41 0.71 3 30 32 186 37 233 61 230 77 158 126 114 322 11 460 50
655 0.040990923758002486 0.03297339555923081 1.5655626150429662 187 139 105 0.24 77 159 89 328 258 129
656 0.10380622134073242 0.04138936755232826 1.5863550296743543 126 117 108 1.39 61 231 123 114 143 122 189 167 386 118
657 -0.14010101096156333 0.059432048138728294 1.7408064705256823 109 114 119 0.99 61 232 123 115 143 123 342 86 460 51
658 -0.14248982494869092 0.05864639888642741 1.7163679390319948 139 105 80 1.47 17 43 20 46 214 8 216 56
659 -0.1331411688594813 0.05630469804931562 1.7775319043808038 166 176 182 0.87 61 233 386 119 423 52
660 -0.14336877104285953 0.0911473213122032 1.736632779879019 167 164 157 1.25 37 234 61 234 143 124 189 168 386 120 460 52
661 0.030649450697936113 0.09965854418453012 1.0227792967074203 154 128 95 0.71 53 152 61 235 89 329 90 199 123 116 143 125 152 130 189 169 342 87 386 121 409 32 423 53 425 72
662 0.06827148184909065 0.09899212799766034 1.0351461097317585 59 40 31 0.62 52 38 53 153 61 236 123 117 258 130 284 8
663 0.12405223335179415 0.09779022751687948 0.9650774296237458 122 96 76 1.06 32 187 52 39 53 154 77 160 89 330 152 131 153 14 189 170 258 131
664 0.03147974734760728 0.11249376196976228 1.0291555956869536 115 82 52 0.9 61 237 90 200 152 132 189 171 423 54 425 73
665 0.12559250655826826 0.10184033595987436 0.9594479119972711 141 117 93 0.65 52 40 53 155 61 238 77 161 89 331 90 201 143 126 152 133 189 172 386 122 425 74
666 0.03534070610021739 0.1320819678145586 1.0315676984454865 224 170 116 1.26 77 162 126 115 214 9 216 57
667 0.018269342393110236 0.15212734948274761 1.0295465141943554 129 87 49 1.06 61 239 143 127 460 53
668 0.0655617236620122 -0.00439749798203496 1.6711205520460006 204 171 138 0.78 3 31 20 47 106 52 126 116 190 37 191 42 216 58
669 0.04351280369629018 0.013392929139011394 1.6488336903173084 189 151 114 0.75 77 163 89 332 143 128 152 134 258 132
670 0.09137968816901818 0.005506010543269444 1.7093000347654599 42 40 37 2.4 61 240 123 118
671 -0.07669434662255921 0.016545114114151726 1.6676328585368891 168 131 94 0.54 17 44 20 48 208 63 485 107
672 -0.12320169148975432 0.03453170213945071 1.747083649816856 117 89 71 0.61 17 45 20 49 214 10
673 0.03454935677647081 0.1054797886862086 1.0243584808718886 65 46 35 0.96 53 156 61 241 77 164 89 333 90 202 123 119 143 129 189 173 386 123 423 55 425 75
674 -0.11331885117719404 0.17965681173026707 1.4471830119130633 94 77 64 1.29 17 46 20 50 342 88
675 -0.06630042332349617 -0.15614473850176125 1.8104375420774437 79 68 56 1.93 61 242 361 26 386 124
676 0.07973214174248823 -0.03787174631335832 1.7075826628367856 93 77 65 0.82 32 188 37 235 53 157 61 243 123 120 258 133 329 18 342 89 386 125 460 54
677 -0.051987863144255325 -0.007986450867605853 1.6441051522592558 175 129 84 0.3 32 189 77 165 152 135
678 0.022577104158437885 0.054808320950602646 1.5245529620677403 165 117 68 1.55 53 158 61 244 89 334 106 53 126 117 143 130 264 119 386 126
679 0.13733766338770084 0.06496394250719875 1.4996077775698815 205 206 208 1.98 61 245 214 11 386 127
680 0.004485171232726538 0.08878279867315853 1.5322982370662066 163 96 48 1.26 25 54 32 190 37 236 77 166 89 335 106 54 143 131 152 136
681 0.06544782300467604 0.11417392848201442 1.002330208314331 37 25 21 1.18 77 167 89 336 123 121
682 -0.11820808224147673 0.23961652785361456 1.6321307567313248 122 93 68 1.2 53 159 61 246 90 203 123 122 264 120 386 128 423 56 425 76
683 -0.07317131870345087 0.12717560494893337 1.4682982254396852 181 139 88 0.9 53 160 61 247 90 204 409 33 425 77 457 41
684 0.0541416965688353 0.10309003463741334 1.033361527440644 55 38 29 1.65 32 191 53 161 61 248 89 337 90 205 189 174 216 59 409 34 423 57 425 78
685 -0.035555690130335 0.1839460315925098 1.2748677597337856 82 56 38 0.53 53 162 61 249 90 206 123 123 342 90 423 58 425 79
686 -0.310414301504266 0.3687319375372908 2.7860751316149144 135 146 156 0.7 53 163 61 250 425 80
687 0.10936149748331894 0.04472220060217636 1.2496491293751604 216 221 227 1.32 17 47 20 51 174 1 386 129
688 -0.11381972577197934 0.14351835590669995 1.575216252350036 73 53 44 1.15 53 164 61 251 214 12
689 -0.04227853096248711 -0.04625613858649828 1.6781635702794115 155 118 87 0.31 37 237 60 8 281 61
690 -0.09444695600048418 0.024841656380637157 1.6541882136623434 99 61 27 0.74 25 55 32 192 89 338
691 -0.09587059384004183 0.10477865817709571 1.593926124766099 128 73 31 0.14 25 56 37 238 89 339
692 0.014771383708260734 -0.1773648246302029 1.7541672469876468 175 161 132 0.15 37 239 90 207 485 108
693 0.03942940804724711 -0.08137256784932832 1.7157362898547666 206 170 130 0.23 37 240 281 62 485 109
694 0.027882411760587318 -0.10328482943087897 1.7242713664947442 90 63 50 0.28 7 16 37 241 485 110
695 0.007499667987479081 -0.08480849124426786 1.7040816449707181 148 122 89 0.25 7 17 281 63 485 111
696 -0.022913620221329475 -0.2252029528251003 1.7680267778507703 92 61 41 0.66 37 242 281 64 485 112
697 0.03942587907811954 -0.0834611531248379 1.7156890576384347 189 146 102 0.3 37 243 281 65 485 113
698 0.05791195454439722 -0.07634594817739469 1.7185110019998466 165 129 88 0.19 37 244 90 208 485 114
699 -0.037184020884894295 -0.06832804778924323 1.6907220602030475 153 110 77 0.47 60 9 90 209 281 66
700 0.07985633167960111 -0.03496450962991805 1.702360538670269 144 102 69 0.24 37 245 281 67 485 115
701 -0.036185509019111856 -0.012085626139488468 1.6561207076139615 122 85 63 0.22 37 246 264 121 485 116
702 -0.01647246815367386 -0.16514893890635052 1.7401922370750866 138 118 90 0.42 32 193 90 210 264 122 485 117
703 0.035116219700568545 -0.16295461639946737 1.7539622587798964 157 121 86 0.42 39 33 89 340 264 123
704 0.010854680405987673 -0.14286567104355252 1.7361188968309502 82 59 48 0.48 37 247 89 341 189 175 211 34 485 118
705 -0.04854328861617659 -0.1371422623478845 1.7207661087638284 71 40 22 0.37 32 194 37 248 485 119
706 -0.03181745029172873 -0.1355579608314413 1.7352914549935212 147 110 74 0.79 7 18 281 68 485 120
707 -0.014836553857455846 -0.07939762052770849 1.6987481425601378 162 133 102 0.32 7 19 90 211 189 176 281 69
708 0.014511025097480004 -0.05925348189714041 1.6979455264132526 116 81 50 0.42 211 35 281 70 485 121
709 0.009622150632957106 -0.029330149708430817 1.6658791265165194 156 124 89 0.1 37 249 90 212 211 36 264 124
710 0.07311416374329248 -0.02312243021860613 1.6915758795151399 90 65 49 0.45 60 10 90 213 264 125
711 0.07303310796579641 -0.023195040516594326 1.692675043169495 67 41 26 0.4 37 250 90 214 485 122
712 -0.042825360613338616 -0.008355909713891595 1.6489115439868591 190 130 84 0.45 32 195 37 251 89 342 485 123
713 0.08089607885586485 0.001120140858531222 1.6862681369438197 124 92 69 0.4 37 252 90 215 189 177
714 -0.024504628304576635 -0.20980164029868173 1.7670321186111781 137 112 80 0.89 25 57 89 343 126 118 154 32 264 126 485 124
715 -0.003931479427252622 -0.18076543484354618 1.7507998828386846 91 71 60 0.24 32 196 189 178 264 127 281 71 485 125
716 0.024253251126170248 -0.1726929125661352 1.7589874249002995 137 92 60 0.33 37 253 71 34 89 344
717 -0.0013439432814253546 -0.15648742686986652 1.7348280506556994 152 121 90 0.68 53 165 89 345 90 216 189 179 208 64 485 126
718 0.03884507613249435 -0.16309740507292145 1.7552032823211783 166 139 108 0.32 37 254 189 180 281 72 485 127
719 -0.012948981212060158 -0.14426169376517523 1.7346709398866784 96 70 57 0.3 90 217 189 181 485 128
720 0.014462453502735551 -0.1452666885366668 1.7399314818764415 113 91 67 0.63 89 346 208 65 258 134 264 128 485 129
721 -0.01790716927969744 -0.12757175603847343 1.7230869600914556 111 87 67 0.23 32 197 37 255 89 347 189 182 264 129
722 0.024352875634319465 -0.1246882651846137 1.7259719207361524 125 98 78 0.97 32 198 89 348 189 183
723 0.0024840039473743233 -0.1086529354101333 1.7133143594893494 166 132 95 0.23 32 199 37 256 281 73 485 130
724 0.03278873020873696 -0.10085346331863113 1.7208842439902061 181 144 102 0.48 37 257 89 349 90 218 208 66 211 37 485 131
725 0.037360152533564374 -0.10283140941649054 1.722754245652755 136 114 105 0.23 7 20 89 350 264 130
726 0.05373568082467374 -0.10508937044767223 1.7291727630101685 134 104 78 0.29 37 258 89 351 90 219 189 184 211 38 485 132
727 0.006548494372632825 -0.07841110491617995 1.7006543611330613 114 80 57 0.46 7 21 32 200 37 259 89 352 264 131
728 -0.0014300976515216274 -0.06761920961561656 1.6948433311086966 160 112 75 0.25 89 353 211 39 281 74 485 133
729 -0.007067919745532679 -0.05502047048049949 1.6914012942341174 129 84 62 0.22 37 260 89 354 152 137
730 0.031865549975198845 -0.05622756575655552 1.696435592136962 100 85 78 0.12 7 22 90 220 189 185
731 -0.008694752475959177 -0.048999316367220776 1.6810223347583397 182 142 104 0.8 37 261 60 11 89 355 90 221 189 186 281 75
732 -0.0318022876112893 -0.028159332076468147 1.6768974665467584 112 79 62 0.09 17 48 20 52 60 12
733 0.017117641378665602 -0.02428897460564449 1.6646658247771795 160 126 91 0.24 90 222 189 187 208 67
734 0.029395487032327923 -0.02659366062519739 1.6697274677663796 188 143 108 1.05 32 201 89 356 485 134
735 -0.05890571762304454 -0.007538401899370845 1.6535589503739538 97 80 69 0.27 32 202 189 188 264 132
736 -0.06545833940169833 0.01156653571941728 1.6386788020752163 117 72 42 0.36 37 262 208 68 485 135
737 -0.06159551687445648 0.01162166907109625 1.6399744499769204 104 70 45 0.3 37 263 208 69 264 133 485 136
738 0.08077067942110805 0.04674816683685008 1.5650622968902759 128 82 47 0.61 37 264 89 357 90 223 189 189
739 0.04613385403821968 0.0669941656951874 1.5354747371981818 136 76 37 0.19 37 265 89 358 258 135
740 0.01123663060881207 -0.20904937372683893 1.800342324820118 69 55 51 0.93 17 49 20 53 485 137
741 -0.025966975394807582 -0.1834461096763278 1.7469344088659438 162 134 107 0.56 12 22 89 359 90 224 152 138 189 190 208 70 485 138
742 0.04684158351530926 -0.1555768534472083 1.7526759575060633 128 104 78 0.33 37 266 211 40 281 76 485 139
743 0.0461203103061298 -0.14425990583519313 1.7483914950231576 178 148 116 0.44 90 225 189 191 208 71 485 140
744 -0.048860428754240064 -0.12672089261384553 1.720336509569542 111 84 68 0.25 189 192 208 72 485 141
745 0.06358885649862721 -0.0853524657008375 1.7227395920731914 168 140 108 0.28 90 226 189 193 208 73 485 142
746 -0.04242143771818849 -0.06988754016199587 1.6884440240207956 112 80 52 0.69 7 23 32 203 37 267 89 360
747 -0.05234001789510663 -0.024979272674297965 1.6638173726750434 173 133 90 0.36 32 204 37 268 39 34 60 13 89 361 90 227 189 194 208 74
748 0.06880936210850012 -0.02438951521508326 1.688177486445204 118 90 68 0.94 32 205 89 362 189 195 264 134
749 -0.01548142477190032 -0.01302146729646325 1.6515916588926887 204 154 94 0.51 143 132 190 38 191 43 216 60
750 -0.0070075278455870894 -0.013261756047391781 1.6588464956983326 154 106 58 0.27 25 58 39 35 89 363 143 133 189 196 264 135
751 0.028153731469412975 -0.016544012618851807 1.6881382949346697 81 56 45 0.2 17 50 20 54 485 143
752 0.01734825170881434 -0.0009744760131269873 1.6271087652667422 169 101 51 0.26 37 269 89 364 208 75
753 0.09160122881187607 -0.0011318204969552723 1.6848647741742286 138 100 67 0.23 89 365 143 134 190 39
754 0.10019221186476933 0.008472903211571124 1.677267688815079 149 165 178 0.57 90 228 143 135 189 197
755 -0.038461053697262756 0.038305921040416815 1.534268318868447 157 105 56 0.64 25 59 37 270 53 166 71 35 89 366 90 229 132 11 143 136 152 139
756 0.08239213614795729 0.042388968945450994 1.5486270360428585 178 129 86 0.81 53 167 89 367 90 230 143 137 189 198
757 -0.021936251699993924 -0.14290996450822688 1.7207952760927934 131 104 93 0.5 12 23 89 368 152 140 189 199 208 76
758 0.027261409130191806 -0.10430304024588827 1.7222571741418495 95 71 56 0.43 12 24 37 271 89 369 90 231 189 200 211 41 485 144
759 -0.03848210107561418 -0.051126387451845015 1.680261272721145 195 157 116 1.25 7 24 191 44 216 61
760 0.02559948026136357 -0.04639931336436384 1.6831919808896012 203 178 149 1.02 7 25 190 40 191 45
761 0.08074157014476695 -0.025173201750768467 1.7305122102245294 122 94 80 0.31 7 26 214 13 215 7
762 0.017098133576978893 -0.17913742899390372 1.7552694030187954 82 60 49 0.49 12 25 32 206 37 272 61 252 77 168 89 370 90 232 123 124 152 141 189 201 258 136 281 77 322 12 342 91 386 130 409 35 423 59 425 81 457 42 485 145
763 -0.015371613194085941 -0.10082007502700296 1.7086202411771432 133 108 85 0.1 32 207 90 233 189 202
764 0.06277844874853634 -0.05734618400116852 1.700548764036008 159 119 84 0.29 7 27 208 77 485 146
765 -0.037806959770417425 0.01580280451288093 1.6401442565196205 198 156 104 0.45 60 14 208 78 485 147
766 -0.012267156511403697 -0.037090108573492896 1.6805394703794436 163 111 63 0.57 71 36 89 371 126 119
767 0.033565612189698085 -0.010251882530404186 1.6654360351409623 140 122 97 0.57 61 253 89 372 126 120 258 137 268 17 386 131
768 -0.033690585176374806 -0.07273270882427943 1.6957743091506143 195 154 122 0.52 7 28 37 273 89 373 126 121 189 203
769 -0.03643112197254787 -0.05290070410546105 1.6855829272937846 201 145 97 0.94 37 274 77 169 89 374 90 234 126 122 143 138
770 -0.005449325253656621 -0.2430220763498666 1.773778794811509 113 89 74 1.12 12 26 25 60 89 375
771 -0.022824394497566704 -0.18029327366944303 1.7467026766929028 108 79 57 1.05 12 27 71 37 77 170 89 376 90 235 126 123 211 42
772 -0.04374763053009008 -0.13629645692264222 1.7238380601162666 134 102 83 0.58 12 28 71 38 89 377
773 -0.0053438959358199836 -0.13569796456441158 1.7316141522551245 151 103 71 0.75 12 29 61 254 77 171 89 378 126 124 423 60 457 43
774 -0.02128937936171076 -0.10608260797847388 1.7094530362561238 115 84 64 0.46 12 30 37 275 89 379 90 236 189 204 211 43 264 136 485 148
775 -0.045092254825038855 -0.08814061994329933 1.6934049854598814 89 59 42 1.39 20 55 132 12 154 33 190 41 191 46 214 14 216 62
776 -0.057820692981920156 -0.06936243461783058 1.6797782312642742 131 93 64 0.46 12 31 37 276 89 380
777 -0.03280999102350765 -0.06435310996076048 1.688993577190853 154 113 78 0.17 37 277 71 39 89 381 152 142 189 205 258 138 281 78
778 0.002158774748128184 -0.08826975518159037 1.7072037038494696 153 100 64 0.33 32 208 37 278 89 382 152 143
779 0.020683781630463787 -0.05799574055319096 1.7000234615637528 159 112 70 0.7 25 61 71 40 89 383
780 0.08007456435096257 -0.054216137962067285 1.986858920254449 199 151 106 0.86 52 41 153 15 215 8
781 -0.018893482724221904 -0.022586264854328165 1.6598792454461602 191 155 114 0.37 37 279 60 15 89 384 189 206 208 79
782 0.07368270739133795 -0.013432596159480718 1.6910531205916484 120 85 59 0.67 37 280 53 168 61 255 71 41 77 172 89 385 90 237 126 125 258 139 342 92 457 44 460 55
783 -0.07720257046185179 -0.0011404355254161407 1.649287721053004 118 80 49 0.74 25 62 32 209 71 42 89 386 90 238 143 139 189 207
784 -0.05783360049839945 0.029394880145769263 1.6353161986738025 167 116 71 0.14 25 63 89 387 258 140
785 -0.02271666096883957 0.10429884896646097 1.521405796527622 250 180 114 0.62 77 173 89 388 126 126
786 -0.37166270480554175 0.42213923881840965 2.541799887675231 75 54 41 1.38 53 169 61 256 89 389
787 0.01619335091706385 -0.15150008094615403 1.7437904848575039 163 125 96 0.28 12 32 39 36 89 390
788 0.03147976212017764 -0.1384311706025378 1.7355368872653967 167 129 98 0.68 12 33 89 391 90 239
789 0.011673911019042613 -0.12034954387649027 1.7267579084519016 101 83 72 0.82 61 257 89 392 258 141 268 18 329 19 342 93 460 56
790 0.012656181806016726 -0.11915872688291285 1.718835079324375 184 140 112 0.22 12 34 77 174 89 393
791 0.009780122524841076 -0.07344237022477049 1.6893428720025976 206 163 103 1.43 143 140 190 42 191 47
792 -0.06083595020676226 -0.04842001632795885 1.6805016501405357 144 101 77 0.54 77 175 89 394 90 240 189 208 281 79
793 -0.06767043831823558 -0.02655931543730395 1.6773927015903172 133 71 30 0.39 77 176 89 395 126 127
794 0.15442996863383102 0.10664993851257573 0.9673097936022312 36 32 29 0.8 61 258 89 396 123 125 189 209 386 132
795 -0.05025795343308828 0.20413734093646163 1.2320950355228097 39 31 24 1.36 123 126 264 137 342 94 386 133 423 61
796 0.03141776778519598 0.15553893115410616 1.023169808606688 192 141 100 1.15 77 177 89 397 126 128 152 144 216 63
797 0.06996009556577312 0.15305056660635386 0.9959357482476189 211 168 141 0.3 89 398 190 43 191 48
798 -0.012356226795023545 -0.10445941537854377 1.7156267857379548 142 90 51 0.73 12 35 89 399 126 129
799 -0.015287052701263553 -0.09599058511750547 1.7058567847411996 117 79 61 0.18 12 36 77 178 89 400
800 0.021825294273826387 -0.07504930872058962 1.708029395154129 140 92 55 0.57 37 281 71 43 77 179 89 401 126 130
801 0.05792187367208233 -0.07332579068154249 1.7190128257796649 114 71 46 0.86 77 180 89 402 90 241 126 131 485 149
802 0.058233116804244776 -0.057749418302036316 1.7059550488786042 158 115 76 0.92 37 282 61 259 77 181 89 403 126 132 143 141 322 13
803 -0.08017856474124156 0.00857164435452278 1.646915833426008 223 171 123 1.21 71 44 77 182 89 404 126 133
804 0.024486413953736606 0.15039359103580469 1.0256550585551318 237 188 124 0.81 126 134 215 9 216 64
805 -0.018293265902499897 -0.16808086590958737 1.7424739380028045 166 138 110 0.82 12 37 32 210 61 260 77 183 89 405 90 242 126 135 152 145 189 210 208 80 386 134 409 36 423 62 425 82 457 45
806 0.09139747910461983 0.0018996719021932428 1.6817822358398637 168 123 102 0.48 77 184 89 406 216 65
807 0.15467069627874253 0.09480083835562499 0.9712807843962095 159 122 94 0.62 17 51 20 56 89 407
808 0.1371870899594476 0.12221424515535764 0.9736128254691853 114 92 67 0.34 52 42 53 170 90 243 143 142 153 16 215 10
809 0.03540989318205118 -0.13086568472616394 1.7390191545652927 205 178 152 1.39 126 136 190 44 191 49 216 66 219 8
810 -0.03244026318717655 -0.0925881279478513 1.7062862279248592 179 140 105 0.72 12 38 37 283 77 185 89 408 126 137 208 81 211 44 485 150
811 0.06679662395828136 -0.026994375575672157 1.677090208220254 241 191 142 0.42 77 186 89 409 126 138
812 0.02180296455487231 -0.20054551577868537 1.7712133170520468 68 58 53 0.49 90 244 189 211 208 82 211 45 281 80 485 151
813 0.028374222357417777 -0.19551287425134015 1.8059739451451786 216 222 231 0.85 17 52 20 57 485 152
814 -0.025802477410358713 -0.12803254273303993 1.7460507664344942 85 62 53 0.55 17 53 20 58 485 153
815 -0.06166250607901825 -0.09283337312340532 1.7261716640183618 133 99 74 0.36 17 54 20 59 485 154
816 0.05389346547613062 -0.10317823002438357 1.7296077426984058 104 86 72 1.18 53 171 61 261 143 143 189 212 268 19 423 63
817 -0.09353241698377146 -0.07238516042571697 1.8153672823983 200 204 207 1.64 32 211 61 262 258 142 342 95 386 135 409 37 425 83
818 -0.0912676189776707 -0.07376837952447128 1.77322408605671 94 84 81 0.44 17 55 20 60 225 8
819 0.015506476828416728 -0.06713795201858047 1.6961442068730015 145 117 90 0.44 61 263 89 410 90 245 152 146 189 213 208 83 258 143 281 81 386 136 460 57
820 0.07461467437517268 -0.06283514551288605 1.7128349319598681 106 94 87 0.73 32 212 37 284 61 264 329 20 342 96
821 -0.013192112223974272 -0.04822348431035739 1.7050790394669433 65 58 52 0.04 17 56 20 61 225 9
822 0.02913231555883941 -0.047368304635980206 1.6979233556009559 174 139 98 0.37 143 144 189 214 208 84 281 82
823 -0.057008145133863354 -0.027615431475072165 1.6646331735419224 104 76 58 0.37 32 213 37 285 89 411 90 246 154 34 189 215 258 144
824 0.066672507984513 -0.02309237662127484 1.6912848788648531 91 69 56 0.5 32 214 37 286 60 16 90 247 189 216 264 138
825 0.02514839914741755 0.0374576810398 1.5325061802706585 104 74 52 0.71 17 57 154 35 216 67
826 0.09672038303296575 0.030970047134212857 1.3305414176228911 238 236 234 0.48 17 58 20 62 383 12
827 0.19714393783526543 0.01554140182546119 0.4521087962988739 83 62 41 0.37 17 59 20 63 208 85
828 0.23382447677185797 0.01669652493647214 0.4630849928795541 83 65 45 0.95 53 172 61 265 208 86
829 0.23612574599992953 0.018468280615341125 0.46593914830861116 79 61 49 0.34 17 60 20 64 53 173
830 0.2851199025533576 0.016783480235028663 0.47852699355522343 62 49 38 0.16 17 61 20 65 53 174
831 0.2760291614124558 0.020470967213450163 0.47575830932637997 125 113 96 0.12 17 62 20 66 211 46
832 0.17134778475101042 0.03371424245903667 0.5275272994106383 106 83 62 0.31 53 175 61 266 423 64
833 0.17189649870335097 0.03537568012764329 0.5415390795363378 79 60 38 1.15 53 176 61 267 208 87 214 15 423 65
834 0.2555305919552442 0.035184566129674584 0.4542061578971317 197 189 188 0.17 17 63 19 3 20 67
835 0.24853447076954385 0.0423431560862114 0.4311254804548238 48 37 35 0.36 17 64 19 4 20 68
836 0.15093983758848498 0.10990887177325287 0.9705272710838867 35 28 27 1.02 17 65 20 69 89 412
837 -0.12728930348035516 0.22048659013383134 1.6592097287461822 55 34 25 0.75 61 268 89 413 90 248 106 55 123 127 264 139 342 97 423 66 425 84 457 46
838 -0.13375741699716603 0.22855048968342775 1.7260623378206486 51 31 22 1.13 53 177 90 249 123 128 190 45 191 50 216 68 425 85
839 0.2456914913556657 0.01944070055438898 0.46785783336114073 128 121 93 1.11 53 178 61 269 423 67
840 0.18884824441270895 0.13881163803840219 1.006480595689528 72 55 46 0.52 52 43 77 187 89 414 123 129
841 0.0615085070873413 0.14677535372193337 1.035675961015214 64 45 27 0.94 89 415 126 139 258 145
842 0.29337839228151724 0.047138281209245604 0.4750305663584716 119 101 74 0.72 53 179 61 270 143 145 211 47
843 0.1758148550016849 0.07767887162315154 0.476184634410238 148 119 84 0.46 53 180 61 271 143 146 423 68
844 0.17849085897105502 0.07899294368031728 0.48024758115936295 106 80 48 1.52 53 181 61 272 143 147 214 16 423 69
845 0.2284373086956027 0.08083869284358336 0.4423662042947616 129 115 98 1.12 53 182 61 273 214 17 423 70
846 0.26523566782170827 0.08251081402024409 0.4506507913200236 92 72 53 1.42 53 183 61 274 143 148
847 0.15993804604113443 0.09445506191670174 0.48645579868557526 142 120 104 1.13 53 184 61 275 214 18
848 0.27097897665802306 0.08689460918823791 0.4502072600038668 114 95 77 1.57 53 185 61 276 143 149
849 0.08206110235682075 0.10062610665306389 0.48770283810273096 98 77 56 0.48 53 186 61 277 386 137
850 -0.01961665775680256 -0.16589088517491538 1.7642911513373678 89 64 54 0.82 17 66 20 70 485 155
851 -0.02623510062039683 -0.1250737062029983 1.7192147499083716 103 79 67 0.2 32 215 89 416 90 250 189 217 208 88 258 146 485 156
852 -0.012013516664227168 -0.12440155330984924 1.7224032131215912 79 63 51 0.18 37 287 211 48 264 140 281 83 485 157
853 -0.08144863268143311 -0.10941613115181797 1.8041682878590712 70 72 70 1.46 25 64 53 187 61 278
854 -0.0030187112705043996 -0.09594514493948388 1.7110420452447044 69 57 53 0.54 32 216 60 17 61 279 90 251 189 218 225 10 258 147 264 141 268 20 281 84 342 98 386 138
855 0.04286297409650284 -0.10484525705180905 1.740032057218139 88 61 50 0.68 17 67 20 71 485 158
856 -0.017005444081532345 -0.06050174516381743 1.6832598342457459 106 83 68 1.26 17 68 20 72 329 21
857 -0.10558414754446063 -0.03488697159255419 1.7558909439894514 188 195 199 0.76 53 188 61 280 90 252 189 219 264 142 342 99 425 86
858 0.08007389114579273 -0.03993657158485311 1.7866689373138684 170 131 95 1.5 17 69 20 73 214 19 215 11
859 0.08872500726295109 -0.034497368031947286 1.7022627910717758 173 196 212 0.54 61 281 409 38 457 47
860 0.18025368515388906 0.021547353358728705 0.4974879777702252 127 90 62 0.44 17 70 20 74 53 189
861 -0.005947453543876628 0.11500830376642637 1.5197382995565036 171 98 39 0.15 25 65 77 188 89 417
862 0.1998860774034885 0.016754238151824977 0.4545274352936615 165 135 91 0.84 53 190 61 282 208 89 211 49 214 20 423 71
863 0.20502966924387256 0.016950991592712482 0.45561362033512887 142 114 73 0.58 19 5 53 191 61 283 208 90 211 50
864 0.23347784275649117 0.017542363923413212 0.46166831782435214 139 114 81 1.0 19 6 53 192 61 284 208 91 214 21
865 0.24900921324353406 0.017435958068363382 0.4686582409579315 115 103 94 0.33 17 71 20 75 53 193 463 6
866 0.2524169290583441 0.01774177750706685 0.4698281256378955 143 117 102 1.01 53 194 61 285 208 92 214 22
867 0.2524169290583441 0.01774177750706685 0.4698281256378955 143 117 102 1.01 53 195 61 286 208 93 214 23
868 0.2596162746120647 0.013223646885846494 0.46024781803384585 89 78 70 0.64 17 72 19 7 20 76 143 150
869 0.2563775669980637 0.019724191806471583 0.4696934640325679 103 95 87 0.44 17 73 19 8 20 77 53 196 423 72 463 7
870 0.2718589693669768 0.02025960652653506 0.47494065147368253 116 105 90 0.16 17 74 19 9 20 78 211 51 463 8
871 0.27737659468264925 0.01493668648447345 0.47738870625144136 132 118 101 1.01 53 197 61 287 143 151
872 0.2880712558821252 0.017579451264530067 0.4810245246839919 130 108 75 1.22 53 198 61 288 143 152 423 73
873 0.18151691027930977 0.026566024841833586 0.49867715844439847 142 120 95 0.48 17 75 20 79 53 199 423 74
874 0.18908659258086147 0.023506748302038402 0.45874097801738983 148 120 86 0.49 53 200 61 289 143 153 423 75
875 0.23166483517310274 0.02463700476324685 0.46122794037076204 128 101 76 0.35 53 201 61 290 143 154 214 24
876 0.2331846466090713 0.0263868910674663 0.4613921796365362 134 111 81 0.56 53 202 61 291 143 155 208 94 214 25 423 76
877 0.23649878949847006 0.02197591811383738 0.4643832994138039 61 49 38 0.85 53 203 61 292 143 156 214 26 423 77
878 0.23466560046752852 0.023951814788568185 0.462398604691977 123 104 84 0.58 53 204 61 293 143 157 214 27 423 78
879 3.4222525995297057 0.41219819487449405 7.55383799014936 86 58 41 0.93 17 76 19 10 322 14
880 0.16506302178412852 0.03920544518329133 0.565077972261945 136 107 79 0.81 19 11 20 80 53 205 61 294 214 28 423 79
881 0.17374400242496446 0.03672333584209895 0.5306969682888985 73 53 34 0.66 20 81 53 206 61 295 214 29 423 80
882 0.2293649873288736 0.032880437504143545 0.46368823532907405 71 53 42 0.26 17 77 20 82 423 81
883 -0.16023640055224692 0.1560812312403709 1.7882141114446541 100 89 81 0.84 53 207 61 296 123 130 342 100 386 139
884 -0.16023640055224692 0.1560812312403709 1.7882141114446541 100 89 81 0.84 53 208 61 297 123 131 342 101 386 140
885 -0.07020896822948883 0.13380982167837346 1.4557218383643784 109 70 41 1.12 25 66 37 288 53 209 61 298 89 418 90 253 126 140 143 158 152 147 189 220 264 143 425 87 460 58
886 -0.0703095850508547 0.13342247583707703 1.455177600759241 109 70 41 0.84 25 67 37 289 53 210 61 299 89 419 90 254 126 141 143 159 152 148 189 221 264 144 425 88 460 59
887 0.2204043997050291 0.040047640549510335 0.4168122082913588 233 235 234 0.2 17 78 19 12 20 83
888 0.05272882265967437 0.12923476697573485 1.0307981079505601 78 42 19 1.03 89 420 106 56 126 142
889 -0.001550460794082906 0.11400139466037887 1.088140367126188 119 85 57 0.64 53 211 61 300 90 255 386 141 460 60
890 -0.008654726499698374 0.1266944668275789 1.1499907157993434 113 84 63 0.73 53 212 89 421 90 256 190 46 191 51
891 -0.007867531310218528 0.12779970100299318 1.1566617809454685 127 103 79 0.72 53 213 61 301 90 257 342 102 386 142
892 0.048031725834760716 0.10589582951058252 1.0333827615600624 84 48 26 0.25 77 189 89 422 90 258 123 132 216 69
893 0.24530592458336045 0.13358503689672988 1.0583007894259409 88 65 42 1.07 53 214 61 302 143 160 189 222 386 143
894 0.4331659051288187 0.09160625835265492 0.6790416884752609 59 42 34 0.12 17 79 19 13 20 84
895 0.06056327627934289 0.139947443168304 1.0342803019019668 100 77 58 1.76 89 423 123 133 126 143 189 223 191 52
896 0.23772349434928086 0.14033103559823898 1.0433631545193194 66 45 35 1.37 17 80 19 14 20 85 383 13
897 0.2212352291088638 0.06874664507376237 0.4481669920516569 138 116 92 0.62 53 215 61 303 143 161 214 30
898 0.11356525347196735 0.10134180701664537 1.0320235731722762 73 60 49 1.16 190 47 191 53
899 0.0998761074239981 0.14862238054924803 0.9948341634616171 106 87 68 0.6 52 44 53 216 61 304 77 190 90 259 143 162 153 17 386 144 425 89
900 0.1760382011864229 0.07713241239594344 0.47312298314995965 137 108 75 0.83 53 217 61 305 143 163 423 82
901 0.1760382011864229 0.07713241239594344 0.47312298314995965 137 108 75 0.83 53 218 61 306 143 164 423 83
902 0.17885630682627773 0.0798248694942252 0.47706105771070884 82 64 48 1.47 61 307 143 165 214 31 423 84
903 0.17485841842602112 0.0788411133541292 0.4643735176365345 131 102 79 0.53 61 308 214 32 423 85
904 0.1815418144116524 0.07789667161668318 0.46752653672218475 104 77 54 1.01 53 219 61 309 143 166 214 33
905 0.18436625451697913 0.07297773443911762 0.4558843535553001 78 60 42 0.83 53 220 61 310 214 34 423 86
906 0.18273917345545782 0.07160084589445702 0.4473139070973629 50 36 26 0.35 53 221 61 311 143 167 423 87
907 0.18487716146220695 0.07178075419446593 0.44879922910974895 73 55 38 0.95 53 222 61 312 143 168 214 35 423 88
908 0.18669964766934652 0.07149087715021217 0.4469799322229799 57 45 35 0.69 53 223 61 313 214 36 423 89
909 -0.045864557382442474 0.202131857316344 1.2816653712087347 122 94 69 0.99 53 224 61 314 77 191 89 424 386 145 423 90 425 90
910 0.061685576609008405 0.16941465157915916 0.9914862981953264 110 68 44 0.7 89 425 106 57 123 134 258 148
911 0.06153932733636521 0.17080641138095998 0.9898399251781396 139 102 72 0.44 32 217 61 315 77 192 89 426 123 135 258 149
912 0.0732742741668764 0.16989251392941174 0.9944991250282613 120 76 54 0.79 52 45 61 316 89 427 152 149 409 39 457 48
913 0.17968175085639176 0.07263430323656732 0.3939748449695821 72 58 47 1.85 53 225 61 317 214 37
914 0.2535519035955614 0.08180002317492964 0.4472657128175117 83 71 58 1.42 53 226 61 318 143 169 423 91
915 0.1655860767878514 0.09138097322262119 0.48759062678506504 152 132 112 0.87 53 227 61 319 214 38
916 0.24262489817428215 0.08492627066138385 0.44145319569913577 110 85 65 1.28 53 228 61 320 143 170 423 92
917 0.11330438160109323 0.07014444887608118 0.3311629016535512 132 100 73 0.29 53 229 61 321 143 171
918 0.12214117437683446 0.06436839903739372 0.29628859370631505 119 81 56 0.5 53 230 61 322 143 172
919 0.12752246462472236 0.06303945814535711 0.28547903413889386 123 90 69 1.12 53 231 61 323 143 173
920 -0.005328744937805649 -0.1881514123809849 1.762952447221272 155 132 109 1.12 17 81 20 86 106 58 216 70
921 0.046446195698950477 -0.11671183105106349 1.7205581835227879 107 95 88 0.77 53 232 61 324 189 224
922 0.05358276001032279 -0.13052875768870176 1.7464618466893873 203 212 224 0.56 32 218 37 290 53 233 61 325 123 136 258 150 264 145 342 103 460 61
923 -0.06290972042415045 -0.11026519758117143 1.7334907719261472 100 72 55 0.56 17 82 20 87 208 95 485 159
924 -0.0072874533214839264 -0.06036930744668466 1.6923743240663247 74 48 31 0.43 25 68 32 219 37 291 61 326 77 193 126 144 143 174 152 150 225 11 264 146 329 22 342 104
925 0.030500772359318203 -0.08404373924929286 1.7114351694557273 68 45 30 0.35 32 220 37 292 211 52 485 160
926 -0.05967918574528582 -0.0406170120996736 1.3607264089602373 82 54 43 1.99 17 83 20 88 383 14
927 0.00166967209533277 -0.04517492236363614 1.6747346614909717 119 87 68 0.77 60 18 61 327 77 194 89 428 189 225 225 12 264 147 386 146
928 -0.04844214876315738 -0.022073728527177212 1.6868332218607902 86 60 48 0.46 17 84 20 89 208 96 485 161
929 0.041701689593573274 -0.013485475591451718 1.6734431967802614 96 68 45 0.44 32 221 37 293 61 328 77 195 90 260 152 151 258 151 264 148 425 91
930 0.08717708874736683 -0.030130827337989132 1.7038200995815675 189 189 196 0.65 61 329 152 152 258 152 264 149 425 92
931 -0.11552021105950439 -0.0028238323513401615 1.8262240097403526 116 109 103 2.08 53 234 61 330 123 137 329 23 460 62
932 -0.11401933492673434 0.002002643797828256 1.7519169311125213 174 186 192 1.2 53 235 61 331 90 261 123 138 189 226 322 15
933 0.0354334056250175 0.04531173316872493 1.5242747390203693 102 68 45 0.59 17 85 20 90 89 429
934 0.23505771387698557 0.012486409724106121 0.464886761705869 95 70 48 0.58 53 236 61 332 143 175 214 39
935 0.25086958609058896 0.012216875406092356 0.4638620969920145 38 29 27 0.61 17 86 19 15 20 91 143 176
936 0.23806067214267174 0.015484908610237186 0.4644101632762691 64 48 36 0.92 19 16 53 237 61 333 143 177 211 53 214 40 423 93
937 0.2500914620680125 0.014446393813477185 0.47197074416139 45 31 31 0.2 17 87 19 17 20 92 463 9
938 0.2531519311290983 0.018733350336558062 0.4696125996547538 81 45 35 0.97 19 18 53 238 61 334 143 178 208 97 211 54 423 94
939 0.23884577524142186 0.014534303998128783 0.42375583570262176 48 33 31 0.15 17 88 19 19 20 93
940 0.2611273085683952 0.014723672284058907 0.4716024472594476 107 82 67 1.12 19 20 53 239 61 335 143 179 208 98 211 55 423 95
941 0.25663619633421936 0.014126623988173886 0.4600916824512061 88 79 70 0.69 17 89 19 21 20 94 143 180
942 0.2625201641204436 0.015822329062330054 0.4720285326310455 172 162 137 0.97 19 22 53 240 61 336 143 181 208 99 211 56 423 96
943 0.2626252540257798 0.015891439775084646 0.47303760870092004 143 129 116 0.36 17 90 20 95 53 241 423 97 463 10
944 0.2650713466341474 0.014990675553215359 0.47588077052380584 45 32 30 0.25 17 91 20 96 463 11
945 0.25569709944044083 0.018591527621154128 0.47035890209794406 72 34 35 0.94 19 23 53 242 61 337 143 182 423 98
946 0.2567286761238953 0.017940862481859363 0.45570396495487614 73 54 48 0.56 17 92 19 24 143 183
947 0.2650651173390914 0.014378732277848298 0.4630673719915595 138 125 108 0.77 17 93 19 25 20 97 143 184
948 0.26747781695950157 0.019281613019717366 0.4733954590686735 57 42 36 0.18 17 94 19 26 20 98 211 57 463 12
949 0.26448294590275356 0.018427080463133818 0.45985758739891786 65 36 33 0.71 17 95 19 27 20 99 143 185
950 0.2855622664721514 0.015413935654043661 0.47828122939677936 61 50 41 1.11 19 28 53 243 61 338
951 -0.09010945855027898 0.0937360544902649 1.5585363238982024 129 87 48 0.77 61 339 143 186 386 147
952 0.16004182173168277 0.03128616730779207 0.5638896808199791 85 62 54 0.73 17 96 19 29 20 100 463 13 485 162
953 0.1627407151761984 0.032366354640451865 0.5792218492422728 123 109 105 0.35 19 30 20 101 61 340 463 14
954 0.18074427035592808 0.0242875336906252 0.4931086657012678 115 86 52 0.66 19 31 53 244 61 341 143 187 463 15
955 0.22945899986874974 0.023080159511307465 0.46044082544158416 137 110 80 0.55 53 245 61 342 143 188 214 41
956 0.23589115935094124 0.026400874197973444 0.4624005711028037 85 71 57 0.35 19 32 53 246 61 343 143 189 208 100 214 42
957 0.29170218191169184 0.026241768522365275 0.47906139875479486 159 133 99 0.78 53 247 61 344 143 190
958 0.28228351073797725 0.024640588978703623 0.4490076851376692 129 100 66 0.67 17 97 19 33 20 102 143 191
959 0.2996240164452192 0.029390981829445897 0.4808947203565147 104 81 57 1.31 53 248 61 345 143 192 423 99
960 0.1674131462647487 0.04262595735182639 0.5719296299865361 104 82 62 0.49 19 34 20 103 61 346
961 0.3331891853432515 0.03181189239658166 0.4914628171273151 98 75 41 1.36 53 249 61 347 143 193
962 0.23164781305875365 0.041832211330770606 0.4729971715374861 78 58 42 0.94 17 98 20 104 143 194
963 -0.0024380899181690127 0.11475353134536335 1.0692743310194812 99 64 46 0.74 17 99 20 105 383 15
964 0.16254969481249876 0.10500443573495948 0.9571949513771408 70 58 49 0.45 53 250 61 348 89 430 143 195 189 227 386 148 423 100
965 0.23555162741348235 0.055917210535685026 0.4824113869755121 83 69 54 0.85 17 100 19 35 20 106 143 196
966 -0.11371593392352264 0.17695615341528592 1.5760178583189186 100 58 40 1.3 53 251 61 349 386 149 457 49
967 0.21601535589283402 0.12429703820037936 1.0338887126845706 48 41 36 0.97 53 252 61 350 143 197 189 228 423 101
968 0.21887819839462255 0.12361195550028284 1.0131661913864194 48 32 26 0.7 53 253 61 351 143 198
969 0.23301660389068352 0.1307169906927925 1.0702219751453823 112 76 48 0.95 53 254 61 352 89 431 123 139 143 199 189 229 214 43 219 9
970 0.23728800444833745 0.05742507857283279 0.4845200686749036 90 75 60 0.9 17 101 19 36 20 107 143 200
971 18.25509825537667 5.2206954282591935 40.04680458885652 56 46 41 2.03 17 102 19 37 20 108
972 -0.03847358273965437 0.15377514957435148 1.14585029500303 61 35 28 0.61 17 103 20 109 383 16
973 -0.03305204151143922 0.18509792156344926 1.264865798089206 57 39 29 0.75 61 353 90 262 123 140 342 105 386 150 423 102 425 93
974 -0.011068821746742522 0.17726855651590007 1.1351246008974418 134 107 78 0.46 53 255 61 354 90 263 386 151 425 94
975 0.1848336419550504 0.13568214851297666 0.9302527582417969 115 100 77 1.09 53 256 61 355 143 201
976 0.1868873538909219 0.07052884062733798 0.4462552538080906 104 81 58 0.82 53 257 61 356 214 44 423 103
977 0.24390067911664828 0.07241350597654674 0.4517585749582722 50 41 31 0.91 53 258 61 357 143 202 423 104
978 0.24252423394517675 0.07306745580980815 0.4512850247404558 94 80 62 0.82 53 259 61 358 143 203 423 105
979 0.24631881258599045 0.07256935243443705 0.45257894406752774 46 35 29 0.9 53 260 61 359 143 204
980 0.3425068407167955 0.0835149041901712 0.5299449379559403 90 63 40 1.99 153 18 214 45 423 106
981 0.3023375606261763 0.07628541805565978 0.47203199832626225 101 84 67 1.4 53 261 61 360 423 107
982 -0.017063328423209647 0.19086121057372035 1.1464597826573586 135 96 63 0.12 89 432 123 141 258 153
983 0.07492073343137656 0.17139187739173428 0.9952933174135539 180 150 116 0.72 61 361 77 196 409 40 457 50
984 0.18029405457384384 0.07900271953163933 0.45481637757129556 102 66 32 0.34 53 262 61 362 143 205
985 0.03493150409247796 0.1210780455485725 0.6347855016537187 67 45 39 0.21 17 104 20 110 463 16
986 0.19030616597129685 0.0822441874022807 0.42922416151872295 109 89 68 0.81 53 263 61 363 143 206
987 0.001113744597323729 0.17787490317280663 0.9043822836118236 136 108 90 1.38 17 105 20 111 383 17
988 -0.012949111403177248 -0.16238174896961483 1.7403845945807266 93 79 70 0.72 61 364 264 150 268 21 457 51
989 -0.053580812641685474 -0.12817926902493992 1.7414671497338625 87 61 50 0.62 17 106 20 112 485 163
990 -0.05562234642975889 -0.07011816981066545 1.3367268361111473 100 84 76 0.42 17 107 20 113 386 152
991 -0.06563663163534289 -0.052388867758043696 1.3614411999836407 216 225 232 0.31 17 108 20 114 386 153
992 -0.0002357008960032632 -0.07719903418068837 1.7036763254959733 102 75 60 0.45 25 69 32 222 61 365 189 230 264 151 281 85 329 24 342 106 361 27 460 63
993 0.07105721382109437 -0.07648267031519106 1.7222584059301373 100 92 92 0.5 32 223 61 366 123 142 258 154 264 152 329 25 342 107 460 64
994 -0.06513599858847527 -0.05007711726866755 1.7276634626598897 157 130 102 1.77 19 38 214 46 215 12
995 -0.11640965787761745 0.025809946076131667 1.715571998708219 141 146 138 0.54 61 367 189 231 423 108 425 95
996 0.30312946702919336 0.00350387898347818 0.48700529398558917 82 76 62 0.46 17 109 20 115 423 109 463 17
997 0.30312946702919336 0.00350387898347818 0.48700529398558917 82 76 62 0.46 17 110 20 116 423 110 463 18
998 0.2432751366868337 0.006473057557852085 0.47084146492207973 114 80 53 1.14 53 264 61 368 143 207 423 111
999 0.2937163080752292 0.008555281029754674 0.46665415838497315 120 95 74 0.42 17 111 19 39 20 117
1000 0.08029844386602064 0.09088092761339178 1.0406629323817145 176 126 85 1.13 52 46 53 265 61 369 77 197 89 433 90 264 143 208 153 19 189 232 216 71 342 108 457 52
1001 0.24276618072005002 0.01776555063729502 0.46165579564449644 30 29 27 0.73 17 112 20 118 143 209
1002 0.2503628710911128 0.013399019737988455 0.4588989579202544 109 97 86 0.75 17 113 19 40 20 119 143 210
1003 0.2526417824437979 0.016560468970413102 0.4699397672227415 44 32 29 0.31 17 114 19 41 20 120 211 58 463 19
1004 0.2475320565408442 0.018980282711021253 0.46872585145401935 155 146 128 1.11 19 42 20 121 208 101 211 59 214 47 463 20
1005 0.2521089776703805 0.01933128398924002 0.47021656251054983 137 125 108 0.74 19 43 53 266 61 370 143 211 208 102 423 112
1006 0.253582795278069 0.019375757570619878 0.46900349340254677 126 117 106 0.36 17 115 19 44 20 122 53 267 423 113 463 21
1007 0.2616036784893036 0.01973685219389868 0.4714455245543806 132 122 110 0.41 17 116 19 45 20 123 53 268 423 114 463 22
1008 0.2620076409040165 0.016388900117801728 0.4595139473088407 54 34 34 0.72 17 117 19 46 20 124 143 212
1009 0.26924870671788237 0.020012057380222905 0.47370197327815156 160 146 121 1.37 53 269 61 371 143 213 208 103 211 60 423 115
1010 0.3430594452776561 0.01787152672459244 0.5039596949784277 80 77 74 0.51 17 118 19 47 20 125 463 23
1011 0.3406831906281617 0.017831176704697815 0.4992842312912234 86 81 73 0.79 17 119 19 48 20 126 423 116 463 24
1012 0.23531708288300976 0.029043316210540685 0.4616247247711077 118 100 77 0.31 19 49 53 270 61 372 143 214 211 61 214 48
1013 0.2856284495831117 0.023548471307189463 0.47715877662621814 134 111 78 1.75 53 271 61 373 143 215 208 104 423 117
1014 0.1661882843416066 0.038000985829934976 0.5586951321785314 151 116 73 0.87 53 272 61 374 143 216 214 49 423 118
1015 0.2303492842316007 0.09214385492057782 1.0777440405694385 136 92 58 1.07 20 127 53 273 61 375 89 434 143 217 189 233 219 10 268 22 386 154
1016 0.013012226626402813 0.11094358694598092 0.9392474380151155 170 134 104 0.42 17 120 20 128 90 265 425 96
1017 0.22850259002746257 0.13575506889960087 1.0681965580253399 50 34 25 0.93 53 274 61 376 77 198 89 435 123 143 143 218 189 234 214 50 386 155 423 119
1018 0.23673362894731997 0.1373140672652405 1.074783429097373 108 73 50 0.54 61 377 89 436 123 144 189 235
1019 -0.11345076989882472 0.21539559477464473 1.5999823473654786 156 122 85 0.83 53 275 61 378 90 266 386 156 409 41 423 120 425 97 457 53
1020 0.2734512403681753 0.1728618008866234 1.2753491869721958 74 57 46 1.91 17 121 19 50 20 129 329 26
1021 0.23553927912744274 0.1524910066815011 1.0743093054002546 66 48 37 1.27 17 122 19 51 20 130 214 51 215 13
1022 -0.08451605145040932 0.17376806894464517 1.17429555791251 122 95 76 1.51 17 123 20 131 329 27
1023 0.06643937030927802 0.15741398740284693 1.0163632281716946 88 66 58 1.3 17 124 20 132 284 9
1024 0.23487152731976713 0.07888074752117592 0.49518473684368797 72 53 29 1.09 17 125 20 133 143 219
1025 0.08182681413151888 0.17040466399443205 0.9841369483547326 113 87 69 1.4 53 276 61 379 90 267 189 236 425 98
1026 0.2777320144421121 0.08223419983865486 0.45455565663520453 107 90 73 1.55 53 277 61 380 143 220 423 121
1027 0.18357858642776184 0.08317969078973683 0.4362687025232309 106 85 62 0.65 53 278 61 381 143 221
1028 0.08054916144176037 0.10263305408550348 0.5025359088561452 128 101 80 0.83 53 279 61 382 143 222
1029 0.11083186564889476 0.07509596642285118 0.3422519616508304 113 87 60 0.2 53 280 61 383 143 223
1030 0.008035253484464868 -0.1148292858589343 1.7200047033919976 61 54 50 1.44 61 384 264 153 457 54
1031 0.016658013821972267 -0.0846019634112727 1.7151468128213434 86 68 58 0.43 17 126 20 134 281 86
1032 0.10350617548677382 0.018580460641130368 1.6541019988252885 164 176 191 0.6 53 281 61 385 90 268
1033 0.04021771770201086 0.058316082098560644 1.6171147857260586 63 47 38 0.49 61 386 90 269 425 99
1034 0.30701223645102144 0.010378064074627167 0.48772165016618046 192 204 211 0.63 17 127 19 52 20 135 423 122 463 25
1035 0.24775302869403967 0.015164964134919806 0.468795432074778 169 162 137 0.87 19 53 61 387 143 224 208 105 211 62 423 123
1036 0.24772318419758652 0.015166976891622344 0.4697511921445315 124 114 102 0.28 17 128 19 54 20 136 423 124 463 26
1037 0.18325693742475457 0.028598794221499635 0.48785344925598606 119 97 72 0.64 19 55 53 282 61 388 214 52 423 125 463 27
1038 0.2184043056399777 0.021287008988704746 0.45965683224985704 70 52 35 0.94 19 56 61 389 143 225 208 106 214 53
1039 0.21751802188018274 0.023598031390510275 0.4598620516295531 140 108 69 0.69 19 57 53 283 61 390 143 226 208 107 211 63 214 54 423 126
1040 0.28875005730063036 0.025275433908362968 0.48090644960673806 79 63 42 1.41 53 284 61 391 143 227 423 127
1041 0.28348041456664225 0.023429944997475236 0.448039715871984 55 42 31 0.59 17 129 19 58 20 137 143 228
1042 0.1736079674863927 0.04444157100953016 0.576049367033116 60 51 47 0.64 19 59 20 138 53 285 61 392 214 55 423 128 463 28
1043 0.13357518000531782 0.08887408091303353 0.913492269581949 102 82 66 0.56 17 130 20 139 61 393
1044 0.008406287000353606 0.10332337745802089 1.0411984305628559 68 54 46 0.75 53 286 61 394 90 270 189 237 425 100
1045 -0.016366212051278698 0.1514011895777198 1.2057647676013097 147 109 74 0.48 53 287 61 395 90 271 425 101
1046 -0.17978210726197344 0.2644742736949741 1.8812540612116837 98 91 85 0.98 61 396 264 154 342 109
1047 -0.024866947934556995 0.16451058118149828 1.250361669208611 120 97 70 0.71 53 288 61 397 386 157
1048 0.24023469951799267 0.14772557470537542 1.0702190821330728 55 39 30 1.12 53 289 61 398 89 437 123 145 143 229 189 238 386 158 423 129 463 29
1049 0.2116347493731446 0.07075912728950655 0.4433490081752984 50 33 22 0.48 53 290 61 399 143 230 423 130
1050 0.09651468380147805 0.0856292843907219 0.4036312825069708 127 103 80 0.98 53 291 61 400 143 231
1051 -0.05214017926226552 -0.19342668846911265 1.7950501685955198 211 218 224 0.94 25 70 37 294 61 401 123 146 258 155 322 16 342 110 460 65
1052 0.2455067577604065 0.0037804138440102426 0.4576236373650853 93 62 41 1.28 17 131 19 60 20 140 143 232
1053 0.048614526219431374 0.11471543627857048 1.031610394950151 98 78 59 0.9 32 224 106 59 126 145 154 36 191 54 249 9
1054 0.28087613994035987 0.0059386885291752844 0.48100347610583455 108 81 58 0.21 17 132 19 61 20 141 423 131
1055 0.28758408211359715 0.019752762328721977 0.47709386086021344 115 92 55 1.16 53 292 61 402 143 233 208 108
1056 0.31049921770241495 0.013477232205175833 0.48810822406680365 207 216 219 0.28 17 133 19 62 20 142 463 30
1057 0.2662204281516088 0.020017804234856367 0.4369043133107163 37 29 25 0.25 17 134 19 63 20 143
1058 -0.14708573728239782 0.15447656159711276 1.7894989913369483 166 114 82 0.44 17 135 20 144 89 438
1059 0.19484642221540407 0.09274365593338227 1.0598300299587207 131 103 75 1.89 61 403 123 147 189 239 423 132
1060 0.09877110992407544 0.11264341083590765 0.8686921155616458 46 38 35 0.66 17 136 20 145 61 404
1061 -0.023625139260579693 0.1658536884560185 1.1506268300455134 105 81 62 2.09 17 137 19 64 284 10
1062 -0.0210540909574416 0.15903155357207166 1.1122066727488162 122 92 72 0.22 17 138 20 146 383 18
1063 0.07963078059228647 0.15571259581152994 0.9970214011799361 47 36 28 0.86 61 405 123 148 189 240 342 111 460 66
1064 0.08311033793025711 0.1529052101040669 0.9982469670887948 124 106 89 0.59 52 47 53 293 61 406 152 153 342 112 386 159 409 42 457 55
1065 0.10309195118362317 0.1428450456906798 0.9596025604521067 54 43 35 1.47 17 139 20 147 383 19
1066 -0.057759407580323864 0.21077619054544294 1.267976985065815 40 30 26 1.16 53 294 61 407 342 113
1067 0.2700313117270681 0.08164230716325174 0.4507747815693996 114 94 72 1.61 53 295 61 408 143 234 423 133
1068 0.2772573400711408 0.0860394438116273 0.4531264065600008 117 89 63 1.97 53 296 61 409 143 235
1069 0.282804158470182 0.08671815915132196 0.4555921339542182 117 91 67 1.91 53 297 61 410 143 236
1070 -0.0779241489010713 -0.11863354094722361 1.8184536404345346 78 74 63 2.0 25 71 32 225 61 411 123 149 342 114 361 28
1071 0.2132834965991732 0.007723829257050641 0.3869770862046057 91 69 53 0.07 17 140 19 65 20 148
1072 0.24935710987761453 0.012235802225907704 0.47098716041380995 130 121 111 0.26 17 141 19 66 20 149 53 298 463 31
1073 0.2564325461105961 0.004399599133747847 0.47332412060930906 104 82 63 1.15 19 67 53 299 61 412
1074 0.2671890098288755 0.005023289525323643 0.48365625960479836 100 76 56 0.78 17 142 19 68 20 150 211 64 463 32
1075 0.2556722225445644 0.012499537197336597 0.4702546643062024 158 151 130 1.08 19 69 53 300 61 413 143 237 208 109 211 65 423 134
1076 0.26174351793933076 0.01601365732752856 0.476211847176842 68 58 56 0.16 17 143 19 70 20 151 463 33
1077 0.27027217054147085 0.012962573842758842 0.47350512420195007 167 161 140 1.33 53 301 61 414 143 238 208 110 211 66 423 135
1078 0.1813134956833651 0.029902093104908607 0.49532435313988976 144 121 94 0.55 17 144 19 71 20 152 53 302 423 136
1079 0.17498511526344993 0.03913864738632974 0.5603168623132441 24 22 22 0.91 53 303 61 415 463 34
1080 0.1709888481842355 0.04651016720366779 0.5738625169982029 203 209 213 0.56 17 145 20 153 53 304 463 35
1081 0.3027161899924035 0.05511114666990093 0.5086883124350887 93 99 66 0.39 17 146 19 72 20 154
1082 -0.1694362987322153 0.25775492744055617 1.898010523761117 65 46 36 0.95 53 305 61 416 90 272 386 160
1083 -0.10560451379624204 0.19117763533006446 1.29198424694699 120 85 69 0.73 17 147 20 155 383 20
1084 0.07321464582248247 0.15371807435325124 0.9976440373524967 106 87 73 0.63 32 226 61 417 152 154 189 241 342 115 386 161
1085 0.2604529537704518 0.0777493253869678 0.4388066984097412 56 40 24 0.85 53 306 61 418 211 67
1086 -0.13583059209391773 0.05385886933381625 1.7277044974063973 217 221 226 1.36 17 148 19 73 216 72
1087 -0.15517344133674896 0.0586862270596867 1.8819239699837367 179 176 172 1.62 19 74 211 68 214 56
1088 0.24511795492228214 0.013858978390539116 0.4702367231131057 27 23 21 0.56 17 149 19 75 20 156 53 307 423 137 463 36
1089 0.25218658679827394 0.014854487963037653 0.4707682904837254 84 48 43 1.09 19 76 53 308 61 419 143 239 214 57
1090 0.2747807704469578 0.013267268348953126 0.47432230721931784 136 126 113 0.46 17 150 19 77 20 157 211 69 463 37
1091 0.2905398698365226 0.01680280851681207 0.48058430479520925 138 118 90 1.96 53 309 61 420 143 240 423 138
1092 0.24724765938985466 0.08334195723200435 0.44538123123417794 107 83 58 1.53 53 310 61 421 143 241 423 139
1093 -0.1159950654151298 -0.00747294284793874 1.7596554456772213 179 192 207 1.78 37 295 53 311 61 422 90 273 189 242 322 17 425 102
1094 0.2366367680444803 0.02030644303158373 0.46793678855024673 125 107 81 0.66 61 423 143 242 423 140
1095 0.2626760634609464 0.012936893187436039 0.4729891996004371 144 138 120 1.02 19 78 53 312 61 424 143 243 208 111 423 141
1096 0.2609967671704314 0.07980953763969682 0.45226392171418156 92 82 70 1.57 61 425 143 244
1097 0.2803690197704307 0.016921436587546888 0.47705016660713306 25 22 21 0.43 17 151 53 313 463 38
1098 0.35352548777487564 0.023733142722261364 0.5184960316410232 204 212 214 0.96 17 152 20 158 463 39
1099 0.07562103704512803 0.1359195220194717 1.0008512123277087 138 111 80 0.4 153 20 215 14 386 162
1100 -0.05305081186835481 -0.1483187912763311 1.7308354032528313 109 93 90 0.45 17 153 20 159 268 23
1101 -0.14425393922605126 0.12377723536699463 1.8205178159758095 136 102 70 0.69 53 314 61 426 90 274 425 103
1102 0.09088270407777463 0.12114925663125216 0.9998380713579905 20 18 18 1.71 53 315 61 427 90 275 386 163 409 43 423 142
1103 0.2261490008690222 0.005832681750398752 0.4753698289278758 93 69 50 1.08 17 154 20 160 53 316 463 40
1104 0.013999485476509008 -0.08685443326943616 1.7099554606483394 154 123 98 0.27 37 296 90 276 189 243
1105 0.010556826437996424 -0.07342165769347889 1.7029910373106443 131 110 82 0.4 61 428 258 156 342 116 386 164 409 44 457 56
1106 -0.01826941205417612 -0.04897003614436793 1.6806143061314465 150 116 83 0.83 32 227 60 19 61 429 143 245 189 244 268 24 281 87 386 165
1107 0.015694339968719443 -0.06024256824212434 1.6966203881869524 144 101 70 0.68 25 72 77 199 89 439 189 245
1108 0.03397899891335047 -0.06313385529802179 1.6967775338351128 100 63 30 0.75 32 228 37 297 77 200 126 146
1109 0.29590295463272126 0.006496921825350351 0.4663410252455804 151 131 109 1.68 19 79 20 161 214 58
1110 -0.13986083491521983 0.0837058882140979 1.7231122518050943 81 59 36 1.1 61 430 123 150 143 246 342 117
1111 0.15937095516773062 0.06825978741216562 1.5135361157617218 206 211 207 1.33 19 80 329 28 463 41
1112 0.07892321347140839 0.12934517759971 1.0471633010880137 66 54 39 0.24 126 147 190 48 191 55 249 10
1113 0.29603571542407303 0.02202126843087577 0.47833531770781196 150 115 67 1.49 53 317 61 431 143 247 208 112
1114 0.23045335305051512 0.026211091736190108 0.46030479063302004 113 92 67 0.64 19 81 53 318 61 432 208 113 211 70
1115 0.29207852934637546 0.027565433076041975 0.4759581991723261 148 119 87 1.72 53 319 61 433 423 143
1116 0.33466097235633496 0.030853782459191747 0.4917077291649101 60 44 27 1.39 53 320 61 434 143 248
1117 0.2184381285286773 0.16427361483095237 1.0258212587225364 67 52 42 0.51 53 321 61 435 189 246 268 25 386 166
1118 0.21774623936470955 0.1636403469877374 1.022062281724876 58 43 32 0.51 53 322 61 436 386 167
1119 -0.05604880042680031 -0.09045116338254991 1.6327907877723693 166 121 78 0.29 61 437 409 45 457 57
1120 -0.05782417537792522 0.01187887751232907 1.6399881591166117 131 101 78 0.39 61 438 264 155 302 2 361 29 457 58
1121 -0.08959340526055207 -0.08063044256742877 1.824935730135808 88 83 82 0.26 61 439 342 118 460 67
1122 -0.00048302929091402236 -0.07708458660075182 1.703087937244184 120 84 63 0.49 25 73 61 440 264 156 361 30 457 59 460 68
1123 0.0065049725653260814 -0.076180172342749 1.7034084652364347 117 83 54 0.61 37 298 77 201 89 440 126 148 189 247 264 157 485 164
1124 -0.0004980812169818805 -0.060551707450061186 1.6905480071928634 96 62 43 0.41 32 229 37 299 71 45 77 202 126 149
1125 0.0656531475992519 -0.014007789655692306 1.6914513258545456 88 64 53 0.53 32 230 37 300 53 323 61 441 89 441 258 157 342 119 386 168 457 60 460 69
1126 -0.11284616065603614 0.05230694254348299 1.7210809385835235 79 52 41 0.44 53 324 61 442 409 46 425 104 457 61 460 70
1127 0.3062562224151076 0.005097368258938273 0.4904555178971075 202 216 217 0.28 19 82 20 162 463 42
1128 0.028408447536653458 0.08396072175253753 1.5308951366922874 48 29 19 0.88 32 231 37 301 77 203 89 442 106 60 143 249 258 158 264 158
1129 0.0869664076932246 0.12899225257066432 1.032713652588604 122 99 74 0.03 126 150 190 49 191 56
1130 0.24115389262853365 0.011936855447708596 0.46540969801481674 124 99 73 0.72 19 83 53 325 61 443 208 114 214 59
1131 0.2689118404777287 0.013290281245281558 0.4761572263330699 48 39 39 0.14 19 84 20 163 463 43
1132 0.17393901489106497 0.033491744176816565 0.529010953064856 62 41 31 0.58 19 85 20 164 53 326 61 444 214 60 423 144 463 44
1133 0.3054685509039241 0.03575292074603267 0.515861699182327 193 195 200 0.95 19 86 20 165 53 327
1134 0.03281005021049894 0.09666204136923723 1.031528887282221 82 63 52 0.33 53 328 61 445 189 248
1135 0.16179351852133195 0.09497151222262358 0.9787336399306004 210 162 115 1.48 77 204 89 443 90 277 143 250
1136 0.22560671503044927 0.09188123979067679 1.076019477848867 107 74 50 1.11 20 166 53 329 61 446 143 251 268 26 386 169 423 145
1137 0.23629241330489714 0.09239045552483698 1.0795148797153127 169 114 70 1.0 20 167 89 444 189 249
1138 0.23007031736086675 0.041793577160729775 0.4717693339600885 114 97 80 0.76 19 87 20 168 143 252
1139 -0.14010725381584552 0.21113477662092286 1.6156099407921523 78 57 46 0.53 17 155 20 169 190 50 191 57
1140 0.02300725578436977 0.10968382551090464 1.0082331458157674 46 44 41 0.85 61 447 143 253 386 170
1141 0.07498784733938293 0.1258658069247332 1.0106233270440166 108 74 53 1.43 52 48 77 205 89 445 153 21
1142 0.16572891350696428 0.1190412873547216 0.9773678567989476 101 70 52 0.1 77 206 89 446 215 15
1143 -0.4401353287349135 0.3186302418922467 2.3524274262541747 36 37 29 0.74 61 448 409 47 457 62
1144 -0.14010393044372016 0.24644862170508064 1.7179174825413421 91 60 48 0.26 61 449 77 207 106 61
1145 0.23779054811721104 0.1493865568465892 1.0731135582343474 84 60 40 0.57 53 330 61 450 123 151 386 171
1146 -0.10954883935804843 0.25270611444586094 1.5532503283486627 72 59 51 1.44 53 331 61 451 179 5
1147 0.22323600928507725 0.16540350345070723 1.0284712584512774 75 56 42 0.82 61 452 143 254 268 27
1148 0.2899547847458237 0.07500845219637464 0.4647211312774025 143 119 92 1.08 53 332 61 453 143 255
1149 0.21332245506503913 0.11318005236187406 0.9861701042825864 74 64 58 1.2 53 333 61 454 189 250
1150 -0.022364714866099478 -0.25620281808552703 1.7983966610750743 185 152 122 1.83 37 302 189 251 485 165
1151 0.030827105619080454 -0.19742965299863602 1.7776913067418578 206 216 227 1.02 37 303 61 455 90 278 123 152 189 252 322 18 342 120 386 172 460 71 485 166
1152 -0.061573671288155066 -0.1731203855093172 1.7970476999812763 210 217 220 1.62 61 456 179 6 342 121 423 146 460 72
1153 -0.06907104458045836 -0.1378007147388316 1.772396459551044 98 78 66 0.69 37 304 61 457 77 208 208 115 322 19 386 173 425 105
1154 -0.025208536808481716 -0.1423998968833928 1.7240343442553305 77 50 35 0.38 32 232 90 279 485 167
1155 0.030892664463817762 -0.12178191751059061 1.7305096465782528 91 56 37 0.89 12 39 32 233 37 305 77 209 89 447 126 151 485 168
1156 -0.011481306083456462 -0.06476382348209031 1.6852018252729355 105 63 36 0.13 61 458 77 210 89 448
1157 -0.005730321353512802 -0.025232735223417856 1.6628549933187355 115 80 51 0.28 25 74 37 306 61 459 77 211 89 449 126 152 264 159 386 174
1158 0.023696047778005165 -0.024153511292031894 1.6677640603107682 86 57 41 0.47 32 234 37 307 61 460 77 212 89 450 154 37 258 159 268 28 386 175
1159 0.0836666482199711 0.0008699923831612651 1.6860045370587642 91 65 49 0.62 53 334 61 461 77 213 89 451 106 62 123 153 126 153 152 155 189 253 216 73 268 29 386 176 409 48 423 147 425 106 457 63
1160 0.015307623544928449 0.05178877260831211 1.5246051891643202 101 62 38 0.86 61 462 214 61 302 3
1161 0.18329552935496146 0.0265588669856627 0.48813850999298736 61 46 31 0.81 19 88 53 335 61 463 143 256 214 62 423 148
1162 0.16638023302556268 0.07054440108290956 1.0518270409945998 166 144 128 1.86 20 170 383 21
1163 0.179534554911552 0.02914454107024837 0.49999279166707983 65 46 34 0.61 19 89 20 171 53 336 61 464 214 63 423 149 463 45
1164 -0.11423823165855611 0.22323727532940218 1.5340313455675798 171 131 95 1.86 19 90 152 156 215 16 216 74
1165 -0.015718861217578182 0.17512039178020655 1.20706597904676 129 94 66 0.67 53 337 61 465 425 107
1166 0.10285428219284488 0.13241479762526837 0.9915153384401564 41 31 25 0.72 61 466 77 214 90 280 106 63 143 257 153 22 189 254 216 75 342 122 423 150 425 108 457 64 460 73
1167 -0.004184047912550066 -0.2690521903488672 1.8339885409645642 220 226 229 2.43 32 235 208 116 342 123 485 169
1168 0.044173546623011255 -0.04945699543212664 1.702607544783293 180 143 104 0.72 32 236 77 215 89 452 90 281 126 154 152 157 189 255 208 117 281 88
1169 0.0066706472972164945 0.09827929505802033 1.5361066327746267 123 65 21 1.4 37 308 77 216 143 258
1170 0.23473079886514223 0.16565021642126762 1.0478216020991045 169 127 96 0.52 61 467 89 453 143 259
1171 0.060137464765629534 0.17686163962110815 0.9910576749323421 73 53 40 1.12 61 468 189 256 258 160
1172 -0.11498434411953407 -0.010986074963985399 1.800746436623445 196 204 207 2.14 61 469 90 282 264 160
1173 0.03453892206085581 -0.026281946386726793 1.6847661684917596 163 129 98 1.57 25 75 32 237 37 309 77 217 89 454 126 155 152 158 154 38 189 257 258 161
1174 0.2763878542148568 0.005598080660070194 0.4806855003316894 116 93 72 0.53 19 91 20 172 53 338 423 151 463 46
1175 0.22995522338319532 0.013240835197493188 0.46187757404790797 105 87 60 0.5 61 470 208 118 211 71
1176 0.16978355764315017 0.0921815921018974 0.4863480036303269 127 98 72 1.3 53 339 61 471 143 260 214 64
1177 -0.06869613078655286 0.19632454239885497 1.461902305106383 202 143 89 1.75 77 218 89 455 126 156
1178 -0.006687636542137618 -0.27453352346264215 1.8699978671408435 190 197 205 0.59 61 472 208 119 485 170
1179 0.219635347976305 -0.0005319121011066465 0.4656909744517867 86 70 54 1.58 19 92 20 173 61 473 463 47
1180 0.2364932448051113 0.014765076945520475 0.4651036819454757 117 94 70 0.84 19 93 53 340 61 474 143 261 214 65
1181 0.0846072020023487 0.14944137693555964 1.0083870777096169 23 20 18 1.14 61 475 90 283 143 262 460 74
1182 0.18389051058735187 0.0213745737411942 0.48544702076376844 109 81 56 0.85 19 94 53 341 61 476
1183 -0.36493106873202935 0.31498789327858306 1.927115332086559 52 32 23 0.75 89 456 214 66 409 49 457 65 460 75
1184 -0.39978663703790207 0.38991732730610185 2.4009423635622107 53 40 33 0.99 19 95 190 51 191 58 215 17 264 161
1185 0.29294722592345135 0.024644669373999003 0.48128414029284106 116 97 77 0.35 19 96 53 342 463 48
1186 0.22646253730652569 0.10771050974329412 1.0483797367429006 59 39 29 0.15 20 174 53 343 89 457
1187 0.24663647846353537 0.09113245393189323 1.0518844246966528 141 139 135 0.68 61 477 143 263 189 258
1188 0.1923197120650451 0.0675615330883587 0.4555106860739126 126 105 78 0.89 53 344 61 478 211 72
1189 -0.05906574788391533 -0.18521255552793822 1.818908345952151 194 206 218 1.24 37 310 61 479 152 159 189 259
1190 -0.03211268197308355 -0.18397534913577793 1.7471758806086903 143 126 100 0.4 37 311 90 284 189 260 281 89
1191 -0.002759558230351989 -0.17837045074544447 1.7503602352193133 175 142 114 0.46 32 238 89 458 189 261 485 171
1192 -0.04470995137483507 -0.09016056670427675 1.7019668875591745 96 64 39 0.03 37 312 89 459 258 162
1193 0.008684640383331658 -0.09010776540345358 1.71174534003544 106 73 52 0.21 37 313 90 285 211 73 281 90 485 172
1194 0.004310900349284556 -0.07348219511013315 1.6990665974139723 155 125 92 0.46 61 480 89 460 189 262 264 162 386 177 409 50 423 152 425 109 457 66
1195 0.03415877271040832 -0.06735225451910198 1.7075486981880044 158 132 103 0.19 189 263 211 74 281 91 485 173
1196 -0.09759130201173769 -0.050419745411111695 1.780094135900456 192 202 212 1.08 61 481 189 264 386 178 460 76
1197 0.08784939143962403 -0.0478226513931163 1.7342777519426171 174 190 208 0.92 53 345 61 482 425 110 460 77
1198 -0.012114540197181962 -0.006152874538013774 1.6580478795430234 149 92 57 0.14 37 314 89 461 264 163
1199 0.1002665684875471 -0.0062513359869729515 1.7160204162443529 210 222 233 0.37 61 483 342 124 460 78
1200 -0.0494299534975958 0.06146803339371388 1.5424375477924142 144 93 66 0.17 37 315 77 219 152 160
1201 0.04447434314768909 0.06449938928923862 1.5382889212667892 176 135 103 0.29 71 46 89 462 258 163
1202 0.17310668862190726 0.03405833262793752 0.5381162326383372 104 83 64 0.68 20 175 53 346 61 484 423 153
1203 0.23595860382361708 0.025311423112823018 0.4621034589469938 19 16 15 0.79 53 347 61 485 208 120 423 154
1204 0.17010285024391378 0.04497236726679013 0.5749002866403327 98 90 90 1.02 20 176 53 348 61 486 214 67
1205 0.16740010243352502 0.09505977820725843 0.9859199484859306 209 181 147 1.24 20 177 77 220 219 11
1206 0.009774236520443444 0.11186278235502105 1.0339758957739045 92 59 46 0.11 17 156 20 178 77 221
1207 0.06294749177469054 0.11240237575082529 0.5276276809089238 88 61 42 1.23 53 349 61 487 89 463 90 286 425 111
1208 -0.014453997086375528 0.13268588323915906 1.1695361431039384 59 32 19 0.9 37 316 89 464 126 157 258 164 264 164
1209 0.04632861431167542 0.11714391100321446 1.0299353013379744 106 76 54 0.7 37 317 89 465 123 154 126 158 284 11
1210 0.10925206839611842 0.1212936239541078 1.0404984094266267 35 24 16 1.61 89 466 123 155 154 39
1211 0.2269116150439854 0.12570620301880087 1.0787053221499636 63 42 33 0.79 20 179 89 467 123 156
1212 0.09900699714739981 0.13079887931167258 0.9890369389930037 22 17 16 0.31 20 180 190 52 191 59
1213 0.192850486169263 0.12838831682301705 0.9846752347380836 80 58 44 0.91 20 181 89 468 123 157
1214 0.22828957810028727 0.14677470307149967 1.0683979994287156 156 112 78 1.25 20 182 89 469 123 158 219 12
1215 0.181330011296096 0.06578408198475713 0.48325595173085667 147 112 71 0.99 53 350 61 488 143 264 214 68 423 155
1216 0.22690422462539822 0.06332448323042256 0.45165327884673184 56 46 37 0.67 53 351 61 489 423 156
1217 -0.13713219379276734 0.2609459925060664 1.779124476255309 140 96 65 2.29 89 470 90 287
1218 0.010518945805309517 0.12362955623461089 1.030004630624372 130 107 90 0.8 32 239 126 159 190 53 191 60 258 165
1219 0.06909837123907711 0.15118932337426952 1.0320952244645314 86 68 51 0.76 89 471 123 159 126 160
1220 0.16395406083425784 0.14382528531862282 0.9747269052138865 74 55 42 0.78 20 183 89 472 123 160
1221 0.17953885797306748 0.144013784234032 0.9461650068458064 101 73 52 1.18 20 184 89 473 216 76
1222 0.1824919554159985 0.07196424273847239 0.4448627979501384 101 82 59 0.11 53 352 61 490 423 157
1223 -0.04917457230536425 0.1559387877877944 1.3268733817736666 113 82 46 0.72 126 161 152 161 264 165
1224 0.09505103937466072 0.08675395724290871 0.4125698290325436 141 114 90 0.78 53 353 61 491 143 265
1225 0.1727373553423965 0.09063150632260573 0.47769459498627564 119 88 63 0.46 53 354 61 492 143 266
1226 0.2800882398397753 0.08761418046578293 0.4555349217480447 86 64 53 1.54 53 355 61 493 423 158
1227 -0.03357714555342188 -0.1741604805705316 1.7425643673944302 103 71 48 0.93 32 240 89 474 90 288 126 162 132 13 189 265 258 166
1228 0.037557479466617714 -0.13822694775464092 1.7398443888989177 167 138 111 0.55 90 289 189 266 264 166 281 92 485 174
1229 0.0421869354506312 -0.1256244091076101 1.744259528505447 122 89 56 0.4 39 37 89 475 90 290
1230 -0.029082323075380185 -0.0894986475866341 1.7030498538638656 118 94 69 0.48 37 318 89 476 90 291 154 40 189 267 211 75 258 167
1231 0.028409612910502143 -0.0960109330069537 1.7197912988099955 117 85 66 1.49 32 241 77 222 143 267
1232 -0.04074352812383691 -0.04940342745080429 1.6776299349769506 158 122 96 0.09 89 477 90 292 189 268
1233 -0.03396207152841177 -0.0494355204229301 1.6797480267266123 126 92 60 0.44 32 242 37 319 89 478 485 175
1234 -0.046407271301746295 -0.02982951950039494 1.6641412191097429 121 97 68 0.86 32 243 53 356 61 494 143 268 179 7 386 179 457 67
1235 0.08744388216453898 -0.030135914589026657 1.7071681325447625 196 199 206 1.18 32 244 61 495 258 168 264 167
1236 -0.033331128550984204 -0.001986630620114772 1.6462759494258696 175 146 117 1.18 20 185 71 47 191 61
1237 0.26854571340501215 0.01377364003371321 0.4756842443276556 77 65 60 0.86 53 357 61 496 143 269
1238 -0.0744374925423133 0.11927252515153718 1.464763628303848 64 35 26 0.84 37 320 126 163 258 169 264 168
1239 0.17305020974252025 0.08722976293387483 1.0639170366797917 128 103 85 0.38 61 497 189 269 268 30
1240 -0.0015507206941274083 0.113966668901609 1.0863243272730538 104 80 55 0.46 32 245 53 358 61 498 425 112
1241 0.17490157958116292 0.09920495408860858 1.0008048560027423 206 160 121 2.39 20 186 77 223 89 479
1242 0.21215608318725424 0.10874805838299705 0.9802217378955601 76 55 43 0.65 20 187 53 359 89 480 423 159
1243 -0.046563422264558195 0.14944747101779338 1.3064841451753377 108 80 47 0.84 89 481 126 164 264 169
1244 -0.02940095120735172 0.14042787386137473 1.2170169519522256 92 74 63 0.3 20 188 190 54 191 62 258 170
1245 0.06670536014936636 0.11909090642071782 1.0305742526813493 62 44 30 0.85 77 224 89 482 90 293 123 161 126 165 190 55 191 63 216 77
1246 0.06421390619572012 0.12835458893543736 1.03200440680926 56 43 28 1.55 32 246 106 64 126 166 154 41
1247 0.05428049137276874 0.1234954426314762 0.9724940467571181 81 72 68 0.91 77 225 250 0
1248 0.07650534414913562 0.11759523874409698 1.0055238502872088 74 50 31 0.39 89 483 123 162 216 78
1249 0.07735786472932953 0.13301385455379705 1.0425344508230718 55 40 33 1.24 61 499 152 162 153 23
1250 0.13488534877724453 0.11341400081976899 0.9695451135337937 49 37 29 0.61 20 189 89 484 123 163
1251 0.1673388152909104 0.11606386135397959 0.9784925505933072 90 65 48 0.97 20 190 53 360 89 485 123 164 208 121 214 69 215 18 216 79 219 13 258 171
1252 0.3963384177144674 0.07757304536999914 0.561096236664824 138 109 79 0.46 61 500 153 24 214 70
1253 0.18700900645393612 0.020646081363389752 0.4665081076627544 82 60 41 0.51 53 361 61 501 423 160
1254 0.18009461807369243 0.06893147308627134 0.43432295773866925 90 71 54 0.68 53 362 61 502 423 161
1255 0.22196030181668755 0.07159067878781855 0.4461434698068739 98 82 57 0.85 61 503 143 270 423 162
1256 0.06451251835203947 0.17346283223978995 0.9826434909702392 93 62 44 0.56 32 247 61 504 89 486 123 165 152 163 189 270 258 172
1257 0.16221554706607813 0.09350811959582588 0.4911291417774494 130 106 85 1.04 53 363 61 505 214 71
1258 0.16731298035844083 0.09114445093713942 0.47577849053800225 121 98 78 0.49 53 364 61 506 143 271 423 163
1259 -0.006395505696436867 -0.23781440099000775 1.7726157132140148 84 47 25 0.5 37 321 89 487 152 164
1260 0.027677872173425655 -0.12267196756993311 1.73277086949457 85 59 46 0.49 25 76 32 248 37 322 53 365 61 507 77 226 90 294 152 165 264 170 281 93 361 31 386 180 409 51 457 68 460 79 485 176
1261 0.022863680520435622 -0.09841041128086159 1.7200092740021282 170 118 71 0.43 25 77 37 323 77 227 208 122 485 177
1262 0.041312918629775784 -0.0338355389608014 1.692286215788316 93 68 52 0.62 25 78 61 508 77 228 89 488 90 295 189 271 268 31 386 181 409 52 423 164 425 113 457 69
1263 -0.06761720078960612 0.0018292785925732784 1.6446051542775777 140 106 81 0.71 32 249 37 324 61 509 89 489 126 167 143 272 189 272 264 171 342 125 361 32
1264 -0.02247969820223957 -0.008600469722635699 1.6550806873651578 151 112 72 0.32 25 79 32 250 37 325 39 38 61 510 71 48 89 490 126 168 143 273 258 173 264 172 361 33
1265 0.041911166536154135 0.006451859788731498 1.6599263201217351 124 88 64 0.39 189 273 208 123 485 178
1266 0.02955687422487737 0.10542134446802719 1.0279071715094399 72 40 24 0.29 77 229 152 166 216 80
1267 0.0354334056250175 0.04531173316872493 1.5242747390203693 102 68 45 0.59 17 157 20 191 89 491
1268 0.04961559092697894 0.06573603074209482 1.534407205358938 227 158 88 1.13 89 492 143 274 219 14
1269 0.2375141877517441 0.00938560022997764 0.46455224216472524 120 87 50 1.03 53 366 61 511 143 275 208 124 214 72
1270 0.28862540266720105 0.014016563370617269 0.48199617098633446 114 91 65 0.9 53 367 61 512 143 276
1271 0.13524052777565002 0.14191330398605556 0.9501569745626702 114 92 67 0.27 52 49 53 368 61 513 386 182
1272 0.1727888693010101 0.03292589470663698 0.5340396636186695 138 109 70 1.25 20 192 61 514 143 277 423 165
1273 0.23674880885436136 0.02929093537331416 0.46467390459270835 82 74 62 0.38 20 193 423 166 463 49
1274 0.29531045972252123 0.024880437182106654 0.4775434017820961 144 115 80 1.65 53 369 61 515 143 278 208 125 423 167
1275 0.29962986068174546 0.024685041563898415 0.4818075303960896 59 43 35 0.71 53 370 61 516 143 279
1276 0.095490866761098 0.08296486168723755 1.037711811733877 148 100 60 0.53 61 517 143 280 383 22
1277 0.23772096368956938 0.09107312299854668 1.0860753806032462 134 95 59 1.71 20 194 89 493 143 281 215 19
1278 0.019897079517612652 0.1001975139219918 1.024142347286089 43 30 25 0.91 20 195 106 65 153 25 214 73 284 12 383 23
1279 0.020482002951414863 0.10957662558276386 1.0220634759713223 58 39 31 0.91 53 371 61 518 77 230 90 296 123 166 126 169 143 282 189 274 342 126 386 183 409 53 425 114 460 80
1280 0.023634998150057044 0.11154255001031697 1.0220789785953177 119 97 84 0.68 32 251 77 231 89 494 123 167 126 170 152 167
1281 0.16026169419457698 0.09847868063907543 0.9694861154045945 178 136 101 0.32 52 50 53 372 77 232 89 495 153 26
1282 0.2474090483477973 0.10938774225132734 1.0793632340622494 52 40 32 0.67 20 196 89 496 123 168 215 20
1283 0.11457444133684044 0.11029626417882621 0.9658164421648615 76 51 37 0.83 20 197 77 233 89 497 190 56 191 64 216 81 258 174
1284 0.16831546675218673 0.11456297671062145 0.9799631053770921 24 20 18 0.73 20 198 53 373 89 498 123 169 214 74 216 82
1285 0.24614137194790836 0.13298352224694046 1.084219981055485 135 97 69 0.69 20 199 53 374 89 499 123 170 215 21
1286 0.2293891071322674 0.138850181156175 1.070034199373394 75 51 34 0.93 53 375 61 519 89 500 123 171 143 283 189 275 386 184 423 168
1287 0.06097745593099549 0.1661270862352202 1.0006883461927325 189 163 126 1.12 61 520 77 234 126 171
1288 0.22702018804400262 0.08161685306027511 0.44192673538144767 76 63 49 1.28 53 376 61 521 143 284 214 75
1289 0.15063661441992177 0.08927089020365625 0.4764148097970592 82 63 47 1.05 53 377 61 522 143 285
1290 0.16582464898508276 0.09449655442964505 0.48882694844611335 144 120 100 1.25 61 523 143 286 214 76
1291 0.04434950142596452 0.02776373033761677 1.5895586318720598 100 70 50 0.6 61 524 214 77 425 115
1292 0.27473572386821965 0.014782775953478865 0.47768682394814455 122 101 86 1.11 53 378 61 525 143 287
1293 -0.11550668587330105 0.08135677381933144 1.711399191378142 85 62 44 0.34 61 526 90 297 386 185 423 169 425 116
1294 0.18889684694428072 0.020402304474243776 0.46272839095790347 113 87 55 0.62 53 379 61 527 143 288 423 170 463 50
1295 0.26423098374071013 0.01672106383474762 0.4743592883722083 65 31 34 0.79 20 200 423 171 463 51
1296 0.22522400979789045 0.03280223536686669 0.4573887724710456 124 99 72 0.28 53 380 61 528 143 289 214 78
1297 0.06275411289825923 0.12671915204750217 1.0357126780439996 58 45 34 0.19 89 501 123 172 189 276
1298 0.2223273232670949 0.1206789941568727 1.0303958206347017 104 83 65 0.98 53 381 61 529 143 290 189 277
1299 0.06506106687956373 0.14471494201733126 1.0345233633725601 65 47 32 0.98 77 235 89 502 123 173 126 172 152 168 189 278
1300 -0.10508324989535628 0.2225397663694468 1.5957171552984113 54 38 33 0.6 61 530 152 169
1301 0.10494015490068626 0.14908977301983126 0.9554235094716618 56 43 35 1.52 20 201 214 79 342 127
1302 0.09781611346053608 0.15643867928043542 1.0001035035905084 56 45 37 0.82 61 531 143 291 189 279 386 186 423 172 460 81
1303 0.17187491166546554 0.08703117258791924 0.48665372519424316 76 58 40 1.24 53 382 61 532 143 292 214 80 423 173
1304 -0.06168354354824968 -0.1670274665141213 1.803813952154181 84 77 73 1.09 61 533 342 128 386 187 460 82
1305 -0.03079403536914708 -0.12441136519291626 1.7197765910051186 109 80 56 0.65 77 236 90 298 126 173 189 280 208 126 211 76
1306 -0.025818368953272053 -0.12225019531331746 1.7268524374552665 163 126 89 0.56 211 77 281 94 485 179
1307 0.02290000907204187 -0.0366234231790076 1.6724137537530481 102 77 62 0.27 20 202 214 81 216 83
1308 0.022828776817063818 -0.037101609585082115 1.6828695153425501 101 71 53 0.76 20 203 106 66 216 84
1309 -0.09638969571358463 0.0227329580879302 1.6799095070092303 95 62 42 0.83 20 204 208 127 485 180
1310 0.21163625239506795 0.09141175022901438 1.073917724565316 124 81 50 1.02 20 205 53 383 61 534 89 503 268 32 423 174
1311 0.21879424993674393 0.09135941816889433 1.0737549256333512 125 83 48 0.82 20 206 53 384 61 535 89 504 143 293 268 33 386 188
1312 0.06603587955620906 0.1280530957156982 1.0169887675589828 32 26 23 0.67 20 207 89 505 123 174
1313 0.22573147250335376 0.13493641166970882 1.069251486215973 112 80 59 0.66 53 385 61 536 89 506 189 281 219 15 386 189 423 175
1314 0.13108840491163312 0.14145242902957525 0.9461777786666434 94 72 58 0.62 52 51 53 386 153 27
1315 0.27321982414331253 0.0847053882312684 0.4577428542739066 94 76 59 1.56 53 387 61 537 214 82
1316 -0.026461269342590594 -0.08452358228125308 1.6981737322698807 132 80 34 0.65 71 49 77 237 89 507 126 174
1317 0.3097571086578502 0.012286895709112119 0.4879706536477457 161 171 174 1.39 53 388 61 538 143 294
1318 0.025666880770349218 0.07598712385914697 1.5259482627483225 55 30 17 0.32 32 252 37 326 89 508
1319 0.10302387639876082 0.1499874592955671 0.9829051658596002 61 49 48 0.73 61 539 342 129 460 83
1320 0.11632383923299465 0.1462253895315406 0.9611723626219042 124 88 60 0.69 52 52 53 389 61 540 89 509 90 299 143 295 189 282
1321 -0.0916961210047533 0.25454702351294384 1.4000934565851153 84 68 48 1.68 61 541 143 296
1322 0.004449488169546995 0.0967161833787925 1.0557665212936178 108 84 61 0.61 53 390 61 542 386 190 425 117
1323 -0.0898301783488143 0.22958734628177307 1.552222251728544 128 95 65 0.56 53 391 61 543 90 300 425 118
1324 0.10716037370770176 0.08005696170349669 0.34372542338426554 95 65 35 0.25 53 392 61 544 143 297
1325 0.19277030552264138 0.1440383928843904 0.9790676585168073 58 51 41 0.48 61 545 268 34 386 191
1326 -0.013876418241507432 0.012866395710745673 1.636939204573701 215 157 106 0.56 89 510 208 128 485 181
1327 0.19145822097713258 0.021789806672721863 0.4585719378217717 156 123 81 0.66 20 208 53 393 143 298 423 176 463 52
1328 -0.09754264759059139 0.2198820079209008 1.542626551886671 37 29 27 1.41 61 546 264 173 386 192
1329 -0.031134289272952947 -0.17157894120066022 1.7435909930610904 146 105 78 0.44 25 80 37 327 89 511 90 301 152 170 189 283
1330 -0.035029764880990535 -0.1557384141690261 1.7347571698640702 116 71 27 0.25 25 81 71 50 89 512
1331 -0.03285402195774794 -0.1442718213225942 1.728729602357698 108 79 62 0.52 25 82 37 328 53 394 61 547 71 51 89 513 90 302 132 14 152 171 189 284 258 175 322 20 361 34 386 193 409 54 425 119 457 70
1332 -0.037647115220235144 -0.13686832133194715 1.724983913423696 97 80 66 0.61 25 83 61 548 189 285 258 176 264 174 423 177
1333 0.026002946719483288 -0.1696303017681974 1.7573479798617642 125 102 81 0.49 25 84 32 253 37 329 61 549 71 52 89 514 258 177 342 130 361 35
1334 -0.03308336047840465 -0.1362731666449706 1.7257641597222375 165 112 56 0.61 25 85 71 53 89 515 126 175
1335 -0.03265201712097752 -0.13666690658921793 1.7266806065341813 131 89 57 0.26 25 86 37 330 71 54 89 516 189 286 281 95 485 182
1336 -0.03910069307973846 -0.12587310621795675 1.7190804031425782 89 74 62 1.35 25 87 53 395 61 550 264 175 329 29
1337 -0.03716535421368153 -0.11781161037734232 1.7157545855475327 115 78 45 0.34 25 88 61 551 71 55 89 517 264 176 409 55 457 71
1338 -0.04194153360931587 -0.10654234831314764 1.7092454932952166 104 73 49 0.54 25 89 53 396 61 552 409 56 457 72
1339 0.032657660154227865 -0.13401877389251696 1.7410139984193496 107 76 54 0.31 25 90 37 331 61 553 189 287 258 178 361 36 386 194 409 57 457 73
1340 0.034377732796360805 -0.13099932717422497 1.7396630899807848 128 94 65 0.39 25 91 37 332 61 554 189 288 258 179 264 177 361 37 386 195 409 58 457 74
1341 -0.06493358376335585 -0.06560032639975037 1.6827940869857463 164 127 90 0.3 32 254 37 333 71 56 89 518 90 303 152 172 189 289 258 180 281 96
1342 -0.037030176961139506 -0.07776756014493202 1.6943836734510624 137 97 54 0.47 25 92 71 57 126 176
1343 -0.05768916873474416 -0.050898869585257134 1.6716836929703696 120 81 42 0.45 25 93 32 255 89 519
1344 -0.0031372043802067773 -0.054541310344016825 1.6896819844429545 152 107 68 0.18 25 94 32 256 37 334 77 238
1345 -0.06324564847116387 -0.009292009130647002 1.6510670509670764 151 110 75 0.41 25 95 37 335 89 520 90 304 189 290
1346 0.037044296778187456 -0.031583764387159124 1.6877771509514803 80 59 42 0.58 25 96 61 555 342 131 386 196
1347 0.0700514678463754 -0.03444573940420675 1.6943178048491487 155 110 73 0.62 25 97 61 556 89 521
1348 -0.08647896135876033 0.02232621099147716 1.6399770012135622 138 102 74 0.52 25 98 32 257 37 336 71 58 89 522 189 291 264 178
1349 -0.06696661408885553 0.028973075789240802 1.6326996188668326 173 113 63 0.16 25 99 89 523 264 179
1350 -0.034510201599784504 0.03379688789607284 1.5368606951659152 170 123 76 0.86 25 100 37 337 61 557 425 120 457 75
1351 0.07310418382589583 -0.01293849700782012 1.6895622331771665 168 114 67 0.61 25 101 71 59 77 239 89 524 126 177 216 85
1352 0.01772115640951412 0.0916420697838495 1.0273431840506713 213 146 102 0.09 77 240 89 525 152 173
1353 -0.3764945848277129 0.29576015893661767 2.061865012187986 122 91 72 0.73 77 241 143 299 189 292
1354 0.008565558821355877 0.058229199883337114 1.5367513946943208 148 98 55 0.37 25 102 37 338 53 397 61 558 89 526
1355 0.04838789033160589 0.04086720825256277 1.541485999743364 138 90 54 0.27 25 103 32 258 77 242 89 527 106 67 152 174
1356 0.04848898346779592 0.04057925284695649 1.542407216520258 139 100 66 0.61 25 104 32 259 37 339 53 398 61 559 77 243 89 528 90 305 106 68 143 300 152 175 154 42 189 293 258 181 264 180 342 132 361 38 386 197 409 59 457 76
1357 -0.12680438722186438 0.11526769562787258 1.6955883623529018 142 108 72 0.4 53 399 61 560 386 198 425 121
1358 -0.04929254550260199 0.08483536030249622 1.5199026400752307 186 110 49 0.27 25 105 37 340 89 529
1359 -0.04929254550260199 0.08483536030249622 1.5199026400752307 186 110 49 0.27 25 106 37 341 89 530
1360 -0.046663514132163485 0.09446752172702126 1.5090143645233436 208 167 119 0.54 25 107 190 57 191 65 216 86
1361 0.08507314250633878 0.065115902061606 1.5573721885976284 183 126 76 0.92 25 108 71 60 77 244 89 531 216 87 219 16
1362 -0.06833384437739495 0.11499684112217896 1.4572496038648515 184 115 58 0.26 25 109 37 342 89 532 152 176
1363 1.4768054764080584e-05 0.10085224188471097 1.5256064893326984 121 78 47 1.29 25 110 32 260 71 61 89 533 106 69 152 177 258 182 264 181
1364 -1.6635336569037037e-05 0.10102966538075893 1.5252774427485132 151 83 44 1.27 25 111 37 343 89 534
1365 -0.08295234972967962 0.12264176801463737 1.4486689149850036 172 136 108 0.73 25 112 190 58 191 66
1366 -0.07254178889564455 0.13384161257871408 1.448034666863705 196 142 83 1.14 25 113 39 39 53 400 89 535 189 294
1367 -0.004526081909900955 0.13560335374451854 1.5128625724782048 207 135 70 0.23 25 114 71 62 89 536
1368 0.07086961815484467 0.10021648443555446 0.9981830905215916 106 92 76 1.2 61 561 152 178 342 133
1369 0.09507774117066105 0.09653403794154855 0.9737498407952391 185 151 120 1.76 89 537 123 175 190 59 191 67
1370 -0.1093580662357121 0.191210155140392 1.5702805890805145 98 73 50 0.8 25 115 89 538 90 306 123 176
1371 0.08419215861932156 0.11458196785313268 1.030520687695743 32 12 9 0.55 126 178 190 60 191 68
1372 0.2506423185598742 0.07269331039919544 0.45322345431477706 52 39 31 0.79 53 401 61 562 143 301 423 178
1373 0.06505524383908254 0.17097091540660456 0.9917172775304424 142 106 80 0.48 61 563 77 245 123 177 152 179
1374 0.1566655423490981 0.0945230111178158 0.484993411229962 98 76 56 1.33 53 402 61 564 143 302 214 83
1375 -0.011192491298676038 -0.2776425006336218 1.8208138732850667 226 196 129 1.21 25 116 39 40 89 539
1376 -0.033708300259765026 -0.1742669845961608 1.7429371532996627 98 65 41 0.94 25 117 37 344 61 565 71 63 77 246 89 540 126 179 258 183 386 199 409 60 457 77
1377 -0.04161916768772514 -0.16279329122814062 1.7356180738280733 70 43 23 0.83 25 118 32 261 37 345 71 64 89 541 126 180 152 180 258 184
1378 -0.04150774004281458 -0.1626658196915227 1.7358996419222938 73 44 25 0.58 25 119 71 65 89 542
1379 -0.02835793077047514 -0.17421748845943053 1.7450469873490242 93 63 42 0.73 25 120 37 346 61 566 71 66 77 247 89 543 126 181 132 15 457 78
1380 0.004091543381663348 -0.1781412540259154 1.7522880989182505 175 153 124 0.58 12 40 25 121 32 262 77 248 89 544 90 307 126 182 152 181 189 295 211 78 258 185 281 97 485 183
1381 -0.01293181748901709 -0.16697518182359722 1.7450548190787645 201 157 121 0.5 25 122 77 249 89 545
1382 -0.020328867524678627 -0.15864917609059714 1.7373195517472377 112 90 64 0.53 25 123 37 347 61 567 386 200 457 79
1383 -0.03977008020667861 -0.11792153579363866 1.7133190497647683 239 201 149 0.5 190 61 191 69 216 88
1384 -0.03081281034726714 -0.1245449184695511 1.7110193060100343 178 144 108 0.38 25 124 71 67 126 183
1385 -0.011294926206603936 -0.12178925461302059 1.7250099635974006 184 138 102 0.44 25 125 77 250 89 546 126 184
1386 0.040464991358802285 -0.11812267372943001 1.7331965447332225 116 100 86 0.75 25 126 53 403 61 568 189 296 342 134 361 39 386 201
1387 0.03362499526664388 -0.14098630741943705 1.7402482920814626 70 63 57 0.56 61 569 264 182 342 135
1388 -0.002705024406032855 -0.09571493854023752 1.7112244963593943 80 58 42 0.28 25 127 32 263 37 348 89 547 90 308 132 16 152 182 189 297 208 129 258 186 264 183
1389 -0.05125125374583537 -0.04281126887210951 1.669913893091757 131 110 82 0.79 25 128 71 68 126 185 264 184
1390 -0.04122456535732341 -0.03522162126038685 1.671331391578694 153 110 66 0.93 25 129 61 570 409 61 457 80
1391 -0.012460172401864339 -0.03768713054688614 1.6769029290824278 75 64 52 0.32 25 130 61 571 258 187 264 185 268 35 329 30
1392 0.02549175898617134 -0.05973077488535792 1.6932968165991675 180 145 106 0.84 32 264 77 251 90 309 126 186 189 298 208 130
1393 0.05566500823580719 -0.06272792870079155 1.7111244243827097 72 59 46 0.54 25 131 61 572 258 188 264 186 342 136
1394 -0.026869967455335552 -0.013900749811666993 1.6589542731276656 208 168 115 0.22 25 132 77 252 126 187
1395 -0.00962348689584396 -0.020001867460126947 1.660931352092886 136 100 72 0.39 25 133 61 573 152 183 322 21 329 31 342 137 361 40 460 84
1396 -0.005953857194719522 -0.02502677533875875 1.6618353863103112 140 97 58 0.29 25 134 61 574 71 69 89 548 126 188
1397 0.06901416728337581 -0.039069300789825956 1.6996262809426959 158 123 95 0.57 25 135 77 253 106 70 152 184 216 89
1398 0.06910128662619111 -0.038964266476174854 1.6997797893420616 160 124 92 0.76 25 136 71 70 77 254 89 549 106 71 126 189 152 185 216 90
1399 -0.04870794825216482 0.003918917817086159 1.6484191618654964 190 141 97 0.39 25 137 37 349 71 71 77 255 89 550 126 190 152 186
1400 -0.04609108543409808 0.002037475113514567 1.64820928949455 173 120 80 0.6 25 138 71 72 77 256 89 551 126 191
1401 0.05229600874999483 -0.031588676972561146 1.6947595972326248 115 84 59 0.6 25 139 53 404 61 575 258 189 264 187 342 138 457 81
1402 0.0623250637467385 -0.03491588286085128 1.6970463411005554 58 43 32 0.34 25 140 32 265 61 576 152 187 258 190 264 188 329 32 342 139
1403 -0.042070209800095223 0.012486790659456763 1.6447551146647874 111 87 61 0.19 25 141 61 577 258 191
1404 -0.004860620940336493 0.03435545758966075 1.539642348196689 161 127 85 0.22 25 142 61 578 361 41
1405 0.0051237962497742906 0.03482256422843036 1.5427373645999487 159 122 81 0.71 25 143 32 266 53 405 61 579 89 552 126 192 189 299 361 42
1406 -0.09120012044225934 0.05369700301207378 1.6262462869024372 139 99 71 0.45 25 144 37 350 71 73 89 553 90 310
1407 -0.027240263169358504 0.06226537664906527 1.5341232861999812 131 89 57 0.55 25 145 53 406 61 580 342 140 425 122
1408 -0.42703239458856185 0.30738714775338005 2.340336360011338 100 96 73 1.82 61 581 77 257 143 303
1409 0.004971489487292695 0.06302255931051517 1.5343170599004494 86 53 41 0.37 25 146 61 582 361 43 386 202
1410 0.05262717072349991 0.06387880355805428 1.5396227054671368 164 110 70 0.51 25 147 71 74 77 258 89 554 106 72 190 62
1411 0.016736544898123675 0.08908957834279492 1.5264429438903044 92 53 31 0.5 25 148 32 267 89 555 106 73 154 43 190 63 258 192
1412 0.08664988225088098 0.06811055977742214 1.556403444143575 183 129 77 0.44 25 149 39 41 89 556 190 64 191 70
1413 -0.08278021561447861 0.1131105770903576 1.4568478459555743 116 88 58 0.42 25 150 37 351 71 75 89 557 152 188 264 189
1414 -0.03106266144096285 0.10990564933764438 1.5189220779392634 178 106 48 0.47 25 151 89 558 126 193 264 190
1415 0.11131964548461636 0.08207326181909415 1.5544290330782236 187 126 66 0.36 25 152 71 76 89 559
1416 0.002583161608777737 0.12403568470953365 1.0655791941471129 98 70 46 0.81 72 3 126 194 190 65 191 71
1417 -0.014109448554239127 0.11054995402451265 1.5238457036189084 151 94 47 0.6 25 153 32 268 37 352 71 77 77 259 89 560 106 74 126 195 152 189 264 191
1418 -0.014464946784895212 0.11058270231489019 1.522277068021964 191 124 62 0.46 25 154 71 78 77 260 89 561 106 75 126 196
1419 -0.001702479786489903 0.12294326864285766 1.5000698601948101 178 139 102 0.94 152 190 190 66 191 72 216 91 258 193
1420 -0.10174673544514504 0.1543530890036518 1.5867244028544234 113 74 46 0.49 25 155 37 353 71 79 89 562
1421 -0.10381950478220835 0.1662119087959402 1.582863418818381 190 118 48 1.17 25 156 39 42 89 563
1422 -0.04161072402750853 0.15217356193380668 1.5068049630982066 137 85 42 0.7 25 157 32 269 89 564
1423 0.05746716818486939 0.12212964055694804 1.0371105825562505 79 53 33 0.52 126 197 190 67 191 73
1424 -0.04790617788947469 -0.21176176056945015 1.7827100298682965 76 49 20 1.1 25 158 71 80 89 565 126 198
1425 -0.003859103082684938 -0.21643497085627145 1.760336620367539 200 150 109 1.21 25 159 77 261 89 566 126 199
1426 -0.05269658188239977 -0.1436254236621664 1.7246359836385974 156 115 81 1.68 25 160 89 567 132 17
1427 -0.01798665624562662 -0.12412617366738685 1.7206064671094157 98 70 51 0.67 25 161 32 270 37 354 61 583 77 262 89 568 90 311 126 200 152 191 189 300 264 192 281 98 342 141 361 44 423 179 425 123
1428 -0.0461415600406564 -0.09468168132958352 1.704202428430577 110 87 64 0.7 25 162 53 407 61 584 264 193 361 45 386 203
1429 -0.03301285577258799 -0.0832446737211396 1.7013536668785423 86 67 55 0.9 25 163 61 585 258 194 342 142
1430 -0.005438811444248297 -0.08226247673108154 1.70394391404245 120 103 83 1.2 25 164 53 408 61 586 189 301 329 33
1431 -0.04828442858050712 -0.06215044877883416 1.6843406643443342 202 142 88 0.59 25 165 37 355 89 569 126 201
1432 0.021127748480892498 -0.07528884186736885 1.7078378704826258 90 75 65 0.42 25 166 61 587 264 194 361 46 386 204
1433 -0.060930086505302676 -0.039398221529861284 1.6705177283642438 146 92 41 0.98 25 167 89 570 126 202
1434 -0.05872395301336923 -0.0365332123110841 1.6678508905747613 132 92 60 0.93 25 168 32 271 53 409 61 588 89 571
1435 -0.05305319597472673 -0.037031253728217965 1.671649415477136 109 75 38 1.15 25 169 32 272 61 589 143 304 322 22
1436 -0.021004868786475547 -0.040766819559513105 1.6774287623216995 140 94 60 0.48 25 170 32 273 37 356 77 263 152 192
1437 -0.08466876536744776 -0.015769568977854018 1.6768686339720085 159 92 53 0.76 25 171 77 264 89 572 126 203
1438 0.05162414201448558 -0.045921845892405534 1.6888800327516746 179 130 93 1.09 25 172 77 265 89 573
1439 0.040036901458872586 -0.03824981851896549 1.6887951033152102 161 115 74 0.54 25 173 37 357 77 266 89 574 126 204
1440 -0.08287683353882162 0.005686720716010219 1.6522981056982515 166 114 58 1.09 25 174 77 267 126 205
1441 -0.04981158435308943 -0.00034453816583526986 1.649393997951495 213 162 111 0.85 25 175 39 43 77 268 89 575 189 302
1442 -0.05037085778419052 -0.0007434951903136837 1.6468360580658614 216 150 98 0.43 25 176 77 269 89 576 152 193
1443 -0.0279101972004115 -0.00704458024463541 1.6540084562436637 178 132 87 0.4 25 177 37 358 61 590 71 81 89 577 126 206 143 305 152 194 264 195 361 47
1444 -0.07800926146388587 0.023595761603629826 1.6396367486704797 150 111 76 0.6 25 178 53 410 61 591 361 48
1445 -0.08521648437182508 0.037471779494293964 1.6334581689778376 177 118 69 0.57 25 179 71 82 77 270 89 578 152 195
1446 -0.02052057052604842 0.036408023316926386 1.5376701158728718 132 95 61 0.49 25 180 37 359 53 411 61 592 89 579 126 207 189 303 264 196 329 34 361 49 386 205
1447 -0.07916278185360547 0.05682191105978709 1.6303628460242232 98 68 47 1.0 25 181 61 593 189 304 361 50
1448 -0.02453057446238242 0.05948145909542388 1.5343411349572966 132 94 64 0.64 25 182 37 360 61 594 71 83 89 580 90 312 329 35 361 51 386 206 423 180
1449 -0.02460245877462447 0.06192447858080983 1.529517467886615 175 130 91 1.15 25 183 190 68 191 74 208 131
1450 0.08653501972122933 0.041489024814560106 1.5610767126170204 146 106 71 0.5 25 184 53 412 61 595 71 84 89 581 90 313 216 92 219 17 361 52 386 207 457 82
1451 -0.03475804354373174 0.07211220039624548 1.5241431359505297 148 110 77 0.49 25 185 32 274 53 413 61 596 302 4 342 143 361 53 423 181
1452 -0.04396701516353633 0.09637477012153932 1.5185589553195382 126 90 60 0.4 25 186 37 361 61 597 89 582 264 197 361 54 386 208 457 83
1453 -0.04394634446725934 0.09662233626819894 1.5191402512342718 152 104 60 0.48 25 187 53 414 61 598 89 583
1454 0.08059621702680653 0.07673855215260462 1.5587460650511111 146 99 63 1.68 25 188 71 85 89 584 106 76 152 196
1455 0.0878335498168608 0.07851207656453248 1.554744894724624 154 98 50 1.59 25 189 89 585 106 77 143 306
1456 0.08942266107741333 0.0653909314169797 1.5599165866338338 152 93 51 0.84 25 190 71 86 77 271 89 586 190 69 191 75
1457 0.09604982327431948 0.06583610335826695 1.5602900563412272 218 161 109 0.77 25 191 71 87 89 587
1458 -0.15693832110362577 0.10936478614180017 1.7959773230212661 163 168 168 0.79 25 192 37 362 53 415 61 599 90 314 386 209 423 182 425 124 460 85
1459 -0.016422668321834106 0.0974091434565205 1.5288583109933536 181 119 54 1.37 25 193 71 88 89 588 126 208
1460 -0.10745517688142522 0.1270369017831172 1.5829620197762218 166 116 75 1.45 25 194 89 589 284 13
1461 -0.07473019979648247 0.11940161016812868 1.4569051291164277 127 91 64 0.64 25 195 37 363 61 600 71 89 89 590 126 209 152 197 189 305 258 195 264 198 342 144 361 55
1462 -0.005958745059364506 0.1147905854597786 1.5195939686737612 125 71 31 0.32 25 196 37 364 77 272 89 591 264 199
1463 -0.013302032457947466 0.12233381421349193 1.520019347584653 186 116 59 0.27 25 197 37 365 77 273 89 592
1464 -0.006617757413955454 0.12976358640525903 1.5149315121186 92 55 22 0.39 25 198 89 593 132 18 154 44 258 196
1465 -0.004087599973904744 0.14011481062222916 1.5117917275499468 212 133 72 0.2 25 199 77 274 89 594
1466 -0.07645784198020575 0.15423055073793648 1.451249491593903 203 144 82 0.44 25 200 39 44 53 416 89 595
1467 -0.03673515464364584 0.1531416727173187 1.5058417148915428 182 129 88 0.24 25 201 71 90 89 596 152 198
1468 0.07458949295795754 0.13234159164090367 1.0332562083956378 74 51 32 1.32 77 275 126 210 152 199 216 93
1469 -0.011427783991056232 -0.2847271145759903 1.823110850565813 71 50 36 1.25 25 202 39 45 89 597
1470 -0.0380718547662511 -0.08659474933434631 1.7008814958542755 92 64 40 0.73 25 203 32 275 61 601 71 91 77 276 126 211 264 200 361 56 409 62
1471 -0.007990520008248382 -0.08696764548313933 1.7001700036608045 210 178 133 0.49 25 204 71 92 126 212
1472 0.039000462681981145 -0.10819381278517241 1.7266704017084078 163 131 96 0.73 25 205 53 417 61 602 361 57 409 63 457 84
1473 -0.07723356180134379 -0.015456720271930435 1.6580143752931116 173 135 90 0.75 25 206 53 418 61 603 409 64 457 85
1474 -0.03302830808860903 -0.016193237080375233 1.6686288708148436 192 150 103 1.15 25 207 37 366 61 604 77 277 126 213
1475 -0.03759257310975207 -0.006575758764141196 1.6515290133103038 156 125 95 0.48 25 208 61 605 342 145 361 58
1476 -0.01854601841453758 -0.01085051643457855 1.657403934681258 96 67 44 0.36 25 209 61 606 342 146
1477 0.015502369161543815 0.08238245275873761 1.0388970234471318 112 81 63 1.23 52 53 174 2 189 306 215 22
1478 -0.010833122813001044 0.040609089249824336 1.5433481667387332 210 155 93 1.3 25 210 77 278 126 214
1479 0.009359379364144896 0.037368623887778354 1.5454533615706423 140 95 49 1.25 25 211 32 276 39 46 71 93 77 279 89 598 90 315 126 215 132 19 258 197
1480 -0.03204918162042368 0.05910381382049429 1.5329577354402928 157 102 57 0.79 25 212 71 94 89 599 126 216 264 201
1481 -0.032002018357499114 0.059042306192720356 1.53315350557592 158 100 52 0.81 25 213 32 277 71 95 89 600 126 217
1482 -0.021359261173819585 0.0549913109213519 1.5375494458168404 195 131 71 1.38 25 214 37 367 53 419 61 607 77 280 89 601 126 218 143 307 152 200 409 65
1483 -0.040745821610769985 0.0989611726241313 1.5198036264900414 176 133 90 0.69 25 215 61 608 90 316 126 219 361 59
1484 -0.006306726060295819 0.10755428905898805 1.5246001856858522 139 83 39 0.25 25 216 77 281 89 602
1485 -0.006999911832651569 0.13500217125902048 1.515656005343609 141 80 34 0.26 25 217 77 282 89 603
1486 -0.11405289767535759 0.19322946596234336 1.5763609843204376 144 106 70 1.5 25 218 77 283 89 604 126 220
1487 0.0018154805487034574 0.13753195243946845 1.0653165259626436 126 98 68 1.03 126 221 191 76 264 202
1488 -0.03604616084411868 -0.2020655140119719 1.7624580581284486 61 49 47 0.78 61 609 90 317 258 198 342 147 386 210 423 183 425 125
1489 -0.0061166339349409595 -0.2044358088005082 1.7618709429155606 66 39 26 0.89 25 219 71 96 77 284 126 222
1490 0.08895474340724575 -0.029535289917621495 1.7037812082266832 191 206 224 0.46 25 220 61 610 123 178 216 94 342 148
1491 -0.08603267672314789 0.03965088973166727 1.634680414859898 161 111 67 0.72 25 221 37 368 53 420 61 611 143 308 189 307
1492 -0.028963404359487053 0.05152405408537361 1.5335205497257245 120 77 44 0.72 25 222 32 278 37 369 53 421 61 612 77 285 143 309 152 201 189 308 264 203 302 5 386 211
1493 -0.0024570160949656857 0.05076169317435997 1.5383909028659866 108 71 48 0.78 25 223 61 613 264 204 342 149 460 86
1494 0.018413261837231666 0.04466182685686946 1.540815119454413 161 99 49 1.01 25 224 77 286 89 605 126 223
1495 0.01379616155461517 0.0564420898647526 1.5392717957849873 204 144 78 0.64 25 225 77 287 89 606 126 224
1496 -0.10549272423597773 0.10321629161449658 1.594556359918907 132 92 58 1.1 25 226 37 370 53 422 61 614 71 97 89 607 152 202 264 205
1497 -0.17688154862912991 0.17361752040024603 1.8476147642605159 200 210 206 0.76 25 227 37 371 258 199 264 206
1498 -0.07978283718446053 0.1683584415585519 1.448249548952348 178 140 98 1.44 25 228 61 615 71 98 89 608 126 225 189 309
1499 0.16224258985010628 0.10410066678300627 0.9667789216742357 120 100 82 1.64 89 609 190 70
1500 -0.040685006652764116 -0.21467742574320572 1.7874403526852913 197 142 103 1.16 25 229 77 288 89 610
1501 -0.08591170429041692 0.0277238703801122 1.6415240119341659 150 115 81 0.84 25 230 39 47 61 616 89 611 152 203 264 207 342 150 361 60 460 87
1502 -0.025588412428076218 0.042651450014966785 1.5370325416732469 187 139 92 0.89 25 231 37 372 53 423 61 617 77 289 89 612 90 318 126 226 189 310 361 61 386 212 409 66 425 126 457 86
1503 0.0016224502466229964 0.04386891877666208 1.5418833658446058 152 97 53 0.89 25 232 37 373 53 424 61 618 143 310 152 204 189 311
1504 0.046618550695201495 0.06183375462967989 1.5379759398852728 130 97 56 0.74 25 233 61 619 264 208 386 213
1505 -0.07674720841331686 0.15960279518006268 1.4512713941660202 160 108 59 0.81 25 234 53 425 61 620 152 205
1506 -0.08462165036319455 0.166429705035976 1.4511556355183297 103 70 42 0.95 25 235 53 426 61 621 152 206
1507 0.007762474134365508 0.16284350005233642 1.036533102559226 153 91 62 0.14 77 290 89 613 152 207
1508 -0.07218037667976311 0.017672346410660775 1.63964371523355 213 155 85 0.57 25 236 37 374 77 291 143 311
1509 0.012923460531433579 0.07930358039340064 1.526885636034605 58 31 19 0.54 25 237 37 375 77 292 89 614 126 227 152 208 219 18 264 209
1510 -0.08208004357970383 0.11017721428578245 1.4602935068911094 137 100 60 1.08 25 238 39 48 61 622 89 615
1511 0.049537718002888906 0.07826602759867778 1.0394029494191357 210 141 95 0.43 37 376 77 293 89 616 152 209
1512 0.035892249296848665 0.05845586321056768 1.536904309563524 57 30 20 0.94 25 239 77 294 152 210 258 200
1513 -0.08218450136079343 0.11729183929235111 1.4557745636988797 54 35 30 0.72 25 240 53 427 61 623 152 211 342 151 460 88
1514 -0.09136999203052677 0.12429289125989032 1.5130138898485603 26 12 11 1.7 25 241 126 228 264 210
1515 0.042194609072533466 0.10132987901206261 1.0319752448434147 141 104 70 0.42 53 428 89 617 90 319 123 179 189 312 216 95
1516 -0.023252510083469506 -0.12396483330869261 1.7229684608237106 152 132 105 1.62 32 279 60 20 189 313
1517 0.03309838126853478 -0.14029649695759006 1.7377036820906278 75 64 58 0.7 32 280 61 624 264 211 268 36 342 152 460 89
1518 -0.15717531489829337 0.11751394055297519 1.8019704373940773 175 178 173 1.39 53 429 61 625 90 320 143 312 258 201 264 212 329 36 423 184 425 127
1519 -0.07410356114442365 -0.02645333199056932 1.6598435251330639 133 106 75 1.36 32 281 90 321 143 313 189 314
1520 -0.02506764123398515 -0.010666608378008683 1.6555491580277908 120 85 60 0.21 32 282 61 626 89 618 264 213
1521 0.013279275589810749 0.12836658731285375 1.0357642901309594 133 91 65 0.66 77 295 126 229 152 212
1522 -0.4829049725312246 0.37456438221896704 3.1655406702866276 159 170 178 0.15 61 627 409 67 457 87
1523 -0.035938562812012805 0.05704753848098253 1.5304726039457681 169 121 73 0.5 32 283 37 377 71 99 89 619 126 230
1524 -0.011887855671317352 0.07414663003722038 1.5276897998003218 110 61 33 0.1 32 284 37 378 89 620
1525 0.2284453384304614 0.008071116704079376 0.46222628663388426 91 70 51 1.04 53 430 61 628 214 84
1526 0.012939252134700804 0.111148700084006 1.039570355382177 92 62 34 1.29 32 285 106 78 126 231
1527 0.1732057317275024 0.097563205689364 0.9765483698682524 180 145 110 0.88 53 431 89 621 189 315 214 85 215 23 216 96 219 19 258 202
1528 0.18627393793363048 0.01933578011476584 0.46497323294673915 142 106 73 0.95 53 432 61 629 214 86
1529 0.06364481592688528 0.040236311619400236 1.553213235961372 100 74 52 0.5 53 433 61 630 258 203 264 214 409 68 457 88
1530 0.0015043103375782928 0.13991990319589118 1.0666731244329875 68 41 23 0.86 32 286 72 4 126 232 191 77 258 204
1531 0.0022315934272581998 0.14014036027113455 1.0693744323494472 73 45 25 0.85 32 287 72 5 106 79 126 233 190 71 191 78
1532 0.006257156340861873 0.14553331875712197 1.0515113652732644 123 90 62 0.9 32 288 106 80 126 234 191 79
1533 0.046640081758689354 0.11057513860306115 0.5293220216619311 72 53 39 0.67 53 434 61 631 77 296 90 322 425 128
1534 -0.05429256301288463 -0.1533559422367531 1.6952530936517434 173 131 102 1.39 32 289 77 297 89 622
1535 0.03281826811440582 -0.15297622767730482 1.7505648903682889 139 93 61 0.41 32 290 37 379 71 100 77 298 89 623
1536 -0.037157205360623634 -0.11756860258700919 1.7162788019937876 146 92 45 0.64 71 101 77 299 89 624 90 323 126 235
1537 0.024557914079197236 -0.07579565878041042 1.7065277990143306 75 51 33 1.19 32 291 211 79 485 184
1538 0.09248627918293062 0.013996492381076224 1.6860816927081745 154 96 58 0.32 32 292 77 300 89 625
1539 -0.025880370207873742 0.05749555081987252 1.531243885223372 135 93 52 0.31 32 293 37 380 39 49 71 102 89 626 264 215
1540 0.17937027744852088 0.024568417167090833 0.4949168309540071 124 96 67 0.45 53 435 61 632 214 87
1541 0.000539583506158154 0.1323128821794983 1.519729409315541 145 96 37 0.59 32 294 39 50 89 627
1542 0.014673582322033314 0.11085511573134676 1.0215325639460187 79 59 40 0.7 32 295 126 236 258 205
1543 0.0188880811587728 0.1174188177057483 1.0218883677723427 118 96 77 0.55 32 296 126 237 191 80 258 206
1544 0.05888070967896111 0.11368318475561626 1.0262205523726824 27 11 8 0.95 32 297 126 238 191 81
1545 -0.044028704301091195 0.15259884252330227 1.5073972990453486 160 111 73 0.55 32 298 71 103 89 628
1546 0.014450373569179081 0.12661050011630098 1.0269234821033852 69 43 24 1.08 32 299 106 81 126 239 258 207
1547 0.010305535364572403 0.1296452984018237 1.0272094883013883 123 100 78 0.98 32 300 126 240 258 208
1548 0.12821275849574007 0.12870271557545063 1.0312090415231032 94 77 56 1.52 32 301 126 241 190 72 191 82
1549 0.05703140050396277 0.16721620844462648 0.9891740526613547 121 84 65 0.42 32 302 89 629 123 180 152 213 189 316
1550 0.1674167115361272 0.08983628550505805 0.47659338379729455 132 106 86 0.54 53 436 61 633 143 314 423 185
1551 -0.4996902816452126 0.3630133578463892 3.119861177410861 154 166 178 0.28 61 634 409 69 457 89
1552 0.03848857059909675 -0.15954995323489393 1.752357093850319 99 77 63 0.38 90 324 189 317 208 132 485 185
1553 0.00034634585800441504 -0.14945278449381105 1.7396300645914138 174 134 97 1.33 90 325 281 99 485 186
1554 -0.04576975107688079 -0.1593790297810547 1.7293534096774206 167 130 99 0.67 32 303 37 381 77 301 89 630 152 214
1555 0.0005414735283598249 -0.16461682325520813 1.7388054515861708 106 83 66 0.77 12 41 32 304 61 635 77 302 89 631 189 318 258 209 386 214 485 187
1556 -0.0625637679137359 -0.08765802686378647 1.6857342470901355 119 90 73 0.81 32 305 89 632 258 210
1557 -0.06239652657610241 -0.08808037102911319 1.693157078900889 114 83 66 0.41 32 306 37 382 89 633 258 211
1558 0.007225853156989956 -0.10914942912531456 1.7165687506109208 122 104 80 0.57 32 307 53 437 61 636 342 153 409 70 457 90
1559 -0.06947306949023536 -0.07255490110026565 1.684668012595724 132 96 69 0.85 32 308 77 303 89 634 152 215 258 212
1560 -0.0700976736969505 -0.048128925392129845 1.6662886016176437 143 95 60 1.35 32 309 89 635 143 315 152 216
1561 -0.060949048804983565 -0.043938289414967586 1.6737614873116133 166 129 94 0.57 32 310 37 383 77 304 126 242
1562 -0.0048747118698373015 -0.046442101477760456 1.6853757475426734 110 84 65 0.95 32 311 61 637 89 636 132 20 189 319 342 154 386 215 409 71
1563 -0.08212964590271384 -0.010172316411865527 1.6558643658638916 121 86 63 0.99 37 384 53 438 61 638 89 637 143 316 342 155
1564 -0.07000838209824796 -0.03080487312847166 1.6651344223979698 140 104 76 0.37 32 312 37 385 77 305 89 638 189 320 264 216
1565 -0.02885194175977133 0.003158320419742196 1.6511691156915562 130 92 54 0.19 32 313 37 386 39 51 89 639 126 243 154 45 264 217
1566 -0.12729860180927133 0.01449549688325947 1.7820910299366461 174 190 191 1.47 32 314 61 639 90 326 143 317 258 213 386 216
1567 0.01633457554649728 0.037613245768147466 1.5418908156773656 104 61 31 0.58 32 315 37 387 77 306 126 244 152 217 258 214
1568 0.048478726084319176 0.09316354789046223 1.0367388027039404 117 81 56 1.56 32 316 106 82 152 218
1569 -0.12171936044815171 0.12512167822043474 1.5210791162671424 143 95 63 1.38 32 317 89 640 152 219
1570 0.017009596519151165 0.10659074654430133 1.0230015624954985 93 64 42 0.87 32 318 89 641 126 245 258 215
1571 0.06064867844349427 0.10497961287802116 1.0355524498250994 51 38 32 1.65 32 319 106 83 152 220
1572 0.017381672961341046 0.11738212022542921 1.0237123000766817 137 110 82 1.04 32 320 106 84 126 246 190 73 258 216
1573 0.0096691771781336 0.12760773073762943 1.0462168546748987 48 25 18 1.11 32 321 106 85 126 247 190 74 191 83
1574 0.013873781135399842 0.11946026790587501 1.031147397036564 121 96 72 0.99 32 322 106 86 126 248 191 84
1575 0.0731181262481562 0.12283038899868194 1.0122189714549206 26 20 20 2.15 32 323 106 87
1576 0.011251419414424734 0.13296338568634955 1.036140212643264 111 80 57 0.89 32 324 106 88 126 249 190 75 191 85 258 217
1577 0.011132463781614161 0.13290111207359392 1.0359635768808662 113 83 57 0.96 32 325 106 89 126 250 191 86 258 218
1578 0.005579646934123142 0.14647806419811485 1.0520002582669499 87 49 25 1.09 32 326 72 6 106 90 126 251
1579 0.0022995626285044713 0.15595911639713497 1.059773742597078 87 57 41 1.06 32 327 106 91 126 252 190 76 191 87
1580 0.06647010689752075 0.1487895164170185 1.026014439909438 16 16 12 1.67 32 328 154 46
1581 0.062772427244546 0.14875889944877396 1.0197187322703747 66 51 38 0.54 77 307 89 642 126 253
1582 0.0726155287791367 0.15229140344920972 1.0347098911496218 31 24 20 1.76 32 329 190 77
1583 0.03905372242067083 0.16766514132608795 1.0210386552779087 83 58 44 0.53 32 330 152 221 189 321
1584 0.055714053172985833 0.16957409659598527 0.9903700274213223 106 67 43 0.6 32 331 89 643 123 181 152 222 189 322
1585 -0.008913241917749089 -0.27621062248515915 1.8096894001194443 224 228 227 0.91 32 332 61 640 179 8
1586 -0.048773139309998485 -0.20843047325019196 1.7701281583143802 73 54 44 1.14 32 333 61 641 425 129 457 91
1587 -0.04045893282182529 -0.20224734158511434 1.7662086573298894 62 46 40 1.42 32 334 39 52 61 642 77 308 89 644 154 47 189 323 208 133 258 219 386 217
1588 -0.038974349402130834 -0.18108993924927874 1.7416463030070577 88 62 46 0.51 32 335 39 53 77 309 89 645 90 327 152 223 189 324 208 134 485 188
1589 -0.010850754583882192 -0.20192388567262284 1.7618531847089176 119 100 81 0.28 32 336 37 388 90 328 189 325 485 189
1590 -0.0017736580143219163 -0.1776071123850103 1.7525734504316364 177 152 121 0.74 32 337 71 104 77 310 89 646 90 329 126 254 132 21 152 224 189 326 208 135
1591 0.011335744572358818 -0.17413724704840233 1.7421123885942025 185 162 136 0.87 32 338 77 311 126 255
1592 -0.05052193822583258 -0.14122802194183204 1.7216344316398307 199 156 116 1.04 32 339 77 312 89 647 126 256
1593 0.03445074289056669 -0.15731507017149962 1.7517152262039988 160 123 96 0.52 12 42 32 340 37 389 61 643 77 313 89 648 152 225 361 62
1594 0.009267471266539401 -0.12208639314791253 1.7216790190482094 64 54 47 0.64 32 341 61 644 264 218
1595 0.022356561186420633 -0.12532626310636347 1.7241756913982056 168 129 94 0.72 32 342 37 390 77 314 126 257 152 226
1596 -0.053018211384720376 -0.087702128895528 1.6962363743036861 67 38 23 0.47 32 343 37 391 485 190
1597 -0.006701073438811934 -0.10193462576203494 1.7116938340384682 176 134 102 0.54 7 29 12 43 77 315 89 649 126 258 152 227
1598 -0.020120028231150038 -0.05469044195877525 1.6858243387978369 90 63 46 0.48 32 344 61 645 460 90
1599 -0.02152352351189143 -0.04083465201855547 1.6765195646588862 156 114 78 0.63 25 242 32 345 37 392 71 105 77 316 126 259 143 318
1600 -0.07200393458126339 -0.00974837734800786 1.659690891557421 106 78 58 1.13 32 346 37 393 53 439 61 646 152 228 264 219
1601 0.024392381918087187 0.03590389164698509 1.5519449933284726 131 87 58 1.02 32 347 37 394 53 440 77 317 89 650 152 229
1602 0.014138171251521869 0.07081073332399591 1.5289077351367726 71 53 38 0.46 32 348 61 647 264 220
1603 0.03858354589328879 0.07334079079892347 1.5272012972485194 142 100 67 0.38 32 349 37 395 77 318 89 651 106 92 152 230 264 221
1604 0.06081951492417501 0.06317057076749508 1.5503020151411113 83 53 41 0.71 32 350 61 648 329 37 460 91
1605 -0.005398013387892552 0.08585572947078805 1.5324439433834278 88 51 20 0.37 32 351 89 652 258 220
1606 0.008534443542587316 0.12254438568199098 1.5228005821833064 169 107 64 0.39 32 352 37 396 77 319
1607 0.01400060421048688 0.12278381118827346 1.521075650673956 132 101 70 0.21 32 353 77 320 258 221
1608 0.01828081131594188 0.10874901271926175 1.022873091393781 104 70 44 0.67 32 354 89 653 126 260 152 231 258 222
1609 0.03195190511647669 0.102868496065895 1.0265741082347906 58 34 22 1.26 32 355 77 321 106 93 123 182 126 261 216 97
1610 0.010736484227723971 0.11787591302336214 1.0429667858977028 113 84 59 0.8 32 356 72 7 106 94 126 262 152 232
1611 0.011051748195264012 0.11971399404693744 1.0411133504916559 78 53 34 1.0 32 357 106 95 126 263 258 223
1612 0.016641041687068214 0.11645444445140757 1.0228997997676472 97 59 39 0.81 32 358 89 654 106 96 126 264 152 233
1613 0.045286252390323564 0.11581969082014064 1.0314507405179303 39 26 21 0.86 32 359 106 97 126 265 152 234 154 48 258 224
1614 0.00986556743430928 0.12085192901729125 1.0448758120812256 83 58 41 0.85 32 360 72 8 106 98 126 266 152 235 258 225
1615 0.009367541667571085 0.12500889376682386 1.0411968508611187 122 95 76 0.82 32 361 72 9 106 99 126 267 152 236 190 78 191 88
1616 0.11636435604745728 0.11192268646795663 0.9680490213527201 24 16 14 0.67 89 655 191 89 216 98 258 226
1617 0.1386842858418981 0.11505725807632616 0.9737886480036338 56 45 43 1.16 32 362 106 100 215 24
1618 0.1391725230941754 0.11527505032421453 0.9739019101310509 66 51 44 0.56 89 656 106 101 216 99
1619 0.006733545982294494 0.13489123252203544 1.0547236217154616 55 25 15 1.19 32 363 72 10 126 268 152 237 190 79 191 90
1620 0.006519439989155946 0.1375425282122261 1.0461104738348368 100 60 35 0.78 32 364 72 11 126 269 152 238 190 80 258 227
1621 -0.1173943637427675 0.21914533321304835 1.681663481838568 38 29 23 1.31 123 183 191 91 216 100
1622 0.03157196963185867 0.1406970796970778 1.0208714573783162 126 106 85 1.09 32 365 106 102 126 270 258 228
1623 0.10765701829970192 0.12689405334163842 0.9712034820219838 69 58 51 0.8 32 366 89 657 152 239
1624 0.059319326761715904 0.14308452224163884 1.0300046903436655 97 78 65 1.62 32 367 106 103 126 271 152 240
1625 0.0029700985487396336 0.15634170991925472 1.0577578191261 37 16 12 0.97 32 368 106 104 126 272 190 81 191 92
1626 0.0615667176340555 0.16009046355578357 0.9927927883311592 118 91 71 0.51 32 369 152 241 189 327
1627 0.05939832791163019 0.1619032709310727 0.9919142071530826 156 113 84 0.6 32 370 89 658 152 242 189 328 216 101 258 229
1628 0.057165090718882094 0.1707048423666603 0.9903129942211852 168 124 87 0.55 32 371 77 322 89 659 189 329
1629 0.006850380176524438 -0.16498080726698997 1.743720555065543 190 158 130 0.81 32 372 77 323 89 660 126 273 152 243 485 191
1630 -0.04560532053506814 -0.14379648611322032 1.7254415424108547 96 57 27 1.07 32 373 77 324 89 661 126 274
1631 -0.028259646965342385 -0.12042842523719577 1.6730237269491512 87 60 42 1.48 61 649 77 325 89 662 90 330 126 275 322 23 423 186 425 130
1632 0.02468821556585428 -0.13997056503044109 1.7355617182910867 102 62 28 0.97 32 374 77 326 89 663 126 276
1633 -0.03757636097463558 -0.08658291252366557 1.7002855258906733 81 57 41 0.55 32 375 37 397 61 650 77 327 90 331 126 277 264 222 342 156 386 218 457 92
1634 -0.0220233901161909 -0.07743713717715985 1.7016373804748262 143 94 55 0.45 32 376 77 328 89 664 126 278
1635 0.009277429836529327 -0.04718374724460119 1.6789893284088742 110 66 39 0.15 32 377 37 398 77 329 152 244
1636 0.0656999383284863 -0.009386374112164766 1.6839255316071424 183 148 116 0.78 25 243 32 378 77 330 89 665 106 105 152 245 190 82
1637 -0.0024205749038098633 0.07273842804528974 1.5315984609776814 144 104 67 1.24 32 379 37 399 61 651 77 331 89 666 90 332 126 279 143 319 152 246 154 49 264 223 329 38 386 219 423 187 425 131 457 93
1638 -0.07738586263818956 0.11162583717699859 1.459249973731257 147 113 76 1.38 32 380 53 441 89 667 126 280 152 247
1639 0.021932321921021188 0.10521532626182438 1.025435814673216 49 22 15 1.25 32 381 126 281 191 93
1640 0.028405135435515084 0.10246398709813749 1.0266757692021353 63 29 20 1.27 32 382 106 106 126 282
1641 0.04919736185811987 0.10408543860506911 1.0328679499700415 66 46 34 1.29 32 383 106 107 152 248 154 50
1642 0.06535003037831447 0.10096618146420853 1.0366750567087277 90 56 26 1.74 106 108 126 283
1643 0.07172157620422645 0.10689295992631924 0.996399156647378 111 86 68 0.75 32 384 52 54 53 442 61 652 77 332 89 668 90 333 153 28 189 330 216 102 258 230 383 24 386 220 423 188 425 132 457 94
1644 0.17146576744184774 0.10001144587041373 0.9773539229911189 167 125 93 1.41 77 333 89 669 152 249 208 136 214 88
1645 0.011610854135257812 0.12201137921628771 1.0279263745645473 60 38 25 0.52 32 385 126 284 152 250 190 83 191 94 258 231
1646 0.011918805628854489 0.12711972464942214 1.0414080716077059 33 17 14 1.0 32 386 106 109 126 285 152 251 190 84 191 95
1647 0.07128405670269392 0.1163116924711674 1.0104327895886511 72 54 42 0.3 52 55 89 670 123 184 190 85 191 96
1648 -0.11776507675443373 0.18551827121254255 1.6094519622973475 102 78 60 0.9 53 443 61 653 264 224 386 221
1649 0.012319943875585227 0.1337429468833559 1.0342024678409607 66 39 27 0.87 32 387 106 110 126 286 152 252 190 86 191 97 258 232
1650 0.05776662371417485 0.12562428950500856 1.0332773588590427 46 27 20 0.31 32 388 77 334 152 253 216 103
1651 0.009887463329358871 0.14189606251538617 1.035816198714079 34 14 11 1.15 32 389 106 111 126 287 152 254 258 233
1652 0.02351429777295556 0.13797710267168067 1.0220051163873451 186 149 111 0.96 32 390 77 335 126 288 152 255
1653 0.062361637151394395 0.14103459123605935 1.033518089523958 36 25 20 0.51 32 391 61 654 77 336 89 671 123 185 152 256 153 29 189 331 258 234 342 157 423 189 460 92
1654 0.0714401708934539 0.1484044555817468 1.0255577943461733 49 41 36 1.58 32 392 152 257 154 51
1655 0.0020903198097963053 0.1573290999030526 1.009292656257359 134 108 84 0.74 32 393 126 289 152 258
1656 0.07427935743040394 0.15052639686865202 1.0059291684871243 162 133 109 2.05 32 394 89 672 126 290 189 332
1657 0.0970713901819877 0.15228803298756347 1.002571635136573 63 50 42 0.59 32 395 52 56 53 444 61 655 143 320 153 30 457 95
1658 0.09942783450752542 0.14896679247298242 0.9952426913577441 45 35 28 0.62 32 396 152 259 154 52
1659 -0.06016354065888131 -0.21746565403375015 1.7602425506314656 216 228 227 0.58 32 397 61 656 460 93
1660 -0.051973190755745184 -0.13237490608508212 1.7237461545959856 173 139 110 0.65 32 398 37 400 77 337 89 673 126 291 258 235
1661 -0.052008745377269884 -0.1321071983610988 1.7208761390599587 162 114 80 0.42 32 399 89 674 152 260
1662 -0.045691132871641185 -0.09253549291311419 1.7036643356423473 191 145 96 0.61 32 400 39 54 77 338 89 675 126 292
1663 -0.05169746549683588 0.01649851946615041 1.6544019048238279 185 141 102 1.09 32 401 37 401 77 339 89 676 90 334 152 261 189 333
1664 0.0013947920488811027 0.07698959655361938 1.5479012060767114 65 39 23 1.34 32 402 61 657 152 262
1665 0.01622866711352381 0.10473976436637429 1.0259535594355627 50 25 18 0.97 32 403 77 340 89 677 106 112 126 293 143 321 258 236
1666 0.18346226210926103 0.10480310215156902 0.9764768139650976 127 107 88 1.74 32 404 53 445 61 658 77 341 89 678 214 89
1667 0.041695698905701246 0.12797026434657463 1.0292924223336781 79 41 21 0.37 32 405 77 342 89 679 126 294 216 104
1668 0.007889619387835946 0.14412977778492844 1.0345109981835445 106 75 50 0.94 32 406 126 295 258 237
1669 0.07163946084738786 0.14161632637678914 1.0262190104557967 68 62 48 2.05 32 407 126 296 154 53
1670 0.03663489833976184 0.15804955255239933 1.022505252316766 102 70 50 1.37 32 408 77 343 89 680 152 263
1671 -0.041126892513800466 -0.032529375967941095 1.6717085899349622 100 77 60 0.79 32 409 61 659 342 158 386 222 460 94
1672 0.0677604897496844 -0.03605757520885211 1.6623461077693638 86 70 50 1.78 32 410 61 660 386 223
1673 0.00432496072249015 0.10438525749891706 1.042767480510085 121 88 68 0.48 32 411 77 344 152 264
1674 0.040137434793376774 0.10504966559238446 1.0340964678211106 69 40 20 1.28 32 412 106 113 126 297
1675 0.055064473965005876 0.1133636366201718 1.0330325943058167 145 113 81 1.83 32 413 77 345 89 681 126 298 216 105
1676 0.0005418172149936873 0.13879088427151756 1.102714850210086 61 40 30 0.61 32 414 77 346 89 682 106 114 152 265 190 87 258 238
1677 -0.01737792565705275 0.18245973899521098 1.1554499988325317 116 59 35 0.22 77 347 89 683 126 299
1678 0.1308579299705614 0.1501825993638957 0.9491711185389577 39 26 19 0.75 89 684 191 98 216 106 258 239
1679 0.08625247811777456 0.17804547853978264 0.9973831746716317 72 59 48 1.57 32 415 53 446 61 661
1680 0.004813004783042474 -0.06721769605511076 1.6902945905462308 183 140 107 0.45 7 30 32 416 37 402 77 348 89 685
1681 0.03349656519182898 0.08329625693916876 1.0327118043493408 107 70 43 1.48 32 417 53 447 61 662 216 107 409 72 457 96
1682 -0.005920870401153444 0.1334590422813369 1.1147048911699098 110 82 62 2.1 77 349 106 115
1683 -0.019334098862460784 0.17410343687608465 1.2950429956119296 137 101 66 1.76 32 418 53 448 61 663 90 335 425 133
1684 0.045382201189510724 0.1635770308962762 1.0266518620205518 139 102 73 2.01 32 419 77 350 89 686 152 266 214 90
1685 0.05663496658802059 0.16805218455588847 0.9899977607519016 117 78 58 0.46 32 420 77 351 89 687 152 267 258 240
1686 -0.01332048825296339 0.19054200019217676 1.0902893974743637 97 79 58 1.49 32 421 126 300 152 268
1687 0.04145281943580892 0.17362032611634706 0.9738956165739143 147 115 94 0.7 32 422 77 352 152 269
1688 -0.07180546329217788 0.017703198137552494 1.6410338019352817 175 142 104 0.93 32 423 37 403 53 449 61 664 77 353 89 688 90 336 126 301 189 334 264 225 386 224
1689 0.03112236722756505 0.09917241432378711 1.0233036222240093 192 175 144 1.46 32 424 126 302 191 99
1690 0.10096571600533986 0.12760805207425735 0.9907040717237582 58 40 29 1.32 32 425 77 354 154 54
1691 0.17642336004437933 0.07570825202469196 1.0861600242360574 103 81 65 1.96 32 426 53 450 61 665 90 337 214 91 258 241 342 159 460 95 463 53
1692 0.1763137129454137 0.07592865433167917 1.0860515111862512 100 77 64 1.93 32 427 61 666 90 338 152 270 258 242 460 96 463 54
1693 0.09947857109304564 0.14517556699357528 0.9950589555867203 36 32 30 1.39 52 57 53 451 61 667 77 355 90 339 143 322 154 55 189 335 386 225 423 190 425 134
1694 -0.005502940661150368 -0.2188919948136166 1.7599852761621346 155 121 87 0.36 37 404 90 340 485 192
1695 -0.5901510413123238 0.30922732089500077 3.1321377670480115 122 145 152 0.93 61 668 409 73 457 97
1696 0.0036672248453876104 -0.17571425931090603 1.74958569323282 131 107 74 0.04 37 405 281 100 485 193
1697 -0.02850628185795755 -0.1536518360256423 1.7350296349946828 131 87 56 0.56 37 406 90 341 485 194
1698 -0.018806439806350172 -0.1625600858567668 1.7390614248582867 160 127 92 0.17 37 407 281 101 485 195
1699 -0.016545766065434724 -0.14032551535226012 1.721091908322401 165 141 117 0.55 90 342 189 336 485 196
1700 0.03475806721455912 -0.15524814119725694 1.7530386009858947 161 124 82 0.44 37 408 90 343 485 197
1701 -0.03459148361282337 -0.08771666105686962 1.699862232731641 97 66 45 0.45 37 409 60 21 90 344 264 226
1702 0.005223486393752707 -0.09423064462338186 1.710799130863158 203 157 109 0.11 37 410 281 102 485 198
1703 -0.053887214519512214 -0.06763102307677704 1.684820981370871 154 107 70 0.22 37 411 60 22 281 103
1704 0.03833522870278824 -0.08463929965253093 1.716214353508381 105 70 46 0.1 37 412 281 104 485 199
1705 0.04112503689540586 -0.08215766828674917 1.7142498597325042 90 61 38 0.35 37 413 90 345 281 105 485 200
1706 0.07376571730506383 -0.07709658855141159 1.7222576354369201 179 201 217 0.45 37 414 90 346 485 201
1707 0.06966932148051 -0.044627045123575945 1.7006698399339866 164 118 79 0.3 37 415 90 347 485 202
1708 0.10589789571993019 0.04264569095856454 1.5677911490024339 178 161 141 1.7 71 106 89 689 90 348
1709 0.10786858282814066 0.04273997342078131 1.5835892899789537 144 117 97 1.94 37 416 89 690 90 349
1710 0.14963212002086645 0.10185388884309453 0.9676195541879747 184 146 110 0.35 52 58 53 452 89 691 189 337 216 108 219 20
1711 -0.36961655169223595 0.38650115548099373 2.5903138073467225 68 57 43 1.59 53 453 90 350 409 74
1712 0.0035083853896995844 -0.24200859349262804 1.7770184313716575 143 107 73 0.69 37 417 89 692 90 351
1713 0.005035058493815737 -0.17486278810333372 1.750322031990097 143 119 85 0.22 37 418 90 352 485 203
1714 -0.006946059685403195 -0.14669433982946534 1.7366158388630417 150 114 80 0.7 37 419 90 353 211 80 485 204
1715 0.04698443424536961 -0.15250237900269697 1.7525536367462582 116 110 110 0.43 37 420 90 354 211 81 485 205
1716 0.05348797635929608 -0.13634602331593856 1.7447945030230638 115 104 94 0.24 37 421 90 355 485 206
1717 0.006886864573158156 -0.09576912825237048 1.7117453760083243 53 40 30 0.15 37 422 90 356 264 227 485 207
1718 0.03846452362265518 -0.10090142996400359 1.7236614221624051 166 134 100 0.19 37 423 89 693 90 357 189 338 208 137 264 228 281 106 485 208
1719 -0.022803930883651204 -0.06696000766629598 1.690425909942359 148 106 76 0.62 37 424 89 694 90 358 189 339
1720 0.0648669401331855 -0.04042297029613647 1.6992558733653949 158 123 89 0.26 37 425 211 82 485 209
1721 -0.05733925231727039 -0.02010138986573278 1.6575155737835314 146 94 59 0.3 37 426 89 695 189 340
1722 0.11171367230008256 0.09033619992740967 0.9785454277726621 77 55 44 0.25 20 209 190 88 191 100
1723 0.11354642785441699 0.061062373939028775 1.674592187396605 166 172 181 0.71 61 669 189 341 386 226
1724 -0.010340345656795069 -0.27728969599818515 1.8114940994802546 82 77 93 0.72 37 427 90 359 189 342
1725 -0.03871072130761428 -0.1740518430961666 1.740999465668791 126 94 67 0.33 37 428 90 360 485 210
1726 -0.037974850900689056 -0.16139385802927853 1.7340056241628055 130 98 69 0.61 37 429 39 55 89 696 258 243 460 97
1727 -0.009199677223146093 -0.16053679716279518 1.7439323808279497 159 121 95 0.36 37 430 89 697 189 343
1728 -0.0072210976350299185 -0.16201332594314488 1.740672738370951 97 71 52 0.16 37 431 208 138 211 83 485 211
1729 0.023996654505747634 -0.17246808568123484 1.758109990567074 126 91 67 0.37 37 432 71 107 89 698 189 344 485 212
1730 0.03784890139570686 -0.12220753490232408 1.7339673879141122 78 62 56 0.33 37 433 53 454 61 670 89 699 90 361 189 345 208 139 211 84 258 244 264 229 281 107 386 227 485 213
1731 -0.023061063345358915 -0.10867906164872929 1.713197288896484 177 145 111 0.28 37 434 189 346 281 108
1732 0.05905168795474881 -0.11388362413253587 1.737386528542595 92 81 80 0.31 37 435 90 362 208 140 485 214
1733 -0.06020637232759686 -0.08473732142631517 1.6925761320590738 134 102 72 0.38 32 428 37 436 71 108 89 700 90 363 189 347 258 245
1734 -0.04759559292696144 -0.07876544837355397 1.6930303061663572 81 55 40 0.26 37 437 90 364 211 85
1735 0.042445191380013465 -0.080384602108437 1.7150129126761804 180 139 100 0.13 37 438 89 701 189 348 211 86 281 109 485 215
1736 0.07253514041489983 -0.07795910560382247 1.721371549115248 124 100 80 0.31 37 439 90 365 485 216
1737 0.0719035334499087 -0.07464807098691245 1.7221455485733344 88 72 65 0.38 37 440 90 366 208 141 485 217
1738 0.02681292342225637 -0.06316589514089481 1.6984631851316405 177 117 78 0.27 37 441 89 702 189 349
1739 0.026188737089575455 -0.05827936133992992 1.6961399009290214 99 85 76 0.4 61 671 264 230 268 37
1740 -0.08133451533178712 -0.05443576078756458 1.6935857661603373 150 104 66 0.48 208 142 211 87 485 218
1741 -0.038209187170843255 -0.044172532550845 1.6768035049467909 174 134 96 0.29 37 442 89 703 90 367 189 350
1742 0.007072735274416921 -0.029292739148814702 1.6610327402839542 126 83 55 0.12 37 443 89 704 258 246
1743 0.017912749811614302 -0.02381350344545302 1.6662641196521348 158 109 62 0.21 37 444 39 56 71 109 89 705 264 231
1744 -0.108274951213575 -0.0446927445760116 1.8813570276161042 189 200 206 1.35 37 445 53 455 61 672 90 368 123 186 425 135
1745 -0.056908467354696964 0.01790120694492479 1.638153624042139 184 132 84 0.7 37 446 71 110 89 706
1746 -0.05825324144379411 0.025132424387524274 1.6345023530543616 164 111 71 0.41 37 447 71 111 89 707 154 56
1747 0.052559378753523504 0.03009928706595327 1.9183529699117583 80 52 41 1.01 37 448 53 456 61 673
1748 0.021763964279373896 0.1025217294812147 1.0151540028996846 41 18 6 1.4 37 449 126 303 258 247
1749 0.009253072267667552 0.13122588275460756 1.0263204700099104 60 26 10 0.58 126 304 152 271 190 89
1750 0.020996358293073378 0.13455590852548388 1.023553613795856 185 144 104 1.43 37 450 126 305 190 90
1751 0.044634337788890165 0.1299176260360605 1.0306650476770105 246 190 140 0.07 77 356 89 708 126 306
1752 -0.04769025446816196 -0.20768711215700106 1.7801677443892705 126 106 79 0.71 32 429 37 451 61 674 89 709 152 272 258 248 281 110 342 160 409 75 457 98
1753 -0.035180877042366776 -0.15585824768328174 1.7338720925693254 110 65 33 0.4 37 452 89 710 132 22
1754 -0.039437451926952555 -0.14448317391880833 1.7264538988882865 84 64 54 0.48 12 44 32 430 37 453 61 675 89 711 90 369 152 273 154 57 189 351 208 143 258 249 264 232 342 161 386 228 485 219
1755 -0.017240289755648324 -0.1438545754279331 1.7300668197855982 106 75 55 0.36 37 454 39 57 89 712 90 370 152 274 189 352 208 144 264 233 281 111 485 220
1756 -0.00529199515674281 -0.13501669498383384 1.727942150346297 113 75 49 0.57 32 431 37 455 61 676 77 357 89 713 126 307 152 275 264 234 386 229
1757 0.01639673549075239 -0.1250289206397421 1.7275678481513472 115 101 88 0.42 61 677 264 235 268 38 329 39 342 162 409 76
1758 -0.03001957628486307 -0.11933260798851289 1.7282110122148104 206 150 109 0.61 37 456 77 358 89 714 126 308
1759 0.03880650530232112 -0.11467926226543727 1.7335915122312235 147 94 40 0.82 37 457 71 112 89 715 126 309
1760 -0.041949912069340775 -0.07919790419826692 1.6958431198037005 121 95 69 1.51 61 678 143 323 361 63
1761 -0.015854563358078298 -0.060187334999682776 1.688633383203987 193 154 105 0.31 37 458 71 113 126 310
1762 0.008759860039789322 -0.0629853896191502 1.6924442943319324 176 136 88 0.25 60 23 90 371 211 88 485 221
1763 -0.06923577904408645 -0.045430396057500814 1.669918554152467 137 102 72 0.6 32 432 37 459 71 114 89 716 90 372 189 353 258 250
1764 -0.0412624868655098 -0.044226182676789946 1.673265971707173 190 156 106 0.62 37 460 60 24 90 373 208 145
1765 -0.08178737040766892 -0.006807780414141196 1.6529371864956373 114 75 46 0.58 25 244 37 461 77 359 89 717 126 311 258 251 264 236
1766 -0.17780457841758499 0.1566933636304176 1.9170291704102913 205 209 212 1.64 61 679 264 237 342 163
1767 -0.00037676293994435927 0.001554648718384751 1.6433247780277758 170 101 54 0.57 37 462 77 360 89 718 152 276
1768 0.03955970487885384 -0.00313487691565183 1.6595905499777264 153 102 61 0.88 37 463 61 680 89 719
1769 0.0464025035589019 0.004223474938367513 1.6642939626734687 171 119 76 0.45 37 464 77 361 89 720 143 324 152 277
1770 0.08952543696318375 -0.007682757497727534 1.7030314928501205 128 103 83 0.46 37 465 53 457 61 681
1771 0.0875633088345152 0.014405590681779134 1.6842845646217464 137 113 93 0.27 37 466 77 362 89 721 258 252
1772 -0.018324048341496778 0.03397337112104801 1.5374291770533146 165 114 73 0.34 37 467 53 458 89 722
1773 -0.01977151247744188 0.04409193195877012 1.5355559100454852 76 41 20 0.21 37 468 89 723 258 253 264 238
1774 0.07634238814727218 0.07019602231996182 1.5592895106666917 150 98 57 0.8 89 724 190 91 216 109 258 254
1775 -0.05239678611846609 0.09373308636590008 1.5150914062258647 112 63 28 0.28 37 469 89 725 264 239
1776 0.0026948304089302825 0.09551351982089659 1.5239924971442087 167 113 69 0.35 25 245 37 470 71 115 77 363 89 726 106 116 264 240
1777 -0.042981053514018465 0.10735373360620826 1.5189873803224059 108 65 36 0.26 37 471 61 682 152 278 264 241 386 230
1778 -0.004579657011469669 0.11210129960742335 1.5143000670347342 165 106 65 0.49 37 472 89 727 264 242
1779 -0.0009985204171150276 0.12446570426107449 1.105186236149094 40 24 16 1.03 37 473 126 312 190 92 191 101 258 255 264 243
1780 -0.05327428490746483 0.14406401480295095 1.4903853505592326 161 124 87 0.36 190 93 191 102 215 25 216 110
1781 0.006715577303432885 0.12838701136785002 1.0664350926525366 104 71 54 0.31 37 474 152 279 190 94 191 103 258 256
1782 0.004846738991331288 0.12966891328579846 1.06220563039351 118 92 74 1.16 106 117 126 313 190 95 191 104 258 257
1783 0.007498008095669959 0.12784392193768762 1.0435005901255228 51 15 8 1.49 37 475 126 314 258 258
1784 -0.031484115982896674 0.14629180330648292 1.2528008579790066 70 44 27 0.57 37 476 126 315 152 280 258 259 264 244
1785 -0.012517862501022416 0.13717209136979058 1.13591031352544 79 61 38 0.76 126 316 190 96 191 105
1786 -0.019568408605252566 0.14845061637275234 1.1863078584819007 136 101 62 0.96 37 477 126 317 264 245
1787 -0.018299409136943418 0.148494756350691 1.1829355656840637 122 95 68 0.59 126 318 190 97 191 106
1788 -0.0063358234042290885 0.14508778373486383 1.127647587953853 115 85 58 1.34 37 478 126 319 258 260 264 246
1789 0.04221380954382093 0.13875556067463665 1.030029460085548 208 162 116 0.91 37 479 39 58 89 728 126 320 191 107 216 111
1790 -0.01534615214566514 -0.21689749465071523 1.7612367657873402 180 133 93 1.33 37 480 77 364 89 729 90 374 126 321
1791 0.012659154154804515 -0.20763516137077428 1.7726580992869296 96 84 68 0.82 37 481 90 375 189 354 485 222
1792 -0.01945432202459723 -0.17711361700971576 1.7447970787752924 141 118 85 0.53 37 482 61 683 409 77 457 99
1793 0.0077240241909324985 -0.18003936003230367 1.7526709125645354 77 64 53 0.37 37 483 61 684 189 355 258 261 322 24 409 78 425 136 457 100
1794 0.014907472740964007 -0.1837972310501844 1.7592387206762705 101 89 74 0.63 37 484 61 685 123 187
1795 -0.04758723005892159 -0.16684743039065653 1.735255221381346 117 95 75 0.63 37 485 61 686 386 231
1796 -0.01876368780162797 -0.15251711351638444 1.7364315740722396 185 134 96 0.32 37 486 71 116 89 730
1797 0.003557706696996766 -0.15394803679714436 1.7388621940836877 81 56 44 0.49 37 487 77 365 89 731 90 376 152 281 189 356 208 146 211 89 281 112 485 223
1798 0.0033258091487099284 -0.15400469483529514 1.7369802323149006 95 63 48 0.21 12 45 37 488 77 366 89 732 152 282
1799 0.03455277291306552 -0.15675248185321725 1.749096244135693 195 150 110 0.22 37 489 77 367 90 377
1800 0.044283658813286886 -0.14050302474008106 1.7433311802235802 95 73 59 0.29 37 490 90 378 189 357 208 147 485 224
1801 0.011244019720659389 -0.10167241671447504 1.7148343242196646 158 127 96 0.6 37 491 61 687 77 368 89 733 90 379 126 322 189 358 208 148 258 262 342 164 386 232 425 137 457 101 485 225
1802 0.010828587019946576 -0.1025794468705515 1.7111707414589428 212 155 103 1.43 37 492 89 734 126 323
1803 0.04631117542706771 -0.08602449330324123 1.7189533581188867 161 121 83 0.42 37 493 89 735 189 359 281 113 485 226
1804 -0.018287113246804987 -0.05452963826277419 1.6874407840511727 162 108 76 0.14 37 494 89 736 264 247
1805 -0.060993883016714864 -0.045080830615254995 1.6831864730506856 194 151 111 0.3 37 495 77 369 126 324
1806 -0.0378344841157745 -0.04619595930749194 1.6687241297671647 142 113 97 1.15 37 496 89 737 90 380 189 360
1807 -0.0203497258441649 -0.046363387714134736 1.6810757523917448 100 74 62 0.73 37 497 61 688 77 370 189 361 264 248
1808 0.027514836815841288 -0.01608081424723891 1.6642094258760751 231 147 91 0.26 37 498 77 371 89 738
1809 0.04307361637694382 -0.018935932255810844 1.663632239857973 185 147 109 0.65 37 499 126 325 152 283
1810 0.07694773177627333 -0.01877730181121616 1.6694241626985542 101 69 47 0.32 37 500 216 112 457 102
1811 -0.06454272523980585 -0.0038914052272582995 1.6554190333196155 194 132 87 1.27 37 501 89 739 208 149
1812 0.04764610849584917 0.006304112387333271 1.6507226490702223 186 134 91 0.63 37 502 77 372 89 740 143 325 258 263
1813 -0.08538192521790733 0.016436544086907413 1.6447890621340886 160 118 86 0.83 37 503 53 459 77 373 89 741
1814 0.029825639447304767 0.07179553183377659 1.0374782478790117 157 101 63 0.52 37 504 89 742 90 381 152 284 189 362
1815 -0.08728753041364219 0.02639855990744906 1.6358948364280097 183 137 93 0.45 37 505 77 374 143 326
1816 0.01341907094441895 0.03788612483487192 1.5448479158967936 202 141 82 0.49 25 246 37 506 39 59 71 117 77 375 89 743 126 326 152 285
1817 0.012925457506161931 0.03799950815558386 1.5402997857801053 236 180 112 0.78 77 376 126 327 143 327 216 113
1818 0.047406576196284085 0.043329203783204234 1.5407546842336515 156 106 52 1.02 89 744 90 382 106 118 126 328 216 114 219 21
1819 0.059501333779175096 0.060615786244745 1.5492031140546072 138 87 57 0.19 37 507 77 377 258 264
1820 0.009330203966499771 0.09021637675469471 1.523918364985783 178 100 49 0.09 37 508 77 378 89 745
1821 -0.0035837595895911066 0.10391138547483986 1.5215604264329008 134 75 40 0.36 37 509 77 379 89 746 264 249
1822 -0.041786885602051294 0.10959929002291907 1.5181708570945198 128 79 42 0.59 25 247 32 433 37 510 61 689 71 118 77 380 89 747 90 383 126 329 152 286 264 250 386 233 425 138
1823 -0.0265684219106072 0.10768844619712897 1.5285532111411473 184 110 54 0.63 37 511 53 460 89 748
1824 0.022685884581315627 0.11584534005723457 1.0222607336598912 98 63 37 0.3 37 512 126 330 258 265
1825 -6.2308561640911235e-06 0.1243054793585137 1.0677234384417449 93 64 37 0.56 72 12 126 331 258 266
1826 0.03353944521242862 0.12128621788596175 1.0260567653817665 59 29 10 0.27 37 513 126 332 258 267
1827 0.040830486644111014 0.12159493290655002 1.0285711130137285 107 58 27 0.28 37 514 89 749 126 333 216 115 284 14
1828 -0.017998926962250895 0.134356947355325 1.1758174644333812 79 56 39 0.52 72 13 106 119 126 334 152 287 190 98 191 108 258 268
1829 -0.011606880819698897 0.13328330417478287 1.1368116551046292 78 58 37 0.58 72 14 126 335 190 99 191 109
1830 0.04408541184113114 0.12515284183128367 1.030682561645628 95 51 26 0.34 37 515 89 750 126 336 216 116 258 269
1831 -0.047441686543479474 0.15251640715256742 1.3143788618408683 51 35 14 1.13 37 516 126 337 264 251
1832 -0.03487852742763891 0.14664556333197631 1.2641811693845622 82 55 33 0.71 37 517 126 338 152 288 258 270 264 252
1833 -0.02081301666044963 0.14700762329336872 1.2061455839662378 111 84 62 1.88 37 518 89 751 123 188 152 289 190 100 258 271 264 253
1834 -0.019638997327100054 0.14741568220573892 1.1971989735157105 71 40 21 0.32 37 519 89 752 264 254
1835 -0.004672024120636392 -0.15338437266629718 1.7346096692394861 111 66 44 0.81 37 520 77 381 89 753 126 339 485 227
1836 -0.04982716782888582 -0.125863278450414 1.7191324193355926 96 60 38 0.84 37 521 61 690 77 382 89 754 126 340 457 103
1837 -0.0005439231651555868 -0.12062826501923239 1.7216254917362297 202 139 96 0.21 37 522 77 383 89 755
1838 0.024633156982685686 -0.11962499884448988 1.7310263994325144 178 144 116 0.72 12 46 37 523 77 384 89 756 126 341 189 363 281 114 485 228
1839 -0.015460100018722948 -0.10088482520905237 1.7095829838621153 145 101 67 0.31 25 248 37 524 89 757 189 364
1840 -0.00855451529287458 -0.0949734903150571 1.7099475994085123 156 102 71 0.42 37 525 77 385 89 758 126 342
1841 -0.0339195958809514 -0.08327291214253399 1.7019190811865226 150 126 99 0.63 7 31 37 526 61 691 77 386 90 384 126 343 258 272 386 234 425 139
1842 -0.00484491548242676 -0.08271416620047074 1.7088509900905882 209 168 129 0.6 37 527 77 387 89 759 126 344 189 365
1843 0.03953557689712982 -0.08073531309999558 1.7179667579253985 153 119 83 0.36 37 528 61 692 268 39 386 235 409 79 457 104
1844 -0.06710949719515479 -0.04879924027347081 1.6751938165953422 82 61 50 0.56 37 529 53 461 61 693 264 255 386 236 457 105
1845 -0.06261974093201916 -0.0320045585204252 1.6707260462362201 206 164 125 0.9 37 530 89 760 126 345 189 366
1846 -0.06243892754417813 -0.032025549887179185 1.6706493564998508 206 166 122 0.79 32 434 37 531 77 388 89 761 126 346 485 229
1847 -0.042218698393551524 -0.020420609319489882 1.6860632966986584 198 153 96 1.61 60 25 71 119
1848 0.03875182008936696 0.06893638366470735 1.0397428497816195 209 135 84 0.15 37 532 77 389 89 762
1849 0.05585905258887054 0.04003800118773718 1.5469981035159772 150 100 55 0.51 77 390 106 120 126 347 190 101
1850 0.06897295388791594 0.04030318824294691 1.5592637451262055 112 74 40 0.68 37 533 53 462 61 694 143 328 216 117 258 273
1851 -0.08776731896161773 0.04421586962688391 1.6461184778302704 89 67 50 0.72 37 534 53 463 61 695
1852 0.041049045947945596 0.08577643297943384 1.0349036761885697 169 106 70 0.45 37 535 89 763 174 3
1853 -0.04756792245209859 0.061175126811609644 1.5290490220636592 117 74 48 0.7 37 536 53 464 61 696 77 391 89 764 126 348 143 329 152 290 264 256 386 237
1854 -0.03893925230618031 0.058718543913468854 1.5298603509426991 135 85 49 0.6 25 249 37 537 71 120 77 392 89 765 90 385 126 349 152 291 264 257
1855 0.0417203607878875 0.09134931821247207 1.0341791013639177 140 100 63 0.5 39 60 53 465 61 697 77 393 89 766 123 189 174 4 216 118 258 274 284 15 386 238
1856 0.030849360554106697 0.09188611277853151 1.0261899753322872 152 103 72 1.03 37 538 174 5 190 102
1857 0.062446117203535816 0.0950413162523957 1.0375628172404447 181 119 81 0.05 37 539 77 394 89 767
1858 0.04184832990961933 0.09826495176617403 1.0324945108331403 169 117 77 0.64 37 540 77 395 89 768 174 6 190 103 214 92 216 119
1859 -0.046837950129223246 0.09912571023654923 1.5322475973215484 205 131 60 1.45 37 541 89 769 126 350 143 330
1860 0.014781178256795844 0.10772589945926724 1.0213340035861107 67 24 12 1.02 37 542 77 396 126 351
1861 0.0064471706092717376 0.11714434377067642 1.5232716033145388 216 131 75 0.21 37 543 77 397 89 770
1862 -0.02390502437579522 0.12208136496872853 1.5282771662856125 169 95 42 1.11 37 544 77 398 89 771 152 292
1863 -0.0023125733156614562 0.12185502952897986 1.5167322260303562 199 119 62 0.16 37 545 77 399 89 772
1864 0.0030029775732830126 0.12563604182441604 1.512931860677443 107 60 31 1.0 37 546 89 773 132 23 152 293 154 58 258 275
1865 0.001218817252490373 0.12540092525636218 1.0664925256210949 46 19 17 0.55 72 15 126 352 258 276
1866 0.006686808069474469 0.12032020264853778 1.048638203397555 97 63 38 1.12 37 547 126 353 190 104
1867 0.011009153620380924 0.12047252968859534 1.029205684591066 121 98 80 0.45 126 354 152 294 190 105 191 110 258 277
1868 0.03897734724364387 0.12373063851899481 1.0283106291731947 113 61 25 0.59 37 548 89 774 126 355 190 106 216 120
1869 0.029928100071820493 0.1364086325279162 1.464540235142247 74 56 46 1.44 190 107 191 111
1870 -0.017728086380191018 0.13810085939249242 1.1990576594906 121 95 70 1.21 37 549 89 775 126 356 132 24 152 295 258 278 264 258
1871 0.0013251236356901944 0.13159245330372554 1.0966461958065994 92 66 43 1.19 37 550 126 357 152 296 190 108 191 112
1872 0.027053111912489814 0.12696097108604792 1.0239467169736078 85 47 32 0.52 89 776 106 121 126 358 152 297
1873 -0.01337704042044944 0.138061225425796 1.174101161326715 128 95 73 0.21 37 551 77 400 152 298 258 279
1874 0.05097763932090428 -0.15138037762108464 1.7732670190413586 178 193 211 2.16 61 698 90 386 123 190 423 191
1875 0.022328584892662314 -0.08943793388952896 1.7179827632967877 198 153 114 1.19 37 552 77 401 89 777 126 359 189 367 208 150 485 230
1876 0.02330042704414396 -0.07913110231064532 1.7060143955861478 197 144 93 0.76 37 553 77 402 89 778 126 360
1877 -0.048330705368707906 -0.06295655832705283 1.6898590528331363 214 150 94 0.56 37 554 89 779 126 361
1878 -0.021965846878684442 -0.0619249037841946 1.6891681101486122 148 105 69 0.95 37 555 61 699 89 780 126 362 143 331 342 165
1879 0.04257676023922206 -0.06004323679861805 1.7032521933868017 166 124 83 0.71 37 556 61 700 409 80 457 106
1880 -0.046222193715072586 -0.03261222180276687 1.683683848622925 196 156 112 0.77 37 557 39 61 77 403 89 781 90 387 126 363
1881 -0.072131880214172 0.0012119781995835984 1.6526957751983427 100 59 39 0.28 37 558 61 701 77 404
1882 0.041048244773143935 0.0698726322885181 1.0402266527690127 175 118 77 0.16 37 559 77 405 174 7
1883 0.02858369398294603 0.04326486343492887 1.5344949813481161 94 59 35 0.63 37 560 61 702 77 406 89 782 208 151 219 22 258 280
1884 0.03806264908880374 0.08502869468655122 1.0345665307176029 196 124 73 0.44 37 561 77 407 89 783 174 8 216 121
1885 -0.023541894067308337 0.08068263356980239 1.5333811513909155 143 94 54 1.18 37 562 61 703 457 107
1886 0.06186686378333141 0.0928624516462613 1.0380179652540895 185 116 68 0.16 37 563 77 408 89 784 174 9
1887 0.07544950763949947 0.09135832369157738 1.04094756098765 163 112 75 0.87 52 59 53 466 89 785 153 31
1888 0.013738986830524541 0.10670403213897688 1.0262787554453452 104 61 41 0.72 37 564 77 409 258 281
1889 0.053418248874431834 0.10403713237641109 1.0504318387038953 108 73 50 1.32 37 565 216 122
1890 0.01774301344811128 0.11181040965940668 1.0233525615082975 92 62 47 0.24 37 566 53 467 77 410 123 191
1891 -0.008667735066124902 0.12602665523427292 1.5157947705270582 112 53 21 0.38 37 567 77 411 89 786
1892 0.02910172548589353 0.12248564235535155 1.0276274746623169 49 30 18 0.22 37 568 216 123 386 239 457 108
1893 -0.018011726277849156 0.14205424263270489 1.19348143793402 127 93 65 0.99 37 569 89 787 126 364 152 299 258 282
1894 0.006060939302282449 0.13527341458057382 1.0473552289997154 103 64 38 0.78 72 16 126 365 152 300 190 109 191 113 258 283
1895 -0.03241683704337287 -0.19133355418339043 1.760664416520853 171 141 114 1.23 61 704 89 788 189 368 208 152 485 231
1896 0.006936656458799162 -0.17212102360806364 1.7484242414366087 102 81 58 0.72 37 570 90 388 281 115 485 232
1897 -0.0005053222520060962 -0.13812738683156112 1.7281557887578745 126 98 72 0.63 37 571 61 705 90 389 208 153 211 90 258 284 264 259 386 240 460 98
1898 0.023397868638213293 -0.10757745981399022 1.7160152307846814 199 156 119 0.76 37 572 89 789 126 366
1899 -0.018661153343385917 -0.08941734699578684 1.70044432816066 199 162 130 0.72 12 47 37 573 77 412 89 790 126 367
1900 -0.06340144249132154 -0.07451784677739197 1.6940751581626423 225 175 132 0.84 37 574 77 413 89 791 126 368
1901 -0.08228512199834995 0.010078784553062164 1.6533268093053792 147 107 80 0.96 37 575 53 468 61 706 189 369
1902 -0.10702827979277306 0.037041504661733705 1.7131440605262684 156 106 67 1.13 37 576 89 792 90 390 152 301
1903 -0.04964032043246264 0.08052483803059651 1.5242152434342833 118 70 32 0.48 37 577 61 707 143 332 302 6
1904 0.01753034634213849 0.07289305013667319 1.5237341439769703 175 110 59 0.72 37 578 77 414 89 793 143 333
1905 0.012275338657443926 0.09546270091789877 1.0213297835548558 93 64 45 0.63 37 579 53 469 61 708 77 415 89 794 152 302 216 124
1906 0.035371883005860895 0.09836586354496148 1.0289805452817757 138 93 63 0.45 37 580 89 795 216 125
1907 0.03432756446146393 0.10939768493607363 1.031625121766464 88 59 42 0.56 53 470 61 709 77 416 89 796 143 334 152 303 189 370 342 166 409 81 457 109
1908 0.05960391199133534 0.11374031719454843 1.0195692839320083 10 7 8 1.18 37 581 152 304 258 285
1909 0.02459673512492291 0.1268370020022129 1.0254189855479128 57 28 19 0.78 37 582 77 417 89 797 126 369 152 305 190 110 191 114
1910 0.030566696356204587 0.12482094067037365 1.0250260684918826 20 9 7 0.19 37 583 126 370 190 111
1911 0.03362952689312128 0.13625396276264853 1.027224164745411 163 115 83 0.9 37 584 77 418 89 798 126 371
1912 -0.015765847451812497 -0.011220354002746003 1.6563204203770876 113 79 48 0.67 37 585 61 710 90 391 152 306 322 25 386 241 409 82 423 192 425 140 457 110
1913 -0.014711781937930527 0.1286946254711746 1.1707562773073192 97 64 40 0.69 37 586 61 711 123 192 409 83 457 111
1914 -0.00023653242342771687 0.13281555445609927 1.1146684929377992 102 72 53 1.1 37 587 72 17 77 419 89 799 106 122 152 307 154 59 190 112 191 115 258 286 264 260
1915 -0.024703959368942395 -0.19355182042837032 1.7658128558563313 161 131 102 1.01 32 435 37 588 61 712 77 420 89 800 152 308 189 371 281 116 485 233
1916 0.0436958684371658 0.08054447850361825 1.0369219499505717 123 80 33 0.6 61 713 143 335 284 16
1917 -0.04629783664126371 0.06778511974553182 1.5251897983412848 121 82 57 1.17 37 589 61 714 264 261 322 26
1918 0.0008676119457402127 0.12613463251618776 1.089010407249954 121 93 53 1.58 37 590 126 372 264 262
1919 0.03805980398128671 0.12026746038676037 1.0290045075898309 132 94 64 0.61 61 715 90 392 123 193 152 309 216 126 386 242 425 141
1920 -0.04967910994028574 -0.20458190858288952 1.7998168832993486 82 65 64 1.82 37 591 61 716 77 421 189 372 211 91
1921 -0.02377468354305764 0.11681383339195997 1.5178129071368334 219 133 77 0.62 37 592 77 422 89 801
1922 0.0030967200775225755 0.12263845322034427 1.0774753056491815 32 19 15 1.28 37 593 77 423 89 802 123 194 190 113 191 116 264 263
1923 0.017716003452408695 0.12482326282390654 1.0279675868455898 116 82 62 0.72 53 471 61 717 342 167 460 99
1924 0.016100437680700123 0.01039939935502005 1.5791147034238384 166 96 47 1.14 37 594 77 424 143 336
1925 -0.03577822069724909 -0.16320684942544253 1.7367727480947364 105 78 61 0.48 39 62 89 803 90 393 189 373 208 154 258 287 281 117
1926 -0.03393360336539985 -0.010967065340838559 1.6534602415340005 181 134 91 0.3 39 63 89 804 90 394 189 374
1927 0.022499338787209146 -0.17004683810664403 1.7554840927819457 134 102 75 0.19 39 64 89 805 264 264
1928 -0.05287661325512396 -0.12588941232700507 1.7131757586409075 148 113 77 0.96 39 65 71 121 89 806 90 395
1929 -0.06685108653332286 -0.003071490535204263 1.6536177023734837 136 88 53 0.33 39 66 89 807 258 288
1930 0.03330016779781486 -0.012057304733211456 1.6677658814587906 150 117 82 0.37 39 67 61 718 89 808 264 265
1931 -0.10519339316874919 0.029130912633810725 1.6954816364624983 95 68 40 0.61 39 68 89 809 258 289
1932 -0.030145470049378738 0.07183051205310303 1.5270332558334412 124 92 62 0.63 71 122 89 810 90 396 264 266
1933 0.1375927002244528 0.10559975078608037 0.9776414917969007 105 90 67 1.66 39 69 90 397 189 375
1934 -0.03605995122180198 -0.1849034194063889 1.7481279180451617 194 152 112 0.33 39 70 77 425 89 811
1935 -0.04261129373610918 0.04366520732363949 1.48234436161865 211 150 70 1.32 39 71 215 26 216 127
1936 0.1956292277884394 0.10849244001091939 0.9983670783006964 138 114 86 1.84 39 72 189 376
1937 -0.011074122852846332 0.14012925954566888 1.0995312237407189 54 34 24 0.94 89 812 191 117
1938 -0.03843779349856195 -0.1819681732782915 1.7465333759451467 76 50 30 0.56 32 436 39 73 71 123 89 813 152 310
1939 -0.044981490690883856 -0.12424534813308757 1.7241635145017176 216 167 113 1.87 39 74 89 814 126 373
1940 -0.03459126705585833 -0.07514542304910204 1.6925808121898598 177 132 90 0.76 25 250 89 815 126 374 485 234
1941 -0.091327818373333 -0.07199257999607063 1.751868520227138 176 190 197 1.49 89 816 90 398
1942 -0.11898314322071449 0.19247201486742183 1.6218025525510733 190 146 95 0.95 39 75 89 817 126 375
1943 -0.05137473215977713 -0.08113440144374305 1.6793155965334459 156 112 67 0.77 39 76 89 818 90 399
1944 0.03237771561612021 0.16839335262893515 1.0274405424354314 126 76 35 0.45 89 819 123 195 126 376
1945 -0.018980664525116094 -0.14882035689368586 1.7297070987957872 191 148 107 0.6 39 77 89 820 90 400
1946 0.1724545943183009 0.08628544650569629 1.0689909032575249 198 144 87 1.77 39 78 77 426 89 821
1947 -0.08575635776838919 0.044099058790649036 1.635978781790643 191 125 70 1.05 39 79 89 822 152 311
1948 -0.03913397825048505 0.050740410149907475 1.5280096468221267 223 163 98 1.4 39 80 77 427 89 823 126 377 152 312
1949 -0.10043812149821456 0.09020149869279735 1.5834419678863256 194 121 59 1.99 39 81 89 824 152 313
1950 -0.13427795667208733 0.25902859258927713 1.744709072826014 118 93 76 1.69 90 401 190 114 264 267
1951 -0.5660687154472225 0.36077821456774983 3.1892124510622275 87 93 94 0.45 61 719 409 84 457 112
1952 -0.024477595920250582 0.13920467912487025 1.208250551706642 112 74 47 0.36 52 60 89 825 123 196
1953 0.19351035597557842 0.07249476876411846 0.4312543532689099 70 55 40 0.64 53 472 61 720 143 337
1954 0.026091991084314932 0.04860620745689308 1.7090346072288716 104 70 46 1.91 52 61 153 32
1955 0.07831062211550924 0.15388558474564795 0.9983469601795466 137 90 58 0.39 52 62 89 826 216 128
1956 0.08025276075924183 0.13366733243130957 0.9966981554264643 43 32 29 1.06 52 63 77 428 123 197
1957 0.07751848689580731 0.10960972749819159 0.9913462930068693 121 100 80 0.19 52 64 89 827 90 402 189 377
1958 0.07756285114810668 0.10020235259625009 1.0005461406845253 192 146 107 0.28 52 65 89 828 90 403
1959 0.1131814089298683 0.16273388408755352 1.2034107095781337 116 89 70 0.77 52 66 77 429 90 404
1960 0.11286432772664022 0.10223293801490169 0.9522265220552187 107 86 72 0.4 52 67 89 829 90 405 189 378
1961 0.1305806581110533 0.10314980559890535 0.9614908103967511 114 94 76 0.46 52 68 89 830 90 406 189 379 216 129 258 290
1962 0.1528784251590642 0.0962812427133077 0.9738444660413542 196 160 129 0.7 89 831 90 407 189 380 219 23
1963 0.1705531326480451 0.1015298289090957 0.9739149681258039 205 159 115 0.86 89 832 208 155 219 24
1964 0.23286628000248016 0.09170596940367438 1.0767013364028653 176 114 63 0.7 89 833 189 381 219 25
1965 0.24263760273063995 0.13231728142876098 1.0709535962873682 117 79 51 0.4 89 834 189 382 219 26
1966 -0.22847796035395262 0.30857641296241933 1.6990183924139701 178 157 134 1.03 132 25 190 115 191 118
1967 0.03613597945866364 0.13823831813946275 1.0272532841269832 68 31 16 0.7 77 430 89 835 126 378 152 314 258 291
1968 0.05282274325395657 0.005281887083208293 1.6375450822852007 171 120 80 1.29 61 721 71 124 89 836
1969 -0.037979059186401216 -0.02962313259428925 1.6717168921811794 151 112 81 0.47 89 837 90 408 154 60
1970 0.005122871480941507 0.09976092612971262 1.0388953225887407 162 129 102 0.38 52 69 77 431 89 838 123 198
1971 0.01763703725051847 0.14275208651351748 1.0228204061981916 238 176 135 0.08 77 432 89 839 190 116
1972 0.03838233618942248 0.10735057528620251 0.5158327340377733 92 64 44 0.27 52 70 89 840 215 27
1973 0.039597872785811665 0.10717769936515754 0.530163010071465 123 88 63 0.97 52 71 89 841 215 28
1974 0.07228467595836541 0.16728777093217126 0.9979914146848333 125 82 46 0.3 52 72 89 842 208 156
1975 0.07373859834452319 0.16204114806058292 0.9962400449059573 151 92 54 0.39 52 73 89 843 216 130
1976 0.0726137111645909 0.13100781152203445 1.0061450312748705 105 76 47 0.58 52 74 53 473 89 844 126 379
1977 0.05504028245173575 0.10948340602584111 0.5242922956769184 93 63 41 1.23 52 75 89 845 215 29
1978 0.05628414445517563 0.11194029522191094 0.5272127847672121 85 58 42 0.36 53 474 77 433 90 409
1979 0.053544079982372574 0.10540252599850598 0.5415993999427193 131 90 62 0.35 52 76 89 846 215 30
1980 0.05574932516659386 0.10493830318582456 0.5373306187033474 176 130 95 0.74 52 77 89 847 215 31
1981 0.08118681373289488 0.14714914899968146 1.0022887920515442 148 121 94 0.36 52 78 89 848 90 410 190 117
1982 0.08129077231583723 0.14465668642323143 1.0020092275182753 50 46 44 0.64 52 79 89 849 106 123
1983 0.08293401369681692 0.0836095143194345 1.0530744640208864 124 89 63 0.63 52 80 61 722 284 17
1984 0.0619338705150595 0.11006201504598426 0.5313942176148764 98 73 54 0.38 53 475 89 850 90 411
1985 0.08559622688733264 0.10682442914954153 0.999319533427204 164 125 93 0.2 52 81 53 476 89 851 90 412 189 383
1986 0.06439513500058376 0.10534085162056565 0.5427138745452247 113 80 59 0.79 52 82 89 852 215 32
1987 0.11236605861155788 0.10287757458440892 0.9490443682194019 46 32 24 0.24 52 83 89 853 90 413
1988 0.12724484627586202 0.16180311445505394 0.984787918712441 136 95 69 1.12 52 84 89 854 258 292
1989 0.12502495467222233 0.09743938739175818 0.965404363730944 138 105 81 0.31 52 85 89 855 90 414 189 384
1990 0.07696116397643449 0.09772021154035546 0.49271899132383923 116 92 71 0.69 89 856 123 199 215 33
1991 0.12626700129599042 0.09816697710508884 0.9643732968253933 164 121 89 0.28 52 86 89 857 152 315
1992 0.12656819983102985 0.09567754228710663 0.9677711168815559 187 146 114 0.17 52 87 89 858 219 27
1993 0.14103328896534548 0.09515857463443585 0.9680357666136563 143 104 77 0.07 52 88 53 477 89 859
1994 0.1442646903516897 0.09621655136215937 0.9716392709297788 198 160 126 0.64 89 860 90 415 189 385 219 28
1995 0.15589005637922 0.14962306026613925 0.9456661577362028 126 86 61 1.89 52 89 89 861 123 200
1996 0.1677494789068521 0.10585840950094945 0.9701670289703599 79 63 50 0.85 89 862 189 386 216 131
1997 0.3593417187971081 0.16203758187172088 1.3922195258802115 190 199 197 1.54 61 723 123 201
1998 -0.3078475732400304 0.3649272677073919 2.472986325578251 99 92 74 1.56 61 724 90 416 425 142 457 113
1999 -0.11828250176082805 0.09322975118286062 1.634105922399051 103 81 64 0.65 53 478 61 725 179 9
2000 -0.09061745282166513 0.048220656781991576 1.6280965848464939 98 68 45 0.77 25 251 53 479 61 726 89 863 152 316
2001 -0.0921121978408837 0.01973537329061062 1.6491478583373642 145 119 87 0.71 53 480 61 727 89 864 90 417 189 387 386 243 409 85 423 193 425 143
2002 -0.07134115518069085 -0.11701990169067161 1.733483307524878 180 182 176 1.41 53 481 61 728 225 13
2003 -0.04261233240585834 0.1930875164150876 1.3296049208208554 69 51 37 0.95 53 482 61 729 423 194
2004 -0.05529610202110054 -0.13206410511041775 1.7061126680854548 76 54 41 0.45 61 730 90 418 386 244 425 144
2005 -0.01679338121376597 0.17599979906106636 1.3137328400112045 92 62 38 1.68 53 483 90 419 258 293 425 145
2006 0.013233392752886805 0.11809298623919375 1.038199054744604 176 123 78 1.03 52 90 77 434 216 132
2007 0.011459180996884625 0.11264897339996027 1.050095985645588 92 58 39 0.37 53 484 61 731 409 86 457 114
2008 0.015156659005428496 0.09853105671791766 1.0176161130255459 104 82 62 0.67 53 485 77 435 89 865 126 380 152 317 190 118 191 119 216 133
2009 0.018022613651098113 0.09128789399179217 1.0273724724899194 100 70 50 0.25 53 486 61 732 457 115
2010 0.025827222811136346 0.16726761405180002 1.022373186315872 111 77 56 1.06 53 487 61 733 77 436 89 866 152 318 189 388 425 146 457 116
2011 0.0361931813303761 0.1061803453103893 0.5429135241433816 86 50 34 1.09 53 488 77 437 89 867
2012 0.04170410951687891 0.07175008742443292 1.0396219403129263 82 64 49 0.31 61 734 258 294 268 40 386 245 409 87 457 117
2013 0.051412289409879845 0.10420227785249161 1.0311009568543674 74 49 34 0.9 53 489 77 438 89 868 90 420 123 202 143 338 152 319 189 389 216 134
2014 0.04585285536457881 0.11084415514157035 0.5201592250805583 138 94 66 1.25 52 91 89 869 215 34
2015 0.04368688520090842 0.1069178040100208 0.5462479580163146 96 68 51 0.64 53 490 77 439 90 421
2016 0.047673365792814386 0.10642339972102442 0.5437228533467148 113 76 45 0.59 53 491 89 870 90 422
2017 0.0697446004999022 0.07387423252213135 1.5249551464194213 135 99 73 1.9 52 92 61 735 153 33
2018 0.0741103554773874 0.0380899146163994 1.5556230437740894 194 158 126 0.43 77 440 89 871 190 119 191 120
2019 0.07007735444887207 -0.011122651776097036 1.685829672453513 158 110 70 0.65 37 595 53 492 61 736 89 872 90 423 143 339
2020 0.06615446822354529 0.10662125368355516 0.9967525664833415 141 119 95 0.38 52 93 53 493 61 737 189 390 425 147
2021 0.053724040808206516 0.10751126521369318 0.5277501447076879 122 83 58 0.84 52 94 89 873 215 35
2022 0.05698006490632172 0.11131272705812437 0.530558385388407 98 68 44 0.31 53 494 77 441 90 424
2023 0.08288602095758663 0.16436375222962557 0.9771467786351494 136 95 62 1.52 52 95 53 495 126 381
2024 0.08144363892710975 0.10211735708728238 1.0004730396107417 160 126 90 0.23 52 96 53 496 89 874 90 425 152 320 189 391 216 135
2025 0.08550012090812072 0.10030058192628612 1.0045552352388745 115 86 63 0.56 52 97 53 497 77 442 89 875 153 34 208 157 216 136
2026 0.09317563731923433 0.08402122522424003 1.0479888570798968 142 101 68 0.72 52 98 53 498 61 738 152 321 342 168 457 118
2027 0.08930114175038181 0.07236983984419493 1.0508917739341297 120 85 58 0.26 52 99 53 499 61 739 409 88 457 119
2028 0.06544610730172368 0.10761731125073014 0.5495997189491298 131 102 78 0.49 53 500 77 443 90 426
2029 0.09601346244306593 0.10356224558940237 0.9871808718367505 160 126 100 0.44 52 100 77 444 89 876 123 203 216 137 258 295
2030 0.08902504001339645 0.11233764957388341 0.7790071079071718 110 79 60 0.57 52 101 53 501 77 445
2031 0.10992490034526692 0.10334764972822366 0.9511250771927224 56 45 38 0.29 52 102 53 502 61 740 89 877 90 427 153 35 189 392
2032 0.1327207904012653 0.10406950019739561 0.9560588229997455 60 49 44 0.37 52 103 53 503 89 878 90 428 189 393
2033 0.13915964326435393 0.09864346907477307 0.9672371246471851 134 98 72 0.33 52 104 53 504 89 879 152 322
2034 0.15136105973310035 0.10457049305722346 0.9621963527774676 54 49 43 0.54 53 505 61 741 90 429 189 394 386 246 425 148
2035 0.15476527744381516 0.09892666331119453 0.9720621705155472 185 137 99 0.34 89 880 216 138 219 29
2036 0.1573684093012352 0.10510030067568954 0.9650201226097188 54 41 37 1.02 53 506 77 446 89 881 90 430 189 395 214 93 258 296
2037 0.1681587344982379 0.10035911999369805 0.9740654590442693 197 155 113 0.52 53 507 89 882 208 158 215 36 219 30
2038 0.2284307258106226 0.1421094818871009 1.057824178581861 123 86 62 1.05 89 883 143 340 189 396
2039 0.2319494771070013 0.13592990034475877 1.0697226791968815 75 52 39 0.49 89 884 123 204 189 397
2040 0.22005670601728164 0.11354959312467786 0.9961641486093918 55 43 37 0.86 53 508 61 742 143 341 189 398 423 195
2041 -0.23961418092101916 0.3398883912232211 1.8766831006490485 207 160 116 1.67 53 509 89 885 126 382
2042 -0.4320133272370137 0.4053292465341581 3.233094225285886 133 146 152 1.73 53 510 61 743 457 120
2043 -0.13349985339562842 0.25485298596412964 1.4367503147330474 85 62 43 1.64 53 511 61 744 143 342
2044 -0.1533844890958049 0.25153418640183384 1.7212761794147147 160 111 77 0.84 53 512 90 431 189 399 386 247 423 196 425 149 457 121
2045 -0.12442334913055687 0.2943952958181021 1.5816474690358224 174 122 84 1.85 77 447 89 886 126 383
2046 -0.11987812413423785 0.27258880131079766 1.5151520793026532 134 93 58 1.08 53 513 61 745 152 323 409 89 457 122
2047 -0.10792891551755693 0.26468875795302443 1.472774742795841 92 75 54 0.55 53 514 179 10 386 248 423 197
2048 -0.11514282853162774 0.268913258645709 1.5164074855544145 80 52 39 1.31 53 515 61 746 152 324 409 90 457 123
2049 -0.15158566048188649 0.27202325402806715 1.7727870612083363 102 63 50 0.62 53 516 61 747 90 432 423 198 425 150
2050 -0.1304217793062366 0.2577929908827973 1.6984159573420987 117 89 68 1.11 53 517 61 748 90 433 264 268 342 169 386 249 425 151
2051 -0.07775750281286621 0.07339466495066319 1.2857056431823297 96 74 55 2.44 53 518 61 749 284 18
2052 -0.09625515479591942 0.06452089831509902 1.4575288809769302 101 83 63 1.17 53 519 61 750 329 40
2053 -0.08907970196664453 0.21616198244974213 1.5386511193473136 108 76 53 0.64 53 520 61 751 425 152
2054 -0.09168102411061009 0.054021025939151174 1.634679993350418 114 91 67 0.76 61 752 302 7 342 170 423 199
2055 -0.09881634861381908 0.03902805438616111 1.7026601347987984 88 63 47 0.37 53 521 61 753 90 434
2056 -0.050594021307270406 0.21032643322401706 1.2178880099630112 118 105 89 1.33 53 522 342 171 386 250
2057 -0.05844372913210866 0.1324385159659091 1.4987967259570012 78 44 23 1.16 53 523 61 754 89 887 126 384 143 343 386 251
2058 -0.07293678922939721 0.052492294559410325 1.629984098960979 118 93 76 0.66 53 524 61 755 189 400 361 64 386 252
2059 -0.0794625828227168 0.01681083090420986 1.6426656355956524 145 110 77 0.6 32 437 53 525 61 756 77 448 89 888 90 435 126 385 143 344 152 325 189 401 264 269 342 172 409 91
2060 -0.028444889302113356 0.15954522989287936 1.253890032693504 102 71 44 0.82 61 757 89 889 90 436 423 200 425 153
2061 -0.05290517964485962 0.13552458661338246 1.5097442592301904 82 64 47 0.42 53 526 61 758 264 270 409 92 457 124
2062 -0.05731611039723565 0.04922246878361174 1.6092950270226987 142 111 78 0.3 53 527 61 759 90 437
2063 -0.04775553049702464 0.04477352650961432 1.556967580676493 139 104 71 0.41 61 760 90 438 302 8 425 154
2064 -0.05238985820857846 -0.03684543107987142 1.6702169453375892 140 113 80 0.42 61 761 90 439 329 41 409 93 457 125
2065 -0.05034984455318534 -0.04737377992839339 1.670825173007083 67 51 40 0.19 53 528 61 762 409 94 457 126
2066 0.011977783671157864 0.12588501447755074 0.624090652263561 111 85 63 1.8 53 529 61 763 143 345
2067 -0.0330524357860404 0.036752165923005314 1.6121958534538319 99 67 44 0.16 53 530 61 764 90 440 302 9 425 155
2068 -0.048027503749624376 -0.07561089987671037 1.694241539824564 138 112 88 0.67 53 531 61 765 90 441 189 402 342 173 361 65 457 127
2069 -0.04436028875795318 -0.0868692537915287 1.697724116891344 71 52 40 0.75 53 532 61 766 409 95 457 128
2070 -0.04682722868451247 -0.15373361045445771 1.7313551050403317 86 81 71 1.41 53 533 61 767 264 271
2071 0.0011321942830048116 0.17296326068732842 1.097736482352531 78 51 39 1.57 61 768 77 449 258 297 425 156 460 100
2072 -0.01817094426217346 -0.09427839175669914 1.7072518270602801 133 111 92 0.51 53 534 61 769 264 272 268 41 409 96
2073 0.01794934410567899 0.11191433294664818 1.023642595244202 100 66 54 0.42 52 105 53 535 77 450 106 124 152 326
2074 0.011559971090880989 0.10219154007292117 1.0320409423980967 59 48 40 0.74 61 770 90 442 189 403 423 201
2075 0.003668635937860532 -0.15352025121203164 1.7356317330511961 71 57 53 0.63 53 536 61 771 90 443 189 404 264 273 268 42 386 253 409 97 423 202 425 157 485 235
2076 -0.008927901251088976 -0.28469865915883974 1.8107536039492267 180 183 190 1.09 61 772 258 298 322 27
2077 0.02342031524904816 0.171814036850897 1.0131962054963497 155 115 83 0.82 32 438 53 537 61 773 77 451 89 890 90 444 106 125 123 205 152 327 189 405 386 254 409 98 423 203 425 158 457 129 460 101
2078 0.02989411881497991 0.12801821563678048 1.0567465814311645 56 37 29 0.55 52 106 61 774 153 36
2079 0.029345579171680847 0.08425855352799101 1.032231939497362 209 136 73 0.48 53 538 89 891 216 139
2080 0.04360214954117029 -0.11438271989173861 1.7314847519268115 73 56 45 0.52 53 539 61 775 264 274 322 28 409 99 457 130
2081 0.04341041326950754 0.08916072793180879 0.6414969494184865 60 38 25 0.26 53 540 61 776 215 37
2082 0.044841740127210886 0.0895370353060452 0.6572111989143097 202 162 124 1.04 52 107 53 541 90 445 383 25 425 159
2083 0.04724837009510947 0.0961537383917189 0.6392837304190889 63 40 29 1.45 52 108 77 452 215 38
2084 0.064310634215287 0.09267310628565008 1.0385054753739549 91 66 49 0.17 52 109 53 542 61 777 258 299 457 131
2085 0.07877493868389593 0.04020985840963324 1.5678837557300287 119 88 66 0.73 53 543 61 778 90 446 189 406 216 140 457 132
2086 0.05134674421260584 0.10983054685885546 0.5304185064471905 116 92 72 0.66 53 544 61 779 77 453 425 160
2087 0.07310726660060733 0.15985870147881132 0.9970630492875392 124 82 55 0.7 52 110 53 545 89 892 152 328 189 407
2088 0.0708973365916849 0.0956492940283117 1.0373893927857527 149 118 88 0.31 52 111 53 546 61 780 342 174 409 100
2089 0.07583820870489887 0.09210022792463682 1.0579474965039015 114 86 68 0.5 52 112 53 547 61 781 215 39
2090 0.08761789710309228 0.07392673958026263 1.4578143888752462 146 111 84 1.81 52 113 53 548 61 782
2091 0.10144179175252699 0.07358405760119528 1.7260962191737406 144 106 75 0.37 61 783 90 447 425 161
2092 0.056455138660264845 0.11180201577774729 0.5307397410571164 110 86 68 0.7 53 549 61 784 77 454 90 448 425 162
2093 0.08804906774213307 0.17552975333403298 1.0215563193430595 112 91 79 1.13 61 785 77 455 143 346
2094 0.08932160913021694 0.10378604791814038 1.0035742119873277 155 123 95 0.17 52 114 53 550 77 456
2095 0.08929755805218122 0.1037447272931764 1.0026086273029569 151 119 88 0.19 52 115 77 457 90 449 152 329
2096 0.10294757610613557 0.12854295060678933 0.9822340978624583 114 93 68 0.57 52 116 61 786 153 37 425 163
2097 0.12201122201883156 0.16977140076537514 0.9602043009345437 142 94 67 0.19 52 117 53 551 89 893
2098 0.08074702474625735 0.10298261948681442 0.49619156268670994 87 64 42 0.83 53 552 61 787 143 347
2099 0.13923286003145602 0.14565355056881404 0.9166892731570531 124 98 69 0.34 52 118 53 553 61 788 386 255
2100 0.1491689870315985 0.1054996433842821 0.9682182656927859 72 60 52 0.74 61 789 77 458 90 450 143 348 189 408 386 256 423 204
2101 0.15037269839592374 0.10759434802652247 0.9679128446018177 53 45 40 0.3 52 119 53 554 89 894 123 206
2102 0.16192204837398785 0.0942982016233654 0.9824128121591721 108 89 71 0.71 61 790 189 409 423 205 425 164
2103 0.17096018830668083 0.14019365058387662 0.9654741954899118 76 60 48 0.41 52 120 53 555 61 791 386 257
2104 0.18453038190802348 0.09980118059569076 0.9774090805409528 153 110 74 0.89 53 556 77 459 89 895 143 349 152 330
2105 0.18457977153623945 0.09950915551955707 0.9766316338765384 163 119 82 0.52 52 121 53 557 89 896 153 38 215 40
2106 0.22759837052816317 0.1399385866412193 1.0688893781033404 157 115 82 0.78 53 558 89 897 189 410 219 31
2107 0.22224036766396765 0.09300238953796974 1.0760356944407057 149 101 64 1.03 20 210 53 559 61 792 89 898 143 350 189 411 386 258
2108 0.23374505501018192 0.1578511518465022 1.0667958729752602 45 35 29 0.72 53 560 61 793 268 43 386 259 423 206
2109 0.2436011260205716 0.1542244437578299 1.06875512583648 106 74 57 0.56 53 561 61 794 77 460 89 899 189 412 386 260 423 207
2110 0.2281019665802631 0.10676356808254198 1.0372732496998314 117 85 57 0.57 61 795 143 351 189 413
2111 0.2432859678711586 0.17334372810163481 1.0374630808420764 127 88 60 1.12 53 562 61 796 89 900 143 352
2112 0.24929834804603418 0.1134763753404181 1.0703120840758866 46 37 34 0.75 53 563 61 797 189 414 386 261 423 208
2113 0.24814981917411663 0.10547666513259385 1.0660659975937223 105 76 57 0.98 53 564 61 798 77 461 89 901 123 207 143 353 189 415 215 41
2114 0.25874122653460513 0.09109591370371115 1.1045944558386707 218 168 124 0.64 52 122 77 462 215 42
2115 0.26021112418844244 0.10600445948894538 1.0806623273532876 123 119 119 0.65 53 565 61 799 123 208 189 416 214 94 215 43
2116 -0.16972343622891917 0.2944237732043853 1.7400926656667655 73 49 36 0.8 53 566 61 800 89 902
2117 -0.11555937377780384 0.25154806127777046 1.5416029827018292 101 63 37 1.82 53 567 61 801 143 354
2118 -0.13851215257385133 0.17924779149681605 1.7644581463801394 99 58 41 0.39 53 568 61 802 425 165
2119 -0.11782428400150403 0.08376571406093507 1.6141516883568883 94 78 62 0.46 53 569 61 803 329 42
2120 -0.09364775188245358 0.25137251471815963 1.5426840772707597 129 94 65 1.03 53 570 61 804 457 133
2121 -0.07016105536474254 0.2066939029018085 1.3654583338025674 77 44 28 1.75 53 571 61 805 143 355
2122 -0.050797918463326666 0.20251512867306157 1.262604877043638 61 39 31 1.73 53 572 61 806 342 175
2123 -0.025053548136267735 0.17604886828323885 1.1814977834898024 134 98 58 2.16 53 573 61 807 143 356
2124 -0.044934324953435856 0.12359144807063682 1.515307488013027 72 51 37 0.68 61 808 264 275 386 262 457 134
2125 -0.040317537821555394 0.0982764873058856 1.5068983578733686 108 83 62 0.28 53 574 61 809 90 451 425 166
2126 -0.0485987998711259 0.05719787069943024 1.534148280440938 128 90 60 0.81 53 575 61 810 143 357 264 276 302 10
2127 -0.04977536354951633 0.047837177195193516 1.5549786144804825 84 57 42 0.5 53 576 61 811 264 277 302 11
2128 -0.050449319491681986 -0.019818541579782276 1.6685192141768463 116 90 64 0.58 53 577 61 812 409 101 457 135
2129 -0.05485111311636185 -0.11581090542357365 1.710754926848867 134 115 86 1.01 53 578 61 813 457 136
2130 0.008597273962485082 0.1278167496494729 0.6420946809145534 85 66 50 1.55 53 579 61 814 386 263
2131 -0.04379182724446218 -0.052997117807050305 1.6867447748139899 102 87 71 0.72 53 580 61 815 264 278
2132 0.014710368594651904 0.11868152265230457 0.6087862416858757 118 98 78 1.73 53 581 61 816 386 264
2133 -0.002408741225805102 0.13912310747108314 1.13101133137843 95 67 44 0.64 53 582 61 817 90 452
2134 0.010036589362868461 0.07819984613228999 1.0635556284785916 156 115 73 0.63 53 583 61 818 216 141
2135 0.017227789100559325 0.08066777029056828 1.0512126244346205 154 117 84 1.01 52 123 61 819 215 44
2136 0.027584872535133583 0.11746059692667835 0.5502651299875981 94 75 58 1.68 53 584 61 820 423 209 425 167
2137 0.024119121078359326 0.15966026406243916 1.0212642374851166 76 47 31 0.63 53 585 61 821 189 417 216 142 342 176 386 265 409 102 457 137
2138 0.03473969950722892 0.09202441309723691 1.032796108678097 80 54 41 0.57 53 586 61 822 77 463 89 903 216 143 258 300 268 44 342 177 386 266 460 102
2139 0.036062884512335205 0.045097931727045064 1.4998073331197679 119 102 80 1.43 53 587 61 823 90 453 423 210
2140 0.04587072192951246 0.07092434425376565 1.040088888571471 119 80 51 0.42 53 588 61 824 89 904 386 267 457 138
2141 0.04576253767137735 0.07080418578850967 1.0397477550747976 99 73 51 0.26 52 124 61 825 409 103 457 139
2142 0.05679395229750723 0.03993996108424819 1.551342874238144 78 65 56 0.36 61 826 258 301 264 279 268 45
2143 0.05081885387953803 0.024540767940934783 1.6078903727408769 103 79 58 0.33 53 589 61 827 302 12
2144 0.05056811504722237 0.02412868657498336 1.6394542561288967 132 102 66 0.68 53 590 61 828 143 358 386 268 423 211
2145 0.04534238266828281 0.1136934113065027 0.5467319726381676 67 52 40 1.82 53 591 61 829 214 95
2146 0.045959916258371834 0.10925886401490918 0.542971786096021 74 57 48 0.79 53 592 61 830 425 168
2147 0.05245400232371171 0.10962065557729896 0.5345101814629233 82 61 46 0.51 53 593 61 831 77 464
2148 0.06790617668858202 0.10482104201443068 1.0022475698099398 162 130 101 0.64 52 125 53 594 61 832 77 465 89 905 153 39 284 19
2149 0.08612709524409949 0.06118332564616504 1.5592967508127389 196 150 109 0.67 61 833 77 466 89 906 190 120 191 121 219 32
2150 0.09113746927151344 0.2021718622946048 1.1342920264760823 103 85 70 1.3 52 126 53 595 179 11 386 269 425 169
2151 0.0746546192086771 0.10290306539229054 0.9993837062902621 155 119 83 0.4 52 127 53 596 61 834 77 467 89 907 90 454 152 331 189 418 409 104 425 170 457 140
2152 0.10820068980915815 0.04585812243284062 1.5689764579614058 183 203 227 0.63 77 468 143 359 152 332
2153 0.09421237400818104 0.1586376021502793 1.0014945491159024 127 107 78 0.42 52 128 61 835 342 178 409 105 457 141
2154 0.090331828369249 0.09504738512345111 1.0121140167698683 92 63 47 0.51 52 129 53 597 61 836 90 455 153 40 189 419 383 26
2155 0.09656358926209124 0.08767008238380189 1.0484418676202032 175 123 80 0.39 52 130 61 837 89 908 143 360 153 41 189 420 216 144 386 270
2156 0.09988150548660894 0.09761484600879379 0.9987593730017508 130 104 80 0.37 52 131 53 598 61 838
2157 0.11107315385396695 0.10407308683245967 0.9776393181203373 101 84 71 0.07 52 132 53 599 61 839
2158 0.11955406828598227 0.17678952199461562 1.0058146124764844 144 99 60 1.36 61 840 143 361 457 142
2159 0.12506793946345823 0.1567260694086146 0.9617933311508213 51 32 28 0.34 52 133 53 600 77 469
2160 0.07646995121622006 0.10555857820273638 0.5071710545026233 119 91 61 0.88 53 601 61 841 143 362
2161 0.13418373761947577 0.13803375952590938 0.9544190598794301 70 57 48 0.47 52 134 53 602 61 842
2162 0.13313485127308564 0.1522060516144338 0.9320603473987771 146 95 57 0.16 52 135 53 603 89 909
2163 0.13972146908148578 0.14394869321540768 0.905268810166668 98 76 56 0.54 52 136 53 604 214 96
2164 0.1557947627530415 0.10439101334130631 0.9641942189878927 166 146 122 0.85 52 137 153 42 190 121 191 122
2165 0.15863277172404142 0.1005542923474373 0.9676388712263633 194 153 118 0.29 52 138 53 605 89 910 153 43
2166 0.16519945631765837 0.1042755001316352 0.9625481271400639 122 100 78 0.35 52 139 53 606 89 911 153 44 215 45
2167 0.19499883116411787 0.09076480894438534 1.0705462061176436 181 116 68 0.59 53 607 89 912 219 33
2168 0.19481292089799174 0.09057364696776138 1.0699821141344579 135 90 60 0.6 53 608 61 843 89 913 123 209 215 46 219 34 268 46
2169 0.17856763959317415 0.13582391330631652 0.9520121573804595 100 92 81 0.63 61 844 77 470 143 363 189 421
2170 0.18305359931266516 0.13587273204392677 0.9653076443420532 36 30 29 0.88 52 140 53 609 61 845 463 55
2171 0.09203710820081996 0.0920473352448799 0.4312872120156465 92 69 48 0.85 53 610 61 846 143 364
2172 0.09558895922185197 0.08842012085524868 0.4062459434214698 101 75 49 0.9 53 611 61 847 143 365
2173 0.18373962034397862 0.15179682034297015 0.8312715738141329 96 77 58 0.95 53 612 61 848 143 366
2174 0.24866667810414025 0.10342122009926058 1.0668618941846206 142 110 84 1.01 77 471 89 914 123 210 143 367 189 422 215 47
2175 -0.34508156883763735 0.37570513232070557 2.487112510287585 134 115 89 1.01 53 613 61 849 409 106 425 171 457 143
2176 -0.4101363271660892 0.46026621185782884 3.2157956094751805 93 86 76 1.84 53 614 61 850 423 212
2177 -0.12024791288393986 0.1353154402422758 1.6029652487063866 97 76 61 0.84 53 615 61 851 264 280
2178 -0.10015932053059327 0.22487417811403979 1.6027135877319127 34 27 28 0.43 53 616 61 852 90 456 425 172
2179 -0.09641778657728363 0.15590293358767968 1.567449152706093 39 30 29 0.65 61 853 90 457 342 179 386 271 423 213 425 173
2180 -0.09364056362887109 0.1190379370639471 1.5026909175602596 135 100 66 0.45 53 617 61 854 89 915 90 458 425 174
2181 -0.11214376048390538 0.11132242135891829 1.6595638691204293 83 55 38 0.37 53 618 61 855 89 916
2182 -0.05461321620749467 0.20364779395567667 1.3906650082084904 105 81 57 0.34 53 619 61 856 386 272
2183 -0.06774740064826706 0.06174304950229612 1.4761938707239959 132 98 61 0.53 53 620 61 857 89 917 143 368 302 13 386 273
2184 -0.018007590545478375 0.1923660442819631 1.198812514115188 73 48 39 1.37 61 858 179 12 460 103
2185 -0.009709208431336755 0.1820334104157534 1.1313010029580288 122 94 70 0.86 53 621 61 859 89 918 90 459 386 274 425 175
2186 -0.004764591789351638 0.13200756824766616 0.9873011463703115 145 99 62 1.76 53 622 90 460 215 48 425 176
2187 -0.04928844484017861 -0.08305115860205642 1.6963215825149094 146 116 82 1.09 53 623 61 860 264 281 409 107 457 144
2188 0.017755947221678784 0.12340687203689642 0.5953824688449234 108 88 64 0.91 61 861 90 461 425 177
2189 0.00998910995196442 0.13932357584385405 1.0499737996380099 110 62 36 0.82 53 624 61 862 90 462 386 275 423 214 425 178
2190 0.04192565920665239 0.13518796640208003 1.0301297705482435 229 175 132 0.84 52 141 77 472 89 919 216 145
2191 0.04010979931305678 0.07234070508687744 1.0393021105573645 123 84 53 0.6 53 625 61 863 89 920 386 276 409 108 457 145
2192 0.04585609383424114 0.10926157033058828 0.5329037176356541 70 54 44 0.57 53 626 61 864 77 473 425 179
2193 0.057021733515494555 0.1126327529489133 1.0303001641074891 137 109 76 0.21 52 142 53 627 61 865 457 146
2194 0.07527704702360996 0.1628412256119978 0.9957988586107978 71 49 36 0.36 52 143 53 628 61 866 123 211 152 333 189 423 386 277 460 104
2195 0.10073416807990257 0.06057415704392819 1.505769689810379 157 120 87 0.26 53 629 61 867 214 97
2196 0.05986785404053077 0.11174473881611406 0.5241052809138034 116 79 56 0.45 53 630 89 921 90 463
2197 0.09033511215753225 0.1566623394278782 1.0011325941096672 63 51 40 0.33 52 144 53 631 61 868 90 464 189 424 425 180
2198 0.06329512815032245 0.10999922452380284 0.5359463895152301 60 47 38 0.61 53 632 61 869 77 474 90 465 425 181
2199 0.1351791179695191 0.09650270387395794 0.9680620391436743 144 114 85 0.95 52 145 53 633 89 922 90 466 152 334 153 45 189 425
2200 0.14469267949574072 0.14579955084124194 0.919607199111527 115 97 76 0.56 52 146 53 634 61 870 386 278
2201 0.18678794494810858 0.09000281888480713 1.0674168246642937 106 76 54 0.41 53 635 61 871 123 212 214 98 215 49 268 47
2202 0.09224019345019836 0.0927174292667812 0.43024902214792216 109 83 60 1.06 53 636 61 872 143 369
2203 0.09658224936999457 0.08586386398222229 0.4078691483315081 135 110 88 0.61 53 637 61 873 143 370
2204 0.24410873894215507 0.15744950085606885 1.0750512231466394 65 49 40 0.75 53 638 61 874 123 213 189 426 386 279 423 215
2205 0.24404786908062165 0.1461575198124179 1.0690621620674878 138 99 72 1.07 53 639 61 875 77 475 89 923 143 371 189 427 386 280 423 216
2206 0.23562061808715026 0.10727746038889409 1.0429944027441005 105 80 57 1.32 53 640 61 876 89 924 143 372 423 217
2207 0.23656102626409864 0.09246217151355757 1.0807577331495417 140 89 49 0.61 53 641 61 877 89 925 215 50
2208 0.23574107110584278 0.09215865826830268 1.078115307858798 91 64 45 0.64 53 642 61 878 215 51 268 48 386 281
2209 0.21106656042806848 0.16372558022738481 0.9121626714889618 90 63 40 0.99 53 643 61 879 143 373
2210 -0.132695958601135 0.25700516133752316 1.6771916349814364 103 60 40 0.92 53 644 61 880 90 467 409 109 423 218 425 182 457 147
2211 -0.1463064670323582 0.24314861920656172 1.7618985179930309 100 74 53 0.79 53 645 61 881 342 180 386 282 425 183
2212 -0.11554028827983695 0.12058600727608426 1.7032069765357076 132 100 68 0.36 53 646 61 882 90 468 425 184
2213 -0.09621005261303808 0.05532317250995465 1.6322075002332883 90 61 46 0.65 25 252 53 647 61 883 89 926
2214 -0.0897320799806706 0.03390423284750323 1.5839140886658725 137 103 76 0.57 53 648 61 884 214 99
2215 -0.08984913486716858 -0.009386047595302186 1.6619117373807508 112 95 77 0.85 53 649 61 885 342 181
2216 -0.042255108987294905 0.0304619662554381 1.549336492884316 123 90 63 0.26 53 650 61 886 302 14
2217 0.08012817179745449 -0.004496788193010461 1.6817452698857418 150 122 92 0.55 53 651 61 887 457 148
2218 0.09639559469410992 0.08096369017850397 1.5548207535443102 130 105 89 1.82 52 147 61 888 361 66
2219 0.07948652734221368 0.14536280529953058 1.002039910194008 133 105 77 0.77 52 148 53 652 61 889 153 46 189 428 216 146 386 283 409 110 460 105
2220 0.1078803207666077 0.08305332895032658 1.5775306882432893 74 54 43 0.4 61 890 386 284 425 185
2221 0.10220173948714151 0.15029844190018377 0.9795104233352713 163 130 104 0.13 52 149 53 653 214 100
2222 0.07902125278572511 0.10358573230485449 0.5080074431450249 138 107 85 0.81 53 654 61 891 143 374
2223 0.1287263033856995 0.09666275896614197 0.9654858742136068 126 100 77 0.57 52 150 53 655 61 892 77 476 89 927 90 469 153 47 189 429 409 111 423 219
2224 0.08567912938478596 0.10040633489956798 0.47300233921654605 113 84 52 1.1 53 656 61 893 143 375
2225 0.1674363257080561 0.10943192901477422 0.9906783310707911 31 24 22 0.94 52 151 89 928 215 52
2226 0.17155886918074986 0.09160617505101411 1.0500540590421608 173 130 93 0.46 52 152 53 657 61 894 214 101
2227 0.08953467244090726 0.09343147926834669 0.448479335333272 127 102 80 1.14 53 658 61 895 143 376
2228 0.17163635488559326 0.14213399139969762 0.984620159166803 31 26 26 0.5 52 153 53 659 89 929
2229 0.17759938875849784 0.09945036428631582 0.9764859168177712 123 93 68 0.52 53 660 61 896 89 930 152 335 215 53 258 302 409 112 457 149
2230 0.09921040417877378 0.08879211322337435 0.42835214766721846 72 58 48 2.42 53 661 61 897
2231 0.25933824608754336 0.09521427950423741 1.0909841531849445 193 200 205 1.26 61 898 215 54 342 182 423 220
2232 -0.32087970591093223 0.3617924034558913 2.4997623700165237 120 89 71 0.99 53 662 61 899 89 931
2233 -0.12139499539993488 0.20456191583376546 1.632837316067216 38 32 28 0.98 53 663 61 900 90 470 264 282 386 285 425 186
2234 -0.04895136794322284 0.20894023232100953 1.227215682695355 131 102 73 1.17 61 901 90 471 123 214 425 187
2235 0.014613311069139434 0.1623091378845664 1.0135481769910522 119 95 75 1.17 61 902 189 430 425 188
2236 0.03598232485308498 0.10909341318649793 0.5209076969528706 133 114 86 1.99 53 664 123 215 423 221
2237 0.03576590014155049 0.08822798599664464 1.0328872558701199 178 131 88 1.52 53 665 61 903 77 477 89 932 90 472 152 336 189 431 258 303 409 113 457 150
2238 0.061078539781965625 0.030092920648290354 1.6834558607600338 213 176 140 1.86 52 154 215 55
2239 0.06238065324535966 0.08482199932439351 1.0399299747238684 128 88 58 1.16 32 439 39 82 53 666 61 904 77 478 89 933 152 337 189 432 190 122 258 304 284 20
2240 0.0876453941254564 0.07956376185341424 1.0246067264505978 150 108 82 0.31 52 155 53 667 61 905
2241 0.11829174823730973 0.10137967731772755 0.9572803851942158 142 118 89 0.44 52 156 53 668 61 906 89 934 90 473 153 48 189 433 386 286 425 189 457 151
2242 0.0827583772971254 0.1017234017192799 0.4827070204772468 108 82 54 0.9 53 669 61 907 143 377
2243 0.16007997449463235 0.10313934664031747 0.9704860025196459 150 118 86 0.97 52 157 53 670 61 908 89 935 143 378 409 114
2244 0.17431602760955803 0.10387042584990146 0.9730050001317304 154 124 93 0.84 53 671 89 936 214 102 215 56 216 147 342 183
2245 0.17165609909220486 0.09505223711865145 0.9677055008499128 119 99 75 0.68 53 672 61 909 214 103 423 222
2246 0.17407544293462157 0.0923996718480643 0.9956282292402485 100 67 48 0.32 52 158 53 673 61 910
2247 0.1764702155435298 0.09341419667118417 1.012212177887487 100 67 50 1.21 52 159 53 674 61 911 189 434 214 104
2248 0.09089161690277031 0.09400617365308049 0.4390272697489305 102 79 53 1.04 53 675 61 912 143 379
2249 0.18846069215434014 0.09599774462713519 0.9820245542294138 188 138 99 0.25 52 160 53 676 89 937
2250 0.19391447595643854 0.09331279115560243 0.9959866049005028 124 83 52 1.24 53 677 61 913 77 479 89 938 143 380 214 105 215 57 219 35 423 223
2251 0.1920010749432225 0.09227457598809108 0.9865703095432857 128 88 60 0.64 53 678 61 914 89 939 214 106 423 224
2252 0.22796026502709074 0.09374515696252377 1.0476954697116547 121 88 61 0.69 52 161 61 915 386 287
2253 0.24576808726960245 0.15229178573751279 1.0713899378553375 156 111 82 0.79 53 679 61 916 77 480
2254 -0.0845127760845119 0.17593001502720912 1.4557065794780248 40 32 28 0.91 53 680 61 917 90 474 264 283 342 184 386 288
2255 -0.07962121756436852 0.11632980158097082 1.4331317523285758 53 41 36 0.71 53 681 61 918 322 29
2256 -0.06788857264926101 0.12856913692600425 1.5567546255546298 46 38 34 0.55 53 682 61 919 386 289
2257 0.006740478045724145 0.15989781681868676 1.09701514879064 108 62 39 0.46 53 683 61 920 90 475 425 190
2258 0.007447743082904512 0.017492881272647035 1.5978903870878116 130 103 86 1.03 53 684 61 921 189 435
2259 0.09824206253376064 0.07751930418616304 1.7381982109984095 157 119 91 2.09 52 162 61 922 214 107
2260 0.14502536247093056 0.10221098684363827 0.9661964894045622 147 116 86 0.71 53 685 89 940 90 476 214 108 216 148 258 305
2261 0.023633091068329056 0.08953596217348765 1.0346144518773082 128 95 63 0.93 53 686 61 923 284 21 425 191
2262 0.03380630718504477 0.1161799752959461 1.0269323418064038 108 76 52 1.82 61 924 152 338 189 436 423 225
2263 0.17186731051449977 0.1358464666989803 0.9713831091318601 27 24 24 0.55 52 163 53 687 61 925
2264 0.07583841658825398 0.10399695255952954 0.9937993739798346 170 135 103 0.77 52 164 53 688 77 481 89 941 189 437 216 149 284 22
2265 0.10339640980569399 0.09666971361190105 0.9468576330553169 133 107 84 0.21 52 165 53 689 61 926
2266 0.20901172191612769 0.0914998858322744 1.1535852025458144 155 115 84 1.36 52 166 53 690 61 927
2267 0.19458107581729853 0.0999143082113095 0.9671966090309978 127 110 90 0.21 53 691 61 928 189 438 423 226
2268 0.1896049635249622 0.14371990217442845 0.9925567760002934 117 95 77 0.2 52 167 53 692 61 929
2269 -0.056597886235457716 -0.11903176269375405 1.7113191802990266 122 85 64 0.8 53 693 61 930 264 284 409 115 457 152
2270 0.05438606388295653 -0.10506752614925022 1.7287516686875433 130 116 96 0.74 53 694 61 931 457 153
2271 0.2362654434903085 0.009682166458680514 0.464341118192058 121 95 66 0.93 53 695 61 932 208 159
2272 0.01328204764379498 0.01742057768311292 1.6312951841923278 153 101 59 0.68 53 696 77 482 89 942 90 477 143 381
2273 0.18810460894124995 0.018077034491893757 0.459048944960577 138 105 76 0.62 53 697 61 933 214 109
2274 0.19523965105091548 0.016195993267802966 0.4534242697457043 123 95 66 0.47 53 698 61 934 208 160
2275 0.2028189353987632 0.01685724828058178 0.45516132831528033 150 123 80 1.32 53 699 61 935 208 161 211 92
2276 0.24568077429077534 0.011616302845848577 0.468822809898385 109 90 74 1.14 53 700 61 936 214 110
2277 0.1714351433312766 0.0271677590543143 0.5155066251356627 146 116 83 0.82 53 701 61 937 215 58 423 227
2278 0.18126913249120022 0.02564392587884747 0.48636538529711965 101 79 56 0.55 53 702 61 938 423 228
2279 0.2565951665872194 0.019299689379728358 0.46783490964419094 93 68 60 0.84 53 703 61 939 211 93
2280 0.2717147843469151 0.02042114701463574 0.4679762859150997 145 134 130 1.21 53 704 61 940 214 111
2281 0.28352421575696546 0.023440106535082654 0.4767747544381907 50 39 19 1.49 53 705 61 941 423 229
2282 0.3135707917315236 0.018232978294905132 0.48659863709250817 113 84 54 1.1 53 706 61 942 143 382
2283 0.3140652306311197 0.021241386538829662 0.48782831065034965 130 104 78 0.78 53 707 61 943 208 162
2284 0.0027427914256841278 0.05774838484966332 1.528468169499194 154 108 63 0.53 53 708 89 943 90 478 126 386 208 163
2285 0.170646464344842 0.03385991901081241 0.5306372381309971 95 76 58 0.36 53 709 61 944 423 230
2286 0.23210836033977003 0.027128552178936092 0.4587398569925262 77 59 39 0.55 53 710 61 945 211 94
2287 0.2256527913066006 0.03139242345673036 0.457688895663957 127 101 71 0.27 53 711 61 946 143 383 214 112
2288 0.2910445015491739 0.02762967706070438 0.4765081487617041 164 130 83 1.48 53 712 61 947 143 384 208 164
2289 0.29470268593126825 0.02792194256491102 0.4755422815507656 113 86 64 1.12 53 713 61 948 423 231
2290 0.23105309632789897 0.03733672047194685 0.46023659325524763 95 80 69 0.26 53 714 61 949 214 113
2291 -0.09421047216299067 0.12405213986876176 1.520145254378159 115 74 46 0.5 53 715 61 950 89 944 152 339
2292 0.20492428518752093 0.09180052202733147 1.0801522650129056 165 100 50 0.23 53 716 61 951 89 945
2293 0.16371310041217013 0.09130029852611518 0.9853681437999685 105 68 41 0.26 53 717 89 946 215 59
2294 0.1615486269811322 0.09442443608969109 0.9785071454674725 195 143 97 0.57 53 718 89 947 216 150
2295 0.25171690712228634 0.10837294628654537 1.0760351045052086 84 65 54 0.54 53 719 77 483 89 948 215 60
2296 0.18378004883121704 0.05354151265845251 0.4878257348950827 131 96 64 0.7 53 720 61 952 214 114
2297 0.17289128787111893 0.10560859933982912 0.9620271476697378 71 60 54 0.27 53 721 89 949 189 439
2298 0.17656690459473912 0.10478025919245698 0.9609982468144278 72 56 47 0.55 53 722 89 950 214 115
2299 0.16207866260951362 0.0663490057729821 0.543872199428922 160 156 150 1.4 53 723 61 953 208 165
2300 0.22970903097720452 0.06376249059271592 0.4539234819421113 36 21 17 0.78 53 724 61 954 423 232
2301 0.08482284210398344 0.11053067024861857 0.9972127535390239 57 46 35 0.68 61 955 89 951 90 479 143 385 153 49 189 440 383 27 425 192
2302 0.23625459191492867 0.14418857496524412 1.0728674046411264 175 119 82 1.02 53 725 89 952 214 116
2303 -0.3702094064818405 0.3757915646641763 2.552273906058433 93 80 68 0.77 53 726 61 956 90 480 457 154
2304 -0.3392020696045877 0.3568254985826697 2.45591289084426 123 92 68 0.42 53 727 89 953 90 481
2305 0.04760278230425273 0.09620305061594013 0.6362938933041834 159 117 92 0.34 53 728 61 957 89 954
2306 0.04225472819738281 0.09889144466923595 0.6378079958507988 192 135 95 0.73 53 729 77 484 89 955
2307 0.24790459795629446 0.15310262763747726 1.0798411512127026 162 112 84 0.34 53 730 89 956 123 216
2308 0.18084213679996275 0.07648386880526206 0.4761093502314697 83 59 44 1.01 53 731 61 958 214 117
2309 0.21108772687539018 0.07376088963180945 0.43815169827556855 115 85 65 0.84 53 732 61 959 214 118
2310 0.24852389934237207 0.07271887433591749 0.4531370634378833 49 37 30 0.77 53 733 61 960 143 386
2311 0.2902978308804866 0.07939584917262653 0.4591411392870963 99 81 65 1.5 53 734 61 961 423 233
2312 0.25615710555343035 0.08310443768867021 0.4503960551294566 84 67 50 1.11 53 735 61 962 214 119
2313 0.2798297900350805 0.08597295505691423 0.45759449715791306 128 110 84 1.77 53 736 211 95 423 234
2314 -0.22630969438100643 0.31621912961321275 1.735493890876764 137 102 83 0.57 53 737 89 957 132 26
2315 0.1614302667955159 0.09289020476551459 0.49213050887158366 145 117 84 1.04 208 166 211 96 214 120
2316 0.01688296852950253 0.11917085815639243 0.6043785010932659 67 50 38 1.66 53 738 61 963 386 290
2317 0.03836024570721642 -0.13073664097562035 1.7402912447610865 110 92 79 0.62 53 739 61 964 189 441 264 285 386 291
2318 0.04947851545565515 -0.0829429919207267 1.7191827705539056 80 69 65 0.72 53 740 61 965 264 286 268 49 342 185
2319 -0.05034984455318534 -0.04737377992839339 1.670825173007083 67 51 40 0.19 53 741 61 966 409 116 457 155
2320 -0.08694993828620705 -0.018672079062580286 1.6885063238693192 111 98 79 0.54 53 742 61 967 386 292
2321 0.2165136014534412 0.010775612192928195 0.4574431697441361 108 86 65 0.8 53 743 61 968 214 121
2322 0.22894089467590437 0.010099233865614097 0.4610700661371098 123 97 73 1.17 53 744 61 969 214 122
2323 -0.009029937847764232 0.006867223679452674 1.5922247774620921 86 57 43 0.26 53 745 61 970 214 123 302 15
2324 0.07405681423892482 0.007062163795963571 1.6769651335271827 84 72 67 0.89 53 746 61 971 189 442 268 50 329 43 386 293
2325 0.1847195787164516 0.0176262949190366 0.4717804980531222 106 80 57 0.66 53 747 61 972 214 124
2326 0.18920625298915103 0.019335827815070303 0.45617326109552686 122 95 63 0.66 53 748 61 973 423 235
2327 0.1934524302677406 0.018454908328799344 0.4528283628730567 90 70 45 0.51 53 749 61 974 143 387
2328 0.1996492622618653 0.014418125023307807 0.45501879954998076 107 81 57 0.66 53 750 61 975 211 97
2329 0.20068653091069968 0.013919572162243583 0.45537435566882334 108 79 55 0.54 53 751 61 976 208 167 211 98
2330 0.20170740105831814 0.015514815121763201 0.4551912450513 129 103 71 1.2 53 752 61 977 208 168 214 125
2331 0.2503334729066718 0.017486539398308236 0.4700405646132313 107 73 73 0.68 53 753 61 978 143 388
2332 -0.0999500252042851 0.02604081694585354 1.690305222697145 84 62 50 0.49 53 754 61 979 386 294
2333 0.04397286411152881 0.04099623349191288 1.5398959243168235 184 139 102 0.56 53 755 77 485 89 958 106 126 219 36 258 306
2334 0.17950715881400567 0.027822832381754876 0.49485602146498875 93 76 58 0.38 53 756 61 980 214 126 423 236
2335 0.17950715881400567 0.027822832381754876 0.49485602146498875 93 76 58 0.38 53 757 61 981 214 127 423 237
2336 0.18034000725352275 0.023745036149582757 0.48774753086312345 132 100 64 0.75 53 758 61 982 143 389 423 238
2337 0.18861136972493464 0.023231815610646536 0.4593392053837531 63 42 25 0.41 53 759 61 983 214 128
2338 0.21889420849294625 0.021077122176099517 0.4589314940835286 70 50 29 0.9 53 760 61 984 208 169 214 129 423 239
2339 0.22002465422878445 0.021649043127382663 0.4594395061706028 166 117 66 0.82 53 761 61 985 208 170 211 99 214 130 423 240
2340 0.21865923822635044 0.022628249927762814 0.4577722647534895 97 61 35 0.6 53 762 61 986 214 131
2341 0.23279780961564966 0.02404210696855468 0.4614293545853305 73 53 31 0.54 53 763 61 987 423 241
2342 0.2898719967492268 0.019718211479004072 0.4778060649965328 96 75 57 1.18 53 764 61 988 423 242
2343 0.30536268567694963 0.024706159025166312 0.4804240671358006 48 36 34 1.21 53 765 61 989 211 100 423 243
2344 -0.08926649610586934 0.07042547710066516 1.5337661778487486 136 100 70 0.31 53 766 77 486 89 959
2345 0.21516544570782434 0.036791474159764935 0.5365396444205375 99 109 125 0.49 53 767 61 990 423 244
2346 0.3254733203503015 0.02943990205617424 0.4785630365041562 99 80 60 1.67 53 768 61 991 423 245
2347 0.20848760651251183 0.04802267521838433 0.5806809261299489 82 81 82 0.71 53 769 61 992 214 132 423 246
2348 0.3355865118366228 0.039878617460241184 0.49049558519079145 144 117 89 0.97 53 770 61 993 143 390
2349 0.19268837694874258 0.048261065361504374 0.4493937747600339 139 121 94 0.6 53 771 61 994 208 171
2350 0.3351072531058067 0.04323200082924607 0.4895130969799797 143 118 89 1.38 53 772 61 995 143 391
2351 0.09058078880451169 0.10473521256916798 1.0002331564829767 165 142 115 0.51 53 773 61 996 77 487 153 50 190 123 191 123 342 186 383 28 425 193
2352 0.1720753762404841 0.10147815809316907 0.9714522718535086 177 138 103 0.68 53 774 77 488 89 960 143 392 189 443 215 61
2353 0.25115435419371923 0.10178645134886519 1.085555888636442 190 126 81 0.68 53 775 77 489 89 961 215 62
2354 -0.12794632112063092 0.17836556496149578 1.6515551395950954 91 45 30 1.73 53 776 61 997 90 482 143 393 425 194
2355 0.2931571116429852 0.06465340731469202 0.46976673109550887 119 103 84 0.93 53 777 61 998 423 247
2356 -0.02809166652068643 0.1574476424874571 1.239741494196013 81 52 37 0.39 53 778 77 490 89 962 190 124 258 307
2357 0.047721863924373775 0.08835925761797733 0.6436593535188031 180 146 123 0.96 53 779 77 491 143 394
2358 0.23326836594703007 0.13309434897102676 1.0722058682193594 81 49 30 0.88 53 780 89 963 215 63 219 37
2359 0.236747562591935 0.1291681370055005 1.0182488486273598 98 70 41 0.68 53 781 61 999 143 395
2360 0.23281221701228888 0.1433670887842129 1.0678255316817062 68 46 33 1.03 53 782 61 1000 89 964 189 444
2361 0.1828435658738679 0.06827697417111207 0.48098755652499836 103 77 56 0.59 53 783 61 1001 423 248
2362 0.05104521690044376 0.09989028568381195 0.6580741859372397 78 56 45 0.44 53 784 61 1002 214 133
2363 0.1076163764995804 0.14819996741129585 0.9664989275446377 145 114 85 0.45 53 785 61 1003 153 51 423 249
2364 0.16412747981782408 0.0848946245281253 0.5181826805452205 143 122 101 0.09 53 786 61 1004 423 250
2365 0.17709737342937887 0.08174128899127957 0.48921628304447173 78 62 44 0.84 53 787 61 1005 214 134 423 251
2366 0.1791846013134309 0.07903904999566244 0.4852656766145083 125 95 70 0.72 53 788 61 1006 214 135
2367 0.1749431723738081 0.07407328079506109 0.4642528531131391 116 86 62 0.43 53 789 61 1007 423 252
2368 0.18422286056004797 0.07124104611530659 0.43960681427065 105 85 62 0.22 53 790 61 1008 423 253
2369 0.18395207745521083 0.06933355354064352 0.4280511036787005 118 96 71 0.75 53 791 61 1009 423 254
2370 0.24429652387081086 0.07543689276931577 0.44793220660267113 95 75 59 1.75 53 792 61 1010 423 255
2371 0.25695125115691103 0.07367278805587685 0.4588490477640969 72 52 34 1.02 53 793 61 1011 214 136 423 256
2372 0.2571925360806411 0.07383002000590959 0.45444168923386685 77 62 54 1.01 53 794 61 1012 143 396 423 257
2373 0.27006584479930185 0.0746263081252938 0.4592182518523647 71 58 44 1.53 53 795 61 1013 143 397 423 258
2374 0.27281802056029303 0.0771324904406644 0.45916957474970255 77 63 49 1.42 53 796 61 1014 143 398
2375 0.2787025325152806 0.07714861425244617 0.4599832153300181 63 47 34 2.03 53 797 61 1015 423 259
2376 0.29469730777543596 0.07434864770707472 0.4674889042337507 91 69 49 1.22 53 798 61 1016 423 260
2377 -0.007130889167128832 0.18139719401191523 1.1771555954666808 79 60 45 1.03 53 799 61 1017 179 13
2378 0.24683504301262194 0.08425763928348397 0.4439328505316246 114 87 63 1.07 53 800 61 1018 143 399 423 261
2379 0.2560018488906353 0.08090239465934229 0.45097715365941565 110 92 72 1.21 53 801 61 1019 214 137 423 262
2380 -0.2073347394194228 0.29983344207694007 1.739535665723423 108 74 51 0.2 53 802 89 965 132 27
2381 0.0655665749978522 0.11125070023916578 0.536324821330836 124 91 69 0.95 53 803 77 492 89 966
2382 0.0655665749978522 0.11125070023916578 0.536324821330836 124 91 69 0.95 53 804 77 493 89 967
2383 0.1624592908553015 0.06792338401524704 0.3024879036049699 52 41 37 0.76 53 805 61 1020 423 263
2384 0.017402880871623918 0.12479730415435723 0.5938321765535071 106 84 58 0.98 53 806 61 1021 90 483 425 195
2385 -0.08884216128381117 -0.04116935790697793 1.695002284817291 133 123 118 0.41 53 807 61 1022 268 51
2386 0.07418086877157729 -0.014078440767227604 1.6950112068321066 103 76 57 0.45 53 808 61 1023 409 117 457 156
2387 0.2817535187250086 0.0082896506000693 0.47811221646408386 122 89 59 1.33 53 809 61 1024 208 172
2388 0.19069088961861302 0.015194363853398975 0.4545397074636912 110 76 40 0.84 53 810 61 1025 143 400
2389 0.23165779385444066 0.012650509559802152 0.46217316467208686 63 48 35 0.9 53 811 61 1026 214 138
2390 0.2401152958008945 0.014730275768188035 0.4651750963034898 104 87 68 1.34 53 812 61 1027 214 139 423 264
2391 0.26821633605095774 0.011965016141550558 0.4735273703142446 192 186 151 1.46 53 813 208 173 423 265
2392 0.06371223059366296 0.02089704501595278 1.5941912858301115 140 116 91 0.25 53 814 61 1028 214 140
2393 0.19283320850039667 0.02247073740151222 0.45184844281217057 121 93 62 0.62 53 815 61 1029 208 174 214 141 423 266
2394 0.2214067215273496 0.019954253283595073 0.4598439892888249 160 121 74 0.55 53 816 61 1030 143 401 208 175 211 101 214 142 423 267
2395 0.2198657334737955 0.023189242604993335 0.45791935952216506 169 118 54 0.53 53 817 61 1031 143 402 214 143
2396 0.22309594711938993 0.021328115224141322 0.45972757181921137 102 76 49 0.96 53 818 61 1032 211 102
2397 0.1749399683901571 0.030270909914239513 0.5131177556124064 123 106 83 0.22 53 819 61 1033 423 268
2398 0.17904472218354134 0.0312071607856559 0.496252142973337 118 95 66 0.19 53 820 61 1034 423 269
2399 0.18069214343483211 0.02919679838931615 0.48869532409634053 159 127 89 0.6 53 821 61 1035 143 403 214 144 423 270
2400 0.2217559928037012 0.03257804040907654 0.4615660603382574 122 87 58 0.57 53 822 61 1036 208 176 214 145
2401 0.30347556375427936 0.02621527154235089 0.4772438531227811 119 105 90 0.7 53 823 61 1037 143 404
2402 0.039869906563725445 0.06971225851179202 1.035838383060659 159 118 81 1.11 53 824 61 1038 409 118
2403 0.06634153761543066 0.07652385410663291 1.5458710428529987 98 77 60 0.15 53 825 61 1039 258 308
2404 0.16360276938630505 0.04075203394105958 0.5753392230936513 101 72 53 0.67 53 826 61 1040 214 146
2405 0.30160371584862616 0.04927620382193346 0.47668925488175923 96 84 68 1.4 53 827 61 1041 143 405 423 271
2406 0.020487861343467573 0.09298930867583542 1.0198938395218557 112 90 72 1.03 53 828 61 1042 342 187
2407 0.13110735683144314 0.09792263821599706 0.9654955086900524 184 149 111 0.48 52 168 53 829 77 494 89 968 90 484 143 406 153 52 215 64
2408 0.18961682957320042 0.09911499222437023 0.8845087303526514 64 55 50 1.64 53 830 61 1043 268 52 423 272
2409 0.2169066162344788 0.12263807361222852 1.01798667909341 89 74 63 1.0 53 831 61 1044 143 407
2410 0.4573779374714136 0.212160405470574 1.7937530391442398 38 42 44 1.29 53 832 342 188
2411 0.24698374759802774 0.07186935420078326 0.45514707619557787 81 63 48 1.0 53 833 61 1045 423 273
2412 0.2955318018250201 0.06823843729612332 0.4694807659091913 115 95 72 1.14 53 834 61 1046 143 408
2413 -0.38233467948310457 0.3674127925256175 2.4934492067514853 110 90 71 0.92 53 835 61 1047 89 969 90 485 423 274
2414 -0.37433276646553354 0.36763205820718664 2.5826994167383837 132 110 89 1.1 53 836 61 1048 89 970 90 486 423 275 425 196 457 157
2415 0.1696690788125094 0.15686989749282707 1.0379831228294865 93 72 52 0.76 53 837 61 1049 90 487
2416 0.16598946623975663 0.08334559213965692 0.5022111562893686 73 58 44 0.24 53 838 61 1050 423 276
2417 0.17974141995069418 0.07537082953487405 0.4643340146227346 122 100 78 0.41 53 839 61 1051 143 409
2418 0.18397853429689617 0.07324980486895954 0.45280200924689873 100 81 62 1.04 53 840 61 1052 143 410 214 147 423 277
2419 0.19977097617431702 0.07278580279878993 0.435440031266197 134 108 81 0.5 53 841 61 1053 214 148
2420 0.2126535711121135 0.07330313357931845 0.4399150793116523 57 44 32 0.76 53 842 61 1054 214 149
2421 0.2633365972236493 0.07360320133465982 0.4590604394828972 51 38 28 0.98 53 843 61 1055 423 278
2422 -0.09364775188245358 0.25137251471815963 1.5426840772707597 129 94 65 1.03 53 844 61 1056 457 158
2423 0.16193999751301694 0.08962535703191539 0.522550173355504 118 84 51 0.56 53 845 61 1057 143 411
2424 0.15819859557222982 0.08714267409122765 0.5012538136406067 79 55 36 0.76 53 846 61 1058 143 412 423 279
2425 0.1663720272014048 0.08156050312029761 0.4745566658643384 112 94 79 0.11 53 847 61 1059 423 280
2426 0.1678046903739336 0.08724229079292473 0.4872743485678292 73 56 40 0.91 53 848 61 1060 214 150 423 281
2427 0.24224315898548304 0.08162831768584049 0.44439343369000495 114 90 66 1.3 53 849 61 1061 143 413 423 282
2428 0.27893363713306296 0.08506083436824097 0.45461834973739434 72 56 45 1.5 53 850 61 1062 143 414
2429 0.15134776239199876 0.09350628608976537 0.5021902638594344 101 75 50 0.34 53 851 61 1063 143 415
2430 0.1555992794442282 0.0938716095622914 0.4854206607613908 120 93 68 1.1 53 852 61 1064 214 151
2431 0.15802675725347726 0.09263061113534223 0.48619353222030576 99 76 54 0.94 53 853 61 1065 214 152
2432 0.15742226705269963 0.09207820519705709 0.4731069751687974 127 108 87 0.5 53 854 61 1066 143 416
2433 0.18588440878463686 0.08424233206620542 0.4309862501247946 136 103 66 0.48 53 855 61 1067 143 417
2434 0.05011688487424349 0.11239304935150174 0.5602711364318408 89 66 48 1.22 53 856 61 1068 425 197
2435 0.06015123289532806 0.10885782122334517 0.5305896678519022 75 50 37 0.37 53 857 61 1069 89 971
2436 0.36126009707484297 0.2942019997395554 1.3991653680000047 196 166 127 1.05 53 858 409 119 457 159
2437 0.10963034756760796 0.07349952977102885 0.34366054567485826 136 104 79 0.26 53 859 61 1070 143 418
2438 0.11781635208304954 0.06819976197000906 0.3094936841950723 119 85 58 0.55 53 860 61 1071 143 419
2439 0.1486416127311908 0.06946854805570905 0.2847539797922548 68 49 35 1.1 53 861 61 1072 423 283
2440 0.18918413157085634 0.018728758487413146 0.4579943352180249 87 60 39 0.69 53 862 61 1073 423 284
2441 0.19447974493304354 0.015399626045797383 0.45410357003491836 90 61 28 0.69 53 863 61 1074 143 420
2442 0.19882691398861715 0.013584489715427415 0.4546654728656174 69 52 34 1.24 53 864 61 1075 208 177 214 153
2443 0.21544651716398447 0.01904001248875002 0.4576015853139977 101 75 48 0.42 53 865 61 1076 143 421
2444 0.26737089455447677 0.01702509296161104 0.4723887016034535 72 37 31 0.98 53 866 61 1077 143 422 211 103
2445 0.17704051361390313 0.0279620901529955 0.4997077759665662 133 98 58 0.8 53 867 61 1078 143 423
2446 0.18375229520695105 0.023017486175329373 0.48005420413580063 59 41 28 0.3 53 868 61 1079 423 285
2447 0.18427639278215813 0.02126043023915599 0.47540900356664156 122 97 71 0.72 53 869 61 1080 423 286
2448 0.18655963650223423 0.021665714687604653 0.4671715124921029 115 94 68 0.45 53 870 61 1081 423 287
2449 0.1872364989724698 0.02120459041330448 0.46397847815647864 128 100 72 0.46 53 871 61 1082 214 154 423 288
2450 0.21853447583478194 0.01993375206712403 0.4590580669784114 135 107 74 0.55 53 872 61 1083 143 424 208 178 211 104 423 289
2451 0.23330960188520333 0.02328822116622114 0.45887557568595655 14 10 11 0.81 53 873 61 1084 423 290
2452 -0.02758734920525373 0.07197452068283262 1.5243762485830825 161 118 74 1.88 53 874 61 1085 216 151 425 198
2453 0.17259793480981778 0.031153557485695076 0.5278164440911449 78 62 46 0.34 53 875 61 1086 423 291
2454 0.17942167670152934 0.030673134026941686 0.48850013632961137 148 120 90 0.07 53 876 61 1087 423 292
2455 0.2092699775694244 0.03827868199843122 0.5215167016793602 167 178 194 0.83 53 877 61 1088 423 293
2456 0.09668065925085044 0.08945431002725322 1.0573435466627819 190 136 86 1.12 53 878 90 488 215 65
2457 -0.13871090836066022 0.17151668686972532 1.7329059308779553 115 85 59 1.42 53 879 61 1089 90 489 143 425 423 294
2458 0.17074790473565624 0.09974597951302419 0.9748723021485683 85 72 57 0.56 53 880 61 1090 216 152 258 309 342 189
2459 0.2123114705430389 0.06947918812114448 0.4450094233051569 95 78 57 0.75 53 881 61 1091 143 426 423 295
2460 -0.38686333667745876 0.3612156064350248 2.5341585125656594 136 117 95 0.73 53 882 61 1092 77 495 89 972 90 490 409 120 423 296 457 160
2461 0.24082271841507497 0.1551348853480914 1.059200353946942 62 45 35 0.54 53 883 61 1093 386 295
2462 0.24845512371498413 0.15766347344528514 1.0742032183693258 124 85 62 0.57 53 884 61 1094 89 973 189 445
2463 0.16198395222447282 0.08790958570370098 0.5358290542509258 132 107 80 0.76 53 885 61 1095 143 427
2464 0.18750375234669975 0.07005366324023231 0.4410234453248546 90 68 49 0.86 53 886 61 1096 214 155 423 297
2465 0.21798623491211655 0.07372315470038651 0.4421427843530865 71 53 37 0.92 53 887 61 1097 214 156
2466 0.25268109530899596 0.07261401794963972 0.4607673008615627 89 73 58 1.23 53 888 61 1098 423 298
2467 0.26491038379599274 0.07356422807958424 0.4575152108000402 36 27 19 0.84 53 889 61 1099 143 428 423 299
2468 0.2965512707117508 0.07568728844968788 0.46837525651750883 125 103 82 1.28 53 890 61 1100 423 300
2469 -0.17703063793296972 0.28180516072090966 1.7954101887373828 207 148 100 1.32 61 1101 77 496 89 974 457 161
2470 -0.11400211270820347 0.24952721582665177 1.6027793033282216 151 117 83 0.93 53 891 61 1102 90 491 386 296 423 301 425 199 457 162
2471 0.12729275853990835 0.15508432875106185 0.9521582533424598 46 33 27 0.72 53 892 61 1103 214 157
2472 0.16352975395040342 0.08544384273955194 0.5013516982095678 112 87 57 0.84 53 893 61 1104 143 429 423 302
2473 0.16333392546171993 0.0884090227818516 0.4937512274406598 82 68 53 0.76 53 894 61 1105 214 158 423 303
2474 0.16509129865394662 0.0897289824895012 0.48710346035283103 131 110 88 1.32 53 895 61 1106 143 430 214 159
2475 0.17018093029552284 0.0861141910422032 0.4777829391821269 83 64 45 0.53 53 896 61 1107 143 431
2476 0.18059630731657744 0.07907474701358198 0.4242063293620732 111 93 72 0.65 53 897 61 1108 423 304
2477 0.23121539847710365 0.07980638385881679 0.4407495175045403 81 64 44 0.72 53 898 61 1109 143 432
2478 0.28278446000880125 0.08243643227657528 0.45599167095245646 116 92 58 1.45 53 899 61 1110 143 433 423 305
2479 -0.17750158565509444 0.3114886611875353 1.8403386897171055 96 78 60 0.99 53 900 61 1111 90 492 425 200
2480 0.11837318137911558 0.06786779504345412 0.3082150314745623 149 111 78 0.43 53 901 61 1112 143 434
2481 0.1202497183184412 0.06606965993203552 0.30573093820375813 119 84 55 0.45 53 902 61 1113 143 435
2482 0.055649621376920276 0.113293018470442 0.5316374740096725 87 60 43 0.44 53 903 77 497 90 493
2483 0.1103568436255878 0.07732761989755613 0.34464424746166966 105 75 42 0.46 53 904 61 1114 143 436
2484 0.11764510288731604 0.07239142892320148 0.3158988171701868 91 66 45 0.61 53 905 61 1115 143 437
2485 0.1159787345828391 0.07508984371721511 0.31072642860179633 95 72 44 0.26 53 906 61 1116 143 438
2486 0.11766748450705568 0.0731793851581419 0.3050835366499601 112 82 47 0.54 53 907 61 1117 143 439
2487 0.21930092243728577 0.002946309919495415 0.44834714136211967 104 84 66 1.64 61 1118 214 160
2488 0.23384472976421966 0.001437058951704182 0.4684589738737768 136 114 93 1.15 53 908 61 1119 143 440
2489 -0.035068051236521396 -0.0025222170812598532 1.1885584034702326 40 36 36 2.09 61 1120 258 310
2490 0.23475688193750466 0.010728844484505458 0.4640502118428011 126 96 61 1.17 53 909 61 1121 143 441 214 161 423 306
2491 0.19394936945807514 0.0178940933620111 0.4512630430108881 42 34 27 0.74 53 910 61 1122 214 162
2492 0.06793987448420633 0.0351511545685407 1.5668290964228293 140 107 74 0.53 53 911 61 1123 90 494 143 442 386 297 423 307 425 201
2493 0.1913519025826655 0.021572300405589755 0.451896820634624 133 112 86 0.62 53 912 61 1124 423 308
2494 0.2228793530020447 0.01992215441671833 0.45942575664147467 61 47 36 0.62 53 913 61 1125 143 443
2495 0.17508774392384016 0.03341518330124133 0.5269680416478562 67 49 32 0.52 53 914 61 1126 143 444 214 163 423 309
2496 0.2319699257278649 0.032072523661544505 0.46030440547944224 119 92 65 0.46 53 915 61 1127 143 445
2497 0.28890487071431475 0.03283855727822155 0.47610038918409203 47 38 32 0.6 53 916 61 1128 208 179
2498 0.29710843356465444 0.031059704724179012 0.48663762774369 118 98 76 1.44 53 917 61 1129 214 164
2499 0.15430471406480875 0.11788491640486255 1.464873585818851 153 114 84 0.58 53 918 61 1130 214 165
2500 -0.0995793155374434 0.1313406900218528 1.5654841370917745 91 63 47 0.38 53 919 61 1131 322 30
2501 0.163839035936794 0.09960885548423735 0.9758588938617702 176 132 95 1.0 53 920 89 975 215 66 219 38
2502 0.17998872218883 0.10929046342170158 1.0928996760826821 171 136 108 2.38 53 921 77 498
2503 0.33378943368986513 0.055753663477254765 0.4859817831120536 143 107 61 1.24 53 922 61 1132 143 446
2504 0.30451298619089956 0.07257330953737336 0.4713047964482356 26 24 21 0.96 53 923 61 1133 423 310
2505 0.13495722138409885 0.13548895464483848 0.933547596723337 121 100 76 0.39 53 924 61 1134 214 166
2506 0.22539506139255644 0.1576518066945048 1.049966862616571 81 56 41 0.76 53 925 61 1135 386 298
2507 0.16921663674879367 0.07946532812047702 0.4778687743821735 73 61 47 0.18 53 926 61 1136 423 311
2508 0.17720786279509804 0.07658854644705394 0.4687651965871469 113 88 52 0.57 53 927 61 1137 143 447 423 312
2509 0.21695700434955822 0.07245752252355418 0.4436653000025781 121 89 58 0.82 53 928 61 1138 143 448 423 313
2510 0.16115929480936267 0.090563662955617 0.5316237167580419 125 94 65 0.67 53 929 61 1139 143 449
2511 0.1746363070900061 0.08463967588208783 0.49304679774555993 92 72 51 1.34 53 930 208 180 214 167 423 314
2512 0.1716630259824058 0.08663479813699045 0.4902570488945007 148 126 102 0.99 53 931 61 1140 214 168
2513 0.10612182557067774 0.07987351101653081 0.35730816031200674 94 67 46 0.46 53 932 61 1141 143 450
2514 0.10979938506498778 0.07814577195953334 0.3451568246814428 80 60 44 0.41 53 933 61 1142 143 451
2515 0.11465538354563125 0.07430269993612074 0.3268615345605359 86 58 35 0.47 53 934 61 1143 143 452
2516 0.11630065866896437 0.07341816118993187 0.3217233534298212 101 67 33 0.72 53 935 61 1144 143 453
2517 0.11843156258182645 0.0727178351482797 0.3118516467379277 93 63 41 0.65 53 936 61 1145 143 454
2518 0.12380607907014496 0.06588755012080368 0.2890952380915933 142 113 78 0.8 53 937 61 1146 143 455
2519 0.2696966505830287 0.010121750508866323 0.4573409184101532 39 31 27 2.17 53 938 61 1147 214 169
2520 0.1958231815671706 0.014201403599030037 0.45394317379852006 133 103 72 0.61 53 939 61 1148 208 181 211 105
2521 0.29343947809881116 0.01349956536733809 0.4838365961278838 88 72 56 1.27 53 940 61 1149 143 456 423 315
2522 -0.011620252861165357 0.03092098030371237 1.5678915172002834 123 105 91 1.18 53 941 61 1150 189 446
2523 0.18112152475645132 0.021433511506939822 0.49441920077105017 110 85 59 0.47 53 942 61 1151 423 316
2524 0.18921244560943237 0.02500412580514818 0.4554193659644703 43 28 20 0.18 53 943 61 1152 463 56
2525 0.2936513005060363 0.020267568996938892 0.48112033802370635 128 99 68 1.26 53 944 61 1153 143 457
2526 0.17424889551062542 0.03569725483467769 0.5259616248890222 144 122 91 0.97 53 945 61 1154 143 458 214 170 423 317
2527 0.1729836667007168 0.03560417142757246 0.5218376724425049 115 99 80 0.53 53 946 61 1155 423 318
2528 0.17900302905067506 0.03054897299498879 0.49410295203516125 134 112 85 0.48 53 947 61 1156 143 459 423 319 463 57
2529 0.22642706575075616 0.0676131989411876 0.9814257438478133 167 171 182 0.99 53 948 61 1157 423 320
2530 0.30243809790684856 0.07209059419364203 0.4714834598105436 33 29 20 1.34 53 949 61 1158 423 321
2531 -0.3739472387072457 0.38920682961018294 2.70791456129697 80 70 60 0.59 53 950 61 1159 425 202
2532 0.16315520320451363 0.1381171201441014 0.9600799222280539 100 87 75 0.65 53 951 61 1160 189 447
2533 0.1668320225292116 0.08412632617873057 0.5118318467340731 121 95 56 0.71 53 952 61 1161 143 460
2534 0.17496845146023285 0.08071461558012835 0.473953785181822 122 95 67 0.82 53 953 61 1162 143 461 423 322
2535 0.18109286027252716 0.07787195615484449 0.4587859687899223 146 109 69 1.1 53 954 61 1163 143 462 214 171 423 323
2536 0.21096782262063327 0.07462007200531767 0.43905526365883557 115 90 65 0.96 53 955 61 1164 214 172
2537 0.24206414444984226 0.07554478004231951 0.4440247177600018 76 57 41 0.9 53 956 61 1165 143 463
2538 0.24206414444984226 0.07554478004231951 0.4440247177600018 76 57 41 0.9 53 957 61 1166 143 464
2539 0.2720950372338121 0.07752086921240317 0.451484342181592 95 78 58 1.38 53 958 61 1167 143 465 423 324
2540 0.2886050827299165 0.07847521487055756 0.4570005001464339 114 97 72 1.28 53 959 61 1168 143 466 423 325
2541 -0.017835263601195993 0.15546259752816396 0.914392195183639 161 123 92 1.34 90 495 425 203 460 106
2542 0.16077892193481635 0.08992972449168198 0.4881431998777739 79 61 47 1.0 53 960 61 1169 214 173
2543 0.27048116100977454 0.08568682731929271 0.4503526918358017 118 95 72 1.65 53 961 61 1170 143 467 423 326
2544 -0.09454708730201224 0.2582619852181765 1.4037036805892709 58 46 40 1.78 61 1171 143 468
2545 0.1673601145492497 0.09055503153720952 0.48671292170848135 82 61 43 1.31 53 962 61 1172 143 469 214 174
2546 0.09760291645370808 0.08529278987451383 0.3891894582718073 86 66 45 0.51 53 963 61 1173 143 470
2547 0.1168836122805195 0.07215705475427073 0.32078933339999105 106 79 57 0.33 53 964 61 1174 143 471
2548 -0.11038514187830628 -0.004802336795160771 1.8419019498220077 86 66 43 1.76 61 1175 143 472 329 44 386 299
2549 0.18950636045185504 0.014474101872877692 0.45323098847861704 128 89 61 0.61 53 965 61 1176 214 175
2550 0.22897586668447575 0.014701043723037427 0.4614361709901665 115 94 72 0.99 53 966 61 1177 211 106
2551 0.17259378596277847 0.027638406051015196 0.523989207817036 134 97 63 1.02 53 967 61 1178 143 473 214 176
2552 0.17665045025085013 0.024700750675084423 0.5094623234941901 115 88 63 0.36 53 968 61 1179 423 327
2553 -0.07252677057955172 0.07308125079387821 1.477414876453091 148 110 67 1.34 53 969 61 1180 216 153
2554 0.3872429974614707 0.22289652753401315 2.6104037320538693 73 55 39 0.74 61 1181 329 45 386 300
2555 0.23082909122455336 0.10929325899853763 1.0645355061892554 51 37 31 1.48 53 970 61 1182 89 976 189 448 423 328
2556 0.2235607480327402 0.12436351008621856 0.9845296689777627 115 81 56 0.9 53 971 61 1183 143 474
2557 0.2532762767490963 0.08468660406732206 0.44587143168595017 127 100 76 1.7 53 972 61 1184 143 475 423 329
2558 0.04809096909118676 0.1540677478998223 1.028685646925842 204 144 97 0.67 77 499 89 977 208 182 216 154
2559 0.1163525639534725 0.07268139586293011 0.31215217004041296 78 56 39 0.64 53 973 61 1185 143 476
2560 -0.10870432644014831 0.11694157632119911 1.6353303951584035 118 89 60 1.26 61 1186 90 496 329 46 425 204
2561 0.1929300497381217 0.020038025404025772 0.4465694323147061 127 104 82 0.81 53 974 61 1187 143 477 214 177
2562 0.3079446496974773 0.016455267984105543 0.49513123714686724 144 116 90 1.58 53 975 61 1188
2563 0.171924044153729 0.03641277515922534 0.5334146171724297 117 99 78 0.24 53 976 61 1189 423 330
2564 0.3273517318595005 0.04130673662072904 0.4772182387111576 48 49 39 1.3 53 977 61 1190 211 107
2565 0.09701006357007229 0.09099455555437753 1.024725697286472 117 81 55 0.78 53 978 61 1191 284 23
2566 0.24514430879168134 0.07862016082495149 0.44416322271184266 50 40 30 1.31 53 979 61 1192 143 478 423 331
2567 0.07725796758400985 0.10465317261465996 0.5059639079571471 109 84 57 0.67 53 980 61 1193 143 479
2568 -0.17831707963249954 0.18319136702842226 1.980534368404429 56 46 40 0.39 53 981 61 1194 342 190
2569 0.24726242337275406 0.08347857048432836 0.445663361106106 96 69 44 1.28 53 982 61 1195 143 480
2570 0.2140378354011252 0.007190884678198304 0.47834940937355874 65 54 43 0.67 53 983 61 1196 214 178
2571 0.11605749265168366 0.07427028543788512 0.30979577230693267 110 83 51 0.43 53 984 61 1197 143 481
2572 -0.5492408688415008 0.5407452509065516 4.069485315192825 72 84 85 1.74 61 1198 342 191
2573 0.017791223742333055 -0.18162632313682484 1.7545491203679913 170 144 108 0.33 90 497 281 118 485 236
2574 0.0019469409813975117 -0.13559830260899697 1.7275888513550033 138 99 65 0.31 90 498 281 119 485 237
2575 0.013603933065994977 -0.1407040564412147 1.7372720079337567 122 93 74 0.24 90 499 189 449 485 238
2576 -0.051133707843412375 -0.042135708467951 1.6681394410199855 176 144 107 0.37 60 26 90 500 189 450 281 120
2577 0.009476297410602946 -0.023362360686623975 1.660743463955012 194 152 104 0.36 60 27 90 501 189 451
2578 -0.056182984242555696 0.002883075865301301 1.6452423848783764 119 85 63 0.56 60 28 90 502 264 287
2579 -0.03669177525043109 -0.16518470361676935 1.7340385731562409 186 151 104 0.26 208 183 281 121 485 239
2580 -0.03490244992218957 -0.14711388959129865 1.7298983258830662 199 164 112 0.18 208 184 281 122 485 240
2581 -0.019449279685211693 -0.07968140278949809 1.6984399024436683 175 140 103 0.35 60 29 90 503 189 452
2582 5.2407194517473955e-05 -0.0630625053243144 1.6922147169184611 134 107 82 0.17 189 453 208 185 211 108 264 288
2583 0.05850634521590144 0.006715467881925143 1.6676584473732747 193 150 99 0.47 60 30 90 504 189 454
2584 -0.03592046804846491 -0.16307949166982047 1.7376050817443474 86 65 55 0.33 90 505 189 455 208 186 485 241
2585 0.01064807323732254 -0.13225018040769831 1.730866186793848 91 66 49 0.2 90 506 211 109 281 123 485 242
2586 0.05992290099095008 -0.08231916534402937 1.7108161237123134 86 58 43 0.52 90 507 211 110 485 243
2587 -0.029145791360871 -0.0210878146095995 1.659240887179401 135 108 88 0.23 60 31 90 508 189 456
2588 -0.012320943137229484 -0.014496984176496369 1.6580156056333968 123 92 71 0.29 60 32 90 509 189 457 208 187
2589 -0.05421480648131906 0.0004723978183476778 1.64422885320634 170 136 98 0.3 60 33 90 510 189 458 208 188
2590 -0.012221569489040721 -0.2621652984750912 1.8226332013572295 181 160 137 0.72 189 459 208 189 281 124
2591 0.01015935858705791 -0.2474198450549641 1.786658626957651 130 101 74 0.62 208 190 281 125 485 244
2592 0.04699020468514493 -0.11857382739274026 1.7299527200395968 183 151 111 0.65 90 511 211 111 281 126 485 245
2593 0.010415969275081587 -0.08490076125516063 1.705642832971627 104 78 63 0.32 90 512 189 460 211 112 485 246
2594 0.013589886247577959 -0.06324889983054094 1.6917864420392223 192 148 97 0.59 60 34 208 191 281 127 485 247
2595 0.010684320928952568 -0.05181302485376247 1.6915345737074574 135 100 68 0.51 60 35 143 482 189 461 281 128
2596 0.0006459404511068191 -0.021286933481779853 1.6599461011264507 194 155 106 0.3 60 36 90 513 189 462
2597 -0.052426036360116966 -0.002112010747411981 1.6467378617048363 127 98 77 0.37 60 37 90 514 189 463
2598 0.0124358034133612 -0.17624524624537502 1.750787225316175 184 166 131 0.26 211 113 281 129 485 248
2599 -0.037587765625738366 -0.02662300857026461 1.6918783366367731 224 181 125 1.66 60 38 214 179 215 67
2600 0.004397638240323396 -0.10995131988044779 1.713950104703175 162 123 83 1.06 211 114 281 130 485 249
2601 -0.043345644127822575 -0.15707781453150563 1.7321915819320866 89 64 48 0.26 211 115 281 131 485 250
2602 -0.0479279856847841 -0.20772783061298453 1.7813667594430305 95 83 76 0.95 61 1199 342 192 361 67
2603 -0.017225968184374715 -0.21286308106501506 1.758860523183579 54 48 48 1.34 61 1200 258 311 361 68
2604 0.007356531037586781 -0.20907072734064025 1.7632544866345758 139 124 103 0.77 61 1201 90 515 189 464 264 289 281 132 342 193 361 69 386 301 409 121 423 332 425 205 457 163 485 251
2605 0.011911860780763879 -0.2078537772818577 1.7713933275400962 70 64 57 0.62 61 1202 123 217 258 312 386 302
2606 -0.030457042264428715 -0.19637782603836712 1.7619141699269771 88 78 71 0.91 61 1203 90 516 189 465 485 252
2607 -0.033309113444793655 -0.18121588252641455 1.744593336850096 68 61 54 0.57 61 1204 264 290 386 303 457 164
2608 0.0037395186671782773 -0.19876236988694787 1.7659865934318917 60 57 57 0.91 61 1205 90 517 189 466 425 206
2609 0.010002432594397065 -0.16111988271695646 1.7443348345696374 81 63 52 0.73 61 1206 152 340 189 467 258 313 264 291 281 133 425 207 485 253
2610 -0.018753787171921846 -0.15248289333703163 1.735706257470067 152 126 94 0.42 61 1207 90 518 189 468 264 292 409 122 423 333 457 165
2611 -0.018698040138786468 -0.15219613280764213 1.7341432432482817 96 85 74 0.47 61 1208 123 218 258 314 264 293 268 53 342 194 386 304
2612 -0.0416211892524602 -0.12769809193851997 1.7100608445842174 138 115 87 1.05 61 1209 90 519 211 116 425 208
2613 0.0021842614350059807 -0.15580457725575875 1.7293096744796148 151 132 95 0.74 61 1210 409 123 457 166
2614 -0.0032065842196348435 -0.1537850268406031 1.7324510039772565 88 75 70 0.77 61 1211 123 219 268 54 386 305
2615 -0.003902830045405201 -0.15403743329323638 1.7359370728136496 76 68 65 0.43 61 1212 258 315 268 55 386 306
2616 0.04551855691788825 -0.15895745699570868 1.7511524760380675 215 226 231 0.55 61 1213 123 220 264 294 329 47 342 195 460 107
2617 0.03720349347969695 -0.14150149387064168 1.7434629584050836 133 100 80 0.3 61 1214 89 978 208 192 211 117
2618 -0.07599712219582226 -0.12208602488437151 1.7834146115798182 188 194 203 0.92 61 1215 189 469 322 31 342 196 460 108
2619 -0.03740370946097635 -0.11179943406300749 1.7124079944938428 97 78 63 0.35 61 1216 264 295 457 167
2620 -0.03216086360803418 -0.09565023967252155 1.7040667251693309 100 91 83 0.35 61 1217 264 296 268 56
2621 -0.04177800706031058 -0.08929480506724193 1.6977976391493292 73 68 59 0.47 61 1218 264 297 329 48
2622 0.0012313884107460606 -0.11425908479862772 1.717653978769901 61 55 50 0.45 61 1219 225 14 258 316
2623 -0.005330511290063091 -0.09325775735794509 1.7074865470182272 85 74 60 0.35 61 1220 264 298 386 307
2624 0.013695342846341177 -0.08656306393955646 1.7093257432537499 150 126 92 0.3 61 1221 386 308 409 124 457 168
2625 0.025787395865130902 -0.11291274125377235 1.7278641200721394 134 116 89 0.24 61 1222 264 299 268 57 409 125 457 169
2626 0.029077244126366957 -0.11219631636147191 1.7296971370337395 73 71 71 0.32 61 1223 264 300 268 58
2627 0.02256964472760992 -0.1059070242056987 1.7201166170658484 155 133 100 0.13 61 1224 409 126 457 170
2628 0.015209665715992773 -0.06696789217494178 1.694894901972797 101 84 68 0.45 61 1225 386 309 460 109
2629 0.02477039164998799 -0.07193509650072492 1.706385108380085 90 79 60 0.3 61 1226 264 301 386 310
2630 0.028460915399360846 -0.055953177372959025 1.6946918467857162 83 58 37 0.54 61 1227 329 49 342 197 409 127
2631 0.0520193785847682 -0.050248827727098905 1.7195020005918515 109 88 64 0.11 61 1228 386 311 425 209
2632 0.026571808482347834 -0.1419060375235184 1.740164962838039 113 82 63 0.18 90 520 189 470 211 118 485 254
2633 0.0640548520301409 -0.08316962270008589 1.7315260559464303 104 85 71 0.49 61 1229 189 471 485 255
2634 -0.10238611849694271 -0.010921454610209427 1.712334108221276 78 74 61 1.3 61 1230 342 198 386 312
2635 -0.05124328795934531 -0.02363274763258981 1.6557358139235074 141 118 95 0.17 61 1231 268 59 457 171
2636 0.009725811059616191 -0.016393278442650826 1.6615291345347354 94 72 57 0.28 61 1232 123 221 322 32
2637 0.18980159580045772 0.02051061937212922 0.4555678218530335 115 96 73 0.29 61 1233 423 334 463 58
2638 -0.0033343206938106574 0.03644920704477788 1.552700300245309 101 65 39 1.71 61 1234 152 341 258 317 409 128
2639 0.04784798133429528 0.043888882926811576 1.5383155169536902 113 86 58 0.75 61 1235 219 39 423 335
2640 0.011977878208954794 0.06369158401175352 1.5373092754114015 114 70 42 1.12 61 1236 143 483 342 199 361 70
2641 0.01963816525913056 0.06183454185748345 1.5352439649923006 127 88 40 0.21 61 1237 143 484 264 302
2642 0.10100669326985362 0.06546608353595584 1.5619228364385995 129 100 85 0.66 61 1238 361 71 386 313
2643 0.09930239529749842 0.065374942206477 1.5588378898133484 134 103 85 1.62 61 1239 361 72 425 210
2644 -0.08412604285589488 0.09724685261966916 1.4561115139838134 106 78 53 0.8 61 1240 90 521 322 33
2645 -0.030896162762242208 0.1035074793218403 1.537529593729157 156 97 53 0.56 61 1241 89 979 216 155
2646 0.06640700289616833 0.08663568993452578 1.044726064278728 145 104 68 0.4 61 1242 90 522 208 193
2647 0.19540427392110288 0.08872425844975732 1.0696685977818068 123 94 67 1.13 61 1243 143 485 268 60
2648 0.22506613023508296 0.08952058361095064 1.0758946086136914 110 82 59 0.68 61 1244 89 980 189 472 268 61 386 314
2649 0.013816329891069392 0.10245386149963402 1.0232653740161055 74 56 43 0.95 61 1245 89 981 143 486 258 318 423 336
2650 0.059668056373799745 0.10623197765952186 1.0339572316888557 84 66 42 0.52 61 1246 90 523 143 487 189 473 457 172
2651 0.0895435487987217 0.09896679238202555 1.0174673522973325 87 64 48 0.53 61 1247 215 68 284 24
2652 0.09137121033921591 0.09697422802044298 1.0001742160567906 121 80 56 0.53 61 1248 89 982 386 315
2653 0.1587301990475353 0.09585263541436366 0.9745982096325513 90 76 62 0.41 215 69 216 156 258 319
2654 0.1906560109297193 0.09364635500091405 0.981755950976316 148 100 77 0.37 61 1249 89 983 189 474
2655 0.2510679987557257 0.11194398751200645 1.0703574957633644 74 61 50 1.08 61 1250 89 984 123 222 143 488 189 475 423 337
2656 -0.6248948338774635 0.3175534356599057 3.1756729599348277 139 152 159 0.97 61 1251 409 129 457 173
2657 -0.6783928110943173 0.3517453475595021 3.289590934029068 74 79 78 0.87 61 1252 409 130 457 174
2658 -0.5901510413123238 0.30922732089500077 3.1321377670480115 122 145 152 0.93 61 1253 409 131 457 175
2659 -0.5517329100110583 0.30609454839277206 3.0801418869357358 99 103 103 0.9 61 1254 409 132 457 176
2660 -0.5517329100110583 0.30609454839277206 3.0801418869357358 99 103 103 0.9 61 1255 409 133 457 177
2661 -0.5399193958943573 0.3296905793838569 3.153067796969229 152 163 171 0.65 61 1256 409 134 457 178
2662 -0.5132537703535066 0.3467263475447014 3.1164573842160244 157 171 178 0.34 61 1257 409 135 457 179
2663 0.05073380208699128 0.1127434313712233 1.0305219461610715 88 61 44 0.75 61 1258 216 157 258 320 423 338 460 110
2664 0.045929256880330005 0.12167618267230615 1.031770038310562 46 33 30 0.65 61 1259 258 321 268 62 342 200 460 111
2665 0.24841219219429067 0.12550862454516973 1.068708647319892 51 40 35 0.7 61 1260 189 476 386 316 423 339
2666 0.2253618971876362 0.060732823657810214 0.45148999447565474 107 87 69 0.44 61 1261 143 489 214 180
2667 -0.6540537407199517 0.3928183637515701 3.3655739526881003 61 63 56 0.53 61 1262 409 136 457 180
2668 -0.646255891034367 0.39493173675148546 3.3243043483795174 128 131 134 0.4 61 1263 409 137 457 181
2669 -0.646255891034367 0.39493173675148546 3.3243043483795174 128 131 134 0.4 61 1264 409 138 457 182
2670 0.03972316729810931 0.10009972633185064 0.6423021585767386 168 132 109 1.1 61 1265 90 524 425 211
2671 0.11386900633363806 0.14117617852111208 0.969181705428031 136 110 79 1.53 189 477 457 183
2672 0.11741952737343328 0.14379375303664507 0.9633001099417158 66 45 32 0.84 61 1266 89 985 90 525 189 478 216 158 342 201 425 212
2673 -0.5673608556793287 0.39210558045484495 2.6958267136731653 78 69 50 0.27 61 1267 409 139 457 184
2674 -0.5501062829581683 0.3942720888038397 2.6395285651182605 121 89 64 1.08 61 1268 89 986 409 140
2675 -0.10926244209624368 0.13179585622914625 0.8216525938685896 164 122 86 0.09 61 1269 409 141 457 185
2676 -0.41197927071934887 0.32891638313536425 2.294004085530024 52 39 30 0.45 61 1270 409 142 457 186
2677 -0.3684619598555332 0.3690800002945979 2.537623179815274 78 61 48 0.69 61 1271 89 987 423 340 457 187
2678 -0.35633200463757764 0.3592867636947133 2.411520661044552 148 131 110 0.92 190 125 216 159 264 303
2679 -0.35122280821983703 0.37457467481735235 2.5504482309336782 90 84 75 0.96 61 1272 90 526 423 341 425 213
2680 -0.020140905413507947 0.2185948817246661 1.3173691729569814 126 97 72 1.12 152 342 386 317 423 342
2681 0.03984669241609213 0.11628696846745416 1.029968637890359 239 192 156 0.33 89 988 190 126 191 124
2682 -0.5200514618580376 0.4238297887977477 2.495795899457124 100 74 57 0.51 89 989 132 28 258 322
2683 -0.05431779464788327 0.2181288851592819 1.309506889180983 92 78 58 0.09 61 1273 386 318 423 343
2684 0.04907542448742132 0.1658314946883991 0.967984788988681 66 44 27 0.35 216 160 258 323 423 344
2685 0.010468816262922814 -0.24711403648208075 1.794656027970939 94 92 102 0.62 61 1274 258 324 342 202 460 112
2686 -0.006580560248894328 -0.21979612807861654 1.7574316971513235 108 81 60 0.96 61 1275 409 143 457 188
2687 -0.0028068914532254764 -0.21596545113341425 1.7564951348355164 151 118 84 1.08 61 1276 409 144 457 189
2688 -0.0028068914532254764 -0.21596545113341425 1.7564951348355164 151 118 84 1.08 61 1277 409 145 457 190
2689 -0.00897877958435327 -0.17398555191040443 1.7455192724578024 96 68 54 0.81 61 1278 264 304 409 146 457 191
2690 -0.05564320380671556 -0.12914872660163693 1.7159201236853814 118 102 84 0.32 61 1279 264 305 457 192
2691 -0.04293873690123531 -0.1510275167549283 1.7234280456114537 72 60 48 0.66 61 1280 386 319 457 193
2692 -0.023819089735694285 -0.12021069410962361 1.715582899700817 114 100 79 0.49 61 1281 264 306 268 63 457 194
2693 -0.01459969109714563 -0.12687235870812488 1.7190228673743446 133 118 88 0.59 61 1282 264 307 386 320 409 147 457 195
2694 -0.010340651252141944 -0.14515087744177946 1.725754276322276 85 70 62 0.79 61 1283 342 203 460 113
2695 0.005782827395394169 -0.14152771580163231 1.7274429889099712 50 38 31 0.56 61 1284 409 148 457 196
2696 0.0052363411229615405 -0.1429054268672454 1.7347189698370942 72 45 35 0.22 61 1285 77 500 89 990
2697 0.025394578310104162 -0.14413871232370798 1.7378764317286264 125 98 74 0.58 61 1286 457 197 460 114
2698 0.031156668035515766 -0.12279598784676071 1.7335077683067677 67 59 56 0.59 61 1287 268 64 386 321
2699 -0.023343425604735277 -0.10570827601112841 1.7099885538656157 82 77 73 0.4 61 1288 264 308 268 65
2700 0.030146124879965566 -0.08426897676775415 1.7107920512116692 78 61 51 0.26 61 1289 264 309 268 66 386 322 409 149 457 198
2701 -0.05906014367934741 -0.07796209921178313 1.6944166840587565 81 66 54 0.9 61 1290 264 310 457 199
2702 -0.019071007520384417 -0.0744723448194348 1.7001033959881888 139 105 68 0.6 208 194 211 119 322 34
2703 -0.013750373479686866 -0.0548718125368821 1.6487777958321503 83 65 49 0.82 61 1291 214 181 386 323
2704 0.013890170096750606 -0.05675691611491393 1.6912488411544124 88 67 52 0.29 61 1292 322 35 342 204
2705 0.036051255450782776 -0.083245360558123 1.7126373782975879 86 64 46 0.6 61 1293 264 311 409 150 457 200
2706 0.039902459772929735 -0.07222556256621696 1.7124788270043254 150 127 96 0.62 61 1294 264 312 268 67 386 324 409 151 423 345 457 201
2707 0.02400114561899904 -0.06397260910250414 1.7002594359772794 93 80 73 0.62 61 1295 264 313 329 50 361 73
2708 0.02395921100956878 -0.06398235895803996 1.6981158646391978 89 66 58 0.25 61 1296 268 68 329 51 457 202
2709 0.21675050398695397 0.005315717473862728 0.4568479880910048 74 56 38 1.22 61 1297 214 182 423 346
2710 0.06802171664037782 -0.018240203650445864 1.689159711425153 163 132 93 0.53 61 1298 409 152 457 203
2711 -0.12239336831004131 0.008700151699717829 1.781013439890908 118 117 111 1.42 61 1299 143 490 342 205 386 325 460 115
2712 -0.0490872385226056 0.013497069496006398 1.6374185313863125 62 56 54 0.67 61 1300 258 325 264 314 268 69
2713 0.1784129340148722 0.023730865738106028 0.5000900197568613 123 91 60 0.69 61 1301 143 491 214 183
2714 -0.05296398112965611 0.04017135236188188 1.4880544230974282 130 82 48 1.52 152 343 215 70 216 161
2715 0.10035113570232525 0.0425120855539687 1.573732800952765 99 72 41 1.06 61 1302 143 492 258 326
2716 0.060824464746466876 0.06315859652190729 1.5497035672940862 90 59 49 0.79 61 1303 329 52 460 116
2717 -0.039671536985864224 0.11339484842016818 1.5259368500745554 107 81 55 0.38 61 1304 386 326 425 214
2718 -0.03700363260564388 0.09726294100376341 1.502630757282024 182 116 62 1.3 174 10 215 71 216 162
2719 0.19130159180655226 0.08831555905996755 1.0724489607233665 128 94 67 1.06 61 1305 89 991 123 223 189 479 423 347
2720 0.23104673269569204 0.08966832721922192 1.0713854632834472 163 124 91 1.1 61 1306 77 501 143 493 189 480
2721 -0.12279159617930928 0.16294877024179083 1.6586574841561366 152 107 71 1.24 61 1307 143 494 409 153 423 348 457 204
2722 0.013144926557853593 0.1098104979233829 1.0479867780680754 101 75 50 0.75 61 1308 386 327 425 215
2723 0.14998106326808225 0.10902406602461412 1.0046304469741432 89 75 59 2.1 61 1309 143 495 425 216
2724 -0.5523571367748709 0.3165441933767026 3.1229497432401168 139 160 171 0.83 61 1310 409 154 457 205
2725 -0.5023142949986419 0.34805777869222243 3.082387973572474 106 107 101 0.29 61 1311 409 155 457 206
2726 0.02515298049320383 0.13129744319203107 1.0334847034797618 102 64 42 0.61 153 53 215 72 284 25 383 29
2727 -0.4067733968358362 0.319183793765888 2.3745889913677063 90 61 41 0.82 61 1312 77 502 126 387
2728 -0.5143626830217435 0.38421215824133265 3.1900662813544036 69 75 76 0.15 61 1313 409 156 457 207
2729 -0.4652155657419245 0.3995722134685269 3.232458405820114 83 88 82 0.21 61 1314 409 157 457 208
2730 -0.06567484666659372 0.16888333115738682 1.3244893895318453 141 101 73 1.7 153 54 460 117
2731 -0.3741514584039061 0.3501805674846966 2.450302197269881 159 131 98 0.6 89 992 90 527 409 158 457 209
2732 -0.3282644663561523 0.34362127457602715 2.158256525915985 78 52 33 1.9 61 1315 90 528 126 388 460 118
2733 -0.3716742416192695 0.41166579855173235 2.9036423288494526 42 32 21 2.09 61 1316 409 159
2734 0.06250487659755546 0.16231939784519364 0.9934044467925254 120 88 75 0.44 61 1317 89 993 189 481 258 327 460 119
2735 -0.41634590214778544 0.3340396844162692 1.978740122360988 60 46 40 1.66 61 1318 77 503 89 994 189 482
2736 -0.3546640230137087 0.33429624089784965 1.9311246595485312 197 154 108 0.67 89 995 214 184 409 160 457 210
2737 -0.3589949607032511 0.33741019025264246 1.9485984651820483 145 114 85 1.22 89 996 189 483 258 328 409 161 457 211 460 120
2738 -0.35641906093532044 0.33699395892306816 1.953481283087761 43 39 33 1.71 189 484 258 329 409 162 457 212
2739 -0.42011856339712633 0.40214919398527066 2.420406128955721 174 146 115 0.76 190 127 215 73 264 315
2740 -0.023904466545471827 0.20268844511860795 1.139069624289728 101 69 50 1.08 61 1319 386 328 460 121
2741 0.10241128376871568 0.17234531953500523 0.937235265172507 128 85 59 1.04 61 1320 89 997 386 329
2742 0.18112580527723895 0.08826908900801332 0.4641794246088367 155 122 84 1.23 61 1321 143 496 214 185
2743 0.1819146468724561 0.0878541061925425 0.4618138281336562 134 102 65 1.16 61 1322 143 497 214 186
2744 0.01545101251836025 -0.20226934379386075 1.7743095362979886 50 44 41 0.85 61 1323 123 224 386 330
2745 -0.029882387276289637 -0.183501959983506 1.6914770374364636 114 104 92 0.48 61 1324 386 331 423 349
2746 -0.07006921316531953 -0.15117438536439196 1.7679869551758862 194 203 207 1.5 61 1325 90 529 264 316 342 206 423 350
2747 -0.023333440116576815 -0.15221932789743609 1.7288457703415232 46 46 52 0.5 61 1326 179 14 258 330
2748 0.009206997761308592 -0.1226131813112388 1.723085984845232 81 67 56 0.55 61 1327 264 317 457 213
2749 -0.011898879631561986 -0.10489381567078228 1.7108972114700958 75 57 42 0.47 61 1328 264 318 386 332 409 163 457 214
2750 0.021350452089685272 -0.09921316763405194 1.717210048819781 98 89 81 0.22 61 1329 264 319 268 70
2751 0.21489886386410384 -0.0003691851423020923 0.45928423985482425 154 140 129 0.56 61 1330 214 187 463 59
2752 -0.06700401421137367 -0.06485065204727941 1.6926053023651535 185 139 95 0.64 61 1331 89 998 126 389
2753 0.03950310455187893 -0.08080958673830974 1.7175237400352723 147 119 88 0.39 61 1332 264 320 268 71 409 164 457 215
2754 0.2188202547221446 0.00610189831305431 0.4604378993079487 116 87 48 0.81 61 1333 143 498 214 188
2755 -0.07792490073119027 -0.037965009933911914 1.6809480592980874 64 54 43 0.27 61 1334 342 207 386 333
2756 -0.03350030183545181 -0.03949635357243287 1.6739920574234766 141 102 71 0.29 61 1335 89 999 361 74
2757 0.023539717778652595 -0.024423685177118792 1.6690039473127183 132 90 63 0.52 61 1336 71 125 77 504 89 1000 264 321
2758 0.05152862775242348 -0.048328123135401205 1.7081137037288803 109 92 79 0.76 61 1337 189 485 342 208
2759 0.18657630881812023 0.018688191572181205 0.4604493628004742 144 110 68 1.44 61 1338 143 499 214 189 423 351
2760 -0.0213924354002326 -0.0022167656716456166 1.7715810361362718 146 116 90 1.97 189 486 215 74
2761 -0.010891283123048021 0.025554883646857665 1.5966560898382312 122 75 48 0.75 61 1339 89 1001 302 16
2762 0.06806158891321426 -0.0018803285255564392 1.6777124861805308 112 80 60 0.78 61 1340 152 344 264 322 460 122
2763 0.17146430613539973 0.0320807373250658 0.5338054440230369 100 77 57 0.7 61 1341 214 190 423 352
2764 0.1933756992534109 0.030261836116343616 0.4526176288006147 156 133 98 0.99 61 1342 208 195 214 191
2765 -0.0238616571927408 0.07610128828556467 1.5263436713482246 70 44 29 0.67 61 1343 258 331 409 165
2766 0.022541909218714795 0.08417102132817332 0.9776185749266575 38 33 28 2.14 211 120 258 332
2767 0.2531889205572891 0.0822132811877144 1.0862896778847573 114 111 98 0.64 61 1344 258 333 342 209
2768 0.2199657357582095 0.04871727316580352 0.45600865286927367 163 121 78 0.64 61 1345 143 500 214 192
2769 0.04046132851541719 0.10163777231053335 1.029013835566416 134 103 76 0.77 153 55 214 193 258 334 383 30
2770 0.12462877259557772 0.10228691533708564 0.9607247344513107 126 108 86 0.19 61 1346 90 530 189 487 425 217
2771 0.18666665514544625 0.10494688881177552 0.9773596330151803 147 118 86 0.45 61 1347 409 166 457 216
2772 -0.6930672001798718 0.34969114409327007 3.3114327065590023 152 169 179 0.97 61 1348 409 167 457 217
2773 -0.41402572608138 0.3491176314433198 2.224455354498915 152 122 94 1.06 61 1349 77 505 89 1002 126 390 258 335 409 168 457 218 460 123
2774 -0.08908954897767804 0.17338836952303452 1.092217387880425 81 56 50 1.99 61 1350 77 506 123 225
2775 -0.02984098015697531 0.2050945016029042 1.270674899735984 111 90 70 1.3 61 1351 90 531 361 75 423 353 425 218
2776 -0.030439268083801888 0.20511126115761552 1.2700539063460843 111 90 70 0.85 61 1352 90 532 361 76 423 354 425 219
2777 -0.006028048775095587 0.18254885921312533 1.093957748266512 138 104 75 0.63 61 1353 457 219 460 124
2778 0.17512168181662718 0.0834639489053619 0.49020470591617615 122 104 84 0.8 61 1354 214 194 423 355
2779 0.21569281160443174 0.07687098551575262 0.4411646225234441 86 65 48 0.36 61 1355 143 501 214 195
2780 0.31263764863629157 0.08510585513863558 0.47164438847796514 121 99 71 1.46 61 1356 143 502 423 356
2781 -0.04020005119864078 -0.24242604463729484 1.799092739054 103 98 90 1.6 61 1357 189 488 386 334
2782 0.015506096840115958 -0.14752327796197673 1.7446938699652397 132 103 67 0.85 61 1358 386 335 409 169
2783 0.018852428909992877 -0.0845456693001217 1.7102857742292812 67 57 50 0.41 61 1359 264 323 268 72 386 336 409 170 457 220
2784 -0.03360696417824363 -0.0468853257262624 1.683865376354288 113 75 51 0.47 61 1360 409 171 457 221
2785 -0.03360696417824363 -0.0468853257262624 1.683865376354288 113 75 51 0.47 61 1361 409 172 457 222
2786 -0.08104267517026281 5.2409766212120416e-05 1.656524647704227 103 77 55 1.4 61 1362 90 533 143 503 322 36 342 210 423 357
2787 -0.053195817062628686 0.016283271659820745 1.6410139201497873 152 125 83 0.87 61 1363 258 336 409 173 457 223
2788 -0.01600244645065202 0.0006958423297413148 1.6453089614343384 80 66 52 1.29 61 1364 90 534 258 337 264 324
2789 0.05539777668238892 -0.0022391158312553665 1.6712164989608844 184 143 92 0.5 61 1365 77 507 143 504
2790 0.06433592746980969 0.005333234335649806 1.6717468140506728 116 87 67 1.01 61 1366 143 505 189 489 219 40 386 337
2791 0.023397001009743085 0.03210914735950933 1.5753674104874946 148 122 92 0.56 61 1367 90 535 386 338 423 358 425 220
2792 -0.07628493636790946 0.06609376493151388 1.466294593467572 103 74 52 0.49 61 1368 386 339 457 224
2793 0.0017205142755402055 0.1103880514183886 1.0673261764861657 84 66 52 1.41 61 1369 143 506 423 359
2794 0.061252260259590116 0.07040098828323853 1.5478318488884915 140 98 69 0.68 37 596 211 121 264 325
2795 0.19163378947829304 0.09337155512143896 1.0647083981657262 147 106 75 0.35 61 1370 123 226 214 196
2796 0.009637650459349608 0.11904015453766734 1.0533177154065052 37 21 18 1.17 61 1371 77 508 123 227 126 391 191 125 258 338
2797 -0.49564467779625093 0.37793985901261223 3.1574582490822616 74 78 76 0.17 61 1372 409 174 457 225
2798 -0.44942936844925097 0.4031364983732241 3.266639630123306 159 170 178 0.22 61 1373 409 175 457 226
2799 -0.15418638628569525 0.2526315226104186 1.8350590414637262 124 90 59 0.29 61 1374 90 536 425 221
2800 0.11804124186386805 0.14281268286323903 0.9624587630910194 67 45 34 0.38 61 1375 77 509 89 1003 189 490 457 227
2801 0.21270324173312014 0.07214815116333245 0.4429721899238116 71 59 45 0.75 61 1376 143 507 423 360
2802 -0.14549475564082529 0.2899005206316661 1.8549027956490023 154 109 74 1.35 61 1377 90 537 409 176 425 222
2803 0.11196062962367985 0.17008066288383275 0.9839121048368388 112 80 62 1.6 61 1378 152 345 189 491
2804 0.11913068996075338 0.16287357288991713 0.943006902810947 118 88 58 0.72 61 1379 143 508 189 492
2805 0.012387874502284983 -0.06807386317402911 1.7040806906472907 154 122 82 0.43 61 1380 409 177 457 228
2806 0.012021719855305424 -0.06825224823690629 1.7054825117885675 145 121 90 0.68 61 1381 268 73 409 178 423 361 457 229
2807 -0.07178001353745705 -0.03368714711506365 1.6623621924540797 125 100 76 1.15 61 1382 219 41 264 326
2808 -0.05162883711857209 -0.006011407866688079 1.6568537514296973 104 79 70 0.72 61 1383 258 339 342 211 460 125
2809 0.054564159281871374 0.026702418965546506 1.6031560454748073 50 49 46 0.78 61 1384 123 228 423 362
2810 0.16407828649405753 0.032639912039764636 0.5824546840154775 132 154 165 1.54 61 1385 143 509 214 197
2811 0.04687008865376779 0.06249382043512374 1.5547078441834985 145 111 73 0.5 61 1386 90 538 386 340 423 363 425 223
2812 0.2526230809025645 0.08232796666033604 1.087331476033875 88 70 61 0.27 61 1387 258 340 386 341
2813 -0.6399516059559719 0.3119447239994776 3.1761895350595704 155 170 181 1.27 61 1388 409 179 457 230
2814 -0.624558557764049 0.32340730440143967 3.121460404072553 92 99 90 0.44 61 1389 409 180 457 231
2815 -0.4463267499996592 0.33425512838677024 2.419346267257106 93 69 51 1.28 61 1390 77 510 89 1004
2816 0.06883610514102684 0.157610761276906 0.9950650529694748 124 82 55 0.35 77 511 89 1005 153 56 189 493 216 163 258 341 460 126
2817 0.18437447324510606 0.0796883203487917 0.4424656006686965 135 113 82 0.48 61 1391 143 510 423 364
2818 -0.017341233914160734 -0.2047564401774435 1.7648458147566428 55 34 27 1.03 61 1392 152 346 361 77 457 232
2819 0.014951969688699905 -0.2375249261996479 1.7929354135541824 57 57 59 1.15 61 1393 123 229 264 327
2820 -0.027905792095681836 0.028432909057669792 1.5467050932730764 160 106 58 0.84 61 1394 89 1006 143 511
2821 -0.05823355833871551 0.056390130160498125 1.3195195698969715 137 94 61 1.3 174 11 284 26 383 31
2822 0.2514549452941428 0.0925189412689951 1.0837278878590821 102 80 61 0.62 61 1395 123 230 189 494 342 212
2823 0.04702995130624958 0.109887208775194 1.0337818883302854 160 112 68 0.49 61 1396 90 539 216 164 284 27 409 181 425 224 457 233
2824 0.20529904096427232 0.0897143647366612 0.9940583101051025 143 98 64 2.2 61 1397 89 1007 386 342 423 365
2825 -0.5876320183507279 0.2961045634222391 3.0957607321946847 159 172 185 1.08 61 1398 409 182 457 234
2826 -0.12329826869846718 0.22902297370118352 1.6881473575267174 118 94 73 0.71 61 1399 90 540 423 366 425 225
2827 -0.4662491205798487 0.35784359332859705 2.323588128754898 143 119 83 0.88 61 1400 409 183 457 235
2828 -0.3373095495813013 0.38722261652764745 2.4980421358280545 134 117 92 1.41 61 1401 90 541 409 184 423 367 425 226 457 236
2829 -0.34002311007640434 0.41515586094519014 2.4130788689874683 99 71 48 1.81 61 1402 89 1008 423 368
2830 0.17568619118476703 0.08790186224632719 0.46620111508090484 133 108 82 0.51 61 1403 143 512 423 369
2831 0.24224355491791744 0.010212739094181772 0.4667399938555563 117 91 66 0.89 61 1404 143 513 214 198
2832 0.1330530814575053 0.10898555169869052 0.98377817522502 23 20 19 0.95 61 1405 89 1009 90 542 153 57 386 343 423 370 425 227
2833 0.18228388746102078 0.08067782851092645 0.46077770544190444 117 87 48 0.95 61 1406 143 514 214 199 423 371
2834 0.18161283896457042 0.07762205349803326 0.44505077296522677 99 70 38 0.72 61 1407 143 515 423 372
2835 0.03576015037509806 0.04751129972412446 1.557667466870439 97 74 60 0.79 61 1408 90 543 423 373 425 228
2836 0.02687640192676392 0.10580625129010765 1.0220591897861573 40 30 26 1.76 61 1409 90 544 284 28
2837 0.05344070403080979 0.11823109170273685 1.0294291480375233 36 25 18 1.15 61 1410 143 516 152 347 342 213
2838 0.12181326570010093 0.1399956323616132 0.9652036093768657 24 20 15 1.19 61 1411 89 1010 409 185 425 229 457 237
2839 0.19349424078380006 0.13047099246482352 1.0023521607621044 58 50 36 1.93 61 1412 423 374
2840 0.24864677204612365 0.07950197582639458 1.0873317202950372 92 79 70 1.45 61 1413 123 231 189 495 342 214 463 60
2841 0.020678893728287285 0.13613095790744592 1.0393447077596998 135 93 50 1.16 61 1414 143 517 214 200
2842 0.20081798641017948 0.11473730396973607 0.9875418508098945 20 19 19 1.19 61 1415 189 496 386 344 423 375
2843 0.023823447140946644 0.1548790633297197 1.0235267108406443 199 139 93 1.08 77 512 89 1011 126 392 216 165
2844 0.01656407711084044 -0.1754318082868709 1.752647972646543 139 109 78 1.42 71 126 77 513 126 393
2845 0.02832619020828577 -0.1719748729426873 1.7588978917699094 150 114 90 0.42 71 127 89 1012 189 497
2846 0.028044349686891817 -0.17192893327723974 1.7579105804917754 122 89 65 0.48 37 597 71 128 89 1013 189 498 281 134 485 256
2847 0.034264349861635846 -0.13114661196253666 1.7409184578592412 165 121 86 0.53 71 129 89 1014 90 545
2848 -0.1382927924194466 0.10500595520779504 1.701056689021731 134 93 58 0.72 71 130 89 1015 90 546 264 328
2849 0.04513977760072298 0.1148477529892476 1.032929479768167 62 43 31 0.55 53 985 61 1416 143 518 152 348 189 499 216 166 258 342 386 345 425 230 457 238
2850 -0.02129221769496975 -0.13640976729455012 1.7287805174403117 164 103 65 0.19 71 131 77 514 89 1016
2851 -0.05396345690082744 0.005147960199574693 1.6791469062892006 196 151 101 1.07 71 132 77 515 126 394
2852 0.019572093638416516 -0.006054164394424647 1.6294071523396831 193 172 145 0.85 71 133 190 128 191 126
2853 -0.03914270954366472 0.035185242154482085 1.539394274619453 133 85 45 1.01 37 598 61 1417 89 1017 126 395 258 343 409 186 457 239
2854 -0.04809564996108653 -0.21196138345801843 1.7831419703523792 89 58 24 1.27 71 134 89 1018 126 396
2855 -0.08017856474124156 0.00857164435452278 1.646915833426008 223 171 123 1.21 71 135 77 516 89 1019 126 397
2856 -0.0779809371091866 0.023462650280501388 1.6393364102204333 183 123 74 0.72 71 136 89 1020 152 349
2857 0.12392293966183208 0.08190311100051018 1.5571408648567617 156 102 60 0.8 71 137 89 1021 143 519 152 350
2858 -0.04181530799175264 0.10955342637030029 1.5171929143470642 215 142 77 0.73 71 138 89 1022 126 398
2859 -0.052593624621811774 -0.10520586012075396 1.7037237059331736 146 86 39 0.85 71 139 77 517 89 1023 126 399
2860 -0.04865603311065632 -0.09776927671877146 1.703866260016926 144 87 45 0.7 71 140 77 518 89 1024 126 400
2861 -0.0038693511610421497 -0.07635916289096892 1.6990540943635337 130 84 42 1.61 71 141 77 519 126 401 485 257
2862 -0.060628316640659874 0.02171162997341591 1.6389550799217978 218 168 117 0.9 71 142 77 520 89 1025 126 402 152 351
2863 -0.06450669858291813 -0.04625106234578157 1.671398791466565 135 80 34 0.78 71 143 77 521 89 1026 126 403
2864 -0.018704082276819575 0.13442468912561376 1.193941165917362 78 58 38 1.45 71 144 126 404 190 129 191 127
2865 -0.03481694485355641 0.19919610105708976 1.2356422929817756 108 89 68 1.14 89 1027 126 405 152 352 264 329
2866 -0.007418440595707476 -0.18623438564347802 1.7506992692425978 204 177 141 1.13 71 145 77 522 126 406
2867 0.034170345983617276 -0.04787764418670015 1.6917312978771157 186 158 129 0.73 77 523 126 407 152 353 264 330
2868 0.010257036634026469 0.11761422521767378 1.0513645227774981 59 30 21 1.19 72 18 126 408 152 354 154 61 190 130 191 128
2869 -0.01953190120859977 0.1331590697236532 1.170164771348971 101 72 46 1.17 72 19 126 409 190 131
2870 0.001260215345696132 0.1388986333199712 1.063046385985774 130 96 72 0.74 72 20 126 410 190 132 191 129
2871 -0.01162055072120472 0.12266537991160122 1.1328818585663376 77 42 21 0.69 72 21 126 411 152 355 190 133 191 130
2872 -0.00033928227794927936 0.12209374691383554 1.0681368655023973 86 50 25 0.89 72 22 126 412 190 134 191 131
2873 0.005155986364722677 0.12550947741284196 1.0604411635659847 126 94 73 0.97 72 23 106 127 126 413 152 356 190 135 191 132
2874 0.006059866747344836 0.12615256603902902 1.0458969596564511 114 76 47 0.61 72 24 126 414 152 357 190 136 191 133
2875 -0.009214355359953734 0.1466732804072714 1.1237531532044809 119 96 76 0.93 72 25 126 415 258 344
2876 0.0020976355903959314 0.14454278769793574 1.0503059780524953 108 70 40 1.21 72 26 126 416 190 137
2877 -0.016227658316050886 0.12166573957423062 1.1487299028327607 80 51 27 0.62 72 27 126 417 191 134
2878 0.00018434489882382648 0.1303698581574283 1.0859844990405485 114 96 79 0.84 72 28 126 418 190 138 191 135
2879 0.0018725638410515945 0.12933752676196394 1.087240925970108 98 70 40 1.24 72 29 126 419 264 331
2880 -0.00926842681559327 0.12207507781913068 1.128513855805847 76 42 27 1.62 72 30 126 420 190 139 191 136
2881 -0.009845715266174043 0.12505217847099306 1.1286922503145804 102 73 48 0.81 72 31 126 421 152 358 190 140
2882 -0.0036546103074136635 0.12089393812099203 1.1012402252312548 108 78 52 0.94 72 32 126 422 190 141 191 137
2883 -0.011349747056408668 0.12637828498408174 1.137305938575649 99 70 45 0.94 72 33 126 423 152 359 191 138
2884 -0.0028995311295368737 0.12290125719587792 1.0982368255850166 43 22 17 0.71 72 34 126 424 190 142 191 139
2885 0.002668955957555117 0.1294922022718194 1.0446477515377293 50 20 17 1.57 72 35 126 425
2886 0.0036804455292642597 0.1292209478791393 1.0481279238857537 43 21 18 0.3 72 36 126 426 190 143 191 140
2887 -0.06162057705894841 -0.14874775692233902 1.772834952741534 106 63 46 0.2 77 524 89 1028 152 360
2888 -0.05363600989385961 -0.15280551395675324 1.7372407624458561 114 69 49 0.44 77 525 89 1029 152 361
2889 0.025937105417310143 -0.15775040565574858 1.7494267570559432 212 172 138 1.03 77 526 89 1030 126 427 189 500
2890 0.00856244213923903 -0.13945427148110603 1.733890197011923 166 135 104 0.53 12 48 25 253 32 440 37 599 77 527 89 1031 90 547 189 501 208 196 211 122 281 135 485 258
2891 0.029796777232413158 -0.1159196389415406 1.7311534167915072 187 149 115 0.83 77 528 106 128 126 428
2892 -0.052876138660289326 -0.10126507609032423 1.7185054029030817 243 179 122 0.39 77 529 89 1032 126 429
2893 -0.04269792472880436 -0.09794086170545996 1.717543837613169 156 99 71 0.26 77 530 89 1033 126 430
2894 0.014820080166192915 -0.0968105851582594 1.7135529438798316 188 144 108 0.71 77 531 89 1034 126 431
2895 0.04156810477696851 -0.09559738010270145 1.7183480073782682 215 159 113 0.67 77 532 89 1035 126 432
2896 0.03194357809390665 -0.0754684710394394 1.7046638597271486 177 133 90 0.85 77 533 89 1036 126 433
2897 -0.07635792042498836 -0.015607345381588256 1.6696751959545633 249 199 152 0.55 77 534 89 1037 126 434
2898 -0.0025526391504129436 -0.026075129908862942 1.6647961079671083 106 72 43 0.17 77 535 126 435 264 332
2899 -0.0025526391504129436 -0.026075129908862942 1.6647961079671083 106 72 43 0.17 77 536 126 436 264 333
2900 -0.008941859965763372 -0.020327420356840487 1.6616163854441426 230 177 124 0.3 71 146 77 537 89 1038 126 437
2901 0.041038766080677885 -0.03361185088393957 1.689848696209592 111 81 65 0.6 53 986 61 1418 77 538 89 1039 189 502
2902 -0.032483249680241674 -0.00747632952840426 1.645181464746658 236 181 126 0.63 77 539 89 1040 126 438 485 259
2903 -0.014961515462898292 -0.009676112833923842 1.658784844187456 193 115 52 0.15 77 540 89 1041 126 439
2904 -0.029075218762702953 0.0423568266403609 1.5331953387121222 204 148 90 0.42 77 541 126 440 143 520
2905 0.017410324478115732 0.037705884791477434 1.5480487829056577 135 83 50 0.3 77 542 89 1042 258 345
2906 0.01862860534556392 0.0399128993695071 1.5325882382742744 172 132 92 0.91 77 543 89 1043 126 441 258 346
2907 0.04177280220786194 0.019054669533167493 1.6669488280055433 186 130 87 0.88 77 544 89 1044 90 548
2908 0.03173586029583525 0.03695441598221111 1.5415886010805586 128 92 70 0.83 61 1419 77 545 89 1045 258 347 409 187 457 240
2909 -0.030941876390959945 -0.018727185496094503 1.6573729306144431 184 154 112 0.15 60 39 90 549 189 503
2910 0.08952114743161771 0.09336692354339941 1.047054425299367 187 133 87 0.65 77 546 89 1046 90 550 143 521
2911 -0.048021362132015945 0.12567670778992543 1.5201396862126728 225 144 88 0.78 77 547 89 1047 106 129
2912 -0.03972389339806068 0.1460884157471206 1.5017688404283636 151 96 56 0.55 77 548 89 1048 152 362
2913 0.0512542917099735 0.10400845216209686 1.0317864163238326 82 54 36 0.63 77 549 89 1049 90 551 143 522
2914 0.08391248958203869 0.09913214354423866 1.0037685794822133 146 124 95 0.64 61 1420 77 550 123 232 152 363 189 504 216 167 258 348 342 215 383 32 386 346 409 188 425 231 457 241
2915 0.1747305170142309 0.10085226443245016 0.9753171863525715 158 123 96 0.88 89 1050 189 505 215 75 258 349
2916 0.18899320035904557 0.10271986875525987 0.9761127330911524 225 178 128 0.55 77 551 89 1051 214 201 215 76 219 42
2917 -0.004923155392059975 0.1330330959028712 1.1352138522003867 85 57 37 0.37 77 552 89 1052 123 233 152 364 258 350
2918 -0.001979917707493595 0.13364573513552458 1.1204051106974486 82 56 37 0.09 77 553 90 552 258 351
2919 0.04104088282529413 0.11997177431964072 1.029431918416101 197 148 111 0.22 77 554 89 1053 190 144 191 141 216 168
2920 0.03907622972497978 0.12378783599973678 1.0291239853633634 131 77 46 0.33 77 555 89 1054 190 145 191 142 216 169
2921 0.08010706426772826 0.11743860671842017 1.005771246573832 70 44 31 0.59 77 556 89 1055 106 130 216 170
2922 0.04808842614048603 0.08342333591758025 0.6508175693949863 116 76 55 0.41 77 557 89 1056 123 234
2923 0.17383962957378146 0.10654999684599968 0.9695300203624346 78 58 46 1.24 77 558 143 523 152 365
2924 0.16771763518638455 0.11615567204815691 0.9795397259422152 77 52 37 0.71 89 1057 123 235 216 171
2925 0.18651148134869464 0.10618153228177954 0.969991945267575 136 113 91 0.57 89 1058 190 146 215 77
2926 -0.0774980967899808 0.18815832366659319 1.4688808545863012 92 41 20 1.21 77 559 89 1059 126 442
2927 -0.035047122182344834 0.168629695790015 1.265474932046562 94 55 26 0.97 77 560 89 1060 126 443
2928 -0.004979086526491885 0.14726314425474943 1.1294556182413458 47 29 23 0.37 77 561 152 366 258 352
2929 -0.006259894233935318 0.15101516280119076 1.136900812030927 98 72 57 0.77 77 562 152 367 190 147 258 353
2930 0.13576583147904425 0.11867025199509443 0.9742039894208876 54 33 24 0.27 77 563 89 1061 143 524 152 368
2931 0.1641861195973816 0.12145655838179076 0.9816215179075977 86 65 52 0.47 77 564 215 78 216 172 258 354
2932 -0.34764174695117306 0.3554800107873595 2.4331469606597236 149 113 84 0.55 77 565 89 1062 90 553
2933 -0.16282165760686002 0.2789022302209931 1.9534790891874003 97 60 45 1.08 123 236 190 148 216 173
2934 -0.03217335983778906 0.18306671176208827 1.2467840831932613 90 41 21 0.92 77 566 89 1063 126 444
2935 0.016189689676041695 0.14458238825868708 1.0206306301662902 163 117 85 1.7 77 567 89 1064 126 445 152 369
2936 0.019871573254685592 0.15298440808065536 1.0247161431570202 223 173 133 1.32 77 568 89 1065 126 446
2937 0.024609689330795083 0.1429620982452376 1.0254048526748047 211 146 98 0.73 77 569 89 1066 126 447 152 370
2938 0.030147655848873498 0.14745734526029852 1.0281486346292696 235 171 122 0.53 77 570 89 1067 126 448
2939 0.03661697125975297 0.14984943036972587 1.0292383560347826 169 105 53 0.69 77 571 89 1068 126 449
2940 0.026410198994946798 0.15660435149851593 1.0246377804289606 169 125 94 0.68 77 572 89 1069 126 450
2941 0.036811301266393544 0.15428368696321704 1.028301772707454 242 185 137 0.77 77 573 89 1070 126 451
2942 0.05400386510309399 0.14718173690521794 1.0309535291874485 154 114 83 0.41 77 574 89 1071 126 452
2943 0.05400386510309399 0.14718173690521794 1.0309535291874485 154 114 83 0.41 77 575 89 1072 126 453
2944 0.05976357329654315 0.15328726193858908 1.0342788788862258 79 51 38 0.98 77 576 89 1073 126 454 258 355
2945 -0.04376904370643086 0.20405033461867803 1.2590351001048572 136 108 86 1.16 77 577 89 1074 126 455 264 334
2946 0.006901043912409881 0.17890130541447474 1.0511624920568874 192 135 90 0.8 77 578 89 1075 126 456
2947 0.012477433712462982 0.16801603411339128 1.0150153270042765 159 111 84 0.45 77 579 89 1076 152 371
2948 0.028143429372488427 0.16330341607905047 1.0263001603926787 136 82 41 0.72 77 580 89 1077 126 457 216 174
2949 0.04117260185463216 0.1702858965939818 1.0156364995887632 155 107 79 0.6 77 581 89 1078 106 131
2950 0.06522886199511609 0.16111339489585197 0.9943285719984744 214 146 95 0.12 77 582 89 1079 216 175
2951 -0.12883176247478503 0.2828531988152249 1.603002007388006 193 152 119 1.63 77 583 89 1080 126 458
2952 -0.11718394151011391 0.281630519334699 1.5957880115553584 198 152 119 1.77 77 584 89 1081 126 459
2953 -0.06909413736613793 0.2535473565912293 1.417614676901946 48 25 13 0.62 126 460 190 149 191 143
2954 -0.06762955503624535 0.2356823450477838 1.3358028155118713 131 98 75 1.12 77 585 89 1082 123 237
2955 -0.048558766948987295 0.22030440038599558 1.2469149547035143 115 95 78 1.24 89 1083 126 461 264 335
2956 -0.04598847702100575 0.2150133805314995 1.2182927241108825 146 115 92 1.59 77 586 89 1084 126 462
2957 -0.04328157895789467 0.22190035289689194 1.197534933769709 95 53 30 1.35 77 587 89 1085 126 463
2958 -0.023276498691683117 0.2017900881532118 1.1245570852239737 76 38 28 0.4 77 588 89 1086 123 238
2959 0.03254872168842544 0.17594281553944638 1.0220436193301845 185 147 114 0.74 77 589 89 1087 126 464
2960 0.053036507700073024 0.17060679370063866 0.988512713203586 171 125 91 0.35 77 590 89 1088 123 239
2961 -0.034546393260604616 0.21890045791743468 1.156948683213306 198 134 87 0.87 77 591 89 1089 126 465
2962 -0.016918165375447287 0.18133865465463742 0.9319398649475035 169 108 77 0.21 77 592 89 1090 152 372
2963 -0.016580842132218294 -0.26975857214575505 1.7890689512425209 113 98 90 1.58 17 158 20 211 214 202 216 176
2964 -0.0332054493984651 -0.17840818579827203 1.750130320746528 210 181 146 1.28 77 593 90 554 126 466
2965 -0.007861703187823536 -0.15955168695965885 1.7440347339010362 232 176 133 0.69 77 594 89 1091 126 467
2966 -0.02368557934833163 -0.1476947456557487 1.7349455925209611 199 168 134 0.37 77 595 189 506 281 136 485 260
2967 -0.003510087033529924 -0.14740991662955147 1.7247205212482146 175 138 109 0.42 77 596 89 1092 90 555 189 507 485 261
2968 0.010675023801513514 -0.16043372492478475 1.742652178292147 143 101 83 0.61 77 597 89 1093 132 29
2969 0.016323784085044132 -0.16302648336930234 1.7311672358494234 206 185 152 1.09 126 468 190 150 191 144
2970 -0.054479512769562165 -0.12407577723468353 1.7258572629646831 238 181 136 0.4 77 598 89 1094 126 469
2971 -0.000844888338947905 -0.11942237099488999 1.7124067566213266 200 153 122 0.41 77 599 89 1095 189 508
2972 0.015366760762824444 -0.11548673275732457 1.7267160655472742 116 67 30 0.7 77 600 89 1096 126 470 485 262
2973 -0.06196580495583471 -0.10030504910989113 1.7150732153589359 163 94 36 0.43 77 601 89 1097 126 471
2974 -0.06584965399475713 -0.08047728281345265 1.7053306418543528 180 113 49 0.34 77 602 89 1098 126 472
2975 0.02483147701278846 -0.09438151907761375 1.7139595332979916 100 53 25 0.75 77 603 89 1099 126 473
2976 -0.008203650574649567 -0.06921622187056009 1.7034535920200993 159 134 112 0.79 17 159 20 212 485 263
2977 0.013492441134872354 -0.07615130449794141 1.7096764666000401 128 73 28 0.24 77 604 89 1100 126 474
2978 0.03335235008535909 -0.04870386829130877 1.6886173478211517 235 203 160 0.59 77 605 126 475 216 177
2979 -0.07723036505754595 -0.03202362983476 1.6626441899373716 189 136 98 0.58 77 606 89 1101 152 373
2980 -0.05257513519786345 -0.013910224248515611 1.6572816840149471 176 143 103 1.07 25 254 53 987 61 1421 71 147 77 607 89 1102 126 476 154 62 264 336 361 78 409 189 457 242
2981 -0.020838893520998276 -0.03629700709985687 1.6787481340019175 130 83 58 0.48 37 600 71 148 77 608 89 1103 126 477
2982 0.06521254360327262 -0.034177482359071476 1.6832376172530696 170 103 54 0.52 77 609 89 1104 126 478
2983 0.03377468966993757 -0.010742120505637357 1.668322274849475 202 172 133 0.65 77 610 89 1105 126 479 219 43 258 356
2984 0.04112054107168478 -0.010324155052288122 1.6719855868786506 191 162 124 1.0 77 611 89 1106 106 132 126 480 216 178 258 357
2985 0.06364989506869999 0.016639541033581978 1.66803961802908 118 77 40 0.41 77 612 143 525 152 374 258 358
2986 0.04406552653021375 0.041127092789117616 1.5387826346259235 198 152 106 0.64 61 1422 77 613 89 1107 106 133 126 481 190 151 216 179 258 359 409 190 457 243
2987 0.07241296127387226 0.016569830933827395 1.6701019936482675 161 104 73 0.36 77 614 89 1108 216 180
2988 -0.04036404648024416 0.07132131711763821 1.525761984106761 127 78 50 0.99 32 441 37 601 61 1423 77 615 89 1109 152 375 264 337 302 17 342 216 460 127
2989 0.015076021661890647 0.0613746897173184 1.5353865934633482 164 98 47 0.79 25 255 77 616 89 1110 126 482 216 181 219 44
2990 0.10821387031813247 0.05189315507416749 1.5682486258202126 193 209 225 1.63 77 617 90 556 106 134
2991 0.08888494604732612 0.06522882587861185 1.5596370915415896 171 104 60 0.58 71 149 77 618 89 1111
2992 0.0984791181257661 0.06521550577872871 1.5463761194532266 148 98 70 0.92 61 1424 77 619 89 1112 386 347
2993 -0.002200828361838874 0.09879019483380519 1.5290897974712292 121 64 18 1.11 71 150 77 620 89 1113 126 483 143 526
2994 0.03337831010276022 0.06985946679551393 1.0401536244682057 223 153 104 0.41 77 621 89 1114 106 135
2995 -0.06708527982184544 0.1119505140544549 1.4629351006652338 210 154 95 0.65 77 622 89 1115 126 484
2996 -0.00550762749214792 0.10080445230287528 1.528789031749166 154 109 65 0.64 71 151 77 623 89 1116 126 485 264 338
2997 0.0164772942688925 0.08245544494281028 1.0293786526344129 151 91 46 1.55 77 624 89 1117 126 486 152 376
2998 0.14798595102123924 0.08688661634776952 0.9753782265755343 172 139 112 1.46 77 625 215 79 258 360
2999 0.22119721661586322 0.08949781000401325 1.0777753090084081 162 121 83 1.2 61 1425 77 626 89 1118 143 527 215 80 219 45 386 348
3000 0.006724048659348898 0.1026079832999917 1.041491158315898 67 42 24 0.74 61 1426 77 627 89 1119 143 528 386 349
3001 0.004280705371799124 0.1066263983254397 1.0420104307715095 35 16 10 0.32 77 628 190 152 216 182 258 361
3002 0.014710005482898946 0.10083741592794936 1.021302171642363 39 20 13 0.83 32 442 77 629 89 1120 126 487 152 377
3003 0.13667151487369705 0.09975361370989137 0.9638453852356109 225 176 136 0.13 77 630 89 1121 153 58
3004 -0.11039657287925757 0.1893267600523442 1.6338160773279238 118 67 44 1.07 77 631 89 1122 126 488
3005 0.04343048816566124 0.11438860570902673 1.0289037140546786 73 39 23 0.73 77 632 89 1123 152 378 190 153
3006 0.04339940810773857 0.11408073029642593 1.0301305536024274 81 46 30 0.24 77 633 89 1124 106 136
3007 0.06899805089166133 0.12384464836867896 1.0292045618895134 60 43 36 0.61 77 634 89 1125 123 240 190 154 191 145
3008 0.06743662300082519 0.12591219223499692 1.030600862165045 20 13 12 0.53 77 635 191 146 216 183
3009 0.07897569896520618 0.10666219377888232 0.9561638832879895 25 17 15 1.56 89 1126 90 557 152 379
3010 0.1664020944937712 0.11212988409575565 0.9766654970112794 69 42 33 0.26 77 636 89 1127 215 81
3011 0.19147492682529843 0.10597410935084088 0.9754669153755128 132 105 82 0.51 77 637 152 380 215 82
3012 -0.08563291856717532 0.19739051406440217 1.5473332960958424 33 16 13 0.58 77 638 190 155 191 147
3013 -0.0658552493826521 0.17955942857443552 1.4044697498504175 144 112 80 1.15 61 1427 77 639 89 1128 123 241 126 489 386 350 423 376 425 232
3014 -0.000965791165687106 0.1397984832006854 1.109628949712294 102 67 50 0.43 77 640 152 381 190 156
3015 0.022263975427325205 0.13824157531165174 1.0238836674305083 216 156 108 0.94 77 641 89 1129 126 490 152 382 190 157 191 148
3016 0.07310227523127326 0.14089146970142188 1.0282628351422034 63 49 43 0.15 77 642 89 1130 123 242
3017 0.2545974827684129 0.12817607073836723 1.0801532286497535 88 68 50 0.62 77 643 123 243 215 83
3018 -0.1130853192345307 0.23195080684579103 1.6888955356987825 204 155 112 0.68 77 644 89 1131 126 491
3019 -0.1130853192345307 0.23195080684579103 1.6888955356987825 204 155 112 0.68 77 645 89 1132 126 492
3020 0.012963512527668107 0.15380901665520408 1.0241054479044247 247 215 181 1.48 77 646 89 1133 126 493
3021 0.04625061918762129 0.15858494389657332 1.0285882160127378 106 64 27 1.84 77 647 126 494 152 383
3022 -0.04771778981043115 0.20582311744116605 1.2841538890577955 94 42 23 1.37 77 648 89 1134 126 495
3023 -0.04771778981043115 0.20582311744116605 1.2841538890577955 94 42 23 1.37 77 649 89 1135 126 496
3024 -0.03264867248989816 0.19476855735910972 1.2379739014459328 146 113 88 0.87 61 1428 77 650 89 1136 90 558 386 351 423 377 425 233
3025 -0.031584684076720236 0.19711039780773504 1.2229241234983164 106 73 54 0.43 77 651 89 1137 152 384
3026 -0.006899327188027918 0.19836743418496716 1.19510748407634 146 103 69 1.08 89 1138 106 137 123 244
3027 0.02165205851391087 0.1659973135232441 1.017395651366587 152 105 77 1.58 77 652 89 1139 123 245
3028 0.037364432020925986 0.16982923061733657 1.0281980249481626 231 181 144 0.43 77 653 89 1140 126 497
3029 0.037364432020925986 0.16982923061733657 1.0281980249481626 231 181 144 0.43 77 654 89 1141 126 498
3030 0.06928404550443149 0.15788844704857938 0.9772095075342104 174 121 89 1.55 77 655 89 1142 106 138
3031 -0.10933387756863992 0.2852966835552455 1.5954949013652093 57 21 13 1.89 77 656 89 1143 126 499
3032 -0.08071290157089119 0.24679366577727077 1.39829969292534 68 47 34 1.42 89 1144 264 339
3033 -0.04356495763477151 0.2168359505089907 1.2301097094513862 152 119 94 1.2 77 657 89 1145 126 500
3034 -0.011165044240327776 0.192952191324044 1.1227515571266182 204 158 122 0.32 77 658 89 1146 126 501
3035 0.012584871849373557 0.17415628171747413 1.0101783630023107 178 125 90 0.21 77 659 89 1147 152 385
3036 0.05263378746536589 0.16917052211687322 0.9897094520339186 136 91 64 0.46 77 660 89 1148 123 246 152 386 189 509
3037 -0.0385749768683866 -0.2245790148320874 1.7884262532099822 96 63 33 1.08 25 256 77 661 89 1149 126 502 152 387
3038 0.017372223605686066 -0.21319313296992223 1.7772516527370006 112 77 44 1.79 77 662 89 1150 126 503
3039 -0.044924469603419594 -0.16940020268457343 1.7395018976029206 206 148 115 0.31 77 663 89 1151 152 388
3040 -0.018770555898137167 -0.14940854812689597 1.7359691792663519 218 176 140 0.81 77 664 89 1152 126 504 152 389
3041 -0.010633386263840744 -0.14771943001162907 1.736098067175617 241 197 161 0.68 77 665 89 1153 126 505
3042 0.011356624602377163 -0.16613953905782167 1.743234183958519 241 206 174 1.23 77 666 89 1154 126 506
3043 0.02716739001877299 -0.14574402342204015 1.741192296538437 223 180 147 1.18 77 667 89 1155 126 507 485 264
3044 0.027132258349878428 -0.1449438063455208 1.735599209076668 218 178 141 1.28 77 668 89 1156 126 508 281 137 485 265
3045 -0.07317637036616835 -0.11389487471355611 1.7680454823760239 172 139 113 0.94 77 669 90 559 152 390
3046 -0.05506962123232238 -0.11320283169430874 1.7140670062662486 222 166 121 0.68 77 670 89 1157 126 509 152 391
3047 -0.007431534440416189 -0.1303900421811755 1.731979570828263 232 190 155 0.72 77 671 89 1158 126 510
3048 0.036934911742024276 -0.11514398186297016 1.7377616927238215 151 90 40 0.99 77 672 89 1159 126 511 485 266
3049 -0.07516413622195853 -0.1086750315983125 1.7567410030674107 104 70 52 0.44 77 673 90 560 208 197 485 267
3050 -0.03820785755734587 -0.10513920900405328 1.707953725195208 113 65 28 0.74 71 152 77 674 89 1160 126 512 485 268
3051 -0.032701651241956536 -0.10340664453679056 1.7156972313715517 226 180 139 0.44 77 675 89 1161 126 513
3052 0.03235478536451542 -0.08254852968384363 1.7075225323371725 142 83 31 0.68 77 676 89 1162 126 514
3053 0.04015303153168593 -0.10798709932204369 1.7208105832593454 235 186 143 0.65 77 677 89 1163 126 515
3054 -0.06333444490028896 -0.052661834202679184 1.6892180070437872 198 151 107 0.47 77 678 89 1164 126 516
3055 -0.04578227053246231 -0.045425584705716775 1.6745377492693174 154 97 56 0.69 71 153 77 679 89 1165 126 517
3056 0.05381878480041792 -0.0676939299845684 1.7069193271514749 205 167 127 0.83 77 680 126 518 485 269
3057 -0.07903100012114993 -0.018884549534987798 1.6709272536544428 175 103 46 0.46 77 681 89 1166 126 519
3058 0.004119699211716502 -0.022374704722576685 1.6588728211346626 252 207 158 0.37 77 682 89 1167 126 520
3059 0.09139747910461983 0.0018996719021932428 1.6817822358398637 168 123 102 0.48 77 683 89 1168 216 184
3060 0.024243987021357487 0.040844118810429215 1.533881663261065 186 130 93 0.21 77 684 89 1169 258 362
3061 -0.028576040072860055 0.0520761132343534 1.5299588555939323 187 105 48 0.38 77 685 89 1170 126 521
3062 -0.008413727029916274 0.10388755639239167 1.5235663490135805 203 131 64 0.52 77 686 89 1171 126 522
3063 -0.008413727029916274 0.10388755639239167 1.5235663490135805 203 131 64 0.52 77 687 89 1172 126 523
3064 0.017445763493546148 0.08026844278847076 1.027778175793574 188 139 93 1.62 77 688 89 1173 126 524 152 392
3065 0.21178275280705422 0.09120307337274575 1.0747124438352587 110 73 48 0.55 77 689 123 247 215 84
3066 0.04229630222308998 0.10546209316329512 1.0322206744300308 90 49 27 0.67 77 690 89 1174 284 29
3067 -0.07318115135909313 0.18468454439066806 1.4317447688295157 127 86 57 1.37 77 691 89 1175 106 139
3068 -0.06101095640809419 0.18402421638374508 1.3509806193856302 66 33 23 2.13 77 692 126 525 264 340
3069 -0.4375937585469151 0.3564029013493811 2.285920738044169 181 151 116 1.26 61 1429 77 693 126 526 457 244
3070 -0.13822508640700337 0.2933414084273482 1.8506895234378031 154 121 96 0.79 77 694 89 1176 126 527
3071 0.05977853123687648 0.16747841480745976 0.9907662128234612 166 119 85 0.64 32 443 61 1430 77 695 89 1177 123 248 152 393 189 510 409 191 457 245 460 128
3072 -0.02446751738412039 0.2055352162843812 1.155480577837749 164 132 105 0.77 77 696 89 1178 126 528
3073 0.0020385494746365898 0.18405324493701802 1.0325305650416141 175 133 100 0.57 77 697 89 1179 126 529
3074 0.0143983107850986 0.18155595724551196 1.0002750536069374 117 71 50 0.42 77 698 89 1180 90 561
3075 0.022052584308792998 0.18051434593337173 1.0116411977883588 216 165 123 0.49 77 699 89 1181 126 530
3076 0.03896228287419412 0.17886873867293657 0.9864513013815662 110 57 38 0.44 77 700 89 1182 126 531
3077 -0.03742433943640601 0.19131475391166947 0.9777420597587922 197 135 104 0.58 77 701 89 1183 152 394
3078 0.029300771571270208 0.11146970813284024 0.5542767841471696 116 84 60 0.78 77 702 89 1184 123 249
3079 0.03335167241102189 -0.1269018257227975 1.7300157903257793 234 183 143 0.94 77 703 89 1185 126 532
3080 -0.060057235246576864 -0.09408013008356743 1.7044593083879793 221 162 118 1.04 37 602 77 704 89 1186 126 533
3081 0.04611908711491457 -0.0812608460297062 1.7099315294195798 121 71 28 0.54 77 705 89 1187 126 534
3082 -0.059954910688879745 -0.06751272545318371 1.6990752689208997 140 85 28 0.16 77 706 89 1188 126 535
3083 -0.042849665536391475 -0.06650804496312406 1.6993625051634658 117 63 25 0.17 77 707 89 1189 126 536
3084 -0.03340074677704889 -0.045580345729351594 1.6869686374123847 142 81 27 0.31 77 708 89 1190 126 537
3085 0.01948681939568682 -0.06396148626848168 1.6999159798167678 108 77 46 0.57 17 160 20 213 106 140 126 538
3086 0.04327090945979547 -0.04827820579298257 1.689805386821199 231 183 136 0.76 77 709 89 1191 126 539
3087 -0.07135455256372912 -0.03374281054997183 1.6780950557609249 246 193 142 0.41 77 710 89 1192 126 540
3088 -0.07431584416159595 -0.024099862219960664 1.6652868363949738 218 156 101 1.15 37 603 77 711 89 1193 126 541
3089 -0.07431584416159595 -0.024099862219960664 1.6652868363949738 218 156 101 1.15 37 604 77 712 89 1194 126 542
3090 -0.0011644502478060242 -0.03362506566472103 1.6732637206616898 244 197 152 0.23 77 713 89 1195 126 543
3091 0.09027648553157604 0.04786967797628672 1.561122750936451 212 156 103 1.12 25 257 71 154 77 714 89 1196 191 149
3092 0.04897578259891453 -0.052101232985768894 1.7072418484157839 71 56 46 0.32 25 258 32 444 61 1431 258 363 264 341 268 74 342 217 386 352
3093 0.06077423657769205 0.10208170151737986 1.030918274835947 120 73 46 0.19 77 715 89 1197 216 185
3094 0.015717769619907923 0.14973122824608337 1.016389752549896 217 188 158 1.69 77 716 106 141 126 544
3095 0.017699878778176508 0.15047740723079572 1.0230109016243252 193 167 139 1.68 61 1432 77 717 126 545
3096 -0.04200984698488072 0.207145735049945 1.255302892826788 73 33 18 1.41 77 718 89 1198 126 546
3097 0.013650303678393204 0.15954876726058362 1.0214013097772094 92 58 42 1.05 32 445 53 988 61 1433 77 719 89 1199 90 562 106 142 152 395 189 511 258 364 409 192 423 378 425 234 457 246
3098 0.03399668117355883 0.16004541678645634 1.0269178975593591 131 73 40 0.74 77 720 89 1200 126 547 216 186
3099 0.03319288663987964 0.15871194930953816 1.0184155109263473 137 82 55 0.13 77 721 89 1201 106 143
3100 -0.04235141085142099 -0.2155055290316654 1.788462964411079 242 196 152 1.38 77 722 89 1202 126 548
3101 0.010917430698128068 -0.185626217249574 1.7478300331808827 142 121 98 2.07 32 446 61 1434 77 723 123 250 126 549 152 396
3102 -0.04782601046802307 0.054774253428465015 1.545049102557696 232 177 121 0.27 77 724 89 1203 126 550
3103 0.011007910962505325 0.044682801447323395 1.529465116060617 221 148 89 0.48 77 725 89 1204 90 563
3104 0.03552241901695353 0.08760292158089085 1.030759956449579 218 162 105 0.91 77 726 89 1205 214 203 216 187 258 365 409 193 457 247
3105 0.06946072732634974 0.0850582854875837 1.0416932756712756 159 100 61 0.6 77 727 89 1206 90 564 189 512 216 188
3106 0.06859017494811977 0.0990250300324625 1.0324474306843203 138 85 56 0.36 77 728 89 1207 216 189
3107 0.06564364013006083 0.10308244201858216 1.0351134339787336 214 163 121 0.31 77 729 89 1208 191 150
3108 0.09070707585929706 0.10040343296928586 1.0046445016222534 181 141 107 0.65 52 169 61 1435 77 730 89 1209 216 190 383 33
3109 0.061066673190361104 0.11221061834270933 1.032259521125798 130 98 68 1.94 61 1436 77 731 89 1210 143 529 152 397 216 191
3110 0.056268435231818494 0.1421637813892923 1.0332508294526475 86 52 29 0.46 77 732 89 1211 126 551
3111 -0.41339667219829507 0.32881683234727777 2.360686527089235 197 157 118 1.82 77 733 126 552 143 530
3112 0.01499967433391377 0.14694112781327343 1.022885199703828 118 68 26 1.54 77 734 126 553 152 398
3113 0.12437081769545164 0.14713743448531422 0.9641626171665995 149 102 70 0.22 52 170 53 989 89 1212 152 399
3114 -0.05410740395768845 0.20705635605401043 1.3206148282007983 168 122 84 1.15 77 735 89 1213 126 554
3115 0.010189295721744625 0.16572734921243873 1.0151036596922673 119 70 48 1.31 77 736 89 1214 106 144 152 400
3116 0.04517506771804185 0.15970371839358719 1.0254690958800703 134 85 60 0.56 77 737 89 1215 189 513 216 192
3117 -0.03403870599848491 0.01298182428863981 1.6318405081592406 246 193 146 0.63 77 738 89 1216 219 46
3118 -0.026816092660863853 0.028746786974656078 1.5442897550695254 251 198 142 0.38 77 739 89 1217 126 555
3119 0.00041660187848323587 0.07736457629953757 1.5335223652019239 100 58 26 1.62 71 155 77 740 89 1218 126 556 258 366
3120 -0.012627128888850396 0.11886279503911158 1.5388804487936407 240 155 87 0.4 77 741 89 1219 216 193
3121 0.10273141716256316 0.10031163987422731 0.953006393990788 213 180 140 0.56 77 742 214 204 215 85 216 194
3122 0.04081841033526516 0.12933037892759464 1.0258853711448066 141 87 58 1.13 77 743 89 1220 216 195
3123 -0.10106837659946163 0.23432616923573243 1.6626991489348393 32 17 13 1.42 77 744 89 1221 126 557
3124 0.04261903535372566 0.15426963208482883 1.0294422007619024 245 196 147 0.78 77 745 89 1222 126 558 216 196
3125 0.05333242172474219 0.155568385329779 1.0309908684403908 228 169 128 1.08 77 746 89 1223 126 559
3126 0.05695174726979036 -0.0975924000320625 1.7243532191972237 118 80 57 1.42 77 747 90 565 152 401
3127 0.007211680467821484 0.04978748714762811 1.5304615000775128 239 168 95 0.45 77 748 89 1224 126 560
3128 -0.013364274895877316 -0.2739545503991567 1.814164741259167 228 206 143 0.95 90 566 189 514 208 198 211 123 281 138
3129 0.0350195740579284 0.1257570203490443 1.0279445778670877 107 54 34 0.33 77 749 89 1225 126 561
3130 0.2593878652352721 0.11900344383015597 1.0801752171639205 227 226 230 0.39 77 750 123 251 215 86
3131 -0.039893133594317835 0.13619376310260362 1.5022516876660532 218 143 87 0.71 77 751 89 1226 152 402
3132 -0.0764717241755548 0.25264072111678515 1.4581088880165551 209 160 123 1.62 77 752 89 1227 126 562
3133 0.019475659361116653 0.09102965687949083 1.0265230533979661 181 122 79 1.46 77 753 106 145 152 403
3134 0.10905548013957019 0.09752906176349269 0.9597381934740592 223 182 146 0.31 89 1228 190 158 191 151
3135 0.020689738464861496 0.13495927961495002 1.0275967611356773 210 157 118 1.73 77 754 89 1229 106 146 126 563
3136 0.046707786576853 0.1378827254992836 1.0274336300847078 181 134 95 1.06 77 755 89 1230 106 147 126 564 152 404
3137 0.062772427244546 0.14875889944877396 1.0197187322703747 66 51 38 0.54 77 756 89 1231 126 565
3138 0.04229529376720759 -0.06164005061840287 1.7052623943599037 174 141 106 0.42 32 447 37 605 89 1232 90 567 189 515 208 199 211 124 264 342 281 139 485 270
3139 -0.0012371853307606116 0.12405845850009528 1.084573305105157 105 85 58 0.34 126 566 190 159 191 152
3140 0.008476574377914518 0.13096362293397934 1.0494254659411553 56 24 18 1.11 106 148 126 567 190 160 191 153
3141 0.00529584110341126 0.13788881687170973 1.0586744550709375 43 18 13 1.16 106 149 126 568 191 154 258 367
3142 0.06978721789291964 0.14300999683980786 1.0522737907185133 108 90 73 0.54 126 569 190 161 191 155
3143 0.13671515449503646 0.13593048170999175 1.0365038216100857 37 26 16 0.78 126 570 190 162 191 156
3144 0.027085805188177013 0.03713164537568055 1.5337284602446568 120 81 58 0.63 37 606 89 1233 126 571 264 343
3145 0.10331069149615917 0.10163754096723158 1.02860747683093 178 153 117 1.42 126 572 190 163 191 157
3146 0.06816889046344116 0.12400779310215768 1.0309196641595444 60 50 41 1.11 106 150 126 573 190 164 191 158 249 11
3147 0.06816889046344116 0.12400779310215768 1.0309196641595444 60 50 41 1.11 106 151 126 574 190 165 191 159 249 12
3148 0.0810976210321603 0.11898385683166442 1.0057274100755884 16 13 14 0.56 106 152 154 63 190 166 191 160
3149 -0.0013580596779923346 0.13902699913807393 1.0597613696925583 116 82 53 0.33 126 575 190 167 191 161
3150 0.02313863413699742 0.14100823320262662 1.0240263931482083 211 142 95 0.28 89 1234 152 405 190 168 191 162
3151 0.07059362323323337 0.15682708447341467 1.0037352586539825 176 128 87 2.09 89 1235 126 576 216 197
3152 -0.16786233609160373 0.2846889539625383 1.5569957539433306 119 80 52 1.35 89 1236 106 153 126 577
3153 -0.01692223130190902 0.04828621020162829 1.5353614444886152 221 148 83 0.26 89 1237 126 578 152 406
3154 0.07951077300864207 0.1263338414605972 1.0408885066044713 52 37 24 1.38 126 579 152 407 190 169 191 163
3155 -0.021102799298645093 0.15005465338652493 1.1940680530853527 88 62 37 0.85 126 580 190 170 191 164
3156 -0.12372588732915968 0.21874578587437207 1.6375526617050815 75 51 35 0.36 89 1238 258 368 264 344
3157 -0.0018742539114816568 0.17591547607139954 1.0609817562147172 200 156 124 0.69 77 757 89 1239 126 581
3158 0.05070469492784003 0.16948457921486154 0.9909166145778691 124 85 59 0.43 89 1240 123 252 189 516
3159 0.0025200408677382266 0.11403431471916652 1.05761156686909 89 59 31 0.31 126 582 190 171 191 165
3160 0.0227444825469215 0.11149859186447955 1.0245661131751782 128 115 101 0.96 53 990 61 1437 90 568 126 583 143 531 152 408 189 517 216 198 258 369 342 218 386 353 409 194 423 379 425 235 457 248
3161 0.08648843095277782 0.13672227101050607 1.052615332842848 60 47 26 0.36 126 584 190 172 191 166
3162 0.10780793399051546 0.14774173251348888 0.9595651980660845 82 56 35 1.27 89 1241 154 64 208 200
3163 -0.01827276229483878 0.20004885004372583 1.1408337716876857 98 77 58 0.77 53 991 61 1438 90 569 423 380 425 236
3164 0.12841904927616093 0.11438455069834837 1.0314089738187102 85 55 22 1.58 126 585 190 173 191 167
3165 0.1406624212419516 0.12266161671972627 1.0363777040333686 71 53 33 0.95 126 586 190 174 191 168
3166 0.021896183117000426 0.1684603448836216 1.0188124027649512 156 115 81 0.74 89 1242 123 253 216 199
3167 -0.0034091661342832667 0.18171946877313966 1.0155063273033411 46 28 16 2.06 89 1243 264 345
3168 0.040075918118142165 0.15129539715665313 1.0278961647645144 227 176 134 1.48 77 758 89 1244 126 587 152 409 216 200
3169 -0.018854352829479493 0.1397375525086752 1.1847307714290265 145 114 86 0.59 106 154 126 588 152 410
3170 -0.005283123305634406 0.12956056366642665 1.1063104399657202 60 36 22 0.71 126 589 152 411 191 169
3171 0.07534937402387043 0.1302079891664179 1.0464189219568711 10 8 7 1.09 126 590 152 412 190 175 191 170 249 13
3172 0.010297544467994335 0.1235215903436013 1.0413700631308547 127 92 62 1.07 106 155 126 591 191 171
3173 0.0044640774033587564 0.1340700377549768 1.0610735786738406 56 31 21 1.56 106 156 126 592 258 370
3174 -0.007220393801771927 -0.16195966792082672 1.7407913588800457 126 94 82 0.39 89 1245 90 570 189 518 485 271
3175 -0.002905225566873655 -0.08325313852935493 1.7045158605160182 180 140 104 0.25 89 1246 189 519 211 125 281 140
3176 0.001365386345494136 -0.02440031861291861 1.6621848202324199 203 150 105 0.37 89 1247 90 571 485 272
3177 0.0924188935811981 0.010877744200336808 1.68227897074074 153 106 72 0.32 60 40 89 1248 189 520
3178 -0.038643743196085656 0.029417478610728486 1.5613654564123454 179 138 110 1.17 89 1249 132 30 189 521
3179 0.0616146598078128 0.054191118029151886 1.5555652274423375 178 105 57 0.93 89 1250 106 157 152 413
3180 -0.018256124950406682 0.12853644942718606 1.5336663104079546 252 199 141 0.56 89 1251 190 176 191 172
3181 0.0314933648768657 0.08987612492693889 1.0304087497877334 163 121 82 0.13 174 12 190 177 191 173
3182 0.23875254257274542 0.09191824112726636 1.0780592396873185 211 148 92 0.79 89 1252 189 522 219 47
3183 -0.08654650131113363 0.14339762416468135 1.2518273985800639 64 38 31 0.48 126 593 190 178 191 174
3184 0.04225990432795091 0.10130724927555892 1.0316640592045467 138 99 67 0.28 89 1253 90 572 189 523 216 201 284 30
3185 0.038494952357562486 0.1038043263036895 1.031199706163288 91 61 41 0.3 89 1254 90 573 284 31
3186 0.07628462466028331 0.09572867551528225 1.0033625573572589 140 96 64 0.14 89 1255 123 254 216 202
3187 0.10693315402512871 0.09986545592972558 0.9575885267804303 190 148 115 0.23 89 1256 90 574 189 524
3188 0.12101009018506009 0.09723869440287941 0.96235847546812 175 131 90 0.22 89 1257 90 575 216 203
3189 0.1541182861554851 0.09688058050794392 0.9736807271311353 178 135 98 0.7 89 1258 90 576 219 48
3190 0.17255515034893779 0.10050658449126679 0.9744175858143901 196 150 102 0.91 89 1259 208 201 219 49
3191 -0.16178766808857778 0.2068743224880591 1.8383847515278728 74 47 34 0.53 89 1260 123 255 264 346
3192 0.02405575111244556 0.11595814679562942 1.0284087486083393 94 60 37 0.16 89 1261 189 525 216 204
3193 0.11583587366113712 0.10349429838673645 0.9564437862089686 54 44 38 0.85 89 1262 90 577 123 256 189 526 258 371
3194 0.13562644430294 0.1013333625552443 0.9640941740561665 162 125 92 0.37 89 1263 90 578 189 527
3195 0.19478420701961213 0.10417841215001013 0.9782505284533679 207 162 119 1.49 89 1264 190 179 219 50
3196 -0.08147396853482589 0.1698453664257858 1.4445366431424602 104 75 56 1.26 89 1265 106 158 126 594 189 528
3197 0.06976706860198108 0.128742055902102 1.029737733316624 72 51 36 0.32 89 1266 123 257 216 205
3198 0.16410150884056113 0.12412613243208298 0.9810414056486897 67 43 32 1.02 89 1267 152 414 258 372
3199 0.19768239823638625 0.12924706372582115 1.032579307500238 95 72 53 1.38 89 1268 189 529 216 206
3200 -0.07552283211558355 0.1423842517447656 1.1037310993655676 155 137 109 0.27 89 1269 190 180 191 175
3201 0.011006358663191747 0.14084482594141273 1.0407674057854193 192 156 117 0.14 89 1270 190 181 191 176
3202 0.03174597509053659 0.14101795838965783 1.0267289958879688 176 134 103 0.89 89 1271 126 595 258 373
3203 -0.054894895611837274 0.11869429221451094 0.8243868786180207 40 25 19 1.06 190 182 191 177
3204 0.03080439314245322 0.14188614603620836 1.0265390342519947 154 92 49 0.97 89 1272 126 596 152 415
3205 0.035223256239221866 0.12997982308816594 0.8931409245943545 31 26 24 0.75 190 183 191 178
3206 0.11884843773262695 0.13983207887362334 0.9672117694978658 31 17 16 2.37 61 1439 89 1273 258 374 460 129
3207 -0.0009779554498293185 0.1400606686150595 1.10923270541969 99 68 49 0.35 32 448 77 759 106 159 152 416 258 375
3208 -0.012910142424773605 0.16949705699617984 1.0809993518948644 152 125 95 1.38 89 1274 123 258 126 597
3209 0.010902581870104589 0.15979048194550874 1.0087323682683944 252 227 188 1.52 126 598 190 184 191 179 216 207
3210 0.03834946557575821 0.1712567820306832 1.0180569053821882 201 161 132 0.31 89 1275 190 185 191 180
3211 0.07138874600159621 0.16735293926184966 0.9949178455802723 172 128 93 0.56 89 1276 190 186 208 202
3212 -0.09092596391219858 0.2609672890196215 1.4793758332791287 110 85 64 1.63 89 1277 126 599 264 347
3213 -0.015045425150973398 0.19570929919802393 1.094824901213686 153 124 99 0.33 89 1278 123 259 126 600
3214 -0.01285159640958914 -0.2867016398611209 1.8156204096992583 227 206 135 1.87 89 1279 90 579 281 141
3215 -0.051959954741566824 -0.13430151076378383 1.7189792974988 154 133 104 0.32 61 1440 264 348 409 195 457 249
3216 0.03517964858909737 -0.15455882375310653 1.747547163679252 162 136 103 0.19 90 580 189 530 485 273
3217 0.0810524545031314 -0.025728526742552722 1.7355622723030462 130 95 71 0.35 214 205 215 87 219 51
3218 -0.04301361222016107 -0.0011709910361012276 1.6471092816649808 184 143 101 0.22 60 41 90 581 189 531 208 203
3219 -0.018733158332668212 0.041312606240949366 1.5598234349018611 112 57 26 0.25 126 601 190 187 191 181
3220 -0.14278994784359975 0.06313006260184917 1.7068682391464658 213 188 161 0.12 106 160 190 188 191 182
3221 0.09100978813193139 0.07590198184784927 1.0490672081914536 166 116 79 0.55 89 1280 190 189 191 183
3222 0.2487602377888674 0.0826930219847278 1.0855523671010343 163 106 62 1.32 89 1281 143 532 152 417
3223 0.03693525052935934 0.09068809410248245 1.0302172956076867 157 105 73 1.64 89 1282 152 418 189 532
3224 0.1746570156065715 0.09844280092332919 0.9757212992391555 164 115 79 0.78 89 1283 152 419 214 206
3225 0.0715350405864485 0.10994789516300729 0.989086041610852 75 57 45 0.44 89 1284 123 260 189 533
3226 -0.05201638271015157 0.15790695476368966 1.3419668057374177 118 82 51 1.23 89 1285 126 602 152 420 264 349
3227 0.04390752066186873 0.12366498371728547 1.031411174593495 175 115 68 0.2 89 1286 216 208 284 32
3228 0.0648769124374579 0.13051562678362474 1.032193164823488 57 44 38 0.74 89 1287 106 161 189 534 216 209 258 376
3229 0.13882992461622579 0.11935907051584257 0.9740239046142121 30 22 22 0.46 89 1288 106 162 123 261 216 210
3230 0.23508221736943669 0.1300553789664262 1.069982315073289 92 55 32 0.77 89 1289 215 88 219 52
3231 -0.4706757068626879 0.3367952359351344 2.5383076013107084 178 152 128 0.63 190 190 191 184 264 350
3232 -0.12124469816479286 0.22352124703864745 1.6993041451447208 60 30 20 1.29 89 1290 126 603 132 31
3233 0.23105519601392188 0.14679950208466036 1.0689510921246073 180 119 73 0.84 89 1291 215 89 219 53
3234 0.15693435376255943 0.14131804795248243 0.9525977525759913 106 81 63 1.3 89 1292 123 262 258 377
3235 -0.4310918949951299 0.3617717084489914 2.2484798644564887 75 53 26 1.46 89 1293 126 604 258 378
3236 0.10928029417327664 0.14878000954869236 0.9613856504382253 186 128 91 0.84 89 1294 106 163 216 211
3237 -0.055239653230184274 0.21605337871142344 1.2540434546455292 120 89 64 1.43 89 1295 126 605 264 351
3238 0.03812052924726803 0.1726351180227275 1.0179578413950254 80 51 37 0.21 89 1296 190 191 191 185
3239 0.03812052924726803 0.1726351180227275 1.0179578413950254 80 51 37 0.21 89 1297 190 192 191 186
3240 0.05650465431506767 0.1613994293743693 1.0020853440175819 105 68 47 0.14 89 1298 190 193 191 187
3241 0.057405100958559004 0.16325159875502665 0.991793056906143 97 66 50 0.81 61 1441 89 1299 106 164 258 379
3242 0.05960124765477456 0.1712065750168795 0.9935267121289773 227 186 147 0.18 89 1300 190 194 191 188
3243 0.08215498131381137 0.19273124468273184 1.0515283900316483 235 183 141 0.21 89 1301 190 195 191 189
3244 0.023962463824074243 0.11204631010776264 0.5764893559193537 120 77 51 0.52 77 760 89 1302 123 263
3245 0.03728727803594154 -0.1336371788721064 1.7407438729467732 135 89 58 0.34 89 1303 189 535 485 274
3246 0.05323247509242631 -0.07148769500973967 1.7095280584888044 188 144 97 1.33 106 165 143 533 190 196 191 190 216 212
3247 -0.027559269102579036 0.0061712776745090235 1.6407319858477363 106 84 67 0.3 90 582 189 536 208 204
3248 0.099729462307742 0.013634850625764743 1.6847399570883115 113 101 98 0.94 53 992 61 1442 89 1304 90 583 143 534 189 537 329 53 342 219
3249 -0.04246791448704812 0.06156413137197307 1.5269373546989111 153 116 80 0.72 32 449 61 1443 89 1305 90 584 126 606 264 352 423 381 425 237
3250 0.024748253702187018 0.08480685384915122 1.5286088306989247 151 97 60 0.93 89 1306 106 166 154 65
3251 0.23994635028961192 0.0937071839769406 1.07251020523283 214 144 82 1.06 77 761 89 1307 143 535 215 90
3252 0.2415783580372619 0.10806948390665183 1.0614823490132088 84 55 26 1.0 89 1308 143 536 215 91
3253 0.005402540477512393 0.4872104302803938 3.2040697202009443 28 19 18 2.29 190 197 191 191
3254 0.027141404185980694 0.15728791007491302 1.0210242130675524 116 69 38 1.16 126 607 153 59 215 92 216 213
3255 0.1306244302304738 0.15011051656804036 0.9490126590464822 50 34 24 0.53 89 1309 191 192 216 214
3256 -0.35241198108865535 0.35010207092267476 2.159629829414219 142 104 67 1.07 61 1444 409 196 457 250
3257 0.0665435977957769 0.16694468016133387 0.9932343105674464 128 81 54 0.5 89 1310 106 167 123 264 152 421 189 538
3258 0.06371211834143313 0.16857206752290974 0.9929048887615899 205 149 105 0.73 89 1311 152 422 216 215
3259 0.020490999792617356 -0.1599404928825077 1.7430209679921727 117 69 44 0.35 77 762 89 1312 485 275
3260 0.04087528464380331 -0.132484037599923 1.6927088625871203 242 225 195 1.0 126 608 190 198 191 193
3261 0.00939818081102807 -0.1227785967518418 1.7235028874367984 112 71 38 0.72 37 607 77 763 89 1313 126 609
3262 0.07512380959454235 -0.00041765555666531444 1.6824393547725935 100 71 47 0.91 32 450 61 1445 89 1314 126 610 190 199 216 216 258 380 264 353 329 54
3263 0.09679113969546313 0.038423130905436094 1.5715788366238028 168 129 90 0.61 89 1315 90 585 216 217
3264 -0.03851156535331683 0.05930908881775944 1.5196064420496047 152 98 61 0.88 89 1316 90 586 219 54
3265 0.015287938300183511 0.08624115529835505 1.5302856861922365 79 40 18 0.7 89 1317 126 611 190 200
3266 0.01838489357367703 0.07596633981572742 1.0336552166909365 194 130 89 0.74 89 1318 106 168 152 423
3267 0.09553217886440125 0.1050164861366519 0.9807253878966852 127 100 80 0.44 77 764 89 1319 152 424
3268 0.07685228304018864 0.12267216269471132 1.0062605575668426 50 33 26 1.16 89 1320 143 537 189 539
3269 0.04857351150696401 0.15921246679913478 1.0297719370453153 141 113 86 0.83 89 1321 123 265 126 612 216 218
3270 -0.1459059040707801 0.28076294517089334 1.5938763835254384 174 141 111 1.29 77 765 89 1322 126 613
3271 -0.09603989861296058 0.2739237412262872 1.5347751906260465 69 38 16 1.43 89 1323 126 614 191 194
3272 -0.002899384716166813 -0.21697252387116828 1.7453599833081954 232 204 158 0.76 190 201 191 195
3273 0.011356624602377163 -0.16613953905782167 1.743234183958519 241 206 174 1.23 77 766 89 1324 126 615
3274 0.05404807562414478 0.004812329886915375 1.6559413835253045 192 118 54 0.98 89 1325 143 538 152 425
3275 -0.07527122033150582 0.048503198558928824 1.631833380544423 118 74 38 0.88 89 1326 143 539 152 426 154 66 189 540
3276 -0.03236079168290077 0.042055764328004196 1.5117995546349958 236 181 115 0.45 190 202 191 196 216 219
3277 0.15645835480128373 0.1013338559105649 0.9711694660754819 191 153 123 0.85 89 1327 190 203 191 197
3278 0.10824149270333915 0.10137705111549618 0.9493323659968053 131 106 82 0.23 89 1328 90 587 153 60
3279 -0.40015614539128785 0.30250259991611395 2.3516044701487324 160 124 90 1.73 89 1329 126 616 258 381
3280 -0.3451334390990809 0.3860404666947249 2.2484533350674734 161 129 88 2.39 89 1330 90 588 126 617
3281 0.06717794929858419 -0.06665443769663822 1.7013470634046532 230 208 173 0.02 126 618 190 204 191 198
3282 0.055718995889736896 -0.12204715224084134 1.7369884098178228 117 91 71 0.41 37 608 90 589 189 541 208 205 211 126 485 276
3283 0.04560707176310311 0.0970833658579091 1.031445546249939 56 35 25 0.13 89 1331 190 205 191 199
3284 0.14643398654400172 0.10625546164455789 0.9669052857968361 22 17 15 0.94 89 1332 90 590 152 427
3285 -0.16622195783553478 0.22145957509436526 1.798238518476329 184 147 111 1.02 190 206 191 200 215 93
3286 -0.033691085711011155 0.15239289663667813 1.2680675394336822 154 122 92 0.63 89 1333 90 591 126 619 264 354
3287 -0.03369234934783959 0.15245752814114316 1.2706875824576405 130 101 80 0.7 89 1334 126 620 152 428 190 207 264 355
3288 -0.009859045116980438 0.17080583721220888 1.0993114328847258 111 89 66 2.01 89 1335 126 621 191 201
3289 0.013821859307841097 0.15488654572635896 1.020231097829076 135 90 58 1.78 89 1336 152 429
3290 -0.029110934306852833 0.07451673417166893 1.5566726234313373 88 47 27 1.21 126 622 190 208 216 220
3291 0.07191208743133788 0.09989949977491479 0.998489160911022 209 161 121 1.41 89 1337 189 542 216 221
3292 0.23365778770660398 0.10466076036598833 1.066280054104533 131 95 64 1.53 20 214 53 993 61 1446 89 1338 143 540 189 543 386 354
3293 0.11118301081337013 0.10549194640504027 0.9641435409281265 29 17 13 0.91 89 1339 152 430 216 222 258 382
3294 0.013966278480577724 0.12790054012360935 1.0221438679500916 100 63 41 0.49 89 1340 190 209 191 202
3295 0.01882500916528062 0.14280406708507606 1.0246245795798001 197 134 85 1.21 89 1341 126 623 152 431
3296 -0.3483353908675852 0.3255074907181447 1.99701047583005 38 29 25 0.59 132 32 215 94 216 223
3297 0.04446940622548913 0.013747742869907115 1.6350862644934196 181 127 85 1.31 61 1447 89 1342 143 541
3298 1.1454444466929128 -0.2357694931797536 5.157337619987915 76 54 44 2.47 190 210 191 203
3299 0.02399627979639369 -0.1633538348997118 1.7496785688312255 185 150 108 0.23 90 592 281 142 485 277
3300 0.04154651645876628 -0.17445197639272378 1.762273578467516 116 115 118 0.2 90 593 189 544 281 143 485 278
3301 0.04264841362421753 -0.1732632569120908 1.7626033517842483 183 199 211 0.53 90 594 281 144 485 279
3302 0.0030859461039370187 -0.1344889750923518 1.7283938205722158 187 150 105 0.21 90 595 281 145 485 280
3303 0.02294996338341195 -0.13783164886329874 1.7379045258476393 92 66 49 0.31 90 596 211 127 485 281
3304 -0.03359446091497759 -0.11930169001403797 1.7153943857795109 174 145 115 0.29 90 597 189 545 281 146
3305 0.013657522671451584 -0.12612972688056778 1.7269280660770912 172 148 111 0.25 90 598 281 147 485 282
3306 -0.006689401479222196 -0.10033138063999116 1.7095275813707473 132 103 79 0.42 90 599 189 546 485 283
3307 0.0006857815621147501 -0.2389372490903469 1.7669202881308474 86 75 66 0.81 90 600 208 206 211 128 281 148
3308 -0.048489615187057356 -0.22988690022915337 1.7935324034570084 109 81 55 0.76 90 601 208 207 485 284
3309 -0.008907153860454734 -0.23801033535695545 1.7683541681247228 170 138 98 0.73 90 602 208 208 485 285
3310 0.014046720105632753 -0.1885865161707371 1.7630137596989304 138 120 95 0.29 90 603 189 547 208 209 281 149 485 286
3311 0.03109126429956765 -0.14155618722704774 1.7416449995082715 103 77 61 0.18 90 604 189 548 211 129 281 150 485 287
3312 -0.0010289257189342752 -0.1166534137571929 1.718054446958731 104 72 58 0.18 90 605 189 549 485 288
3313 -0.00910696633367763 -0.04369745556292569 1.6737012594243132 171 146 120 0.21 90 606 189 550 485 289
3314 0.042516350819501204 -0.046350958265446274 1.6975449677206667 159 128 96 0.21 90 607 189 551 211 130 485 290
3315 0.011636294084814276 -0.034158724861978476 1.6671468319945204 127 100 79 0.21 90 608 189 552 211 131
3316 -0.02405142058279666 -0.01969127834241026 1.6547785804167536 128 105 80 0.1 90 609 189 553 208 210
3317 -0.06466709160951091 0.01820231114912852 1.6296323235870167 165 135 103 0.08 90 610 189 554 208 211
3318 0.010553894708216103 -0.24147315619887144 1.7826506304577805 160 137 100 0.59 90 611 208 212 211 132
3319 0.010263502948541224 -0.2425385441023779 1.78771956417323 170 142 103 0.49 90 612 208 213 485 291
3320 0.029181975288885154 -0.22975655510243878 1.8093020597630982 94 88 85 0.47 90 613 189 555 208 214 281 151 485 292
3321 0.0015971336096253078 -0.1257533141555123 1.7183236497768852 174 147 115 0.18 90 614 189 556 208 215 485 293
3322 0.05299146075453234 -0.12491821776258409 1.7436954851862347 158 131 106 0.16 90 615 189 557 485 294
3323 0.06664648989243836 -0.08017244921509191 1.7219488403260563 183 156 117 0.4 90 616 189 558 208 216 211 133 485 295
3324 0.007232893545391093 -0.022832052539295638 1.6587697119925466 158 117 83 0.18 90 617 189 559 208 217
3325 0.03322328279951347 -0.174316720585606 1.7560156881847644 86 76 65 0.54 90 618 189 560 208 218 281 152 485 296
3326 0.058512533148582194 -0.12098877753313321 1.7410946120531963 190 199 209 0.38 90 619 189 561 208 219 281 153 485 297
3327 0.04913808272373208 -0.09428951958703327 1.721962306743277 106 82 63 0.25 90 620 189 562 208 220 281 154 485 298
3328 -0.006231249293886935 -0.06042071238572118 1.688850349716033 91 62 48 0.31 90 621 189 563 485 299
3329 -0.02245241091317457 -0.008458330787917773 1.6498879058102793 173 140 104 0.19 90 622 189 564 208 221
3330 -0.023386149079470557 -0.2377542374080177 1.7729482387348252 137 118 97 0.4 90 623 189 565 281 155
3331 0.02207763717535096 -0.10651988974114399 1.7199199935495544 158 129 96 0.27 90 624 211 134 485 300
3332 0.016928836885560315 -0.08414619975508941 1.7063584543424788 96 78 66 0.41 90 625 189 566 211 135 485 301
3333 -0.03297296854602903 -0.007450275393717312 1.646282746501632 174 144 107 0.15 90 626 189 567 208 222
3334 -0.041143423127898766 0.012310812646672824 1.6392655843916186 141 112 84 0.17 90 627 189 568 208 223
3335 0.0027300463730083797 -0.11091668344798285 1.721189447757709 158 121 81 1.42 90 628 281 156 485 302
3336 0.048618693997116054 -0.11405176042937018 1.73935288437292 102 74 52 0.78 90 629 208 224 485 303
3337 -0.07037184802610781 -0.017357392907199114 1.6436924066983991 148 116 90 0.73 90 630 189 569 219 55
3338 -0.007428912503505723 -0.12022982889956882 1.7224214248946552 108 72 46 0.22 211 136 281 157 485 304
3339 0.03753557626429985 -0.11958623740848957 1.7333725328050307 186 160 118 0.05 211 137 281 158 485 305
3340 -0.050835086778082426 -0.22993354232404808 1.7874129147346978 187 170 135 0.51 208 225 281 159 485 306
3341 -0.01799478299603117 -0.1911690361996032 1.7636044915214018 189 151 110 0.51 189 570 208 226 485 307
3342 0.013903213036208947 -0.18970038425020902 1.7449289105696268 129 110 101 0.59 189 571 281 160 485 308
3343 0.027726681620829752 -0.23575091816787158 1.8145359526977118 111 100 98 0.72 189 572 281 161 485 309
3344 -0.012562128266148317 -0.12465232438943688 1.725426867697371 86 67 52 0.11 211 138 281 162 485 310
3345 0.0657853166070189 -0.09463052229018144 1.7306739996212472 107 94 92 0.44 189 573 208 227 485 311
3346 -0.025744205405445652 -0.06979182361929023 1.6940008261096176 187 156 115 0.2 211 139 281 163 485 312
3347 0.028029085581982645 -0.2006543538350765 1.7952290965095123 79 73 77 0.48 189 574 208 228 485 313
3348 -0.02267341066204764 -0.09559048391216499 1.7125147693506781 113 74 51 0.35 208 229 211 140 485 314
3349 0.00905341395779052 -0.046903431947756494 1.6789085346496933 114 83 65 0.31 189 575 208 230 485 315
3350 0.007102284792221985 -0.03813584462907511 1.6639630817933693 90 61 41 1.0 208 231 211 141 485 316
3351 0.05019699600203998 -0.04087823810066686 1.694948188360207 147 125 104 0.57 189 576 264 356 281 164
3352 -0.010116456340669565 -0.27156054905842786 1.7979171799285087 222 199 130 0.97 208 232 211 142 281 165
3353 0.01251548378266908 -0.16645356691418425 1.7504798604484897 164 136 105 0.29 189 577 208 233 485 317
3354 0.07319297467838685 0.1150126761091092 1.0147687372767122 72 54 48 1.78 106 169 191 204
3355 0.12923256051934884 0.09516201028378399 1.0039899562051762 169 149 120 1.19 190 211 191 205
3356 0.07450689739975704 0.09900869652440025 1.0307111419848702 97 68 38 1.74 106 170 126 624 191 206
3357 0.11542236264149403 0.11807863684691078 0.9699601440078495 90 63 47 1.01 89 1343 106 171 216 224 258 383
3358 0.014454364174521594 0.12442289483841205 1.0286992376678568 83 43 19 1.05 106 172 126 625 154 67
3359 0.06983389562993506 0.15495599257160278 0.99545963394408 121 87 68 0.22 89 1344 106 173 189 578 258 384
3360 0.008641074057697182 0.13143398308334256 1.041220214375237 104 71 48 1.13 106 174 126 626 191 207
3361 -0.03868472339386741 0.1457240266100874 1.2233608160071927 80 55 43 1.77 106 175 152 432 190 212 191 208 258 385
3362 0.07312735487571644 0.11425065643297595 1.0139197296398061 66 46 37 1.37 106 176 190 213 191 209
3363 0.014283839502722499 0.11550496170635659 1.0262838623462236 98 66 44 0.72 106 177 126 627 152 433
3364 0.07317740548404039 0.11847407720508937 1.0130375462706342 43 32 28 1.76 106 178 152 434 258 386
3365 0.013673544480538652 0.12464261291730515 1.0301867408238905 71 39 21 1.0 106 179 126 628 154 68
3366 0.007417618505994591 0.1319922541520637 1.0501883796714688 120 70 32 1.13 106 180 126 629 152 435
3367 0.002890095881203765 0.15413616402923241 1.0562580180199048 100 61 36 0.97 106 181 126 630 152 436 190 214
3368 0.010078606946634563 0.13460922844138737 1.0390704592472286 61 28 19 1.25 106 182 126 631 191 210
3369 -0.022082872651431038 0.13240670282515854 1.1896921506340188 66 40 23 0.77 106 183 126 632 191 211
3370 0.10817128813147156 0.09342097237437312 0.9999779677765821 121 84 65 0.47 89 1345 190 215 191 212
3371 0.12577501236577587 0.09540876102149075 1.0099400589786685 160 142 116 1.71 126 633 190 216 191 213
3372 -0.004691955962477452 0.11682296676498914 1.086235480566916 73 34 14 0.22 126 634 190 217 191 214
3373 0.011058376493992595 0.11878770722943069 1.0238811053561716 73 49 28 0.25 126 635 190 218 191 215
3374 0.010034337463265703 0.12149860669709929 1.024617059582197 71 49 29 0.18 126 636 190 219 191 216
3375 0.07245987054540227 0.11602473287966801 1.042595498600612 71 47 25 0.65 126 637 190 220 191 217
3376 0.14221605417409425 0.11094107606820347 1.0126180440292718 40 19 12 1.06 126 638 190 221 191 218
3377 0.14899769296851914 0.11333643861737994 1.0126302130125535 47 16 12 1.48 126 639 190 222 191 219
3378 -0.007400154350403202 0.12217565621143256 1.1075947554687775 122 93 66 0.35 126 640 190 223 191 220
3379 0.07594765315060106 0.12520963134184238 1.0448417834657973 17 7 4 0.74 126 641 190 224 191 221
3380 0.006480523695492003 0.1447819579661849 1.0240661521191567 78 48 23 0.17 126 642 190 225 191 222
3381 0.1336678423340475 0.13636228349093624 1.0342783379783658 91 75 50 0.89 126 643 190 226 191 223
3382 -0.03026373124212006 0.1560842676278541 1.282233331357426 44 21 17 0.8 126 644 190 227 191 224
3383 0.002876839259096645 0.18549281164470724 1.0809660433616628 176 158 128 2.39 126 645 264 357
3384 0.003209600643784684 0.1117415381709942 1.0556084118397888 49 16 9 0.2 126 646 190 228 191 225
3385 0.11531163280918742 0.10691875667050758 1.0145424746298677 76 47 24 1.42 126 647 190 229 191 226
3386 0.14211255213151072 0.1082706599880482 1.0130068486732748 83 57 28 1.34 126 648 190 230 191 227
3387 0.011469683677028289 0.12054319025029388 1.0255050481760049 70 47 27 0.22 126 649 190 231 191 228
3388 0.08917441874367263 0.11543338883982114 1.0285654809807423 51 22 14 0.67 126 650 190 232 191 229
3389 0.08962280303544208 0.11767728764383709 1.028034307933001 83 61 40 0.46 126 651 190 233 191 230
3390 -0.001011294816776032 0.12205742441876798 1.0919376813859285 102 77 53 0.58 126 652 152 437 191 231 258 387
3391 0.06737101413848384 0.12303910079207271 1.0436192315044377 96 82 68 0.34 126 653 190 234 191 232 249 14
3392 0.002225613293814165 0.13393478687167243 1.0460411992540741 76 50 34 0.67 126 654 190 235 191 233 258 388
3393 0.06782608547434953 0.12560470992370568 1.044655099203526 96 72 52 0.15 126 655 190 236 191 234
3394 0.07197977884282913 0.13064524570482905 1.0505734150176094 43 31 20 0.48 126 656 190 237 249 15
3395 0.0776200744015312 0.12443322008022388 1.0452539769986446 70 50 28 0.17 126 657 190 238 191 235
3396 0.0776200744015312 0.12443322008022388 1.0452539769986446 70 50 28 0.17 126 658 190 239 191 236
3397 0.07961158930026976 0.12484242750946961 1.0462567099620157 13 7 5 0.22 126 659 190 240 191 237
3398 0.1344704174951586 0.12456070730940096 1.0336074526798855 87 68 43 0.91 126 660 190 241 191 238
3399 -0.010616589046074874 0.1384605760351819 1.1347877387145735 130 106 79 1.05 126 661 152 438 191 239
3400 -0.025866218905755044 0.14426913370711147 1.2271497969520933 105 86 65 1.3 126 662 152 439 190 242 258 389 264 358
3401 -0.02574891026288474 0.1523753995668908 1.247603234479283 31 16 13 1.2 126 663 190 243 191 240
3402 -0.000844716674403068 0.155065849757159 1.0431668206294198 28 8 7 0.36 126 664 190 244 191 241
3403 0.07041659492692612 -0.050621552849182315 1.6660388923682226 228 197 157 0.06 126 665 190 245 191 242
3404 0.006597707336853832 0.11392989443294982 1.0434481037180627 98 73 52 0.27 126 666 190 246 191 243
3405 0.000455554010628091 0.1192294408210296 1.0619498017184097 39 18 12 0.39 126 667 190 247 191 244
3406 0.03546180675629784 0.12166730268909814 1.0263792009229504 77 36 17 0.07 126 668 190 248 191 245
3407 0.08752083260050621 0.11825864835105825 1.027537406678043 56 30 20 0.63 126 669 190 249 191 246
3408 0.0038213367794388002 0.13271566554638312 1.0451013003517338 33 9 6 0.39 126 670 190 250 191 247
3409 -7.382364187773776e-05 0.13766682717513032 1.0464466811657958 45 26 17 0.17 126 671 190 251 191 248
3410 0.06717794929858419 -0.06665443769663822 1.7013470634046532 230 208 173 0.02 126 672 190 252 191 249
3411 0.0933941980507948 0.010211238074365851 1.665741888525285 233 207 170 0.97 126 673 190 253 191 250
3412 0.00047499321015464883 0.10767152760433824 1.0427558771468484 25 8 8 0.4 126 674 190 254 258 390
3413 0.06755370236027546 0.11503937879808802 1.0406214640205176 10 4 4 0.48 126 675 190 255 191 251
3414 0.0005578557276643496 0.12321449307635865 1.064310597558137 23 9 7 0.1 126 676 190 256 191 252
3415 0.07597498830269238 0.1197966741562407 1.0436307516857088 10 6 6 0.52 126 677 190 257 191 253
3416 0.10711589496946786 0.12080521860593929 0.968702774989349 76 59 47 0.3 154 69 190 258 191 254
3417 -0.0074516100871797756 0.13256395851823624 1.1239623464460162 43 26 15 1.36 126 678 258 391 264 359
3418 0.0052274564860606415 0.13037120120832577 1.0426316511133413 101 67 36 0.14 126 679 190 259 191 255
3419 0.0052274564860606415 0.13037120120832577 1.0426316511133413 101 67 36 0.14 126 680 190 260 191 256
3420 -0.019692187343634027 0.1417981005875477 1.1864473959373594 119 100 79 0.81 126 681 190 261 191 257
3421 0.006632147717334496 0.1346330327290505 1.021013976531959 139 100 67 0.2 126 682 190 262 191 258
3422 -0.025118746087938067 0.14723878353692993 1.2289526100287134 110 95 70 0.76 126 683 258 392 264 360
3423 0.09627326843359209 0.10869814775647381 1.023908687827448 49 26 21 1.98 126 684 190 263 191 259
3424 -0.002379557237023292 0.11904971730720819 1.0834288097873304 108 77 49 0.31 126 685 190 264 191 260
3425 -0.0032148072819596814 0.12545891571647155 1.0866238117765654 105 85 57 0.03 126 686 190 265 191 261
3426 0.1389876199023847 0.11906229048412029 1.0355225594383415 65 44 22 1.05 126 687 190 266 191 262
3427 -0.017824066769345386 0.12843838796646143 1.155154506831294 61 31 11 0.11 126 688 190 267 191 263
3428 -0.02576918462482177 0.15282261526076554 1.2548695133660237 43 26 16 1.15 126 689 190 268 191 264
3429 0.0045654501429101026 0.14147822074100982 1.0421420441400664 128 84 46 1.11 126 690 152 440 258 393
3430 -0.04070729556582586 0.18874222150429948 1.1684636039449152 65 34 23 1.7 126 691 153 61 215 95
3431 0.014103872863798937 0.1666200438582367 0.8848710846629283 140 106 71 1.74 126 692 152 441
3432 0.08777215777972502 0.11698774103820374 1.0330329860098388 85 57 30 0.66 126 693 190 269 191 265
3433 0.04517914845322907 -0.16057683537253492 1.7602172980556265 200 211 221 0.45 189 579 281 166 485 318
3434 0.0009337886779703556 -0.029917807107971994 1.6706417076610665 164 123 79 0.16 208 234 211 143 485 319
3435 0.03723413869332057 -0.04690629230983119 1.6882033457678687 160 133 106 0.61 189 580 208 235 485 320
3436 0.05748648779206407 -0.03760935483066704 1.7008859986840628 94 64 44 0.36 208 236 211 144 485 321
3437 -0.042926152108094875 -0.18262041285246486 1.7450230109671534 104 77 57 0.21 208 237 281 167 485 322
3438 -0.07978842821742392 -0.09854076188649824 1.7620726806357756 108 76 55 0.21 208 238 211 145 485 323
3439 0.0024542183729184337 -0.06556381912331224 1.6948314709276553 154 119 81 0.36 208 239 211 146 281 168 485 324
3440 0.19994262484441844 0.012416806724023738 0.45820995012093985 149 114 75 0.74 208 240 214 207 281 169
3441 -0.07072324908241369 -0.11967448302399793 1.7536398890189593 196 202 205 0.48 208 241 281 170 485 325
3442 -0.0612508693457005 -0.07295948831637925 1.6928805786257926 152 112 73 0.38 208 242 211 147 485 326
3443 -0.03970266654772008 -0.17540622884825624 1.7395102959407132 92 67 51 0.47 208 243 211 148 485 327
3444 0.0036436055472235133 -0.0656571179658447 1.6937303612819432 154 118 79 0.19 211 149 281 171 485 328
3445 -0.011149880162713389 -0.04691790195749462 1.686663036441198 84 62 50 0.38 211 150 281 172 485 329
3446 0.01255908457263513 -0.19040527251984637 1.758017118493374 187 169 134 0.25 211 151 281 173 485 330
3447 0.011756504599988858 -0.04822292865894479 1.6812779984657555 178 137 89 0.44 211 152 281 174 485 331
3448 0.18629361108722065 0.01589027731467981 0.47333951329731755 58 43 27 0.56 211 153 281 175 485 332
3449 0.009511113404247255 -0.05044307355164391 1.7111724798447283 188 149 104 1.87 214 208 215 96 281 176
