{
    "merging_metrics": {
        "merge_success": 1.0,
        "merge_child_count": 0.0,
        "child_camera_counts": {
            "summary": {
                "min": null,
                "max": null,
                "median": null,
                "mean": null,
                "stddev": null
            },
            "full_data": []
        },
        "child_camera_overlap_with_parent": {
            "summary": {
                "min": null,
                "max": null,
                "median": null,
                "mean": null,
                "stddev": null
            },
            "full_data": []
        },
        "number_images_merged": 236.0,
        "number_cameras_merged": 35.0,
        "number_tracks_merged": 1046.0,
        "3d_track_lengths_merged": {
            "summary": {
                "min": 3,
                "max": 24,
                "median": 4.0,
                "mean": 5.05640535372849,
                "stddev": 2.8110802486873703,
                "len": 1046,
                "invalid": 0,
                "histogram": {
                    "3": 207,
                    "4": 127,
                    "5": 96,
                    "6": 57,
                    "7": 45,
                    "8": 24,
                    "9": 31,
                    "10": 15,
                    "11": 5,
                    "12": 11,
                    "13": 10,
                    "14": 3,
                    "15": 2,
                    "16": 2,
                    "17": 4,
                    "18": 2,
                    "19": 0,
                    "20": 0,
                    "21": 0,
                    "22": 0,
                    "23": 1
                }
            }
        },
        "reprojection_errors_merged_px": {
            "summary": {
                "min": 0.005292157583776976,
                "max": 2.845692799967699,
                "median": 0.2135384995952618,
                "mean": 0.25327658935320285,
                "stddev": 0.1791820478426747,
                "len": 5289,
                "invalid": 0,
                "quartiles": {
                    "q0": 0.005292157583776976,
                    "q1": 0.13055938098290776,
                    "q2": 0.2135384995952618,
                    "q3": 0.3349810055730786,
                    "q4": 2.845692799967699
                }
            }
        },
        "rotation_angle_error_deg": {
            "summary": {
                "min": 0.1015719324350357,
                "max": 3.1408531665802,
                "median": 0.3773941993713379,
                "mean": 0.5720071196556091,
                "stddev": 0.6359729766845703,
                "len": 35,
                "invalid": 0,
                "quartiles": {
                    "q0": 0.1015719324350357,
                    "q1": 0.2093847543001175,
                    "q2": 0.3773941993713379,
                    "q3": 0.6157219707965851,
                    "q4": 3.1408531665802
                }
            }
        },
        "translation_error_distance": {
            "summary": {
                "min": 0.014727420173585415,
                "max": 13.191485404968262,
                "median": 0.11940547823905945,
                "mean": 0.5440041422843933,
                "stddev": 2.1776461601257324,
                "len": 35,
                "invalid": 0,
                "quartiles": {
                    "q0": 0.014727420173585415,
                    "q1": 0.04764940030872822,
                    "q2": 0.11940547823905945,
                    "q3": 0.20608387887477875,
                    "q4": 13.191485404968262
                }
            }
        },
        "relative_translation_angle_error_deg": {
            "summary": {
                "min": 0.0867607593536377,
                "max": 155.34164428710938,
                "median": 1.8298166990280151,
                "mean": 10.402658462524414,
                "stddev": 28.80232810974121,
                "len": 595,
                "invalid": 0,
                "quartiles": {
                    "q0": 0.0867607593536377,
                    "q1": 0.900972455739975,
                    "q2": 1.8298166990280151,
                    "q3": 4.695353746414185,
                    "q4": 155.34164428710938
                }
            }
        },
        "translation_angle_error_deg": {
            "summary": {
                "min": 0.1703905314207077,
                "max": 123.5205307006836,
                "median": 1.1523659229278564,
                "mean": 5.370224475860596,
                "stddev": 20.370895385742188,
                "len": 35,
                "invalid": 0,
                "quartiles": {
                    "q0": 0.1703905314207077,
                    "q1": 0.534159392118454,
                    "q2": 1.1523659229278564,
                    "q3": 2.715166449546814,
                    "q4": 123.5205307006836
                }
            }
        },
        "relative_rotation_angle_error_deg": {
            "summary": {
                "min": 0.03590388968586922,
                "max": 3.7120790481567383,
                "median": 0.5485906004905701,
                "mean": 0.8384888768196106,
                "stddev": 0.7880601286888123,
                "len": 595,
                "invalid": 0,
                "quartiles": {
                    "q0": 0.03590388968586922,
                    "q1": 0.3302537500858307,
                    "q2": 0.5485906004905701,
                    "q3": 1.0177816152572632,
                    "q4": 3.7120790481567383
                }
            }
        },
        "pose_auc_@1.0_deg": 0.1058,
        "pose_auc_@2.5_deg": 0.3189,
        "pose_auc_@3.0_deg": 0.3722,
        "pose_auc_@5.0_deg": 0.5108,
        "pose_auc_@10.0_deg": 0.6777,
        "pose_auc_@20.0_deg": 0.7899,
        "pose_auc_constructed_only_@1.0_deg": 0.1058,
        "pose_auc_constructed_only_@2.5_deg": 0.3189,
        "pose_auc_constructed_only_@3.0_deg": 0.3722,
        "pose_auc_constructed_only_@5.0_deg": 0.5108,
        "pose_auc_constructed_only_@10.0_deg": 0.6777,
        "pose_auc_constructed_only_@20.0_deg": 0.7899,
        "focal_length_error_px": {
            "summary": {
                "min": 0.0,
                "max": 999.483154296875,
                "median": 189.7486114501953,
                "mean": 256.9898376464844,
                "stddev": 209.3874969482422,
                "len": 35,
                "invalid": 0,
                "quartiles": {
                    "q0": 0.0,
                    "q1": 126.25724029541016,
                    "q2": 189.7486114501953,
                    "q3": 352.82994079589844,
                    "q4": 999.483154296875
                }
            },