{
    "merging_metrics": {
        "merge_success": 1.0,
        "merge_child_count": 0.0,
        "child_camera_counts": {
            "summary": {
                "min": null,
                "max": null,
                "median": null,
                "mean": null,
                "stddev": null
            },
            "full_data": []
        },
        "child_camera_overlap_with_parent": {
            "summary": {
                "min": null,
                "max": null,
                "median": null,
                "mean": null,
                "stddev": null
            },
            "full_data": []
        },
        "number_images_merged": 40.0,
        "number_cameras_merged": 40.0,
        "number_tracks_merged": 355.0,
        "3d_track_lengths_merged": {
            "summary": {
                "min": 4,
                "max": 34,
                "median": 21.0,
                "mean": 20.51830985915493,
                "stddev": 8.100187962680117,
                "len": 355,
                "invalid": 0,
                "histogram": {
                    "4": 5,
                    "5": 4,
                    "6": 6,
                    "7": 25,
                    "8": 4,
                    "9": 4,
                    "10": 5,
                    "11": 12,
                    "12": 8,
                    "13": 8,
                    "14": 8,
                    "15": 11,
                    "16": 17,
                    "17": 17,
                    "18": 19,
                    "19": 15,
                    "20": 27,
                    "21": 14,
                    "22": 10,
                    "23": 6,
                    "24": 7,
                    "25": 9,
                    "26": 19,
                    "27": 19,
                    "28": 10,
                    "29": 12,
                    "30": 11,
                    "31": 20,
                    "32": 16,
                    "33": 2
                }
            }
        },
        "reprojection_errors_merged_px": {
            "summary": {
                "min": 0.004998879976439556,
                "max": 13.99424476051938,
                "median": 3.0750726091836054,
                "mean": 3.988337501858899,
                "stddev": 3.2421390910691277,
                "len": 7284,
                "invalid": 0,
                "quartiles": {
                    "q0": 0.004998879976439556,
                    "q1": 1.5440788316418184,
                    "q2": 3.0750726091836054,
                    "q3": 5.671920684772643,
                    "q4": 13.99424476051938
                }
            }
        },
        "rotation_angle_error_deg": {
            "summary": {
                "min": 0.23099495470523834,
                "max": 3.2223525047302246,
                "median": 1.0742923021316528,
                "mean": 1.1098750829696655,
                "stddev": 0.6761831045150757,
                "len": 40,
                "invalid": 0,
                "quartiles": {
                    "q0": 0.23099495470523834,
                    "q1": 0.5558360517024994,
                    "q2": 1.0742923021316528,
                    "q3": 1.3971310257911682,
                    "q4": 3.2223525047302246
                }
            }
        },
        "translation_error_distance": {
            "summary": {
                "min": 0.0056338319554924965,
                "max": 0.07716474682092667,
                "median": 0.020106397569179535,
                "mean": 0.02487713284790516,
                "stddev": 0.015285969711840153,
                "len": 40,
                "invalid": 0,
                "quartiles": {
                    "q0": 0.0056338319554924965,
                    "q1": 0.015215315390378237,
                    "q2": 0.02010639663785696,
                    "q3": 0.03323433827608824,
                    "q4": 0.07716474682092667
                }
            }
        },
        "relative_translation_angle_error_deg": {
            "summary": {
                "min": 0.14074420928955078,
                "max": 25.631532669067383,
                "median": 1.0788061618804932,
                "mean": 1.3262608051300049,
                "stddev": 1.233910083770752,
                "len": 780,
                "invalid": 0,
                "quartiles": {
                    "q0": 0.14074420928955078,
                    "q1": 0.751138761639595,
                    "q2": 1.0788061022758484,
                    "q3": 1.5394569039344788,
                    "q4": 25.631532669067383
                }
            }
        },
        "translation_angle_error_deg": {
            "summary": {
                "min": 0.04085138440132141,
                "max": 0.8868264555931091,
                "median": 0.26167529821395874,
                "mean": 0.2946714162826538,
                "stddev": 0.18296951055526733,
                "len": 40,
                "invalid": 0,
                "quartiles": {
                    "q0": 0.04085138440132141,
                    "q1": 0.16204363852739334,
                    "q2": 0.26167531311511993,
                    "q3": 0.36104895174503326,
                    "q4": 0.8868264555931091
                }
            }
        },
        "relative_rotation_angle_error_deg": {
            "summary": {
                "min": 0.02500719577074051,
                "max": 4.610107421875,
                "median": 1.3526896238327026,
                "mean": 1.5446463823318481,
                "stddev": 1.038636565208435,
                "len": 780,
                "invalid": 0,
                "quartiles": {
                    "q0": 0.02500719577074051,
                    "q1": 0.7244821637868881,
                    "q2": 1.3526896238327026,
                    "q3": 2.052621603012085,
                    "q4": 4.610107421875
                }
            }
        },
        "pose_auc_@1.0_deg": 0.0311,
        "pose_auc_@2.5_deg": 0.3126,
        "pose_auc_@5.0_deg": 0.6161,
        "pose_auc_@10.0_deg": 0.8065,
        "pose_auc_@20.0_deg": 0.9026,
        "focal_length_error_px": {
            "summary": {
                "min": 414.0028381347656,
                "max": 429.6997375488281,
                "median": 423.16192626953125,
                "mean": 422.4955139160156,
                "stddev": 4.01322078704834,
                "len": 40,
                "invalid": 0,
                "quartiles": {
                    "q0": 414.0028381347656,
                    "q1": 419.90604400634766,
                    "q2": 423.1619415283203,
                    "q3": 424.7524719238281,
                    "q4": 429.6997375488281
                }
            },