# 3D point list with one line of data per point:
#   POINT3D_ID, X, Y, Z, R, G, B, ERROR, TRACK[] as (IMAGE_ID, POINT2D_IDX)
# Number of points: 1353, mean track length: 6.74
0 -0.0023525566090877074 -0.1286793776247519 0.9944832740131577 153 146 132 0.34
1 0.09485298149894082 -0.11087456844211867 0.9900812867062001 84 80 72 0.22
2 0.1804626641671683 -0.110368344386625 0.9887898917954989 181 178 181 0.28
3 0.13497505285342634 -0.09583186946780703 0.9831641196328901 128 125 115 0.25
4 0.1390985422880427 -0.09437894344951524 0.9809700979951833 88 81 74 0.29
5 -0.08484188682149295 -0.08587263437318861 1.0001886137989375 144 139 126 0.36
6 0.11077595617188399 -0.08230653221542765 0.9840738070103686 129 124 111 0.23
7 -0.09990280218618423 -0.083579420778089 1.001626154152873 97 92 83 0.22
8 -0.0854241334808461 -0.08329659430797512 0.9998803395081783 86 80 68 0.2
9 0.1238429185571647 -0.08194876827529639 0.9830060746109427 112 105 96 0.28
10 0.14227692417218546 -0.08180945868732323 0.9821502973223101 95 88 75 0.32
11 -0.10491201299572603 -0.08320652717050739 1.0029961737478883 92 85 70 0.16
12 -0.14054461807844112 -0.08326169657311747 1.0093227545140804 98 91 75 0.32
13 -0.12387307952205073 -0.08335077853358161 1.0061175770105164 112 106 93 0.3
14 -0.12801077584266934 -0.08285389630002864 1.0069999278192703 79 74 62 0.19
15 0.2273991036476562 -0.08049815725378799 0.9810200711161295 101 94 80 0.25
16 0.23714719337616774 -0.08032152960874987 0.9807259249158982 106 95 82 0.28
17 -0.1498815285378182 -0.08279065278488776 1.0106443332709891 81 75 65 0.2
18 -0.08732948772285692 -0.08132792434283216 0.9996924995766541 172 166 154 0.23
19 -0.17391691653576904 -0.08258727760892753 1.0146182883915857 88 82 71 0.31
20 0.018073089674219646 -0.08030413399451508 0.9877240445903512 172 165 147 0.16
21 -0.19259051777813474 -0.08215348087884596 1.0178063334558052 91 85 72 0.36
22 -0.13313643203595074 -0.08088879890096459 1.0074945275490594 158 154 142 0.28
23 -0.12934386694695957 -0.08066838353320929 1.006532327125698 172 166 154 0.33
24 -0.012274189651446056 -0.06540692480121885 0.9943058176008748 48 46 48 0.36
25 -0.07440070104957239 -0.028825232804522895 0.9900003940347578 112 93 53 0.22
26 -0.08925010417082409 -0.02846979701903332 0.9929814703725444 120 100 64 0.14
27 0.09576367943011171 -0.02415638043429717 0.9779844172070634 44 51 61 0.2
28 0.08158018451488452 -0.023977648711939407 0.9801054712888632 65 60 64 0.31
29 0.09574096461276647 -0.020936916357608335 0.9771511241969456 68 65 60 0.14
30 0.032256722127866004 0.05596347582301714 0.962572268740279 82 78 67 0.3
31 -0.038885799028761193 0.06024262360962739 0.9700000423467423 37 34 28 0.14
32 -0.00577652113768482 -0.1299206163092719 0.9939560236374914 85 78 65 0.32
33 -0.0017204886572617583 -0.12651337469005666 0.9959161095676045 92 86 76 0.26
34 0.07689622149265353 -0.1261712922909814 0.9924557971768835 84 80 72 0.27
35 0.11135916388146541 -0.11134188070465276 0.9888014154742595 96 91 82 0.36
36 0.11941344488775764 -0.0988162069043281 0.9874708891307217 155 150 136 0.29
37 0.13768513459672857 -0.0854450456818412 0.9838440893455752 173 168 154 0.22
38 0.1897336534369639 -0.08101421395616032 0.9822380308534732 100 93 81 0.32
39 -0.0712151337501129 -0.08086914098847744 0.995184374836899 150 145 129 0.55
40 -0.07557008423321197 -0.08092054411774027 0.9970486626828058 171 164 147 0.32
41 0.1220135928911434 -0.07980190552041805 0.9831057430956323 181 174 157 0.19
42 -0.11865479122042566 -0.08085162426760889 1.00478398804414 157 151 136 0.24
43 -0.12501896245903946 -0.0806737917962128 1.005722878580228 172 167 153 0.22
44 -0.1638531501492135 -0.08047650076390005 1.0121054475131084 162 156 142 0.32
45 -0.19460042879480696 -0.07976144018544773 1.0172914759667113 184 180 167 0.22
46 0.22716571244866554 -0.0736367315839389 0.9805349338311792 104 103 94 0.3
47 0.024291456168281975 -0.04482406916938548 0.9876664928140982 61 60 58 0.29
48 -0.08687024748613136 -0.027290667784675034 0.9926489813733953 171 156 112 0.21
49 -0.07830241461217059 -0.02425027764975039 0.9903380858282753 100 82 51 0.27
50 -0.08519774679845057 -0.023870344040167586 0.9912476117076715 94 80 53 0.22
51 -0.16091283788617372 -0.021118118000965 1.0037516612334478 88 72 45 0.34
52 -0.15808382946805624 -0.016851824301461996 1.0028276234173525 122 120 109 0.24
53 0.02181423529777234 -0.012250900028134802 0.9831067036109966 93 95 98 0.19
54 -0.0429701041334899 0.03874020817356885 0.9724531930160422 123 125 128 0.16
55 -0.067981415349106 0.05496303222427955 0.9650789231428415 97 93 80 0.33
56 -0.041390924222803 0.05812411258458518 0.9690196284267004 105 102 103 0.06
57 0.02956707319720018 -0.1291314636364623 0.9947898458785328 164 159 144 0.51
58 0.07366044719041227 -0.12337231600529176 0.9932077685014686 159 155 146 0.32
59 0.0917578433620343 -0.10728764829350113 0.9912478699626549 163 160 150 0.39
60 0.12271025721212654 -0.10217352143147589 0.9866119012755886 98 94 85 0.46
61 -0.060855899918568095 -0.0872433981639575 0.9942298653735154 176 168 154 0.25
62 -0.09148958795430925 -0.086681404601085 1.00171199576972 147 142 132 0.29
63 0.1992779580042123 -0.08436850785108681 0.9832504011755411 143 137 121 0.33
64 0.20653428559498418 -0.08438653141825189 0.9833173517097563 144 138 122 0.26
65 0.2184094721185307 -0.08427823824492721 0.9825291781907826 135 132 120 0.32
66 0.24331256542424634 -0.08396256978410725 0.9810370705642439 134 131 123 0.31
67 0.04273741524010513 -0.1295141305036001 0.9945964878923315 167 161 145 0.53
68 -0.08796214326612756 -0.02111732525682418 0.9902190625934487 183 164 119 0.52
69 -0.09130023149556984 -0.014969422440231766 0.992295872083886 35 35 33 0.34
70 -0.1638040569277718 -0.0786014165914168 1.0121716939091312 120 113 100 0.34
71 0.19526311087746423 -0.14679016921525367 0.9913220099848726 150 149 147 0.3
72 0.05157306943140219 -0.11748051045902752 0.9934800419374498 150 149 145 0.43
73 0.12202741752790544 -0.09541223141128713 0.985698317880136 116 115 113 0.16
74 0.16403423436435552 -0.09310828039725963 0.9820311897890679 65 58 50 0.26
75 0.00859346339236195 -0.08277626327013957 0.9882222680182772 98 94 82 0.28
76 -0.11958533634398089 -0.08343248662994454 1.0059998757335886 112 104 86 0.28
77 0.07064556595014737 -0.0799647494351992 0.9857266523989032 148 142 122 0.24
78 0.2108704818033579 -0.07811575489888482 0.9813550801830356 161 156 142 0.15
79 -0.13531177937565714 -0.08306839706026027 1.0076554911811995 96 89 78 0.34
80 -0.043070251383355546 -0.08150155075853646 0.9919469230379859 196 190 171 0.18
81 0.010415024422229097 -0.08057959444749462 0.9881273449415565 170 162 148 0.15
82 -0.15812817288119027 -0.08054324470637818 1.0113823279783798 157 149 137 0.25
83 -0.17821563146703634 -0.08019436637640054 1.014511302923831 157 150 136 0.54
84 0.02795904369954088 -0.04981961966440695 0.9877179397868544 76 69 58 0.19
85 -0.0912076069721905 -0.026667001481825083 0.9927033113798106 175 151 97 0.18
86 -0.045476567318261114 -0.008831151354972746 0.9833964958986778 49 37 42 0.13
87 0.027338161161744635 0.014925949112825614 0.977573818515053 52 45 38 0.05
88 -0.06952648559887 0.04453110196442818 0.9677761054905705 142 138 135 0.29
89 0.08088556812882587 -0.12940434081402 0.9900003867710896 77 72 61 0.29
90 0.10420286177766704 -0.12001546590030408 0.9871706144346496 82 76 64 0.22
91 0.008721530020521338 -0.12001318292244194 0.994959177532656 105 100 89 0.2
92 0.03123053783550723 -0.09579971517622775 0.9906198703990384 87 85 77 0.29
93 0.14798443268996953 -0.0935060421527719 0.9815387754597635 54 50 39 0.26
94 -0.14089769531714375 -0.09487007840236011 1.0077415858929477 86 80 73 0.4
95 0.16549500731604289 -0.08855168739586254 0.9843231512247508 84 72 61 0.34
96 -0.09557179751509057 -0.08660025435489432 1.0023924087954343 160 154 143 0.23
97 0.1553633222780075 -0.08172302102945472 0.9837706389910459 92 84 70 0.32
98 0.20091995825141892 -0.08091087169276344 0.981748396816446 99 88 72 0.29
99 0.07544681123518644 -0.0822955389153311 0.9856099190498882 103 97 81 0.3
100 0.22202246454748467 -0.07803157532196538 0.9810089058839389 165 160 146 0.34
101 -0.09388419779403422 -0.08125238656319218 1.000293593172477 157 151 135 0.16
102 -0.15315209393519544 -0.08059110666390912 1.0107977549036957 171 169 161 0.23
103 -0.18108540897798156 -0.0799065644779872 1.0151335750122352 174 168 154 0.36
104 0.1895830400306152 -0.07415760392294334 0.9816838340461794 100 97 86 0.28
105 -0.19163978052957636 -0.07570815271098193 1.0162278205763051 131 126 112 0.44
106 -0.18343430685921877 -0.058089223966608705 1.0104175186157127 148 138 120 0.35
107 -0.07673603483158209 -0.027326025614961034 0.9900885556815275 186 166 119 0.19
108 0.0263742720708385 0.019757734865632627 0.9757729263940877 52 52 53 0.21
109 0.1370452519244854 -0.09002403521794751 0.9834970101844275 98 92 78 0.32
110 0.14031027569294138 -0.08864903706943378 0.9829386585283322 71 66 56 0.4
111 0.1726931874166729 -0.08505727936566057 0.984550990364009 124 117 99 0.29
112 -0.07334063100705948 -0.07666112339832426 0.9956637782309049 104 99 86 0.38
113 -0.15698880212631325 -0.02320748665009086 1.0034966855162935 88 73 50 0.32
114 -0.16402489029575704 -0.02292737017873133 1.004290118434872 85 74 53 0.32
115 -0.07687262675189782 -0.02102726116117285 0.9889266998253783 178 160 110 0.34
116 0.021117607936995728 -0.1279890098686743 0.9949838329162041 170 164 154 0.28
117 0.24038120575643643 -0.08401124734272575 0.9812397531423606 139 135 121 0.4
118 -0.1741125527644444 -0.05587758763210386 1.0126615430970733 132 130 118 0.37
119 -0.1307709576307389 -0.07266500259277008 1.0086071981825169 22 29 27 0.11
120 0.17314917279420142 -0.09373201276929143 0.9864683617427431 86 80 71 0.72
121 -0.14398524614999952 -0.07922281411393606 1.0080690088433468 121 114 102 0.4
122 0.1917730604051917 -0.16232171300239404 0.9987036454678432 151 139 112 0.26
123 -0.009513617081261763 -0.1319051819646609 0.9917804402845881 68 60 45 0.28
124 0.20487936711150256 -0.11690392962141545 0.9887689569269407 91 89 82 0.19
125 0.07912943923202317 -0.11633406810937358 0.9920883734507833 132 128 116 0.27
126 0.051720114862153645 -0.11390417685497538 0.9931340066721004 164 156 139 0.31
127 0.051839374953613876 -0.09942320272054918 0.9897921349648194 243 232 175 0.35
128 -0.0613134379805561 -0.10205684248485154 0.9912993101203684 132 112 78 0.08
129 0.10580184484993124 -0.09160966234589295 0.9860657220528422 115 111 97 0.25
130 0.09513315196592616 -0.09150502523191831 0.987436645126457 132 127 111 0.35
131 0.10209990052901334 -0.08902055716325394 0.9856225341192816 174 170 156 0.26
132 0.21336030648178897 -0.08333403611231656 0.9833560297593876 128 122 106 0.33
133 0.10173822016176051 -0.08687033949457151 0.9854772946769482 127 121 105 0.29
134 0.09905787505540635 -0.0868495904664389 0.9857081220019221 126 118 102 0.24
135 0.12076307996849461 -0.08225557011126668 0.9832278279420263 121 110 95 0.17
136 -0.09584732892598798 -0.07121794371139852 0.9998892136245131 78 54 15 0.2
137 -0.14265863134019932 -0.05819110910039234 1.0058777351518915 114 103 79 0.46
138 0.0259838490692367 -0.047104806573858286 0.9874998260477116 107 102 90 0.27
139 -0.04511862769282321 -0.04525518935725466 0.9901272061734179 64 49 35 0.1
140 0.08898346048333385 -0.02301864910817164 0.9915969200075709 67 57 48 0.61
141 0.18717307512608464 -0.010851914889985957 0.9756533279674072 74 74 65 0.21
142 -0.07792584680894114 -0.017463715423796756 0.9890928267617042 105 108 105 0.25
143 0.060446744061892696 0.04405110645927434 0.9680164104983869 51 48 36 0.24
144 0.18514594571682716 -0.14654328315827184 0.9907185859004312 164 160 147 0.27
145 0.09452925252494507 -0.11054822989318025 0.9900500497671065 98 94 82 0.23
146 0.08220544633740151 -0.10938120881700308 0.9909822311915729 110 104 90 0.28
147 0.0669875284951775 -0.106877728418045 0.9911888171144865 146 143 128 0.35
148 0.09112089711068791 -0.09516120889579184 0.9887877908024518 184 177 159 0.47
149 0.12755709834114615 -0.08794336729495554 0.9834298303956982 163 157 142 0.29
150 0.2229682509095841 -0.08054615100290172 0.9813177533535572 104 94 79 0.29
151 0.07277656245953604 -0.08231054184854936 0.9854341207116779 101 89 66 0.37
152 -0.003642518304032472 -0.0809159290077621 0.9899511308450331 192 186 166 0.32
153 -0.04662708141156442 -0.08164466356915086 0.9925178079345578 208 200 180 0.25
154 0.053249474022045294 -0.06690806201231175 0.9904305794794438 43 45 56 0.18
155 0.22050709883376454 -0.019992574922560756 0.9721511944174115 111 78 30 0.38
156 0.22001516905962645 -0.017424977911654333 0.9726137767634991 192 167 110 0.24
157 0.09030182707929259 -0.016723483402736595 0.9773328480253477 150 144 143 0.35
158 -0.1217146523985558 -0.14663590204662386 1.0156765611664094 103 101 91 0.28
159 0.017881402334624107 -0.11934620614631611 0.99649969822108 156 145 124 0.21
160 0.10312521705047313 -0.09361127401734408 0.9867257839832492 181 178 166 0.27
161 0.17604241539533155 -0.08469319379700893 0.9842001424661451 136 128 108 0.27
162 -0.08210540148056157 -0.027571771770266217 0.9913738609412543 88 75 52 0.32
163 -0.06419732031715712 -0.16347545414443126 1.0124151131808743 77 81 86 0.12
164 0.04895954138080141 -0.12858691110660792 0.9943828072263738 164 156 142 0.52
165 0.1652450278828269 -0.08502539063631377 0.9847509691038152 134 127 105 0.54
166 0.14258861426554095 -0.17058668947363334 1.0009458640999191 99 84 59 0.24
167 0.010721436557166591 -0.1254125226062833 0.9947855147698409 174 170 159 0.35
168 0.15567652739776935 -0.1010907602486637 0.9791413379544331 169 166 153 0.43
169 -0.07575601799072781 -0.07949501059429388 0.9968611258470375 123 118 101 0.42
170 -0.03803359456648291 -0.03398771020171781 0.9847442094178233 75 79 86 0.3
171 -0.08056638488446664 -0.024508133993679886 0.9881504264824621 91 79 62 0.56
172 -0.09058476415623064 -0.0725295188976208 1.0016227213620221 29 27 24 0.46
173 0.08201538834858642 -0.15181268707296833 1.0060059678074271 212 220 216 0.7
174 -0.006094257910024187 -0.1536997993892286 1.0125482399381314 208 213 208 0.9
175 0.1350683242041905 -0.14288143650550258 0.9936437604988171 184 183 171 0.4
176 0.0930113452643198 -0.11276115270059003 0.9908691606697649 154 152 144 0.34
177 -0.04801008525788869 -0.009327636459167498 0.9839180125727086 106 110 118 0.16
178 0.0209215767219756 0.03430741566135679 0.9768385862867431 104 112 123 0.09
179 -0.16734371690133323 -0.08598256388547888 1.01463796193583 131 124 111 0.3
180 -0.1553435066750553 -0.026305778956401793 1.0034726975180035 182 166 123 0.61
181 0.18540849710310442 -0.027169054266417268 0.9756734291785616 141 141 140 0.24
182 0.01892002094548091 -0.00599907610872293 0.9810312693864214 61 56 60 0.17
183 0.1897453305053852 -0.12002464572012225 0.9907873775689032 32 32 32 0.38
184 0.21151924266888672 -0.08466641992937342 0.9832981408347216 137 129 110 0.23
185 -0.06083362674078717 -0.050171182793424994 0.9905039336769852 177 168 146 0.63
186 0.0036197174543675203 -0.04770083066085791 0.9863900059354577 190 186 174 0.31
187 -0.057772037009879644 -0.18227352288564969 1.0109663686412722 225 224 194 0.24
188 -0.011748437035980032 -0.13367589910393066 0.9904322771064462 73 65 49 0.37
189 0.032769591629220406 -0.11613970679658132 0.9937325475499034 131 125 108 0.27
190 -0.01703915167008097 -0.10185045342766967 0.9938160714636021 213 201 190 0.3
191 -0.01877198599730352 -0.09988025172317509 0.9945236851600135 112 110 93 0.25
192 0.006902052295038176 -0.09767309945035861 0.9922946957498836 218 205 186 0.22
193 0.07163965060173616 -0.0998986206345386 0.9900411912089004 93 86 70 0.38
194 -0.03751711683680572 -0.08884021849911282 0.9925477237400493 198 194 187 0.39
195 -0.03800886755832088 -0.08726978118884823 0.9933220148731596 131 119 103 0.17
196 0.11443691691894718 -0.08475427746041136 0.9850746651317908 182 178 166 0.3
197 0.15157927857017986 -0.08587689128601536 0.9852890132246972 161 149 123 0.31
198 0.13449251706873208 -0.08405145472497891 0.9835745559148729 171 163 147 0.21
199 0.1381493420264022 -0.0822497873061177 0.9828321730206693 130 124 115 0.31
200 -0.17371219847091182 -0.06418817764404561 1.013620373327667 135 110 69 0.48
201 0.2170187933622536 -0.08518029661114858 0.9828027460191565 180 160 133 0.21
202 0.24852072648200543 -0.0850022911648184 0.9815039631374028 164 154 126 0.38
203 0.24422526904451902 -0.0824671868076767 0.9811905353886012 173 157 143 0.32
204 -0.1341074279832968 -0.02858875448652227 1.0023372693648223 43 36 28 0.56
205 -0.021822106691387774 -0.02845221637953126 0.9846742063489223 42 35 30 0.18
206 -0.1322973166943537 -0.01874518866783046 0.9999120910213809 156 154 153 0.43
207 0.15967092405209798 0.03911433916543078 0.9684664954481716 32 30 42 0.44
208 0.007498305823611472 0.050290026525690736 0.9661715876875635 173 166 156 0.3
209 0.16079457484596288 0.047488241090684294 0.9652818532863582 91 94 101 0.34
210 0.1124110222337235 0.051138336556824725 0.9627328928488679 135 132 135 0.34
211 -0.06590859461709658 0.06043569311967728 0.9659820866521064 184 178 164 0.33
212 -0.011010702882000045 -0.13582358207786832 0.9905969413602774 189 186 169 0.5
213 0.1960309162084301 -0.1283412629970525 0.9877230391243699 69 66 55 0.39
214 0.10447253046093959 -0.10323776286979437 0.9888597891806605 160 155 142 0.26
215 0.11252334270588644 -0.09305299930481595 0.9860228352365031 182 174 158 0.4
216 0.10364137571276198 -0.08253607462040581 0.9843628637712671 150 142 123 0.34
217 0.17207589642291568 -0.08575369270417987 0.9846289446269483 140 124 100 0.33
218 0.1347610495523674 -0.0819599104570489 0.9824851007593938 109 103 87 0.25
219 0.2316555122150809 -0.08045324570402583 0.9808825540937376 122 111 99 0.32
220 0.18767601681118987 -0.03135365212378813 0.9788064927573931 147 146 149 0.27
221 0.19018737279900208 -0.030081210499372173 0.9794277965942904 54 56 53 0.21
222 0.11757956871742739 -0.02259013244521209 0.9749173751384067 111 79 40 0.23
223 0.012692949896288523 0.04403031710250551 0.9709527097454963 53 49 51 0.17
224 0.07457586424892725 0.04628774944118692 0.9629289963017253 149 147 144 0.37
225 0.12266064104038905 0.044928785929901384 0.9661810813524538 39 38 36 0.17
226 0.012093962787091388 0.049623076128503536 0.967225764931601 48 48 58 0.12
227 -0.06362192016190708 0.060418486359191524 0.9659041171444395 169 164 152 0.31
228 0.06234981041891138 -0.10836507679850534 0.9927179122231594 160 154 141 0.32
229 -0.04251184681342782 -0.09238846615336431 0.9936170748430925 131 119 107 0.24
230 -0.08325941600458142 -0.0810485240803419 0.9988507635664392 166 161 146 0.32
231 0.1698256318392003 -0.08125869750079075 0.982810900389351 101 92 80 0.3
232 0.17420214731879552 -0.08131682187110105 0.9829886041852883 102 96 82 0.28
233 0.1875060546556188 -0.12296996244397537 0.9910107432999404 189 188 180 0.43
234 0.0011752543428926838 -0.07800225226585455 0.9894203472885739 123 112 93 0.23
235 -0.06670648572126367 -0.07414303767058517 0.9901445932647536 208 184 125 0.29
236 -0.10057600369770041 -0.05074609918332258 0.9971644382433562 184 177 159 0.49
237 0.09104631278568148 -0.11116021497135103 0.9908963428863601 100 96 88 0.21
238 -0.04485246423252298 -0.08702827920257697 0.9933553170893832 116 110 96 0.2
239 0.10694266414976288 -0.08680854304939918 0.985459717285306 106 102 91 0.41
240 0.1294584091848096 -0.08423296795012428 0.9836188613269793 160 156 145 0.23
241 0.0008144199683990373 -0.08073142957081934 0.989219526053583 143 140 130 0.11
242 -0.17773872867199728 -0.057822003619146724 1.0108913495180973 110 103 87 0.32
243 -0.004403747681431269 -0.025139154773457618 0.9843154251739559 63 59 55 0.34
244 -0.11136716469301859 -0.02322074404060419 0.9967974777604822 116 116 114 0.16
245 -0.005968537800788842 -0.023875924872097706 0.9847742258831909 134 130 128 0.23
246 -0.018230054932956628 -0.02174905113571727 0.9840741204609685 56 49 51 0.21
247 0.09436104383400543 -0.022878076427813896 0.9787291237979596 144 142 142 0.19
248 0.05910000204934208 0.04096977095535469 0.9695440208725012 119 117 118 0.17
249 -0.06756307400270577 0.04590790725090567 0.9676125063368812 92 85 75 0.3
250 -0.12553251627830064 -0.13380165945920205 1.0145515615393739 94 94 91 0.34
251 0.12843309117849064 -0.08205743318189218 0.9832545175221568 102 95 80 0.36
252 0.05937246889419595 -0.012475373596707542 0.98065718243209 77 80 90 0.38
253 0.021576963523397105 -0.007834688719394991 0.9823602642338184 98 105 109 0.19
254 0.12386776960833451 0.040777486102031406 0.9644360215925217 114 116 125 0.28
255 -0.07434787500071766 0.05833674937539889 0.9700836753972936 93 90 82 0.36
256 0.008408347342905242 -0.07780470165087038 0.9884369976673356 119 106 83 0.36
257 0.027037827913439016 0.0029310484431111345 0.9796988387524378 37 31 26 0.17
258 0.060204934700642435 0.05686903811711744 0.9649427714312426 47 46 38 0.58
259 0.10059952629910744 -0.11124779820680006 0.98980253545686 148 143 134 0.44
260 0.13055853719378802 -0.08935847571655811 0.9846185812834525 172 166 156 0.42
261 -0.060295709325530196 -0.17221533942521283 1.0122117005749418 120 103 85 0.4
262 0.12522154030375532 -0.09495717213391143 0.9867774563561881 149 146 141 0.38
263 0.19120963784199657 -0.08462778613223376 0.9836216015587496 146 140 123 0.36
264 0.07956838332597753 -0.12104181607447391 0.9929653044984013 155 153 149 0.44
265 0.17464832888560758 -0.04695869061983457 0.9809521175982213 169 164 153 0.57
266 -0.06522781107283376 -0.1799724617384145 1.0138400955683247 188 204 215 0.18
267 -0.12076008013183856 -0.15403527335673053 1.0173344012469374 64 62 59 0.29
268 -0.054371774410375856 -0.14262396152387047 1.003996401487329 94 88 78 0.42
269 -0.10321778554729846 -0.1212477234220183 1.0094186747402936 150 146 142 0.2
270 0.042322477662073726 -0.1407066576405707 0.9902768091483889 96 90 78 0.27
271 -0.005305389656725768 -0.1278441307880209 0.9958364245215658 127 124 116 0.28
272 -0.14296303956034892 -0.09970825200543268 1.0062783234394839 130 122 112 0.45
273 -0.10473377318147103 -0.09847498488726387 1.000551788980345 71 64 54 0.08
274 -0.1057501879297986 -0.09714142347032734 1.0005653941609098 129 119 110 0.16
275 -0.008392461330474579 -0.11469621648212523 0.9962489501580581 145 138 122 0.15
276 -0.07070700781789031 -0.0988049226050216 0.9918445489890155 51 46 35 0.4
277 -0.0794318370568071 -0.09720276395120576 0.9959147815732083 131 124 117 0.25
278 0.04195600241506462 -0.11780028747826383 0.9943104742900015 136 130 115 0.29
279 -0.12502928349675688 -0.08461610688355473 1.0052519294200957 120 111 99 0.22
280 0.02686546738130488 -0.0999313014233619 0.9913551307749416 61 59 51 0.17
281 0.08287900631600317 -0.10856191992793825 0.9908083272874664 91 88 78 0.27
282 -0.023243861848195827 -0.08375285043354917 0.9911743999747358 110 104 92 0.27
283 -0.14262085320041237 -0.06162079146918743 1.006327874984462 108 92 69 0.22
284 -0.1738763648639211 -0.05821202113358596 1.0140039660668299 120 115 96 0.48
285 0.03574272690296683 -0.08030758653904244 0.9872711447794011 125 118 105 0.27
286 -0.10235040795271656 -0.06038313996043969 0.9993452999032555 156 147 130 0.24
287 0.13909534147022892 -0.09093758469897702 0.9815622504530804 137 122 117 0.13
288 -0.06337726954946582 -0.059498057515711786 0.9893013069304142 97 92 80 0.46
289 0.14414640332957385 -0.07931145478823509 0.9826033195789852 158 146 138 0.33
290 -0.07158537810826195 -0.01748213806391892 0.9877138495094151 91 95 102 0.45
291 0.1442875804471076 0.03496355725430045 0.9610637237916536 165 162 155 0.3
292 -0.015343055717412828 0.04244980359569474 0.9692651750092077 63 50 38 0.31
293 0.09273930134898767 0.04191789523452192 0.9648101723903267 142 124 93 0.28
294 0.09163751490860333 0.043646838458586766 0.9647469151880318 88 67 34 0.34
295 -0.1084352155756673 0.06226210103041811 0.97646461995273 108 97 71 0.06
296 -0.12827613524933568 -0.15239163871769623 1.0175676464357395 157 154 150 0.42
297 -0.033882548400218884 -0.114889292321699 0.9946353448340137 124 115 95 0.38
298 0.1931196468671161 -0.15937718127341308 0.9952243416396731 222 232 233 0.4
299 0.19135476988250733 -0.15046866377070628 0.9925928738804097 70 73 71 0.38
300 0.18136228509165506 -0.1471329781255323 0.9922000519348432 128 127 124 0.26
301 0.1981685292986443 -0.14624391020652244 0.9901555728446082 157 155 148 0.45
302 0.0936336391460882 -0.1172179942776254 0.9915705109080164 130 125 114 0.27
303 0.024006287132382752 -0.09969464336358552 0.9923570137194537 106 102 92 0.37
304 -0.0639427070348279 -0.08389244201918458 0.9940081588924256 121 112 94 0.48
305 -0.06591550797811133 -0.081185337132524 0.9926229414865837 206 195 181 0.38
306 -0.01202795904977694 -0.08066271347530378 0.9898062369811516 183 180 175 0.18
307 0.034911214902546395 -0.08752248880410876 0.9884616594471335 115 108 95 0.21
308 -0.09885237615608497 -0.06358784228069748 0.9990611711238221 198 173 124 0.17
309 0.1463114288630654 -0.08523895837638412 0.9841499247263269 111 107 97 0.37
310 0.15211731856659916 -0.07905440413311203 0.9833728386098146 139 134 123 0.16
311 0.1319454628187967 -0.06025543528457041 0.982024922830086 150 142 132 0.16
312 -0.15595793278001202 -0.018459018562174554 1.0046090086150334 82 73 52 0.46
313 -0.003943268298816534 0.04150481839465642 0.9674087198014305 149 147 142 0.21
314 -0.01254178390508168 0.042388104511367465 0.9715369096780484 71 59 41 0.38
315 0.035589349773182025 0.05080023587654931 0.9614529156290885 170 168 163 0.23
316 -0.11182446007814678 0.0570575939169322 0.976676652964729 49 49 46 0.25
317 -0.1061023430147035 0.06233844460204822 0.9737145159206071 87 83 73 0.25
318 -0.10260769392912227 0.06218725419356511 0.9750370328978611 111 102 81 0.21
319 -0.10083947226941917 -0.08645049867013134 1.0037328119716473 130 124 116 0.4
320 0.1916949627685305 -0.12318378531443888 0.9894819404206361 171 169 162 0.28
321 0.15538892461015044 -0.08438635904857729 0.9824090449886833 148 137 109 0.98
322 -0.12307533023283597 0.04448233382203911 0.9850467802948127 148 124 82 0.16
323 -0.04114545554063654 0.04338354866109967 0.9737199804152432 42 41 44 0.27
324 -0.12346121550966165 0.04979250589841913 0.9824011028124026 79 62 35 0.22
325 0.0896866902165476 -0.13098182710434755 0.9864585424424158 89 80 74 0.16
326 0.1120565100655295 -0.11562224112618476 0.9857756477601103 86 80 73 0.38
327 0.09829332981322232 -0.1017970589133898 0.9890319915374381 152 149 141 0.56
328 -0.015235792134704105 -0.07699481167081226 0.9896162179249122 137 137 126 0.49
329 -0.12018254620840527 -0.1588717963500109 1.0183310438837785 98 89 88 0.33
330 -0.11151120802598453 -0.15297066254275532 1.013944691837373 72 74 82 0.31
331 0.0839433510364329 -0.13238238895881896 0.9860289609664808 69 64 59 0.24
332 -0.05696482686697465 -0.1665052145544241 1.0073031727331456 208 222 239 0.8
333 -0.04308193461233891 -0.08070713185872018 0.9917172112224086 169 164 153 0.66
334 0.1598987491161735 -0.0787503014993851 0.9802862555831985 137 132 120 0.71
335 0.18902517172301997 -0.1259679601183264 0.9891963559349886 57 56 51 0.39
336 0.07812687078392148 0.04320497602730567 0.9668901132480721 185 171 126 0.35
337 0.12912206636695614 -0.09721765645354537 0.9849545095224265 107 103 95 0.4
338 0.023854724516341283 -0.09111474762898586 0.9903487694594212 175 171 162 0.53
339 -0.08756947406138396 -0.03306375444323801 0.9956408643158868 63 60 66 0.32
340 0.12370839323267982 -0.07756993810582803 0.9822982862895218 126 120 106 0.58
341 -0.09023875850210712 -0.03444421959615763 0.9929969380704232 68 70 72 0.6
342 0.15736936393607773 -0.07697073380893828 0.9804917707330744 110 109 100 0.62
343 0.145176339324779 -0.09133071775073896 0.9836391350854081 79 73 65 0.47
344 -0.028497753362954282 -0.04815286730987918 0.986038633577125 175 165 149 0.47
345 0.15659901953895136 0.007741265437945556 0.967266860214006 55 56 56 1.13
346 0.09270578309909464 -0.12506942947790423 0.9885015952630668 70 67 60 0.21
347 0.19392371172448447 -0.12106372688270958 0.9918842430705268 31 34 30 0.48
348 -0.17600637774222783 -0.12257535005102965 1.0205181153934246 195 188 159 0.22
349 -0.0046809427761974115 -0.10296546253209318 0.9946152608791735 113 111 104 0.22
350 -0.01364360169104398 -0.09442522460786279 0.9918717200862591 209 201 186 0.13
351 -0.034513011884981674 -0.09023008713562733 0.9958020220270486 202 195 177 0.26
352 0.15488404097244146 -0.027564904643392597 0.9748141440236314 180 168 140 0.19
353 0.21803383224338682 -0.026543756481464703 0.9733420467724462 153 143 122 0.43
354 0.1532805257773764 -0.024420949712476735 0.9750760595699618 97 65 26 0.23
355 0.08136221570577233 -0.020749392185770307 0.9787813015901987 75 71 70 0.34
356 -0.03546006148128584 -0.02125065583772468 0.9818397413198192 113 103 87 0.31
357 -0.011246289225927063 0.025913707588196524 0.9792192075803916 118 130 144 0.11
358 -0.011261462228639597 0.0296550694831393 0.978963997611045 125 137 154 0.15
359 -0.013882559969286315 0.03132895028981151 0.9767007695206978 74 68 61 0.21
360 -0.006121767146682966 0.04160941953480661 0.968724115974865 82 70 52 0.23
361 -0.09982006173093913 0.04190610931745291 0.9756652952839224 133 124 105 0.2
362 -0.10357188454450586 0.04275335996417702 0.9721622351812641 108 108 98 0.22
363 -0.15667418015981405 0.05394725870428443 0.9829044064926877 93 93 84 0.63
364 -0.12042216084285884 -0.13168094404816397 1.013407645658754 76 73 68 0.42
365 0.10041760364414402 -0.11656205226941184 0.9886088325183573 89 83 76 0.46
366 0.02603230361280404 -0.10436319906060523 0.9923007017450468 101 98 86 0.17
367 -0.022896888412721757 -0.09540061745210411 0.9936763769663335 145 140 123 0.15
368 0.0013487946081474026 -0.09216364375293609 0.9962534310785969 213 204 188 0.22
369 0.1910573715148175 -0.08820515061896655 0.9833065608644581 85 80 69 0.2
370 0.07328872747025424 -0.08560313220938053 0.9875495518678225 209 203 194 0.16
371 0.11330804743110824 -0.023257261680637364 0.9766478065941602 109 92 48 0.27
372 0.10993473056178617 0.0016785631722620231 0.9729911728187833 228 217 193 0.12
373 -0.013607685809727441 0.02379983949421699 0.9803347917829738 72 65 60 0.32
374 -0.0312911723258724 0.02948634831473133 0.9716007349649604 182 165 125 0.32
375 -0.0276622864251812 0.029668154741094077 0.9734777669538826 195 176 141 0.33
376 -0.0323211849222096 0.03752893282020867 0.9679636912325159 78 78 69 0.16
377 -0.029083229747525762 0.04055205829570059 0.964386588876681 212 203 189 0.23
378 -0.14266672692709415 0.04117667983750451 0.9830826987002038 215 209 196 0.17
379 -0.024208680507823245 0.044055909215037964 0.9693702160600113 219 206 176 0.24
380 -0.13970830340098359 0.0424836202916573 0.983155982988244 125 114 106 0.07
381 -0.006655340788181506 0.04673286237367795 0.9684171058584478 83 71 45 0.34
382 -0.031101758342799005 0.055574882187807866 0.9657770517285666 93 91 84 0.25
383 -0.02599014026443311 0.0556591167049609 0.9666323999940055 96 92 74 0.2
384 0.13413020859594646 -0.14019974858155174 0.993850300620938 122 123 115 0.12
385 -0.12859076604370984 -0.10348717691461605 1.0065183242378213 148 151 148 0.28
386 0.0019097266807985727 -0.09908598198203615 0.9935655783782485 198 193 178 0.4
387 -0.0037486494324909863 -0.021509316349025222 0.9848817138435563 78 73 64 0.27
388 -0.05652006840643612 -0.015497783163926498 0.9832190872337008 222 213 194 0.38
389 -0.0031451104998381236 0.03579427179500018 0.9691134726113089 211 209 200 0.28
390 0.0026076406161583132 0.04071625421432552 0.9616609859453552 212 209 196 0.18
391 -0.1018944970879571 0.039893563592037516 0.9741309485946618 226 222 210 0.23
392 -0.12390001443154766 -0.1316472140902489 1.0150420638421502 75 66 59 0.29
393 -0.04896009734225455 -0.09738062920913465 0.9964317328009014 205 197 180 0.23
394 -0.06901375037734936 -0.023728289680101752 0.9855702405624004 130 119 98 0.26
395 -0.15053778342661503 -0.013830111272434598 0.9983860243936516 31 30 22 0.26
396 0.13054468794732968 -0.08647750049378945 0.9851314906942468 142 141 141 0.3
397 0.019562972125840287 0.0439804851338292 0.9699292833477148 47 46 50 0.17
398 0.15619171993904266 0.04754509281612753 0.9622231733698723 141 143 153 0.47
399 -0.054978566122584414 -0.014978084468068645 0.9826986848085693 176 171 154 0.35
400 -0.08325012242518275 0.05350703801461974 0.9737427097704693 161 157 148 0.24
401 0.0306556958910974 0.0582584632552484 0.9621372950479898 138 134 123 0.28
402 -0.014960704254020157 -0.08943596484408206 0.9910936634232437 212 204 188 0.31
403 0.10467345530183164 -0.08690597934366606 0.98497512678129 132 127 116 0.31
404 0.030764045893033255 -0.0878950385867797 0.9892784490766102 130 130 126 0.18
405 -0.01931642017828685 -0.0875132566683998 0.9919218978712206 124 118 102 0.23
406 0.16914649079655944 -0.05901976164945982 0.9808132818438585 91 81 64 0.08
407 0.04956328467283151 -0.023747147775583313 0.9791864119479752 110 76 36 0.25
408 0.00885309940768377 -0.037213830635149596 0.9849670246834339 228 218 205 0.22
409 -0.02130049730206822 -0.014918057847247729 0.9835532049546797 44 38 36 0.08
410 0.030405776018261547 0.04265048630849425 0.9620414023385333 86 81 77 0.65
411 -0.10923322324219169 -0.0994142345467948 0.999468224530414 69 68 59 0.33
412 -0.10709390133087822 -0.07392672427950334 1.000221719918442 163 144 92 0.26
413 -0.056918214312239306 -0.006392251925760191 0.9826110008269324 213 206 184 0.39
414 -0.06149855194930862 0.03983346462073534 0.9664761881700608 223 216 206 0.36
415 -0.11696734922772378 -0.13140261223743516 1.0117547854762645 85 81 76 0.59
416 0.16085446793039793 -0.11114902127811119 0.991956117635928 83 85 89 0.77
417 0.1902038632092469 -0.0048480815651161975 0.9726589604583659 93 91 93 0.65
418 0.009322950693201463 -0.11725308968741933 0.9947068753791016 151 148 142 0.42
419 0.08491914684638588 -0.018010501550927167 0.9775507671554112 47 50 61 0.26
420 -0.10551092242578766 -0.06382922233116917 1.000411731471011 163 142 100 0.27
421 -0.007376121743256332 -0.13143244336539298 0.9919136444191256 139 133 124 0.54
422 -0.006893422875221885 -0.13052309039462018 0.9929159527950157 71 62 50 0.33
423 0.0790810457400118 -0.13200753061323872 0.9881773719403276 150 144 138 0.14
424 -0.021097545967968118 -0.120108040766249 0.9949133729058206 94 84 61 0.44
425 0.052305609223928046 -0.11121845597591336 0.9916766750977923 102 98 84 0.13
426 0.05470327388909672 -0.11125714430217931 0.9917361501494623 76 72 58 0.27
427 0.08854652105721905 -0.10868898650334605 0.991506829799649 106 100 89 0.19
428 0.0747559627105536 -0.09719853276811358 0.9902416385536766 171 159 138 0.43
429 -0.13663795183449418 -0.08538393765639869 1.010023394393769 132 126 115 0.37
430 0.02926693549417419 -0.06067179342364782 0.9871856650032469 119 107 95 0.2
431 0.09714433743150466 -0.0311449327834479 0.9784691787152565 126 133 138 0.23
432 -0.10960618051762856 -0.01850354259453323 0.9942025338483608 43 45 58 0.28
433 0.016526190332790083 -0.01961686595902276 0.9796796389118161 181 151 106 0.06
434 0.05538630604816422 -0.016357759988084267 0.9791455946363772 103 98 102 0.21
435 0.09422484364483585 0.03952356623567124 0.9657329278844545 114 111 118 0.35
436 -0.06447696048536788 0.052369435689715596 0.9641749604521233 136 131 122 0.58
437 -0.14387722087632582 -0.11861981623669787 1.015232657207806 73 70 65 0.35
438 -0.10321119750684049 -0.11963268581530986 1.0096322649030112 65 61 54 0.26
439 0.07807107762204067 -0.12710030327532496 0.9928252799349137 70 54 46 0.19
440 0.041560924975262564 -0.12280998875678095 0.9952177374679054 145 135 121 0.24
441 0.05457955185020945 -0.11326176629722264 0.9922302073363642 199 192 169 0.17
442 0.027074386050258477 -0.11104587136279741 0.9935944152810416 121 114 94 0.23
443 0.09509749787496052 -0.10859292893083904 0.990360580008725 138 119 110 0.12
444 -0.017410085345370502 -0.09851431852304249 0.9941678232801631 164 160 148 0.4
445 -0.0008088329549298972 -0.09787388613981657 0.9934607605645914 110 103 89 0.14
446 0.06702754054543474 -0.10217756474429167 0.9906206682357686 149 150 140 0.32
447 0.05034716772946213 -0.10034645098938498 0.9913387829864242 136 127 107 0.15
448 0.10207564431945959 -0.10082390270431389 0.9889183526186777 138 136 130 0.21
449 -0.13935946089378776 -0.08547796850017465 1.0103792347008351 135 129 119 0.25
450 -0.1272783738154978 -0.08499276040669566 1.0068620236836872 153 147 139 0.47
451 0.035050963016919005 -0.09327337673312412 0.9900251575987589 104 95 81 0.42
452 0.1703285095349226 -0.10170541070703108 0.9843568209574848 170 155 157 0.18
453 0.1485205477539778 -0.09032257277088905 0.9822936541583782 123 110 99 0.26
454 0.021512738763564448 -0.08010349364405445 0.9872973252273615 145 142 131 0.29
455 0.11723620048196014 -0.08459425478728903 0.9844996348690945 152 149 137 0.16
456 0.02822506465753346 -0.07415367244268037 0.9871024708420917 78 65 43 0.26
457 0.16400275744353254 -0.08332500552631872 0.9834273714816314 143 127 113 0.31
458 -0.14127136272487634 -0.06022539059843361 1.0061367509490697 135 127 108 0.46
459 0.09776911472428987 -0.0586198800030031 0.9835570373413434 127 122 111 0.26
460 0.13776676378619362 -0.05836147919165112 0.9797823563693143 164 158 145 0.16
461 0.0969584048910515 -0.04329539251806625 0.979835344688045 145 149 160 0.19
462 -0.004383392394567501 -0.028292322915465757 0.9838158295973152 34 39 48 0.16
463 -0.051055714848988396 -0.017975830678404015 0.9859762345631946 111 111 108 0.58
464 0.07936943004937898 -0.018144107604958475 0.9783731325309543 158 160 171 0.14
465 0.19022957321647155 -0.017695961701602855 0.9750176128189032 56 58 62 0.36
466 0.08749088046279116 0.04359727643544241 0.9657815389082561 94 79 43 0.32
467 0.06649183616972844 0.04487479776529763 0.9609483694914571 144 145 140 0.32
468 0.09311406515307481 0.04623347956644745 0.9646784225662416 116 103 80 0.21
469 0.03533240076401209 0.04924375468395527 0.9625111622018674 96 96 89 0.35
470 0.018027069736217326 0.049919698304473785 0.9711754444681986 119 114 123 0.17
471 0.03876870314538928 0.053444421218997215 0.96161463083606 119 117 106 0.19
472 -0.06503680262765328 0.058846396617899054 0.9662347291157116 122 118 110 0.38
473 -0.06366629405951424 -0.1836866485382995 1.0138099197120665 188 209 213 0.48
474 -0.0028560351132013665 -0.11342294082463057 0.996370695502505 158 155 146 0.21
475 0.17741250795627872 -0.12057252180092447 0.9873626768739977 156 153 146 0.68
476 0.20568237529791195 -0.11921437752322907 0.9881046189407157 136 133 131 0.22
477 -0.0011323974652998271 -0.10143084243831596 0.993050829009854 104 99 86 0.11
478 0.08128969693518254 -0.09967144395361216 0.9899103870453284 119 116 106 0.19
479 -0.19685246824124747 -0.08293013062123589 1.0204294562888871 80 73 63 0.51
480 -0.04752440845943081 -0.08710512595044839 0.9932890943515821 126 120 104 0.17
481 -0.08166285634760201 -0.0858032578529716 1.000158682313022 148 141 132 0.36
482 -0.06677472707012518 -0.08337852789511148 0.9938760493436785 82 74 64 0.13
483 0.19528427261357295 -0.10210668222384732 0.9858192645165513 164 164 158 0.39
484 0.013714732254373441 -0.08765942963115059 0.9892414920252983 128 125 113 0.2
485 -0.02861816538724838 -0.08088499645851599 0.9906646364625596 180 174 157 0.24
486 0.04712726070458149 -0.08556279518459796 0.9882210744796976 186 181 166 0.27
487 0.09798604705912006 -0.08902955397379551 0.9864100866682574 166 166 162 0.48
488 0.12746196289366582 -0.08771676116332687 0.9840100474377412 170 168 158 0.22
489 0.1263669807773261 -0.08592066573540105 0.9836190744622907 121 117 108 0.48
490 -0.17186654232424378 -0.06288639656471309 1.0133648015909678 163 155 135 0.36
491 0.2267811664739309 -0.08248667024270788 0.9800989353018731 160 160 154 0.19
492 0.21369139939691636 -0.08103869448075589 0.9833702932740808 111 106 103 0.13
493 0.21826573841030264 -0.08064141815556286 0.9808832128069824 100 97 90 0.26
494 0.24957254915760207 -0.08254224361270429 0.9818347345912778 137 133 115 0.15
495 0.2027251754768462 -0.05899758651544914 0.9791602882385857 103 94 79 0.08
496 0.020192106123091597 -0.04562284426931656 0.990541612007157 80 73 81 0.37
497 -0.13373124134600897 -0.020045415204596604 1.0000691864762907 50 47 37 0.14
498 -0.019882769761633876 -0.02414850216398171 0.9853185654962041 166 162 162 0.28
499 -0.11144474702923453 -0.01904600563291172 0.9957781380427454 155 149 152 0.19
500 -0.004473515864235009 -0.021765121268207073 0.9839307387582247 51 48 42 0.15
501 0.030099959427707254 -0.01801484992265784 0.9814690268304748 105 103 91 0.28
502 0.15274767849008314 -0.021256536169371627 0.9743714867828854 101 71 37 0.09
503 0.06399142651305915 -0.016562050545246662 0.978828707034618 119 126 138 0.24
504 0.15740060945157872 -0.019349317636388703 0.9733550106240174 102 72 32 0.26
505 0.04549849724487252 -0.01253221939607627 0.9796504592377777 86 88 105 0.21
506 0.23319990841640506 -0.015480540450526626 0.971640996521327 129 129 132 0.64
507 0.027501598658766866 -0.0019969411830486885 0.9800300393368848 64 62 58 0.26
508 0.1975369432362348 -0.005979683123000271 0.9736829098549138 120 117 119 0.19
509 0.18416027586924508 0.008567818914694244 0.9720855183233833 98 93 95 0.34
510 0.011644479896492846 0.03453916079011468 0.9734495792418416 102 110 125 0.38
511 0.16541155211714906 0.033151280845390596 0.9667173925909878 166 161 156 0.37
512 -0.0793528898612028 0.043808391672783886 0.978083292963136 93 93 95 0.29
513 -0.11734864871521 0.045185604437448394 0.9851876583519823 107 85 42 0.42
514 -0.08779520582694852 0.04557942916658531 0.9778345593347353 67 65 74 0.21
515 0.1295818058946067 0.03812802209369193 0.9673205807539154 66 63 59 0.33
516 -0.08804084175062507 0.04725519171293322 0.9787276956448567 47 46 47 0.18
517 -0.08456816969548815 0.047231171452317276 0.9775247218035188 46 46 47 0.24
518 -0.0863693769316583 0.04796010832797291 0.9781032688653551 127 129 131 0.29
519 -0.08290054950114358 0.04779931849564553 0.9776254999287993 122 122 121 0.25
520 -0.07940890126394833 0.04764851731005218 0.9760654987430971 126 127 128 0.22
521 -0.0695966530761027 0.047670275275743274 0.9670742480515665 118 109 100 0.23
522 0.03832252326945307 0.04535756622134625 0.9634901077865937 116 111 98 0.42
523 0.020010158189738413 0.04708782813008721 0.9720212563220646 34 24 34 0.11
524 0.019573350646175502 0.04943282084267821 0.9699329429954606 40 34 40 0.26
525 0.10026925377146152 0.04877565396672392 0.9575303466796925 155 149 147 0.22
526 0.05376031585634653 0.049854312985538204 0.9695026763554555 32 34 26 0.35
527 -0.10075386050153816 0.0606500474253463 0.9734477673904444 146 140 128 0.12
528 -0.05995753587548462 0.06171363490333789 0.9662712613420728 80 78 60 0.52
529 0.14268697986821197 -0.1865727049682024 1.0036964212670638 99 100 90 0.46
530 -0.10947873218276609 -0.1494163015417236 1.0144493836349384 165 160 160 0.23
531 -0.12840249947142546 -0.1380540056642953 1.0200464529713649 184 186 188 0.18
532 0.17532011380267196 -0.12112687096010542 0.9885833101078293 86 84 77 0.16
533 0.06896491873425466 -0.1005052048185844 0.9909938872701397 183 180 169 0.46
534 -0.042251053797323995 -0.08714287606502451 0.9925949940158482 143 133 119 0.32
535 0.08237981378910234 -0.09219852495904525 0.9888877725747269 129 126 117 0.36
536 0.09741677409968133 -0.09190968432578946 0.9863077167648371 179 177 169 0.46
537 0.004663192167586897 -0.08118696502754902 0.9902570742082265 186 182 166 0.28
538 -0.17472055437670314 -0.06579554149453261 1.0114039780834392 184 156 105 0.35
539 -0.13661445910764952 -0.06604978512357061 1.0053668462861087 168 146 106 0.26
540 0.1000621505363073 -0.07771266253492727 0.9836670310774731 152 135 104 0.46
541 0.1981422262329279 -0.08091045741332047 0.982126099176094 108 104 96 0.24
542 -0.010159092463489533 -0.0660715881087539 0.9925962394305144 99 115 141 0.28
543 0.2174579635221117 -0.07836912388458724 0.9814395589602942 167 168 167 0.29
544 -0.1407607430883051 -0.055767905836096004 1.0050171984773886 172 165 148 0.29
545 0.053396659741269 -0.06456677497371992 0.9905259983400011 45 48 66 0.11
546 0.06184040684989737 -0.06214963520374085 0.9882510419966462 72 69 70 0.5
547 0.027711518886139618 -0.05873613004312826 0.989247353447692 59 60 71 0.22
548 0.16733740427235683 -0.05988104231739413 0.9823243624068327 140 135 124 0.16
549 0.02734919969168397 -0.0448362921623403 0.9867406029129325 66 59 54 0.16
550 -0.15110101361152137 -0.025496609832718124 1.001865733336998 183 166 121 0.52
551 0.026023704252974168 -0.03397791910937201 0.9868021439164452 108 104 118 0.26
552 -0.07236923181236156 -0.026833593646083457 0.9887829772122975 196 179 131 0.27
553 -0.1564854352538963 -0.020176804899319018 1.0036773658348377 156 138 103 0.53
554 0.0985548963904606 -0.02928635321534445 0.978178986849797 121 126 126 0.41
555 -0.03693302969859591 -0.017910486705333854 0.9823510876043269 126 129 146 0.35
556 -0.09147550136711635 -0.012216198775181923 0.9929023746223998 75 69 66 0.42
557 -0.08798234044906159 -0.012535480456596904 0.9931419007650639 67 61 60 0.37
558 0.05008767367032388 -0.012831613172238507 0.9828305688755984 90 90 104 0.19
559 0.09413718990270097 -0.00832399656781401 0.9781389005199909 106 107 110 0.37
560 -0.016120065731022655 0.016653129356891436 0.9815025739143424 119 123 133 0.18
561 -0.007081867661822273 0.025992191229226188 0.9792518910329516 94 105 113 0.08
562 -0.02062039545838193 0.033786835317619314 0.975370431459147 102 112 126 0.19
563 -0.04644786422481862 0.04475382690303315 0.9708598470518807 137 134 137 0.09
564 -0.0039361572411331066 0.04364332074035123 0.9653635002211095 160 159 156 0.28
565 0.01603482294019989 0.04400593879514163 0.9704289217581745 35 31 39 0.23
566 -0.003938035143515256 0.04643892418880548 0.9659182955520317 149 148 141 0.16
567 0.12021251736216794 0.04262886512928615 0.959847387282515 27 30 41 1.19
568 0.012576282083590679 0.04725004682138524 0.9703793263717426 33 29 51 0.24
569 0.033002405381796364 0.050675876852369836 0.9613145192213217 164 163 156 0.27
570 -0.03367759539446196 0.05787520468367571 0.9675833960716755 153 157 164 0.28
571 -0.06331518794177445 -0.17065717745204875 1.0169806326665507 204 226 248 0.37
572 -0.131021283574523 -0.15263474510989872 1.0168656696957754 71 75 86 0.34
573 0.20100978600988906 -0.15000962859612124 0.9904914771887763 79 84 91 0.23
574 -0.06665478833364982 -0.121785493951586 1.00344779076605 73 74 82 0.32
575 0.06242826418512912 -0.12230481023804171 0.9942479138269537 130 124 113 0.27
576 0.08420716631372893 -0.10577091940765235 0.9908566306308233 170 168 161 0.38
577 0.033214741970700935 -0.09150920483889645 0.9930271130332514 184 178 162 0.4
578 -0.06297411204434354 -0.07418383117664325 0.9895949118106858 136 104 51 0.22
579 0.23878961769413573 -0.09264569414193333 0.9801769404394689 66 63 55 0.53
580 0.13454812270782343 -0.07649330683274451 0.9812531666306791 100 87 64 0.41
581 -0.1754672085326459 -0.058748310311923506 1.0119129540881684 158 156 144 0.37
582 -0.14165224985487082 -0.05073450963906929 1.0045847558960677 164 159 148 0.23
583 0.0084758090187905 -0.03251651118936598 0.983737873030484 221 210 192 0.18
584 -0.027265132919050514 -0.027793902581893157 0.9846101351485966 152 148 135 0.21
585 -0.16769446581966513 -0.020071269428451246 1.0048486563233094 170 154 121 0.42
586 -0.0932106207631913 -0.014937366115823032 0.9917186727743024 31 31 22 0.16
587 0.06087507862719597 -0.014306028527321305 0.9789047464095831 40 38 36 0.16
588 0.06153942401965437 -0.006026481314898281 0.9795950835604333 62 62 59 0.14
589 0.09504577260551003 0.00804051852918593 0.9733242596434732 86 79 79 0.11
590 0.06351596632732966 0.03013438957436784 0.9691742035855044 183 176 148 0.13
591 0.060900898790303665 0.0344647739577396 0.972460041973063 50 43 33 0.21
592 0.022731984391839096 0.036665369270055266 0.9741935218806697 50 48 44 0.33
593 -0.008252052994888993 0.03912603723573713 0.9707815600388757 112 103 99 0.4
594 -0.08422717701538898 0.05578714435872901 0.9755531064929431 104 96 80 0.34
595 -0.07215785711443429 0.06071703945507448 0.9656837118719562 29 24 19 0.19
596 0.1995823207614501 -0.14392119963525385 0.9922653741190914 115 114 115 0.2
597 -0.004207625606907092 -0.12162496542239914 0.9945891459833927 150 148 136 0.62
598 -0.08043541434434834 -0.09564477485706357 0.9980078123997623 102 94 84 0.28
599 -0.009389453771067221 -0.0985487213848029 0.9929742258419214 122 116 107 0.36
600 0.13331546268992345 -0.10546240703135504 0.9804842616911119 99 96 86 0.31
601 0.20060999818532657 -0.10445471439251162 0.9880637466795427 166 167 166 0.65
602 0.1722632298606298 -0.09792262912109656 0.9797437050478883 88 87 82 0.76
603 -0.09560936713519931 -0.07435807989539042 1.0001096504265532 152 133 89 0.43
604 0.14349673644570865 0.03083351004508085 0.9615883450619522 163 155 123 0.49
605 0.01820220052453966 0.03619794852097485 0.9756176832556912 43 32 40 0.31
606 -0.0663299054450053 0.04189070072232497 0.966755538617685 82 81 76 0.31
607 -0.012407050411860134 0.03937784883552966 0.9720701742498933 122 115 107 0.83
608 0.13154127695829948 0.03667927906439749 0.9620992420646165 134 134 131 0.13
609 0.09460420334644049 0.04360078630353458 0.9649429988882677 60 58 52 0.26
610 0.16618194641223388 0.04453633102629907 0.9605030490919433 140 143 141 0.39
611 -0.06795483925716478 -0.11357196419058427 1.0035998974046234 72 72 77 0.77
612 -0.07024692156161866 -0.07359562124539616 0.9988443499444919 35 30 24 0.32
613 0.02700726457428379 -0.0731171010307772 0.9913583921557406 23 33 44 0.29
614 0.047290294813240284 -0.07264191148711144 0.9896668263373218 35 38 37 0.33
615 -0.05599515862374396 -0.036594163847226066 0.9866055142070331 225 208 177 0.25
616 -0.01998274417236942 -0.03387565201531668 0.986304241613982 63 65 75 0.23
617 -0.036338518058427804 -0.024182516410888023 0.9839329772527046 105 91 70 0.17
618 0.09695435539176682 0.03710280383676391 0.961573400697431 174 171 164 0.1
619 0.08881221134403805 0.04512191347768952 0.9640435899248494 161 140 88 0.37
620 0.0930960922550074 0.04874765001888567 0.9618870875910819 47 46 44 0.45
621 0.13805705605109478 -0.17463651597112728 0.9948045750209483 60 77 78 0.35
622 0.07605531851132782 -0.10781455605425726 0.9896371312440164 168 159 125 0.33
623 -0.1446562385591178 -0.06432596705118687 1.0072990015684764 137 111 63 0.18
624 0.20158104168776886 -0.14845683221607833 0.9928223887152609 136 136 140 0.51
625 -0.17696795430226736 -0.11022113893853722 1.0204790205152177 140 141 145 0.69
626 0.11012626356977921 -0.08850791529037519 0.9878279080435359 138 133 124 0.58
627 0.03392067821644482 -0.08091511756640295 0.9858402641384567 98 87 75 0.29
628 -0.0717319677468406 -0.01517692561881535 0.9895416856227238 42 46 57 0.43
629 -0.08493919679199421 -0.09436445447512957 0.9952600069836185 88 82 68 0.46
630 -0.0901836341893585 0.04399407761901122 0.97656234511249 110 108 109 0.25
631 -0.005628116911863307 -0.13288729665288804 0.999382371239106 97 87 72 0.28
632 0.10470375961074242 -0.04644606950412817 0.9806999669078649 181 174 160 0.72
633 -0.07423716599746984 0.043965342438575035 0.9755372991958877 39 36 36 0.77
634 0.07757173272161573 -0.08522839399485693 0.9869479697941239 181 174 157 0.15
635 0.10670483720130926 -0.08236308981200507 0.9844254597914011 131 125 111 0.19
636 0.11762027340867638 -0.07994429275597069 0.9838870519733471 171 163 143 0.42
637 0.12768560271394067 -0.07947138563325336 0.9827920554448337 187 176 154 0.34
638 0.2002110756932615 0.04155339696922251 0.9592842897559605 136 135 118 0.29
639 0.362712660069227 0.05163300322113197 0.9579714087110861 147 147 142 0.36
640 0.3404680473975458 0.07961149216716128 0.9492056990694072 123 119 106 0.33
641 0.3362715665796708 0.08411397245781412 0.9486210620600257 91 89 74 0.34
642 0.13162844035630028 -0.07981855094038286 0.9830843366530189 173 164 143 0.4
643 0.21699678692353586 -0.0780658756856662 0.9804939899687964 183 172 144 0.5
644 0.16978312127500322 -0.015327816185717434 0.971937233849856 158 161 157 0.48
645 0.1956360610608468 0.041844145685912236 0.9627439901669971 143 134 118 0.28
646 0.2354364078142841 0.044574204030506825 0.957287131827884 60 59 49 0.3
647 0.1946593119060473 0.05569415037670102 0.9591272249159303 108 104 96 0.19
648 0.1703189840753157 0.05700175274497625 0.9557107686626224 108 105 95 0.27
649 0.3436463294082723 0.05923760001046188 0.9520416340380968 44 45 40 0.38
650 0.3663200047512342 0.06922484632966715 0.954865545325851 127 126 117 0.22
651 0.2955205847444321 -0.1014295657108472 0.9855107352576509 171 173 166 0.39
652 0.3322862066972832 0.03664747940757689 0.9564795884693473 91 91 82 0.32
653 0.2628066324757916 0.058901482442703476 0.9571867990511609 52 51 46 0.25
654 0.06842693204229115 0.03585014561504137 0.9649983086127359 101 102 97 0.39
655 0.07236124741046887 0.08284303496935512 0.9570070825295646 141 145 135 0.52
656 0.27129376996553606 -0.09482677531399798 0.9859146712735217 69 62 46 0.64
657 0.22070277107668088 0.06954771094821506 0.9546514522141367 35 38 38 0.34
658 0.08206850277504596 -0.0827592619561181 0.9857188351255192 125 119 103 0.24
659 0.10411429173904944 -0.017067186494475854 0.9744437276178226 58 58 47 0.16
660 0.26815744760162474 0.038990063792129416 0.957242636022551 143 140 132 0.2
661 0.05344676801512039 0.04170680805456022 0.969541371740822 28 30 43 0.12
662 0.05711093419804275 0.0418884677661032 0.9691832291762338 29 28 33 0.17
663 0.2019489719449162 0.044467989564760724 0.9575321792664407 68 66 60 0.3
664 0.11836801231147834 0.04481054092089322 0.9653043342022092 23 32 45 0.24
665 0.12206594887736036 0.04495302327622559 0.9647938555953122 31 33 37 0.25
666 0.30306615390221386 0.05305947707207002 0.9510225192723778 116 120 120 0.18
667 0.13796597261791638 0.05157732085651738 0.9553531841119723 157 156 147 0.2
668 0.07272853311514116 0.05579717237212491 0.9608435732186577 97 92 80 0.26
669 0.055802437953815315 0.0560155066431537 0.9646519081249418 68 66 59 0.22
670 0.33313697707642737 0.06089070780855675 0.9518317530797733 98 98 94 0.37
671 0.09878268786660858 0.05904434423250664 0.9593275998916828 137 134 123 0.16
672 0.10186237187074913 0.05905943070395618 0.9589467962569732 144 140 129 0.15
673 0.10577371072181939 0.0590142619702411 0.9586667747460483 137 133 121 0.18
674 0.134838874261934 0.05952920427260355 0.9564742813666183 149 148 140 0.19
675 0.033798309694935635 0.05835415451421524 0.9632541894509197 150 143 126 0.21
676 0.34152821829313545 0.06463007273191043 0.9517354619653796 103 104 101 0.44
677 0.23537409015080898 0.06503534384435068 0.9549362325239076 95 92 81 0.24
678 0.1430296377757567 0.06382755501450499 0.9552738553112073 130 130 120 0.13
679 0.09977873746813315 0.06402782926351812 0.9592004440605911 112 106 87 0.37
680 0.06827547724488756 0.07115137576164836 0.959438994542906 93 90 80 0.22
681 0.07024730521648627 0.07154533228958791 0.9593049899122167 153 148 134 0.26
682 0.06785674536240098 0.07563112775591153 0.9586421854232354 95 92 77 0.17
683 0.09852551640046794 0.07796940100960414 0.9565872832789902 92 87 70 0.23
684 0.2549940258872926 0.0852339086459256 0.9531845756021087 42 33 23 0.28
685 0.14272786878025218 0.08252741406293941 0.9519027087819425 132 127 119 0.2
686 0.0344814748443754 0.08109968059801617 0.9600571913706383 104 99 88 0.27
687 0.06549900591176322 0.08198924634065799 0.9579396974051221 136 131 117 0.27
688 0.06305238430098797 0.08298312901834175 0.9575961206851417 112 104 88 0.32
689 0.1284479294124252 0.08818800224927886 0.9537835980479135 90 85 72 0.4
690 0.08380958869125296 0.09106793967977059 0.95965889797205 86 82 68 0.29
691 0.1385333402836077 0.09494555580047064 0.950672796868158 143 145 137 0.26
692 0.3121298664222305 -0.08006624026971866 0.9791312895927793 79 71 50 0.47
693 0.20626911422552427 -0.08099352359202869 0.982191353500723 98 93 81 0.21
694 0.261823341772969 -0.08020077925321903 0.9798680644669058 102 94 77 0.27
695 0.11645018067155634 -0.08231349851162344 0.9836856731709757 106 97 80 0.27
696 0.08403073400559326 -0.08055097675385697 0.9858824496657076 178 173 158 0.37
697 0.13521469432881308 0.04238477549302586 0.956866516298694 140 142 139 0.22
698 0.06494941076183469 0.042614308259297407 0.962801264128327 66 65 62 0.21
699 0.09915503887271387 0.0432119431300126 0.9610498742722752 98 97 87 0.29
700 0.13356459741482224 0.043883764051199224 0.9583799671587709 66 66 63 0.31
701 0.09452428692762145 0.04762848321041392 0.9638744833643081 67 60 47 0.23
702 0.1897781683614979 0.050257961371433145 0.9608007206498733 64 51 25 0.24
703 0.3317148857785633 0.05867005802915536 0.9522947104996546 67 68 61 0.45
704 0.27162263422386496 0.058338195893547246 0.9541064343960928 62 62 56 0.26
705 0.2959253746344744 0.058937339624499825 0.9563578062828959 46 46 44 0.27
706 0.06774855280194912 0.05579752638829294 0.960586490963467 89 85 74 0.27
707 0.13637875318134834 0.056705172835027316 0.9563095100625553 98 95 85 0.33
708 0.06295947098141286 0.055893480582484854 0.961520029669498 88 83 78 0.32
709 0.13961208273753015 0.059572723772758865 0.9560469294908256 162 159 149 0.33
710 0.13463542874571255 0.06617721372202273 0.9560630850372728 159 154 139 0.22
711 0.1344768050262407 0.07120551985714495 0.955107149648376 157 154 141 0.26
712 0.09636509165732804 0.07146906897035207 0.957654652599888 146 139 120 0.18
713 0.09912305531194043 0.07496386680658769 0.957205650096383 112 105 84 0.39
714 0.06786687377778751 0.08002109705202891 0.9580709834335855 85 80 65 0.15
715 0.09848563147600584 0.0807092457082218 0.9564926067899598 101 94 77 0.32
716 0.38826280680195746 0.029907733097230344 0.9712791989569298 74 77 79 0.28
717 0.0906876600189423 0.05407976903344442 0.9619299804031962 122 118 111 0.32
718 0.3361355746712245 0.058719808684057885 0.9514371513410385 57 55 49 0.26
719 0.20514869338569405 0.05731659116516046 0.9551822171953663 69 66 57 0.18
720 0.3733577971267482 0.0661963484821328 0.9558476165896396 97 98 92 0.41
721 0.0661941393364584 0.06588579850741764 0.960172020825236 156 151 134 0.24
722 0.2609107892246391 -0.0841074635726205 0.9813183692064827 143 140 130 0.44
723 0.08378713143651734 0.04574850641397773 0.9664283491329255 66 57 45 0.2
724 0.20532027050551543 0.06414909024898428 0.9554200830919864 75 73 60 0.3
725 0.27032464507399606 0.08133422024157257 0.9510657657038877 128 126 113 0.28
726 0.03767178040211722 -0.08790460055484262 0.9892212465590146 172 152 108 0.28
727 0.08594457932107852 -0.08507556826755856 0.9864265802448824 189 183 162 0.26
728 0.10123033187648364 -0.08241805366733351 0.9838635081894268 167 154 122 0.52
729 0.06736899056487049 -0.08013935583624635 0.9852868173183998 202 178 128 0.12
730 0.15791904085569528 -0.0194432163941807 0.9742988341075884 100 64 11 0.24
731 0.2469939770444738 0.032047148788367695 0.9594677267407977 35 18 9 0.19
732 0.0371773047267134 0.03164730798096619 0.9674269364987318 114 110 97 0.2
733 0.23788025510970962 0.04764589997067154 0.9545708809329176 125 125 118 0.24
734 0.308479189567189 0.06398643379092499 0.951791606849874 62 62 58 0.4
735 0.19107583112896812 -0.14409549635890048 0.9911612443196558 128 117 90 0.13
736 0.373599986012742 -0.1010415143583493 0.9796712118430974 116 129 114 0.37
737 0.042185094360108866 -0.08575984380911124 0.9885343687417956 189 178 153 0.37
738 0.16490651464469977 -0.07448812145442385 0.9827684050797997 115 103 79 0.24
739 0.14457207652527676 0.07772596208042008 0.9516242459670862 43 38 31 0.39
740 0.3470677921919161 -0.13657923350080128 1.0133756170487753 208 235 247 0.33
741 0.08686712964228634 -0.13438853311872784 0.9844365386393233 221 210 171 0.21
742 0.07289105676479528 -0.11849741562026969 0.9913192554275156 157 143 109 0.39
743 0.13979768122680317 -0.07972589362896498 0.9826848077348302 189 179 151 0.18
744 0.33351194182826016 0.04549253407871114 0.9549854793111204 68 65 58 0.27
745 0.23006236010414893 -0.08423461503186855 0.9812956267500861 168 154 120 0.42
746 0.23121812931942082 0.05896126661419608 0.9587519548964499 61 61 57 0.14
747 0.22243453332630322 0.057404662317253705 0.9570503184753503 80 80 69 0.29
748 0.05325280191253726 -0.08035213606393057 0.9864729818011524 144 130 98 0.3
749 0.07661659367953352 0.04564741962755493 0.9635539621112211 80 67 45 0.28
750 0.05729580977692713 0.049665910662776695 0.9686855913464106 38 34 38 0.14
751 0.05896051241048841 0.05055055567355239 0.9678888166059502 116 118 121 0.13
752 0.06929685198288167 0.05086988098729522 0.9594504358591346 155 153 144 0.29
753 0.061805839294134676 0.05891618932941655 0.96111091765281 153 153 154 0.14
754 0.035388305096727746 0.06335187039570275 0.9629321248691971 110 105 90 0.11
755 0.07003981761478305 0.07608646574950967 0.9582859573803413 152 150 137 0.3
756 0.2668737854567894 0.07860304854569142 0.9515800977359378 90 90 78 0.33
757 0.27425902380250267 0.08466253032127195 0.9504371914916411 108 100 80 0.39
758 0.036178395690867386 0.08941946015256748 0.9585079614629897 136 131 114 0.2
759 0.20445557833974853 0.09039504380664865 0.9513368328352534 91 89 76 0.28
760 0.06512143290386077 0.09260492748523884 0.9560712454914508 151 144 125 0.09
761 0.2572485389306049 0.09234350046621946 0.9527519600164145 59 61 54 0.08
762 0.13841931377438557 0.09239538188692815 0.9510064009554623 162 158 146 0.28
763 0.14025820354990992 0.09365961047690517 0.9504709371168693 139 139 131 0.17
764 0.17648418109240585 0.09556067185534947 0.9503049420288909 125 125 117 0.23
765 0.1999591426854119 0.04704632896636404 0.9585738234977 157 152 138 0.27
766 0.03545946497618138 0.055961058461995034 0.9622909574185093 83 78 68 0.21
767 0.36075976505165136 0.05533250712563429 0.9569415194994308 68 71 64 0.23
768 0.15475438011514275 0.057348025369025384 0.9596647463661675 76 74 66 0.12
769 0.13084062354595943 0.05953581397438266 0.9577859276278694 129 129 126 0.18
770 0.09959433512968768 0.06936545732415 0.9579752393482228 106 99 79 0.4
771 0.25136835190476003 0.08668150780441514 0.9534833033453866 128 108 84 0.32
772 0.13010844366447166 0.08967097309104538 0.9518041671434453 155 152 141 0.32
773 0.23311220925184745 -0.0778439582698222 0.9801476566469002 159 156 141 0.31
774 0.07806535079298221 -0.014114225957539948 0.97815714011704 36 40 43 0.36
775 0.18644990307545833 0.04145423618433407 0.962468124665958 122 118 101 0.12
776 0.06258342861862315 0.04969444258077953 0.9641932180800692 142 139 127 0.31
777 0.2000907720232667 0.05111965814804368 0.9583386140288735 138 133 118 0.31
778 0.12943240997452776 0.05803339242948456 0.9613133640083176 49 47 35 0.38
779 0.1641715814758069 0.057980472007023415 0.9588379916167026 66 70 62 0.3
780 0.32787185198993396 0.059452877645657154 0.9544994591027718 42 44 41 0.29
781 0.3601890679348361 0.060014664500173946 0.9550999891157779 56 56 51 0.36
782 0.06784343232665659 0.08675514780397643 0.9567092987553125 86 83 75 0.18
783 0.05809672227920275 0.0896453562441461 0.9599795412370858 98 93 81 0.33
784 0.1714575637307573 0.06922155743824146 0.9556116819171124 133 132 118 0.34
785 0.2859082167186125 -0.13962382701583514 0.9906443275087453 136 133 119 0.45
786 0.11188205281964668 -0.0849323997562239 0.9855911648901675 192 177 148 0.36
787 0.06812935043918689 -0.0780434364810785 0.9840253656279023 131 114 85 0.17
788 0.2319161049183512 0.03289493942881774 0.9666517363459104 37 33 32 0.16
789 0.27857852873238353 0.03223141102811044 0.9583653737338264 34 18 16 0.15
790 0.06718205943267723 0.039583291779442295 0.9611969403817348 121 124 120 0.31
791 0.23271502095907445 0.03422353868019006 0.9649724461781639 75 75 67 0.16
792 0.19987435907383436 0.03670192399034689 0.965715207778036 87 88 79 0.22
793 0.08688258032585491 0.0419834957367992 0.9660735284974202 145 129 92 0.39
794 0.2318891340609187 0.03784191796201208 0.9626988968707264 87 87 78 0.12
795 0.06887976208564034 0.045095648138371934 0.9600594309370459 135 133 123 0.32
796 0.21923185501688683 0.04159902834977329 0.9625196570946918 96 98 100 0.22
797 0.11339215535618366 0.046203687531742796 0.957429681232493 116 126 142 0.48
798 0.17592080019578282 0.04478383707508268 0.9568244246498971 99 96 83 0.45
799 0.30105403898216854 0.04108128234613501 0.9559352312374986 35 37 34 0.17
800 0.08749164300408295 0.04754509805595266 0.9647561692327342 91 73 37 0.28
801 0.2688456929647335 0.04229127617704574 0.9562060098237137 88 91 86 0.41
802 0.1905206343061539 0.044905321092327845 0.9610942013912569 73 58 33 0.24
803 0.14955579608726344 0.04740229512219947 0.9621883264177246 92 91 100 0.18
804 0.1561357560894514 0.04748617999400752 0.9626922719448128 106 110 116 0.11
805 0.3016470592642142 0.04363235230456156 0.9538329659125309 71 77 73 0.56
806 0.07413233321474458 0.05062821843446381 0.9615153023466357 129 130 122 0.27
807 0.23927494815868686 0.0461045655063566 0.95459587422582 53 51 49 0.18
808 0.3060949907799214 0.04434806975055087 0.9562026615156141 66 71 72 0.26
809 0.1289842036717517 0.04998115854906618 0.9637230809337842 26 24 28 0.2
810 0.18557986710803206 0.04917773555963696 0.9622091676570736 63 58 35 0.3
811 0.3055867057862395 0.04598194689943995 0.953466742689719 57 47 51 0.21
812 0.1273113547399959 0.05121968012303356 0.9629144786581328 81 83 82 0.17
813 0.14005878314051257 0.053101312062272525 0.9547200188188594 72 71 62 0.27
814 0.1902458992874118 0.05287139260058997 0.9607466632870035 48 37 18 0.17
815 0.20824283926069145 0.05400425414132693 0.953855578426827 53 53 46 0.17
816 0.18189480257114463 0.05542760202560336 0.9569541381992107 100 102 92 0.38
817 0.2077055545207914 0.05525557057708775 0.9545834477744712 110 109 101 0.27
818 0.1038178023406398 0.060689827262577434 0.9581401766180647 63 58 46 0.18
819 0.06937843053923508 0.061834856502278115 0.9603584629911258 130 130 125 0.19
820 0.1664627521918727 0.06098545850480657 0.9552261947405836 75 75 69 0.14
821 0.24115458866807993 0.060632906615463 0.9548710349902403 122 119 117 0.27
822 0.13671380621959126 0.06428361451348191 0.9561443854099003 83 81 66 0.17
823 0.24015685123348957 0.062142100825041645 0.9549683916130649 74 72 67 0.2
824 0.24164441949749144 0.06371784026513617 0.9552913627536825 115 115 109 0.31
825 0.2750946219698983 0.06606563149843521 0.9509434537352655 85 86 78 0.21
826 0.036325990101497715 0.07979264749662267 0.9596551700612407 122 116 98 0.28
827 0.21049454855818375 0.07838009865915815 0.9530937404592608 121 120 116 0.33
828 0.09512500724396025 0.08182150927812105 0.957931808791074 70 69 60 0.29
829 0.09794863672386173 0.0867396075240261 0.9549136254510913 88 87 74 0.35
830 0.22200086301806193 0.08582959080236904 0.956707800503611 71 58 54 0.43
831 0.2594535140182763 0.08503572833614045 0.9542024410040836 44 31 29 0.2
832 0.25772061599286994 0.08628262232315136 0.9541545088820372 74 62 57 0.32
833 0.20946077458477458 0.091148303961232 0.9502306971385259 141 131 121 0.31
834 0.2064112518381421 0.09155779719666013 0.9515608685684449 125 118 107 0.31
835 0.20069745619550322 0.09635306898887258 0.9498861909310896 97 88 81 0.36
836 0.08216032325639964 -0.08954446434199906 0.9874205632200781 205 191 161 0.13
837 0.03257736638263446 -0.08049283407874688 0.986534716106495 176 152 112 0.29
838 0.12466577393803058 -0.08388345211758177 0.9828256994265944 181 169 141 0.16
839 0.22985580180988324 -0.06295469604172725 0.9835444724684936 111 113 112 0.38
840 0.033862170912351726 0.03151753837407819 0.9672419696246489 119 112 93 0.21
841 0.2323013889859467 0.029921810530507006 0.9644588155228848 102 94 79 0.19
842 0.13767082821967652 0.03543731014476272 0.9578680951888568 138 144 138 0.27
843 0.15693413271027584 0.03663170144325909 0.9673334200007948 72 76 77 0.35
844 0.24793237620623765 0.035376018685662994 0.9604256574863346 18 16 13 0.26
845 0.1335862563141716 0.039989224376837176 0.9591968872033214 71 72 66 0.2
846 0.10212360330692957 0.04405593169032281 0.9579192524002884 65 69 73 0.24
847 0.10234828942917963 0.04581849205050082 0.9571027719383315 132 131 124 0.34
848 0.17943429131490693 0.04466872544126997 0.9596802979023832 90 74 45 0.23
849 0.18635854579440317 0.04482264222625088 0.9619004673799125 76 61 35 0.2
850 0.2794885558705237 0.042371361110777626 0.9558746943537912 80 73 79 0.24
851 0.1289292731087151 0.04802385326239123 0.9636391541958607 36 36 40 0.14
852 0.2358353997901428 0.051872108229706816 0.9547904793584645 61 58 54 0.22
853 0.23654587634051757 0.055842641434547514 0.9540542324426943 115 114 109 0.35
854 0.22782312948175512 0.06088738582177873 0.9597859840884686 65 62 66 0.35
855 0.20475985316216053 0.06146577553890864 0.954443298252559 28 28 19 0.29
856 0.27462433271194153 0.06033979170825058 0.9546014218210487 77 77 67 0.11
857 0.23776134435943433 0.06371474098344972 0.9550344684743972 137 135 127 0.19
858 0.30682602787927116 0.06717658704843472 0.9534497294217096 98 95 82 0.45
859 0.036312961989557566 0.08235493341302033 0.959971905800747 114 112 96 0.42
860 0.21019909833005745 0.08127513859452141 0.9521685826041089 123 124 118 0.32
861 0.21894850259792145 0.08129859128830763 0.9592952073978348 52 58 53 0.58
862 0.29504804423868486 0.08008652059613976 0.9562139079718819 18 23 23 0.24
863 0.2126074824835459 0.08268213182501623 0.9528341435922285 54 46 45 0.27
864 0.09628806219493677 0.08486219772986027 0.9557590911412134 111 111 98 0.27
865 0.07779536347984446 0.09418437047680854 0.9571625510371853 105 109 112 0.46
866 0.04068263525815245 -0.08768184584338252 0.9870447467897415 175 159 125 0.15
867 0.03446030856157932 -0.08562895568208227 0.9886941976487295 183 174 151 0.32
868 0.05192138051889562 -0.08540039108681179 0.9869877677671036 211 197 172 0.05
869 0.06973361820753193 -0.08243009552227722 0.9854975830335486 108 96 68 0.42
870 0.08871942191242636 -0.08044515732440145 0.9853421325641796 189 183 165 0.2
871 0.14798550700618904 -0.07917362785969756 0.9836282605238897 182 164 123 0.1
872 0.19645709893938698 -0.07784094682582234 0.9802820452036304 178 165 139 0.34
873 0.26711872254880376 -0.08009826616178024 0.9794482515403009 100 87 58 0.23
874 0.2810566799016631 -0.08024606680728234 0.9805963359246473 108 96 67 0.1
875 0.286350688452388 -0.0799211881220276 0.9792083846819661 98 88 64 0.2
876 0.29826160500335014 -0.07987485819774728 0.9785639410588116 97 83 60 0.2
877 0.23378189777771538 0.02593148039885337 0.966509708268317 138 134 119 0.33
878 0.1548183584208923 0.038452872693009524 0.9676166775773806 32 37 44 0.16
879 0.2378267817066713 0.03772504670926611 0.9579800010114893 75 72 75 0.15
880 0.14984866907213745 0.040992737232545776 0.9628252961205591 96 98 108 0.1
881 0.15330531731180685 0.040970441563127555 0.9636160514941735 89 93 94 0.12
882 0.23156807266653365 0.039857918579319224 0.9655155012827713 32 33 30 0.25
883 0.29145835068244624 0.04198068367413184 0.9636085933644413 68 72 70 0.56
884 0.1282884273184372 0.05273939793895596 0.960044827748755 62 64 58 0.29
885 0.17930882722855976 0.0530454750177831 0.9577732623362326 68 62 48 0.33
886 0.13041950336685212 0.06533524931014212 0.9562126477317069 128 128 116 0.36
887 0.3156307966438272 0.061245200594904854 0.9535036139755216 48 50 50 0.36
888 0.233476033895387 0.06686486954550099 0.9552705076931503 118 125 110 0.13
889 0.2646618866372701 0.06937389795389051 0.956000230794734 56 57 53 0.38
890 0.0723291739361561 -0.08601962600454022 0.9885893740391712 182 173 150 0.63
891 0.1375158492547912 -0.08550629207345707 0.983484328613233 202 185 144 0.33
892 0.1461233838173129 -0.08556743116431946 0.9840526280249597 171 153 109 0.28
893 0.340782993908082 -0.08262238934058283 0.9779522768934802 170 159 124 0.48
894 0.16981613249994126 0.04762255217893009 0.9552834650769677 135 134 123 0.41
895 0.19284892651263472 0.05015346561450475 0.9598768778673323 141 123 75 0.33
896 0.23312635417975758 0.05108823401324907 0.9569095001596586 117 115 105 0.31
897 0.2115236030165021 0.05756202185490949 0.9557274889985413 59 55 45 0.18
898 0.2473523582885474 0.0635955444509319 0.9545827975683109 13 15 11 0.14
899 0.3121472543795028 0.08418516213919941 0.9489395694165991 54 55 48 0.31
900 0.09139902174945576 0.0941060497639664 0.9570331183965036 99 101 101 0.51
901 0.2521860722777789 -0.08421038372404013 0.9819397240062328 171 157 121 0.3
902 0.2719395507122697 -0.08379944092692372 0.9803767288148846 166 158 138 0.23
903 0.2831211349584069 -0.08398737309585995 0.9816324049000812 152 145 124 0.44
904 0.29808970628130466 -0.08399958156662662 0.9806504394835979 136 130 114 0.25
905 0.3041676172580935 -0.0836938520789378 0.9803889572873536 144 134 110 0.28
906 0.16342800679444475 0.03784797468054008 0.9665200203394576 35 37 36 0.39
907 0.20936123710304186 0.08554423905958582 0.9522119332975214 142 138 117 0.27
908 0.21206733334802666 0.0925825937554008 0.9493714798170159 54 37 37 0.45
909 0.23403863815640177 0.03888721501686749 0.960444443119121 123 123 108 0.41
910 0.12689179079130936 0.07658832776825567 0.9553082591783851 44 52 56 0.47
911 0.20517295943789288 -0.09529697666048696 0.9883710911390585 64 55 27 0.25
912 0.13768555802744345 0.06956095871646618 0.9576895214853036 80 82 77 0.43
913 0.27043166507298955 0.07184532834126402 0.9533744930133589 73 78 73 0.2
914 0.2554021446485687 0.07008414524239899 0.9554951938806717 23 22 19 0.27
915 0.45271932385297753 -0.0573842525622116 0.8859572505752717 90 92 98 0.23
916 0.45176443528278165 -0.057656953399599024 0.8961445413671026 118 123 126 0.18
917 0.18073211136573036 0.0094415529727217 0.9699111257771297 50 47 49 0.32
918 0.23294851831405367 0.06059420083354673 0.9555397564195516 109 112 107 0.26
919 0.29463803151215895 0.04575662100367919 0.9602129990234541 76 75 84 0.4
920 0.4497006473252532 -0.05310723930413231 0.8877530655991293 239 248 244 0.16
921 0.42087334265650556 -0.04479861686966643 0.8718566189236554 63 77 97 0.74
922 0.18025156574139953 0.06333789143123578 0.9557535313200478 11 16 25 0.33
923 0.1762957218980067 0.01046679802947562 0.9680626928386871 142 128 103 0.27
924 0.24358409496513841 0.03272829471768269 0.9605102253787776 135 132 113 0.61
925 0.07391808534373422 -0.08012759085464191 0.9852284202032727 150 140 122 0.31
926 0.05718917983281368 0.04431494458336927 0.9694317617978213 30 30 29 0.2
927 0.05536322795048037 0.0454131008815653 0.9693762196307582 115 116 114 0.08
928 0.19652222302484487 0.044734038898425976 0.9611146971501169 90 66 39 0.16
929 0.055198885910038416 0.05052058841423468 0.9678685959557771 112 112 108 0.06
930 0.12566454293339224 0.05034712259124191 0.9636114647676348 36 35 32 0.17
931 0.19831417416865665 0.05021263297265344 0.9610460794317442 76 66 43 0.39
932 0.17002517441197587 0.05196941053531658 0.9547524237261179 152 154 142 0.16
933 0.2378473664867446 0.052896442811964144 0.9538471487039549 144 145 138 0.19
934 0.23216261419978967 0.05630276854410798 0.9588952788149063 74 74 66 0.44
935 0.030971574798735895 0.05846735090841944 0.9633815184510787 143 138 123 0.12
936 0.04855680535587572 0.05901299602459386 0.9666538700307301 97 98 93 0.21
937 0.07437782845072895 0.05872301175209625 0.9616597408045147 146 144 131 0.2
938 0.16869543655866517 0.05960289941611482 0.956107046320003 150 149 140 0.21
939 0.20734977759834322 0.06001019029850927 0.9543671194325576 104 103 91 0.28
940 0.10726138489131785 0.060654702450471304 0.9580503041684177 58 56 48 0.16
941 0.3305574008221379 0.062478316192255044 0.9509739486072095 43 42 33 0.17
942 0.034903417473195024 0.0742426668236694 0.9608956562093276 116 106 83 0.13
943 0.0652861367535966 0.08483721508595729 0.9574901633997969 136 126 111 0.24
944 0.12905275651413892 0.08467871414388825 0.9546837226173793 89 86 74 0.11
945 0.13620594569604844 0.09514896130270928 0.9506735730754072 105 107 99 0.3
946 0.045486474326931536 -0.01252116045792764 0.9802537725981622 88 89 89 0.03
947 0.1675146010273677 0.043125962258689685 0.9578207797674003 48 45 43 0.26
948 0.049661549749670617 0.04955242049807288 0.9686995032865364 35 34 33 0.1
949 0.10765779277316764 0.05632774465172108 0.9585312291531438 82 76 64 0.21
950 0.26944980134532603 0.07955967900640327 0.9517452351095934 139 141 133 0.32
951 0.2741954267410575 0.08001511573242587 0.9514523319657204 104 99 85 0.36
952 0.33371071128928387 0.08422380708734599 0.9492518872133529 114 114 106 0.19
953 0.13031687562023758 0.0853061918188734 0.9525327864118927 138 135 123 0.22
954 0.09598153081592413 0.08658750429179268 0.9548277187251283 150 152 137 0.2
955 0.3211073755699374 0.08670261263859025 0.9531972001748824 97 96 88 0.37
956 0.36791607873180215 0.0005553268906843742 0.9660825289692827 154 156 156 0.4
957 0.09760291036543718 0.03695073038118976 0.963343878377768 152 153 148 0.24
958 0.06337237167339506 0.03760125530249324 0.9656265661227889 136 140 129 0.35
959 0.055547433570313665 0.05280164184638019 0.967190307464593 97 96 89 0.31
960 0.19751573054422414 0.05707496294122366 0.9564348678975761 42 41 32 0.34
961 0.4546671033012805 -0.06289542260937575 0.8754081340011776 154 154 151 0.29
962 0.1636694966796043 0.053207507228428076 0.9582813533027036 70 62 57 0.16
963 0.10178493942443403 0.04735784204296271 0.9589316390174083 157 154 143 0.38
964 0.45522866842535326 -0.06890362513030814 0.8784488154173639 144 148 148 0.23
965 0.22655386362147617 0.011459254009064496 0.9706175497907854 68 66 63 0.42
966 0.17116274610692447 0.049916067700043386 0.9538088407925721 140 141 131 0.33
967 0.23252268642203586 0.05753290013837365 0.9584114333690995 49 42 32 0.14
968 0.2889693624460394 -0.07775765638943949 0.9794684302613221 125 117 97 0.23
969 0.09531722528283357 -0.013943544317795932 0.9762105545537414 45 44 54 0.25
970 0.2981889684535849 0.057967461353296126 0.9524205194325898 46 44 36 0.24
971 0.09249874620669701 0.04794277014092896 0.9611055572401149 48 45 30 0.48
972 0.08003215472292262 -0.1284794083725391 0.9901981804184563 69 63 50 0.12
973 0.11849356392526979 -0.1082468130972104 0.9853364023835159 116 111 99 0.29
974 0.03892771406558622 -0.0897876519407659 0.9882035681783168 191 173 137 0.64
975 0.0830275515544435 -0.0852111128748983 0.9869711188842507 176 170 150 0.28
976 0.10668571205704695 -0.07810915877457845 0.9838851106459007 107 92 67 0.15
977 0.03172613129467339 -0.0077379831353900095 0.9766752410981288 167 162 137 0.19
978 0.03362450217725728 -0.008069621946155426 0.9769055000093357 144 144 126 0.32
979 0.03726292680417139 -0.008294051106333898 0.9773063469741173 116 109 84 0.19
980 0.06360522797110431 -0.004931403151547196 0.974888058861483 124 117 96 0.21
981 0.1024090120500977 -0.007110645301474707 0.9735211968059827 149 156 141 0.27
982 0.3001006216207707 0.021958651211556667 0.9623353472099964 149 124 73 0.21
983 0.2987081056523435 0.023855795327481766 0.9628188426290866 109 95 64 0.32
984 0.16539661805168834 0.03153303250879596 0.9675856582557948 109 106 92 0.25
985 0.03526325906422508 0.04217379701579345 0.9615223749658891 137 138 131 0.14
986 0.04804546691770324 0.04095250682033098 0.9702561021037702 111 112 119 0.12
987 0.05888851136251623 0.04098899931105918 0.9688150664792238 118 120 123 0.2
988 0.06747007724865653 0.04257422121856534 0.9615056728776004 119 120 113 0.2
989 0.16707983189865372 0.04146071293334656 0.9566320800514906 94 92 85 0.04
990 0.16824820317274597 0.042952972804778965 0.955142076095603 84 81 75 0.29
991 0.20139617440878727 0.042136696587201476 0.9563500660947387 86 80 87 0.17
992 0.061918045569543716 0.05232246064619649 0.9600065819145985 56 54 42 0.23
993 0.030822550310451585 0.05345566086136306 0.9605676514806164 107 106 95 0.14
994 0.06678168503340942 0.052368075771663844 0.9595586298616147 61 58 45 0.13
995 0.06900119460789321 0.05246935754933578 0.9591651716879315 75 72 58 0.22
996 0.13387135077960385 0.05080867643572062 0.9571758680012502 80 79 72 0.27
997 0.20514237840194216 0.05148925151414404 0.9544887752999066 77 74 67 0.23
998 0.16245820452467974 0.05488957615475501 0.9550595266932671 68 66 56 0.25
999 0.03571694317081902 0.06021691121354004 0.9624385684867366 64 57 47 0.19
1000 0.06249715381856979 0.060325822784465605 0.9609699291481559 54 50 39 0.08
1001 0.06429193652810075 0.060343648088346205 0.9604106860596994 56 52 35 0.27
1002 0.06032273738877326 0.06083116453441657 0.9614300067234046 46 45 37 0.18
1003 0.10019997019732405 0.06070918551967251 0.9584029032987142 66 62 44 0.19
1004 0.06147450925710044 0.061910105708217 0.9611727426686492 149 147 139 0.27
1005 0.07135446770015406 0.061829287014951696 0.9588534364512631 116 115 97 0.15
1006 0.13375723786468757 0.06130156643521588 0.9567940660761457 75 75 64 0.21
1007 0.10547425917865298 0.062320234776798066 0.9584180906825789 125 121 107 0.16
1008 0.13237211432514465 0.06257434550202187 0.956364012026074 121 120 104 0.2
1009 0.10363861798830334 0.06363898571285705 0.9582159416748501 67 64 47 0.07
1010 0.26901493252893977 0.06046539680586627 0.9544584532098903 106 105 96 0.34
1011 0.30082255925154655 0.060541496484730124 0.953331801655735 103 101 94 0.23
1012 0.035308811174969916 0.06688287415924096 0.9623410579028842 105 102 88 0.09
1013 0.3060011328954108 0.06077719104468873 0.9530744279626819 101 101 96 0.28
1014 0.10392260765010673 0.06616637898673879 0.9584396161485634 104 96 78 0.19
1015 0.061594089935145445 0.06787702433979781 0.9605042832688083 146 143 128 0.19
1016 0.20255599554942658 0.06589199992594577 0.9559706160862337 115 110 98 0.31
1017 0.23859307530817683 0.06510058104532347 0.9542725754479822 77 75 63 0.09
1018 0.06569792388534892 0.06954745738722337 0.9601757048761855 128 124 106 0.12
1019 0.1037615500220713 0.07283558930939095 0.9571961555435285 86 79 62 0.16
1020 0.06566425779451356 0.07364033088987877 0.9596727992374724 131 128 111 0.06
1021 0.2668020309747376 0.07345733705310899 0.9524305652883264 103 103 94 0.26
1022 0.05708627595555195 0.07936605919933577 0.9624615867512762 93 96 90 0.2
1023 0.09194133562357329 0.07972276786590608 0.9585519848371684 92 102 113 0.19
1024 0.2078009858665794 0.07868239198022055 0.9531755780168908 132 128 115 0.13
1025 0.1635832417159728 0.08147398612462832 0.9580613749912703 50 53 45 0.04
1026 0.13688958909037716 0.08319546686464792 0.9529201894582756 129 121 106 0.15
1027 0.034647207031415855 0.08485090570242569 0.9585707004143514 87 88 71 0.13
1028 0.13689894906875308 0.08606090812839329 0.9524880090247302 102 99 82 0.16
1029 0.06524616565534 0.08828262180606132 0.9567330414482792 113 113 96 0.25
1030 0.13651256178935384 0.0893607093981309 0.9516598050588114 100 97 84 0.1
1031 0.10484398487458624 0.0896467733881239 0.9543400254773637 84 82 67 0.13
1032 0.20252099517122754 0.08983056182346709 0.9519974801632676 121 121 106 0.2
1033 0.2733408759195204 0.08986308378775315 0.9494714485396912 82 77 63 0.13
1034 0.14258404504459807 0.09057158726997244 0.9505353934132231 134 129 118 0.26
1035 0.1348811778427617 0.09173314382191829 0.9511828038299671 144 141 130 0.23
1036 0.2080485629271899 0.09183132922123469 0.9511309695884982 85 84 78 0.34
1037 0.13024315082519816 0.09270590614064252 0.9516253882722971 137 138 126 0.07
1038 0.1421008402511828 0.09275765415886784 0.9496946695405473 149 149 137 0.15
1039 0.2649549416342061 -0.07768971756816534 0.9795791285921688 176 168 146 0.29
1040 0.30142261272615684 -0.07724784529760985 0.9774242489571627 126 116 94 0.43
1041 0.11182352322447471 -0.0175150677911937 0.9757639871236009 145 152 141 0.27
1042 0.1808496835032357 0.02263384650808231 0.9685392102451413 34 24 23 0.25
1043 0.09680736651988725 0.03399832133383464 0.9637877845842544 157 158 144 0.33
1044 0.06724803211544096 0.03721622529215553 0.9634900285631756 56 56 54 0.14
1045 0.13104855444308877 0.03506861009409798 0.9611052826843107 142 136 122 0.12
1046 0.07510464877528464 0.03932283993357832 0.9646120929644216 134 135 130 0.29
1047 0.09521492415701181 0.039243263699184475 0.9632692251265071 88 87 84 0.26
1048 0.047950347992961655 0.04549518786782016 0.9697329134261341 134 134 142 0.14
1049 0.16052116201944805 0.04116024408916423 0.9647295837831693 98 99 107 0.38
1050 0.053504829532208364 0.047413777587877695 0.9692939094407964 26 28 21 0.21
1051 0.16870322340465632 0.05114477297956369 0.9567223704010369 72 70 60 0.12
1052 0.03712137969553537 0.058765034791814295 0.9630853809061527 145 142 131 0.29
1053 0.1592972746798754 0.057378794486129134 0.9592887860745315 45 44 36 0.17
1054 0.12669796178574833 0.060012191328862555 0.9602998659579778 70 74 69 0.27
1055 0.1718860671853374 0.05957454102741504 0.9554747454116091 143 141 132 0.19
1056 0.15687828720488373 0.06017303695609616 0.9597427183033838 97 99 96 0.09
1057 0.10230945204482489 0.062203198188669075 0.9582869975670001 96 92 77 0.32
1058 0.20199982999935162 0.05992858510429568 0.9562114888700739 144 138 126 0.2
1059 0.13541349801552532 0.06275327720239453 0.9563068665478173 142 141 126 0.12
1060 0.32943065786131354 0.06093404245467462 0.952033290518297 88 90 80 0.18
1061 0.32590130013363117 0.06126886340596469 0.9566945003745132 61 64 62 0.19
1062 0.3537685498815141 0.061978009965385696 0.9540521369201016 58 60 58 0.17
1063 0.03524699200567269 0.07068670670787951 0.9618871545212524 108 104 85 0.14
1064 0.1373313376914012 0.07058899953568393 0.9551390918936443 119 117 111 0.15
1065 0.09587302476354002 0.07850611798616718 0.9560960425556181 136 132 115 0.05
1066 0.09110539201162186 0.07968797701496048 0.9599673261516796 93 94 98 0.12
1067 0.06057194721453796 0.08506208432018375 0.95919405483028 50 49 41 0.19
1068 0.06492187917957684 0.09033559117529695 0.9564931086646421 138 132 114 0.31
1069 0.03311802429593628 0.0908288620166795 0.9586689471083214 121 116 100 0.23
1070 0.034615556743126774 0.09243581672682417 0.9580410881836382 109 102 82 0.19
1071 0.2228521297477427 0.0928927940417444 0.9538672518708257 55 52 37 0.27
1072 0.0957371219846166 0.09379176057709704 0.9534123348720625 150 152 134 0.15
1073 0.11623730044425025 0.04019801980442943 0.9647945093773949 117 122 125 0.2
1074 0.12387353008446916 0.040332066340443146 0.9646635059323329 110 115 115 0.31
1075 0.19803394275182054 0.039170027311940685 0.9662446686939891 26 26 27 0.35
1076 0.057955203507656095 0.05270077458991205 0.9612566576267005 46 42 41 0.18
1077 0.08658353065205061 0.05462355781027493 0.9628725559207378 104 105 98 0.28
1078 0.09697709210850579 0.056236747188743205 0.9591260029370986 69 60 44 0.43
1079 0.12517155597575694 0.056713705395264796 0.9607069962080422 50 50 42 0.11
1080 0.1225588145315756 0.05973677992010699 0.9611062472259873 86 88 83 0.31
1081 0.16189264271010115 0.059833044374869325 0.9606896435136862 65 66 61 0.29
1082 0.35825205770018087 0.06470389732471345 0.955362727604431 17 21 16 0.55
1083 0.0725444459661655 0.0822269892122056 0.9579510725802142 118 110 93 0.39
1084 0.09403066857989333 0.08376777246579836 0.9558562624584315 92 98 97 0.23
1085 0.07021407878086998 0.08437908992416464 0.9570676607557544 155 149 134 0.27
1086 0.22607903125566006 0.08366292237024381 0.9566610876660347 47 50 45 0.36
1087 0.3277768777250697 0.08701180424087616 0.9493040566473218 80 76 62 0.06
1088 0.2701485618733151 0.08877963332995918 0.949884513848736 128 129 117 0.23
1089 0.2278087729299708 0.09389275840550255 0.9468222251517728 37 38 37 0.19
1090 0.07481589091312416 -0.010612766940911194 0.9770546834174656 155 152 139 0.22
1091 0.14538452494352475 -0.016673751326396567 0.9746657724335002 154 151 139 0.53
1092 0.17351718928594298 0.02781487574189105 0.96527701126217 116 86 39 0.33
1093 0.13653012283534283 0.04003506432762572 0.9568554475377102 57 58 53 0.31
1094 0.17784828332255195 0.05703465214711391 0.9563027531465053 80 77 70 0.37
1095 0.19977720784480926 0.057355056307929475 0.9570384824041144 48 46 34 0.16
1096 0.14092240318830934 -0.16898699439702491 0.9981382839892551 99 81 57 0.33
1097 0.19438156159718833 -0.006226363275626082 0.9745379602589656 70 71 63 0.3
1098 0.20977940128306583 0.04843063459169866 0.9593388002288529 135 131 123 0.52
1099 0.20931322275026687 0.0818402896317156 0.9522218372634439 154 152 132 0.69
1100 0.33125536369535596 0.0893020864838882 0.9480785355429318 121 121 109 0.27
1101 0.3399780121420271 0.08996539071236477 0.9469103021850925 95 92 78 0.07
1102 0.12365235934863567 0.09344385596952326 0.9551304008372361 105 105 97 0.11
1103 0.16410782657535064 0.04476589867319037 0.9670912159273533 24 27 28 0.56
1104 0.07752203441152207 0.07626796005343874 0.9580757593194279 20 26 24 0.62
1105 0.33496490960751263 0.07234420997944384 0.9518029661685217 123 120 103 0.32
1106 0.20459016657095788 0.07060925943382006 0.9552436174925082 101 99 89 0.84
1107 0.09426198097477698 -0.01788344258331202 0.9777651326968413 144 150 156 0.27
1108 0.11862156503033605 -0.11140092835249125 0.9847810441426883 79 75 62 0.26
1109 0.1244210688616029 -0.10708668100369384 0.9837550015158487 82 76 64 0.24
1110 0.08125234678287337 -0.09085689623139499 0.9907908671159817 194 187 158 0.47
1111 0.1602800666748881 -0.07462679856038089 0.9830766242974579 110 107 92 0.56
1112 0.16564107971489783 0.06340311057833359 0.9557319447333329 126 125 114 0.18
1113 0.33640060686563145 0.08727676586764534 0.9484094593233837 73 75 63 0.31
1114 0.09337579712247196 -0.12958794021444253 0.9856951480338396 90 89 78 0.16
1115 0.11389178726174716 -0.013608881130933373 0.9771256786625472 41 37 42 0.5
1116 0.1994571290095196 -0.13892334330245124 0.9920949239729523 179 171 155 0.41
1117 0.2047502895160685 0.03674695338178142 0.9580705542382055 70 66 61 0.28
1118 0.18671438321643677 0.050356632240645724 0.9610055440013117 68 56 37 0.11
1119 0.25842133518385146 0.05824651141693927 0.9575658163090939 56 55 51 0.55
1120 0.0670164995124041 0.05862861893209244 0.9613679311228337 136 131 117 0.12
1121 0.2074127233220615 0.07593086037223266 0.9533953459812846 142 139 124 0.19
1122 0.11765852682307956 -0.10398075689562325 0.9880204296279652 143 138 130 0.42
1123 0.06779898917385278 0.0910198702677621 0.9559239054070486 100 93 77 0.12
1124 0.08139942160071598 -0.13112035597409563 0.987772564217628 143 138 124 0.45
1125 0.17437806401913528 -0.11847522803283664 0.9874415230146465 136 128 110 0.3
1126 0.1332159214675475 -0.10349962853561527 0.9804293146754127 71 67 56 0.29
1127 0.13336522980295978 -0.10176251370873426 0.9803945784846169 107 103 88 0.26
1128 0.15657260164224898 -0.07788061228833636 0.9828247439137617 150 137 111 0.13
1129 0.18583918952285094 -0.07549680871823254 0.9826064344524318 140 128 104 0.17
1130 0.2592056177201413 -0.07508939820679711 0.9815620973959196 146 136 110 0.57
1131 0.11889504532464405 -0.02036085894710368 0.975658890746682 81 54 39 0.33
1132 0.10337554005511457 -0.018276124198940674 0.9746217732240268 115 110 95 0.35
1133 0.0960057081779754 -0.01749247909595266 0.9770978844219012 46 48 44 0.39
1134 0.07753473729395835 -0.0160953153987192 0.9778516034479237 139 135 130 0.21
1135 0.06276157275341708 -0.014677142635723912 0.9782253069331335 114 112 103 0.12
1136 0.09595256228501081 -0.01605407680456322 0.977236568260067 106 108 106 0.05
1137 0.0972406254115357 0.0005189949739527002 0.9742011860066698 121 112 97 0.31
1138 0.03372229654567766 0.03336921786771334 0.9666134002618322 112 106 92 0.22
1139 0.13045002467169906 0.03327952488219361 0.9673160245098735 106 102 87 0.24
1140 0.08648035554887328 0.04648822630237606 0.9655319902968865 108 98 63 0.12
1141 0.032582472438816484 0.052103119430239084 0.9649760055666259 60 57 51 0.47
1142 0.03458470117664923 0.05222212188555131 0.962586121344972 69 62 53 0.21
1143 0.11889893182313219 -0.11042150572976978 0.9859484760443532 78 73 61 0.46
1144 0.12286825414178866 -0.10575864569591277 0.9824113405256873 76 69 57 0.3
1145 0.04008771261217135 -0.09520491046008063 0.9908592330507314 146 114 42 0.34
1146 0.1873974451448904 -0.10421626731520194 0.9877670953243447 29 25 19 0.44
1147 0.07412744591044226 -0.07828385799524058 0.9853316744505399 110 98 71 0.13
1148 0.15394675443255823 -0.016106115681371876 0.9718261286503933 58 42 22 0.22
1149 0.23286845758085184 -0.005407538356259887 0.9759324526228874 59 51 54 0.76
1150 0.1004730442867103 0.025556700612503324 0.9664044082805703 183 168 124 0.09
1151 0.07672099380499824 0.04086010452244233 0.9647839264219844 98 93 77 0.52
1152 0.06839766948807555 -0.09197344820914005 0.987894776257435 225 210 183 0.18
1153 0.1026044216050385 -0.07977284161886228 0.9840064887918176 172 170 156 0.23
1154 0.11020320504172226 -0.07937722611220607 0.9830955599699888 182 177 161 0.29
1155 0.13261029733501623 -0.015812604031881033 0.9735308789288178 108 112 112 0.28
1156 0.07277753042585151 0.04301337810079541 0.9636837883710213 116 111 103 0.38
1157 0.04585420968370323 0.049721248883762066 0.9683933500666357 32 30 35 0.45
1158 0.20056940170722357 -0.06634659611157989 0.9867388566523191 27 27 25 0.51
1159 0.3662780846038084 -0.07614078980112048 0.9785049095664848 169 161 134 0.2
1160 0.08868984034799786 -0.1265798483943849 0.989089654127466 60 56 43 0.19
1161 0.3005945488235428 0.04475671092420556 0.9554263302130992 69 57 55 0.39
1162 0.30291804409883333 0.047950312102212456 0.9532535142949882 121 123 125 0.29
1163 0.09698545058349836 0.04580368381479327 0.9625079402571943 145 147 139 0.17
1164 0.3038918000377947 0.04089154565042505 0.9564482612070313 82 77 78 0.39
1165 0.09500024019419431 0.0376576003779882 0.9690704586643094 48 50 57 0.28
1166 0.057217795403540925 0.04738322161007896 0.9690197809004837 26 26 20 0.17
1167 0.37895044225347135 0.006165491530917966 0.9702539583915525 82 70 46 0.33
1168 0.3698392123231564 0.060931592403497395 0.9566198944843516 28 28 20 0.32
1169 0.3690753442368577 0.09231234254943277 0.9517181755302868 35 36 30 0.39
1170 0.05093780670358933 0.025753805779554335 0.9724617400534484 40 38 27 0.22
1171 0.2353949773008596 0.031827609275894286 0.9614851834184409 157 141 91 0.19
1172 0.06376698619173778 0.0456158524590668 0.9679792027498461 138 138 125 0.28
1173 0.32677963884494393 0.024439558136683102 0.9645440324112378 34 31 24 0.13
1174 0.18538523495209028 0.03708876931852941 0.9654859340609565 51 49 61 0.46
1175 0.2412129300678847 0.051710570128960485 0.9556454784287127 114 115 108 0.35
1176 0.21587004299110607 0.06495102673554891 0.955666260349396 13 14 12 0.17
1177 0.4595220660812245 -0.047310352687629204 0.8636483861432536 133 134 129 0.3
1178 0.44754445089777284 -0.027226524421121286 0.8939283326703414 55 54 51 0.19
1179 0.1814020275069196 -0.01249555737617416 0.9734913360842854 21 22 22 0.27
1180 0.23160971248739526 0.0236061866848638 0.9692069962459369 25 24 24 0.24
1181 0.35924609109713856 0.08030525409699156 0.9543117436980815 38 41 37 0.3
1182 0.2048196265657426 0.038264431390369565 0.9571564360632396 83 78 77 0.44
1183 0.16621166800432974 0.06503807346996004 0.9558786231781901 129 129 119 0.14
1184 0.17720973975041404 -0.11109718379201354 0.9899583105045002 180 178 159 0.53
1185 0.19130957430548823 -0.1124895073907782 0.9880237231203144 26 23 24 0.05
1186 0.3034172806252662 0.07118143021771066 0.9534188623300289 81 79 65 0.1
1187 0.18850771801095623 -0.02714998975371686 0.9753717084463733 146 144 138 0.18
1188 0.09522653980085465 0.034188305155125956 0.9695730581212216 61 63 66 0.14
1189 0.09252387439074289 0.03592574016566021 0.9681000118256351 91 95 92 0.17
1190 0.48511624425961064 0.052937360907354014 1.0136085356907893 42 50 47 0.54
1191 0.1919362245729739 0.03652193802749486 0.9684020371857559 72 76 76 0.17
1192 0.20016473784204145 0.038750445652270524 0.9598165497331032 150 153 148 0.21
1193 0.450181855439756 -0.05483676079451742 0.8966195770336843 204 204 207 0.26
1194 0.45479046556088665 -0.003094372782193435 0.8581710017632962 58 54 41 0.3
1195 0.11953477336189886 0.05701656729266953 0.9603368545516736 59 56 45 0.36
1196 0.454603869997727 -0.03931120652117538 0.8698664880190176 47 44 34 0.11
1197 0.2919006826949394 0.04233891069732388 0.9606318229216686 75 80 75 0.22
1198 0.45521175393105234 -0.08223704846909873 0.8818237832097499 229 230 238 0.46
1199 0.4492441825432692 0.041751872414564316 0.8812048652276665 46 38 23 0.32
1200 0.44769231833886347 0.044728555480693794 0.8855539414707743 101 98 83 0.45
1201 0.4486263562051795 0.03648322587855254 0.8805534984543357 99 90 74 0.07
1202 0.4572087845262463 -0.08948114783513834 0.8818244884632099 109 114 121 0.24
1203 0.44950010695245995 -0.03457065854575731 0.883365735366401 148 149 143 0.46
1204 0.36303584612021894 -0.11467807338627253 0.9854120942088572 73 71 69 0.26
1205 0.4473608529256751 -0.06970351603471747 0.8846339056723826 225 233 235 0.38
1206 0.16579734867336796 0.05946796066833792 0.9563549025570983 138 138 130 0.17
1207 0.09008140290122954 0.05651584377238067 0.9628781774664491 65 67 62 0.3
1208 0.29905835199613817 0.06199822580043271 0.9528495911935111 62 62 55 0.16
1209 0.3391814023543033 0.06122326678379645 0.951807043554954 106 105 97 0.25
1210 0.24415652276693675 0.08583441619918311 0.9508746569596708 155 140 122 0.11
1211 0.33159464997438887 -0.07665123011800475 0.9761035965555845 169 156 134 0.27
1212 0.2758996417842723 0.05796233808648754 0.9539520161778418 69 68 62 0.07
1213 0.3241559481680495 0.05916933869583707 0.9577511349171128 50 52 53 0.26
1214 0.4592684378678653 -0.08816980299396049 0.8782442719623252 216 219 220 0.28
1215 0.06851843305914715 -0.0053902022788980455 0.9739779497326636 185 182 168 0.38
1216 0.13629356849282384 -0.004587146948468012 0.9710899549516417 156 156 143 0.24
1217 0.24769032372358218 0.03551681162805478 0.9597543373919281 33 25 28 0.25
1218 0.2285531935855671 -0.07611730257179768 0.9788765205721129 143 136 103 0.17
1219 0.0791789252827843 -0.08289922697666281 0.9866001860049362 145 128 103 0.32
1220 0.15455087756787309 -0.019317694581998092 0.9739966440151676 80 44 15 0.14
1221 0.24541698790118877 0.036172492282527884 0.9595976023424034 140 136 126 0.17
1222 0.23447870808437152 0.05432941606407762 0.9562139591340899 56 55 48 0.43
1223 0.30495336477053375 0.06505204709579322 0.9530408314385912 70 70 59 0.19
1224 0.26029215890805724 0.085869004954843 0.9527905338100413 66 69 66 0.19
1225 0.2611076694359708 0.09151301649273579 0.9532376143194378 76 57 53 0.08
1226 0.2684706471948087 -0.11284402340008659 0.9870118252770361 40 41 43 0.2
1227 0.3292857152661599 0.03824060017309475 0.9609658949450621 76 81 75 0.36
1228 0.32962226234880265 0.053233654358074214 0.9535304374595378 87 90 87 0.24
1229 0.2647620023297221 0.08267586674277518 0.9565704485755326 63 53 51 0.37
1230 0.16999818616871548 -0.01288513591834927 0.9718015389367989 176 171 157 0.38
1231 0.35731059094089346 -0.08226765167709221 0.9797640512330478 155 138 106 0.41
1232 0.06272934980903477 -0.04461216617979178 0.9824836935881346 124 126 128 0.34
1233 0.12095568765245304 -0.016884992702939364 0.9724312562242402 73 63 47 0.25
1234 0.06154179340004811 0.023724187385775558 0.9708443441507025 111 108 92 0.34
1235 0.34007481027872827 0.06872937082394845 0.9513988452219534 107 107 98 0.24
1236 0.06746151154770516 -0.007509540458823544 0.9753748966057726 132 125 111 0.1
1237 0.10156805003030325 0.0384111597485084 0.9606101699032322 88 96 111 0.06
1238 0.13684802750923997 0.05319366882073889 0.9552688323422772 84 83 72 0.11
1239 0.10465556098219077 0.05128298932932223 0.9584381427512509 165 160 150 0.3
1240 0.10398771928060409 0.05290161594656568 0.9578115825243839 76 72 60 0.1
1241 0.12433600712105702 -0.022797753574186647 0.974965345150197 124 91 28 0.19
1242 0.13668534576366692 0.09021914702307586 0.9516107174211209 127 128 118 0.22
1243 0.139367250179475 0.06802822825726317 0.9553439709980968 138 142 138 0.22
1244 0.17426938885248594 0.04178724636966879 0.9560470136849296 76 75 74 0.06
1245 0.13066566962447412 0.05313235806908854 0.9551995226663281 63 63 51 0.02
1246 0.13547116346188415 0.054234432163912584 0.955364240334598 118 117 106 0.11
1247 0.3131751837020154 -0.0782948329482979 0.9789332263909363 153 143 112 0.14
1248 0.06851986140069533 -0.05987315938388437 0.9832725232524224 149 136 99 0.27
1249 0.18702425262820754 -0.017812183565584574 0.9752092927016673 34 28 32 0.19
1250 0.19895875103632735 -0.017778009866823322 0.973873574228431 60 62 60 0.19
1251 0.03536354175134204 -0.008647049896222395 0.9765570102566523 135 133 111 0.46
1252 0.188167976171858 -0.0014817703190573152 0.9720860894520738 94 79 76 0.14
1253 0.03015377830238506 0.0333664707847974 0.9663437740147955 150 150 136 0.4
1254 0.07231655391884846 0.03369721593422198 0.9652481673706036 143 142 128 0.16
1255 0.02976055238285664 0.034417397555291586 0.9669037718739172 73 71 49 0.17
1256 0.09911666263463108 0.034703599970266515 0.9640981322805701 85 86 69 0.26
1257 0.13493115381887655 0.03452976937279917 0.9603800663903642 123 121 112 0.08
1258 0.1020131737593553 0.035741554591873975 0.9645512183803643 112 111 102 0.23
1259 0.12970377327226246 0.03630984144608587 0.9614502881859087 102 109 97 0.18
1260 0.21585917321888015 0.04152412329743161 0.9619258064859564 104 104 104 0.24
1261 0.055179853001940185 0.042861415858840235 0.9693958829537065 100 104 103 0.09
1262 0.1629071237713229 0.047586951189174186 0.9634376473311956 101 100 107 0.14
1263 0.2812308878521494 0.05045673360087277 0.9614960734441879 101 104 99 0.32
1264 0.06371162476949499 0.05231350340610685 0.9593770922140568 66 65 53 0.15
1265 0.19778086306720657 0.05260544601393457 0.9542631353258096 110 107 100 0.38
1266 0.2360094785347052 0.05429614775875044 0.954480075863094 67 70 60 0.29
1267 0.12491424284834238 -0.09686116389075215 0.9882264961172941 124 123 109 0.4
1268 0.06381317414823372 -0.013427810764029697 0.9767856433953531 110 107 99 0.22
1269 0.1685375334113532 -0.010144586258749404 0.9727665603467482 124 123 111 0.45
1270 0.1311336960768797 0.02772104001268802 0.9640225380375737 78 57 16 0.16
1271 0.13016681902246796 0.03555373956470832 0.9655082062180349 111 110 105 0.27
1272 0.2794783188261946 0.03543944209517128 0.959066534206787 33 21 19 0.34
1273 0.26446094724548813 0.03636178551051827 0.9586635320360443 128 125 105 0.23
1274 0.20537228981273262 0.04228341957629247 0.9553399734524766 112 115 118 0.25
1275 0.20976003154148487 0.04463541171441748 0.956693489174023 105 104 105 0.37
1276 0.17257267067633114 0.05213750114832045 0.9547052311637614 118 119 109 0.19
1277 0.20257616620876415 0.05517777519706598 0.9546554026530554 106 101 88 0.14
1278 0.1319570091290402 -0.021961573040622365 0.9757688117264802 130 128 113 0.42
1279 0.16662246971936973 -0.012555661933594362 0.9731332951557393 132 133 120 0.08
1280 0.18095322949307655 0.004686588740865369 0.9712460712221087 47 42 40 0.29
1281 0.13587495601451485 0.03584797370537778 0.9595809244010637 75 78 82 0.2
1282 0.19843274618597564 0.035699024177680345 0.9664817239285929 26 25 16 0.22
1283 0.2482765903167026 0.04525811733174452 0.9575391682575202 37 34 40 0.52
1284 0.21650764860430416 0.03825837447413473 0.9609165366657458 38 33 38 0.22
1285 0.13100326294967352 0.04665244541765073 0.9596032408594543 151 161 163 0.26
1286 0.15696162668707994 -0.0062451524684253735 0.9738724421565338 93 96 88 0.48
1287 0.1301453338053943 -0.016981836193113463 0.9739673622373151 136 139 132 0.28
1288 0.4587118702531216 -0.033239805423211546 0.8628657776491916 53 56 57 0.18
1289 0.09315619117268296 0.0002660174076025374 0.9751248194794642 108 112 112 0.14
1290 0.12123179732988051 0.03768762155834021 0.9706459586524527 54 54 57 0.31
1291 0.06168936531601075 0.04037851515963682 0.962511542675876 145 143 136 0.24
1292 0.14546380429079647 0.056956955492767435 0.957167288119789 89 86 78 0.39
1293 0.17033980073549426 -0.11612149634801013 0.9904218275768862 99 78 71 0.14
1294 0.04276532350176719 -0.09031377551327419 0.9901115703804031 198 184 158 0.24
1295 0.12997331212438326 0.030059116526717965 0.9630949060802672 86 65 36 0.22
1296 0.27175676794326975 0.03753767100425923 0.9515598213533538 137 126 115 0.19
1297 0.18255669228298707 0.04454544001838141 0.9601404439099338 168 147 102 0.18
1298 0.199794977777453 0.05011661929685208 0.9573419650142309 125 126 119 0.16
1299 0.10123777860041139 0.05112075283260575 0.9597849232132478 130 124 116 0.23
1300 0.19464742146693095 0.05285012488819504 0.9603649701273179 61 49 40 0.29
1301 0.13063633872264188 -0.0020257838643847987 0.9707631020176396 121 129 131 0.22
1302 0.2541036022254093 0.042119557460377904 0.9618528217218583 104 104 112 0.2
1303 0.2517076299547036 0.05851018104538751 0.953351381794426 49 49 46 0.31
1304 0.1435164984130946 -0.1077115402351068 0.9864328373938148 218 212 179 0.66
1305 0.17764161540785126 0.02371058438407329 0.9684624511398896 215 195 122 0.19
1306 0.3151818908013422 0.06401688215397806 0.9557169445024927 18 20 16 0.45
1307 0.19619658941318557 0.037232698510899935 0.9657999695005571 39 40 36 0.24
1308 0.29748127091368765 0.038157195379817994 0.9622189474331408 103 109 104 0.29
1309 0.11343466026668841 -0.015861734413691275 0.9749748644326134 68 78 85 0.18
1310 0.10284646887622936 0.039848300720375186 0.9600941109653827 99 112 121 0.26
1311 0.14069312893941047 0.041003593627864335 0.9588695808383968 135 135 124 0.35
1312 0.1289923052864545 0.04497493843598618 0.9640912318339475 44 48 52 0.12
1313 0.05163339139834796 0.045545140974574495 0.969622410484748 104 108 106 0.09
1314 0.16511250830539867 0.05217596680043558 0.9564051625344768 109 110 100 0.19
1315 0.09225032620999907 0.05480997594653022 0.962567481453647 78 77 68 0.17
1316 0.15029459510530827 0.07998194603818178 0.954844166469867 85 87 80 0.18
1317 0.04350685756077444 0.08073749271237919 0.9647164809727825 48 46 49 0.17
1318 0.20802030465599278 0.09582857053505103 0.9494418013100816 39 42 40 0.37
1319 0.060744991546306255 0.041408859696355264 0.9685211627250139 35 31 33 0.27
1320 0.04970969472177436 0.04166130363043646 0.9697686580906895 34 33 42 0.14
1321 0.33686032483431977 0.04299531216551993 0.9553409428611301 90 94 90 0.15
1322 0.060248767385904775 -0.07201828484063302 0.9863600524754643 33 32 27 0.33
1323 0.3136596705127345 0.02522552122427585 0.9642668715663034 36 35 34 0.28
1324 0.03395664969802577 0.08822151353647192 0.9583492482271939 85 82 67 0.16
1325 0.131663830919024 0.03764480057389013 0.9618496532565523 140 146 131 0.39
1326 0.11296126502784959 -0.01999006278478595 0.9759723370785903 114 89 62 0.48
1327 0.06377828399121106 0.03231101375489597 0.9657139145081077 98 101 100 0.15
1328 0.0732208717407447 -0.01302843907406501 0.9737004726330373 145 144 142 0.29
1329 0.21100745068202048 0.031238107337595876 0.9622878471668443 143 132 79 0.16
1330 0.4558706723199666 -0.0004496055925348688 1.0080408882921215 141 144 136 0.62
1331 0.44288965356995 0.003375258962938347 1.002085522648282 32 36 32 0.74
1332 0.13868563698264055 0.04976887160559026 0.9562115150989591 92 94 84 0.26
1333 0.09271367734323456 0.08262415552914087 0.9581069464738347 82 78 69 0.43
1334 0.4226301694589508 -0.014167578372671767 0.857255367968196 96 100 101 1.19
1335 0.11027021401716552 -0.013449569425899187 0.974609158208205 135 140 125 0.29
1336 0.12216156937108025 -0.015449961774568526 0.9740300330820097 78 71 72 0.43
1337 0.062026450053406006 0.027556335858149178 0.9717753473966495 108 94 77 0.23
1338 0.10154201681902061 0.03371355474902394 0.9625266814242687 125 124 121 0.26
1339 0.13564570593944694 0.044813617629052914 0.9550571270940731 65 66 67 0.19
1340 0.19894344226989233 0.04695460940005317 0.9621391067363545 84 69 45 0.22
1341 0.20781183949053347 0.08990278101521942 0.9517719592003632 153 143 119 0.39
1342 0.08089761118488385 -0.026982560804229356 0.9786837039799882 42 39 43 0.18
1343 0.04620834714481225 0.04072560119254746 0.9705959536817949 20 21 29 0.11
1344 0.11832961077921587 0.04277335499262066 0.9653507414746036 30 33 43 0.26
1345 0.313696660874039 0.05895356888579944 0.9539382663621512 45 50 47 0.17
1346 0.05159081226978235 0.002882701638318029 0.9769394078308185 58 55 65 0.16
1347 0.3363222812582473 0.051863593821624976 0.9504064051602547 103 108 107 0.45
1348 0.19499001658435594 0.06031705154032253 0.9602137095017211 66 70 67 0.31
1349 0.4479632440933627 -0.012011874375023204 0.8899901166026766 121 121 115 0.24
1350 0.09575602025908472 -0.001563890099918197 0.9748532727822656 59 53 44 0.13
1351 0.32803281910255305 0.045709198198706655 0.9599506140024939 64 67 68 0.32
1352 0.05746537185727426 0.008211818198540607 0.9805667164526352 121 131 138 0.18
