# 3D point list with one line of data per point:
#   POINT3D_ID, X, Y, Z, R, G, B, ERROR, TRACK[] as (IMAGE_ID, POINT2D_IDX)
# Number of points: 1316, mean track length: 13.42
0 0.06773313461551306 -0.054516709611082334 0.7890192663455714 102 94 83 0.57
1 -0.040676293603435075 0.1822162985475474 0.38759634852745356 24 33 20 1.0
2 -0.2631094982214792 -0.006129487964322386 0.5446263138374247 88 84 82 0.72
3 0.5632597489812211 0.04668510243642464 1.167547266937282 67 64 68 0.88
4 0.3581445339997429 0.21191965219954464 0.9167391161419983 63 58 57 0.46
5 -0.39593153338026194 -0.1562856724362266 0.72840372024438 127 105 92 0.68
6 -0.0624998574737162 0.20239647918694537 0.6270808004363113 115 88 63 0.75
7 -0.16266832603137243 -0.15442524124282955 0.6758269387217084 164 171 180 0.22
8 0.30053422080314834 -0.15395909668175164 1.0160207952597116 40 34 32 1.07
9 -0.15714450755984274 0.12037425331908243 0.6028944543486737 9 8 9 0.37
10 -0.05039128736105154 -0.06648470870216969 0.7192712800890049 12 13 14 0.61
11 -0.04060009826898901 0.08559754603709005 0.7020558418151561 101 107 111 0.6
12 0.41429287962898115 0.24338988308077975 0.6033581634407683 83 62 60 0.74
13 -0.17251017221359666 0.06262844202997112 0.6054409124084148 151 159 168 0.5
14 0.07480048109157765 0.0689205653028928 0.7538225249005645 115 101 88 0.78
15 -0.20432027008209105 0.03127822271220167 0.5741552108770043 119 116 110 0.28
16 -0.05982918596165652 0.012038645168112365 0.6848085305564552 139 136 130 0.52
17 -0.26642872561781905 0.10494005501447223 0.5009720985851448 102 95 91 0.67
18 0.1494511920942677 0.1882116088843261 0.8071559546175787 90 82 86 0.99
19 -0.01235414306095468 -0.07708370277059938 0.7672988356801896 56 68 72 0.56
20 -0.30982820285956064 -0.256800605923013 0.6281047751938468 101 91 82 0.52
21 0.4113432954547562 -0.12047855281748268 0.9198605979809722 34 28 25 1.3
22 -0.1931168432473685 0.1103374448450886 0.5836898086166571 23 22 22 0.42
23 -0.25898649608714575 -0.04276431635382306 0.5594070168037464 123 116 112 0.63
24 0.005151962763899705 0.0353295922396891 0.7248972525328274 32 22 18 0.66
25 -0.09274354167532538 -0.03964637032085944 0.6781314375296683 109 99 92 0.39
26 0.1457777448210039 0.20783788559488436 0.48744948396614746 30 24 24 0.56
27 -0.25864670400450684 0.15361287195999032 0.49716486015360184 98 76 69 0.45
28 -0.03050741010265386 0.17425181278410204 0.6566175638146831 45 36 30 0.74
29 -0.2555348294093027 -0.028508194707820872 0.5592404356577252 121 115 112 0.64
30 0.14542969758804145 -0.22943271733671686 0.671906264787601 160 174 182 0.69
31 -0.43375811819274496 0.08842059508178153 0.732850309385901 32 22 16 0.9
32 0.3215259560433656 -0.1575393281263159 0.784168307924463 51 48 47 0.81
33 0.05904899969380514 0.1838384298392793 0.40772439685109807 34 41 23 0.85
34 0.1567103970517271 0.05610105183384195 0.8400536131211732 78 63 55 0.82
35 -0.02289871255731226 0.03192973167918741 0.7081260403804097 17 10 9 0.55
36 -0.24012743800264166 -0.0009324722539412436 0.5587258173084494 99 87 86 0.42
37 -0.2654247210133286 -0.22511516206711427 0.6030456911503024 142 135 124 0.55
38 -0.2585920141414056 0.22448976058515707 0.4914750976367308 74 59 50 0.95
39 0.4726484395368155 0.25013084841469374 0.6990667062645077 34 29 38 0.6
40 0.021854404307168483 0.18284247165562684 0.37836854916931373 44 57 29 1.04
41 0.4122482411474684 0.23052519867172555 0.6694739138115549 23 23 30 0.19
42 0.38505365329361985 0.23174566478407382 0.6622297147078555 21 24 31 0.26
43 -0.0468134513346242 -0.08292017998060633 0.7427075233503297 54 60 67 0.5
44 -0.12268295438486189 0.015107413987139768 0.6425839278657534 127 121 113 0.53
45 -0.020396167891398986 0.17944987395054082 0.4026131544610871 82 79 71 0.83
46 0.14466448336523202 0.13797705617409067 0.8225366728888107 91 91 93 0.68
47 0.07705729277516005 0.15958058505653028 0.7258914483455879 98 92 88 0.77
48 -0.10525697557591714 0.1755105474095601 0.36885559572163107 54 48 52 0.42
49 -0.26755816711280955 0.18578410872338022 0.4828278376239599 121 95 86 0.77
50 0.21128849358065982 0.19748170465721607 0.5774526339825046 60 53 55 1.12
51 -0.09627222242683807 -0.031902339003136895 0.6739956894190555 121 113 106 0.53
52 -0.19013653171519224 0.0850351495002732 0.5897441881653924 154 170 182 0.48
53 0.6995273001834853 0.16253440922231696 1.2239690049175147 7 6 6 0.7
54 -0.18280502154816122 0.14980853902930333 0.5501484584087015 37 31 27 0.53
55 -0.19223249664775058 0.12852532407613199 0.575982375721428 6 7 9 0.51
56 -0.11762291450450307 0.14782088795346032 0.3776141471843692 51 41 41 0.9
57 -0.2526233181803804 0.17839207091112258 0.49636533045288656 116 98 82 0.41
58 -0.2590645053114069 -0.0410517622681496 0.5566194665213231 52 52 55 0.66
59 0.38012449730839193 -0.36054333249138254 0.881060990707427 122 145 161 0.73
60 -0.04056789843561607 -0.13136627782676188 0.7530261173127522 121 129 134 1.16
61 -0.17992704023479664 0.1271339023332704 0.585446211099296 8 11 10 0.51
62 0.3289021367709021 -0.16153404400257926 0.7919415315581642 125 145 158 0.71
63 -0.018166446181186326 0.18212881379278584 0.38053727241321894 47 60 35 1.37
64 -0.15486534207280156 0.01817277942184257 0.6254865584387838 33 28 27 0.45
65 -0.21535929561243983 0.0024358811566881494 0.5726032359312045 95 92 90 0.39
66 -0.14939966847993202 0.014573726285969833 0.6257565750526453 12 7 7 0.41
67 0.02544630603105837 0.15302198011638052 0.7047304333485519 104 95 86 0.89
68 -0.17028923399560003 0.13615341790747315 0.5890205744768316 158 171 183 0.72
69 0.02964459755490441 0.18429979181665657 0.38159042682154753 14 15 8 0.97
70 0.10767608846902718 -0.17368743134876544 0.6937756637467969 187 202 213 0.68
71 0.06900840343093327 -0.1420947588080885 0.8176947714857743 21 14 11 0.85
72 -0.011274544558003393 0.17793378759292172 0.3856894294922315 71 86 53 1.03
73 0.2884869766022277 0.2141095640418235 0.5845327550853043 30 26 32 0.18
74 -0.027435036399091842 -0.13105860589413662 0.7683278599478109 134 142 147 0.83
75 -0.13495121543841018 0.20384628663444684 0.5713887560003803 121 98 77 0.55
76 0.10389451279682273 0.15186942452478341 0.7828236447029797 47 55 59 0.76
77 -0.039597426905766064 0.11015517230737992 0.6924699927813088 98 105 114 0.75
78 0.12570158335192114 0.1568750008586626 0.8114001366703798 87 94 98 0.86
79 -0.059434941675864994 0.15474813290715006 0.6422705870837183 127 120 108 0.56
80 -0.4072549085096727 -0.02731523549366893 0.7196521360081831 148 141 137 0.28
81 -0.1728072442590261 0.012641321087225618 0.6129029514606443 28 23 21 0.52
82 -0.11179191605924314 0.17357043930536536 0.3647631956613319 65 49 48 0.67
83 0.40259842265225987 0.241411142017582 0.6507291251904358 38 34 41 0.35
84 -0.21120890537514297 -0.16023866524479877 0.6358375232366076 148 166 186 0.27
85 -0.19775647169763055 0.15700486262805238 0.5412594747504827 102 92 86 0.46
86 0.13830395247383928 -0.10389595964870223 0.8873774100941368 31 26 23 0.6
87 -0.1274453080559976 -0.01786833692796855 0.647970449362296 120 113 106 0.64
88 -0.23473587508915653 0.1901700268480739 0.5194078128603954 117 95 78 0.66
89 -0.17579838484513433 -0.15441546443980228 0.667823765735741 60 66 75 0.25
90 -0.16516665799461921 -0.13648796646211175 0.6723911524261099 20 24 30 0.21
91 0.002149236607954805 -0.02019408530536651 0.7422729648231172 136 132 123 0.56
92 0.020434237286896445 -0.23999981920459718 0.7931559509868257 13 10 12 1.18
93 -0.028206149668689003 -0.15384494784716368 0.7749408504381908 142 154 160 1.0
94 -0.23968223934713787 0.07462242294518999 0.5354259340126122 116 109 104 0.37
95 -0.16700710693686655 -0.09936646700821421 0.6646269105099328 10 13 12 0.3
96 -0.26442485791902565 0.059654789509390196 0.521469244023837 130 122 112 0.44
97 -0.24983699889797073 -0.14687646852023942 0.5923283808303955 156 146 135 0.52
98 0.12827780999431332 0.11030837302754856 0.8245746969652702 84 90 91 0.96
99 -0.0023907577609550462 0.09018861943378093 0.7246159992416359 147 156 166 0.89
100 -0.03140295360536037 -0.07973669525678063 0.7458698522489419 56 69 75 1.19
101 0.2913959834615452 0.1906563413928294 0.6819792783865851 103 98 100 1.02
102 0.5682839591003656 0.12905837738124018 1.1349595937186305 46 44 46 0.73
103 0.037870425633226255 0.17869784058645297 0.3839809861705401 34 34 21 0.65
104 -0.15413634720258793 0.06562393809231824 0.6214141952972705 171 184 197 0.38
105 -0.04157745381616439 -0.025479516125990753 0.711347593741516 119 113 107 0.44
106 -0.1985644082525754 -0.1590071849937296 0.6538195983206152 89 99 107 0.31
107 0.08526920786991514 -0.023991446693802248 0.8066986659091625 75 65 54 0.57
108 0.5760815454400433 -0.003375430919965822 1.1966221000137218 17 10 9 0.95
109 -0.17906047821211887 -0.13212041879036396 0.6590772270203543 168 186 200 0.25
110 0.24919722700828772 0.21666125550370882 0.5427079336840708 77 72 77 0.43
111 -0.13736814466831826 0.051416533632579885 0.6219816297690871 138 131 120 0.27
112 -0.004821012945555234 -0.05076433689846222 0.7588555465240752 166 174 184 0.56
113 -0.20137691293085214 0.10268881463770257 0.5560667845840551 91 90 88 0.26
114 0.3173588157490533 0.1974309903897488 0.9282334151813993 83 81 79 1.4
115 -0.0930437933879068 0.10510940343671826 0.6366825321833424 56 42 42 0.67
116 -0.17547914780051144 0.04034728631398331 0.6104189184598788 7 5 6 0.58
117 -0.2347367595867668 0.07983518379393828 0.5387145551361293 124 116 105 0.38
118 0.34632286059577905 0.21842962843818256 0.9367241202374161 36 29 28 1.17
119 0.04821896452775924 0.0907396752645987 0.729413313392078 111 96 87 1.06
120 -0.16715018862026526 -0.1457562494322963 0.6715404853310142 44 68 115 0.21
121 0.4334350109765336 -0.13871479868865083 0.8740179570972322 92 88 86 0.8
122 0.298709221426563 0.1680439734535 0.6831514229000596 67 69 79 0.85
123 -0.27805719445649857 -0.1733231389246861 0.5800231815689251 157 158 152 0.44
124 -0.256662799164016 0.05273879669142154 0.5335860365650914 100 94 89 0.62
125 -0.006927442787136232 0.14226197108762512 0.7198556320859353 129 137 140 0.63
126 -0.1256923240831763 -0.18564252466266382 0.7011883829360469 128 116 106 1.0
127 0.05057622690474307 0.06049567518975716 0.7332608541072214 120 107 99 0.69
128 -0.05631472521445364 -0.06141005893946633 0.7104477794331111 100 99 97 0.74
129 -0.057174770756794155 -0.10764038708802004 0.7248708580095113 66 67 68 0.49
130 0.06637945121672952 0.024532752215070897 0.7638224923337956 133 126 116 0.72
131 0.3734508177792309 -0.34853683221612736 0.8894210316672316 61 58 54 0.67
132 -0.04898334328745657 -0.17789621542098186 0.764700608396332 29 33 34 0.46
133 -0.2139053698429995 0.16801596554152207 0.5293625490663723 131 118 108 0.49
134 -0.28013533700715226 -0.13469552429286533 0.5730973932225625 163 159 149 0.56
135 -0.21338463728989454 0.042077152056585666 0.5631979574349254 65 48 51 0.3
136 0.7054329349535481 0.15082811740499713 1.2253123798868375 107 101 105 0.87
137 0.04413661707266947 0.1808912783476601 0.44362325812921516 26 34 21 0.53
138 0.37159455626882404 -0.3519704883061454 0.8848821347398357 68 70 72 0.7
139 -0.20910527577272695 -0.21228758554489732 0.6499760771959304 14 11 12 0.54
140 -0.04346165063369298 -0.05915048411519499 0.7328729034434737 157 174 187 0.43
141 -0.21298351901363946 -0.21843978454958018 0.644371635163404 79 82 79 0.43
142 0.520160947247429 0.010857699871578594 1.133452998390778 173 190 199 1.4
143 -0.22527209354694488 0.19298593350338522 0.5285971942658992 96 70 62 0.78
144 -0.23854846161155047 0.16013259597918494 0.5170714472310901 81 64 62 0.55
145 -0.1043969003784021 -0.03731391183518843 0.6684131129108876 130 125 119 0.3
146 -0.008056050671451025 0.17620648371649658 0.6212459741033666 41 36 38 1.05
147 -0.1554480501963781 0.041210509087350244 0.627294162842762 152 163 175 0.5
148 0.1751025365515577 -0.17628684668212283 0.6737007139033316 103 112 120 0.86
149 -0.2465171281952771 0.01500567740214089 0.5533720565472567 122 110 99 0.52
150 0.07040419218059596 0.12424651077328756 0.4582619876582594 24 32 15 0.65
151 0.02718142182285603 0.11516877898558582 0.7135490009899224 35 28 30 0.72
152 0.4314221593020658 0.20893855399844963 0.8095166083266487 45 48 52 0.59
153 0.133141312900225 -0.1588946400280313 0.6693585159477328 79 71 69 0.67
154 0.20625340719026966 0.2135363624370748 0.5593856560013356 100 91 93 1.26
155 -0.11620504810899672 0.15487856303855868 0.37322897055086934 42 33 35 0.9
156 -0.2148034634537738 -0.007745090920907315 0.5792775383757086 126 118 111 0.49
157 -0.190480916335626 0.10901649600533295 0.5859814047145104 134 145 159 0.45
158 -0.05336333204449879 0.05613025908658252 0.6775257793599948 131 125 117 0.6
159 0.5486451891263072 -0.21268819379026496 0.9757008182097682 69 73 75 0.62
160 -0.1441643715443567 0.15427071511504342 0.36257061323261897 64 51 51 1.44
161 -0.04059026600666714 -0.10958937634475975 0.7529288234658364 165 182 192 0.57
162 -0.15072013652375332 0.08732421383471892 0.6124546327515061 166 179 191 0.34
163 0.1200345226747951 -0.03267415207998375 0.8543185411518398 73 73 75 0.74
164 0.5637398643258401 -0.002599658931313535 1.1900858782235184 60 67 75 0.82
165 -0.20062380257858606 -0.10935118364225943 0.643551878063208 15 22 27 0.18
166 -0.101051767196173 0.17085884509272303 0.6055257704228781 137 126 114 0.26
167 0.04765110729856259 0.18239298868862167 0.3854919254682489 71 75 32 0.93
168 0.5067365197251955 0.2529715436317528 0.7525134367106837 25 30 37 0.29
169 0.13405551217738398 0.16602144433171945 0.46866215199163125 56 54 54 0.74
170 -0.021833212940081417 0.15963646408167756 0.6981893680571771 126 138 143 0.98
171 0.40919185674878844 -0.12192653915868297 0.9280654295777786 30 23 20 1.44
172 -0.20273214801790335 0.05750159042419478 0.5869969238151427 115 123 129 0.4
173 0.06597833766938495 0.1450758465862968 0.43932862617631335 25 29 22 0.79
174 -0.0473966489725255 -0.06972416586976647 0.7314883743161384 42 58 65 0.42
175 0.07039188297704159 0.17808485307107136 0.7225819908599759 71 61 58 1.31
176 0.4429561316469444 0.18933134870612717 0.7956808440204466 56 57 64 1.0
177 0.07416618101219445 0.0972336862334845 0.7449722583924598 113 97 83 0.73
178 -0.08580586313616985 0.14634416678348885 0.6294098617670799 119 106 96 0.66
179 0.4669585522048295 0.08401091199947233 0.8334844045686594 109 115 125 0.76
180 0.18074298639663086 -0.18260952773961822 0.6785876154625872 46 41 40 0.65
181 0.1797030634058518 0.03705481961159562 0.6163379820002598 86 84 86 1.37
182 -0.20936831234044453 -0.07333262578425671 0.6018254615670349 42 36 34 0.42
183 0.14272594177089445 -0.02572849411030556 0.8627184613208303 78 80 79 0.91
184 0.14171530860891218 -0.2530409028408498 0.6781658070414038 100 95 94 1.45
185 -0.18961815139974048 0.1781703811291931 0.5397516317446901 107 81 67 0.44
186 -0.2534249429700914 0.16625872602085162 0.49849103660681465 122 109 103 0.55
187 -0.22536771752482648 -0.01928095956412228 0.57509946089161 133 126 118 0.4
188 -0.03125835625563539 -0.09688283417310344 0.757366535756461 55 71 74 0.83
189 0.5941297985501264 -0.09180829260987927 0.9914239140685027 68 68 73 1.13
190 -0.1465294698172214 0.14275061109732773 0.5963288585250736 128 132 135 0.61
191 -0.16060083534746142 -0.1169385854829511 0.6697100803945367 196 212 223 0.24
192 -0.026193037657193576 -0.05570874870024807 0.744913134298639 166 179 193 0.59
193 -0.07409927585174832 0.17883366619943278 0.3909944763036298 56 50 53 0.81
194 -0.46795930638296684 -0.00994501646563676 0.8047753578700442 51 35 27 0.38
195 -0.11811994265561 0.15000069558219026 0.5984897940717865 120 114 109 0.67
196 0.1330834588597983 -0.0760391435400897 0.8787581327292595 15 15 15 0.8
197 -0.159249887994857 0.060136194639446125 0.6206951502690357 4 5 5 0.44
198 0.5115005054425876 0.09614860859472472 1.0880669360629698 72 73 77 1.2
199 -0.05031283990125192 0.17093713879174643 0.6421210486723675 94 87 78 0.62
200 0.6849531028679859 0.07693732603357815 1.2138051967580183 88 76 78 0.62
201 0.41152846919557456 -0.3397273506147916 0.9020859755382359 120 139 152 0.9
202 -0.055663875490515054 0.16768010024768226 0.4197941152551974 37 34 34 0.51
203 -0.22079998567959963 -0.0726443672810553 0.5953139746257272 143 136 126 0.31
204 0.16718665279005288 -0.1606347173579783 0.6707293108097236 59 56 57 0.53
205 -0.16014893397718233 -0.07976931019561524 0.6592248893397403 192 207 218 0.62
206 -0.06018927451284201 -0.15387838352110025 0.7331294418761294 141 133 121 0.81
207 0.48008473296261767 -0.13918360608330835 0.9135184661134185 105 126 141 0.63
208 0.032521784656932846 0.17432358653279142 0.6947736895636669 29 31 37 1.21
209 -0.23328386815735247 0.1522739180979031 0.5204185347320234 122 113 109 0.6
210 -0.14740643048289487 -0.010514461360535382 0.631473356456919 135 123 116 0.6
211 0.35577300808857903 0.23519850302089926 0.5607509440824647 45 36 37 0.82
212 -0.21114811809290235 -0.13443640071140897 0.6248148266627364 61 62 70 0.33
213 -0.028512675593983444 -0.06741929289965536 0.7522415266390143 53 66 71 0.6
214 0.0021226706784406115 0.16765678564642164 0.6987458614724376 110 99 100 1.08
215 -0.11083272737269849 0.02267142304520277 0.6491335625006269 133 125 118 0.62
216 -0.15315790325274944 0.15553998270305633 0.5733431203289777 37 30 25 0.55
217 0.262980984452768 0.21995673394617374 0.5238872623710243 22 23 28 0.68
218 0.2634466041886105 0.2129435030795803 0.5324327051797296 72 55 59 0.33
219 -0.2552405196975558 -0.24183715523247734 0.6154938558467086 82 81 83 0.45
220 0.4959674994564839 0.26197821767481655 0.6972178415749877 26 22 27 0.79
221 -0.19737145870461129 -0.13563491341546213 0.6498290781616356 182 202 217 0.41
222 -0.21071051888358883 -0.1626836798038658 0.6397005455567035 192 183 159 0.44
223 -0.24192812035250957 0.16441415671764087 0.511652979415951 106 87 80 0.9
224 0.02347072925764812 0.17551016591050736 0.39638061570178085 69 88 38 0.66
225 0.13804633843648606 -0.15001934476085868 0.8950612289622557 16 14 13 0.58
226 -0.2558861454919066 0.12050559183173505 0.5095408835009899 108 87 79 0.47
227 -0.2525978120979453 0.13961691439930193 0.5060319749458702 105 91 84 0.45
228 0.02595510978783507 0.18380000631774412 0.6753253601245769 30 26 26 0.55
229 -0.008312524866053873 -0.10535705942501686 0.7727451453025312 168 180 188 0.63
230 -0.011919091331319258 -0.06395466871107754 0.763174688743627 43 46 48 0.81
231 -0.16358170264947675 -0.042390918912588026 0.6307257210696497 104 97 93 0.67
232 0.05173617320250755 -0.06756223362081575 0.780071615972838 93 75 68 0.71
233 -0.12644657796765418 -0.17857357038084573 0.6970863033372197 126 118 110 0.69
234 -0.22011404741552518 0.19946414366223547 0.5269197182098302 66 52 46 0.99
235 -0.12294309987842834 0.20594190234591747 0.578467343813682 118 104 90 0.92
236 -0.05907497172203501 -0.19010465193379128 0.7450756880259574 26 20 21 0.67
237 0.044522360190397535 0.18102832025411053 0.3869710802524306 35 47 21 0.73
238 -0.25566397154807197 0.10609369555306176 0.5119636773848092 105 89 83 0.53
239 -0.04193099213199391 0.13411736553039857 0.6883083338303169 80 87 96 0.92
240 0.32663097851372086 -0.1594446842984836 0.7918171537430707 66 71 75 1.23
241 -0.040691047197571203 0.1332645533177979 0.6933596669639398 128 138 146 0.83
242 -0.16390537692961984 -0.10519393710822818 0.66741473048395 155 164 171 0.37
243 -0.026706368062731304 -0.08043939504318362 0.7576380036909707 124 132 139 0.71
244 -0.24420608204116565 0.035203742038040886 0.5491022008488228 106 93 87 0.38
245 0.40514015190081976 0.24555819721440683 0.6276460945301365 30 26 30 0.4
246 -0.05747019981485662 0.14107933881211876 0.6456844476209258 118 109 105 0.61
247 0.10105092423046695 0.12989508470167654 0.7806618132436358 75 80 88 0.9
248 -0.232363712524492 0.15985666581260968 0.5213401703718763 105 83 79 0.4
249 -0.18065622939770903 -0.10744653178325941 0.6575240402548309 148 162 175 0.29
250 -0.21683448044362483 -0.02819725529077212 0.5842655054809329 129 123 115 0.21
251 0.5744463647535107 0.06469634984887257 0.9690684989047872 69 66 67 0.79
252 0.041545624352141805 -0.0760610578327076 0.7767399634946012 124 108 97 0.76
253 0.02222042831318914 0.1737325118985824 0.40563819352261093 82 107 59 0.6
254 -0.23157389115948146 -0.009235165472368367 0.5661887700941414 126 111 103 0.31
255 0.019556848411565086 0.17950567522037436 0.37890191796147327 54 38 29 0.69
256 0.5810012789897859 -0.11530467264872277 0.9825948540951055 56 50 52 1.01
257 -0.19329820846223356 0.036146810373138376 0.6005000135646729 55 57 62 0.38
258 -0.21455099564744162 0.10681385356617563 0.5442027525481544 134 125 116 0.53
259 -0.2284895832024318 0.041864094649226365 0.5552124154208492 125 118 111 0.32
260 -0.19409551070565495 0.002617353105105691 0.585542846349812 84 71 67 1.3
261 -0.20821123279193818 -0.09976809346883765 0.6379747709818389 11 14 13 0.22
262 0.07555640065497829 -0.050172810306630206 0.7921472338712126 80 72 63 0.53
263 -0.10746573886060963 -0.02387592367190032 0.663090899812814 135 124 113 0.47
264 0.04894499043108039 0.1778063708489676 0.4093632249833107 50 66 34 0.65
265 -0.19654750125835754 -0.08617056027410747 0.6355854425599371 171 190 204 0.47
266 -0.4391301478575228 -0.14422332700619667 0.7907273044391371 17 13 13 1.3
267 -0.07536684974429066 0.16813533515263224 0.6299701678468399 120 113 102 0.77
268 -0.22078665394996222 0.06233551722431061 0.5527705513481946 125 109 102 0.36
269 0.3058675690795687 0.22060107519750455 0.9112776562174705 37 38 45 0.96
270 0.34405971874746044 -0.14857852058071697 0.8022564965117712 63 56 56 0.79
271 -0.1592577017798373 -0.13227374956353535 0.670872502099426 178 194 208 0.26
272 0.6133340078554299 0.19360708335835944 0.9171458738495539 155 163 168 0.96
273 -0.000592934705730098 0.18333075421124723 0.41952440601791174 50 49 36 0.54
274 -0.24388949773247268 0.13151538193121037 0.5135592298104865 108 97 93 0.46
275 -0.06003329394682612 0.1850382361208081 0.3901408630855249 63 63 46 0.73
276 -0.19886609225760551 0.12145273032788927 0.5710301436951842 7 8 8 0.49
277 0.055710064320592965 -0.033895677637247955 0.7661564220756906 76 63 55 0.81
278 -0.2568808744575946 0.17525162446702264 0.4910965130858325 84 61 53 0.64
279 -0.22639091452143728 0.14105125098098217 0.5296514046526142 111 90 83 0.24
280 0.00045007082112707465 0.11517891110620872 0.7138757939695518 110 110 116 1.06
281 0.1491546585214154 0.18328609723313047 0.8107234209789727 154 160 161 0.95
282 -0.16793492665121565 -0.11269866698894147 0.6673002353471273 13 20 23 0.29
283 0.4259937778788494 -0.3308052181721767 0.9120584302006205 131 153 166 0.95
284 0.3820052333642743 0.23373967512334165 0.7032797414209132 66 67 73 0.17
285 0.08697237096823518 0.18175709717921337 0.7695837895525456 90 83 75 1.59
286 -0.22087279387897052 -0.13096366591932979 0.6088930754516955 72 78 83 0.37
287 0.575365035443346 0.11322313396498004 0.9551615260325149 68 62 62 0.75
288 -0.2086990303789788 0.10872447009217197 0.5463697797489405 108 95 91 0.53
289 -0.1874998829721332 0.06019774223970787 0.5982276252694056 129 135 140 0.6
290 -0.18067642316261648 -0.08440991548988429 0.651339374995998 172 191 203 0.59
291 -0.1000658407962765 0.03933658211260374 0.652793347969788 132 127 121 0.43
292 0.28823622874455 0.20401750376449276 0.669000871481407 99 92 93 0.76
293 -0.268484712867588 0.08575163829911378 0.5077876802531421 120 116 109 0.6
294 -0.24640048873860582 -0.1366548547913734 0.5924942723993871 152 145 135 0.41
295 -0.21407053273753268 -0.13472127845078882 0.617744476692883 131 120 111 0.34
296 0.04283623577792026 -0.03797849093788545 0.764501582731581 98 82 76 0.8
297 -0.18890546502507258 -0.09529464551868692 0.6486305153610443 12 14 13 0.22
298 -0.11365717926102942 0.1354016634104677 0.6095829071933732 135 127 116 0.7
299 0.39489426035241154 0.22915459201614125 0.6130261601047893 21 24 29 0.96
300 0.6298200881961675 0.28542708064808653 0.799538003062753 25 22 23 0.77
301 0.6142375998485365 -0.11179296369065712 1.0113646063011763 63 56 54 0.8
302 0.6428549203972961 -0.03681387706978312 1.2656932607186049 116 108 99 0.65
303 0.5296599633958702 0.03687630662925834 1.1615991063712292 143 159 174 0.53
304 0.5255096649513924 -0.013055519853557601 1.1711761062787356 115 122 134 0.8
305 0.134943272430685 0.1902950210586386 0.8087947257842804 113 105 100 1.13
306 0.6251213062078725 0.02946042674462374 1.231813252477327 122 112 102 0.52
307 0.7369924731655709 0.1451664177590816 1.2921982473604552 117 89 86 0.53
308 0.5312845543112319 0.2290982553603624 1.1090568213515353 140 152 164 0.82
309 0.4892216594144164 0.03247002377880955 1.1010852147388048 72 62 56 0.32
310 0.7129917901229191 0.04463057383362098 1.3192800099153061 138 154 167 0.6
311 0.3384713899582249 0.23753672650495142 0.5748641788753875 28 18 19 1.11
312 0.6793554505053612 0.0560348860627 1.2882452238504178 214 230 229 0.7
313 0.4609366872537712 0.2506390396946147 0.6910112178904532 21 19 21 0.63
314 0.1004452223642652 -0.1559835748159047 0.858813876188498 21 14 12 1.22
315 0.4168709249442033 0.2291380184046273 0.6980393685215621 17 19 23 0.7
316 0.7662201675521164 0.274933987720588 1.277772144271095 123 115 111 0.67
317 0.5017591880153335 0.1761957350110545 1.0669715230003216 64 54 51 0.45
318 0.6253618734814903 0.25677041384485627 0.8957712198045955 92 106 103 0.97
319 0.37795670977381784 0.22878276765050873 0.6412497094934488 65 55 55 0.46
320 0.14992029754799407 0.060937985986781726 0.8373157324743001 15 8 6 0.62
321 0.1597602520108168 0.1808477087807785 0.8256878551269542 114 101 87 0.89
322 0.5408717299821452 0.039669247315621284 1.1800398379972308 122 137 153 0.74
323 0.7924510686509904 0.0007665099771342461 1.382198308486629 129 121 115 0.54
324 0.7914973598782686 0.11044062043789067 1.3472250586207368 115 105 102 0.45
325 0.7075265981030897 0.284361931084747 1.245657107323846 124 133 146 0.57
326 0.4976333885845332 0.25046191611572 0.628384683206598 75 63 60 0.45
327 0.6748219183745005 -0.06654633334463109 1.2989582998869593 68 48 47 0.75
328 -0.03988411496783833 0.14934241210326918 0.6330957519268474 133 118 105 0.53
329 0.5269486317111371 0.12801391305745916 1.12486879669688 97 94 91 0.96
330 0.5584567564393436 0.18958484149791463 1.1566127352075415 88 94 106 0.52
331 0.7299058284627049 -0.03828309563993883 1.3444272769298746 132 130 129 0.53
332 0.5327981150725442 0.25560655829858603 1.1052172806740752 119 135 151 0.63
333 0.6289339900612881 -0.18612931983551154 1.0293295922158716 106 114 120 0.55
334 0.1265694913125258 0.11483232305529005 0.8258262570326622 62 66 65 0.96
335 0.4337743771783239 -0.12345940086575052 0.8684801530701477 135 137 138 0.32
336 0.5259453725323441 0.02312985079732396 1.1542912228447482 82 76 73 0.4
337 0.5306250247452317 0.1016020996177877 1.1373577154374908 76 73 71 0.49
338 0.6486558198148448 0.20882344037018763 1.1972476788975783 92 84 84 0.7
339 0.5383772657140963 0.027823383242828216 1.1852573708981515 88 105 119 0.6
340 0.6566741820236647 0.22413996530451955 1.2021600066857665 106 104 107 0.6
341 0.5539481567211946 0.03154515309198726 1.1952893559109223 63 89 98 0.6
342 0.5530467404960526 0.017014535995799458 1.1975903541430448 68 78 90 0.78
343 0.6052504714846594 0.1974599674335544 1.1628501444006538 108 101 100 0.34
344 0.7479942479766655 0.09021655378787513 1.3161216145586587 140 135 132 0.56
345 0.3020063567578324 0.22144005948959172 0.9145409026280247 31 17 14 1.82
346 0.7443934931614733 0.0326423164920391 1.3362284919842564 133 127 122 0.67
347 0.812164039414432 -0.08750867877725894 1.4037075587282999 106 122 131 0.72
348 0.5137611279891158 0.21144200075840244 1.0695555233293659 99 94 88 0.71
349 0.6099084684440707 -0.014126999866695715 1.2250512070087776 142 133 123 0.87
350 0.34918665465413856 0.022672219174111857 1.0049951481174133 56 46 39 0.38
351 0.7069973445828924 0.2606699948834651 1.2544556368629887 124 131 144 0.36
352 0.303442969707133 0.016781310097633163 0.9662036114417656 36 27 23 0.56
353 0.7957428033899636 0.08841934241368639 1.3626720166167337 79 65 64 0.57
354 0.6488197840262495 0.021772005472169384 1.2554297100107148 132 127 121 0.57
355 0.4832456902091849 0.11359174786868889 1.072191165589723 77 69 63 0.46
356 0.7752413129829571 0.2771745652226355 1.2834003754183707 129 117 109 0.58
357 0.4489129959795124 -0.11204545175943705 0.8821036623718908 92 90 89 0.42
358 0.7840468718626021 0.26776503295214704 1.294711896057414 56 60 60 0.6
359 0.5062534794439865 -0.07003408498037153 1.1449331561190184 89 93 99 0.9
360 0.4166431968964568 -0.13880318243396503 0.8614079254553534 72 61 52 0.53
361 0.10557284680377488 -0.10953591731845638 0.863537770909639 33 27 22 1.01
362 0.7010316571439841 -0.09041357597606368 1.3322372604102846 65 50 44 0.75
363 0.37857384183294357 0.23061391605419201 0.647771956858158 48 45 45 0.44
364 0.38175990008612065 0.23495768320953214 0.662151139956002 66 66 72 0.57
365 0.7730981722507702 0.14253050267317668 1.3236580910650786 138 131 125 0.43
366 -0.05841646748158503 -0.049159871587463294 0.702278993014689 89 78 70 0.93
367 0.7185193171961372 0.06779682164961713 1.308672880889677 169 185 188 1.1
368 0.5566944906469816 0.2385994558325171 1.141876107034954 53 60 64 0.55
369 0.6594017884673061 0.13514981794917913 1.2312928417277906 134 125 119 0.37
370 0.86188433194819 0.32760053011885915 1.0563404142904378 69 83 40 0.35
371 0.7878030753413524 0.17593430233330126 1.3266708722460427 125 113 108 0.65
372 0.7497714786468225 0.07996314703123743 1.3248430509878133 147 140 137 0.32
373 0.7307814831464089 0.08354154347371141 1.302534923934203 87 75 74 0.58
374 0.7442355123241687 0.3056928276198046 1.2451362846634448 60 56 51 0.35
375 0.09073874530037801 0.08176499602002303 0.8005386412844622 50 49 50 0.81
376 0.24121736200448127 0.20859199491404093 0.5530662452917261 36 34 33 0.52
377 0.0758927660752455 -0.02985302870641085 0.796490471514859 51 33 23 1.0
378 0.5880412082538659 -0.10651877889679734 0.9842854309071032 136 140 142 0.58
379 0.7954703529617925 0.1856591192615257 1.331745588979896 117 104 97 0.62
380 0.46774805464326974 0.07770167212881214 0.8641994613388274 100 99 104 1.08
381 0.7745823634749582 0.3077996388765049 1.2702173628735194 109 102 97 0.64
382 0.6998771209652473 0.30250820162260844 0.8948515142322979 14 14 16 0.66
383 0.570267971429154 0.26713795224471315 0.8057497535880493 55 54 57 0.42
384 0.8164900685661669 0.3197229327977046 1.042555485554724 53 52 34 0.6
385 0.46233855996117523 -0.09411580822718431 0.9091200955352787 64 63 62 0.54
386 0.8512387919956629 0.32776131813168735 1.0656068576588225 72 83 42 0.38
387 0.4809592895894954 0.23497631268360022 0.7926090852466289 66 67 67 0.64
388 0.8353288709877 0.3225607816224655 1.0195029128723583 31 35 17 0.55
389 0.730933302339816 0.07605643413432144 1.3026758008570702 146 138 141 1.37
390 0.6129850093201284 0.2770048905143282 1.143590629870775 109 99 92 0.63
391 0.5384091936807527 -0.009533931059001974 1.1916941984900389 53 57 65 0.78
392 0.6420491579057092 -0.19816957812989724 1.0389231158127379 59 81 108 0.59
393 0.717321064929467 0.27497505094267627 1.1096544881501014 55 48 48 0.71
394 0.6423643136948891 0.29541807801341147 0.921372533468285 25 24 25 0.95
395 -0.03327179597911374 0.034703689647147026 0.7162967702733863 20 14 12 0.7
396 0.7061044850070901 0.16542027271505955 1.277237501742957 41 37 36 0.46
397 0.523969333032002 0.13730061734364477 1.12045849748518 86 82 79 0.39
398 0.6764297181928537 0.20097559580435792 1.228712746542871 43 33 36 0.51
399 0.3190034592037608 0.18828892206187822 0.6797808165599387 147 154 152 0.69
400 0.6178323918025963 -0.19869672835838886 1.021115407653372 145 165 175 0.54
401 0.6691736887930635 0.0134756476303291 1.2811775469389162 57 57 68 0.44
402 0.26313245949251696 0.21397336238115924 0.5727606244332988 21 27 29 0.48
403 0.5647117841206799 -0.11532431973123466 0.9730109349967531 72 62 56 0.43
404 -0.019952160648774944 0.06345183788217743 0.7150860834481666 105 101 99 0.7
405 0.15523267748644132 0.04344501695114339 0.8426126439434193 74 51 41 0.65
406 0.6909567610299923 0.004749200471685353 1.3146141292949354 223 236 239 0.34
407 0.5451962063270657 0.25793784429704525 1.1215703058024584 117 132 148 0.72
408 0.7411063634249206 0.014909202423234385 1.3366286910903464 70 66 71 0.59
409 0.46689260725175763 0.22981778210803447 0.7834110899199884 175 172 168 0.68
410 0.7697501767552046 0.10039167255691202 1.3323171866330494 55 55 59 0.53
411 0.7899916433799732 0.2852092142616102 1.2929913733393852 102 94 92 0.53
412 0.579816219113191 0.24876934766500491 0.9782915588041767 22 20 22 0.35
413 0.7936735739236602 -0.0662828035444841 1.4108828370875806 85 73 71 0.95
414 0.6052462506454227 0.14031243853142286 1.1848875320241408 117 111 109 0.46
415 0.5939207450605409 0.2821854868840661 0.7780059351488969 44 37 34 0.74
416 0.4798008951114717 0.19579147492316343 0.8321381689025308 93 95 101 0.7
417 0.3698531655979701 -0.12609241869233428 1.076218248585201 24 15 11 0.81
418 0.5270457062917118 -0.1247575862789795 1.17645388813714 17 15 16 0.84
419 0.5330385713281917 0.12710240862969696 1.1282576550066137 12 8 8 0.46
420 0.6174307029503686 0.28121002733988115 0.8125871770577789 44 39 42 1.06
421 0.5384185431265709 0.26639034491073993 0.7512931008229488 98 79 75 0.59
422 0.4824699897784269 -0.04371452283188937 1.121181679830931 46 35 33 0.42
423 0.7694278112158396 0.25269664229736805 1.2875474590425597 125 112 103 0.85
424 0.6193810780750162 0.221857045879259 0.942931919436454 44 32 32 1.41
425 0.6124958134638682 -0.15168112132952122 1.0270093835103127 141 151 159 0.64
426 0.6914038201483143 0.28256406174064885 1.2333358457135435 125 135 153 0.36
427 0.7304959859770058 0.21527160862531042 1.275485639909124 95 83 86 0.88
428 0.3888886744191244 0.10144925358077274 1.0162759017298693 31 21 18 1.04
429 0.5634507050186983 0.21265040496008442 1.1462315131061467 109 115 128 1.24
430 0.28860189290339056 0.2195508621876049 0.5547984081341969 25 20 22 1.17
431 0.5153738048959395 0.2540975579543121 1.0608402806869264 86 81 77 0.9
432 0.7098052873847757 -0.014991405805566169 1.3349534770107905 225 234 238 0.53
433 0.6526099828573675 0.054653463594357674 1.2463135864651527 108 103 99 1.05
434 0.8697578713062367 0.31345795206899724 1.1236724507766551 79 72 80 0.79
435 0.5630479452649509 0.2597574167524749 1.1356602069073223 99 113 127 0.55
436 0.5045496572732523 0.062064322152429165 1.1076787301318238 92 83 76 0.42
437 0.7498084232380553 0.25502891094120655 0.9983691416740326 40 44 36 0.33
438 0.4950138087611321 0.24766233528720363 0.8172468903881686 55 52 53 0.61
439 0.6298053316612431 -0.1877211721634125 1.0293631231118574 158 170 178 0.52
440 0.10020571535633446 0.10923870733805847 0.80897743919675 70 68 68 0.91
441 0.59226580266258 0.215388748854796 1.1516341981380194 63 57 57 1.04
442 0.6794587469316589 0.15516617291645562 1.2439366671669507 16 13 14 0.49
443 0.785844207433935 0.1357561182684376 1.3358717136209586 52 47 51 0.48
444 0.45485596116916344 0.14739981569282834 0.8067446400835797 121 115 110 1.15
445 0.4174272379148126 0.24597076871108817 0.6091170919779828 105 71 69 1.63
446 0.461896087564781 0.2160512231290926 0.7834852043161812 88 88 93 0.6
447 0.6492864768945649 -0.005935986409123444 1.2625125367102399 126 116 110 0.59
448 0.8279422907560468 -0.10152141238216084 1.4042614069667578 17 20 27 0.94
449 0.6411097895076052 0.11182363312299068 1.2251567629872266 63 54 53 0.76
450 0.4817795782655548 -0.12815794019472476 0.9151921735110751 53 46 40 0.47
451 0.6902234882848333 0.2961260680728595 1.1807563952805553 77 67 62 0.64
452 0.7888688638839917 0.11519063309116172 1.3458100323445115 147 131 119 0.44
453 0.3195009732325949 -0.12031464217410878 1.0255703811455592 29 18 14 0.86
454 0.46497062946903556 -0.01387725916983669 0.8875266361518445 93 96 102 1.18
455 0.6508023054474632 0.16087058615863353 1.2133579349136436 120 110 102 0.61
456 0.6366841076927289 0.2879244282665278 0.8374983274605367 88 82 82 1.13
457 0.5529276707691803 -0.03109904077293628 1.2080083883081763 66 77 83 0.61
458 0.5076042789686063 0.21963892345816474 1.0612598404977716 83 78 71 0.52
459 0.6072524428046379 -0.1001469844138214 1.00337448836158 100 106 116 1.17
460 0.4714489561964959 0.15676875220640885 0.8442521116549118 95 99 102 1.15
461 0.8119377837748457 0.3162507348718182 0.9694837400380547 42 51 30 0.92
462 0.5912487529256487 0.2433208068505249 0.8943856966340528 116 112 109 0.95
463 0.4760040522636751 -0.13510645002975963 0.902813745161988 101 97 97 0.44
464 0.7058629051295603 0.2619775211092902 1.2524915324727337 96 105 116 0.29
465 0.4635745617784153 -0.04869602361686507 0.8975499218814846 80 85 91 0.95
466 0.43840738796026013 0.24832077364872976 0.6723123031647211 83 74 76 0.83
467 0.6916159243985184 0.16466337131951983 1.2634852697939525 73 96 108 0.5
468 0.5881788564044048 0.04180010449691594 1.203840212655336 108 103 98 0.6
469 0.3124765578312069 0.2238811164774353 0.9185490714984036 98 92 88 0.83
470 0.8127588700462116 0.3142086339513285 0.995092193127873 32 42 21 0.67
471 0.29047301544926213 -0.16751579052134716 0.7621529598267228 82 96 104 0.63
472 0.1674605467469838 -0.08754921023277877 0.6778357326578912 81 80 78 1.23
473 0.7235567161235216 0.024045913754354 1.3234527168582797 127 135 140 1.12
474 0.604367199482502 -0.033564230460552485 1.2326481883175715 128 122 114 0.46
475 0.7016277019461238 0.2965460753152282 1.177116144707825 53 34 32 0.39
476 0.3863066431301813 0.01716175619334531 1.044939323332315 95 96 96 1.11
477 0.58724319719016 0.17151718617879483 1.1661100904585155 42 37 39 0.73
478 0.32076422445436287 0.02046750203203988 0.9809577775341816 30 26 24 0.56
479 0.7609183717361921 0.15839024591513923 1.3089556157807076 128 122 121 0.57
480 0.7514723880943334 0.30353621725168606 1.0244521112160883 25 22 23 0.79
481 0.12325177952355346 -0.12887501957543895 0.8831208656498533 33 28 23 0.67
482 0.5201009862532507 0.2445072381425577 0.732782154020637 18 21 25 0.5
483 0.5603414668752693 0.2505557786488896 0.7255475919264827 21 26 30 1.06
484 0.46082719307947656 0.2277142321732745 0.7743409980693936 179 173 168 0.39
485 0.6945708348945091 0.133286030693398 1.2606424071199616 118 102 93 0.71
486 -0.026716932753931458 0.029681750680049423 0.722098526281348 105 85 72 1.05
487 0.7207294430257964 0.0001011088408512227 1.3327149110365673 163 169 175 0.61
488 0.7803130614194438 0.21064407490677503 1.3134507184080602 131 122 120 0.56
489 0.2997161099673496 0.0016600129963375084 0.9732206178870275 42 31 24 0.54
490 0.5455440265680518 0.26137566680932783 0.812619718733855 39 38 40 0.38
491 0.7648559662847505 -0.08191111492413565 1.377579242955945 81 84 88 0.66
492 0.6776744219218163 0.26427150680782213 0.9217650588431668 74 69 71 1.03
493 0.7842568707887104 0.16605669963911515 1.3276301205882606 116 108 105 0.45
494 0.731085573166309 0.2814044770768801 0.9053420446530388 43 42 45 0.85
495 0.44103048453274035 -0.13907867179858419 0.8767008093257226 57 51 46 0.81
496 0.6722753427794634 0.015439746735216172 1.289144161252167 41 42 47 0.5
497 0.46814618391617036 0.09310763833642854 0.8608482061613214 58 57 60 1.24
498 0.7960171923461533 0.29507347949907775 1.2931443335245947 117 111 109 0.6
499 0.5921164954285911 0.26867899392409145 1.1391573696905302 39 25 24 0.49
500 0.307781225386586 -0.1340642567760572 0.7715128152034701 86 78 73 0.7
501 0.49496021214159763 0.03916677950036131 1.1065083706578405 76 67 63 0.37
502 0.3134269613774539 0.0887500255298699 0.955169174973075 50 34 29 0.44
503 0.7666799977977709 0.1495827292044787 1.3174663514457954 121 109 106 0.44
504 0.5617265981070857 0.1629734124822186 1.1704637500316666 107 123 122 0.54
505 0.5334064252903318 -0.1036712266591581 1.1135934579443458 170 180 188 0.58
506 0.49227728726176906 0.06865611447731848 1.09498060073474 97 90 84 0.69
507 0.7172752203311826 -0.024599909431060815 1.3381967011938805 157 171 184 0.55
508 0.7001491753984803 0.018628064360987382 1.3163936095146578 118 126 137 0.26
509 0.47202886168245956 0.17000735179236642 0.8124455049714396 123 127 135 0.52
510 0.8253572008255117 -0.09879842530185445 1.4012534368216545 19 18 24 0.97
511 0.2909228346578335 -0.053804204014339274 0.9876576748014566 36 26 20 0.79
512 0.6968220046116279 -0.02954368997679885 1.3292782119252993 118 142 157 0.46
513 0.4251554442921719 -0.12120407927239894 0.8631375566554764 77 67 63 0.84
514 0.6928090918926075 0.27231840651529216 0.9158451056249496 25 28 27 1.16
515 0.8548242786667715 0.3197086196032768 1.1085177138296725 66 63 70 0.88
516 0.6836325652728857 0.1698821714998716 1.2562125955055996 112 128 133 0.69
517 0.49646516118801104 -0.014991015806704764 1.1212362659355382 71 64 61 0.31
518 0.26128281909980633 -0.03339089094944062 0.9786214772130113 31 28 24 0.82
519 0.3046328057285251 -0.11987785578970013 0.7715105691603573 144 148 152 0.83
520 0.6285503880091312 -0.07045006827842686 1.2603326859037909 112 101 91 0.8
521 0.5481399395293409 -0.11216452366168214 1.2089352761911898 56 44 41 0.66
522 0.5399874934210863 0.1868867086229264 1.141931792742044 90 103 114 0.49
523 0.6378931533190916 0.28012787906910025 0.9277489716072681 24 23 23 0.7
524 0.6979012058645817 -0.00714189462715101 1.3237251315167113 165 179 192 0.42
525 0.31381580282746163 -0.09390864973338832 0.7743449817062061 124 128 133 1.11
526 0.721393445686946 0.11338838953555862 1.2894923320076939 124 115 109 0.52
527 0.7113573680617931 0.010689899143924653 1.3270031103842805 211 226 231 0.52
528 0.7353210782081724 0.2924898525796638 1.1600043734346195 40 36 37 0.49
529 -0.043878982116099585 -0.10622467894011539 0.7407110300711085 154 160 163 1.48
530 0.7807259959674657 0.07990206446948309 1.3477695129156815 86 76 77 0.54
531 0.2457437388748785 -0.03625586582200987 0.9630830627230007 35 32 28 0.91
532 0.8128465348043089 -0.09727294667476201 1.3939067129403901 29 24 27 0.74
533 0.47368457260881985 0.24661540318362773 0.721667637053005 70 61 61 0.42
534 0.5580982647148893 -0.07876198474857157 1.2193443995750313 59 54 51 0.58
535 0.6434224042634785 0.2860376017750864 0.876820188878367 81 84 85 0.81
536 0.7841862247020608 0.04513843462479763 1.3606609228352424 127 128 124 0.58
537 0.5660546865834525 0.1777628861115241 1.1671845057047003 89 103 111 0.58
538 0.6247645381691626 0.27297926498436154 1.1014458949831096 16 17 19 0.71
539 0.6022980569996705 0.036580083358532856 1.2123424064043866 123 112 103 1.06
540 0.7473474816213945 -0.0007340857555110193 1.3450380696526927 143 138 135 0.5
541 0.8055996126885124 0.3029502304191504 1.3005831920275104 100 82 77 0.79
542 0.5517119427228869 0.1310862209217607 1.1476993142992855 14 11 10 0.4
543 0.77041280406602 0.2937388916816594 1.1637515070010227 40 37 39 0.45
544 0.5971726002985037 0.2557235586997278 0.8798154591477326 80 70 68 0.63
545 0.6714094010469672 0.1745036025462374 1.2277095976651025 118 109 102 0.64
546 0.1521707205651554 -0.022060224483619908 0.8625086011591572 32 23 18 0.86
547 0.6073372525190357 0.27432780275048235 0.7951513746949301 34 35 39 0.57
548 -0.0558649775268783 -0.0844330218785267 0.7299933151127088 66 71 80 0.89
549 0.8562951797058004 0.32828815933614797 1.0768448272958935 48 50 32 0.5
550 0.5387465072792348 0.16224013228753564 1.1478809459147454 82 88 94 0.55
551 0.5205261935064837 0.06555019362039496 1.1361988135985863 92 87 83 0.47
552 0.7741859756128151 -0.0028849932264922123 1.3656256254717511 158 149 139 0.65
553 0.6034348000105408 -0.040246510163274934 0.9899483508096517 151 161 171 0.39
554 0.7649765900600503 0.18608031418759127 1.304583834818473 124 113 106 0.49
555 0.5478117215318058 0.25852516729420477 0.8147163509090527 16 18 24 0.15
556 0.8309219305549145 0.3221258633541016 1.0423756759536826 52 51 43 0.43
557 0.1875316572259798 0.1765267318266142 0.5598189267747705 136 128 126 0.46
558 0.7972717152762555 0.16885675498721184 1.3376029708599928 135 123 117 0.53
559 0.649147086052609 0.25781697889934696 1.1839318537383563 65 54 52 0.91
560 0.7724414443518958 0.3105907901562059 1.0166560193522038 36 46 26 0.84
561 0.7533127735829428 0.20195900133559902 1.2869522296831934 120 114 114 0.63
562 0.8822752751415132 0.3314410934417407 1.0700355906317551 46 55 31 0.78
563 0.5074479101206391 0.2565172351102891 0.7947699705533413 30 23 23 0.74
564 0.6149964898296062 0.28145999222232854 0.8164786871264585 88 81 80 0.88
565 0.3783621108347841 0.22711834585605653 0.6364066138811676 47 43 45 0.46
566 0.7324640052088197 0.16036069221644514 1.2856622649513167 23 16 15 0.48
567 0.7024859168943927 0.2985312651431088 0.8819616311632099 88 85 87 0.63
568 0.5775138757449324 0.07800060916865599 1.17921564187964 114 106 100 0.87
569 0.4346207607182924 -0.1449135285170229 0.8719719959208684 94 107 117 0.43
570 0.1871087418325296 -0.18404329436696387 0.6889578734299641 136 137 136 0.66
571 0.7274835150272274 0.25815583104608175 0.9077537927010945 23 26 21 0.82
572 0.529404537500098 0.26509119728558683 0.7868884006328777 93 81 79 0.67
573 0.7773118584572448 -0.056362092832137896 1.38282168937328 105 99 100 0.54
574 0.5757577518645517 0.24755992659569126 1.0119950106518742 27 26 30 0.83
575 0.5103564079073297 -0.12849328889934006 1.1590919707500655 39 35 31 0.53
576 0.37852367810650395 -0.35662473947426115 0.8786371044866023 96 99 101 0.73
577 0.3923819918698347 0.07802354880140243 1.0251231205259081 59 48 43 0.8
578 0.6136432085441077 0.01413704096110324 1.2253438516700192 120 113 106 0.7
579 0.7995835402954719 0.20773196215298415 1.3286057446549953 139 129 124 0.64
580 0.4997329383020915 0.2510595825663508 0.8131124008714009 42 36 33 1.05
581 0.3310760697272116 -0.15939596988289637 0.7964152876483905 150 152 150 0.92
582 0.5859772705258532 -0.11471304240652953 0.9857671832670304 59 52 48 0.87
583 0.7922243688123041 0.3042702111443696 1.288813966351632 107 94 90 0.59
584 0.7405813063502209 0.060865553807588624 1.325027333621289 155 147 139 0.59
585 0.5443301161046824 -0.08297619301541859 1.2056274887910323 34 28 25 0.67
586 0.6751157731701727 0.10161595831165565 1.2557462662364745 119 106 100 0.68
587 0.7671396692623124 -0.061264542496597636 1.3771932667592646 105 104 101 0.63
588 0.6149368118389023 -0.11764637803146129 1.0171171217489199 120 133 142 0.57
589 0.7895092393236527 0.2775475090571753 1.2980700945913037 97 80 77 0.62
590 0.5803815530221532 -0.024972047029998164 1.215497670792219 128 140 150 0.71
591 0.6587833552307023 0.09754740624047435 1.241204478396497 132 121 112 0.49
592 0.6431054353962696 0.2764153629280399 0.9107013262690175 42 51 51 0.8
593 0.6386471505280007 0.26559750464062326 0.9141984547303261 71 88 83 0.72
594 0.720089184061838 0.1147058562013938 1.2876899862874098 78 69 69 0.38
595 0.1708556796165207 0.20661822177780445 0.5289466793236733 51 47 45 0.64
596 0.7699445545906588 0.011275872281398711 1.3610815163376297 141 133 125 0.57
597 0.7848137330233288 0.2855384697027081 1.2895535388930615 97 96 95 0.46
598 0.14281825231915982 0.19185594071764944 0.8068427318193067 75 64 60 1.03
599 0.6259469442556321 0.008273177522605646 1.2362196673768935 109 98 91 0.57
600 -0.059709738727099296 -0.19668151221468907 0.7464922445969163 106 71 59 1.01
601 0.7866218900768546 -0.005819870595550613 1.3779415191722932 154 144 138 0.59
602 0.7232982565755828 0.03626678536564319 1.3247760980888197 66 43 44 0.51
603 0.7082418353028026 0.3089027178320935 0.8795344419611975 31 30 29 0.46
604 0.5857969881066599 0.24094013585274374 0.9923257437475385 51 45 49 0.24
605 0.5574799319948961 -0.0896016390526851 1.0832312329807736 124 133 136 0.6
606 0.6477163188420155 0.2870427075467087 0.7814429017528878 59 52 47 0.72
607 -0.01821587847444853 -0.05215952807303723 0.74944459122404 182 188 196 0.85
608 0.5364149318492192 0.014464776348594924 1.1897122719854012 124 142 155 0.83
609 0.3643781452878139 0.2246900246212522 0.6348048546811997 44 38 37 0.41
610 0.6223633840517596 -0.10498752813895022 1.020973139040318 175 195 205 0.63
611 0.645975364883853 0.28807298626443695 0.8752431812351732 82 77 77 0.59
612 0.6394208888084619 0.16364038115678048 1.2000977623702715 129 123 119 0.78
613 0.5198700548661244 -0.12391296922541087 1.172933474374122 25 25 25 0.97
614 0.5007575075323699 0.259931673489607 0.6687403763905614 66 57 49 0.78
615 0.1590663057222843 -0.015503714446105822 0.8611702905270737 41 31 23 0.64
616 0.6368930603849975 0.2900686026587527 0.8386968414626611 110 105 105 0.85
617 0.5996316138025904 -0.0041718858330912646 1.2197501716938977 110 96 89 0.66
618 0.38743448299855177 0.15353158275296083 1.008207451074895 61 56 61 0.57
619 0.6904345553327063 0.25612228898874 1.238682021220148 128 147 158 0.87
620 0.506046032786426 0.07878946564309543 1.1013910203898185 86 72 69 0.61
621 0.5831000236960343 0.000503220012441752 1.210184695622979 62 55 55 0.76
622 0.6780941709919704 0.2821027126426638 1.2049898500865823 61 44 46 0.63
623 0.4930053433418968 0.19969156910425975 0.8520145185208049 0 1 2 1.55
624 0.6042621349901041 -0.021042258087376847 0.980151437147078 168 177 183 0.55
625 0.48068374005867986 0.20175635292035068 0.8287049604925003 69 78 89 0.73
626 0.2821392617651837 -0.1437013286079023 0.752717527223296 95 87 82 0.53
627 0.5172164253430054 0.30690043235723596 1.0482607043534746 29 30 34 1.24
628 0.5597373496277557 0.20995304191318626 0.9181263531234095 114 123 131 0.37
629 0.5894720075179458 0.18970715321791704 1.1594108069897324 38 31 31 0.75
630 0.5914350431014235 -0.08902688296561866 0.9938948472592317 73 68 66 0.87
631 0.6840319970077599 0.018375390887103774 1.2978156661757836 42 50 51 0.66
632 0.6894452405835056 0.2342513347795537 1.2471478684955988 147 160 176 0.54
633 0.6802691574835645 0.20849406918896862 1.2482747740897757 107 119 131 0.94
634 0.5475656608285461 0.07979608924308489 1.1558552861729183 98 94 93 0.77
635 0.5888991861359983 0.057528393287822756 1.193430449034137 82 66 64 0.64
636 -0.053973955484967286 0.056803522811683424 0.692364485052489 65 65 64 0.63
637 0.1579769933548351 0.04304809518548267 0.8448888838080858 108 91 73 0.64
638 0.5226992572581374 0.08439297242786029 1.1324962473884712 104 97 92 0.41
639 0.43093548652149233 -0.11980764357734751 0.87085258422489 110 123 130 0.77
640 0.17215910852439936 0.040816009505812045 0.6436804427559221 113 112 109 0.87
641 0.38145107010243556 -0.03696366534248966 1.0594577948894994 48 42 38 0.72
642 0.46385367722670173 -0.12655398927314648 0.8918311006224889 139 148 152 0.59
643 0.5348841483354477 0.1159723952943228 1.13341278275037 114 111 111 0.51
644 0.5866514886881055 -0.023904244039551773 0.9735764045387647 171 174 167 0.88
645 0.44903633309213137 0.24516794189354138 0.7479726904971675 103 94 91 0.63
646 -0.04128491488257315 0.0599811922933638 0.698642344182016 108 114 113 1.27
647 0.6047215008104837 -0.029336015047342193 1.0116799073139673 41 36 39 0.81
648 0.11187778534048588 0.07297365638793503 0.8268861472389908 69 82 85 1.07
649 0.6748060926780859 0.2647425417210354 1.2025488616379345 128 120 116 0.61
650 0.3479171101363038 0.019585953954577764 1.007132233556101 73 59 47 0.78
651 0.15899025911214942 0.20300120204766173 0.5119580150655593 30 25 25 0.95
652 0.5756706336408156 0.033981978962488044 1.200018199313623 138 169 179 1.11
653 0.6822385288249124 0.2978522380096855 0.9100867681596839 51 51 53 1.07
654 0.4674943391635533 0.025116329798032577 0.8783912023356819 88 89 89 1.28
655 0.5886054057125555 0.2390954439225227 1.1427273887833003 66 77 81 1.17
656 0.19169625126961135 0.20575894739988482 0.5351349552437193 81 70 67 1.51
657 -0.05180322920048956 -0.04703144711809346 0.7018216338459583 76 65 56 1.19
658 0.3303853121862016 -0.14434888144311372 0.8238292493597609 54 44 37 0.7
659 0.4996235254181825 -0.015199859086440228 1.1224198452664862 93 86 80 0.52
660 0.559469005031878 0.22276249300541515 0.7334127960177015 25 28 34 1.24
661 0.6382447148774723 0.2676796252415418 0.9295200932076999 103 118 121 0.79
662 0.6102168271600086 0.0492178194342035 0.9894500878990016 86 78 77 0.69
663 0.007140237040017892 0.032168200375131885 0.7314891000332646 26 23 28 1.2
664 0.6826979088733632 -0.05363597086796241 1.3208166941829649 71 86 96 0.46
665 0.1318777126523197 0.16220270758117283 0.49564170750093545 80 85 87 1.14
666 0.6114878587872188 -0.08653241367067517 1.0065208210002796 50 48 47 0.56
667 0.098501127956085 0.13060434823023542 0.7756374996344019 24 15 14 1.36
668 0.3918937728207657 0.016687060952506647 1.049227282111991 80 83 87 0.87
669 -0.048391052968330094 -0.10779418005941763 0.7466232282801549 97 112 126 0.72
670 0.6151204619895371 -0.08272432038822286 1.2582427339065076 117 109 102 0.76
671 0.674985916001036 0.2947102971618115 0.8621783568559733 113 110 110 0.88
672 -0.2042206129566302 0.13743096281619477 0.5366321771791441 93 93 88 0.94
673 0.6375086465379133 0.11727346288404034 1.2149907979820285 138 132 128 0.81
674 0.011416619808477725 0.06669250374479989 0.7244743837847042 148 139 123 0.66
675 0.31978554286118166 -0.13164448881773852 0.8274757162765962 49 39 30 1.26
676 0.08629167707668442 -0.11344459452846885 0.8507540937073073 44 34 27 0.78
677 0.6685999280713878 -0.03379287193514805 1.2946709991587602 143 172 191 0.82
678 0.676708250159697 0.15005471046157734 1.2375286756443515 79 68 68 0.94
679 -0.2075370072167424 0.014648626183799921 0.5852167353056282 13 9 7 1.31
680 -0.05328224214193361 0.08135305011753416 0.6841075808125153 62 56 56 0.84
681 0.5709739729541944 0.058766297426098235 1.175240982703189 26 22 19 0.48
682 0.6882176423221942 0.018494314832234963 1.3036183085894801 51 55 57 0.41
683 0.6421597647328745 0.29742324804178627 0.9193786747898538 60 62 68 0.88
684 0.6370836144634623 0.27596618499638964 0.9492083768903566 95 90 93 0.74
685 -0.04277593661837787 0.08142860360937806 0.6907821540469146 115 122 120 1.15
686 0.6335512083736486 0.2554702382837749 0.7936501496248258 114 102 101 1.36
687 0.6633673634809735 0.07925658196393373 1.2484360841140338 156 146 136 0.73
688 0.5068569769829826 -0.0690429092284655 1.1483960296213247 56 52 54 1.03
689 0.2919719483016408 -0.1410962497235821 0.7615091180425502 91 93 91 0.52
690 0.40231755098654587 0.21084422520203058 1.0164630763469604 79 96 101 0.88
691 0.6384133920415945 0.23238355057615792 0.7982471557956954 43 41 46 0.97
692 0.7698802421215292 0.32754033763700585 0.9565069616973502 73 65 64 0.35
693 0.6156213654075716 0.258944865410425 0.6693426983916954 83 63 60 0.62
694 0.5565849602849982 0.16384703206108062 1.1625530394222874 107 119 132 0.59
695 -0.007069572070430652 -0.04947030614367582 0.7540990137518827 125 110 97 0.91
696 0.6102572763716454 0.015566668236411002 1.2253138680484765 115 114 110 0.81
697 0.7210841515952163 -0.055158486211282824 1.344703061528242 22 19 21 0.78
698 0.1428148340380802 -0.10031523973308398 0.8847765359250624 32 26 21 0.91
699 0.5380950752517357 -0.07877850168173915 1.2079152045521642 54 64 67 0.59
700 0.7303886399745392 0.29745845825619943 1.102942327497225 71 67 64 0.57
701 -0.025987407704866967 -0.10221106857568461 0.7698660289725668 99 85 74 0.92
702 0.6792463150384925 0.18479861525737495 1.2535264796418082 98 110 124 0.68
703 0.5903940756618437 0.13500959266121082 1.171618506825112 81 86 85 0.59
704 -0.051344738572036586 -0.06020798208479085 0.7222893341707368 102 101 105 0.65
705 0.38029820709168494 0.028343904082136016 1.0270013364414972 63 49 39 0.57
706 0.1495879290455758 0.08912013142463464 0.8301410009998523 80 92 91 0.78
707 0.6660612550777534 0.07527673052385138 1.2541968868693985 144 133 124 0.58
708 0.7518611723349562 0.3024988422896248 1.0206309998000962 35 32 33 0.47
709 0.6248618218957652 0.2671860527160505 1.158825825011004 113 103 98 0.78
710 0.6686314532651306 -0.011059931233373335 1.2888902732097658 129 157 174 0.71
711 0.6735848101982114 0.21800243110361817 1.2130297530990601 115 106 102 0.78
712 0.5071824702445483 0.26110646132306703 0.8067061543777672 68 64 68 0.95
713 0.4877444452603764 0.24585004938734983 0.8340484145116576 52 41 35 0.52
714 0.4850440826661453 -0.06456963259596255 1.1290082801606562 39 30 22 0.89
715 0.6396383074886307 0.2675465097352939 0.7898436114038798 70 65 68 0.45
716 0.5837563029719667 0.05180363498495628 1.1931050891451271 81 80 87 0.46
717 0.10816906528680964 0.1582205504124712 0.7990843873921614 99 103 105 1.28
718 0.46330516944815314 -0.1125562155270693 0.8959021392461554 57 55 55 1.16
719 0.09633853357294767 -0.0856176781344894 0.8502569270795786 42 39 36 1.11
720 -0.0256143249042399 -0.10347290235940997 0.7783325324839226 24 19 20 0.81
721 0.6935721358256638 0.2691138000453798 1.0600575368797176 69 66 60 0.89
722 0.2738557553140493 0.22596775911227643 0.5546461996806055 49 47 49 1.06
723 0.4800279555960454 0.26124858943175394 0.6866382825607843 20 20 24 1.34
724 0.40945733082632324 0.019852584445187074 1.0750639909839712 48 47 48 0.79
725 0.49313345668287695 0.059848168715391226 1.0962598886767123 98 90 85 0.49
726 0.6062810693384871 -0.09263644147350404 1.001897851018578 98 108 118 0.53
727 0.5752356764135049 -0.0702575724939841 0.9889761272124917 47 38 33 0.17
728 0.1056002816725774 0.1831376057914168 0.7930735851793642 114 119 122 1.25
729 0.49055794581217627 0.07290491401161098 1.0891635888085907 97 87 80 0.44
730 0.5527797338123458 -0.05364729113868119 1.2177227405827458 112 132 142 0.43
731 0.5025435106728011 0.19692036644621194 1.0644431815990996 27 20 21 0.61
732 0.404174087245362 0.16086357242585558 1.0271562750823549 90 103 110 1.25
733 0.6810646552013648 0.30309387815294253 0.8564651074555828 27 28 27 0.9
734 0.535079351065796 0.1237307224961296 1.1282777684780128 117 113 112 0.95
735 0.6035072947560439 0.26943463433082526 0.8203156633934324 38 38 43 0.59
736 0.5810128591817575 -0.08402018051996198 1.2329389574718972 113 99 94 0.68
737 0.6587804032761895 0.04607346413456174 1.2549574358485114 145 140 131 0.77
738 0.5828229487388589 0.11345945504923341 1.1725759416729202 114 112 105 0.37
739 0.7015613278593857 0.06693101461946871 1.3023007303577396 184 197 210 0.41
740 0.3942810364498021 -0.0328192538919152 1.079528382412487 28 27 24 0.74
741 0.685967047833905 -0.00776380324446329 1.313103954815629 200 205 211 0.68
742 0.5908634082750267 0.2742216557835847 0.8611382808678028 64 55 55 0.99
743 0.5702313957407528 -0.09790183440138593 0.9755144533325681 81 74 71 1.04
744 0.5561522738283067 0.1741795892786756 1.1558359016155875 81 103 113 1.05
745 0.5089004853580965 0.238353441934551 1.0574268238371134 97 85 78 0.62
746 0.30377044674866577 -0.13518283851898646 0.7689130496250192 94 83 73 0.59
747 0.47691272789572275 0.21608467162285566 0.7964543330034678 68 76 85 0.67
748 0.49365750335512054 0.21522314133734952 0.6833362479706059 40 36 38 0.53
749 0.3681099592497445 0.11794282868751392 0.9914653690624815 102 89 69 0.63
750 0.4305139594998053 0.23956932857454566 0.6829356899034373 75 66 68 0.46
751 0.47923544705307664 0.2494236891471576 0.690363029511557 22 22 25 0.35
752 0.604708165968984 0.14904204669812013 1.1792658633532742 128 124 124 0.79
753 0.5929540337780406 0.05399070368384165 1.2020290382200154 126 119 113 0.71
754 0.3698750417205614 0.23333693387088061 0.6118175694313355 87 83 83 0.39
755 0.6687695287006866 0.11356990342878534 1.2425775268104917 140 131 121 0.91
756 0.6529377695898552 0.12266957631545647 1.225428572362753 156 146 135 0.56
757 -0.05680979087975845 -0.13513804993554376 0.7393678619962193 110 103 105 0.69
758 0.3192704988888635 -0.14789338992266107 0.7807558794895378 120 123 124 0.49
759 0.5029202493885189 0.2136624887705358 1.060272003902037 99 90 83 0.61
760 0.6258732531336952 0.08725578769115447 1.2126603612913496 133 129 123 0.59
761 0.6369134793810685 0.24433335150003016 1.0063898078188134 64 61 65 0.25
762 0.6028090131362305 0.08970734576447063 1.194924341268701 128 124 122 0.64
763 0.4421450234814266 0.07840313938081667 0.825943544728678 94 75 64 0.59
764 0.7662965678020197 0.2652306503737722 0.9885393842102849 71 60 50 1.13
765 0.09498840232143684 -0.13419747142749716 0.8551716025671852 45 36 28 1.07
766 0.6688488052926503 0.19648785230409563 1.2156486545068512 125 115 106 0.69
767 0.21227989185843332 0.2025760916811015 0.5826252645801515 29 25 25 0.81
768 0.5944920244706158 0.2559124738426077 0.8824120543547402 146 148 141 0.86
769 -0.030302411431032263 0.08648764064741755 0.7117781676128635 120 126 126 1.1
770 0.6880620714367198 0.1854006747261411 1.261109642090095 131 148 164 0.39
771 0.6203608057003055 0.021372026287260662 1.2287880958591924 123 122 117 0.7
772 0.31083033792270853 0.2282755832579045 0.5734526723356378 63 53 54 0.81
773 0.5377356692160573 -0.0335652778735823 1.1994981965071072 120 141 156 0.45
774 0.4802128224468989 -0.1171934319174488 0.9118500166053699 69 63 61 0.48
775 0.3852678783178258 -0.08307380012368357 1.0748818910299578 43 35 30 0.95
776 0.6485553989768521 0.08362472263292313 1.2320540672984348 146 139 133 0.59
777 0.16517480621096645 -0.012085989262770479 0.6200554145873226 165 166 162 1.45
778 0.37837064569733914 0.24363746653280668 0.6105276022415043 23 23 26 0.83
779 0.5423260802432854 0.11565995033450809 1.139079774113856 124 124 125 1.01
780 0.28925330901595475 -0.10085961395347223 1.0050651705570965 40 31 24 0.82
781 0.6658033078224668 0.3017297928441827 0.9402625388452528 42 41 42 1.22
782 0.4115351820850516 0.2133408312074933 0.6188697071017949 44 50 55 0.93
783 0.6193160369344182 0.27522781363166837 0.796390594257598 112 94 92 0.68
784 -0.6986875910962415 0.1980735363323127 1.0827679101791967 44 46 45 0.77
785 -0.4902867589085935 -0.02430152824823653 0.8400742609373273 126 121 117 0.59
786 -0.4298911735686237 -0.17034033363857046 0.7927255062912458 19 15 15 0.63
787 -0.435602531715873 0.15047105263387905 0.7470845417357019 72 56 61 0.44
788 -0.34082335635624555 0.20944764234512028 0.40590915111147474 69 77 54 1.08
789 -0.42075295476612573 -0.20930918454365666 0.7878269230181947 161 152 141 0.63
790 -0.41344122543657175 0.19952700743574614 0.6962239198865755 42 29 29 0.43
791 -0.4313846160752516 0.25312713120119684 0.7071874675474531 54 46 48 0.45
792 -0.39781516800211947 -0.09909038884276777 0.7271993376362567 138 136 133 0.62
793 -0.6533397440451348 0.23272015558336137 0.759309414747522 162 167 188 0.65
794 -0.32119274352606964 0.2054977655395732 0.5549286319505624 143 132 124 0.87
795 -0.624453259450309 0.12881281957959628 0.9949577347631631 134 130 124 0.51
796 -0.4251874505846165 0.12726642900109925 0.732361822034551 52 38 42 0.41
797 -0.40620747970752125 0.07415388694651417 0.6909041866610873 60 61 66 0.58
798 -0.4082912801056222 -0.18163704409730838 0.763081909659692 164 163 156 0.61
799 -0.46881252072830487 0.0979851830750032 0.7831588985201602 57 49 49 0.47
800 -0.42771634640696155 -0.17362286946087432 0.788172546162969 27 28 30 0.67
801 -0.6191322572653187 0.15945202722493795 0.9788521373183511 103 104 105 0.51
802 -0.6875672288063267 0.30067858703669753 0.7034862890962456 35 45 25 0.58
803 -0.7187447855364562 0.27399711962157375 0.7789041737775894 35 37 43 0.56
804 -0.6267297424828842 0.13678898448712268 0.9941002942410009 141 126 108 0.48
805 -0.26530194967231036 0.18240147576641705 0.4848109986156198 117 98 93 1.11
806 -0.48165349762322934 0.22426745990202426 0.7707463433787524 154 151 148 0.71
807 -0.28010390379678535 -0.24198104075893836 0.6017877136322693 140 129 114 0.97
808 -0.408249475581541 -0.17598849526376617 0.7618478181178957 150 145 142 0.62
809 -0.4224854910078541 -0.09239629261723065 0.7698218334140654 87 91 102 0.6
810 -0.4462157850227716 -0.0335795293508002 0.793719394678502 197 211 223 0.56
811 -0.42932784094986953 0.18194207775270768 0.7239201486215218 72 67 75 0.43
812 -0.5879489587635923 0.2839421966224973 0.6464644739066949 61 56 52 0.87
813 -0.4677599375544586 0.1620163497696154 0.7674042809742339 97 81 80 0.49
814 -0.3936797584005451 0.1973889629234345 0.4309746118499996 145 158 177 0.75
815 -0.3719094867806914 0.1860230117623738 0.43103098765911635 70 58 67 1.61
816 -0.4144241651540264 0.12058028022122982 0.7174624779389118 44 35 36 0.38
817 -0.6841841094070003 0.29935055740834293 0.6988207478851709 43 54 31 0.57
818 -0.47090196060353445 -0.15658287792425263 0.8481388037869437 61 55 56 0.54
819 -0.5526779965871228 0.11718065274072845 0.89322855326944 90 83 72 0.45
820 -0.6398080604411817 0.05264557298897893 1.0270585164150543 149 155 159 0.35
821 -0.4039266194833422 0.07149580411007977 0.6897608069843415 166 162 152 0.55
822 -0.6615748854968608 0.12310933416472229 1.0531224574223583 129 123 114 0.56
823 -0.4364959673931859 0.04641082004566973 0.7476514350055394 122 94 90 0.43
824 -0.67880329642124 0.15930157686283322 1.0659329950210785 113 105 95 0.58
825 -0.5097154579214075 0.2032741964642311 0.8216484215645382 133 123 114 0.58
826 -0.4243867913722458 0.21398499240291055 0.4320765611410328 58 69 46 0.77
827 -0.3961747148762798 0.1945705219778468 0.6590935245087609 145 135 126 0.64
828 -0.39922101342714844 0.01851347062614407 0.7019142547482368 115 105 101 0.68
829 -0.42011399940408567 0.252322052796439 0.6426224936263912 80 78 60 0.92
830 -0.663735257996952 0.17376764155119728 1.0405191509752802 35 27 26 0.59
831 -0.4681387838066997 0.16870311304054514 0.7659801631151346 115 104 102 0.55
832 -0.4119690952414528 0.10718514289102281 0.7076982634785344 34 24 26 0.57
833 -0.46619936262842804 -0.12524770163740676 0.8386559842376958 179 195 208 0.64
834 -0.42324157491333486 -0.03187784642953363 0.7430396336944655 98 97 99 0.64
835 -0.41018375361334974 0.17559524388767062 0.68988931099342 30 20 21 0.63
836 -0.4070650293152264 0.24263923491301323 0.6697159356903954 59 58 53 0.65
837 -0.44447295761116334 -0.12803409824228648 0.8249268009265905 159 183 192 0.63
838 -0.4149175726080425 0.16487906685475837 0.7056894105355148 60 42 46 0.37
839 -0.3176586689381902 0.20871093817590378 0.525028752566908 84 85 82 0.55
840 -0.6531830521194123 0.2636317738342181 0.7304473183902691 103 97 109 0.89
841 -0.4633859957545052 0.06745713734437911 0.7790294837182187 83 68 75 0.41
842 -0.6036201550156748 0.05769055540479951 0.9777159728030906 93 85 82 0.4
843 -0.6689037166661821 0.27135135396326915 0.7558446698426977 91 66 74 0.64
844 -0.6815343347988311 0.2985777966948504 0.7380858803118523 43 61 34 0.7
845 -0.484213481299113 0.10391790177771772 0.7953678584308692 143 142 138 0.53
846 -0.6615277254841953 0.1530343577586511 1.0419930528298331 123 111 99 0.45
847 -0.4235821043866599 -0.04280156276189343 0.7559866801660532 159 171 183 0.6
848 -0.6333785513079928 0.2766667380554271 0.704646532444029 119 123 133 0.54
849 -0.4624977006101389 -0.052625661166993416 0.8186794117356774 197 212 225 0.58
850 -0.4505597547389801 0.27265363008090754 0.6221510082450008 61 55 52 0.34
851 -0.4544676575312381 0.15528453437058395 0.7631623543194059 71 55 58 0.7
852 -0.5641350246531794 0.09688721328874446 0.9006752951953426 92 84 81 0.52
853 -0.006597107345879985 0.21149801276377353 0.48535212967589775 31 23 24 1.49
854 -0.4135902527274153 0.22991338824504426 0.6840067938059566 57 41 46 0.45
855 -0.4273577649199632 -0.06418322675241714 0.7877306802795281 142 160 172 0.65
856 -0.4123642709119374 -0.12646731495860192 0.7563939394472753 160 158 153 0.55
857 -0.45801524360936346 0.27523243341570813 0.6198868254876977 32 26 22 0.28
858 -0.48447714015153154 -0.08620797317719436 0.8461137626889256 152 148 139 0.63
859 -0.6357990742113746 0.09106876296388448 1.0191408457906692 74 68 68 0.48
860 -0.43628964636288264 0.10339714643259564 0.7617167929284634 34 23 26 0.55
861 -0.49075967410057 0.2770473898277132 0.7259934262738815 98 91 78 0.7
862 -0.4441000926737416 -0.13640649862559623 0.8266895320227807 161 180 190 0.67
863 -0.5503486601588905 0.09027439683749026 0.8846784610413027 186 199 217 0.41
864 -0.4045183425346509 0.04212086299465304 0.7058561497415494 150 143 135 0.61
865 -0.45137202783420943 0.24579464757746622 0.7367512644132629 70 53 60 0.54
866 -0.4042385903930341 0.19286659292514707 0.6714508838081659 145 136 128 0.63
867 -0.690600391453242 0.3015380457557114 0.7060084382334161 42 48 31 0.73
868 0.8431346415401169 0.31599242712723175 1.1316698650650492 76 73 77 1.28
869 0.7982737194241951 0.2776988603937316 1.3022911748535986 135 130 125 0.3
870 0.5737177010985922 0.17509964871018463 1.6181852956539018 128 122 117 0.28
871 0.7298943486675746 0.02620657722366668 1.3203950533102862 111 122 136 0.77
872 0.5492414273334374 0.2319879569647451 1.1249490248579896 90 102 112 1.28
873 0.5225713568318497 -0.001158018309957994 1.1728546683873522 136 155 169 0.83
874 0.7567441690651723 0.345334659263552 1.3513662397075386 58 52 50 0.51
875 0.37586923440002257 0.027741276643726984 1.023526148118588 45 38 32 0.97
876 0.49570008157268614 0.05237670465297914 1.746908916145864 125 119 113 0.33
877 0.9140333720988549 0.3747924141836692 1.3699003698296914 31 34 40 0.15
878 0.1665072765780747 -0.027398611417704066 0.6324681776667815 115 116 119 1.52
879 0.6001547499144921 0.08834554915121404 1.1922858548184754 109 108 106 0.76
880 0.6907230413633411 0.06910759662441789 1.276816860070441 114 118 127 0.65
881 0.7563898503873875 0.31034145488504405 1.0106812626980923 32 42 21 0.62
882 0.7551961635840642 0.26583567919948264 0.9109363615836781 83 76 75 0.84
883 0.6901246254568751 -0.035242304991216986 1.3287263161767051 113 131 149 0.81
884 0.7844086471647692 0.10331966889964456 1.3434906479106847 55 59 64 0.59
885 0.8503515134498215 0.29884999142645813 1.1680251227826355 24 26 26 0.68
886 0.757353102726329 0.2978533149368256 1.0396751695058966 55 46 48 0.37
887 0.7932960968656182 0.2942365375384218 1.3250701010219408 86 72 68 0.71
888 0.7892173886872131 0.17804080994123803 1.3243549382846507 62 39 39 0.56
889 0.7686510773574433 0.14812501123004979 1.316366648498764 136 136 133 0.55
890 0.9283719060413902 0.3670616026008311 1.3402134800194858 29 29 34 0.37
891 0.39228972445148774 0.5484359034155052 1.755164350178399 84 98 112 0.27
892 0.6822301274349086 0.28322260644657526 1.211790939415896 36 25 28 0.52
893 0.2964945475353983 -0.16511726464775325 0.7685206182644205 60 56 54 1.46
894 0.7230629096899044 0.13712915822944516 1.2802183919697607 104 97 91 0.69
895 0.398388807883262 0.22829907443687003 0.9974610950144909 104 118 131 1.3
896 0.5350059123224802 -0.13386168072339608 0.9569712072483172 207 219 226 0.9
897 0.6292600424528488 -0.18065943327621276 1.043748183277905 51 47 44 0.89
898 0.6050392926697161 -0.0815143100317684 1.0444643911797404 136 142 148 1.03
899 0.713556974016298 0.10321447676375059 1.4644873865766663 135 130 126 0.22
900 0.8459149604007216 0.31685246895883484 1.1775253298326616 25 23 28 0.95
901 0.7913331324707794 0.39147253811925564 1.483707412216432 45 45 41 0.37
902 0.7343260507004429 0.19540838447887138 1.274531435737602 32 50 58 0.67
903 0.7763869254848699 0.28934807899080417 1.279080756367479 95 82 81 0.4
904 0.2326113540486665 0.05834865964504011 0.8973199962931043 41 31 27 1.42
905 0.47609807021975564 0.23990841517131575 1.0286906980863786 73 76 80 0.91
906 0.6884919280322772 0.23528347500464972 1.2470144220153405 117 126 140 0.68
907 0.7228099171039817 0.20976817867150643 1.431337462656684 99 88 83 0.34
908 0.6609718624574317 0.03450365174618763 1.2603153375287448 122 120 116 0.85
909 0.7184245207639438 0.24272140886689206 1.4297532211380921 110 107 104 0.39
910 0.25641089292134267 0.2132899713061072 0.8672518707392493 65 46 41 1.33
911 0.6470536669170159 -0.00891656626621549 1.259949995619141 137 134 126 0.73
912 0.7125978912252816 0.2373403277552531 1.2596906881064394 126 143 157 0.61
913 0.8182124052544447 -0.09750066559403997 1.4108374545292948 138 155 166 0.65
914 0.7895824574597803 0.32521731675814536 1.2541359495294053 13 12 14 0.11
915 0.7484348758475062 0.29774701434333856 1.2526721614501088 119 119 118 0.47
916 0.7522588727767315 0.10847282315310813 1.4138600728513084 115 109 102 0.49
917 0.803786169677908 0.289001664120852 1.3083312679107595 105 98 95 0.41
918 0.5322450009632005 0.010027123133199737 1.1845500670653846 86 101 113 0.98
919 0.9249908374649354 0.37286069966780244 1.3524535162385969 22 23 28 0.53
920 0.7946926274244982 0.22535188840494944 1.3388737439305034 121 118 116 0.77
921 0.7923602243113417 0.006391654943528728 1.3882447940101708 134 132 127 0.63
922 0.7406483768873092 0.2659152469729947 1.2569865128776787 71 72 74 0.58
923 0.7165939776762658 0.2318336195004523 1.4325659026621806 116 110 104 0.36
924 0.6566868874362234 0.28910613609019115 1.156028117959387 37 34 38 0.9
925 0.8021749480226935 0.3340227964006349 1.2984091937005962 88 76 71 0.33
926 0.7836741897363448 0.26981796888086396 1.2926994999514483 31 35 39 0.37
927 0.553696273387219 0.27914874741269285 1.6255056302005508 89 90 86 0.57
928 0.7974479815009946 0.23454123439867572 1.3155343824896253 109 104 101 0.49
929 0.7822442297303004 0.07692070943158306 1.3507427917346957 129 124 121 0.53
930 0.40433008410970794 0.11759931389407947 1.841369070456605 135 129 124 0.31
931 0.1822699821201082 -0.07027410234898249 0.6843296484824152 84 77 75 1.8
932 0.5989133785586553 -0.036972188988317466 1.2315122968943177 122 121 119 0.84
933 0.7596308517287873 0.31285865362979515 1.2567948230936021 123 119 116 0.36
934 0.5959258862968494 0.21129424518809356 1.5845860567638177 123 116 110 0.31
935 0.5314108629056229 -0.060993225133052345 1.1985480554467502 71 79 87 1.11
936 0.669326119602036 -0.06566453806577684 1.3017458328430742 22 19 21 0.78
937 0.5630050290552044 0.24866706050530077 1.6179352059756915 105 90 82 0.35
938 0.2500681206559066 0.412046118734677 1.973287368293428 94 91 88 0.34
939 0.7824697633195268 0.12840154261941025 1.333654442465702 137 137 134 0.57
940 0.7729053092307663 0.21626594592084544 1.364337452073332 124 122 118 0.29
941 0.7399006048759181 0.08619376329903498 1.435220813371362 97 99 99 0.17
942 0.928100927843419 0.3790172217964369 1.367973969457467 30 26 31 0.28
943 0.3334247063833872 -0.14209776475402855 0.8133588426040859 34 30 27 1.22
944 0.5390211058941751 -0.11900474102776407 0.9579173545191302 64 54 52 0.8
945 0.6243520559042814 0.04781484107193483 1.2252218032416737 112 105 101 0.7
946 0.5242914455319755 0.015304595609052585 1.1753053990155855 36 48 56 0.89
947 0.48728395055365376 -0.0044837488585048445 1.7724088902887571 125 123 121 0.44
948 0.9027683401716984 0.3726421843652111 1.3622187808170925 15 19 23 0.29
949 0.6694291211050115 0.008612835158661132 1.2970703024481973 145 168 185 0.79
950 0.2684553855135237 -0.18646242288630918 0.7545206909355691 220 230 232 1.64
951 0.785008571098886 0.30845417373521966 1.0003493817632352 26 43 16 0.94
952 0.7532823647602288 0.1695891401761904 1.400453970563487 107 99 96 0.44
953 0.8000669550500737 0.31945092710877404 1.2893886748724925 41 44 47 0.32
954 0.7367700553750476 0.09341779234568012 1.4373409467561482 128 122 115 0.28
955 0.7942894770386902 0.044652784167799005 1.3689659762078072 126 116 110 0.69
956 0.5588743864517016 0.16796928519890925 1.6415844673801856 123 120 116 0.26
957 0.8116084408045036 -0.09068089794330615 1.4078247326652527 169 184 194 0.45
958 0.4054488211654507 0.15923969859554335 1.026860137514767 63 70 76 1.38
959 0.4882601061154981 -0.1839677259423042 1.8285078682662586 21 19 30 0.7
960 0.7881031511776109 0.33392357043255605 1.2201672476267729 31 29 34 0.26
961 0.773965541853905 0.24715657824932807 1.3584727979686229 103 92 88 0.48
962 0.1566954214852756 -0.2446123149057951 0.6798516696956247 164 172 178 1.07
963 0.5010963468842483 -0.06656050781401603 1.765952898765028 141 145 145 0.5
964 0.4883603545720258 -0.14913574932057988 1.7985225981820396 37 32 30 0.66
965 0.47228002849066514 0.1912782148019922 1.042385711691573 72 75 82 1.09
966 0.7851845536022383 0.20995525157067949 1.3530381417507586 117 110 108 0.59
967 0.7642377365111407 0.12791729663880866 1.394662661356443 116 109 102 0.23
968 1.007117074082601 0.35114135697203525 1.2723133063541159 82 78 85 1.08
969 0.5337544790949247 -0.03396141245620984 1.1895163772002313 51 61 67 1.15
970 0.7556920441772033 0.1045984129696946 1.3179143917072051 141 142 142 0.75
971 0.3877142910196453 0.17497717010801778 1.0015433192730199 26 17 18 1.22
972 0.6939683333941464 0.0041721382510159 1.5105421223218347 122 115 109 0.3
973 0.940492663471949 0.3370868804234087 1.171756914080119 46 40 42 0.81
974 0.674563321891022 0.26146149914812694 1.2295992363065054 27 36 42 0.73
975 0.7970551792491068 0.32985826644767285 1.3071482057703954 111 102 96 0.34
976 0.15393914904998832 -0.26927577660162516 0.6644688318521448 18 14 18 1.62
977 0.5941868666228476 -0.024558183132518195 0.9729366388656102 68 52 45 1.35
978 0.7674695649374261 0.22449735263785328 1.2932583830379252 111 104 102 0.6
979 0.46777995037667075 0.07412371912287763 1.77970652754125 122 120 118 0.35
980 0.6725678274794307 0.18278565701925217 1.2439537279983568 101 119 143 0.7
981 0.8254646730439391 0.31535853544141146 1.081361667738158 48 47 49 0.67
982 0.7314404670240003 0.04955170619132064 1.3146641253366802 130 155 172 0.68
983 0.6837129438587777 0.2939275424321946 1.1958265953782066 62 60 62 0.49
984 0.5139014821699666 0.2324352471618562 0.7976179232841007 131 133 135 1.1
985 0.48333516292802414 0.22429900661039626 1.7181348489562736 123 118 114 0.26
986 0.5948170468157419 -0.08474388622701061 0.9929797098175357 97 99 105 0.82
987 0.7744640216198793 0.3060520501985411 1.2721993859420664 109 107 107 0.35
988 0.7953533535187088 0.3363659965837071 1.3083547936411906 102 93 88 0.46
989 0.8736627555488914 0.3083573338874802 1.1899462772209806 39 42 41 1.27
990 0.5370272856587381 0.041523709224241034 1.158987003951394 93 96 104 0.64
991 0.5747755590717996 0.13701261312550217 1.1607155032215453 17 16 15 0.83
992 0.45878420223417754 0.032067392857332566 0.8777684744903614 62 60 60 1.6
993 0.20649110730918785 0.14394609389753515 0.6322926344737068 70 62 64 1.7
994 0.6950879154959945 0.061335305773594785 1.2967907816158348 36 43 41 1.02
995 0.47365544166487233 0.18931691841118609 0.8441493616384628 101 88 80 1.29
996 0.31593175839846627 -0.24388364315658634 0.798124430953073 186 195 195 0.84
997 0.8062372773416764 0.3763574806262981 1.3977060788211417 28 22 19 0.4
998 0.7249525449629929 -0.024493479923883767 1.3353316756243985 169 193 204 0.62
999 0.6353537871609664 0.26646745529441546 1.167642587369437 118 118 117 0.85
1000 0.7404132867163594 0.12671339141796253 1.42387449946688 116 108 99 0.19
1001 0.6812854003535435 0.23941734628964673 1.2381529468170047 31 39 42 0.7
1002 0.7667421561799487 -0.06462977645296317 1.3796451258161309 100 106 110 0.32
1003 0.5029472024551688 0.19226550968069067 1.060041848907128 65 60 57 0.94
1004 0.7811256271436539 0.16971577084239056 1.3199568998942772 128 127 128 0.7
1005 0.9721434459420248 0.38106100339789617 1.405147496123101 52 44 50 0.5
1006 0.7123043551062122 0.1495748949392392 1.4552642446763238 126 125 123 0.29
1007 0.7435551358477722 0.3004765146798861 1.0633734132940762 41 39 40 1.12
1008 0.6057996665459121 0.1308206520852773 0.9702906510380584 84 88 90 1.13
1009 0.6755573629726757 0.2298853406597031 1.231677151181948 116 136 158 0.71
1010 0.704536671622748 0.27955901285320744 1.051037395046796 50 45 45 1.03
1011 0.24581636106493102 0.15222226424837113 2.0368894628000134 94 88 83 0.6
1012 1.0102696200579955 0.34729061250631654 1.297985068547311 54 54 59 0.59
1013 0.4559129095976159 -0.03279378905733572 0.8958168744439464 87 75 65 1.11
1014 0.7496150086264759 0.11886630076645707 1.412645841093158 110 104 99 0.18
1015 0.23927714874313785 -0.13624513978187947 0.9636186321778993 8 5 5 1.12
1016 0.45585186486580026 0.5099506231838532 1.668040598577979 69 76 72 0.28
1017 0.6761288066038722 -0.014192463565590828 1.3080614195730669 143 164 178 0.68
1018 0.23138106532225344 0.10637454430915935 2.0646486879305312 107 98 95 0.84
1019 0.3744894860386034 0.5749664552993885 1.853161664391984 68 74 89 0.72
1020 0.8006393835066655 0.1953778055055122 1.3300952948453542 122 112 109 0.61
1021 0.6729683515177021 -0.06333933533688443 1.3090667428758562 15 13 14 0.47
1022 0.5192227571152078 0.2657322224676425 1.6631143531944725 104 100 98 0.41
1023 0.753908874211779 0.043457603225655575 1.3356721006979992 138 139 138 0.56
1024 0.5707992421645196 0.22063730665940043 0.8350909865263 62 60 62 1.14
1025 0.7566921700987429 0.267755240659866 0.912903780951981 52 57 54 0.84
1026 0.6950980305147592 0.015651155771157985 1.3128535655822984 100 117 135 0.94
1027 0.586271579286993 0.2777709112145748 0.7769530115899301 32 30 32 0.86
1028 0.6731371164114525 0.0024052615048361296 1.3009071766059996 238 251 255 0.85
1029 0.7973707447452044 0.11226141286565655 1.352274521499383 99 85 86 0.66
1030 0.7781767583524873 0.08953748671319346 1.3419540177161764 125 126 126 0.68
1031 0.7947198490321548 0.050783938717587414 1.370311317733737 107 100 101 0.96
1032 0.968527453630134 0.33210640992788104 1.1944836595664037 66 53 54 0.62
1033 0.7829810577080952 -0.04188161103360458 1.3871747729680004 81 79 82 0.6
1034 0.39281579871403155 0.2323210522553112 0.9901593519810904 27 17 16 1.26
1035 0.7720775281176331 -0.07572100196407232 1.4393792685360542 78 76 75 0.31
1036 0.3534155851438289 -0.17187877894851192 0.8200714069318471 216 226 228 1.0
1037 0.5306677582548776 0.1547563825014251 1.1290554509996633 72 76 87 0.69
1038 0.668919937452228 -0.05438709058587466 1.3164983712078717 175 192 200 0.69
1039 0.7798754432848987 0.19724655732877905 1.309349994470836 118 119 119 0.49
1040 0.5742269944163919 -0.09307965916006217 0.9761290019014357 55 64 71 0.82
1041 0.6512295155469455 0.2183528758657057 1.5167720086303655 101 91 83 0.45
1042 0.5364381317523745 0.03257380765239586 1.1722948668257611 22 25 27 0.87
1043 0.3064293663652423 -0.13271092870820383 0.7724363436812381 94 93 93 1.19
1044 0.5587339949341702 0.2763104743091111 1.621315627591719 146 156 152 0.53
1045 0.45555875832441073 0.03978924096957145 1.0800972613346935 47 40 34 0.88
1046 0.49763317260848927 -0.3134781305792156 0.7761208687050071 110 111 90 0.74
1047 0.9685043575996738 0.3438088592962595 1.241664721697692 85 83 87 1.57
1048 0.7880517006119836 0.017165779278617472 1.3721630910721727 138 138 136 0.68
1049 0.9933143821380095 0.3880268823982145 1.4174803073251696 17 20 24 0.81
1050 0.6739992841222479 0.1945197759662642 1.4933317625266433 116 108 104 0.42
1051 0.6931441463878603 0.29062015176004913 1.0204863575602567 61 60 62 0.7
1052 0.7777935305629985 0.3071973685526326 0.9701416291499542 44 63 45 1.14
1053 0.9186029080664216 0.3789939376039459 1.3638038501099918 26 26 33 1.06
1054 0.756891792427966 0.2726929120692416 1.268281235131433 107 96 95 0.36
1055 0.7957393377444895 0.33937794746392647 1.2580642106793791 42 37 38 0.13
1056 0.7037183499246509 0.046875082355531235 1.491525857408084 139 133 127 0.18
1057 0.6125184338313845 0.18023872376175934 0.9551399691130117 70 72 73 1.3
1058 0.7880733854252939 0.15732875166359292 1.3301390857229285 124 120 115 0.53
1059 0.5346619664289252 -0.01521006678235534 1.7095404127877718 135 129 122 0.29
1060 0.7817509157595673 0.02163734880062813 1.3641709036092866 147 146 143 0.56
1061 0.7339156918096548 0.15218702171845744 1.2842994824343725 121 108 100 0.54
1062 0.8111405369345932 0.336931702874591 1.427617686345804 23 30 22 0.59
1063 0.7811804968175783 0.18187221690169147 1.3640936242584623 127 119 112 0.57
1064 0.5301368027372089 0.2618121174322169 1.0388336016243946 66 62 55 1.47
1065 0.5731846654598045 0.2652770184855289 1.6026514196208874 44 40 41 0.65
1066 0.7825543720354826 0.2366778722630928 1.301008968682331 120 117 113 0.45
1067 0.6392905864346432 0.05145222546189632 1.2357201663782977 110 106 105 0.6
1068 0.6145774385199214 0.2804223402153569 1.1346250555704869 35 32 33 0.66
1069 0.16747220330980575 -0.2383150922203323 0.6902815553944089 196 211 215 1.06
1070 0.6708394628436191 0.05396120194771769 1.2854891319331174 25 28 31 0.72
1071 0.536609991248042 -0.15186202303703858 1.173579851752423 11 11 14 0.43
1072 0.8189554810360016 0.32115112278837765 1.0391673214463348 59 63 30 1.07
1073 0.9702858612378507 0.38158765338358897 1.3993214550784978 59 46 52 0.52
1074 0.7927990047741293 0.25450915086962816 1.3341871618028436 111 102 94 0.65
1075 0.6412576094901895 0.23912654187102814 1.1795925796389337 111 112 112 0.74
1076 0.9529587544068951 0.3400157016977812 1.2274075166484226 82 84 89 1.48
1077 0.41451329075959326 0.23305151590422177 0.7199384793975294 18 19 22 0.55
1078 0.4736142760807346 0.2806952094946165 1.71864198071459 120 111 110 0.72
1079 0.5259118892332224 -0.0834532571334121 1.1929382992388189 31 28 27 0.97
1080 0.580227991109011 -0.08325406032848585 1.2290760921522168 41 37 35 0.65
1081 0.8029587731019308 0.2980018995858071 1.2976197877510212 120 117 117 0.37
1082 0.639834080290387 0.2331161651831571 0.963636554733449 88 84 77 1.56
1083 0.8119476842848213 0.3150326911987133 1.4360701460425063 13 17 10 0.56
1084 0.476854799293489 -0.07048766014736993 1.8011825480176382 147 149 146 0.42
1085 0.7293940767741627 -0.05820234181546099 1.3455758129932263 104 105 108 0.57
1086 0.746561552288025 0.03089926575045364 1.4396030621239067 133 129 122 0.28
1087 0.7280910615192762 -0.04088502161635226 1.340048255123055 69 75 74 0.56
1088 0.7793325566390521 0.14508633081621006 1.3264096790748796 136 136 135 0.69
1089 0.536931939149492 0.2559132109143424 1.0892937852087226 61 54 54 0.83
1090 0.803643641436571 0.32499651204059143 1.2978143764027834 64 46 43 0.46
1091 0.7828812537414965 0.21250053794083282 1.3090660315551668 117 115 112 0.48
1092 0.7919303166252684 0.2803973914045991 1.2960742733565307 85 78 78 0.26
1093 0.7562386120789839 0.07298498061781249 1.3274758323759042 80 77 82 0.67
1094 0.3926580960150619 -0.35766175056019556 0.8905207062205039 157 165 174 1.1
1095 0.2432627299740463 -0.0613510568732384 0.9513105705307007 27 22 19 1.07
1096 0.47468455257872566 0.1501965236283943 0.845872316009308 94 84 79 1.29
1097 0.4670845302699543 0.09687381479663777 0.8614589246597815 67 66 64 1.7
1098 0.32230178790131414 -0.019252416325455844 0.7759962136509683 65 57 56 1.55
1099 0.7612075956510563 0.20726491116042375 1.381590637597878 113 106 103 0.4
1100 0.520217329223394 0.23465894949892735 1.0638500363330983 82 75 70 0.9
1101 0.5773790685164438 -0.057326571718228206 0.9736319199272062 46 35 30 0.19
1102 0.7705380513715993 0.2847375008793228 1.2748180987304512 47 37 39 0.34
1103 0.2537596257803622 0.5837333953530968 1.9450712574867521 25 23 18 0.69
1104 0.8033793577659053 0.306296884747505 1.3042873823437886 90 81 81 0.54
1105 0.4255368389691867 0.281748334665363 1.7848934628711415 94 82 79 0.69
1106 0.7505386532647802 0.19399213344849914 1.2855030071995897 116 113 113 0.55
1107 0.45424141458151956 0.10955165438728892 1.0596436981888742 52 40 35 0.83
1108 0.7426969102668575 -0.057264464602222724 1.35852636952756 108 112 113 0.63
1109 0.7677217931276901 0.27694027440818425 1.275872135783334 98 93 89 0.51
1110 0.5595243159013054 0.2008538102273242 1.6320766936343063 123 118 115 0.29
1111 0.7529696418500778 0.25515182504374356 1.2708961959375538 116 117 116 0.66
1112 0.3240285552740717 0.015114555672234879 0.7650432493844017 65 65 66 1.39
1113 0.5952954661931026 -0.016708460467217787 1.0119964292313797 97 107 117 1.1
1114 0.8284192384676096 0.2921075854985232 1.1496498380225642 14 15 17 0.72
1115 0.6474124734807234 0.21948087557753432 1.5225775305229818 92 78 70 0.42
1116 0.7622862879980433 0.012207647341865056 1.3526795706578925 149 152 149 0.5
1117 0.7290388688814426 0.12453395247248812 1.2909779269128945 134 133 131 0.72
1118 0.384213064268672 0.16048823269428797 1.856943811983134 104 103 100 0.47
1119 0.7891107689913655 0.32432324280626235 1.2555839003818958 39 35 43 0.7
1120 0.3682163843460788 -0.046284723172290536 1.962545965838985 18 14 16 0.65
1121 0.7465654135466336 0.06194006135947616 1.3226250893497988 136 135 136 0.49
1122 0.9243560037798554 0.37468179927268486 1.3575540513214404 26 26 31 0.75
1123 0.7467354981214845 -0.06824073320773896 1.4634768388292114 133 132 130 0.21
1124 0.45266884184416567 -0.07335783482933644 1.8309275109347434 131 140 138 0.58
1125 0.7497819490976587 0.004154766808536986 1.442812846171752 128 121 112 0.33
1126 0.6742101902910298 0.2569027089382631 1.2271807075738383 124 143 163 0.56
1127 0.8043759095434065 0.31694714804295826 1.2957287960817816 112 108 105 0.31
1128 0.14233996370390492 0.04143375692716205 0.6397845447722744 124 124 127 1.29
1129 -0.6787105581431649 0.25274290664634 0.4922680335837016 79 63 71 1.3
1130 0.0038706844349934103 -0.14150021164589904 0.7907574046275363 140 124 116 0.88
1131 -0.428655953046385 0.25260984253788926 0.6436833418518979 92 81 63 0.66
1132 -0.1824582128183269 0.15654244379706211 0.3669135899714648 77 67 69 0.86
1133 -0.3884090703560586 0.21068640484019627 0.6498753874269232 161 153 141 0.51
1134 -0.6696947837040923 0.0406161096665366 0.2247601687448861 58 85 32 0.98
1135 -0.5573106603914713 0.2309399497071643 0.8583870593459035 63 69 58 0.74
1136 -0.6856798000435285 0.18161899267864767 1.0693623334125195 78 76 77 0.63
1137 -0.38713220458588105 0.21083701832944257 0.4164506096390655 50 67 38 0.86
1138 0.11171447386929706 -0.17614971331281887 0.6952988565855389 142 150 158 1.08
1139 -0.6437508906106472 0.2816142646689302 0.9796817326884073 42 40 43 0.86
1140 -0.6766673822385056 -0.16019743940894737 0.3644016449128338 244 248 251 0.71
1141 -0.7345112053677584 0.02469005865567084 0.23724856173888667 36 50 29 0.78
1142 -0.4111118608275993 0.20330971009022242 0.6784823175377251 92 81 76 0.55
1143 0.12261394705887224 -0.16510818925526943 0.7273088480442806 78 71 72 1.38
1144 -0.22521335233059261 0.1970171103055504 0.32793414743236254 125 90 98 0.84
1145 -0.6728814212338797 0.033670700796530235 0.23993400370164367 59 78 47 0.99
1146 -0.8571434931539961 0.31127905974789627 0.9110853081672505 16 22 27 1.06
1147 -0.5081181913854974 0.258166334505168 0.5505060308330691 72 60 59 0.73
1148 -0.6145321414765559 0.03144327051513662 0.2628137794823164 64 88 63 1.35
1149 -0.32127491936194935 -0.26800610506481454 0.6452219524350561 105 95 96 0.78
1150 -0.6695433148343818 0.23771271197081925 0.7646910699992383 50 48 51 0.59
1151 -0.2800739769582999 0.16474234921771774 0.5064833081333456 167 164 156 0.79
1152 0.035198548143179964 0.16738357964925402 0.45700385203207133 12 18 14 1.12
1153 -0.32116361622200124 -0.12556833380645624 0.629424234652921 153 149 143 0.98
1154 -0.6843420225875063 0.168155674493847 0.2873603387548887 44 44 45 0.5
1155 -0.2247391020999432 0.21503928451962237 0.4075889200817406 103 90 94 0.87
1156 0.1410944193156239 0.16085515757145313 0.5751426731677889 149 144 149 1.31
1157 -0.6751980822687904 0.29903127195130197 0.7039440709646716 57 79 43 0.53
1158 -0.6842799047617533 0.06518581256432601 0.25571568022606145 28 39 23 1.03
1159 -0.43875511956256497 0.24094642666838437 0.7185460458324445 83 58 67 0.54
1160 -0.6217933325225496 0.22093582514704818 0.7102819847335117 109 110 117 0.59
1161 -0.5837832112518252 0.24157610777920915 0.7130509499630343 124 124 132 0.74
1162 -0.6320726227872662 0.016049072152223526 0.26700011507436694 78 99 51 0.12
1163 -0.6705019104654012 0.2682491154696191 0.75408812946475 82 57 65 0.46
1164 -0.21446809316246424 -0.20794515466181634 0.6376930274361935 78 66 66 0.65
1165 -0.8238884144327159 -0.04458760664464053 0.9135169340542011 59 74 68 0.98
1166 -0.6710776911095673 0.2380412610912679 0.4298292211292497 64 66 81 1.55
1167 -0.6766061664500399 0.24412072453415626 1.052580432873922 55 39 42 0.8
1168 -0.6250169606501365 0.018992455496657165 0.26598646019116073 94 93 71 0.48
1169 -0.3263667231547524 0.11046921661248911 0.5790036972375462 106 99 94 0.74
1170 -0.28487383579237274 -0.12229559583824534 0.5798595289664018 183 175 165 0.92
1171 -0.6688751898105851 0.03718422220359566 0.23940587893620566 70 94 59 0.95
1172 -0.6405422517730488 -0.2476818637073443 1.0677858181628321 112 96 87 0.85
1173 0.1418334275366091 -0.021291241337183225 0.6591011261111618 137 141 146 1.07
1174 0.007209818425257031 0.23051783676812393 0.625570041994616 106 102 110 1.04
1175 -0.6642048372427375 -0.16482967186640668 0.35708326323721507 175 195 201 1.0
1176 -0.28403615085653844 -0.26138565919806206 0.6013981380677644 77 66 61 0.78
1177 -0.635098162951603 0.05290279981240847 0.26525965059555473 178 169 155 0.96
1178 -0.8140025480962614 0.2781413153262513 0.8135014295607669 19 25 33 1.08
1179 -0.30867615324279774 0.2003100489542016 0.4963804503501046 116 116 115 0.61
1180 -0.27490715332703886 0.13290914948714144 0.508781085327665 170 160 150 0.91
1181 -0.6105340740616045 0.22567072264131535 0.6996427299363644 140 150 169 0.51
1182 -0.6659454236727456 0.27190675924358165 1.0378820507716418 67 55 57 0.72
1183 -0.6584848365936113 -0.2205250715076032 1.0405598044122168 111 104 86 0.59
1184 -0.2857463129843792 -0.2768249774719543 0.5916887249993897 155 171 187 1.0
1185 0.0126260780248528 -0.17503556586959015 0.7987870625587394 55 58 67 0.98
1186 0.019172972344578706 -0.14172853116062697 0.7908451222912058 86 86 90 0.98
1187 -0.7378273792376508 0.013779781291933925 0.23849990764475043 80 83 66 0.97
1188 -0.780823536057961 -0.022473254338877438 0.9143194444015618 82 89 62 1.1
1189 -0.6697396611411541 0.20733180957670583 1.0588157710131365 60 44 45 0.78
1190 -0.8268867009615727 0.34201567992119464 0.9078961552864359 61 59 61 1.07
1191 -0.7378062729129922 0.2202760056993769 1.1286165480778152 45 53 45 0.8
1192 0.12815367071546016 -0.2668792379407179 0.676264363935385 68 66 68 1.18
1193 -0.32356212696861536 -0.27442427883949494 0.6469756259634616 95 99 100 0.87
1194 -0.670620005207389 -0.18287412234320832 0.35671118052225465 255 241 237 1.67
1195 -0.6683773193443564 0.2404445974904528 1.051226338955349 62 44 45 0.73
1196 -0.7775364207649753 0.3201488980990802 0.8293885167623276 69 68 69 0.83
1197 -0.15814652127416653 -0.06055218373121546 0.6331017149893607 89 85 81 0.77
1198 -0.28157742134755875 -0.2854851973397787 0.5822408218757095 35 35 38 0.99
1199 -0.5771926518077956 0.22242286326921765 0.7279088385219288 201 209 227 0.7
1200 -0.8765153769754971 0.30835396040495777 0.9018617222146907 18 21 23 1.28
1201 -0.11831523933807792 -0.03685172318113569 0.6532207012241964 107 88 83 0.64
1202 -0.664401545043848 0.03280223491351609 0.2431285782461657 67 92 61 0.76
1203 -0.079954057379637 0.22745480944699295 0.5117529000419235 141 117 117 1.35
1204 -0.6775705107582818 0.24843774714189787 0.4755958059846818 81 66 73 1.36
1205 -0.6700653300025617 -0.16671091446637132 0.35653182446164927 82 119 105 0.48
1206 -0.6680718982614778 0.2205499780905096 1.0546799684954378 45 34 35 0.83
1207 -0.6460243710108614 0.2828058466015324 0.696030231215565 99 113 97 0.65
1208 -0.6534947674510205 0.2438731338880305 0.7361965122156203 142 157 173 0.37
1209 -0.21732339782335336 -0.0717389503190553 0.5885244595753947 121 111 108 1.28
1210 -0.6786117708042457 -0.16852198998449416 0.35583910169209504 249 255 255 1.58
1211 -0.8142476798353988 -0.03986620930307997 0.9204010303777473 100 98 99 1.0
1212 -0.7594302181001267 0.016564913415205457 0.23423310981180218 52 75 47 0.35
1213 -0.35476764128306376 0.16046381055678696 0.6089011852208118 160 149 134 0.58
1214 -0.671198117456025 -0.23076521314619258 1.0634922386875507 58 78 46 0.55
1215 -0.6120496556645133 0.23118282736320267 0.6973611383622997 164 172 191 0.58
1216 -0.6397703660539269 0.03859966262577243 0.255065679585802 38 59 44 0.85
1217 0.1500763163236821 -0.1625833751110403 0.6687472549531188 65 60 63 0.99
1218 -0.395102193005004 0.23162702939291796 0.6543695941852388 156 149 130 0.67
1219 -0.16007868650266743 -0.20564795182626228 0.6846880720934956 34 25 27 0.88
1220 -0.5809460017602306 0.23637944710965259 0.7174240109740894 167 176 193 0.67
1221 0.6355222613032929 0.0710938586689104 1.2256268627803353 141 134 130 0.69
1222 0.3236214805165407 0.12605536732965752 0.7083413520677702 129 130 130 0.9
1223 0.6480026296691334 0.022494688740889623 1.2517881202062298 104 105 106 0.58
1224 0.2930710932044592 0.22215156112933812 0.55967297327718 40 31 32 0.75
1225 0.46659434171104847 0.2456285151177142 0.6788058084761338 31 36 41 0.9
1226 0.4116724685249119 0.06317121270406123 1.0424945093893871 90 80 70 0.84
1227 -0.04980183533961367 0.12835814042918334 0.6715210930340159 90 89 90 1.07
1228 0.5001188422261291 0.17360642095274553 1.0702220269541618 104 93 83 0.82
1229 0.5119350151412845 0.05763661876785007 1.1209178460897495 28 22 21 0.8
1230 0.4864315200559887 0.22869705350646471 0.8239425178134733 28 24 25 1.02
1231 0.7736977513489797 0.30716200948257105 1.0430450507298552 37 34 34 1.1
1232 0.5946878538934492 0.09129017981319149 1.1845846339809296 112 106 107 0.7
1233 0.6005705118230702 0.26820918474206545 1.1426981125617028 113 105 103 0.69
1234 0.7096871271419709 0.31094448069689506 0.8875751500802136 57 50 48 1.33
1235 0.5844557221516113 -0.007897876116626193 0.9702801528067803 95 99 96 1.11
1236 0.4749449561843067 0.15818782438432738 0.8426163670861961 126 126 130 1.31
1237 0.020905413863767864 0.11529519765590077 0.7169574129621371 27 26 29 1.13
1238 0.6479775663214076 8.065111785063723e-05 1.2579019560311178 127 124 116 0.65
1239 0.7703207316357076 0.3278024858241333 0.9415142682527687 72 51 49 0.75
1240 0.6041617063287279 -0.07897629189391327 1.0223005265066738 89 80 78 0.82
1241 0.39209244080770084 0.13350709175764572 1.0147645521996889 95 104 118 0.82
1242 0.3150209681368431 -0.11557517863632624 0.8026390079330192 49 44 41 0.87
1243 0.19684423841731702 0.2128552633116152 0.5104330483897955 33 38 40 1.55
1244 0.3209672424022527 0.060899516421949434 0.7293805671849084 135 137 138 0.95
1245 0.49126930913284994 0.11172012448194142 1.0843229399463203 87 77 70 0.82
1246 0.6824927388572447 -0.03270322650087837 1.3153218945191076 125 152 168 0.41
1247 0.75867680073742 0.27040110973208603 0.9133294661009399 28 36 24 1.04
1248 0.6303323971359285 0.2862086784912893 0.8013608887174026 25 26 29 1.0
1249 0.4099112853641374 0.2476928865484895 0.961435330014747 78 74 71 0.9
1250 0.5603491192145758 0.2386561650395416 0.7283356208624329 19 23 28 1.19
1251 0.5565292895603402 -0.006900127446756625 1.202408667720772 115 132 146 0.7
1252 0.5608534274551683 0.2632852589821513 0.7216862716000092 22 24 28 0.67
1253 0.4926571781849209 0.2530618420537797 0.6720275038182065 24 25 30 0.8
1254 0.6900373770296367 0.20804945918538878 1.2525089964575575 144 150 165 0.67
1255 0.3489779136411761 0.05720386957273556 0.9958320967784021 85 72 61 0.75
1256 0.10807201052103152 0.08559408444831877 0.8113010269202838 79 81 80 1.27
1257 0.2964515830140521 -0.030499307936571622 0.9841978122947821 41 31 23 0.73
1258 0.0336435679119567 0.16599435218461125 0.7027151074673234 21 20 21 1.1
1259 0.317277525098417 0.20070677589545502 0.927486443312248 110 104 99 0.83
1260 0.5897567823233414 0.046664700920690624 0.9530119198100032 147 150 145 0.97
1261 0.5143386377367698 0.2518117255512328 1.0639244292361376 81 74 72 0.91
1262 0.6940479834466183 0.2633441059478295 0.9294079636898305 73 71 67 1.13
1263 0.701354381686843 -0.08365258426300055 1.332246630789068 104 82 76 0.67
1264 0.536089183528285 0.0690855983431681 1.1469693098097709 98 97 97 0.6
1265 0.1739044164931015 0.1425087872351054 0.8254084917312674 121 106 86 1.0
1266 0.5914251433402177 0.27248697864983945 0.8618557016687998 83 72 69 0.86
1267 0.647364329525437 0.21626308114838863 1.1897075514950177 124 116 114 0.78
1268 0.686320949885786 0.1301842035244628 1.2502784131880331 133 122 114 0.65
1269 0.525758567461533 0.2114750730779186 1.101524761167473 121 116 110 1.04
1270 0.36154345833858587 -0.011858036645558854 1.0258254443895787 39 29 23 0.85
1271 0.4906838301067292 0.26676142484925935 1.0490146781937808 70 65 65 1.13
1272 0.15016855608280058 0.111428756732997 0.8243722963432499 101 116 114 0.95
1273 0.5894737316944898 0.0942938179972331 0.9414023167540356 116 107 100 1.42
1274 0.32569212525497515 0.2284422805067512 0.5629744445539914 26 26 27 1.26
1275 0.4087081819594677 0.2150711073183911 0.6192287886929102 34 36 40 1.22
1276 0.7097361099276089 0.31426562633533045 0.8664010329057376 94 63 62 1.04
1277 0.6272210504946973 0.25011513061580204 0.9312903085246302 172 180 182 1.15
1278 0.6972248688103238 -0.009717692273396321 1.3220736950346499 212 229 239 0.55
1279 0.38786042429362855 0.24066781500914075 0.6408845421736925 75 69 72 1.11
1280 0.42340432695683033 -0.09621846877111645 1.0980567525594676 26 23 21 1.24
1281 0.20908322363058354 0.19591407309054634 0.5683586815161139 89 76 73 1.32
1282 0.756378279089051 0.281563184925425 1.0946432343377832 48 47 51 0.85
1283 0.6931665224531847 0.1570605222240708 1.256250790017999 20 16 15 0.84
1284 -0.04635575345871207 -0.06607466197656747 0.7260898544155716 12 11 12 0.97
1285 0.7473942764143481 0.30324116781189214 1.0834654078271684 51 45 46 1.29
1286 0.38093046521434176 0.07947210537690365 1.014366774120766 82 64 54 0.82
1287 0.3349534244258161 0.20910787339433204 0.9393530903402565 100 89 82 0.82
1288 0.6238404909731885 0.17374368877961063 1.1844413244510201 137 136 136 0.74
1289 0.6179772786128676 -0.10236327054819752 1.0126921478918847 149 162 168 0.88
1290 0.7792430172199314 0.2700374385284717 0.9712960239220704 56 68 59 0.85
1291 0.47513060363772397 -0.10897313179680952 0.9164054551122156 91 89 91 0.89
1292 0.3809490977303316 0.002189286491524851 1.0410035662356958 66 53 41 1.05
1293 0.5827141502092 -0.0021589401766039756 1.2088785150322376 111 110 115 0.8
1294 0.4055761516452166 0.2058604495095944 0.6345608464510458 34 30 32 1.16
1295 0.630517738387206 -0.10582492542398148 1.2721352976806637 66 53 48 0.71
1296 0.37198572341954994 0.21753029491577314 0.49276972951335457 89 84 78 1.6
1297 0.6044903049217938 0.2759217819473276 0.8353282927378503 70 74 84 0.74
1298 0.2927598240367573 -0.07727264509094943 0.9967098040197111 38 31 24 0.77
1299 0.2238476829051254 0.21791974458653346 0.5283383773094937 108 96 95 1.55
1300 0.784054941209441 0.3340488944506171 0.9613634429066499 78 54 53 0.54
1301 0.5670130319565388 0.27209826636774054 0.7179047126383042 93 69 64 0.78
1302 0.4438457626968743 0.013666337812871531 0.8440938171312723 129 119 108 0.97
1303 0.6391550785954001 0.23943588653424067 1.1767623231612643 122 116 117 0.95
1304 0.6100476949925558 0.07950496436754988 0.9558057320289793 182 195 203 0.95
1305 0.7992831084453783 0.33843317520629645 0.9699100624452637 55 36 36 0.98
1306 0.5362494643121577 -0.04487155193147637 1.198219190429328 95 123 136 0.89
1307 0.5072391050558405 0.014914871608842825 1.124122679841725 99 94 87 0.81
1308 0.40713940364667456 0.11066482988387066 1.0365812963178684 47 40 35 0.77
1309 0.4984816693717348 0.06415668400423843 1.102070436617743 94 84 75 0.65
1310 0.35661855253596125 0.2243322709297676 0.6249817815719189 55 46 47 0.91
1311 0.09833349116057738 -0.07639384580830573 0.8508568266014496 114 176 205 1.1
1312 0.3335859543757432 0.23077627465141842 0.9316245344664855 106 95 79 1.06
1313 0.6043315914858386 -0.06963983289087437 1.245946653108798 105 102 100 0.63
1314 0.6693875648309016 0.2824800157486498 1.190702465581995 108 97 97 0.68
1315 0.5555261325509478 0.12558841539354537 1.1458662438610234 113 97 95 0.98
