# 3D point list with one line of data per point:
#   POINT3D_ID, X, Y, Z, R, G, B, ERROR, TRACK[] as (IMAGE_ID, POINT2D_IDX)
# Number of points: 10873, mean track length: 6.49
0 0.4781583870446567 0.1782485459035746 0.5992086780579857 128 101 68 0.33
1 0.05579867907942626 0.05391145302348074 1.202018343717947 166 178 191 0.71
2 0.2651551369802052 0.1428330553284967 0.9231765828838885 109 82 58 0.37
3 0.196548000607604 0.01841769043121155 0.8670964230788225 198 175 149 0.69
4 0.1695396811470689 0.07608944364553014 1.06160241987034 103 76 53 0.42
5 0.2507411344217139 0.1379444769033031 0.940604601779764 81 54 37 0.4
6 0.062971184240593 0.07938778667008267 1.196180188256677 123 109 100 0.5
7 0.05335108147764089 0.148904828490768 1.21326086756781 155 167 173 0.36
8 0.0559346403888924 0.181706815762896 1.21255923115217 157 167 170 0.92
9 0.1929784389870128 0.228344736139452 0.9943955259908727 133 93 63 0.31
10 0.06069386586779169 0.05867941454288869 1.19236381318735 89 59 45 0.9
11 0.4946880051733343 0.1458988885335756 0.5887043433094367 60 48 33 0.18
12 0.1007827987597397 -0.1880505944375779 1.073496275905047 120 79 59 0.4
13 0.06770648821987379 -0.07153892165889184 0.9857315532556722 96 62 41 0.28
14 0.505328391051016 0.1678059300836874 0.5711009272083128 118 83 53 0.26
15 0.08751820418787504 -0.2259735953452197 1.088423934832835 124 91 63 0.98
16 0.08355937256626278 -0.2104601591103535 1.068980075243242 98 65 48 0.21
17 0.1129188764721972 -0.1487716442383417 1.065782267016693 152 122 84 0.12
18 0.05971050157509794 -0.1517017280448835 1.0209014037078 117 79 50 0.39
19 0.1217149703546195 -0.1082171001488666 1.047142351182587 123 84 45 1.44
20 0.1028523963504544 -0.08366390307649216 1.020872826981752 125 91 58 0.75
21 0.05120741432868414 -0.07425066144107925 0.9681127636532142 147 104 73 0.45
22 0.1621167179815117 -0.03598799973158598 1.057077774100537 105 74 54 0.37
23 0.1604094863235597 -0.01698674217806487 1.037043010742505 134 95 63 0.44
24 0.1775675483151447 0.04943569891352886 1.033285171756813 126 85 47 0.58
25 0.0657568399424272 -0.3003836874276796 1.13123197576714 77 55 44 0.9
26 0.09365120660887949 -0.2700645706246411 1.095333622323521 194 149 100 0.67
27 0.07691485575836909 -0.2121998912120089 1.067252979328689 111 82 57 0.68
28 0.1021235704143637 -0.2053122492841438 1.085714572822065 160 121 81 0.54
29 0.06467892009814424 -0.2069012468206899 1.054683407323634 97 67 46 0.67
30 0.08053010934257665 -0.1923250131347374 1.055947045478894 107 79 55 0.22
31 0.08988382882285595 -0.183455379432553 1.057133283551007 118 82 57 0.53
32 0.1142695859400037 -0.1764722519532526 1.083398532664784 117 82 51 0.34
33 0.103062130534496 -0.1684158007034497 1.065947320589796 108 74 56 0.14
34 0.06173292532858998 -0.1780124045342073 1.03679874986142 114 79 53 0.28
35 0.11901475281577 -0.1609573466565794 1.078070797581433 128 88 67 0.78
36 0.07070201653836095 -0.1573153593051609 1.033045752690432 112 81 58 0.27
37 0.09701643108095048 -0.150841860053294 1.053562543589257 110 75 51 0.37
38 0.1029047054661248 -0.1514298822596352 1.057397959617387 147 118 87 0.02
39 0.1195320841745714 -0.1258739217213068 1.061259389955974 92 60 44 0.21
40 0.07488371210809064 -0.1089829827547325 1.011452121108714 120 81 53 0.62
41 0.03633122954223333 -0.1046694294225281 0.9775593588256098 135 100 73 0.39
42 0.1315222108800185 -0.08574616693875317 1.050521252380515 131 92 59 0.44
43 0.107128627348814 -0.08127052158151707 1.026019637845457 106 77 54 0.34
44 0.0597826350359234 -0.05917031445428875 0.9706942792080914 136 99 70 0.55
45 0.1108049574769283 -0.04732903874091796 0.994896500412272 143 94 57 0.44
46 0.1293778193515242 -0.02087816980719404 1.003706583521492 204 146 90 0.82
47 0.1618982695821689 -0.01589383705136238 1.041030184790951 138 105 76 0.7
48 0.1714760844728986 0.01920236246680065 1.043688956939961 172 128 89 0.41
49 0.09823803543823195 0.00376855478400584 0.8459255492214688 160 117 80 0.56
50 0.1158242630160909 0.02928177303924598 0.8497932893751127 120 73 43 0.6
51 0.1467148888429893 0.03627865575884756 0.8640535704548931 104 59 31 0.58
52 0.17830341275038 0.0510774832444581 0.9001901654028587 176 98 53 0.55
53 0.1158415187917238 0.0656656091430127 0.8398384643675937 154 95 48 0.5
54 0.3605930893744159 0.1705535182427578 0.7766718946668337 102 74 39 0.29
55 0.08046780592139469 -0.239382088300989 1.076622696140442 139 96 55 0.71
56 0.09562021642082008 -0.2370351709313297 1.08981798197417 122 97 66 0.53
57 0.06673882437046119 -0.2157709612326576 1.05966650142133 163 132 99 0.47
58 0.06233432314761889 -0.2111069497097939 1.05103689537103 133 101 67 0.71
59 0.09248949882549007 -0.2058169743445376 1.075158328023955 166 145 102 0.17
60 0.113335930527551 -0.1986223192548686 1.089905899493337 139 110 77 0.59
61 0.1081004398079763 -0.1943835189388171 1.088269088943389 146 112 71 0.64
62 0.09072493389177283 -0.173264278094232 1.052646850213176 115 78 47 0.4
63 0.1004771929644031 -0.178053317089766 1.072786613542913 178 130 74 0.46
64 0.09581626946550525 -0.1665934439232719 1.059168946440167 137 103 70 0.49
65 0.1035303520973155 -0.1579111773038691 1.064978222617952 153 107 64 0.42
66 0.1150729174472996 -0.138017100823906 1.064762808070867 159 112 69 0.41
67 0.04233904737821237 -0.1193902062594101 0.9911480779625085 100 61 35 0.55
68 0.0997574345973985 -0.1030493825826471 1.02750460412109 94 59 37 0.34
69 0.09921512029635959 -0.1002569769652357 1.030657241282636 160 117 77 0.34
70 0.06248629743129197 -0.100935102379742 0.9970193052038965 106 69 50 0.21
71 0.1013790888745411 -0.07737473168040335 1.013213075472505 121 84 61 0.48
72 0.05267527422422214 -0.06081289619151095 0.9643025947254202 137 100 61 0.77
73 0.1881393551854668 0.02337266667790977 0.9108639194392756 116 71 40 0.53
74 0.1095459733692832 0.010170321891252 0.8497815763629704 180 112 52 0.56
75 0.1077713798757959 0.03014909479351266 0.8519666430331909 164 114 75 0.97
76 0.09532655974250248 -0.204132606301967 1.077120747558487 83 60 39 1.05
77 0.09912976995201772 -0.2031323859821574 1.080185874006626 139 114 86 0.44
78 0.106424462597292 -0.1672376305217526 1.071558275317652 77 47 28 0.43
79 0.05813690371946467 -0.175167997738044 1.032066401992171 148 106 60 0.38
80 0.117400086695573 -0.1157969811068018 1.056961366833872 147 103 64 0.38
81 0.1009694467038527 -0.1069313295305405 1.031495958445713 136 94 57 0.49
82 0.1201743753936056 -0.09534820336794406 1.050280124465118 143 105 69 0.44
83 0.1041338125327819 -0.08492691852805592 1.02436801168299 66 44 35 0.4
84 0.1275726276936366 -0.08467619510684052 1.049136091807162 89 61 40 0.43
85 0.1261404213849618 -0.07358075192366917 1.041714727133546 144 106 65 0.28
86 0.04141394526443853 -0.0820651880520368 0.9658348520570226 130 94 63 0.88
87 0.05119994128450533 -0.08222420628597374 0.9751781932401938 79 50 34 0.9
88 0.06969575574401898 -0.07423682094637155 0.9845835664444993 149 101 60 0.45
89 0.1359727175089582 -0.05661789936389514 1.042037911914518 82 53 38 0.72
90 0.1308610947562598 -0.0523604462240839 1.037054954862809 147 100 59 0.46
91 0.1164495314868586 -0.04454577088002074 1.000867396169583 174 120 69 1.02
92 0.1432762298276543 -0.02770704458108278 1.030269258406146 161 115 72 0.77
93 0.2097854255795563 0.02584427660011582 0.9301054488988317 159 115 74 0.66
94 0.1095702126783566 0.02799055511614276 0.8480221148624131 115 71 42 0.71
95 0.09268460282865609 -0.1818328910251047 1.061519020943378 66 45 38 0.18
96 0.1234719031533523 -0.05577719163721742 1.029138785192793 77 58 45 0.73
97 0.1708234343960625 -0.04959101755098413 1.036823798359421 146 102 66 1.02
98 0.0422811227163028 -0.06968093556176894 0.9610474252304775 153 110 75 0.63
99 0.1980493152821391 0.04058187081997716 0.9238874910547035 188 122 59 0.77
100 0.1178087519142865 0.07160746485924482 0.8441617800271424 158 100 46 0.67
101 0.07246026704577635 -0.2005211709034227 1.060310688092428 168 132 88 0.53
102 0.0886504365404952 -0.1674426910346072 1.052445634938872 160 119 76 0.59
103 0.1044471842021463 -0.1546795821124659 1.064163517662354 151 112 73 0.53
104 0.05535743965837825 -0.1480520427838893 1.018988646312017 151 110 79 0.76
105 0.09154337329563034 -0.1441935564586363 1.046241924075357 88 52 33 0.5
106 0.1979107810958652 0.03521871057494266 0.9211381333920277 99 53 27 0.87
107 0.1763195320173727 0.04023180114450017 0.8949385813688278 152 94 51 0.89
108 0.08641306548991035 -0.2122596305756914 1.07325152564405 139 110 73 0.62
109 0.07435526747885657 -0.1777643612255529 1.041686089710951 117 74 41 0.62
110 0.0816203270127186 -0.1730486931646546 1.046351609059642 105 67 44 0.33
111 0.1337688007077191 -0.1409628393632416 1.086500331678061 116 80 57 0.27
112 0.05659968094982692 -0.1791402637076205 1.032754257108338 105 71 51 0.33
113 0.1034447650686144 -0.1863229356253669 1.078966125510309 79 53 37 0.49
114 0.1299944391463683 -0.08182179885621052 1.044026987243475 137 107 77 0.34
115 0.04170510335060496 -0.1292947643616821 0.9888900910463811 154 135 132 0.7
116 0.07196257363860703 -0.1158094213002912 0.9919819921287086 104 64 37 0.27
117 0.1339591931217845 -0.063007173528038 1.037048797197282 131 93 59 0.44
118 0.1562823534520989 -0.05409279386762342 1.056347486866864 132 93 66 0.44
119 0.05690637130672405 -0.08174275961190849 0.9793041069663242 144 101 70 0.55
120 0.1721653848028536 0.02461476125150741 1.034840143747105 138 95 65 0.44
121 0.1644866045723813 0.02255829413242874 1.069502432939653 116 89 62 1.22
122 0.07470246446153572 0.006749967502728327 1.17783077975318 125 103 80 0.32
123 0.1333794972195419 0.04083582006653053 1.108345422747696 131 102 82 0.43
124 0.06693772948246968 0.02241350623169416 1.194809609691376 191 197 193 1.19
125 0.1108520094738746 0.1310625407611278 1.154156055519866 53 38 31 0.27
126 0.1839707169669053 0.08504270073358883 1.019622287682866 143 104 70 0.6
127 0.1279692923143693 0.05666494537950628 0.8549438395785649 82 50 35 0.84
128 0.1911893674157286 0.09065423800149536 1.017206018255538 135 103 67 0.71
129 0.1847989575247775 0.09871105540722043 0.8945219588608526 146 92 60 0.38
130 0.2734611835429704 0.1249849456075467 0.896740749412984 120 67 33 0.52
131 0.1851632070490822 0.125781274738157 0.8829005469617814 122 70 36 0.45
132 0.2744975011375166 0.1448244016474991 0.8934611363641477 96 56 29 0.38
133 0.1784342788422708 0.1041807433387979 0.8786043748227963 172 107 52 0.51
134 0.1790015541049829 0.1453884608823391 0.9866278607000771 41 31 26 1.28
135 0.3161227066877454 0.2129932466662404 1.130799349144854 81 78 84 0.76
136 0.1877823975853694 0.1616756131018932 0.990171801716768 20 14 14 0.38
137 0.1943729419270143 0.1828508562541863 1.010497529536124 122 77 45 0.43
138 0.4353169150335497 0.1862429952517469 0.6557733177267944 163 124 76 0.48
139 0.07529221788239504 -0.3010773175643688 1.126079124255841 214 184 142 1.35
140 0.0921514116333807 -0.2105966843304872 1.077527567207233 154 122 84 0.79
141 0.09681501450881258 -0.1881829846536417 1.071894532591273 96 70 50 0.55
142 0.1237009120264958 -0.1653548886043393 1.082221726578214 129 94 62 0.52
143 0.09392120217876287 -0.1703153204263081 1.059310058168588 82 58 45 0.38
144 0.09867280143439683 -0.1687489698195235 1.063120193174316 93 65 43 0.53
145 0.04962804482181471 -0.1896505114874014 1.031054352717608 136 131 134 0.4
146 0.07528084468033946 -0.1589367165110996 1.034238534461978 151 108 72 0.28
147 0.0584189683595866 -0.1595233946358146 1.022383017093174 108 75 49 0.88
148 0.07880032440453955 -0.1434981552865087 1.037115047345611 140 101 65 0.65
149 0.2032893710308153 -0.08122392276893772 1.047480617713668 57 39 27 1.22
150 0.1018607137395541 -0.1129593239230421 1.035407528655534 140 100 63 0.25
151 0.05716188167009106 -0.1068273105842975 0.9989702603348637 119 85 55 0.54
152 0.1563854153878192 -0.0569697556302505 1.059685793534043 119 85 59 0.69
153 0.06429928705713572 -0.06195565194435762 1.185175863377353 182 197 204 0.13
154 0.1420383862584674 -0.02583265510429902 1.09466542044665 113 84 66 0.34
155 0.1544802928028259 -0.01145527197980337 1.027415951167099 154 110 76 0.79
156 0.1489977493017954 0.02627464727339682 1.088040093065102 84 54 38 0.34
157 0.1250161380419395 0.0152889561649534 1.129831987149088 147 113 78 0.41
158 0.1299889584525415 0.001401451118686337 0.868539963382444 198 189 182 0.76
159 0.1581251766951403 0.0158973917314556 0.8766701747503191 84 52 37 0.36
160 0.1723317775359529 0.01987481146977307 0.8857867575774113 132 92 58 0.45
161 0.1414413118977192 0.04376357910057899 1.089570896143458 117 85 60 0.16
162 0.1138032049639225 0.03705209539642848 1.142092530347181 92 60 36 0.29
163 0.1200774527114767 0.01370890380030565 0.8577714232605017 122 71 36 0.49
164 0.1464651055986834 0.0666173961063333 1.088381638705982 114 86 66 0.15
165 0.05210968655503412 0.03200070639646876 1.194043359033235 114 90 72 0.76
166 0.1904471866067076 0.06253043931210431 0.9018840749784132 135 87 50 0.67
167 0.1623758326858893 0.0699234556552826 1.009618999088576 111 75 51 0.76
168 0.1699478667189474 0.07266304019717118 1.050937608078045 107 71 47 0.45
169 0.1668949860148262 0.05488353739629601 0.8645962890433724 101 68 45 1.33
170 0.1735147783592637 0.06299469461658028 0.8827435126603298 97 59 38 0.33
171 0.07787462818680702 0.08014295063208976 1.175456565620596 96 66 45 0.37
172 0.09395543647153437 0.06173548616045607 0.8296733621724651 180 117 72 0.24
173 0.1459072931757751 0.08497443515753469 0.8675704847297548 120 92 65 0.55
174 0.1528467351013612 0.1236539459585219 1.066285058205644 99 67 44 1.21
175 0.1913087912263789 0.118077756208932 0.895118842646884 101 60 35 0.42
176 0.2743644943163118 0.1473368025603858 0.8927560929280993 91 51 30 0.33
177 0.1846986678859304 0.1492199151706607 0.9905577537642405 36 22 16 0.85
178 0.1704827345680514 0.1224395400318495 0.8698228594589826 164 101 51 0.36
179 0.1814604554488366 0.1584905125043104 0.9934492147974202 58 45 39 0.48
180 0.1715874984539842 0.161193081566318 1.051594209136643 70 47 36 0.42
181 0.1151660395804365 0.1762791510187814 1.135606056613366 27 18 13 0.29
182 0.2037803861609349 0.1840193588117285 0.999162493805041 70 52 33 0.48
183 0.2913456845671043 0.2098150317708541 0.8621211338929045 47 29 12 0.16
184 0.1695227622489614 0.2264351896097854 1.027963806606728 39 26 19 0.66
185 0.1652319006488955 0.2385475273372813 1.031235941304823 95 65 34 0.43
186 0.3177482261923668 0.299693101361726 1.089230940375045 140 105 76 0.45
187 0.3138379795902076 0.3077916018075752 1.081839288014271 84 61 43 0.55
188 0.444120330818924 0.2013365538985575 0.6405328751730547 90 62 33 0.46
189 0.2896331036500503 0.3127369269660626 1.062678213692311 50 32 18 0.25
190 0.2994655331176475 0.3110486336156796 1.073313837483186 124 85 50 0.26
191 0.115878812627752 -0.1578347263439645 1.079049337426674 99 63 40 0.69
192 0.05329181768435987 -0.1944605683916178 1.034527016033326 168 124 92 0.54
193 0.1030558852855741 -0.1490253470729504 1.059826465570008 103 70 47 0.49
194 0.06686332818579932 -0.1530344982823012 1.019867447885071 149 105 65 0.99
195 0.11419302215182 -0.1118183739667388 1.050774021299357 120 76 48 0.3
196 0.05957489248111225 -0.1391437628274712 1.010793258356786 85 56 37 0.39
197 0.1532902407151702 -0.04783733041538271 1.045060919058616 184 115 55 0.53
198 0.09518344099643883 -0.05395721860360911 0.9814076694242255 120 81 51 0.52
199 0.1289577581516266 -0.03484152870273979 1.009219258817341 113 77 48 0.4
200 0.1599928104745795 0.03235424414224417 1.070450597643449 144 102 66 0.21
201 0.1079810069052272 -0.01144867637777303 0.8592927741277498 116 96 86 0.47
202 0.1322637954261514 0.002933105319404605 0.8715298971252667 109 78 66 0.62
203 0.1699362562929814 0.05102429262520594 1.053020461263047 133 107 74 0.4
204 0.16384129322649 0.04903830692903263 1.07652905966778 136 100 64 0.71
205 0.08747344772850385 0.03866654938208444 1.16637637571378 84 59 46 0.33
206 0.09824713384418271 -0.005597742453954002 0.8494329715749001 145 108 80 0.18
207 0.1784579432030367 0.06956208458842345 1.022500595217615 89 57 36 0.45
208 0.0560622764776223 0.05072093232429103 1.198396802627759 145 138 131 0.72
209 0.1570545754264032 0.04365954376028935 0.8687740461430074 134 91 54 0.62
210 0.1642237287993357 0.0487759247573136 0.8774701346480434 174 120 70 0.52
211 0.1683873769662985 0.05336912514097808 0.8733262140787542 151 110 74 0.57
212 0.1809859221644758 0.07253905653686946 1.025666563830557 121 80 50 0.47
213 0.09223415765597476 0.0247852402824604 0.8347872635963495 160 156 156 0.29
214 0.130058947589515 0.04842802217908218 0.8535266713044722 55 35 23 0.49
215 0.1666743762426654 0.06123847012215083 0.8735407206129928 106 71 44 0.52
216 0.1507790764813624 0.0617312905201228 0.8644124230052825 134 88 50 0.92
217 0.2812591942734716 0.1363629024632147 0.9052670558133888 96 65 40 0.59
218 0.27889009585608 0.1380857398836672 0.9055856489936882 95 65 46 0.45
219 0.2603032161106078 0.141074073507673 0.9280988990179203 62 37 24 0.42
220 0.1951029105885996 0.1306219707417917 0.9964088665247459 114 76 50 0.69
221 0.1886841718905304 0.1226309020685537 0.8835889478509117 137 84 46 0.45
222 0.1997845349804102 0.153517524017637 1.003922200063116 38 26 23 0.47
223 0.06392840690724788 0.1465287233010971 1.208312029518614 61 51 44 0.52
224 0.2016128066953074 0.16804782515258 1.003541200911236 64 44 28 0.42
225 0.1617649279677387 0.164156686685918 1.06382567750158 62 38 26 0.38
226 0.1504749193580724 0.1732824006108018 1.084926241283241 93 65 42 0.45
227 0.1398248024789298 0.1858554122672087 1.092524960856384 32 17 12 0.48
228 0.3209907391188114 0.2449350977594338 1.108001568882822 114 74 47 0.54
229 0.3419664298053075 0.1905687684111986 0.7957921818838838 118 92 64 0.3
230 0.3328533862318721 0.193079756448633 0.8080477725750684 84 65 47 0.29
231 0.3171776878799664 0.1981387991462477 0.829564722699502 58 41 27 0.35
232 0.2752221221660813 0.2039916173849867 0.884696862074174 63 39 31 0.33
233 0.3471486191026479 0.2000599124061613 0.7847663806724658 116 90 61 0.32
234 0.2777742830661818 0.1450239068924859 0.8978748351239576 102 61 35 0.88
235 0.2237766354240764 0.2182757145820824 0.9371654489759548 82 61 48 0.2
236 0.1928746185035909 0.2165162914496414 0.9883243994823702 30 22 19 0.39
237 0.195620286947195 0.225856174682089 0.9911006609896011 58 34 21 0.34
238 0.164189565889556 0.2375625311948265 1.03449602692926 37 21 11 0.3
239 0.1379093812133906 0.2534751112200323 1.073565951152728 120 89 66 0.56
240 0.2900672489302343 0.2990930794123424 1.069190791975677 110 82 57 0.24
241 0.2741976201468346 0.2997401998259016 1.049214035434364 139 113 84 0.76
242 0.2757826220207731 0.3099542917306598 1.04749637220042 103 81 63 0.33
243 0.2883023877417598 0.3151261331369904 1.064430399051371 151 110 73 0.56
244 0.3329516453967171 0.3245965106107366 1.087725963276232 169 126 86 0.59
245 0.1121429121112461 -0.08068088069474164 1.122426494613099 60 40 33 0.51
246 0.06647978171936075 -0.07757789207876617 1.171739845598547 92 70 60 0.75
247 0.06561280973966332 -0.06832939902124938 1.181912208298451 158 198 230 0.89
248 0.1514696541900678 -0.009704398429678324 1.025373165395093 82 53 32 0.56
249 0.1707150626808177 0.01243152688716478 1.037126959138299 134 92 53 0.49
250 0.1482252718464032 -0.002964410683782004 1.085662435249239 90 60 38 0.46
251 0.1394063336532495 -0.002561439175709307 0.8800223913559856 134 113 108 0.42
252 0.171356713180666 0.04396167962038791 1.021841551954984 154 112 74 0.95
253 0.1421855096578059 0.04162458576515354 1.092211826544013 76 48 36 0.5
254 0.06611707167842329 0.01662808564066126 1.18605274726432 93 71 54 0.27
255 0.1574113401345706 0.05880195382874676 1.072744293390468 82 54 34 0.26
256 0.05850957191976713 0.04246130385419483 1.198054799966648 147 134 124 0.51
257 0.1688597781952728 0.07502563722877212 1.050374173268492 75 48 32 0.29
258 0.1649912879947049 0.0639745213622735 0.8743834700634624 60 35 22 0.55
259 0.1721663561528435 0.07738990211440219 0.8790038735988195 108 61 28 0.62
260 0.1473711913141544 0.1258023258467765 1.087126344447606 47 27 19 0.47
261 0.1346696680091612 0.1270128876442809 1.12321245371879 124 93 64 0.44
262 0.2756351164126151 0.1462277608675037 0.8954525468722053 154 99 52 0.58
263 0.2649734828749143 0.1429107838608879 0.9185724555662728 128 96 65 0.38
264 0.1873659497981752 0.1524597292125584 0.9912805279480391 69 40 24 0.28
265 0.1911769564960286 0.1716062156752774 1.017906464588786 67 39 29 0.44
266 0.1711142838504589 0.1725413202268875 1.049371929603166 80 53 37 0.34
267 0.1270261772790727 0.1729492303620283 1.119391118514727 60 42 32 0.38
268 0.3095780763145281 0.2200847111720069 1.122980208696789 96 67 58 0.57
269 0.1932858883295136 0.1739596047075025 0.9979674683331967 96 67 44 0.25
270 0.1720688874116173 0.1770133369952432 1.04488340608699 100 71 46 0.56
271 0.2613736490527993 0.2027960882959023 0.9099151948073588 95 64 42 0.41
272 0.3160288656292586 0.2037411317176665 0.826752513750674 67 44 28 0.46
273 0.2724112284248588 0.2100650337004001 0.8844632664383602 62 34 23 0.3
274 0.1888517636055681 0.2257965847733464 0.9804501077705119 31 16 10 0.3
275 0.1675147431962689 0.2349039881336056 1.031438192710091 101 72 45 0.46
276 0.3377482563558071 0.2168078950127681 0.7925938973386116 72 51 35 0.36
277 0.3258944030301794 0.2239595964378908 0.8069645380415293 73 46 25 0.43
278 0.2417492212205713 0.2264650964118431 0.9193645756698212 72 41 22 0.58
279 0.2395219589032987 0.2321091320918661 0.9188451356058054 78 46 26 0.22
280 0.1828128818090919 0.2378984889851851 1.005259726585499 79 53 30 0.37
281 0.3807450849250682 0.1928079141837352 0.731644271431857 43 27 16 0.81
282 0.328086573143529 0.2286542864776646 0.7965572581002236 121 86 49 0.25
283 0.3192648067102997 0.3065579143101649 1.08557436229954 142 105 78 0.48
284 0.3831723429833019 0.2349733490721694 0.7252993782758974 94 65 40 0.94
285 0.1224889172940049 -0.08463026899522044 1.106400137417666 68 46 35 0.91
286 0.1551119261393721 -0.01517068618387846 1.031385627243349 96 59 37 0.72
287 0.1293019772490849 -0.01805555402845072 1.109170986476141 104 71 51 0.38
288 0.1470343998825498 0.0698546019903995 1.088521782204419 128 102 83 0.37
289 0.08874696548442029 0.04484150053618485 0.8246864973932378 144 94 49 0.53
290 0.1139959741411054 0.06220098122512105 0.8442116227748557 88 48 22 0.62
291 0.1680921229948246 0.08601349265586261 0.8832004792317165 159 102 57 0.94
292 0.2479729253432362 0.1416456241314051 0.9421056610284173 110 78 53 0.29
293 0.1563001620124019 0.1296607385200927 1.092020621226243 124 86 50 0.63
294 0.1408782878578339 0.1304225611646769 1.108911023613485 78 50 33 0.78
295 0.136271286104859 0.1295760082603921 1.119637815772518 78 52 34 0.57
296 0.1415104863140098 0.1403920896257652 1.109984813549811 110 75 43 0.76
297 0.171153707952774 0.1815148138768974 1.040685220440757 57 36 26 0.43
298 0.09271198797119828 0.192997200751748 1.157824278946803 36 19 18 0.9
299 0.3126410182479895 0.1841091402036937 0.8415378763478195 106 74 41 0.4
300 0.3140381326158677 0.1861949235289022 0.837343095282622 75 54 38 0.54
301 0.3055278953923485 0.1847539704759 0.8482127712758435 117 88 57 0.53
302 0.3085371181486553 0.187271406520521 0.8441884177090873 77 51 33 0.4
303 0.2657585725947009 0.1884223815248451 0.8883259011350177 88 68 50 0.2
304 0.2809692275338102 0.1900898932938665 0.8821715137874993 109 80 54 0.48
305 0.3255169633975937 0.2448789135930902 1.109392362370104 89 51 17 0.36
306 0.4777612355381299 0.1630058870454943 0.6053183870097125 137 115 88 0.42
307 0.5371972079126224 0.1611082748274438 0.5277816667454589 114 83 54 0.37
308 0.1666941789942777 0.231808972224667 1.028141851421638 48 28 19 0.68
309 0.132917750612124 0.2328433080403303 1.086964177079008 41 26 17 0.4
310 0.1802474517120376 0.2281720245311817 0.9745880134369761 23 12 9 0.53
311 0.1800188116161138 0.2283827740146892 0.9794690973605118 62 39 28 0.48
312 0.3929369029296331 0.2273177520284251 0.7162789761110677 111 84 53 0.51
313 0.3063509263884741 0.2987374933113862 1.079674427945695 138 108 76 0.56
314 0.3267760295672643 0.3060957910383744 1.102553162636304 153 119 90 1.02
315 0.3225673782363075 0.3317917372921198 1.078298068173862 79 54 34 0.53
316 0.08868572761555138 -0.248117227365082 1.152652374171488 98 88 86 0.82
317 0.1687921035084733 0.001968191254891061 1.061643456285168 122 91 66 0.94
318 0.1492762081201947 0.008848565310467071 1.077572992386315 84 51 31 0.92
319 0.1472563431556588 0.008596884979664571 1.004891442039777 91 52 27 1.07
320 0.1512838770890539 0.0256984434250383 1.081696948859917 67 41 29 0.56
321 0.1061070270044493 0.02844680681095893 1.148960214073802 120 98 73 1.1
322 0.0568972370928551 0.04847386851406899 1.200399304354704 178 192 205 0.55
323 0.1466179215386602 0.05388046058163587 0.8554849591936435 66 38 23 0.71
324 0.1760908291666577 0.06530783499928022 0.8774471094193275 113 70 42 1.0
325 0.1839363900271879 0.07927476657328877 0.898324644452136 72 41 25 0.72
326 0.1445710409458933 0.1105996879531666 1.126922819118825 129 97 67 0.77
327 0.1707529728416278 0.08291119156959814 0.8792748062226392 88 49 28 0.47
328 0.2716921106468004 0.1279060654054308 0.9258478179185363 136 99 65 1.04
329 0.2668211129574944 0.1407334949803898 0.9210901459653351 39 22 13 0.41
330 0.06144684261126798 0.1341826968405316 1.212015836018055 148 136 116 1.44
331 0.2501694729378036 0.1547116609022343 0.9369506691268599 69 47 33 0.49
332 0.2040475630162452 0.1558751753755251 1.004630672337191 49 34 27 0.73
333 0.1807354523131188 0.130256080259845 0.8796720567770746 180 111 51 0.78
334 0.1664832580790047 0.1674038578360236 1.055621931353774 111 77 49 0.78
335 0.1674821656336571 0.1811504557551006 1.047259046201636 110 73 43 0.32
336 0.1487456694339955 0.1782243050960031 1.079634140714089 52 33 27 0.44
337 0.1467219583115237 0.1836275772544968 1.078157870329515 49 26 19 0.49
338 0.3335745131071077 0.1852116905122873 0.8097799615207164 135 101 63 0.46
339 0.3268142340541177 0.1901466551474948 0.8185898163173311 54 35 24 0.83
340 0.2033468042380756 0.2069081114333617 0.9938038818633398 72 58 42 0.58
341 0.1688304075465203 0.2251036932997288 1.029838324137361 36 21 13 0.38
342 0.1427598601832303 0.01274103926642192 1.092043394459536 68 45 31 0.67
343 0.1351757181575211 0.01573625420638125 1.113010187949548 54 33 26 0.94
344 0.141869671413044 0.02800859581961054 1.094932752034874 57 34 23 0.51
345 0.1589298354121003 0.03546906207982664 1.016521676715492 108 62 35 0.9
346 0.1348995373706118 0.03149520057062943 1.109359275163794 46 31 24 0.68
347 0.270852165269584 0.07417758795888973 0.9358243498264345 138 98 64 0.94
348 0.09374767149077601 0.04166056056315495 0.8287211327733792 96 58 33 0.92
349 0.1882195784579835 0.1186446743183176 0.8888743461064517 70 42 27 0.78
350 0.1859070420937166 0.1271630601589727 0.8863625887512216 70 36 17 0.84
351 0.1745532052984309 0.1620496381442208 1.043156831434126 38 24 14 0.19
352 0.06619126568402967 0.1843515149163764 1.186230808412111 12 8 8 0.44
353 0.1908828410907417 0.2380875464501523 0.9870560188999122 47 32 23 0.5
354 0.1561796570507044 0.2385178278900475 1.041122274084757 54 33 20 1.0
355 0.15591554639135 -0.01436296029375952 1.041302042233448 78 48 30 0.98
356 0.07160548694575886 0.009988612328367175 1.185449201460499 95 62 42 0.49
357 0.1323294110558972 0.01108060518363496 0.8671926491104147 109 63 43 0.19
358 0.1606380852794017 0.06864621683659894 0.8689632162132526 51 35 25 1.27
359 0.1747560344401717 0.1827318967569403 1.056591090123599 106 81 63 0.3
360 0.5191328904935917 0.1179215700197106 0.4819961596050089 142 130 107 0.41
361 0.1425110917835942 0.2190468404813694 1.09511980466655 69 56 35 0.57
362 0.1607223343175112 0.2245682019632703 1.098126736720231 74 62 50 0.4
363 0.1656090092412446 0.2313684868546645 1.012238379604145 61 46 33 0.2
364 0.1219144157079968 0.2404508794070853 1.089614343450421 114 80 59 0.77
365 0.3211023357599981 0.3054086721023189 1.08998368094679 90 62 46 0.28
366 0.1066600581335511 -0.2627821295138759 1.097630912835124 182 154 112 0.68
367 0.1635387403876173 0.04901960359782315 0.8736716825650178 134 93 54 0.8
368 0.1816485455207567 0.07681503992299424 0.8895672379520899 166 111 61 0.88
369 0.0715072311504078 0.09959238354465588 1.187169284960267 46 33 28 0.76
370 0.2498929578816685 0.1439813582464342 0.9380324134682521 109 80 50 0.43
371 0.2105166380969063 0.2168330058944801 0.9330034465991841 46 24 18 0.61
372 0.06140772580710574 0.1453538478757693 1.20305681593655 84 55 43 0.81
373 0.2465453922298488 0.2095833973967855 0.9202007783407983 124 80 50 0.95
374 0.1924926246733084 0.2239451514189123 1.001060547641276 88 60 36 0.74
375 0.0690260968787082 -0.01879793357951803 1.195948161443731 175 196 218 1.34
376 0.1386283171997109 0.1384985527792325 1.032796188085734 24 16 13 0.7
377 0.08577521814695666 -0.2198089741210962 1.145192219937251 187 214 232 0.24
378 0.5351822239111365 0.1268213523355422 0.5547994658026181 101 76 56 0.84
379 0.5249648690465289 0.1344964635068825 0.5731829580196379 66 49 34 0.73
380 0.07564903540055312 -0.2472342633621195 1.076652378251709 140 95 55 0.78
381 0.09510821490277122 -0.2373832959385512 1.090631058581731 94 72 50 0.73
382 0.05204124179659553 -0.2079824417553448 1.048773123999263 106 78 62 0.59
383 0.1051219762468452 -0.1868320710811879 1.080762747635648 94 60 37 0.75
384 0.1069205561065657 -0.177310100904636 1.075753091674117 97 66 48 0.12
385 0.1096787181418688 -0.1781859138468498 1.081095043051821 107 72 46 0.68
386 0.06710907093672358 -0.1965122598378512 1.048335621137479 145 108 68 0.37
387 0.08341738299881718 -0.1728660229204523 1.050940191971799 76 50 35 0.33
388 0.09463074457285126 -0.1726117023531647 1.056001738883063 99 63 43 0.41
389 0.1012910532286828 -0.1775572685882389 1.071758692199169 138 100 68 0.5
390 0.1108885747980654 -0.1471803314005439 1.064456001699404 96 66 45 0.31
391 0.09884434980305612 -0.1113494537958847 1.03208526147858 88 57 38 0.32
392 0.125619170992131 -0.1657405603810853 1.086773406060235 126 89 54 0.51
393 0.071893052019255 -0.1656835896820632 1.041343272633511 140 98 62 0.33
394 0.1058929915776105 -0.1402098644004381 1.055200704335545 111 66 42 0.12
395 0.1062271772007594 -0.1292715966593403 1.046483724586966 126 88 54 0.19
396 0.1203167788572557 -0.1370895553137566 1.068946636847353 106 70 41 0.56
397 0.1159300455281361 -0.1274181002421689 1.059181325171938 98 70 47 0.3
398 0.03803596684915722 -0.135269830043504 0.9958899322852819 176 171 176 0.45
399 0.1192776511956044 -0.1066789504688923 1.051131452366597 120 82 53 0.28
400 0.1236937011517888 -0.09375935055494558 1.054091011611195 78 52 36 0.42
401 0.1415351369403453 -0.1009769789723498 1.070526481829552 114 75 48 0.53
402 0.03844071492518175 -0.1270470215230247 0.9897896898700038 144 123 114 0.79
403 0.05906741696695028 -0.1048224727029975 0.9947703305514906 131 75 48 0.27
404 0.05896247523603237 -0.1017533060882861 0.993591031801732 118 84 58 0.45
405 0.06215594851909656 -0.1012759406517522 0.996905300972019 114 78 51 0.49
406 0.09835974205405706 -0.08820361354861614 1.017639202745903 101 64 35 0.3
407 0.1239239758699885 -0.07763021031573861 1.040535406363726 100 66 42 0.37
408 0.1367814738492855 -0.07342035129744787 1.050950713319648 107 71 58 0.23
409 0.1424393621018757 -0.05680020238966574 1.043190756584923 198 138 83 0.3
410 0.1493114536714117 -0.05281127822488599 1.049293365888904 110 78 54 0.23
411 0.1493296592136322 -0.05016661413573822 1.054515959111943 115 73 42 0.6
412 0.07131677226559408 -0.09931150208485737 1.175292731743146 199 192 173 0.63
413 0.05831024032298804 -0.08169672250470236 0.9829654138820294 115 77 51 0.39
414 0.1263829238522742 -0.04740365743099759 1.018571901980367 167 119 72 0.38
415 0.1303705309792114 -0.04272973330700922 1.022130573497473 149 108 72 0.24
416 0.1480706563710478 -0.02784261736925292 1.034133056209833 136 98 71 0.76
417 0.1616129946302656 -0.03571922994106139 1.052238968927049 118 84 56 0.4
418 0.4794788030825114 0.1447503174614438 0.596737715449782 96 74 52 1.43
419 0.05043703394411236 -0.05871316893919212 0.9614879992142753 133 92 63 0.33
420 0.1242165585312444 -0.03333649680273146 0.9609683039793906 109 77 54 0.31
421 0.183355814180742 0.01123303687243177 0.9148034035027811 110 74 49 0.67
422 0.4726991311755826 0.1509484594905148 0.6187991671774165 116 82 47 0.28
423 0.1991192863098232 0.02783426858414192 0.9193871941063789 131 84 52 0.45
424 0.1652969823138681 0.005401473867826301 1.056771896916771 57 39 30 0.99
425 0.1973562686920667 0.0439337094739024 0.9191285984878219 129 68 34 0.39
426 0.2184916367940468 0.05101195284560547 0.9306414485398957 144 97 44 0.39
427 0.2162126172812665 0.0616392195446184 0.9247789075343624 145 92 54 0.39
428 0.5128082544832495 0.1860478979318949 0.5551658946101318 61 39 21 0.16
429 0.1645975886923007 -0.02248239736338009 1.058895101755771 69 44 33 0.96
430 0.1830981610816992 0.05309171523847869 0.9027012618655509 99 54 32 0.38
431 0.1052960209471797 -0.04239597902439809 0.9845236544816812 164 107 61 0.33
432 0.1734459757707683 0.0673602374734312 0.8805629668310152 71 37 24 0.55
433 0.1686286730901275 0.07827204021034284 1.061153198586267 98 71 51 0.48
434 0.2819201229201564 0.1297006125544759 0.9019388148728078 107 67 41 0.38
435 0.4228811200593765 0.1687397302933665 0.681240103631224 111 78 48 0.54
436 0.3960270999909746 0.1692293393897862 0.7208145286923286 115 77 46 0.3
437 0.2136029238292166 0.1259787877776766 0.9132986795170217 155 103 60 0.35
438 0.1698393051707826 0.1237353469943949 1.061141842466956 67 42 28 0.5
439 0.3992981792734833 0.1746142606199933 0.7141406688676004 125 89 61 0.18
440 0.423352451065701 0.1890251399737867 0.6719033993385161 108 80 52 0.33
441 0.395119783679074 0.1870167049439491 0.7137242523102011 143 96 50 0.39
442 0.3328587221993421 0.1818202889030988 0.8127179251234813 104 73 47 0.4
443 0.1981936467009733 0.1635811441832091 0.9987254161727707 56 35 28 0.28
444 0.4227312584103731 0.1944342945906531 0.6708500795644579 114 87 60 0.64
445 0.3537629525232771 0.2017316019292715 0.7733481112785531 119 90 55 0.28
446 0.3388085062989037 0.2068685289056198 0.7927828828377779 60 35 20 0.36
447 0.2657508661773626 0.2843395995379728 1.049134779408313 79 50 32 0.5
448 0.5068536221161514 0.1208748659364601 0.5538218213491727 57 40 32 0.45
449 0.08694647210652873 -0.24516512156023 1.086284922026035 130 95 64 0.82
450 0.08847796751520631 -0.2282636578006087 1.091957122253117 53 37 32 0.55
451 0.0974181162822787 -0.2297261518470874 1.100964280714593 64 41 30 0.57
452 0.06035186439035867 -0.2078714078646558 1.051754810934119 90 59 35 0.45
453 0.08021798373829081 -0.2136369807298624 1.068703797845992 153 119 72 0.89
454 0.09469313185547212 -0.2107539156335642 1.079017203585124 125 100 77 0.53
455 0.08150391650974853 -0.1763110416732535 1.049522055966916 131 95 63 0.39
456 0.0780453609082572 -0.1743738016592521 1.048282490554633 107 73 51 0.53
457 0.09013704365414854 -0.1772248124886693 1.053117738582237 115 78 43 0.33
458 0.0640639127679058 -0.1442916490947545 1.025063488065958 121 85 53 0.56
459 0.08147589694384916 -0.1464768719408272 1.038856188659824 87 52 34 0.43
460 0.08950925760468498 -0.1391113241478892 1.03568657936111 126 84 53 0.4
461 0.09829317323156761 -0.1467151923547461 1.052999630921008 128 92 65 0.56
462 0.1400621157883517 -0.1132587807963273 1.078224126054005 103 68 47 0.5
463 0.07265355368003845 -0.3170613581220599 1.131426977317317 118 89 66 0.83
464 0.06202934913051428 -0.1202525370294651 1.003972167554024 108 72 45 0.4
465 0.06388205282368786 -0.1201522009019359 1.008397123209171 111 74 46 0.32
466 0.07374477466018126 -0.1263219838381247 1.023080784034133 136 94 57 0.42
467 0.1225346932047454 -0.1058526047617075 1.054765166807566 80 47 28 0.53
468 0.132796183955672 -0.08319200676976254 1.052598182096876 104 72 46 0.14
469 0.142775031338962 -0.08938343046143996 1.069838069845388 116 84 52 0.7
470 0.06235793481662111 -0.109694410263473 1.00324785552717 149 102 60 0.34
471 0.1010571922732824 -0.09548264182290897 1.032726068472191 122 81 47 1.17
472 0.115179870700384 -0.0795482857630587 1.034623838275461 94 59 39 0.73
473 0.1088893053601884 -0.06988409748099686 1.014029980669779 117 83 56 0.53
474 0.1428344583596181 -0.06105135072599513 1.046937940657073 98 64 43 0.52
475 0.1500404013580418 -0.05111034171664422 1.050415217420186 74 42 28 0.38
476 0.03155451590513136 -0.0973620420284049 0.9709739913819437 180 169 165 0.34
477 0.05000485613365291 -0.07653903628827438 0.9719096210310454 81 50 37 0.53
478 0.1069783337119383 -0.05201938178520324 0.9927098112284138 152 104 62 0.71
479 0.1211311686948719 -0.05788135347493609 1.024251416515297 97 59 35 0.37
480 0.1481087785104515 -0.04932874393075273 1.04755221943555 140 100 62 0.58
481 0.164904891771367 -0.02536279553705181 1.052756629581557 106 74 52 0.51
482 0.0277879191498297 -0.06881564606181709 0.9483312612162325 163 145 137 0.56
483 0.1195712371158278 -0.0316059160832011 0.9553483211082709 156 115 78 0.57
484 0.123433332765562 -0.03041757717070073 0.9591382655888891 145 106 71 0.37
485 0.1216044532820722 -0.0290944239769684 0.9567364243105088 100 65 43 0.47
486 0.171034818321262 0.01958560693305639 0.8822481152769479 104 75 57 0.86
487 0.4597598677800327 0.1472683934892315 0.6446540687905694 71 52 34 0.23
488 0.1837448593892612 0.05002335912811268 0.9006055530209605 138 88 58 0.5
489 0.1921352105169244 0.05529751680344941 0.9087852053333805 129 75 41 0.5
490 0.195206121608029 0.05605012489727459 0.9134224875634964 134 86 57 0.19
491 0.1826672231167361 0.06634898594366043 0.8997836523719939 70 50 34 0.51
492 0.1641391586818751 0.091047006035197 0.8706047218982041 168 110 56 0.51
493 0.4539216882659464 0.1650092772177657 0.638556057647227 64 46 35 0.17
494 0.4384183080583409 0.1585189525183817 0.6626609576223433 88 62 49 0.11
495 0.4506443565252473 0.1716275314208975 0.6419971963188783 126 98 68 0.24
496 0.1894733657420571 0.09388993005154078 0.9026529419617499 131 70 34 0.4
497 0.2027954781756398 0.1048475715313168 0.9057602410741703 127 73 36 0.52
498 0.2786522410049754 0.1332535207098695 0.9009022169101751 101 58 29 0.31
499 0.1963796019966005 0.1171698210461529 1.022817695568046 80 45 27 0.5
500 0.4286892914243594 0.1731865345194769 0.6707552363749772 157 114 64 0.09
501 0.4068759747270188 0.164582539327696 0.7050045192161387 112 82 56 0.4
502 0.2057143841806295 0.1412090747362135 0.9987572151459795 93 55 32 0.48
503 0.4759697396399086 0.1886330410010378 0.5998475465861315 104 74 41 0.11
504 0.4322482332440363 0.1785799942927079 0.6635531682521647 104 73 45 0.23
505 0.4240302920386269 0.1791030795474989 0.6754807628982853 92 64 41 0.51
506 0.418433102656098 0.1771433582235825 0.6841436103080145 123 88 53 0.37
507 0.3992163292939572 0.1764815778727423 0.7106813588152683 131 95 63 0.33
508 0.4429691574591517 0.1878004022539941 0.645966301831511 127 90 56 0.21
509 0.4285104923207645 0.1907517587155375 0.6640850211460632 59 39 26 0.62
510 0.4304100918505555 0.1955763975367311 0.6600117031330426 138 97 57 0.43
511 0.371796392786081 0.1892425309831129 0.7468977856885475 108 82 51 0.2
512 0.3303232466120744 0.1891113280942879 0.8108690961922884 61 46 31 0.36
513 0.2009612508858247 0.2029755228018836 0.987145900453364 70 54 37 0.29
514 0.4477591999270224 0.2179929974807146 0.6383140493870449 101 75 49 0.48
515 0.1022328200982111 -0.2045876607519861 1.084922165736226 84 58 39 0.55
516 0.09255790146451481 -0.1815449987407322 1.061687838681468 68 41 30 0.54
517 0.1312577025366705 -0.1406722298016847 1.077974903474442 70 46 29 0.7
518 0.08131944540409886 -0.1342423768373154 1.026829400847417 100 62 37 0.46
519 0.0762686699020515 -0.170488313714268 1.160307350964085 112 114 112 1.46
520 0.04894745258710809 -0.1386823436299347 1.006580986531687 134 86 50 0.37
521 0.1263926991743922 -0.08950446798563014 1.057092397674081 120 82 36 0.77
522 0.1318769343896705 -0.1038875204568433 1.062538356568178 113 71 42 0.7
523 0.5117928093240112 0.1508774397252453 0.5704022506728524 130 74 31 0.21
524 0.5197031194889358 0.1740479710400744 0.5487440602096614 87 49 26 0.21
525 0.1060806700767355 -0.08952488146754858 1.029019369801358 82 50 30 0.57
526 0.1376715045573137 -0.06597012847279979 1.047200395274189 120 78 46 0.86
527 0.1471333054004987 -0.05959430080731373 1.054032316972899 75 46 31 0.43
528 0.492510381853436 0.1443562346198329 0.5935968465578612 110 82 52 0.21
529 0.1070409998509776 -0.05574771598120146 0.9928340741173109 89 50 35 0.22
530 0.07789170752446473 0.01922175735461584 0.7899365228876452 188 198 204 0.93
531 0.4838505142475066 0.1558071332880025 0.5988402618332999 185 155 107 0.31
532 0.4842905605232346 0.1546095283322389 0.5987259349948867 178 151 118 0.33
533 0.4796489429044907 0.1532962222030744 0.6065166727106328 89 64 44 0.15
534 0.1698720167292239 0.01629849770637343 0.8790880619229723 136 101 67 0.68
535 0.1704584105836746 0.02442534895510617 0.8859748304399799 142 99 64 0.5
536 0.1775447406242705 0.02057184452917657 0.9040748840806017 120 79 51 0.61
537 0.19892428057047 0.03700525347222205 0.9205008548043985 102 55 27 0.27
538 0.5048976476090272 0.1658295304655917 0.5735581591744475 111 78 48 0.31
539 0.4760797229847263 0.1556928062749739 0.6109233476810735 99 74 48 0.51
540 0.1978116628456 0.0509631118050132 0.9174641667451657 142 86 50 0.31
541 0.2140138972194077 0.05824406034397425 0.937128394889037 104 53 22 0.61
542 0.1407440639907402 0.01731719358634173 1.108732589291491 45 29 19 0.62
543 0.4692935843835102 0.1613535475345242 0.6183405716570484 108 87 61 0.29
544 0.5074084528037166 0.1763439353544137 0.5676087517287467 138 69 33 0.72
545 0.4861765318448201 0.1699959584070231 0.5912320828142519 107 80 51 0.8
546 0.453976045977681 0.1627651462428154 0.6394342772584827 75 53 36 0.37
547 0.4332189985886196 0.1541802740575148 0.6769708516771862 86 56 32 0.32
548 0.1867344992658606 0.08266008954779169 0.8915994648291028 131 83 46 0.55
549 0.1902003940699102 0.09088876359386139 0.8940837305680718 146 89 48 0.63
550 0.2058327140995213 0.0893899837279907 0.910781393062535 151 95 51 0.58
551 0.2044176670228383 0.09502818587292325 0.9138438545625498 156 99 54 0.6
552 0.2169299492299697 0.09501064802415435 0.9200849285208434 126 81 44 0.46
553 0.4766487014276136 0.1735921956890922 0.6032949724477304 123 86 51 0.17
554 0.4811332584966683 0.1767324117466233 0.5959560640059054 108 78 46 0.37
555 0.4782100018354409 0.1758310628351765 0.5999603369098543 127 97 63 0.19
556 0.4257511064237899 0.1654815253779797 0.6782339293254946 87 62 36 0.37
557 0.4252621153365956 0.1672334205411624 0.6770818154063497 120 97 66 0.39
558 0.2054505083582767 0.1061764684544032 0.9097488587197632 114 58 27 0.4
559 0.2134829526943918 0.1083291877169591 0.9154371341946033 133 76 39 0.64
560 0.2783475229576359 0.1374046406602268 0.8994129026600715 109 64 33 0.51
561 0.4760890665819398 0.1800557232106265 0.6019356198045803 159 128 90 0.14
562 0.4685947278002391 0.1793904672629667 0.612296442562473 120 96 56 0.52
563 0.4621299961485228 0.1812744216841903 0.6206650141164567 107 78 41 0.36
564 0.450693022769618 0.1794431630540842 0.6376111865554206 112 86 54 0.28
565 0.2786009362134253 0.1488984661178348 0.8957186557693997 126 76 43 0.64
566 0.4832225127466424 0.1891140496831506 0.5888454754780179 95 68 41 0.25
567 0.3738501626796048 0.1750089574411461 0.7509102754389512 48 33 21 0.24
568 0.4793740421943511 0.1917464367222819 0.5924715338113683 94 73 46 0.27
569 0.4768968589948506 0.1943119916040708 0.5951944087683457 89 66 38 0.42
570 0.4562361503187202 0.1880458063338615 0.6268781724905671 140 107 69 0.38
571 0.372228898819047 0.1864444400638811 0.7472546036218317 91 66 40 0.34
572 0.4286942042651283 0.1926365982692729 0.6641733350287746 81 61 38 0.85
573 0.42403694712477 0.1915958572773426 0.6692074366410456 66 42 21 0.47
574 0.422924414435457 0.1983621395786813 0.669377732208832 121 82 48 0.24
575 0.4004008435189892 0.1933567845417927 0.702160606989388 139 101 59 0.34
576 0.431164746743169 0.2009558999192508 0.6569943470376874 120 88 50 0.23
577 0.4789601146259891 0.2071482045703174 0.5982373880267986 37 24 17 0.44
578 0.3764351976605079 0.2108825572339217 0.7295122650143526 101 74 41 0.48
579 0.4315508668372512 0.2175309909854914 0.6606190756607094 37 26 17 0.76
580 0.2735918181934291 0.3060080543944139 1.040608894334812 70 50 38 0.46
581 0.525105394944272 0.1152470690877591 0.5637183111754149 121 78 42 1.13
582 0.08491185240144372 -0.2459984773843537 1.077764078183779 165 117 70 0.25
583 0.09681064663558903 -0.2349611309941655 1.098686176656248 132 104 72 1.16
584 0.5083089853580922 0.1254094463340404 0.5887235906145123 124 101 74 0.95
585 0.05414506367505478 -0.217648309678755 1.050810431751634 79 56 41 0.32
586 0.5196970050226748 0.1348220478600387 0.5791849030967888 51 35 24 0.61
587 0.1144353632830521 -0.1525698055446258 1.075797406792701 155 107 63 0.65
588 0.1075080583696596 -0.1354416219062118 1.061127485762343 145 98 61 0.9
589 0.05755133239973886 -0.1197998382974974 1.000194599450055 107 67 40 0.51
590 0.1237218974682378 -0.1052422511477381 1.054957881379449 91 60 38 1.1
591 0.5080869469382796 0.1452273662717783 0.5776774203877428 104 69 37 0.41
592 0.07769229673841882 -0.1070303008726685 1.014569245980717 96 58 31 0.6
593 0.5152576580195262 0.1581325726712434 0.5633199592854193 75 44 25 0.31
594 0.508336052916365 0.154237148560724 0.5740159364746337 78 51 35 0.46
595 0.07833077159905666 -0.06667853642423102 0.9856374878619018 101 62 39 0.68
596 0.1372162477444187 -0.04148290239547922 1.031552843033295 102 67 45 0.43
597 0.5062855477422519 0.1595962775186793 0.5738876871670668 81 46 27 0.24
598 0.5059966783839615 0.1565926457379416 0.5762967598772128 96 66 43 0.43
599 0.480590000390578 0.1483475504278504 0.6069313516071201 84 59 36 0.29
600 0.1659378670296349 -0.01165181487907169 1.045753430476081 100 63 42 0.49
601 0.4949727683183099 0.159804557334334 0.5818861198921385 109 87 61 0.25
602 0.4801283851117119 0.1512667304114221 0.6068995267301738 81 53 33 0.4
603 0.1566949495620489 0.02088157054334006 0.8726736052655554 166 115 65 0.53
604 0.1958502435878183 0.02536664893992208 0.916100344623731 138 95 59 0.6
605 0.2030606155801531 0.02779110009399077 0.9223493221222272 119 74 42 0.61
606 0.5042193940752169 0.1734108360346709 0.570883816964772 52 26 14 0.46
607 0.4772711746690246 0.1632088168515966 0.6074422338245423 81 61 38 0.39
608 0.4769925678996879 0.1646477543286408 0.6081293722397917 134 109 80 0.29
609 0.1973539101800039 0.06411855825478049 0.9143349961603737 131 79 50 0.86
610 0.4812806480973898 0.168444135920035 0.5988612434688583 96 69 41 0.26
611 0.4800970309676412 0.1680357601805315 0.6010838942801972 131 99 59 0.25
612 0.4788941475748935 0.1668255395740436 0.6028300039119141 110 80 51 0.29
613 0.4669277181702964 0.1638163144663807 0.6217064349383477 174 144 108 0.18
614 0.4609501156893224 0.1680453581877034 0.6277329197202864 119 92 60 0.44
615 0.4510049525483811 0.1613319141174421 0.6436912330464858 58 42 28 0.95
616 0.4567448543706338 0.1658503754063196 0.6342351892730508 161 136 95 0.49
617 0.1946791835627322 0.08918636988105086 0.9043584528339386 112 65 33 0.49
618 0.2149143234608709 0.1010115891330314 0.9178142852654304 129 73 37 0.78
619 0.2253012181514615 0.09629510504244859 0.9265725751055774 86 37 20 0.19
620 0.5101163853505057 0.1836495261355818 0.5594388538015705 50 30 18 0.12
621 0.4862547743821641 0.1764290135344588 0.5883687791031244 116 88 58 0.31
622 0.4506586904886499 0.1725640227195342 0.6408213074543857 69 48 30 0.35
623 0.1642612109611989 0.1099384012184881 1.08377158315924 81 56 38 0.75
624 0.5135229109112864 0.1862362669988719 0.5561659503235208 51 31 18 0.53
625 0.4858820960632763 0.1827668980371178 0.58604871147953 148 107 58 0.51
626 0.4541812364377834 0.17341024893152 0.6339409657482625 135 102 61 0.37
627 0.449705925880549 0.1785604147592028 0.6397775298058499 72 52 31 0.42
628 0.4054950782636432 0.1662321858721867 0.7067245314175374 89 65 41 0.5
629 0.3987592942924119 0.1700919347621989 0.7136198214983619 132 106 76 0.38
630 0.4763605332006747 0.1891329451602953 0.5976206686755083 170 126 70 0.45
631 0.4743610276753337 0.1856329596244914 0.6030067222086352 116 85 42 0.15
632 0.5091840068769622 0.1971860365372233 0.5603897343174827 73 38 20 0.41
633 0.3754259534234331 0.1907789894257774 0.7397509969725674 118 89 52 0.47
634 0.4777847971315815 0.2033756926095396 0.6027201472014146 69 52 34 0.64
635 0.3333446796574161 0.2173594085406506 0.7976965677461418 53 27 15 0.73
636 0.4508370767261435 0.2173903166520915 0.6337790392584919 106 80 50 0.72
637 0.4294176262514988 0.2216281895706969 0.6630228967154582 95 71 45 0.53
638 0.4984620915215131 0.2190966273750802 0.5739308039352512 114 80 46 0.55
639 0.4159849657173815 0.2245194846143735 0.6811121113906836 97 76 50 0.43
640 0.4364559805837376 0.2296301148595969 0.6541970808324646 101 72 41 0.64
641 0.3441974574942091 0.2428981987621197 0.7764324352456557 103 68 28 0.55
642 0.4645433419090456 0.2500108196744513 0.6261946027899257 111 80 55 1.57
643 0.5131074093315475 0.09820081523820173 0.5840343738948887 85 56 38 0.71
644 0.5113815660566492 0.1135536203547191 0.5834659347441147 153 100 54 1.4
645 0.510781572968948 0.1151290743138787 0.5858439237744155 130 94 63 0.95
646 0.08606128583782113 -0.233753274093576 1.083861457939197 59 34 24 0.72
647 0.516602262050105 0.142030375804382 0.5667990517588914 94 60 36 0.55
648 0.5224757230525752 0.149839526954377 0.5575405121972129 88 59 37 0.32
649 0.515686813172467 0.1513978845534479 0.564480466650028 88 54 32 0.29
650 0.1043426166173037 -0.09185467362960933 1.023435999758575 144 106 78 0.36
651 0.5074979689753324 0.1528724968337923 0.5786267610614287 86 61 43 0.28
652 0.5060623195630171 0.1542628064050862 0.5789462922692558 60 36 20 0.47
653 0.5078674397770703 0.1569492933672192 0.5732782086584796 92 63 42 0.63
654 0.4857175918945421 0.1477228292228446 0.6003140776977148 76 56 35 0.23
655 0.5151692227097886 0.1671083482553068 0.5589162972058936 111 74 48 0.28
656 0.4765906929772271 0.1512625327945415 0.6127831732663108 96 67 37 0.33
657 0.4755563300403871 0.1481334770305159 0.6167411875518545 146 110 74 0.81
658 0.4693899644874937 0.1493079635361099 0.6243941593178512 125 90 56 0.72
659 0.1924069775843751 0.01886439780060506 0.917334208214073 176 138 100 0.58
660 0.5131448417727994 0.1713590843435894 0.5610016198652393 98 58 34 0.32
661 0.477537604895357 0.1580747110321114 0.6085612810509325 73 52 34 0.46
662 0.1702233214831619 0.04313263099133371 0.8926018000249809 79 40 24 0.08
663 0.5106361354259237 0.1761264153057334 0.5613297366787042 88 54 28 0.96
664 0.4914057278536725 0.1664140275129577 0.5847797698042017 149 132 93 0.25
665 0.4898128104246731 0.1673645514218491 0.5863634123460608 149 126 88 0.27
666 0.4461141558022301 0.1540916204933231 0.6546333637577806 106 74 41 0.46
667 0.5105609748501714 0.1801982865147266 0.5591163710561461 80 55 34 0.2
668 0.5040965543431909 0.1789201343644277 0.5695257208566714 81 43 20 0.23
669 0.5080956968668099 0.1803811099609208 0.5626100791399578 46 19 12 0.86
670 0.4758387861522513 0.1775804555737824 0.6050054456409104 119 93 55 0.43
671 0.4634577693963537 0.1693971709392173 0.6222553194802515 124 92 57 0.66
672 0.4389847724693431 0.1681338342887473 0.6588723322673667 163 140 110 0.3
673 0.2805216476748084 0.1270375728273158 0.8997496083790022 120 73 42 0.61
674 0.5084815443997959 0.1878873421701745 0.5611494579967858 75 43 22 0.36
675 0.5080361654408394 0.1874151293211503 0.5623845188027189 114 75 45 0.3
676 0.4746097304097638 0.1820539288675785 0.6030246435191687 80 57 36 0.45
677 0.4503480409606472 0.1759237612224716 0.6397226436349301 66 44 27 0.58
678 0.4261129486671847 0.1732417198758245 0.6743547363300475 138 118 86 0.31
679 0.453699901001289 0.1932260244705445 0.6280570566418018 143 111 60 0.45
680 0.3794751535010811 0.1887427696460443 0.7344971925495293 64 46 28 0.49
681 0.3771900157555321 0.1859319796020278 0.7384747644103428 99 74 50 0.66
682 0.4467548180867381 0.1941660553869728 0.6387332446871526 146 111 61 0.43
683 0.5048138611122311 0.205805048364307 0.566931206239874 79 50 29 0.42
684 0.4278105486307541 0.20214994099628 0.6604345333274523 90 64 34 0.66
685 0.4639959502248977 0.2126238780886915 0.6170247215388814 82 58 43 0.89
686 0.4604503242450494 0.2115968683264836 0.6231805525154321 87 66 45 0.59
687 0.4700867480322817 0.2135145164101597 0.6099882743409196 38 32 23 0.61
688 0.4434024946669918 0.2153924623257693 0.6467150013442405 70 51 28 0.53
689 0.4290864263204094 0.2179487612754188 0.6637782144691773 78 63 42 0.48
690 0.4222138518093963 0.2190881222049793 0.6723808060899336 118 90 53 0.59
691 0.4163216433555945 0.2229527712286722 0.6827249761207992 46 29 15 0.54
692 0.07284864547854475 -0.2973908044154951 1.126665280488834 79 50 26 0.48
693 0.513720395111708 0.1172084931469549 0.5795146094574586 126 83 40 0.55
694 0.09918214097381695 -0.2143074229323222 1.096419302570443 153 124 80 0.92
695 0.5240546812475803 0.1367005558428857 0.562976425542744 74 47 23 0.52
696 0.5161840443983218 0.1378241616755125 0.577370732337401 40 25 19 0.4
697 0.09320418308986822 -0.1838238127445858 1.071136291768008 89 56 36 1.16
698 0.515605653652123 0.1389373156334884 0.5758513526587165 74 46 27 0.29
699 0.5169325597728647 0.151209690089517 0.5629434710120377 106 73 46 0.25
700 0.09598195197427306 -0.09495016590180635 1.015430128089996 173 130 86 0.67
701 0.1029241384383078 -0.07606912097117011 1.00602784107318 143 100 55 0.75
702 0.5172713618260545 0.1566819768229627 0.5585280684829058 104 64 34 0.28
703 0.5164457463054631 0.1625720035685106 0.5568450924995343 95 62 38 0.39
704 0.5145262373073213 0.1588863676978623 0.5627095066831913 62 31 16 0.31
705 0.5069443844164371 0.1554275003297599 0.5750674413306569 50 30 20 0.73
706 0.5038104384370808 0.1582633130993505 0.5775191736630778 68 39 26 0.8
707 0.4893725637038865 0.1475167269009297 0.5934878033787018 126 108 77 0.43
708 0.4875086552560132 0.1460020370308096 0.6000049950640804 107 75 39 0.71
709 0.4827733184141272 0.146898763359174 0.6061028416494449 113 83 50 0.41
710 0.192345210545031 0.03339582986860842 0.9133956417979243 184 125 73 1.25
711 0.2126398937608114 0.03922206653474189 0.9357785588137392 99 60 34 0.69
712 0.515046386261691 0.1716158275667258 0.5564730539885046 88 48 26 0.27
713 0.514753536468919 0.1731843200187968 0.5577170317516236 139 84 43 0.41
714 0.5102504692386211 0.1707452543778769 0.5646871024981727 44 23 14 0.61
715 0.4860381379691381 0.1579265167053975 0.5951239091983849 173 139 100 0.34
716 0.4792780558052081 0.1574219627748349 0.6060020162411173 129 106 76 0.45
717 0.1884583173063087 0.04526421249292364 0.9095796515181154 168 102 51 0.95
718 0.5105276725125644 0.1761463630956135 0.5625883836965391 42 23 14 0.32
719 0.4922724018368442 0.1698059203272175 0.5817854968567479 99 70 41 0.45
720 0.4824158009684237 0.165091698922727 0.5989604067376759 103 79 51 0.28
721 0.5093668032410346 0.2050646545580855 0.5602537701939407 89 61 38 0.43
722 0.5037003027560323 0.1862942516572309 0.5700543290427574 78 43 24 0.31
723 0.4814365030367671 0.1798382323612063 0.5941247534751912 98 71 38 0.34
724 0.4735544382291972 0.1826976466593123 0.6052513088191658 149 117 71 0.51
725 0.4481582415042856 0.1740876259779231 0.6442445066283417 130 98 52 1.06
726 0.43570943512505 0.1721689653414995 0.6613677541853368 134 113 83 0.39
727 0.4735471365175267 0.1884273282680224 0.6033009066304222 122 97 53 0.45
728 0.4632539723769882 0.186996056674025 0.6188303108163526 108 76 43 0.64
729 0.4384756127558066 0.177741509431375 0.6556713108988148 135 93 50 0.34
730 0.5040377098059996 0.1958781194561123 0.568999727533759 78 51 29 0.43
731 0.482713421082098 0.1907675542935537 0.5882457416149058 138 88 36 0.26
732 0.4780029079540747 0.1928810326170699 0.5942425318304125 142 107 64 0.62
733 0.4876281642743043 0.2088653456072193 0.5887187629073749 60 46 31 0.59
734 0.4708368587427457 0.2089167714195955 0.6070665381920105 89 65 40 0.51
735 0.4713953751630356 0.20971471076989 0.6097722827546707 99 77 49 0.58
736 0.4712545539175143 0.2097851540486089 0.6096934438664443 50 38 24 0.51
737 0.453378575427785 0.2128574425000219 0.6317873955714646 118 92 60 0.33
738 0.4789611834880199 0.2129884260500193 0.5963903220537587 65 44 26 0.67
739 0.4456869702358006 0.2159185182598234 0.6399337256698796 62 46 30 0.89
740 0.2510558349999705 0.2550601758256338 0.8851421221999123 120 93 61 0.93
741 0.3741712136439385 0.255880130807568 0.7577809121222844 99 72 50 0.5
742 0.5194561479462596 0.0972822575997708 0.5766489708679134 144 113 93 0.73
743 0.09298385191607184 -0.2285181674705477 1.093237459621449 66 43 31 1.05
744 0.5054283764021157 0.1212574564638721 0.5874502529443429 178 173 168 1.14
745 0.5170656521215959 0.1388202798839624 0.5686926891964561 58 33 20 0.56
746 0.5205075178169405 0.1366117451123354 0.5705088891255822 41 26 19 0.76
747 0.5163769279742455 0.1409763450588813 0.5683292579067156 108 78 45 0.34
748 0.5177233599603385 0.1549556805765608 0.5603736439835746 63 35 20 0.37
749 0.4889714231645453 0.1466936414273126 0.5960518278081626 69 48 28 0.73
750 0.5099220859766406 0.163860995120823 0.5702670970242188 79 44 22 0.48
751 0.5085906795914729 0.1686373605570937 0.5682956610500786 86 48 27 0.52
752 0.4687410135529705 0.1531083945180564 0.6229233250669872 118 96 69 0.47
753 0.4841011557485183 0.1655376123172585 0.5958327540353893 141 118 90 0.49
754 0.493277558647279 0.1732493079949574 0.579746830141494 90 61 32 0.27
755 0.4750015129745281 0.1699786307488421 0.6088535854969246 108 86 61 0.83
756 0.4756874518152314 0.1766137160736651 0.6033687477807935 65 45 28 0.45
757 0.2002174496728418 0.09750471462723127 0.906462700542273 162 102 53 0.96
758 0.2808625027451389 0.1308745928585668 0.9097564921759507 44 22 14 0.56
759 0.4335327667375846 0.1719879787105341 0.6665359764956397 116 78 49 0.49
760 0.4871379575671314 0.1858315432879767 0.582829510023709 104 74 40 0.45
761 0.4758109460523032 0.208849117442781 0.6030483893004411 96 75 51 0.52
762 0.4787146792402521 0.2099332074832331 0.5993747902957398 28 26 23 0.5
763 0.5183597385836808 0.1407265341293794 0.565336011371159 118 78 45 0.43
764 0.5198228337909705 0.1370649718215622 0.573603040150386 37 24 18 0.29
765 0.5120045036576436 0.1398143415932044 0.5754978034785783 47 25 15 0.74
766 0.04128720115164164 -0.1207870327490228 0.9900636475346709 71 46 37 0.51
767 0.2185855518563116 0.07420915513365703 0.9220769471411026 48 18 10 0.36
768 0.5224638675641696 0.1151757762587052 0.5687190281999797 97 56 30 0.83
769 0.4969100470041631 0.1739359523699738 0.573976755432543 64 42 20 0.93
770 0.4885098248512574 0.1740289613938909 0.5856861170102849 111 85 52 0.51
771 0.5095518755088975 0.1841048695244649 0.5620630205913817 56 26 14 1.03
772 0.4899568578468386 0.1795348507268875 0.5787789614241026 65 40 16 0.7
773 0.4742576688700417 0.1744845571348077 0.6081443867332439 114 89 58 0.76
774 0.4543101577285612 0.170867693336335 0.635083375929326 159 117 66 0.87
775 0.4761669524410757 0.1917359824872865 0.5967732062795102 132 100 61 0.46
776 0.4271898975576126 0.1896407984863082 0.6667418337913471 54 32 20 0.87
777 0.4223486422538384 0.1860558245063319 0.6767281729209881 144 111 75 1.13
778 0.3737797350542403 0.1807435806679377 0.7503691174690013 59 38 22 0.9
779 0.5047468386226323 0.2008689368193857 0.5665504423940543 56 33 17 0.82
780 0.5080285075002464 0.2098308242860795 0.559470234167176 94 56 31 0.66
781 0.5061660852675854 0.211341323944227 0.5641097827954261 82 54 32 0.73
782 0.5086712178027801 0.1526731505634097 0.5726576618073371 113 74 39 1.08
783 0.511243282319679 0.176397989195242 0.5636257677829127 60 31 16 0.62
784 0.460089175074221 0.1799058770881615 0.6241228136813335 127 91 46 1.29
785 0.5058213647403357 0.1893093842731108 0.5638584837836493 108 66 35 0.97
786 0.4904065994749449 0.1702381075901089 0.5859589197385128 151 125 91 0.46
787 0.4543039710429451 0.1893334272766957 0.6270210562717285 121 91 56 0.94
788 0.4627687659844564 0.1633040095452413 0.6273361031686517 124 103 73 0.64
789 0.05067606698864147 -0.260009570328173 1.131306538855934 82 64 43 1.55
790 0.06717471155858545 -0.309043566527416 1.134211465604063 116 89 86 0.79
791 0.09969927677364032 -0.2304822127179527 1.115975871604148 83 68 53 0.8
792 0.1064808429730708 -0.2189476571524258 1.112616767339933 130 113 96 1.11
793 0.1007828982493795 -0.1984663319989232 1.08104812183537 81 59 45 0.3
794 0.1099230754832513 -0.1856645934449278 1.087169272226072 108 82 58 0.75
795 0.05950764700496414 -0.1786328663819433 1.035059894561867 121 89 63 0.38
796 0.1036028543793451 -0.1685879858320752 1.070507957334788 121 88 64 0.55
797 0.1143152649613937 -0.157475436262275 1.074090780862113 106 70 43 0.41
798 0.08403011789404535 -0.1533613051735505 1.039998165248365 114 78 52 0.22
799 0.09367556836694912 -0.154435005997488 1.052533643102589 139 84 46 0.15
800 0.04249308752913594 -0.1450479037364526 1.002279690525011 132 102 84 0.48
801 0.05125395108462516 -0.1342537285325511 1.005243135316883 125 87 53 0.79
802 0.07853878458684582 -0.1141844539938855 1.015165372210568 142 102 66 0.26
803 0.1172267694357047 -0.1099777461821222 1.049037088242902 134 106 78 0.2
804 0.1385583936822171 -0.1046553789670465 1.071197774693427 140 97 61 0.38
805 0.03666362921689448 -0.1076586340457276 0.9766332684992414 125 99 84 0.63
806 0.04501049255920542 -0.1049548968572187 0.9805338851452421 114 79 50 0.38
807 0.1035569227574452 -0.0936823144538034 1.023268887543146 145 107 71 0.76
808 0.09017673518942071 -0.08962118091155688 1.011126320936845 99 65 43 0.38
809 0.1033328833223482 -0.08681674849049506 1.019721644936723 104 68 42 0.23
810 0.1038026093332632 -0.07980568242694161 1.022370510994754 89 62 42 0.11
811 0.121451907985311 -0.06902630175398691 1.03270890631227 119 77 45 0.27
812 0.1325738413085127 -0.06591335186374372 1.044860387205647 141 93 60 0.39
813 0.1333436304737985 -0.06317429055056764 1.041862624137812 119 88 61 0.22
814 0.1456988843444098 -0.07806279610299724 1.065535605638193 135 110 80 0.39
815 0.0460432764786165 -0.09598597104382858 0.9820073789119974 127 90 62 0.49
816 0.0553623815755897 -0.08439572920627589 0.9754208513556113 141 97 62 0.75
817 0.05679405314833541 -0.09425504545962096 0.9926732606021152 100 69 45 0.22
818 0.08307117785663165 -0.06824691176969847 0.9930932127806682 120 82 52 0.51
819 0.1038290656474657 -0.06755157987512392 0.9987767022005846 120 73 40 0.39
820 0.1181703816464764 -0.04996985556635755 1.015526347185872 129 90 62 0.47
821 0.1359349956625929 -0.03782837645318773 1.026365171179815 129 98 72 0.6
822 0.1312802258378955 -0.06133406912825509 1.035640023861628 137 97 68 0.27
823 0.1448951806252188 -0.05332157616887287 1.043723365675189 99 64 44 0.3
824 0.1547697034948587 -0.0405588118166417 1.050220795004554 128 95 57 0.77
825 0.03172751560532561 -0.06821774515506127 0.9503907479743104 138 107 87 0.24
826 0.0370796739657856 -0.06894507451023787 0.9529835917766694 177 131 91 0.29
827 0.04067299225888377 -0.0654145232366328 0.9523148355470847 124 87 62 0.28
828 0.05989223587737869 -0.05744936359718514 0.9678341299529654 126 96 74 0.25
829 0.1578278462611458 0.04705360695272723 0.867747355437588 133 92 55 0.55
830 0.1228086447019232 -0.02880707194485971 1.002029062491529 123 83 50 0.36
831 0.1444611463484573 -0.009874959240361469 0.9882405183492289 141 100 65 0.97
832 0.1349772497991745 -0.02193242349726571 1.009082509904122 153 105 64 0.49
833 0.1422740501282084 -0.02419199910706191 1.091901192558057 114 88 68 0.28
834 0.07313845982774203 -0.03190397839326817 1.17770292855169 113 81 61 0.62
835 0.08375337731373067 -0.02592905466928325 0.9439851830944084 164 111 68 0.43
836 0.1794110089971979 0.01385183476434357 0.9093775629997514 161 122 82 0.41
837 0.219376024808572 0.02715540236039135 0.9395251045327662 117 86 62 0.26
838 0.2160881860577591 0.0294871703951608 0.9473271321640737 118 79 52 0.61
839 0.142644838786592 0.002317251851567198 1.007011842306376 150 114 83 0.59
840 0.1609978665525474 0.003344941335078733 1.026453865380043 111 82 56 0.5
841 0.1627797363054796 0.0180264714663666 1.022739242040616 128 87 53 0.53
842 0.4910435062329351 0.08080663172412608 0.5396951348084775 131 100 66 0.2
843 0.1603591033400875 0.01378762824820637 0.8766927609197169 127 98 78 0.48
844 0.1741225591581948 0.0170223805577448 0.8881043361571583 105 69 46 0.4
845 0.1863215487765298 0.03845381125697506 0.9068716150024022 120 71 38 0.86
846 0.2106676079120094 0.05458638197789345 0.9279848728982827 142 89 51 0.49
847 0.1929838490006411 0.0418009674911248 0.9680174396709346 95 58 36 0.42
848 0.1480429111407662 0.02920814191741536 1.084213750184655 94 63 45 0.37
849 0.1662575135731379 0.05500295851926154 0.8713010009630104 106 73 47 0.69
850 0.1720159161552602 0.06211215408808748 0.8791221285960344 120 83 55 0.56
851 0.1875410289304311 0.06053774321612468 0.8980891108571258 140 83 41 0.64
852 0.20571232957636 0.07285397371921321 0.9189617862874337 81 50 31 0.38
853 0.05785515868897506 0.06476344343779838 1.197992362563888 188 196 203 0.9
854 0.5252252851992393 0.1240580388882917 0.4490519891300385 135 119 96 0.92
855 0.5169432358206344 0.123591432249226 0.5064709638588203 80 54 35 0.5
856 0.5500578503518303 0.1253004193270797 0.5311968523356655 85 77 59 0.45
857 0.5386327954894318 0.1322206529228336 0.54537180975663 70 54 39 0.49
858 0.5518337318876273 0.1363463838989754 0.5656327063836417 79 57 42 1.61
859 0.5111547945497145 0.1296919821622055 0.5840394716268575 104 70 46 0.48
860 0.5174376280410505 0.133709453623521 0.582262110228593 85 60 44 0.28
861 0.1706164844920227 0.07170705408264649 0.8779083815638313 145 96 55 0.52
862 0.1844044554303872 0.0896183913260328 0.8898857792029947 134 81 45 1.08
863 0.2046924655230724 0.0984947496274053 0.911341394836122 104 54 24 0.42
864 0.07706168581484429 0.07869863579447506 1.181639245843338 147 131 116 0.15
865 0.082310262883316 0.08182901277611079 1.180055139458403 156 140 128 0.15
866 0.5132134100486418 0.136953534586163 0.5052902646014188 79 52 33 0.4
867 0.5096740828679583 0.1384799104695405 0.5829851327644695 47 30 20 0.72
868 0.1558129420447182 0.09208651968946688 0.8675103535196823 105 72 50 0.83
869 0.1705207016781112 0.09490010745847693 0.8744524174607946 102 54 27 0.45
870 0.1820538312788738 0.09822719787192662 0.8868358231638461 148 87 41 0.45
871 0.1876831147794625 0.1018133006460391 0.8881605080507227 128 74 44 0.48
872 0.1924663351903037 0.1025723670536658 0.8987993611144462 108 60 32 0.42
873 0.1881701357425719 0.117199487785517 0.8836795489915399 148 92 52 0.46
874 0.1993933734497841 0.1221754391514348 0.9001645423683966 157 96 50 0.85
875 0.2652605298793481 0.1316213251483535 0.9345716302231961 116 76 49 0.61
876 0.2047465649893451 0.1331412833765676 1.021777529082561 103 66 40 0.33
877 0.1331285155554275 0.1184605766314885 1.136479176852329 118 86 67 0.48
878 0.4822785570790553 0.1481190517595497 0.6041952457545529 66 45 27 0.37
879 0.4423872418826743 0.1487672846470903 0.6686026459565891 160 122 87 0.36
880 0.3905244169201164 0.1612527620761366 0.7382022335618186 139 99 64 0.35
881 0.1691454670127662 0.1255083846159593 0.8715851314202882 129 74 34 0.59
882 0.2016925930265656 0.1266155786071686 0.903308515529526 113 66 34 0.56
883 0.1501850531232022 0.1383013117634964 1.090986396951478 118 82 57 0.52
884 0.5030597660322561 0.1580387113547472 0.4960494557347636 50 33 23 0.5
885 0.5307492077408525 0.1690642880245422 0.5172678054473696 148 107 66 0.46
886 0.5168393581325289 0.1695168229831013 0.5537721240408807 131 99 74 0.35
887 0.5167547973534895 0.1695776779023205 0.5537595639521178 129 95 63 0.34
888 0.4690270229709225 0.1741314395473613 0.6135484867654634 81 57 31 0.41
889 0.4529610482193518 0.1745929189040947 0.6356739274299542 96 72 42 0.58
890 0.4291191632033161 0.1715689016341102 0.671540614853275 115 91 63 0.35
891 0.3065028460624363 0.176487001240159 0.8467654818614916 114 82 53 0.44
892 0.2974692708024057 0.177481864589134 0.8567212151623488 99 72 48 0.55
893 0.1864256720885516 0.155930973859745 0.9928743625172083 44 28 18 0.11
894 0.1647199201774263 0.163357721679231 1.065995347901944 53 37 27 0.43
895 0.08287156501050785 0.1806385660877883 1.173279062079587 65 47 38 0.19
896 0.430129628566304 0.1863925233719224 0.6632206102653764 88 59 33 0.49
897 0.4153682615231441 0.1813012945229768 0.6858813868563779 101 76 48 0.21
898 0.3822536070817216 0.1911297945628305 0.7302073070732382 124 88 56 0.26
899 0.5338486033082297 0.1891985398416281 0.4664437403571796 70 52 40 0.22
900 0.2622615197811914 0.2109600799515175 0.8979765741089152 78 49 34 0.59
901 0.415585609283317 0.2245304541547325 0.6839822710741934 87 61 42 0.62
902 0.3805020998452957 0.2161316650864313 0.7218830220325976 91 66 42 0.49
903 0.3261152054740568 0.2357435574525599 0.8044134317496912 99 76 54 0.33
904 0.1113039297507248 0.2380910090996906 1.125604115217087 49 34 25 0.51
905 0.3181105737465416 0.2619473148754472 1.099006915810626 117 71 35 0.51
906 0.4401120196694198 0.2422576244306635 0.66502931660827 172 143 119 0.27
907 0.3122143894500101 0.2503431140005086 0.8223003136947239 112 71 32 0.54
908 0.3097067597922325 0.2732929712839733 1.087813112283404 98 58 28 0.23
909 0.3029844725568873 0.2814922233034108 1.078335284028392 116 84 46 0.11
910 0.3213841274175078 0.2736306157661755 1.093667724059261 84 51 25 0.37
911 0.2345172865634918 0.2737688455915342 0.9259725432851995 79 64 54 0.5
912 0.3056525028501574 0.2948094174629414 1.079785033984284 130 88 57 0.29
913 0.3152172827803856 0.3135111135266336 1.078878391634947 79 52 36 0.43
914 0.07339930071808498 -0.2899357514079208 1.126670867661821 133 112 104 0.23
915 0.08409209205919022 -0.2233775247891794 1.148253718390399 101 98 110 0.73
916 0.06907177868252024 -0.2124532165363678 1.053694802018269 137 109 81 0.51
917 0.07200754879086457 -0.227504393870377 1.062195625696323 151 136 131 0.28
918 0.06414751262753104 -0.2279198109185861 1.064618201727303 132 114 94 0.32
919 0.07700286446920723 -0.2068024070332703 1.063993817872873 85 62 48 0.45
920 0.07351921956817575 -0.2030996529888805 1.060123526828443 139 108 68 0.4
921 0.09620688492177387 -0.2111326312301463 1.08373386296353 129 96 71 0.65
922 0.10765078356723 -0.2046119568815817 1.092734169346159 110 87 57 0.73
923 0.120120887366544 -0.1838325028449862 1.086406709450709 146 108 76 0.67
924 0.116154649714808 -0.1781763630281803 1.087989121578485 95 67 46 0.91
925 0.04058672088944082 -0.1495007289289852 1.002985403197867 143 138 141 0.43
926 0.07275905270607796 -0.1841377906444915 1.050510632167896 129 90 60 0.36
927 0.09772944305587761 -0.1710570484457303 1.060351319863615 111 84 61 0.17
928 0.07893490924405344 -0.157427240639807 1.037806234339162 138 107 82 0.43
929 0.06903241752945111 -0.1470727079996054 1.028875234731119 153 109 73 0.19
930 0.07489326269290442 -0.1504320598558627 1.032117668990025 114 74 40 0.21
931 0.09294592592606665 -0.1346545660427214 1.035043314599085 99 66 45 0.41
932 0.11669372484058 -0.146340236042841 1.073403824277281 117 85 58 0.48
933 0.04387252849270595 -0.138313132078644 1.003484074810623 104 65 38 0.4
934 0.06970742413931319 -0.1189526268721801 1.011267074207403 125 88 53 0.04
935 0.07782173093030964 -0.1366830715565037 1.026635120825965 129 96 66 0.31
936 0.06468437092847645 -0.1392344006249783 1.020069122602516 92 62 41 0.44
937 0.1676140604641964 -0.09676317051751807 0.9847390836607488 93 66 44 1.14
938 0.08249203998214782 -0.1158045938083635 1.02026266811063 96 63 40 0.39
939 0.1260418097805072 -0.09567454516565796 1.056365455366682 145 103 68 0.23
940 0.1318659728519411 -0.09442175780315767 1.095911144600288 77 55 43 0.56
941 0.06450900062923637 -0.1037184321169378 0.9984676068422209 130 97 64 0.75
942 0.09257483491855267 -0.09694778508859683 1.014402875372105 155 117 82 0.34
943 0.1123361282256525 -0.08793987494244285 1.027797205855428 121 82 51 0.38
944 0.1339099963772644 -0.08281843865686164 1.052077161759475 113 75 47 0.27
945 0.1390806349676291 -0.08473105083252661 1.060627674963726 114 81 43 0.43
946 0.03227038429018125 -0.08574106119901118 0.9640013431413841 154 112 84 0.65
947 0.04130259813936243 -0.09748794113560347 0.979922605360847 191 129 77 0.75
948 0.04800788728129801 -0.09224007943934195 0.9834605346705451 159 116 79 0.54
949 0.07474459299921854 -0.07800066967922134 0.9906002782275222 120 80 52 0.48
950 0.0709167245434934 -0.06786035699236484 0.9857517609986997 154 111 69 0.65
951 0.1779292470207106 -0.04772856490346669 1.005436523069108 90 54 30 0.8
952 0.1220702718638449 -0.05516736715481943 1.026047967371162 148 107 70 0.87
953 0.1363368027634479 -0.03481691198420403 1.024220328708606 161 128 85 0.49
954 0.1364519215348378 -0.05959812150455487 1.038162485624168 175 148 120 0.41
955 0.1866806764648218 -0.03127758974092207 1.046331005178311 136 111 88 1.11
956 0.09940362660289304 -0.0527486472220963 1.144481979377411 81 55 42 0.45
957 0.07482537319250759 -0.04788531045782576 0.9649359762955334 123 85 55 0.43
958 0.07361944265763976 -0.04679171940674418 0.9682024755990257 185 126 76 0.35
959 0.103803293782055 -0.04005643642402071 0.9810015941654697 129 86 56 0.66
960 0.1203823880310578 -0.03051037248386909 0.9884094090365181 200 142 91 0.56
961 0.1277804495989147 -0.0197700224818988 0.9935021171041674 100 59 31 0.53
962 0.1303701342093679 -0.03097066229762538 1.008709617885387 167 122 81 0.64
963 0.131238474299768 -0.02837132495967651 1.012571382024093 174 129 89 0.38
964 0.1663012854052743 -0.01199066536945739 1.00585704333871 133 92 60 0.48
965 0.1745821627935122 0.001121463870368794 1.022958373664553 142 101 66 0.34
966 0.1819463626451737 0.0935906924459067 1.043533139612671 142 105 73 0.36
967 0.3643927956635971 0.04819212318992239 0.3954319903998006 149 104 75 0.93
968 0.4723812427318074 0.07516571071226641 0.5435619869538676 57 44 36 0.37
969 0.1694894277507401 0.03142600547635294 1.034537958656984 107 72 45 0.37
970 0.1683616458383255 0.03870090421715092 1.028522727266743 113 83 58 0.6
971 0.5108484451419668 0.1018853760280191 0.5094663164112472 161 111 65 0.61
972 0.4724573016693902 0.09704265232555623 0.5560734352015121 80 51 33 0.21
973 0.5239803032417635 0.1131085400033938 0.5700209235472645 113 78 52 0.52
974 0.5089662207862937 0.1168376731068542 0.5875726678590476 88 79 81 0.45
975 0.1069879685777481 0.02736663438298162 0.8419412362775935 118 70 37 0.85
976 0.1653976425456685 0.04540422801421853 0.8776658776640149 137 95 58 0.6
977 0.2743453812719756 0.07818219320957548 0.9318397489872818 115 82 51 0.56
978 0.2916311031230058 0.0786966432679545 0.9307071841751127 84 66 51 0.84
979 0.5122207056629364 0.1250203813607471 0.4934296976534128 110 83 52 0.56
980 0.5427618254166096 0.1318833240340855 0.5248403472825929 65 40 25 0.4
981 0.4923791515444682 0.1216264016164354 0.5516680268934644 47 32 24 0.15
982 0.1328871291553279 0.05732573526901963 0.8560897151236535 116 76 51 0.48
983 0.1459933910992971 0.08148065645421082 0.8684816939728704 111 83 62 0.35
984 0.2060415659337667 0.09820557833739771 0.9144941952442296 140 81 39 0.33
985 0.1369817079254196 0.08379065728385873 1.115191555852007 105 80 55 0.39
986 0.5178955899984212 0.1380267668071235 0.5073900733055668 92 62 41 0.33
987 0.534391135916312 0.1478057285051588 0.5198646829330213 57 38 28 0.95
988 0.5287700101240069 0.1413108100929046 0.5476045828196974 115 86 59 0.27
989 0.5288285835620773 0.1454181161332896 0.5536985279607929 67 45 31 0.38
990 0.521426500432619 0.1380542355866682 0.5687253310181956 79 50 33 0.33
991 0.5264105358724621 0.1463754546035372 0.5597201178770556 63 42 31 0.24
992 0.5242835622474498 0.1467309121982167 0.5617489228687784 78 56 33 0.26
993 0.5116754604550577 0.1448932606377039 0.5736972322561139 81 54 36 0.44
994 0.4993633749545229 0.1448335849374784 0.5833400263381845 55 38 23 0.42
995 0.5013120519775665 0.1475176860309488 0.5842995725123712 126 99 65 0.67
996 0.4887864163861065 0.1428277884157454 0.6034878827432344 64 39 23 0.38
997 0.4808435295456099 0.1428452498594981 0.6172347210990694 126 88 56 0.53
998 0.1155370315078608 0.08232855879072984 0.8377721505409392 124 68 32 0.53
999 0.1500597219280732 0.09198158334287165 0.8590021998171559 102 60 40 0.53
1000 0.1624368846664013 0.1041909005951541 0.8680043815977914 173 116 68 0.39
1001 0.1670093173031719 0.1054762588456312 0.8714970623596753 160 102 59 0.4
1002 0.1717449256983178 0.106654524473969 0.8748486077161424 165 103 53 0.55
1003 0.1846916223031489 0.1099695931301345 0.8849928175657527 150 94 50 0.66
1004 0.1323923675493107 0.1144796652940071 1.136030500840591 104 74 47 1.7
1005 0.05868490744696264 0.1121866345336693 1.202886432808597 162 156 154 0.38
1006 0.5328461584988865 0.1486237899754532 0.5173065914185225 119 87 55 0.28
1007 0.5225307990999672 0.1507875799392538 0.5144002402763433 150 107 70 0.7
1008 0.5396785904984288 0.1530515300325223 0.5293398214493514 71 36 21 0.51
1009 0.5352180738281508 0.1611375115460853 0.5307964616305234 89 56 32 0.4
1010 0.5070659550360164 0.1549945964037628 0.5767161659185921 82 56 32 0.3
1011 0.4862932728497876 0.1487799440874732 0.5984819094399355 102 85 59 0.44
1012 0.4621598752938149 0.1534160453055641 0.6321955187483054 113 93 64 0.49
1013 0.4533107608135279 0.1625392726484996 0.6412353592088346 108 81 49 0.47
1014 0.129665197569746 0.1084077881758809 0.840147253168557 178 126 83 0.33
1015 0.1744122700014886 0.134342980256715 0.8711706621538265 137 93 51 0.27
1016 0.250497992424126 0.154054766631803 0.9390262877776223 80 52 31 0.33
1017 0.1317675587640263 0.1469796540091606 1.11952341158866 119 87 62 0.42
1018 0.1165941169777752 0.151766996451541 1.142303357978917 33 26 20 0.3
1019 0.5370158374983236 0.1765053542979844 0.5166983587357522 87 54 32 0.36
1020 0.5270361961182718 0.1696695122107454 0.5394972068170384 39 22 14 0.48
1021 0.4936092771362478 0.1657181341964381 0.5814209930931657 96 70 43 0.3
1022 0.4914142134576849 0.1750654027085173 0.5811716030111134 122 87 52 0.19
1023 0.4866305262099871 0.1693926902719892 0.5897453270092453 124 106 85 0.37
1024 0.4628557505634061 0.1741723926063939 0.6219415498532235 107 84 54 0.32
1025 0.4130251322366881 0.1767000357933304 0.6906285183141292 145 119 81 0.63
1026 0.4018515084366249 0.1750978358811276 0.7084461544444722 132 99 60 0.4
1027 0.3730439356254308 0.1672763888815993 0.7583640494360389 88 62 39 0.32
1028 0.3657450472117505 0.1668835615612981 0.7687291768436536 122 91 60 0.31
1029 0.2087015752091078 0.1539682232485028 0.9000525081594732 123 83 54 0.27
1030 0.3041330751914446 0.1742486651081022 0.8486740413574075 166 120 78 0.31
1031 0.1323851459835444 0.1763637892777922 1.109381547743069 63 43 32 0.38
1032 0.3500019276293861 0.1520637207738645 0.5085621914122429 152 103 50 0.93
1033 0.5335816721351458 0.1818131427327119 0.5260985417162506 129 90 50 0.39
1034 0.4681798388093816 0.1820073656493659 0.6117769218211365 107 82 48 0.38
1035 0.4741040174733318 0.1904081584893194 0.6009370320729687 65 46 30 0.79
1036 0.3038637077011707 0.1803114554308009 0.8530497056229742 115 85 51 0.35
1037 0.2014230833425774 0.1947001870496803 0.9949907992894643 51 39 30 0.25
1038 0.2043501942782036 0.1973221611799995 0.9928459214051043 76 64 48 0.53
1039 0.5165732407621725 0.1941733094628243 0.4894951303107008 130 112 91 0.58
1040 0.490182149699154 0.2002730511873254 0.5805560014004363 73 60 38 1.0
1041 0.4740218542121161 0.197607846147656 0.598563642451766 56 40 26 0.45
1042 0.4505892605458604 0.1991123202920172 0.6299104020682295 63 47 28 0.43
1043 0.4485765705997056 0.2013648875957527 0.6321085853435869 77 62 42 0.35
1044 0.3908917520046572 0.2000545673152841 0.7142913502147745 106 76 41 0.32
1045 0.3801332824217575 0.2009084182764728 0.7278922906835258 110 80 45 0.52
1046 0.3370800646397247 0.2083671920640608 0.7949254226667539 90 66 45 0.32
1047 0.1694334628693157 0.2235926786741332 1.039207004392467 66 47 32 0.13
1048 0.145392623077239 0.2302457283637793 1.078383207171596 87 58 44 0.57
1049 0.1294418930209583 0.22866329036707 1.092393012816538 57 36 27 0.6
1050 0.1026119241888314 0.2201200581401009 1.144845406139805 41 35 32 0.39
1051 0.1242093237637332 0.232958875295561 1.118370678241197 62 42 30 0.63
1052 0.54342328959389 0.2146951563118994 0.495553181325266 34 25 23 0.42
1053 0.4810980100323567 0.2112884931936828 0.5949367670429619 94 74 58 0.37
1054 0.4811840875242659 0.213217338641372 0.5962589572391257 16 11 9 0.3
1055 0.4781172556069776 0.2115550688556952 0.5978478660996384 123 103 69 0.49
1056 0.4763978271075713 0.2119623769624648 0.600688011404259 154 126 95 0.3
1057 0.4684262219637103 0.212029931864315 0.6124801512161591 86 63 41 0.45
1058 0.4628458688946682 0.2139842124596187 0.6162068879482838 34 24 16 0.26
1059 0.4543579539639157 0.2170844124064365 0.6305227757590587 113 83 51 0.49
1060 0.4444938770394949 0.2195487098806295 0.6407390026156441 98 58 28 0.51
1061 0.4389491718231827 0.2197955892245319 0.6509779292587242 112 83 54 0.44
1062 0.4271643558240897 0.220044890801912 0.6664961631758909 51 36 26 1.1
1063 0.4328897970746792 0.2211780269614793 0.6587019305187624 155 118 83 0.14
1064 0.4244331660837771 0.2208722717062799 0.6699975901305636 53 36 25 0.59
1065 0.4232014523582163 0.222914582833954 0.6709924391130641 94 76 52 0.48
1066 0.3131565106305844 0.2240989661667246 0.8241252117508537 93 67 42 0.6
1067 0.308112592912326 0.2231478142631677 0.8283426555486471 32 18 14 0.16
1068 0.1670389923208495 0.2267360279261354 1.013546609983203 96 71 56 0.2
1069 0.4753130268323466 0.1726441422960288 0.6067375611680954 119 98 74 0.3
1070 0.1577187449343638 0.245221382964946 1.01598933118199 86 65 52 1.04
1071 0.1556977936982069 0.236326256039686 1.022154729671074 66 43 30 0.36
1072 0.09363869776173539 0.2406868993909362 1.135812512375665 15 7 10 0.37
1073 0.1132632039000027 0.2412927991704892 1.130883187279631 66 54 33 0.12
1074 0.3210846468567724 0.2609838715086058 1.091199385403513 102 62 21 0.27
1075 0.3246612518693212 0.2607257840336662 1.10055259379755 167 105 47 0.44
1076 0.3233555939864702 0.2637031709786544 1.104878042362253 81 37 21 0.56
1077 0.3231762008882125 0.2660703969232426 1.105678359501101 197 126 67 0.39
1078 0.6455376368642352 0.2227093921973655 0.4394748255430282 34 24 17 0.23
1079 0.6444602085505474 0.2229520072635627 0.4408031775592675 28 20 14 0.48
1080 0.449764749922291 0.2287056342151427 0.637193329610516 101 79 56 0.27
1081 0.4422292404879947 0.2308829010816495 0.6491749724094458 108 84 57 0.47
1082 0.2730090758186316 0.247796160246409 0.8716236273613921 39 24 17 0.49
1083 0.1800465721402266 0.250107279649683 0.9762936884094235 33 21 14 0.25
1084 0.265848130985755 0.2691162216975918 1.049618288423736 79 61 47 0.66
1085 0.329844417259181 0.2754263141297514 1.097533125468253 96 60 32 0.42
1086 0.1106931232254952 0.2843846391111302 1.10190019212086 66 40 32 0.53
1087 0.2736787497505827 0.2902436762581819 1.052817325919501 95 64 46 0.6
1088 0.2586469070161688 0.3093361881532826 1.035857875986304 119 99 76 0.69
1089 0.2923114824248192 0.315775260925395 1.066432896234802 150 113 75 0.2
1090 0.3042340150183804 0.3155829005763807 1.070201859371132 96 65 33 0.21
1091 0.3005248298664963 0.3169919318053178 1.068395844419473 148 113 76 0.23
1092 0.3251711108225623 0.3167039313644337 1.081115712278698 148 110 83 0.11
1093 0.3275096626066091 0.3180887940052669 1.085710874890955 171 121 89 0.33
1094 0.3466381244068393 0.2041237840013482 0.7731234666397959 59 37 22 0.87
1095 0.09155181064183537 -0.203335273418845 1.067808593381733 137 101 72 0.45
1096 0.08962540726398438 -0.2045940537762315 1.069130522420573 144 109 70 0.52
1097 0.112638150722665 -0.2055666520933313 1.094725615556366 135 109 76 0.58
1098 0.1056601069425679 -0.2017934755307527 1.087266324161678 139 112 79 0.47
1099 0.06622547985186977 -0.1916173369331285 1.045217729089905 140 105 77 0.39
1100 0.06536072807857263 -0.1792140795643532 1.038638014781418 134 97 58 0.31
1101 0.08406363207393597 -0.1688404185059461 1.046738265346173 192 149 102 0.35
1102 0.1249523216796058 -0.1461196068965978 1.078883979576656 149 109 75 0.67
1103 0.05997449792811971 -0.1738809342216048 1.029588800156299 152 111 74 0.56
1104 0.0618438411941844 -0.1626273411894623 1.026892661344372 133 101 70 0.76
1105 0.09995980025897699 -0.1262259956052571 1.04494156970692 77 50 28 0.35
1106 0.1279523527628985 -0.1126838745731428 1.066957486755836 141 103 72 0.41
1107 0.1316802476141136 -0.09152228337118853 1.060405695119058 154 120 79 0.56
1108 0.1244735220290367 -0.09197916939026304 1.106709585742037 65 46 37 0.56
1109 0.06378111182574253 -0.1163873102477008 1.005340012477741 145 106 70 0.32
1110 0.06611295461454691 -0.09386791237714268 0.9966457272991784 101 62 35 0.5
1111 0.03977147915128054 -0.0856459544831458 0.9649835393177253 171 127 83 0.74
1112 0.0755481960249198 -0.08617599995437433 1.000994741343657 166 120 73 0.77
1113 0.0877386944667996 -0.05966042584796108 0.9831000755262893 150 101 65 0.42
1114 0.1471655127033209 -0.03897169407723164 1.027074306016844 89 54 31 0.6
1115 0.1153181999561476 -0.04460996981657736 1.126190887117348 78 59 49 0.44
1116 0.1359586950459338 -0.02421108063000277 1.101973112481249 59 41 34 0.43
1117 0.1087154575323379 -0.00779145355123384 1.139162470476846 78 53 41 0.51
1118 0.07421496301954889 -0.04137378753178914 1.181333082921669 116 100 96 0.71
1119 0.07485787623808071 -0.02379944961565156 1.175668685796084 121 98 76 0.73
1120 0.03734669412116409 -0.04424122731134408 0.9420291946342868 129 84 53 0.27
1121 0.1595831184448477 0.007385769428474548 0.898760338192201 90 63 45 0.58
1122 0.1454687836298006 -0.005084486516003073 1.01562647169749 144 98 61 0.54
1123 0.1677570594996191 0.002069390179021552 1.015265161142992 182 157 121 0.24
1124 0.1514652981193851 0.0002945254320670387 1.020175276294593 121 78 44 0.58
1125 0.1591239160428192 -0.0003066322021011425 1.02642012780818 171 132 94 0.43
1126 0.177251512568457 0.02562721945821902 1.038868336068994 144 105 81 0.28
1127 0.1615459153565735 0.02233499493229246 1.065920082807503 74 47 38 0.27
1128 0.1584858939406829 0.02375872082437108 1.071835900266396 77 53 39 0.41
1129 0.05644120277193698 -0.01857904249557729 1.191818976969187 127 108 96 0.66
1130 0.07705051633446569 0.01148437368343733 1.177629031332657 83 61 47 0.43
1131 0.5287538849409739 0.103842118020788 0.583775078771655 164 165 167 1.35
1132 0.137534362021543 0.03129147158289011 1.101290424129961 133 102 69 0.37
1133 0.5502337913169861 0.1230011699816771 0.5362165118658707 113 89 65 0.82
1134 0.1770061573886988 0.05576103399568288 0.8807218095479178 126 85 52 0.63
1135 0.168997508004236 0.07907183901908002 1.052375124338469 122 89 61 0.35
1136 0.5359159684230111 0.1185735605754171 0.4238221606501372 125 108 87 0.76
1137 0.5310209499068508 0.1209813290963843 0.5098482250589936 146 107 71 0.44
1138 0.5191117186469899 0.1280318718793237 0.5120120011571152 122 77 42 0.27
1139 0.5179022250219826 0.129732145223437 0.5287277181319094 72 55 37 0.11
1140 0.5213326292541397 0.1206179939998405 0.5332704220658239 109 87 64 0.24
1141 0.5515006362132765 0.1269299046497481 0.5351066113016164 102 81 58 0.69
1142 0.5298822124596005 0.1363766386352202 0.5524938257924286 49 29 21 0.56
1143 0.5196110382836592 0.1265509168548409 0.5713392325666208 80 54 35 0.54
1144 0.5252964276148834 0.1356924185684732 0.56492015729302 49 33 24 0.38
1145 0.5253032012364172 0.1313696163557214 0.5699383036224286 62 43 30 0.87
1146 0.5190629093938939 0.1278880320503751 0.5750737136505349 105 78 47 0.3
1147 0.08548011182920234 0.06438478023611807 0.8209528410819729 168 106 41 0.82
1148 0.08160377185120382 0.06337317556618155 0.8377010366851203 175 96 32 0.84
1149 0.1165546792406006 0.0722114428044153 0.8372295953794263 165 110 66 0.68
1150 0.1404946665333084 0.07417043307313895 0.8552982903630131 107 58 29 0.57
1151 0.1834163272806611 0.09316202501231274 0.8934941410611588 71 37 17 0.42
1152 0.1897211150032672 0.09221777056046632 1.003893983808515 95 65 45 0.57
1153 0.5213471047692082 0.1343015610358596 0.5061893776858597 100 73 51 0.58
1154 0.5210721125890466 0.1317404679726893 0.5124373327680236 142 103 72 0.26
1155 0.5257015978057524 0.1374970160068891 0.5154801128941882 106 65 42 0.49
1156 0.5127600876023278 0.1416505556014305 0.5280240622698259 78 48 24 0.29
1157 0.5241145994275156 0.1450663399250583 0.5256606042111477 186 138 87 0.13
1158 0.5364424601731521 0.1383234752193568 0.5386331391351968 68 39 21 0.43
1159 0.5300081596113696 0.1385105273422141 0.549184624544244 93 61 35 0.67
1160 0.5293476149565143 0.1461933981164991 0.5561746792242053 84 60 40 0.38
1161 0.5153723262960278 0.1386452737775491 0.5805259953690981 48 30 21 0.47
1162 0.4889089204868154 0.1413182843652251 0.6048382353853843 145 112 74 0.68
1163 0.1566639252072755 0.1065731527210865 0.8532081152542228 135 80 39 0.52
1164 0.1702208269726172 0.09053871000332675 0.8767308143906952 108 54 22 0.61
1165 0.1802834566278557 0.1093070611675117 0.8763049855062031 185 119 65 0.29
1166 0.1883481592410696 0.1097598637028946 0.8868938549030817 89 46 24 0.53
1167 0.26605114874327 0.132566480501132 0.9034598651788821 179 115 64 0.45
1168 0.1522390887475197 0.1271703752312603 1.090657848750812 80 49 29 0.44
1169 0.1074413091452114 0.1208626837305486 1.148919261887857 97 73 53 0.52
1170 0.498674531661678 0.2054920352023756 0.5748298403061655 109 79 46 0.75
1171 0.5134787025592901 0.1443614062589022 0.4673176486616838 67 50 31 0.4
1172 0.5016043736118785 0.1450797968995688 0.4919908963892044 25 18 13 0.71
1173 0.5093081932065956 0.1467160586668359 0.498419669965672 65 42 26 0.38
1174 0.5271753959369051 0.1485002136738885 0.515042108479962 100 70 43 0.36
1175 0.5303598249629718 0.1539395584401265 0.5419505817404616 99 62 36 0.51
1176 0.5140081252981068 0.1581776374678065 0.5476607149219146 51 32 19 0.12
1177 0.5134194778796132 0.157724138005648 0.5654698291776443 92 58 31 0.43
1178 0.5107436133422254 0.1594385955618919 0.5665813689974949 48 26 17 0.34
1179 0.4633424402272581 0.1516480673663605 0.6320664061265621 82 59 36 0.42
1180 0.4443311544403387 0.1576857188721418 0.6547340639829949 122 99 72 0.43
1181 0.1261358194625116 0.1106693549751092 0.8819623129389842 176 110 63 1.8
1182 0.2020844860961962 0.1403841150952772 1.000630908894413 103 74 46 0.3
1183 0.2050766147343975 0.1452955291937091 1.019996309069276 131 99 65 0.46
1184 0.2002299620271145 0.141889851976387 1.028937575712765 140 95 63 0.43
1185 0.190115516645981 0.1559948922464253 1.035114407384969 16 12 10 0.13
1186 0.1590261412894842 0.1364441857007459 1.086925537158016 109 78 53 1.0
1187 0.1400813595562677 0.1367536377159642 1.107674034430859 82 51 34 0.68
1188 0.07545672104612577 0.1413087112209173 1.193274568102417 115 84 52 0.89
1189 0.5023087148335312 0.1567146117217595 0.4944630889159519 79 61 39 0.8
1190 0.529705270912403 0.1730020862053815 0.5334368978065213 84 62 36 0.42
1191 0.5280846851373175 0.1720157872160651 0.5385298691544479 33 17 12 0.26
1192 0.5041568516476667 0.1661116280336156 0.5746343407339913 100 73 44 0.28
1193 0.5002915608200378 0.1658847807214845 0.5770182172502152 70 51 35 0.55
1194 0.4086064968815207 0.1780999280483783 0.6967476847666543 138 118 93 0.53
1195 0.3858779984142771 0.1706952287230803 0.7319172529835556 125 93 58 0.37
1196 0.3242863569244335 0.1722010804201856 0.8243444305002673 116 82 54 0.5
1197 0.1048193380468742 0.1816323101005518 1.143531224202271 47 30 24 0.5
1198 0.1091566292763613 0.1789169107719744 1.143771810065882 57 39 33 0.49
1199 0.3145483064450988 0.2116122480531109 1.135089648940113 160 188 202 0.62
1200 0.4993107728826363 0.1666388496187813 0.4368596194946001 69 53 40 0.66
1201 0.5260049005094178 0.1787817336204457 0.4600120451215823 169 141 102 0.46
1202 0.5233340318433286 0.1802016073245045 0.4614722810489936 67 43 31 0.35
1203 0.5142104767100221 0.1866641793070754 0.4993270521430382 156 117 78 0.26
1204 0.5237299771293134 0.1832810832935634 0.5045918887406017 128 79 47 0.58
1205 0.537323642093489 0.1925810341287791 0.5254384247699404 69 49 32 1.26
1206 0.5117604188727891 0.1849339979524285 0.5568947473014166 42 22 14 0.72
1207 0.4300468891429228 0.1802389658814577 0.6662422108692823 64 42 27 0.83
1208 0.3190593914636807 0.1955578374353089 0.8283147516820191 92 72 47 0.76
1209 0.2003162903911035 0.1860817870826001 1.004529174773689 110 76 53 0.18
1210 0.03555972272044539 0.1959290951196194 1.19954111412364 20 12 13 0.36
1211 0.5143163500514837 0.1965342548484008 0.5551227597506828 86 51 27 0.86
1212 0.4613262981218982 0.2087032792722937 0.620341736566843 63 46 28 0.79
1213 0.4563631120183684 0.2101075789146526 0.6283808418113533 51 34 25 0.48
1214 0.3456668803180362 0.2063264402844543 0.7838378145235018 125 95 58 0.46
1215 0.3499976245717604 0.2172884709250475 0.777172045534177 125 92 57 0.54
1216 0.2592110199342886 0.2163740852284385 0.9009311668861668 81 56 40 0.31
1217 0.4637702100222558 0.153003727004951 0.6298002575781418 126 98 64 0.5
1218 0.2378499177144743 0.2137747819102192 0.9324717307372052 96 69 51 1.07
1219 0.3148700776186 0.2394084436690149 1.128891355625504 89 41 21 1.03
1220 0.5584717513674226 0.2047956067956675 0.4771805375749135 30 28 23 0.27
1221 0.4750344685553565 0.2109317359520715 0.6043058478429281 46 35 23 0.64
1222 0.4463401854390038 0.2143910248370502 0.6418514516164697 39 26 16 0.19
1223 0.4327853441357976 0.2192503943114775 0.6600044194711088 46 33 22 0.59
1224 0.3460536627287889 0.232305101116721 0.7731570295417469 43 28 16 0.46
1225 0.3411384581321616 0.2335206260367886 0.7807225089902067 51 31 20 0.37
1226 0.2993665375477761 0.2290671911758098 0.8410277550268189 68 42 28 0.52
1227 0.2932511897112945 0.2310501314717235 0.8503536775415345 86 52 22 0.38
1228 0.1780133305402541 0.2308706808634533 0.9767517831604273 30 19 15 0.64
1229 0.1766746899320403 0.2361575605674613 0.9753898827339496 22 13 9 0.26
1230 0.3284205434952645 0.2586461682126579 1.086727812732071 151 100 49 0.2
1231 0.3191185152886644 0.2591253066609923 1.097974544329886 144 98 52 0.8
1232 0.3231919811501244 0.2632268491059866 1.118682846952598 170 103 51 0.79
1233 0.3960934739998239 0.237724194268272 0.7080086972160528 81 57 33 0.53
1234 0.3885703074733735 0.2341790939369764 0.7177291662070582 78 53 29 0.52
1235 0.3818113539861994 0.2360698473923936 0.7289080443203825 98 65 34 0.4
1236 0.3757194668580001 0.2367873114276169 0.7357347555870853 95 65 31 0.48
1237 0.2895648424997105 0.2453746546540311 0.8522822166800641 29 18 14 0.38
1238 0.3246225435004469 0.2858975143248225 1.089789532935957 90 63 35 0.56
1239 0.424959300703208 0.2532978809155323 0.6752253806501266 109 84 60 0.26
1240 0.2652037558345535 0.3043599492885405 1.048252612754194 138 106 70 0.36
1241 0.289572127030536 0.321170485516766 1.056694757454872 113 88 64 0.1
1242 0.2951020276310246 0.3118626227583702 1.070589623071984 148 114 75 0.21
1243 0.3188900441743407 0.3278835958613894 1.075196651375141 121 88 64 0.55
1244 0.1061133108798825 -0.2247475644517891 1.123756985509548 136 100 63 1.01
1245 0.08101359911213524 -0.2099661115300936 1.145177414663539 161 196 233 0.8
1246 0.09331652152515091 -0.1768367575450344 1.055758108692261 146 108 71 0.65
1247 0.1078294373200838 -0.1706291928986637 1.076827145640697 142 104 68 0.68
1248 0.1124180429844908 -0.1632408002051604 1.074600769223084 145 108 70 0.36
1249 0.1227992907064259 -0.1401635847698171 1.069227591173014 131 93 59 0.62
1250 0.1312047752041973 -0.127337187709341 1.074343148671376 193 153 108 0.63
1251 0.08762632959532757 -0.1108908584156422 1.02007145257518 162 120 73 0.45
1252 0.1221700236373446 -0.1024502047543513 1.052251918224472 169 125 69 0.22
1253 0.07363764474289392 -0.112956007436899 1.010578536635091 157 102 55 0.41
1254 0.1111754206315759 -0.08396345512155015 1.02959228322781 129 91 56 0.47
1255 0.07502579501547513 -0.08154231016877669 0.9922944768466576 151 104 64 0.57
1256 0.1471173227739494 -0.03512048914131308 1.035200242920951 137 103 71 0.75
1257 0.04951632542366169 -0.05303577652778865 0.9540932387397172 142 91 52 1.39
1258 0.1511961379457704 -0.01576765600498703 1.027484355870359 146 106 67 0.32
1259 0.04512520229864314 -0.03917999688694798 0.9426414629898867 165 118 72 0.66
1260 0.1560632048199821 0.009264662093182829 0.8933641056681467 177 129 83 0.22
1261 0.1074763983512611 -0.01186457974802793 0.9324449703713638 181 120 72 0.6
1262 0.02706282403377958 -0.0568409918414777 0.9424126235074961 203 204 204 0.33
1263 0.1725030921727977 0.01279799357681644 1.036176763511081 168 120 90 0.26
1264 0.1331465270388742 0.0002734071652396586 1.1063382607893 76 49 36 0.56
1265 0.1701232733346296 0.02285815687107073 0.8828955299886558 113 62 38 0.15
1266 0.207523133830844 0.05391422581772787 0.9255846392284984 125 77 45 0.52
1267 0.1174974586553259 0.03427325757738708 1.137802957667587 75 50 36 0.53
1268 0.5519691184387945 0.1239669321741059 0.5302522445665604 95 67 47 0.39
1269 0.08987980823789454 0.01270875451980755 0.773344516258834 125 108 98 0.63
1270 0.07200604575181635 0.01479017764902466 0.7993915197995936 146 129 111 0.6
1271 0.1577263145716857 0.05035686722865712 0.86320158174732 142 99 61 0.91
1272 0.2037383584658009 0.07386868717105213 0.9153548840253963 163 117 72 0.24
1273 0.5234453351728245 0.1293419051889007 0.5150825585282301 110 71 42 0.32
1274 0.5443802037760653 0.129687186381595 0.5254567478531007 91 70 50 0.41
1275 0.5389033355466767 0.1344674306854424 0.5393435340164251 64 39 25 0.96
1276 0.5391927348537431 0.1310301659085197 0.5466735215044168 44 32 25 0.61
1277 0.5364072467733798 0.1334081492339834 0.5482490137070627 60 39 23 0.5
1278 0.532759073065777 0.1355398022834417 0.548354303170547 61 36 22 0.55
1279 0.1775122274526052 0.08583683988762603 1.007577792447588 120 84 56 0.81
1280 0.5280322896095712 0.129211242323109 0.4778928167090695 146 127 95 0.53
1281 0.53285409939649 0.1449357376092956 0.5193448138995894 116 82 53 0.57
1282 0.527129573274591 0.1445239747297888 0.5502207237045255 96 68 43 0.38
1283 0.5212378959090473 0.1384119796312166 0.5638267187628538 42 23 14 0.4
1284 0.5082739672946909 0.1418482240403563 0.5780902936055885 81 55 29 0.44
1285 0.4663360252856018 0.1422640504107543 0.6350449625738552 159 124 78 0.71
1286 0.1861920530352412 0.1045899150484844 0.8912005475959397 102 61 34 0.8
1287 0.1849286447473045 0.1058415806458817 0.8865858769927621 168 106 56 0.63
1288 0.2041037150973096 0.1026104700510668 0.9138034302182791 156 100 60 0.7
1289 0.5048263503848291 0.1517976126571491 0.5436638946036576 45 27 18 0.13
1290 0.5206129550714385 0.1554644198640474 0.5551792692004882 89 55 34 0.27
1291 0.4726440308557472 0.1593801413375121 0.617132556902791 120 95 67 0.35
1292 0.4647326750367019 0.1541265117643299 0.6317701468279115 115 100 79 0.08
1293 0.4566005448321203 0.1548913217967551 0.6371733283738704 132 105 74 0.7
1294 0.154594550882469 0.1208082857968207 0.863812003437015 54 29 19 0.96
1295 0.1263670869258763 0.1363231276851105 1.133319026809883 78 53 36 0.82
1296 0.1336104147813728 0.1416482376596738 1.118121917368401 81 53 37 0.6
1297 0.1010280732429515 0.1368208406849426 1.163521116235323 121 88 50 0.77
1298 0.4994926876708535 0.1737753302824094 0.5752228818922624 74 52 33 0.56
1299 0.4481797176382994 0.1626125766866048 0.6477738782194883 78 55 34 0.67
1300 0.360835896407721 0.1732627870980617 0.7753280524388086 103 77 47 0.41
1301 0.195492555360472 0.158614382452617 1.017306275769502 108 75 50 1.17
1302 0.1314645337407075 0.1725238953622091 1.111321480945198 77 53 36 0.57
1303 0.09426582172759657 0.1718044601590122 1.163661567078063 88 63 47 1.0
1304 0.4993237955804662 0.1695030140445286 0.4416160401427073 106 101 96 0.69
1305 0.5231241866127879 0.1768130483746234 0.4615699072666614 65 42 32 0.29
1306 0.5260387038835701 0.183061425345206 0.5074226584976707 152 108 69 0.49
1307 0.2955620513756213 0.1825715834451026 0.8605242657263493 88 63 40 0.42
1308 0.1518099711654343 0.2077096575624297 1.085813936032149 80 65 49 0.48
1309 0.5150697291810209 0.1983948774755316 0.55277675070012 69 45 28 0.74
1310 0.504581225338895 0.19970707121892 0.5631153458202854 50 26 17 0.45
1311 0.461204865188681 0.2094557614111557 0.6251017390931571 59 38 23 1.21
1312 0.2638031911116885 0.2180491565780316 0.8949895824104523 61 33 20 0.78
1313 0.4962214207960766 0.2125233990678651 0.5775283835358274 85 70 45 0.57
1314 0.4335173884482124 0.2167946555403447 0.6576115410680624 98 78 50 0.72
1315 0.3788613585387686 0.2260617096321298 0.7307769068460814 39 22 13 0.42
1316 0.3642578066898052 0.2334654000238722 0.7554661724257941 121 92 54 0.81
1317 0.3401594452452443 0.2238042413952854 0.7854487387297734 119 92 58 0.5
1318 0.3310886266098737 0.2355926981272886 0.7955169989802401 66 44 31 0.59
1319 0.3309741236839696 0.2615323510045881 1.103816293438275 146 97 55 0.43
1320 0.2864706558857202 0.2487687832485962 0.8557421855038017 107 75 49 0.34
1321 0.2905015036379763 0.2550341551402659 0.8501599895361839 125 86 56 0.5
1322 0.2675253444935405 0.2518932162634647 0.878416809143838 73 53 31 0.67
1323 0.1597533266670638 0.2698480657229246 1.020588404407008 46 34 24 0.41
1324 0.150286007506663 0.2750842458823421 1.044131973846331 14 12 13 0.56
1325 0.1309511258057114 0.2561725544471882 1.081615653648814 106 83 67 0.8
1326 0.2293852152382645 0.2671047031108579 0.9272836018896828 50 36 26 0.74
1327 0.2646015073879039 0.2752370567985712 0.8903990911278715 127 97 68 0.45
1328 0.2915873514349035 0.2986754585913301 1.071485120329388 192 145 106 0.17
1329 0.3120450007321665 0.2908912466114039 1.086580359977004 92 54 35 0.41
1330 0.09762436966593502 -0.1941681142676493 1.079630463264275 149 117 84 0.88
1331 0.103497474893989 -0.1724621273427304 1.069278397877473 177 144 102 0.51
1332 0.09108335065263251 -0.14079039335653 1.040728768342609 158 112 69 0.59
1333 0.120509685708627 -0.1312038453778035 1.067590922862477 149 110 74 0.94
1334 0.1060355187495812 -0.1441270181006075 1.101989377589712 51 30 24 0.74
1335 0.05090613946721967 -0.1294787996086902 1.00648858002018 141 95 58 0.71
1336 0.1449270702535965 -0.1017422636736153 1.086246211832653 36 29 28 0.38
1337 0.1330875821210964 -0.08544258174546907 1.092013138676365 72 48 34 0.69
1338 0.03628264753045085 -0.1131816818358814 0.9861764637172821 183 124 72 0.9
1339 0.1108474477019188 -0.09459242549572236 1.040019016618244 148 107 75 0.51
1340 0.138746177376637 -0.07623278430954025 1.050019153720767 135 88 50 0.65
1341 0.1528553655494749 -0.0604548580376206 1.075211836532377 180 134 94 0.56
1342 0.1170164154260075 -0.06202932430484417 1.117586200057374 65 47 36 0.79
1343 0.01220844058863935 -0.08635566036661066 0.9734715180304975 167 107 68 0.4
1344 0.07976964845042311 -0.04556634916232069 1.144971950730314 35 25 25 0.31
1345 0.1571076554867999 -0.01398983397385228 1.040809442678819 83 52 34 0.71
1346 0.1589298452780464 -0.01075585220431111 1.062016423631472 49 30 22 0.91
1347 0.1728544216589609 -0.01250744360453235 1.066956749917311 60 44 36 0.67
1348 0.1555131072684393 -0.003086463311713972 1.075512724220007 74 54 40 0.39
1349 0.1318991978225603 -0.0127921989872653 0.9787314171638203 74 39 21 0.27
1350 0.1499377865278286 -0.00530197623740028 1.005114916179114 192 133 77 1.04
1351 0.5204427849097091 0.100107126220358 0.514982247986874 169 120 69 0.53
1352 0.1546232429842145 0.0167028840756977 0.8738375396168556 167 119 74 0.41
1353 0.1388871474051347 0.04812761302808113 1.097160270796775 116 82 57 0.58
1354 0.09730502792048079 0.03895938811293415 1.155716266972733 72 47 34 0.65
1355 0.09547525466167717 0.03586427304450768 1.161177334052107 116 89 66 0.99
1356 0.5159095740825741 0.1013199797983809 0.5120032723433906 122 76 40 0.95
1357 0.1528601834671464 0.05418237140648988 0.8623871498688336 87 53 33 0.8
1358 0.1730937342494348 0.05894679374626899 0.8740912852210324 112 72 40 0.62
1359 -0.08617216809651151 -0.01502672156711599 1.013414643779162 94 53 25 1.4
1360 0.1841446253451298 0.06458110936658623 0.8995982242916769 75 42 24 0.59
1361 0.2036079220382013 0.07405750092275032 0.9091414578738192 127 85 52 0.76
1362 0.1538759213450465 0.06899734480626105 1.091224783719502 32 20 17 0.64
1363 0.5272050451116819 0.1198753686207954 0.4350740244573823 146 137 112 1.04
1364 0.5097371127120233 0.1110112414546407 0.4536302723930483 189 150 100 1.1
1365 0.517206747016588 0.1190622607042128 0.485019051574416 106 86 56 0.72
1366 0.539490939895155 0.1365943477761942 0.5370187131303941 118 90 54 0.94
1367 0.5251446314825591 0.1311929926516117 0.572495926912571 136 99 60 0.78
1368 0.1510431007905935 0.06158888820754624 0.8690291848982363 51 29 18 0.41
1369 0.1603240532313147 0.07179564794374932 0.8730036153631017 27 17 13 1.09
1370 0.1722924214881009 0.069813612150605 0.8828926902151135 62 34 21 0.48
1371 0.521849424331248 0.1393869267483406 0.5124495850652619 123 86 56 0.64
1372 0.1472295147844332 0.08891330549441226 0.8621941937095945 99 61 35 0.39
1373 0.1729398191929833 0.1227439379841371 1.049081623709478 96 63 39 0.8
1374 0.5331155474765396 0.1583082837387317 0.5391778251717717 92 54 30 0.6
1375 0.5252629814241105 0.1630508449016141 0.5458627586985062 74 49 29 0.16
1376 0.1760526266736715 0.1199143447342408 0.8756150019416877 156 97 50 0.63
1377 0.1346678411977168 0.1576221635611836 1.118753380647991 116 85 62 0.86
1378 0.5127822346928238 0.1664290968414772 0.463742386294913 74 60 47 1.12
1379 0.5341385223524896 0.1732969135842328 0.5283440887119257 118 74 34 0.86
1380 0.5267575318630766 0.1773618924027655 0.5333591077833897 105 74 44 0.21
1381 0.1310630507745215 0.1786002148749541 1.109297635568861 52 37 26 0.65
1382 0.07671122942666986 0.1750670493388384 1.182253937758354 69 52 37 0.75
1383 0.4998285359801695 0.167011430504528 0.4401825311617473 6 6 9 0.63
1384 0.5356515106321716 0.1788002344947636 0.5220627071199879 88 55 33 0.8
1385 0.48519632516759 0.1896919499803351 0.5854181295692211 134 100 62 0.42
1386 0.3673811396994921 0.1948948265405376 0.7563868711506839 66 48 29 0.98
1387 0.3630199437442656 0.1835778241774287 0.7667344754718282 76 58 38 0.54
1388 0.1303485553837296 0.2033062117570088 1.104102562676957 41 30 26 0.6
1389 0.5111395433834212 0.1917569808227924 0.4871182974791168 57 43 35 0.89
1390 0.4882335370480402 0.2022443446730652 0.5819685828613441 72 49 26 1.19
1391 0.42554906433136 0.1958781441065991 0.6677426050441753 132 99 57 0.71
1392 0.2674307387424237 0.2194960969126187 0.8876610429714772 116 73 50 0.18
1393 0.4764302407231864 0.2201783004746891 0.6018778853961266 122 82 48 0.3
1394 0.4396716008267635 0.2121837860349814 0.6503516895948485 63 43 27 0.95
1395 0.4285747260166974 0.2155946600481974 0.6664303449577635 29 22 16 0.72
1396 0.3324811581542472 0.2257346128020899 0.7961734020949316 49 29 18 0.61
1397 0.2344552610448338 0.2449338437730174 0.9237794403835042 88 57 36 1.26
1398 0.06129010939357171 0.248309425944504 1.169947185010659 12 7 6 0.56
1399 0.6099621303735109 0.2268414999459179 0.4903857923185343 26 14 13 0.57
1400 0.3992559729690699 0.2334030600834972 0.7054346336062461 104 76 44 0.46
1401 0.3962170514068498 0.233990026137062 0.7115071475345065 133 93 49 0.64
1402 0.3850304441364304 0.2360631062819312 0.7233500542080513 103 72 39 0.51
1403 0.3730040120445273 0.2386687596034708 0.7416999512518112 95 65 35 0.48
1404 0.3174816335396665 0.2431815014123036 0.8173213747075385 102 74 40 0.44
1405 0.2346098636494824 0.2522381300151398 0.9284907966730438 84 58 38 0.72
1406 0.2935307246374263 0.291432957164569 1.076086341953884 158 115 68 0.43
1407 0.05630860788262271 -0.2079307339965438 1.046342244846911 141 103 70 0.78
1408 0.08328865140603026 -0.1985873473770727 1.152255390406453 140 198 242 0.95
1409 0.069314319346371 -0.182381614521129 1.16503180780189 64 59 64 0.65
1410 0.145128814461589 -0.08626183907378418 1.06907875808184 174 133 87 0.41
1411 0.1535399062321886 -0.0667852362484502 1.070128731506725 68 50 40 0.51
1412 0.1517229288865785 -0.06401771011136817 1.063486274369558 172 125 76 0.77
1413 0.1176266908150937 -0.06920010083096453 1.122853879694916 99 84 66 1.29
1414 0.1751556767447487 -0.04046197904849461 1.054757074382793 51 35 31 0.55
1415 0.1634771298606316 -0.03020172844361044 1.052140405869134 164 129 98 0.73
1416 0.04621000526569607 -0.07062812097198098 0.9663448932060543 143 97 58 0.64
1417 0.2039641188047072 0.02223702632134061 0.9229916109146519 177 133 88 0.88
1418 0.1362204968182854 0.01521928684317125 1.111217320459419 64 39 31 0.47
1419 0.1224844248562901 0.01867229101091475 1.130192120113397 60 38 27 0.66
1420 0.1079461976854721 0.009962958528736021 0.8531012275456068 166 109 58 0.8
1421 0.1245057249721113 0.01449215665634171 0.8625969057728617 181 115 53 0.89
1422 0.1330096101792363 0.04539374848449448 1.106909828422569 58 35 27 0.66
1423 0.4088006259967049 0.06931110846719291 0.4547520175681293 141 197 229 1.05
1424 0.1227822311501275 0.03187139220706245 0.8576933377033604 189 122 68 0.55
1425 0.1734314369653314 0.04424730365705662 0.8904283903483818 86 48 29 1.03
1426 0.2577171944771489 0.07624496692745839 0.9519859192050613 165 128 81 0.71
1427 0.1188761706388209 0.05456656082557373 1.157690463699453 66 53 52 0.31
1428 0.5197735699426764 0.1213439910200435 0.4915536428593715 147 126 88 0.6
1429 0.512943932093189 0.1242613576930999 0.4910819165280171 88 66 44 0.72
1430 0.5354545408327319 0.1244139124199917 0.5129565260673977 161 131 95 0.39
1431 0.5572064355031801 0.1376160497592559 0.5254690902729746 186 147 100 0.54
1432 0.5075677090805246 0.1341308346494067 0.5880070958417672 68 51 40 1.52
1433 0.5082972784149128 0.133787490816442 0.5283743136479595 139 114 82 0.22
1434 0.5354789681277099 0.1507869146302822 0.5334395793176389 88 63 44 0.42
1435 0.5270240653560453 0.1483825339734215 0.5498449514536987 99 70 40 0.4
1436 0.15629817235589 0.08689868423179839 0.8694585220357912 39 24 17 0.79
1437 0.5538189165464853 0.1661653832372137 0.53612716336307 53 33 20 0.56
1438 0.4513253998421051 0.1541099644258151 0.650326594754089 117 79 38 1.03
1439 0.1498296701079718 0.1126627257795846 0.8576427752952874 38 24 19 0.59
1440 0.5380760009468939 0.1597057592073515 0.4021424919952922 166 151 119 0.53
1441 0.4645925981656555 0.1859628139815389 0.6148013229860838 56 32 21 1.04
1442 0.4644477406177235 0.1857427490801925 0.6147492517644183 56 36 21 1.15
1443 0.5465960303002284 0.2064353673824726 0.5210861769612825 96 67 44 0.9
1444 0.5086749663481567 0.2029373914674435 0.5604670730780428 98 68 44 0.55
1445 0.4764013216223686 0.1963544966709841 0.5943682012930702 55 41 27 0.64
1446 0.4303452076569626 0.2042402029673261 0.6550870842092038 89 61 31 0.69
1447 0.3745714809514007 0.1979879051726113 0.7380480814425003 105 77 45 0.44
1448 0.2782147344548548 0.2202984927496468 0.8738942935393026 89 51 28 0.77
1449 0.5143422449542255 0.2099979958567536 0.5528767030999828 116 74 38 0.67
1450 0.3055316797520971 0.2300193586835957 0.82908877212483 57 35 19 0.99
1451 0.1530292719962414 0.2326687639151981 1.049783662259028 108 68 48 0.8
1452 -0.03388616543199408 0.2346072912585646 1.260538062357131 47 38 29 1.29
1453 0.3057092150160747 0.2400773628314098 0.8307028139282535 57 37 28 0.98
1454 0.2820680502929135 0.2448124523377921 0.8637769106774598 64 44 26 1.11
1455 0.3198379247014286 0.2984772013586203 1.091832947352348 157 112 77 0.32
1456 0.3220799070554518 0.3116850200311777 1.094081022091079 188 142 100 0.53
1457 0.1119671212724995 -0.05474650079692242 1.00896963940728 153 110 76 0.98
1458 0.1280029190014686 -0.04577329047012649 1.01559869704408 172 126 89 0.75
1459 0.1321580711945097 -0.01751278810312237 1.011786592467008 174 121 77 0.88
1460 0.07450410913671723 -0.004081471346630228 1.102172622289193 47 25 19 0.26
1461 0.1746977337384955 0.02588912429938262 1.038145474411252 196 154 112 0.38
1462 0.4195276859704521 0.06922525701098298 0.5213575749435866 221 164 94 0.62
1463 0.1374930133966299 0.01761938767298674 0.8664339540872702 170 102 40 0.53
1464 0.1714425334895464 0.03324529467083467 0.8850324738027107 154 102 56 1.14
1465 0.1742786539388011 0.03212719603019018 0.8928925883098398 100 55 34 1.03
1466 -0.3527429668866838 -0.06812855164856566 1.236296000962135 171 126 78 0.78
1467 0.5186217905370882 0.1241721344643151 0.4851769152450089 40 31 26 0.82
1468 0.5028053181812768 0.1127779283396411 0.4920207293479477 33 23 23 0.39
1469 0.1900647938255671 0.07360710585034094 0.9052647144763967 119 85 59 0.99
1470 0.1793640611954209 0.1014421302562858 1.049202639203458 78 49 33 1.02
1471 0.5191424651921384 0.1366188371912476 0.5090332502036838 36 21 15 0.89
1472 0.5231340713199069 0.140270472874154 0.5575367606955389 106 70 42 0.5
1473 0.2595743394054489 0.156471652041882 0.9227533333635642 113 80 52 0.61
1474 0.1838877330258682 0.1455761843590672 1.050693960854973 134 91 59 0.66
1475 0.1697588293818569 0.154705768586698 1.081016992697279 107 82 60 0.96
1476 0.5245969297136638 0.1667839297554033 0.5453381318575209 92 70 41 0.3
1477 0.5261115183539526 0.1720073771953237 0.5395743631753471 36 23 16 0.52
1478 0.1067001331128614 0.159540488991679 1.147933867590312 101 74 58 0.85
1479 0.4746544086223203 0.186194332002215 0.6068099393756592 114 93 69 0.5
1480 0.3844542238335917 0.1934039856348007 0.7260691470620693 143 107 62 0.47
1481 0.359050977328078 0.1954399692873855 0.7710058694307277 39 26 17 0.81
1482 0.1914621163665118 0.1966813431443709 0.9816561500175379 88 69 50 0.96
1483 0.3601732750858599 0.2020152385330485 0.7623886945128282 116 84 47 0.82
1484 0.1583344879823979 0.2119952493768264 1.061630672492691 90 64 47 0.94
1485 0.6347657423893566 0.2143521129120647 0.414952924597662 23 13 11 1.03
1486 0.520894321227928 0.2078608989864154 0.5409549877990319 88 58 29 0.84
1487 0.2929869150942701 0.2359559494276173 0.8484077552357323 110 80 49 0.53
1488 0.07544162938948717 -0.2262151807286017 1.109291979076333 162 139 102 0.91
1489 0.5446727580935825 0.09277134359399405 0.5431357080329464 84 74 65 0.84
1490 0.5132684856590597 0.09653095869023604 0.5086041029427213 137 92 50 0.77
1491 0.1665737968868858 0.04930647056738799 0.880435199934789 138 81 39 0.56
1492 0.1752967249987493 0.06344263750865969 0.8854991472625 58 34 24 0.84
1493 0.1720875317355755 0.0537120020677129 0.8989893586135385 143 91 53 0.8
1494 0.5135454909099583 0.1288391301021461 0.5073205499304623 160 112 67 0.87
1495 0.1803367809319638 0.09257128431634321 0.8853667837461514 143 95 56 1.11
1496 0.1044689900023928 0.08633738300237317 0.8304824508740711 177 113 50 0.81
1497 0.1630209724510572 0.148260955828245 1.052427271758106 68 48 31 0.66
1498 0.4994376986750418 0.1623289719788087 0.4406680916631909 94 80 61 0.65
1499 0.5106680402917791 0.1603446125011392 0.3769252920948137 75 45 19 1.15
1500 0.1437003980203744 0.2581900694040816 1.070259796182942 86 64 50 0.57
1501 0.3597048485325194 0.3056563161827435 0.9387866624108511 82 77 55 0.59
1502 0.0980899221494167 -0.2106732466969085 1.070774202436277 170 132 83 1.0
1503 0.4110597796098142 0.07021873079021845 0.4339456659114693 210 164 107 0.8
1504 0.1082368524621595 0.06776610515747078 1.159154982384435 62 40 29 0.73
1505 0.5566107558828737 0.1327128766293869 0.5188299114736449 56 27 16 0.56
1506 0.5217019667947305 0.147930494283618 0.5606155507694524 51 29 16 0.94
1507 0.5048343241809558 0.1504904675121475 0.5786421429257332 48 29 21 1.12
1508 0.3280326809362744 0.3228077021109616 1.092445740237222 103 58 36 0.75
1509 0.5371139470254551 0.1321555729840016 0.4617772985602083 10 7 11 0.4
1510 0.196148127859454 0.1092829805748156 0.9007065681287907 192 125 62 1.11
1511 0.2672690762563614 0.115376061099704 0.9063393016842055 222 162 93 0.75
1512 0.4133256751054795 0.1728112237399673 0.6970464863426351 132 114 87 0.7
1513 0.2776781606821427 0.1651033020658239 0.9213664784659811 84 68 58 0.74
1514 0.4327596096240697 0.1916345767610628 0.6540857782903065 118 91 55 0.93
1515 0.5121066351314457 0.1160284111909782 0.4582293742582402 178 157 118 0.87
1516 0.458929676299994 0.1901003725471263 0.6265905135318632 138 113 77 0.66
1517 -0.05092132014597472 0.1950185348393479 1.282188656764756 190 195 193 0.2
1518 0.5047681764424887 0.1396195183099891 0.5808399013200228 43 32 27 1.68
1519 0.4543808821084893 0.142873103046051 0.5351232467181223 53 29 19 0.24
1520 0.0857149584833703 -0.2384778899709209 1.07898968878583 87 62 44 0.27
1521 0.07789564047786801 -0.2375782470683281 1.076549863110034 59 37 22 0.22
1522 0.103112361021566 -0.1827112832338411 1.070699798662422 169 136 97 0.58
1523 0.09417415335688872 -0.1758932684877646 1.061002855246711 57 41 34 0.35
1524 0.09581968947214459 -0.1719090852522295 1.054962055351322 119 75 47 0.29
1525 0.06937104994599708 -0.1124607887970988 1.173396399654542 169 171 175 0.61
1526 0.1117267061285377 -0.06157626923786594 1.016042767041745 71 43 28 0.5
1527 0.1012924319066046 -0.009838876294453652 0.8570008408808469 197 197 198 0.47
1528 0.1743074766624665 0.04613052916471441 0.8839102320543526 160 110 69 0.57
1529 0.1481651730112271 0.05529668827535486 0.8600298229932211 103 70 46 0.45
1530 0.5176995272529314 0.1218217574473644 0.4863097455348441 102 78 56 0.58
1531 0.5251582192439748 0.1347508511648662 0.5707195129135959 46 31 22 0.48
1532 0.09974431540817519 0.07807984259982503 0.8271144763305249 140 74 28 0.61
1533 0.1185846103291041 0.06948682630744946 0.8477186840499575 88 50 28 0.44
1534 0.1159191591569879 0.07447276817049156 0.8420394144156524 110 61 28 0.14
1535 0.1829727357239379 0.1089925033592677 0.8811282907900291 166 113 68 0.61
1536 0.1941588251059317 0.1209459878515461 0.8964888129755829 139 93 60 0.26
1537 0.4705939436562798 0.1510808510302108 0.6209393461423769 136 103 67 0.22
1538 0.1825553729155063 0.1230764878760208 0.8814042509670741 121 70 36 0.57
1539 0.5068739582982953 0.1578716674370524 0.5745826348584839 66 37 21 0.43
1540 0.4343341405054491 0.1724762112323225 0.6643932580149484 138 105 72 0.12
1541 0.3530379206852762 0.1923497527134559 0.7791254573464628 126 98 59 0.6
1542 0.4331992770500459 0.1951312972270225 0.656364275791504 164 127 78 0.36
1543 0.2921273552284837 0.2631849872282001 0.8462757805236618 90 73 55 0.19
1544 0.5242100515500715 0.2333894726662436 0.5435915130578617 100 67 40 0.3
1545 0.06958402217888782 -0.3082194252329509 1.125989796019619 217 227 232 0.19
1546 0.1276534414692356 -0.1395199352258711 1.07366940184853 165 118 74 0.74
1547 0.03926324337687026 -0.100345734382845 0.9785579400593593 90 59 32 0.47
1548 0.157469691162577 -0.005359245053029538 1.071683767810711 62 40 28 0.54
1549 0.1430109551972306 -0.02677226650164524 1.089545441343628 63 44 37 0.34
1550 0.1191778285862768 -0.02071696108712412 1.130505838160746 84 57 43 0.48
1551 0.1512323269871236 0.01944302021329183 1.013000364274743 172 120 71 0.31
1552 0.1159033272120265 0.005717518141112848 0.8539549201755252 118 76 43 0.85
1553 0.1645302295411293 0.06031569569002962 1.017775620097864 72 48 37 0.61
1554 0.1697361619121381 0.07217330194939447 1.01891552038279 109 74 45 0.5
1555 0.08885581198548365 0.01651672347954908 0.7787497737148261 194 196 198 0.73
1556 0.1750648815425642 0.05713176537598838 0.8912569975129848 115 73 42 0.53
1557 0.18472517068162 0.05998026295059328 0.8952298094212788 129 85 55 0.42
1558 0.08635471735233557 0.09534273380085551 1.172788351121272 122 96 75 0.22
1559 0.07596878638743043 0.02527941695568645 0.7957665531103132 144 105 68 0.99
1560 0.06551098784250331 0.02846880964114654 0.8103858336592227 150 103 64 0.83
1561 0.09303540937846932 0.03668810155053642 0.8341993543046191 134 87 49 0.88
1562 0.09221219583980189 0.05594144322686256 0.830334877178196 161 106 55 0.42
1563 0.1817821313164423 0.08207985421572028 0.8889155730888825 146 94 50 0.43
1564 0.08495890075427925 0.0606197834417305 0.8183580575433627 136 79 37 0.68
1565 0.2500323999264632 0.1474235972649123 0.9389480933884906 151 121 83 0.28
1566 0.08872427957096762 0.0830800210585661 0.7735627035406223 73 39 17 0.49
1567 0.1881493433836091 0.1265244762633831 0.8851056143721554 58 28 11 1.36
1568 0.4766279925176203 0.1558191552903399 0.6108808202871256 129 109 79 0.17
1569 0.3373340227909476 0.1726819591781955 0.8088007517541118 170 119 71 0.32
1570 0.5190431852918765 0.1645404698048951 0.5534836199058109 104 67 34 0.37
1571 0.5120734696347571 0.1657036610777563 0.5627336189426613 76 43 26 0.41
1572 0.4851720751983366 0.1673321589064147 0.5933984115642829 145 110 70 0.31
1573 0.4849170071888361 0.1729803171925393 0.5920625807793506 110 85 62 0.28
1574 0.4765391456426468 0.169979456004143 0.6069029913071419 124 94 58 0.46
1575 0.4608010778421409 0.1752541885256425 0.6246788715980485 134 103 62 0.24
1576 0.4599015174515221 0.1735258734679782 0.6264297446219045 136 93 45 0.19
1577 0.4457264976794557 0.1726205773363098 0.6487325819423034 117 85 50 0.33
1578 0.4431432724912933 0.1738087273111538 0.6505538174157545 109 84 58 0.31
1579 0.4323332591582116 0.1696313211990419 0.6672541366112312 140 119 98 0.25
1580 0.4274779073088099 0.1737772894473119 0.6727880419402833 154 132 102 0.33
1581 0.4143803603973912 0.1788340532717643 0.6893141143429525 130 97 61 0.47
1582 0.4057921310981216 0.1748498292743098 0.7022376290718884 164 137 111 0.14
1583 0.3897978325916656 0.1776080751731579 0.7243310379487808 139 101 62 0.2
1584 0.1848810308748711 0.1905108185726645 0.9830340285274263 27 22 19 0.14
1585 0.4487459783169445 0.188722148854644 0.6358423134524908 132 97 52 0.62
1586 0.3865167334572178 0.1835026918480893 0.7261580558016316 153 123 68 0.28
1587 0.4656031508557278 0.1892570546501668 0.6128406433112191 102 64 29 0.42
1588 0.4368392455948522 0.1958648940488834 0.6507602091433456 155 121 73 0.17
1589 0.4246408262447519 0.1997595353126124 0.6667202053944409 138 99 51 0.53
1590 0.2433979953114431 0.2210164139964122 0.919019704647311 73 40 26 0.45
1591 0.4752795191161777 0.2028887419467069 0.6072687531273921 66 44 25 0.34
1592 0.4514272890647212 0.2010853234344724 0.6286470883109195 100 81 53 0.36
1593 0.3788434110748865 0.2132098522873695 0.7254660069892578 86 58 33 0.26
1594 0.2981934127193155 0.2831780042036988 1.069818799204361 103 79 62 0.82
1595 0.4271149468679429 0.2238140379813078 0.6666913623782339 62 42 22 0.5
1596 0.4131355377820489 0.2432190069669934 0.6982655831891003 108 82 54 0.69
1597 0.04743333959950202 -0.02501308305279115 1.180979848676577 132 103 73 0.25
1598 0.1174647960352809 0.0348339334432613 1.132600728190962 124 93 64 1.05
1599 0.1428662344258101 -0.000872764809969645 0.8752566357483365 187 188 192 1.02
1600 0.196618001255826 0.1083193740139357 1.018985496016017 153 112 77 0.93
1601 0.541025443241799 0.1296565091076309 0.5475315157710866 76 60 44 0.35
1602 0.06885272928772346 0.02184906434283071 0.8052715624873739 145 116 90 0.52
1603 0.2665564960191921 0.1171939721809968 0.9251051756876325 156 114 67 0.77
1604 0.1781063940648062 0.1168076723290767 1.003174898341867 42 24 14 0.74
1605 0.1636437820401335 0.1163581243853355 1.077043902079263 140 96 62 0.22
1606 0.161290382129714 0.1181089772626706 1.079822415497198 64 36 22 0.47
1607 0.1355587551252717 0.07663309042782129 0.8534602360052927 153 98 52 0.82
1608 0.183875360278267 0.1138698826097093 0.8807540462761601 94 51 27 0.22
1609 0.2028479982058742 0.13333146986338 1.001422240785461 96 61 42 0.67
1610 0.5298059974064576 0.1422998411909951 0.5459741727204437 86 55 33 0.84
1611 0.5242191221692781 0.1494305274456222 0.5556649051142463 111 75 43 0.32
1612 0.5235643585355063 0.1512299658954998 0.551979282120004 98 65 34 0.66
1613 0.4602038768477027 0.1514840649894037 0.6364759459560113 139 105 68 0.26
1614 0.1609302919785318 0.1148565769909495 0.8674145556447664 151 98 60 0.76
1615 0.5048577985662634 0.1559435526992583 0.5784683521123107 67 46 27 0.34
1616 0.3270513218249333 0.1714752275408147 0.8196055714297199 105 64 37 0.47
1617 0.2416173368988696 0.1727564367922432 0.9355392456707284 95 67 43 1.21
1618 0.4734380232474936 0.1690122652707419 0.6126805675589226 109 80 51 0.86
1619 0.4448790251657571 0.1707488982552476 0.6495519530062329 142 115 80 0.43
1620 0.2292851246245843 0.1997511074916132 0.9458074699200438 73 56 42 0.41
1621 0.4366905275859121 0.1814629488853504 0.6563036510279368 115 80 45 0.4
1622 0.3995446353481749 0.1937486244424445 0.7046421128004358 134 92 43 0.45
1623 0.3714681752567064 0.1896048867632408 0.7530405889661278 136 106 66 0.38
1624 0.3656597126526611 0.189874106167924 0.7604772652087118 89 65 38 0.37
1625 0.36397170971358 0.1889594206304424 0.7650102730250429 59 40 25 0.95
1626 0.3396522738687733 0.2022604645321595 0.7937648989486074 64 41 23 0.51
1627 0.4537557305720727 0.1979433238139905 0.6263027777526844 104 78 48 0.25
1628 0.3516278052424255 0.2064152020763037 0.7746140436291689 77 55 32 0.35
1629 0.342622782665888 0.2061055229568865 0.7872568743905096 102 74 43 0.44
1630 0.2947990446893998 0.2271747477208002 0.8468479026617415 137 94 50 0.44
1631 0.2951629535938076 0.2326303529536194 0.8464463349534166 140 96 58 0.27
1632 0.03983183581923944 -0.1270850015223569 0.9923688553208483 67 46 38 0.56
1633 0.1726027069355624 0.04474018159818866 1.028757067419256 152 117 83 0.4
1634 0.1842830031954752 0.07157559997809709 1.028721287887483 45 28 20 0.46
1635 0.1463440669463222 0.07081208961057214 1.091379843953828 131 103 69 0.97
1636 0.1399217491989827 0.08050353134816396 1.105699614958341 106 78 56 0.87
1637 0.07133870993523794 0.01732091760580001 0.804407676435049 193 195 199 0.48
1638 0.1834089732102944 0.08614121534890762 0.8948090037646721 61 31 20 0.49
1639 0.4725895389929443 0.1488663202365571 0.6194472719484897 132 99 67 0.38
1640 0.4168191277843011 0.1635567259413512 0.6922471898580094 107 77 42 0.36
1641 0.2561555339625075 0.175602091288773 0.9303853153430408 91 60 32 0.21
1642 0.4618865053516767 0.1682335906845026 0.6252396729000703 151 122 82 0.36
1643 0.4182789442038042 0.1705477647670853 0.6861757176798607 150 113 69 0.6
1644 0.3913765928967704 0.1765121866359926 0.7218699702528242 141 107 58 0.4
1645 0.3748875644928564 0.1758018823337658 0.7479316640588083 119 87 52 0.59
1646 0.378325798133985 0.1828153869874003 0.7394766578109622 105 79 48 0.45
1647 0.4890721382104321 0.1775356368175317 0.5840624066144932 142 109 64 0.28
1648 0.4713685100082676 0.1785754560124051 0.6101397422364818 94 72 42 0.46
1649 0.4192357600261845 0.1852226820146443 0.6810681718828252 129 91 47 0.64
1650 0.3651781537739085 0.1924486209006752 0.7594333300867115 93 70 41 0.47
1651 0.2384614066777709 0.2039860316100867 0.9391767401919541 19 13 10 0.61
1652 0.4749986648199732 0.194382938716358 0.5979610560942802 114 86 48 0.64
1653 0.4439729615880551 0.1968655244866732 0.6416411033017211 103 68 35 0.4
1654 0.4425961410664369 0.1962840036323457 0.6439776434259088 150 108 60 0.44
1655 0.3911136275883589 0.1967706008268703 0.715686721630047 146 103 56 0.46
1656 0.3896553590437747 0.2043505005964265 0.7146420469688953 151 117 66 0.44
1657 0.4245542265451662 0.2040173107588365 0.6647888656801946 96 67 38 0.33
1658 0.3528014120354295 0.2213026080496859 0.768882362126707 84 64 40 0.49
1659 0.1423337325824542 0.04755737308968558 1.089520333301818 74 47 33 0.65
1660 0.1728544980800586 0.06659058814204619 1.017508945419881 145 112 79 0.89
1661 0.5376113685088516 0.1104740276507195 0.5521392240293982 149 106 59 0.99
1662 0.08962300252639888 0.01677859697897915 0.7673647140710053 205 203 201 0.77
1663 0.2059303763943078 0.1041052232571505 1.020731695933565 172 124 81 0.71
1664 0.09184671652684362 0.02400678122135705 0.7625126108614355 120 94 76 0.89
1665 0.2625694476978268 0.1356770966840534 0.9261024525951587 124 88 60 0.62
1666 0.4776871090615196 0.1487835647086955 0.614154988043327 134 110 67 0.37
1667 0.2595345684314175 0.1513317749571733 0.9240454743606397 137 98 61 0.38
1668 0.5279026035024355 0.1620750093596365 0.5401587885645064 94 60 32 1.08
1669 0.2479014203222392 0.1431279726186073 0.9523130810399572 97 66 42 0.79
1670 0.3515039859637854 0.1846728380252685 0.7852472702477865 58 42 28 0.68
1671 0.2469256289133444 0.1839241482205644 0.9353030366541148 66 46 25 0.43
1672 0.2769475663714764 0.2010858094337341 0.8849595021587068 55 34 25 0.65
1673 0.4675188987027451 0.1942423201522244 0.6095947778486364 99 68 31 0.94
1674 0.4593956597218672 0.1954292308026427 0.6188499772011538 150 114 61 0.35
1675 0.4427786888352285 0.1915057038409889 0.6464727381963099 146 113 68 0.38
1676 0.4015341682240147 0.1973729432658491 0.6992425630089303 99 68 38 0.68
1677 0.3948372283205388 0.2222700289287717 0.7121571809476789 65 43 25 1.08
1678 0.3076763721981959 0.324806151477524 1.071194130633056 153 117 79 0.39
1679 0.1856301457631289 0.1240888651471 0.8946545720131061 184 122 67 1.04
1680 0.5205966441466139 0.1532486843540416 0.556473033831819 126 84 52 0.95
1681 0.4835407356738805 0.1836815374592222 0.5893966050154282 104 78 51 0.36
1682 0.3856331740427725 0.1864170990864673 0.7233021885326776 126 92 52 0.67
1683 0.3444822472626848 0.1948599908828035 0.7893161786709757 119 90 56 0.79
1684 0.4031628854833217 0.2038907802295571 0.695764790698959 107 78 40 0.46
1685 0.4457874995158181 0.2027009136545932 0.6374386108701248 159 120 77 0.64
1686 0.03094433577868405 -0.06349722392294452 0.951920232556126 89 70 56 0.68
1687 0.5102481735177619 0.1433365733776476 0.5763457338188398 124 82 44 0.5
1688 0.4652638537305826 0.1740347477677755 0.6176367558764156 45 29 17 0.74
1689 0.3910686728225766 0.17888923481286 0.7209802850384529 154 115 64 0.84
1690 0.2291611274782989 0.1913957454104754 0.9494755032652431 141 107 73 1.52
1691 0.2259898177060225 0.1487474092743664 0.960550364954211 25 14 11 1.4
1692 0.09347981308874342 -0.2660944694708363 1.096610100372434 98 79 61 0.76
1693 0.0897367893228177 -0.2396597957256353 1.154965213338757 182 211 227 0.35
1694 0.07600385357257156 -0.2218003852425182 1.147464561480005 75 71 73 0.57
1695 0.04629063124238297 -0.1905097203222418 1.032192532032365 169 163 159 0.39
1696 0.09509526393483103 -0.1660984032908104 1.062524849384286 92 65 44 0.56
1697 0.06840221373662736 -0.08987296523748448 1.177205333090339 169 179 189 0.62
1698 0.1419638300275702 -0.0401160158424447 1.036240568270479 78 54 38 0.06
1699 0.1415563992035719 0.001915042092110159 0.9873331802166231 71 45 28 0.05
1700 0.102976041141284 -0.07391550400263466 1.013561566696528 152 115 79 0.23
1701 0.1452544729584214 0.00168479004417818 1.015666371163857 180 142 106 0.32
1702 0.1594333540720367 0.003026409804656238 1.022323770668241 81 60 46 0.58
1703 0.1652035466157004 0.01245488765347882 1.057881403725669 84 68 54 0.24
1704 0.1515551131645317 0.01048665837205973 1.074434044424881 71 52 39 0.35
1705 0.1739348510570667 0.01735412277512979 0.8846554044139565 89 64 49 0.62
1706 0.193411407174238 0.02168898651580778 0.9153978840177653 140 101 67 0.46
1707 0.2064107205154136 0.02520661429346951 0.9238894192140633 152 110 68 0.6
1708 0.194613057091944 0.03537101701005604 0.9186561573343542 119 69 38 0.68
1709 0.164270368268388 0.03682260206302904 1.059478876515016 97 56 32 0.79
1710 0.1589353379194057 0.03841083578345753 1.067387307506467 86 51 33 0.44
1711 0.1321669918894154 0.04494716615696756 1.112390789759901 109 79 64 0.47
1712 0.1188482410091824 0.007525651099999559 0.8565673832940375 145 98 57 0.43
1713 0.1326650126615416 0.02583818460270923 0.8635296506772872 154 99 55 0.59
1714 0.2102807601623926 0.05441702574887933 0.9283084287212817 99 54 28 0.23
1715 0.2847175681558357 0.07662570387216738 0.915458305308019 94 58 35 0.54
1716 0.5464584564940447 0.1199076544763747 0.5290120299406726 164 118 68 0.34
1717 0.5243343756204757 0.1139310370318509 0.5672334460055223 116 75 31 0.7
1718 0.523310060461227 0.1149386637346977 0.5666463017918452 90 54 31 0.47
1719 0.1755751566844074 0.07404108789727906 1.022023297806771 93 59 40 0.66
1720 0.4778310293882161 0.09422938045165424 0.4865234028086652 163 127 80 0.71
1721 0.533991825668825 0.1316090916390813 0.560373353580099 80 66 52 0.6
1722 0.5195698690009711 0.1261403922364253 0.5744410193443326 99 70 38 0.94
1723 0.5038240078949672 0.1202377715685339 0.5864657370350266 128 120 116 0.49
1724 0.1128579033281976 0.07401296205591701 0.8401918012879961 118 65 35 0.44
1725 0.1263943691016709 0.06793879913891188 0.8463970928869814 123 80 56 0.6
1726 0.1419864120126869 0.06996704916559351 0.8568043730900115 122 66 36 0.21
1727 0.1404326889942751 0.07132167525898295 0.8543280878655651 149 90 55 0.46
1728 0.1472140073552219 0.07710475911735742 0.8692600383473374 98 72 54 0.41
1729 0.1998623928657104 0.08818308489763269 0.9088480052675861 162 104 59 0.42
1730 0.5275941345978498 0.1462941006225946 0.5492834213302681 95 62 40 0.34
1731 0.4965144579965175 0.1452809834655939 0.5857261421503858 62 42 25 0.24
1732 0.2027350427500156 0.1270515688273903 0.9066168502511901 115 68 34 0.85
1733 0.2783748951910912 0.1412554841304658 0.9010468341675943 167 116 69 0.35
1734 0.1164569675129424 0.1296077660366169 1.148251394239812 108 78 59 0.3
1735 0.5242296839782211 0.1502914931412308 0.5085242267599032 100 61 42 0.56
1736 0.5025312221555598 0.1495517671488752 0.5843784325758586 63 46 31 0.48
1737 0.4905280661847835 0.1540244932860812 0.5904709960076779 173 141 97 0.37
1738 0.4618350021307715 0.150530855270391 0.6341108189605789 102 70 40 0.73
1739 0.4564080741822228 0.1605830391664945 0.6393497702936097 67 49 28 0.62
1740 0.4345484219651923 0.1596632296698826 0.6681245818103485 113 87 57 0.32
1741 0.4346740090261307 0.1611142618978271 0.6722698792710267 121 97 62 1.0
1742 0.4292325415900713 0.1598115456089465 0.6766829654426016 68 47 29 0.48
1743 0.4155416515592935 0.1571082233339217 0.7022699811683614 131 80 32 0.64
1744 0.3581858474296311 0.1665595131642764 0.7805609068435452 92 69 44 0.31
1745 0.2098303197130655 0.1560171382391204 0.900695681828992 90 58 43 0.18
1746 0.1746477503344939 0.1640694629321394 1.045178341355834 44 25 14 0.32
1747 0.5212826982450758 0.1610593018074156 0.551815905177226 64 37 23 0.33
1748 0.5202510130014336 0.1698187129183677 0.5496601751213107 91 50 26 0.31
1749 0.4736548329032469 0.1650104668060233 0.6122526096949586 133 103 63 0.3
1750 0.452169684954964 0.1722731002152956 0.6381205432431716 93 68 46 0.38
1751 0.4485723236655978 0.1673928990681952 0.6476829739571595 139 106 70 0.57
1752 0.4372965400567498 0.1724811862251537 0.6594792152413143 142 121 92 0.42
1753 0.4137585393128596 0.1750724085934474 0.6907663012339085 134 112 89 0.57
1754 0.3911422204179273 0.1659418274885828 0.729394479366148 124 91 58 0.34
1755 0.3990066897155689 0.1758550305558206 0.7124055194135309 78 57 38 0.56
1756 0.3784294558810101 0.1689301365910677 0.7457415552041801 93 73 46 0.18
1757 0.3747674866377304 0.1711904973212258 0.7550981924703488 109 82 57 0.29
1758 0.3435651749920506 0.1785987470555392 0.7975763442630893 89 63 42 0.34
1759 0.34362650199454 0.1793626415225871 0.7951768960631019 109 83 51 0.36
1760 0.5133561844073996 0.1670749150893589 0.4643992157503796 58 50 37 0.59
1761 0.5349457260900475 0.1720340209421495 0.5268384445128872 91 53 21 0.38
1762 0.5292165837417417 0.1727985525535978 0.5335101896697677 67 53 32 0.46
1763 0.524932467979867 0.1734776407695664 0.5419460750142424 109 67 38 0.29
1764 0.5046067037660864 0.1741790460781258 0.569561204510464 139 105 63 0.37
1765 0.5041356197346327 0.177221590757418 0.5690035564637107 142 97 53 0.35
1766 0.4697305821352242 0.185759858099537 0.6091999958324654 104 74 46 0.17
1767 0.4622849484954406 0.1895063559043742 0.6154963244872772 115 89 62 0.18
1768 0.4504417222689597 0.1841341713928222 0.6359259862709661 115 89 52 0.4
1769 0.4432647088174089 0.187759939268446 0.6459149576124168 146 111 64 0.24
1770 0.4363567738143748 0.1881427275552731 0.6547772969566767 105 76 42 0.3
1771 0.386403519574852 0.1855739288580531 0.7256833049126341 119 86 48 0.34
1772 0.3727618996055837 0.187027549343849 0.7449431363547991 56 39 25 0.35
1773 0.364216631527209 0.1878893305910038 0.7626680243268498 94 65 35 0.33
1774 0.3477674164008869 0.1976570734421385 0.783495963316046 75 51 29 0.28
1775 0.3255668308444826 0.200810940547296 0.8140646134885643 105 70 37 0.28
1776 0.2006438914805015 0.2164906883987426 0.9971731146778209 86 60 41 0.5
1777 0.5336638650086282 0.1854144498359034 0.5267060721303665 67 38 21 0.29
1778 0.4447786114229869 0.1931749065765871 0.6425626293674881 118 82 48 0.23
1779 0.4446694601923934 0.2039824976372105 0.6393297351139859 115 86 48 0.67
1780 0.3605745397102528 0.2099729925212884 0.7613274209995887 126 94 55 0.37
1781 0.3527671314061306 0.2031571502651556 0.7750522236333461 67 47 28 0.43
1782 0.3475552294133861 0.2037462617762452 0.7819346227322546 66 49 27 0.31
1783 0.3395950511338399 0.2145174504890342 0.7891209414349156 115 84 51 0.51
1784 0.3299262518423108 0.2163439121164983 0.803276728502847 87 63 42 0.87
1785 0.3149936161792627 0.2080482754463037 0.8254444378723473 99 69 45 0.47
1786 0.2933193126148265 0.2167372638465144 0.8537982404822384 116 88 59 0.35
1787 0.2498526493723399 0.2267738188638445 0.9259679248239037 26 14 13 1.2
1788 0.09000703533342336 0.2286402490331038 1.102641646484505 25 13 9 1.2
1789 0.31189167916745 0.275157969642649 1.090919771803944 110 75 48 0.24
1790 0.3325724819387078 0.2658000966839724 1.112489350130841 72 43 28 0.39
1791 0.4643469534363917 0.2083301802807662 0.6165533789999018 39 27 17 0.16
1792 0.4319946690594244 0.2210395767792535 0.6589277428816368 75 56 32 0.62
1793 0.2848799133180927 0.2392755691318434 0.8585149598484811 98 70 48 0.71
1794 0.4962342061189913 0.226977031555156 0.5885375273411108 49 34 24 0.35
1795 0.4719646118223144 0.2224995870534133 0.6070465187649902 69 49 30 0.61
1796 0.4458313667309147 0.2300356662913911 0.6446249156559954 101 81 59 0.38
1797 0.4451886259724774 0.230022745557302 0.6445794160062358 101 86 63 0.24
1798 0.4452358402294095 0.2322411987587904 0.6466515885815542 94 70 38 1.24
1799 0.4346326950412681 0.2392462725497622 0.6702789627281937 72 56 38 0.36
1800 0.3462079429481758 0.2460653749418672 0.7743451826205964 176 120 65 0.34
1801 0.2667227430597203 0.2601161149159435 0.8842558249067993 92 57 34 0.79
1802 0.2998261770949751 0.3132005910337389 1.075361754607091 120 88 62 0.55
1803 0.32342654535338 0.3170741764650625 1.091630434180432 125 83 53 0.38
1804 -0.1228479407402443 0.3316065249618107 1.297025620523161 120 96 66 0.95
1805 0.09452910558294947 -0.2334167155419283 1.089805242558489 38 24 13 0.63
1806 0.09651228033958159 -0.1543773086239708 1.05396389395945 130 94 63 0.27
1807 0.08670232243602782 -0.1708308934188076 1.1562436693681 191 220 247 1.1
1808 0.03990767433808895 -0.1543324238650071 1.008565166239001 177 175 177 0.5
1809 0.07031477067006464 -0.1535252100332619 1.02930127124143 143 100 63 0.36
1810 0.06647859462474914 -0.1356180540696222 1.172156938663066 175 196 204 0.45
1811 0.09344390177350692 -0.08062370122727294 1.147698281931291 120 95 81 0.34
1812 0.148376038328707 -0.05577155317276064 1.044375229139873 125 84 48 0.5
1813 0.1744698920907454 -0.04251800594863217 1.10782873262035 25 24 30 1.69
1814 0.02763527018981404 -0.08100597147368441 0.9755050124640791 148 105 72 0.47
1815 0.05603468806901457 -0.06090190379638946 0.9674858141048709 74 48 34 0.44
1816 0.1442658767715048 -0.004801253200792721 1.130853394364873 35 32 34 0.72
1817 0.1705976662378397 0.001691318018375965 1.046540629884754 112 79 54 0.54
1818 0.1522197213188105 0.001121992643822206 1.081508643427058 118 94 72 0.6
1819 0.1032861499887233 -0.01073075567348802 0.8523741486947771 145 122 109 0.8
1820 0.179937231899289 0.01946388325637116 0.891735933717194 103 68 45 1.1
1821 0.183382913512071 0.02218013689617199 0.9084758943042635 133 74 36 0.27
1822 0.211214762059648 0.02923932405925317 0.9319258433730104 75 42 29 0.39
1823 0.2142904493792162 0.05404760598157252 1.000937814764319 167 127 85 0.54
1824 0.178029237017793 0.05257044758430676 1.038741614248109 71 38 22 0.42
1825 0.1595506541170757 0.05930457138172127 1.071740668691733 77 53 37 0.4
1826 0.1825130913179122 0.07436287924017915 1.032615639732467 112 83 62 0.91
1827 0.4977823845207441 0.08865243697006353 0.5035687777982097 183 130 58 0.74
1828 0.126299954407864 0.04463464660396571 0.8534340737884198 146 89 44 0.75
1829 0.1723675507228606 0.07395103539590023 0.8832704021615529 126 82 44 0.71
1830 0.2204850150095555 0.06985483460973047 0.9185538295033928 146 96 56 1.17
1831 0.1576392673530946 0.08351275829961455 1.080612849157481 85 58 36 0.7
1832 0.2543843835363614 0.1172339523759878 0.9410399209946707 113 71 42 0.6
1833 0.1855519415555915 0.1056438803629988 1.002960582512016 123 88 60 0.9
1834 0.2039586556811343 0.1089796962353926 1.022223023106754 90 54 36 0.47
1835 0.4983868088449342 0.1431324917829491 0.5963278585809106 79 48 24 0.94
1836 0.1239003372252342 0.09499215229457456 0.8384622992837237 153 94 46 0.64
1837 0.1949625534047099 0.1154985088954221 0.8979865189854175 158 85 38 0.84
1838 0.5398502319277764 0.1501375064499955 0.5297969906638026 69 35 19 0.26
1839 0.5295506782241168 0.148772257818136 0.5458418570402744 73 46 27 0.42
1840 0.5187097676977541 0.1572081713590554 0.5568886315557962 76 45 24 0.51
1841 0.4980473163037119 0.1564580914009368 0.5823091112224712 123 108 84 0.23
1842 0.4809816275356628 0.151709592962568 0.6050014877487589 133 104 67 1.0
1843 0.4742542539830338 0.153196544272057 0.6161670989708107 123 89 48 0.42
1844 0.4711052185296753 0.1529232920778674 0.6198099565153985 96 64 35 0.44
1845 0.4571786546916136 0.151824191440391 0.6403231155123833 122 93 56 0.58
1846 0.468330003154217 0.1559334020212686 0.6283487468478294 83 62 41 0.85
1847 0.4450066558391343 0.1605959591359277 0.6529138534370529 124 96 72 0.62
1848 0.1779823286190707 0.1378880218508571 0.8746726072559633 78 43 19 0.29
1849 0.2470019446011003 0.1632442258513178 0.936631789608726 144 104 67 0.37
1850 0.199697156799993 0.1700686250593035 1.00683300853327 123 86 51 0.59
1851 0.5076416361224416 0.1717514522196339 0.5671130710037827 99 60 27 0.32
1852 0.5030507269143222 0.1678164610585786 0.5741086621207713 112 79 48 0.41
1853 0.4277666164803265 0.1638279974777467 0.6757130850358355 98 82 64 0.51
1854 0.4240548026822067 0.1697654991139608 0.6787404506809376 96 69 38 0.53
1855 0.3971051872826767 0.1776421885471222 0.7158661692770093 127 87 40 0.4
1856 0.388011431044587 0.1762142881913942 0.7271982072457002 164 124 74 0.65
1857 0.3762868274670702 0.1694187029429353 0.749369952600639 76 54 27 0.32
1858 0.3674763867645148 0.1775358136490461 0.747772657798068 59 40 20 1.11
1859 0.3692476629115314 0.1700372623409271 0.7683826559599489 24 16 9 0.28
1860 0.3652157387357752 0.1743216855713186 0.7667670619045089 79 51 28 0.45
1861 0.1938700212884534 0.178259645745794 0.9965841542848077 56 33 18 0.42
1862 0.186508955196379 0.1880045090470289 1.020711893411513 100 64 45 0.25
1863 0.5332267788279004 0.1845253217772461 0.5252112074529021 110 74 42 0.57
1864 0.4953486380804695 0.1803721032532803 0.574787391546397 102 70 38 0.38
1865 0.4479060659327638 0.1794720427292945 0.642345056879622 132 100 57 0.35
1866 0.418625794705343 0.179179531726399 0.6847320947001919 158 116 66 0.69
1867 0.3879199235739856 0.1944536462027207 0.7203458383924382 114 81 44 0.45
1868 0.3635617486985967 0.194116040333051 0.763450265229232 50 32 22 0.81
1869 0.3249485493104122 0.1987701435585519 0.8166479255783536 65 32 16 0.33
1870 0.2765649915762984 0.1934636659727949 0.8847807487150758 68 44 29 0.38
1871 0.08261883316778385 0.2250505319033304 1.169736325493204 18 16 13 0.28
1872 0.5146750681838125 0.193188353710946 0.5545539629026326 65 36 19 0.51
1873 0.5063834263996738 0.1949561237395015 0.5655405383577501 75 37 17 0.47
1874 0.4837481949537721 0.1937148054341356 0.5855532067791696 132 94 62 0.63
1875 0.4207865029029141 0.1956207763586238 0.6739499742466197 125 86 53 0.72
1876 0.409939376402405 0.1980932704139397 0.6876261788100057 101 72 36 0.28
1877 0.3834552934291328 0.2089409603224466 0.7207595264167821 89 61 32 0.43
1878 0.3703862523409168 0.2136718634911053 0.7382446077438913 61 43 25 0.4
1879 0.3681369999888181 0.2135712352716467 0.7507217839879369 101 74 43 0.3
1880 0.3255942658576981 0.2069739489168165 0.8134817351172611 57 36 22 0.33
1881 0.1723818285557048 0.2251243136586736 1.022791293476033 95 63 44 0.4
1882 0.4444922994041911 0.2121882478476378 0.642333489945716 52 38 26 0.51
1883 0.4374810327504013 0.2169211197758048 0.6483510394070164 59 36 21 0.8
1884 0.4306266883473043 0.2196934168141811 0.6626619774216462 64 51 34 0.35
1885 0.4266967195694717 0.2137552646267901 0.6742126494397668 69 36 19 0.88
1886 0.3385099574488297 0.221709085493829 0.7894423521039167 56 38 25 0.54
1887 0.3138754678996707 0.2286512548198497 0.821983651815412 102 75 47 0.58
1888 0.3202155974060282 0.2378890430566579 0.8088388947339793 59 33 23 0.4
1889 0.3104083774752752 0.2406589751723941 0.8234205605279384 58 35 24 0.29
1890 0.2836389948954693 0.2457522658460552 0.8569141767338972 26 13 7 0.51
1891 0.5113497263217386 0.2235911045200875 0.5677561034943501 94 72 49 0.4
1892 0.3865958449616901 0.239511207548023 0.7195531737488807 132 97 52 0.5
1893 0.3072247610634826 0.2516922966922936 0.8306785078020464 125 85 52 0.54
1894 0.3184899902641848 0.304683456313192 1.0892106181699 77 53 33 0.58
1895 0.1503885871858873 -0.04214495009638583 1.076479874622726 137 102 71 0.44
1896 0.05889976575840483 -0.04019284821373806 0.9472737322733 169 122 75 0.73
1897 0.1453541907622999 -0.01032200969565217 0.9835426818800077 159 116 82 0.19
1898 0.148459338360923 -0.0004319321799475806 1.013528524305924 102 68 41 0.99
1899 0.1446898007800535 0.006530972182216294 1.00745177742223 69 43 29 0.4
1900 0.1637223105826836 0.008497462384950721 1.029309415731224 170 138 100 0.78
1901 0.1426265105691275 0.0152853811311717 1.085334385009618 91 75 60 0.65
1902 0.07145748834838583 -0.005688202065660147 1.188748285766692 178 209 233 0.89
1903 -7.309716079750839e-05 -0.05321353431813705 0.9417513358640766 219 235 241 0.69
1904 0.1229517168107344 0.01875313071629647 1.124763335127977 111 88 71 0.5
1905 0.1328474660008574 0.02616698022656574 1.118752692570846 128 104 81 0.57
1906 0.4951882242460496 0.0964387426203832 0.4961641622271626 114 81 50 0.74
1907 0.5400786166609132 0.108970534664965 0.5465190185657731 122 74 41 0.51
1908 0.535241912649387 0.1281251009584043 0.5572527344839695 122 88 54 0.64
1909 0.5257153270916783 0.1266495899898733 0.5674704417419028 52 42 31 0.31
1910 0.5293504222719 0.1467245518441825 0.5464590762663329 73 46 28 0.39
1911 0.5241742157331555 0.1377322734596158 0.5596389197782682 41 22 12 0.58
1912 0.5289346045900279 0.1404952522095879 0.5497473515505832 63 31 15 0.38
1913 0.1786343537398795 0.1203717124008314 0.8791640079532909 156 94 54 0.46
1914 0.1340580064504325 0.1445552300514429 1.121610647878581 111 75 51 0.2
1915 0.5327892042252762 0.1542012076397212 0.5195822501937589 34 14 10 0.15
1916 0.5232435942652685 0.150331852445593 0.5539979613993236 52 28 13 0.42
1917 0.5215048875152303 0.1561487503619814 0.5525499103213902 66 40 26 0.61
1918 0.4982794264873388 0.1591254839852805 0.5799086375569565 134 113 80 0.32
1919 0.4446056013592775 0.1559790366162967 0.6570080226387043 77 51 27 0.67
1920 0.4426665728048648 0.1587160687289308 0.658208788753552 132 112 83 0.85
1921 0.1418342712436345 0.1702042616701282 1.100666623107393 52 35 28 0.42
1922 0.06666411464937083 0.1700418573930667 1.208713794778174 99 97 91 0.78
1923 0.5153381645581058 0.1651339138952149 0.5581750346227327 76 44 20 0.62
1924 0.5022634276011103 0.1609639992927892 0.5769755690528328 80 49 25 0.61
1925 0.4767189876189173 0.1698182120689888 0.6054163196118447 66 43 25 0.3
1926 0.443789113209102 0.1762387262436402 0.6489423372890361 94 66 32 0.32
1927 0.4370064306762859 0.1751737794744761 0.658012387044959 131 92 46 0.51
1928 0.4347538872267874 0.176183108528306 0.665304786945578 114 89 56 0.88
1929 0.4234379555732254 0.1746406573358278 0.6777623700335257 100 70 45 0.62
1930 0.4048579056780146 0.1741198523541527 0.7032590510151191 134 115 86 0.37
1931 0.4001526054782064 0.1645207277215426 0.7174429691446316 126 84 41 0.28
1932 0.3238633273911518 0.180882214161057 0.8252599611102109 116 89 60 0.3
1933 0.2780297263590811 0.1872054892119424 0.8858610166775025 58 42 31 0.56
1934 0.278113269301858 0.1875192328048067 0.8910799336021998 79 57 40 0.53
1935 0.2494106467661954 0.1753148595960771 0.9280750191869992 120 84 51 0.38
1936 0.5025410986897025 0.1731124251872349 0.4910133116968302 47 39 32 1.01
1937 0.5256295664736512 0.184108122913996 0.5379478795113861 56 28 16 0.46
1938 0.4887402093240214 0.1831882612074878 0.5825953929591675 129 98 61 0.38
1939 0.4755878472987313 0.179717774712495 0.6019106672660161 98 78 50 1.0
1940 0.4611883638180549 0.1844895729956627 0.6226572125325543 118 83 47 0.27
1941 0.4446249221978562 0.1888667710413421 0.6436380629336687 135 94 44 0.94
1942 0.4339240137753069 0.1872968073400781 0.6580897142829567 136 102 56 0.28
1943 0.3504229691473136 0.1867265810877223 0.7818397504551384 91 69 38 0.74
1944 0.3499044580115553 0.1874503343578158 0.7852931751897372 47 26 16 0.37
1945 0.2999443548045413 0.1961256804389994 0.8567557053226298 67 43 27 0.69
1946 0.2996416276217039 0.1988119045766185 0.8512219426623491 52 30 20 0.37
1947 0.2993562748859975 0.2035657800320239 0.8498315044960003 59 29 16 0.54
1948 0.2761219518699669 0.1957926475402557 0.8815026611673318 97 64 48 0.63
1949 0.5059496680729394 0.1854038450481423 0.4855542291052805 140 112 85 0.99
1950 0.2888646000156669 0.2091968349863054 0.861646267129107 62 37 22 0.76
1951 0.1572735061183484 0.2265803704685991 1.049199736195565 40 27 18 0.22
1952 0.3720760879227594 0.2273783772088937 0.7403351224293684 69 48 31 0.67
1953 0.3529692653425834 0.2315839651882284 0.765895964874113 50 36 23 0.52
1954 0.2226244975586645 0.2598201261961235 0.9306650634173026 84 54 38 0.74
1955 0.4460246316863105 0.2512119602071544 0.6483575500633312 129 102 77 0.86
1956 0.0465546582502161 -0.1194893963709788 0.994398159541938 140 93 59 0.48
1957 0.0336298541131812 -0.08902993566869491 0.9665175437041351 72 47 34 0.53
1958 0.16354908349382 -0.004254888423901232 1.038417408140068 83 53 37 0.85
1959 0.1047378423196039 0.01834222753504242 0.8469983497359439 109 68 40 0.96
1960 0.1522026499757848 0.06243427702690724 1.08313343187931 74 49 35 0.41
1961 0.5107145553072109 0.1005947716370239 0.5070522632091914 99 64 38 0.68
1962 0.1498904698807922 0.07841976847326357 1.090126053932855 98 72 56 0.53
1963 0.5251007208895859 0.1064624984504569 0.4275911597052411 106 90 64 0.97
1964 0.2590241737269311 0.116768268058937 0.9436818009207824 139 82 49 1.26
1965 0.1453509259387469 0.1196979902655517 1.1192718659544 92 65 41 0.38
1966 0.5080764360373944 0.1279719616812422 0.5026000087828444 64 41 29 0.82
1967 0.5109886879151898 0.1501415199198692 0.5747363017527943 40 23 15 0.77
1968 0.4662696761771259 0.1548136119749204 0.6260408625385878 81 60 42 0.7
1969 0.3925903834923945 0.1659792858714552 0.7354138156971196 70 46 22 0.78
1970 0.1906481186413997 0.1582091830945503 1.027492765140323 49 33 20 0.41
1971 0.08192457671445785 0.167428937612254 1.192432499180211 70 60 57 1.02
1972 0.5167136081507403 0.1633619418143087 0.5559180136923216 112 74 40 0.7
1973 0.3819801287969768 0.1770201820606527 0.7348139140269201 139 107 66 0.31
1974 0.3649058998819679 0.1821213271171983 0.7622905341802304 118 87 44 0.7
1975 0.1920642243013775 0.1904048605586873 1.009892681796019 100 73 52 1.06
1976 0.1733239342148678 0.1904836835943293 1.036012013513202 59 38 28 0.42
1977 0.5170284669238265 0.1726474755192889 0.5027108970531924 77 50 34 0.85
1978 0.5155549668507996 0.1836652792745282 0.5517719962707682 96 58 31 0.38
1979 0.4763315164400855 0.1871457612334287 0.5988843400230605 138 105 59 0.6
1980 0.4403007604759612 0.1807794087552889 0.6518581898663277 87 61 35 0.26
1981 0.3408644682151252 0.1992682296803321 0.7939434384700746 60 40 24 0.69
1982 0.1714045391684133 0.2054207299749526 1.052418802951825 49 38 27 0.55
1983 0.3285436640747775 0.2462811619419635 1.114918699148428 49 29 22 0.38
1984 0.510340240225357 0.1983379146651801 0.5563078161008097 43 25 17 0.4
1985 0.3549324808373404 0.2044500071318009 0.7694205297701903 57 37 21 0.56
1986 0.1847031633947459 0.2210691195581794 1.013279062805796 32 20 14 0.4
1987 0.1685796803047868 0.2369878176654564 1.019061023532473 95 60 37 0.39
1988 0.4517780473283339 0.2104414059653084 0.6336275738920916 64 44 28 0.64
1989 0.4157348296610114 0.2225523727539268 0.6868287046127683 95 69 43 0.76
1990 0.3869207302817073 0.2293434841409966 0.7258575289133937 110 76 49 0.5
1991 0.292842314733909 0.2819828313029186 1.071571604930902 179 148 108 0.58
1992 0.06673789445285816 -0.1991689547507159 1.048462541381611 144 113 81 0.49
1993 0.1677569623349298 0.02104876182526935 1.053674281430485 52 34 26 0.87
1994 0.172769721136199 0.0556548263570632 1.046785293651592 64 38 22 0.66
1995 0.522122716950167 0.1030677552077369 0.5172080372320796 122 75 39 1.35
1996 0.1991505031966068 0.1079564981153851 1.006050337127826 114 75 48 0.9
1997 0.4152282639618259 0.1658162026535337 0.6960547104417754 124 108 86 0.5
1998 0.3691053975207599 0.166359893702095 0.7634310891659889 96 72 45 0.38
1999 0.2573426543626297 0.1720263810524492 0.9217604862157891 87 53 35 0.38
2000 0.5048033909173071 0.1864658961254727 0.5670881634503755 92 52 27 0.42
2001 0.4224249243384294 0.1832912234735488 0.677420758243625 133 100 56 0.69
2002 0.1932106977268011 0.2180196191100032 1.003556480447852 85 59 40 0.49
2003 0.3569890356610765 0.2117212906120046 0.7660890736105397 61 41 24 1.05
2004 0.2931765565331536 0.2075320101933203 0.8555000417256651 114 74 37 1.01
2005 0.1612857240422624 0.2636765029599569 1.031369461206369 101 73 52 0.82
2006 0.1089755495029858 -0.008023754178552528 0.8961257962661382 200 204 214 1.03
2007 0.5016152010572177 0.1297268955292252 0.5917722864551509 173 215 241 0.86
2008 0.1476799461866754 0.06965190866304355 0.8609677328096181 149 96 50 0.86
2009 0.5269740192307477 0.1472278493039389 0.5536809185443232 43 26 18 0.79
2010 0.497623834447316 0.1414945346095598 0.5920252301445036 72 50 31 1.09
2011 0.5319992552271428 0.1635571131466691 0.5367150910225341 51 31 21 1.15
2012 0.4310120359952609 0.1729792929233356 0.6679301095488207 114 85 51 0.87
2013 0.3637251083816142 0.1684790947377659 0.7718505435624785 101 71 40 0.39
2014 0.1206542208753829 0.1794055219830242 1.126788957818147 101 71 50 0.55
2015 0.505789530786613 0.1657825332451347 0.4500231031699389 14 8 9 1.34
2016 0.5058742783389136 0.1704507413450039 0.4963595261211762 47 31 25 1.22
2017 0.1538449474103661 0.2202628992870521 1.062104229073247 7 6 5 0.62
2018 0.3806720155826539 0.2103981617764011 0.7234950537496493 103 68 29 0.51
2019 0.3561709800709234 0.2180100315625554 0.7656637243327423 42 28 19 0.77
2020 0.1857056865269047 0.2289699248063635 1.012399749677693 109 74 51 0.6
2021 0.1454552034010919 0.2321082259483742 1.064748040620006 37 23 15 0.99
2022 0.1263473088923411 0.06158483874726856 0.8511014095250879 159 102 49 0.98
2023 0.1721813448461931 0.1157833295006859 1.066425462117737 120 76 42 0.59
2024 0.5339051563868668 0.1818279027077144 0.5298965577422323 52 33 20 0.94
2025 0.5227731799419798 0.175751158139076 0.5439732562120191 130 82 40 0.78
2026 0.2613911074898772 0.2155334261442379 0.8966115803522571 51 27 16 1.13
2027 0.3374039798973942 0.18450928727005 0.8045166696347664 135 99 60 0.67
2028 0.3356576070759806 0.2013713304545058 0.8007693377437265 50 34 23 0.67
2029 0.3108007661442148 0.2051415185739104 0.8344705211026626 46 28 19 1.37
2030 0.3184645673357598 0.2178474428762918 0.8157222885580304 126 93 50 0.8
2031 0.4425245421344653 0.1661559340409816 0.6579818922126324 121 102 81 0.9
2032 0.405119460804 0.1836498424839367 0.7032973196460238 100 71 40 1.1
2033 0.07582954042688606 0.01090336974232861 0.8242525039004545 193 210 221 1.59
2034 0.3828237740044077 0.2029672938488842 0.7188184792667778 145 109 54 1.28
2035 0.4930279355408535 0.1610274333340777 0.5902136676946874 145 122 87 1.25
2036 0.07863848879316471 0.04166493465442667 0.7861108784541072 129 72 44 1.18
2037 0.1647897885444939 0.2139490146259408 0.9835275604249673 25 18 16 0.96
2038 0.18622127605098 0.02027247668902701 0.9099832103300547 158 112 66 0.54
2039 0.1977728712300535 0.09609825665744946 0.8996334138675861 136 79 38 0.48
2040 0.5164184435656453 0.1252408821675569 0.5072976760455922 55 32 20 0.44
2041 0.5276050387426328 0.1380760621976257 0.5523926393613976 112 74 43 0.53
2042 0.4306296781628538 0.1784753046932136 0.6662161799376617 102 77 53 0.68
2043 0.4403103155317595 0.1827809975664452 0.6496139866513432 145 103 55 0.55
2044 0.4229359857683564 0.1843643424804776 0.670851236484546 59 42 30 0.65
2045 0.2884112941426214 0.2298599938695551 0.8580432605117483 103 69 38 0.56
2046 0.1950238965992505 0.2526547410496399 0.9625379852281382 74 61 51 0.3
2047 0.1113424112480931 0.257674316757119 1.109499105361412 59 43 30 0.64
2048 0.09635965580528538 0.2651641932550806 1.097914233077404 33 24 22 0.52
2049 -0.1755309008447703 0.3508624272365591 1.413865349967991 112 76 41 0.97
2050 0.5388767823551498 0.2191549438746379 0.5366396604101547 68 58 50 0.42
2051 0.07425818611106916 -0.1026660579446672 1.160365854493033 79 57 47 0.88
2052 0.1288658444961785 -0.07607743726123159 1.102009471069025 94 72 46 0.86
2053 0.05977042099663232 -0.08494750395744402 0.9850151503718242 132 90 52 0.71
2054 0.09432751687097829 -0.04378358789038614 1.12275779266045 110 92 78 1.16
2055 0.5232845563592382 0.1205952848664781 0.5685120655503197 144 104 58 0.4
2056 0.548857262558882 0.1293297488295202 0.5239913654389319 60 40 28 1.0
2057 0.2380870695299518 0.1704623393741979 0.9412467237864069 78 57 33 0.43
2058 0.5227909687147676 0.1492463788500079 0.5134692585617349 39 23 15 0.39
2059 0.04805898473932546 0.2046805408785766 1.185685936467458 58 40 34 0.29
2060 0.2872137177376187 0.2143779059160113 0.8621768191857838 82 59 42 0.42
2061 0.118169712366173 0.2542790566750908 1.10429299673389 73 52 42 0.46
2062 0.509638134372665 0.1641290195188376 0.4648841898472266 18 10 11 0.6
2063 0.2055040600861459 0.262301050635205 0.9685304124338425 75 65 57 0.71
2064 0.05889974892831595 -0.05199206821677579 0.9648130334472838 159 115 74 0.93
2065 0.4458214231324977 0.1911240012424505 0.6403628657472029 129 99 63 0.45
2066 0.2505993480608595 0.2210149438900072 0.9080538028465477 106 72 43 0.72
2067 0.175882129895801 0.2430418264141949 1.025031458770779 86 63 38 0.58
2068 0.05220329135996304 0.2491436088594383 1.190754063797856 34 24 20 0.61
2069 0.6146732314298921 0.222226087118095 0.4228988969208927 175 153 123 1.21
2070 0.0892882720460707 -0.2043643984669918 1.119026007700583 57 46 38 0.9
2071 0.578173727707076 0.1245515540309353 0.4488324698920648 130 114 88 0.89
2072 0.1748447172284427 0.2604571291706487 1.008522469287743 91 66 44 0.76
2073 0.5274901345057585 0.1447402050884047 0.5454912002064655 87 57 32 1.15
2074 0.07940929886172732 -0.1298791391851288 1.022854896364498 146 110 71 0.36
2075 0.08467991745353165 -0.1558715555154343 1.03904014110562 119 89 61 0.46
2076 0.05321930900473881 -0.1575448032319079 1.018391001151206 144 103 62 0.41
2077 0.119815924099855 0.03559345433716468 0.8556137125118761 122 81 54 0.57
2078 0.1811195854202001 0.1078606465130442 0.8843140189689375 112 67 40 0.58
2079 0.0599466679622086 -0.06382345834604883 0.9714788572535313 139 107 82 0.46
2080 0.1079793855290255 -0.182442924110632 1.080783428531932 144 106 66 0.65
2081 0.08396038941484385 -0.07554358246270118 0.9903530307426378 87 61 41 0.74
2082 0.1498011431359056 -0.004528157048826836 1.015844086541447 220 172 117 0.63
2083 0.1636644308630847 0.05189854881542127 0.8708650381910019 147 113 91 0.52
2084 0.2028409708737661 0.09128064557687762 0.9139446431968354 86 45 25 0.62
2085 0.3896696260462978 0.2224537877601791 0.7207265903960803 88 62 36 0.42
2086 0.4657125064851451 0.1674003873418399 0.6206256273628719 136 112 83 0.3
2087 0.05207812688832025 0.1899761372902488 1.207478515542284 63 66 64 0.53
2088 0.07062826161388325 -0.1913230304716732 1.047910170526463 78 49 36 0.2
2089 0.1887058686244419 0.1602614063794304 0.9956869494938909 50 30 23 0.43
2090 0.3283539360944676 0.2554076371618385 0.7993168682178575 99 77 51 0.56
2091 0.02840181761055449 -0.05056486438959998 0.9361008640629399 161 151 155 0.55
2092 0.143384430778958 0.1450741514976952 1.104595477226819 80 58 41 0.31
2093 0.4264180856607522 0.1751141323470906 0.6729238117035174 116 95 67 0.39
2094 0.1509586647555159 0.07905615414599546 1.08704853965766 116 90 78 0.28
2095 0.1406829250775999 0.1308666173761672 1.11325873549335 123 89 61 0.95
2096 0.2632679818968782 0.2055929914060323 0.9020982463892339 100 68 52 0.15
2097 0.1584596154918128 -0.03208299319523364 1.065449742334383 48 32 28 0.61
2098 0.1735629389700994 0.03829783506725426 0.8897266862443061 112 67 36 0.32
2099 0.07501263083062015 0.03071790086948731 0.8156344366093784 170 130 86 0.63
2100 0.09389742158251602 -0.02146651034954952 0.9378599285967276 168 120 88 0.63
2101 0.1431890689332292 0.0139825933528035 1.08865560238664 76 55 40 0.5
2102 0.1275283870836856 0.1364517431276467 1.127479019085265 128 91 60 0.63
2103 0.04628930403515896 -0.1822337782277251 1.026978126074366 115 90 77 0.31
2104 0.03332581804237489 -0.09085162718758319 0.9633228854629879 166 162 163 0.56
2105 0.04755860627122899 -0.06925674857327477 0.9746091672872899 135 93 66 0.83
2106 0.09502507993203968 -0.1975946592603939 1.07799140733252 98 72 52 0.34
2107 0.1055746444047631 -0.2049961100460328 1.090643807809364 103 80 60 0.82
2108 0.1024052043149215 -0.1684614385431016 1.066639030042466 124 92 62 0.5
2109 0.1303863616357914 -0.1452373146779377 1.081507847620188 141 101 63 0.72
2110 0.05806660308225731 -0.1628848853820772 1.024781051050365 138 100 70 0.25
2111 0.063386380985889 -0.1704284773375734 1.036464437656652 85 56 40 0.38
2112 0.0841233216807995 -0.1454903917781373 1.041084708578957 171 117 73 0.36
2113 0.09700576056645616 -0.1622397028413448 1.05776369930177 81 56 39 0.29
2114 0.1172667555979063 -0.1435518994235099 1.071127491679428 91 64 46 0.34
2115 0.1106959759644359 -0.1393917485151493 1.05678879180897 94 60 41 0.43
2116 0.07272750055089505 -0.1488734346689757 1.029275893688406 75 46 27 0.17
2117 0.07300615129577104 -0.1399482805691935 1.023826144725615 136 104 74 0.3
2118 0.07511257587718978 -0.2160432847465632 1.067397082132835 196 147 119 0.69
2119 0.11201586813808 -0.1089128250737988 1.046272068134516 114 84 54 0.15
2120 0.1352715276125762 -0.09750512654105167 1.066101746138837 74 45 25 0.62
2121 0.04559782388952016 -0.1318721350622223 0.9990676261791497 104 66 51 0.73
2122 0.01134571597804246 -0.1569322537748658 1.036260273254532 116 76 56 1.2
2123 0.07862239137162008 -0.1194835351936981 1.020403221504539 89 60 40 0.47
2124 0.1118509740326604 -0.100343981845998 1.048518956899131 114 77 47 0.55
2125 0.1302036547897436 -0.09432181418046645 1.058648181046423 108 67 36 0.84
2126 0.1354635098024032 -0.0850591713703677 1.053583832303607 154 105 65 0.2
2127 0.1267466525406786 -0.06763287742779214 1.037740032108418 97 66 52 0.43
2128 0.05303167301532807 -0.09545998438514799 0.9820885152448549 133 86 50 0.53
2129 0.07498888934863424 -0.07134229092077785 0.9877618539285544 124 75 45 0.34
2130 0.1304833620512477 -0.04467050562322819 1.024783295036424 94 69 48 0.35
2131 0.1357369564982616 -0.04045663086520654 1.025423183100085 121 90 65 0.39
2132 0.1305078645158264 -0.0457137754134038 1.048440281746576 119 83 54 0.92
2133 0.1591506125897685 -0.03388414074068027 1.052725844472407 93 73 57 0.34
2134 0.1176361354284891 -0.03719642025126349 0.9947638251558988 123 80 47 0.52
2135 0.1615197801852524 0.02136878414113888 1.022160154831876 128 86 54 0.29
2136 0.1645185507000297 0.1006053908134861 0.870156028372338 176 112 52 0.52
2137 0.2163884736906488 0.06029294279792408 0.9283794229258477 154 111 83 0.29
2138 0.512096646593893 0.14312573805297 0.5726790054149627 70 45 24 0.04
2139 0.3530904457096447 0.1979644736226193 0.7711340996854538 56 34 25 0.12
2140 0.5270623150514261 0.114376054349192 0.5621199336710375 97 59 34 0.56
2141 0.5197367510813267 0.1775612877331562 0.5495278695026714 113 71 36 0.37
2142 0.07994938543438457 -0.2374679645396778 1.079680354574671 86 44 24 0.84
2143 0.07133383330496423 -0.1942671494132078 1.051667178138648 98 70 51 0.66
2144 0.09614146139713142 -0.1839877420841244 1.063811485182934 177 133 90 0.49
2145 0.1124480212027469 -0.1740975810999718 1.081531654959835 118 82 45 0.51
2146 0.05185559767148951 -0.1657288541292156 1.024818748847203 118 78 46 0.63
2147 0.09455355796063458 -0.1327725548649657 1.038315283104979 119 90 68 0.27
2148 0.1037909850816491 -0.133495775416157 1.050049658995335 135 87 44 0.83
2149 0.1186212599368677 -0.0989517346904846 1.04887291189268 124 87 53 0.21
2150 0.1287194394643469 -0.07832671490050705 1.046526796454663 92 62 44 0.2
2151 0.08712458452974092 -0.09053493209378602 1.007998314135476 87 52 27 0.39
2152 0.08832783587890414 -0.08816327181399283 1.00922856044923 98 67 41 0.33
2153 0.1564367352908784 -0.0492874766050462 1.062986711084621 112 77 51 0.71
2154 0.1041969607713139 -0.06529161296689315 0.9967656139111422 71 46 33 0.67
2155 0.1295643664114239 -0.05600636166490089 1.035595900320598 112 78 51 0.39
2156 0.1344551642947208 -0.05446659107368632 1.03867489564412 104 68 44 0.13
2157 0.1572435180901852 -0.01712886175465742 1.036144995375925 145 108 77 0.96
2158 0.1668743371476584 -0.01246635909016644 1.048048786301255 105 73 43 0.39
2159 0.1970415412557498 0.03217697719557325 0.9172759437512535 145 98 65 0.5
2160 0.2073157984281812 0.0385304227271511 0.9292945519091512 91 54 32 0.45
2161 0.2167977933535604 0.03649292051869976 0.9315284010944671 123 77 45 0.42
2162 0.1794304125957004 0.09918823947892663 0.8786963759982281 152 112 77 0.33
2163 0.3637596305633922 0.1906006465438939 0.7639122005425901 101 78 51 0.37
2164 0.3786548611126754 0.204515901414371 0.7301288512343611 102 69 39 0.27
2165 0.05667534847940059 0.1820603554734953 1.208437244416791 76 65 56 0.38
2166 0.2719288427044351 0.2183646841131509 0.8822396763536318 86 38 12 0.38
2167 0.5315597738386391 0.1663238931752007 0.3860066789662806 49 36 28 1.64
2168 0.1189254221308995 -0.1819810500688999 1.08975547613936 96 69 49 0.53
2169 0.0600091821383204 -0.20105820032777 1.04725370745211 141 104 68 0.4
2170 0.08184888270664137 -0.1700892438166846 1.04823332389093 139 105 74 0.46
2171 0.1302840016483755 -0.1274796212778685 1.074897483644839 130 91 56 0.36
2172 0.07131198416974982 -0.1432728709233267 1.034730112165486 163 110 66 1.22
2173 0.09221998736861614 -0.09165831673980726 1.00920495343698 159 107 62 0.64
2174 0.1235854171872595 -0.03351495031686488 0.9567320678892902 102 73 47 0.59
2175 0.1250466990647336 -0.03701367913590273 1.00794375073411 136 102 69 0.46
2176 0.1547461144504749 -0.01858359473437068 1.03308343624732 136 92 60 0.41
2177 0.1971231433976293 0.05128201180749714 0.9147916735546908 152 94 55 0.58
2178 0.4316485682749233 0.1706334961095349 0.6680661933409793 117 101 76 0.25
2179 0.09943326260537733 -0.2568051915495729 1.147942679407557 208 223 225 0.26
2180 0.3979738912985907 0.1718541284054929 0.7142670229964982 72 57 41 0.41
2181 0.376586782721486 0.18385178366538 0.7402733041980226 101 77 47 0.33
2182 0.2782907175308272 0.1870779645770794 0.8936469639216742 56 41 25 0.31
2183 0.4853862672287133 0.1435735123815869 0.6072042533737322 82 58 38 0.61
2184 0.4766549189065989 0.1676653432076318 0.6051458674737509 130 92 56 0.48
2185 0.4707246472306308 0.1629300797530389 0.615386126292441 52 39 26 0.11
2186 0.09859264811377466 -0.1291906314618379 1.042670556344509 123 89 58 0.57
2187 0.1014896136440085 -0.1302090659464013 1.0466566354245 73 47 32 0.45
2188 0.1085438595764956 -0.1238143937122022 1.046864771131704 126 86 53 0.5
2189 0.1175181216032304 -0.1236317405256761 1.060341988971485 111 75 42 0.21
2190 0.1096689823331944 -0.1033352635168996 1.037647828358099 152 111 69 0.44
2191 0.07529135360560735 -0.09258148763126148 0.9975265607930782 141 98 65 0.48
2192 0.44284037294676 0.1529129961251494 0.6625099415081774 83 56 34 0.19
2193 0.4331903295061936 0.1541129892768955 0.6788651732488261 113 76 46 0.28
2194 0.4562696700601551 0.1748170344020172 0.631328198799728 90 70 50 0.3
2195 0.4156699246120796 0.1617337529994965 0.7052546728541581 148 102 52 1.47
2196 0.220017389612913 0.07191928400246073 0.9228000056954215 105 60 32 0.53
2197 0.501920568387082 0.1404779447390657 0.5857668544833895 57 39 25 0.38
2198 0.3985018635583134 0.1741365845207338 0.7144761347436673 45 23 12 0.36
2199 0.3711316528611547 0.179995687072994 0.7577607359673111 84 55 32 0.58
2200 0.4354334134959127 0.195734632778181 0.6525927634160019 125 92 51 0.63
2201 0.2758919058536156 0.1694782844089286 0.8906638075259672 124 78 46 0.44
2202 0.2757540529890598 0.1779305320839763 0.8894259599622645 128 90 59 0.55
2203 0.1661338632905726 0.2299058837829 1.033981319816722 77 51 30 0.74
2204 0.3717799256828329 0.2119593311303582 0.7364960708704251 102 79 55 0.33
2205 0.3368350160095788 0.2212593758321611 0.7846487828755498 107 81 50 1.59
2206 0.4707456552754742 0.1467436976913618 0.6237875459276783 93 62 40 1.01
2207 0.08601543555646185 -0.1975864075577183 1.074640017050866 163 133 92 0.85
2208 0.104881606008191 -0.159581650150769 1.06891275148238 99 67 44 0.66
2209 0.07709497617543504 -0.1653971230846076 1.042061872480806 97 64 48 0.62
2210 0.4580670561348185 0.1526983495511732 0.6381063944181331 84 56 36 0.29
2211 0.09440360903576683 -0.1370501266318675 1.049060741721062 143 108 82 0.6
2212 0.4788614633839753 0.1734138644461816 0.6000679623796564 111 87 57 0.15
2213 0.4403597037535933 0.1533292190466108 0.6677996782285232 69 43 24 0.08
2214 0.1199135897966956 -0.06165192046061505 1.023339911685462 137 88 49 0.43
2215 0.4509562081162959 0.1632097322995631 0.6445503785578536 85 60 39 0.23
2216 0.1221381431225763 -0.03348899495607424 1.002357099091661 152 117 78 0.58
2217 0.4542221010634684 0.1705268744746669 0.6365127003906167 96 81 61 0.08
2218 0.462804462614161 0.1802938324168831 0.62038631930926 95 72 49 0.18
2219 0.4745374686553022 0.1883758782761739 0.6012607957807674 60 42 23 0.34
2220 0.4309658132543444 0.1939565879942326 0.6600891450560024 93 64 26 0.57
2221 0.4258676949075382 0.1982857129575816 0.6656201800664583 167 125 76 0.33
2222 0.2340155708758515 0.1822904803965397 0.9403550469199459 54 37 29 0.53
2223 0.4151917401152407 0.2359554037873065 0.6848559763623451 138 90 40 0.51
2224 0.2504016577380203 0.2877833915925525 0.9082445596043647 121 79 50 0.36
2225 0.4802391354887937 0.152580102159252 0.6075213680619489 112 75 46 0.4
2226 0.1058198088700735 -0.06951099967433563 1.01028697459129 98 58 32 0.49
2227 0.474989864862932 0.1847211947692238 0.6027637289339571 94 75 49 0.18
2228 0.4560487511003416 0.1741975596623578 0.6364549675899422 130 97 59 1.24
2229 0.4779810078038721 0.1884320951899069 0.5963148783412282 108 75 40 0.15
2230 0.1650821310683895 0.007750024616203027 1.029166823394968 120 78 28 0.95
2231 0.3977208063405947 0.2356831371709283 0.7054238764213449 86 52 22 0.97
2232 0.4767218753068936 0.1644854889631741 0.6084054674291859 118 89 57 0.44
2233 0.4653011896380849 0.1563154814310339 0.6275041587608563 60 48 36 0.79
2234 0.07484350412325169 -0.1282823453811876 1.026827988915208 100 59 33 1.3
2235 0.4767301025868115 0.1771508049534169 0.6018132776068476 84 70 55 0.18
2236 0.4758788586937385 0.1750222495576197 0.6054770951137657 131 101 65 0.41
2237 0.475293305228664 0.1906230086484878 0.6044176551447287 133 101 60 0.35
2238 0.3609520900425888 0.1800781869336608 0.7716626682382755 117 87 52 0.72
2239 0.4802417410603464 0.2167525846091911 0.597109770427547 74 61 37 0.35
2240 0.4547325745479391 0.221562016303644 0.6302332759048319 126 92 62 0.56
2241 0.2262014373045338 0.2634686608848634 0.9284249445616017 44 29 20 0.69
2242 0.4807997852667022 0.2298992655076328 0.6074750690588224 141 106 60 1.08
2243 0.4480415016273988 0.2385488320832004 0.6539714422765246 149 111 90 0.32
2244 0.1491535100156063 -0.02100062755179333 1.028560255081719 209 142 87 0.45
2245 0.1657763990533856 0.02437956014802936 1.059574826673185 118 91 59 0.51
2246 0.4911144745845216 0.22886223897055 0.5980724172810188 93 68 46 0.27
2247 0.472066725404972 0.2058706732218889 0.6105745297790288 102 80 43 0.43
2248 0.2470233900664922 0.2672623269477364 0.9244456776105929 39 28 26 1.22
2249 0.4641459457774301 0.1752929913736676 0.6222849633296648 97 72 44 0.59
2250 0.05223693062184964 0.1164023298578133 1.207975986088397 161 170 179 0.09
2251 0.518532693720789 0.1381985092736948 0.5718591323516728 58 34 21 0.39
2252 0.1887316407916472 0.06482136298485641 0.9035837981068746 57 38 24 0.64
2253 0.05668804316839482 -0.1569149546197544 1.015903322565455 156 105 67 0.21
2254 0.4927891706539265 0.1677557500315819 0.5820755305788203 91 74 53 0.27
2255 0.1457657983009195 0.0804932148560171 1.094430523610389 111 82 61 0.35
2256 0.09400483226864953 -0.2305744755861833 1.115273006561374 66 42 36 1.21
2257 0.4979238218883114 0.1628338905323875 0.4901391632352207 59 39 27 0.61
2258 0.5234246506930496 0.1348269655686374 0.5743605497085769 61 40 28 0.43
2259 0.2066796309459016 0.2666349651716338 0.9694532430022753 74 66 50 0.6
2260 0.140260252169264 -0.1187624852372428 1.077940350102221 150 112 78 0.52
2261 0.291023514805017 0.1736444271867168 0.8617500684601129 146 81 21 0.53
2262 0.112439713178741 -0.1661160457539974 1.077829903355247 119 85 57 0.78
2263 0.07446315351934563 -0.2114340821561531 1.060346192947628 106 80 58 0.36
2264 0.2028146180741985 0.09477366815444482 0.9108609046222673 198 129 68 0.43
2265 0.1280621089912043 -0.0239170929478737 0.9635670272600017 158 114 80 0.56
2266 0.04736540302422065 -0.1522058990584535 1.008832734710456 114 79 56 0.61
2267 0.382007696625026 0.1670451391755028 0.7380069270894185 117 86 42 0.75
2268 0.2612426652318876 0.08911206763806376 0.9405164737455107 163 121 74 0.72
2269 0.0880744238850939 0.1073997885572142 1.176983559921966 179 173 167 0.54
2270 0.1393449105426408 0.2359847633966482 1.079254446756355 82 67 55 0.59
2271 0.1440283583581957 0.2722011793702996 1.060058849064021 73 55 32 0.28
2272 0.1677537166692091 0.2401700912877241 1.030749078854767 64 46 30 0.82
2273 0.1488345565179572 0.266303957024707 1.047356916461612 48 30 21 0.74
2274 0.1832926041787873 0.23363003569721 0.9811763759465807 43 28 21 0.63
2275 0.181583316023848 0.05708126482939252 1.031072301026174 108 84 63 0.38
2276 0.2354628299684558 0.2137288914216106 0.9353694667743016 39 23 16 0.64
2277 0.2528141303827091 0.2270173138062644 0.9023318950639845 124 61 35 0.66
2278 0.1634238409886585 0.02068963814088265 1.038636233282607 128 79 45 0.3
2279 0.2642226988250891 0.1546885555230658 0.9161349505555428 140 89 50 0.47
2280 0.1779020066893111 0.1203631282215113 1.043486753462437 122 86 53 0.88
2281 0.2729043273892527 0.2309298495078292 0.8764832375313287 76 47 30 0.32
2282 0.1314553880402212 -0.1249352803413549 1.08085097370953 104 66 40 0.72
2283 0.1048276180542305 -0.08679541996387383 1.022746019699737 96 64 40 0.26
2284 0.1206889754997414 -0.1172925531919945 1.063734593339209 154 109 72 0.69
2285 0.1405568288741696 -0.05201766162987279 1.039989512301173 129 88 57 0.64
2286 0.1065256607712062 -0.1754283054310518 1.077753827479037 102 68 46 0.27
2287 0.2200518741096548 0.1239545834285443 0.9129091840296237 81 50 31 0.4
2288 0.118064604219055 -0.06770143698905026 1.023491841242997 86 53 36 0.76
2289 0.1033991536962793 -0.08003024969298908 1.026370389662846 112 79 53 0.47
2290 0.09791591926077192 -0.09036118089605991 1.013147846872684 170 133 97 0.51
2291 0.2042999261314239 0.05115730881505542 0.9201966354049962 163 107 65 0.38
2292 0.07947364979972493 -0.1552956483360209 1.03959084495356 107 82 67 0.23
2293 0.08318319269092822 -0.1074859912691028 1.020995825242655 116 80 53 0.46
2294 0.05916161500333406 -0.1686277767253126 1.031983211788392 159 116 79 0.26
2295 0.05958724797250547 -0.1136803395677979 1.003404104528872 114 78 50 0.22
2296 0.184885987734099 0.05460182949727604 0.8985189123198529 123 76 48 0.44
2297 0.07133550342773454 -0.05520413473864946 0.9705217758033214 186 135 93 0.52
2298 0.169817103946807 0.06592468742396493 0.8769036856609274 88 56 35 0.66
2299 0.1546489568673166 0.04197275609830489 0.8674745519446847 141 93 57 0.28
2300 0.1103944773736154 0.07830722039463964 0.8378223682830885 188 136 93 0.2
2301 0.5576520364576883 0.2074524733644688 0.4664054364602217 113 73 46 0.72
2302 0.1535329062932755 0.226144913706616 1.062524921658492 66 50 39 1.08
2303 0.02044981845979899 0.158932916950692 1.236708689016058 180 192 199 0.69
2304 0.1638430346151156 0.1667558274527602 1.058796164143142 145 104 70 0.17
2305 0.172992783101908 0.1231120566215058 1.061747726255906 69 46 24 0.47
2306 0.1687320330341469 0.05574622515466998 1.055104401168287 65 44 31 0.34
2307 0.2523587107239859 0.1895098645738978 0.9358672858835506 127 103 79 0.32
2308 0.1842553314613395 0.0681983176665539 1.025692708930529 141 99 69 0.34
2309 0.1684908060829015 -0.01186119631059473 1.050576450452458 96 68 51 0.42
2310 0.1691261891002185 0.01822051632936633 1.042657855696128 99 66 40 0.33
2311 0.1660314739580586 0.000487695317603648 1.041998932229811 98 64 41 0.36
2312 0.2644684301696842 0.1436291942036215 0.9213327801339448 73 49 35 0.31
2313 0.273933696205071 0.2030347567846711 0.8883081822504604 98 66 45 0.36
2314 0.2684777622849358 0.2174567873483977 0.8862855517937653 126 80 46 1.03
2315 0.26531520827111 0.2308939601649846 0.8876043829569938 97 56 35 0.54
2316 0.1437949165838365 -0.05583255045411026 1.041839327405039 113 77 51 0.33
2317 0.4492433679802169 0.1825447826121606 0.6386127388764847 68 52 32 0.67
2318 0.2956646159190663 0.2185341492731878 0.8489572169275654 104 66 35 0.78
2319 0.1128112683812325 -0.126064791282605 1.057800517702293 141 102 71 0.68
2320 0.3169069934389666 0.1772239991890001 0.8362150961637153 127 93 58 0.59
2321 0.1089039561894372 -0.1212509388556617 1.056141466601513 94 66 38 0.21
2322 0.08556163946071482 -0.2024083777502978 1.070610582088544 108 80 55 0.78
2323 0.1001851775616741 -0.119956767567031 1.042299684829227 91 62 43 0.46
2324 0.2119542778171601 0.03697414156886314 0.9337159545154103 124 76 40 0.35
2325 0.2126473758220032 0.06268353872927437 0.924163943712947 142 99 68 0.53
2326 0.0953099121684764 -0.1238284925527936 1.037020774633542 84 51 34 0.39
2327 0.07300385332549475 -0.1981089144456926 1.056413024028698 173 133 98 0.37
2328 0.3343196616028907 0.230503312370881 0.7918154785501339 84 62 43 0.54
2329 0.05938904222805241 -0.1819134047299209 1.035443551964076 122 86 61 0.59
2330 0.07696238546573464 -0.1106690706173993 1.013626030233357 148 101 61 0.47
2331 0.1761375969021285 0.08744499131220182 0.8858883717069198 101 58 32 0.96
2332 0.05142372255899741 -0.07899248200378742 0.9713659386908475 81 54 40 0.57
2333 0.1627789604483918 0.0576742672758494 0.8637110548676169 83 53 37 0.93
2334 0.1528650389652561 0.0157453539953564 0.8701243830414269 135 90 58 0.46
2335 0.1327849445467437 0.03011140064953266 0.8614859804209307 135 86 43 0.38
2336 0.1020204215843911 0.009716444685442888 0.8423905379155209 108 72 46 0.88
2337 0.1335809829936918 0.234443672743123 1.091597443469662 58 34 26 0.15
2338 0.196680296115526 0.2208448529965635 0.9926497739450932 60 40 31 0.48
2339 0.1976192441981495 0.1224123665841373 1.014298952249645 92 60 40 0.61
2340 0.2418348993075672 0.1986465265738663 0.9289272401113987 89 63 49 0.38
2341 0.1677062317795477 -0.01494798639173481 1.052098263620193 109 79 52 0.47
2342 0.1028777241961875 -0.1242721121199319 1.12876218598763 65 47 35 0.57
2343 0.2662133168192828 0.1923432105584973 0.8964627671955099 94 60 41 0.2
2344 0.2602418387789825 0.2253400152709475 0.8949270379485215 53 26 16 0.48
2345 0.04509530390332506 -0.1806590829627758 1.02436503372505 169 153 146 0.92
2346 0.1526517413209143 -0.03744315404848578 1.040088274825788 85 62 45 0.62
2347 0.2896499924356723 0.2052989594845909 0.8624767382577385 104 75 48 0.38
2348 0.1247471880200086 -0.07955322297040709 1.051317124904054 122 78 47 0.81
2349 0.2727055702874435 0.1159598518974475 0.9005187229014842 122 78 46 0.23
2350 0.1141374107550778 -0.1319153841700027 1.065622777444036 118 72 47 0.82
2351 0.1035652810410034 -0.1759648666203642 1.075034854401272 89 63 48 0.38
2352 0.3201425235978032 0.1747484267332036 0.8354166338876019 78 53 32 0.42
2353 0.3175821788811287 0.2003326171505002 0.8254584923898554 57 45 27 0.52
2354 0.2023838353493793 0.1225138379777386 0.9056205531913197 85 44 22 0.41
2355 0.3258190354829582 0.1751215868495203 0.8233589559601404 122 89 54 0.33
2356 0.2031220152077801 0.1026969916015044 0.9080951735147826 172 114 69 0.42
2357 0.3307240438219893 0.2088750306456609 0.8049395616494806 97 67 42 1.05
2358 0.3298212865091874 0.2111424590579648 0.8048351906532489 87 61 39 0.36
2359 0.0858000319969896 -0.1313508255655126 1.029149173246494 136 96 59 0.5
2360 0.3491256146559196 0.1896888866617744 0.7850939127329352 77 50 26 0.43
2361 0.3478459022222458 0.2006526964230099 0.7826446003423764 81 61 38 0.42
2362 0.1817265424975387 0.0589874891922206 0.8925248353789099 106 69 33 0.38
2363 0.3546329872760894 0.177775505267552 0.7816091050292299 135 96 61 0.27
2364 0.1750338843561129 0.02013821146090344 0.8901567045975347 139 101 70 0.38
2365 0.3623499172859246 0.1909390393640353 0.76717024014753 104 82 55 0.25
2366 0.3579560263488773 0.1920379161989516 0.7715332409696266 58 42 25 0.32
2367 0.3662708749896666 0.2143106528910899 0.754638332460396 117 79 46 0.3
2368 0.1619142038016873 0.05110843311790142 0.8678041404629673 151 107 71 0.64
2369 0.0915233566489192 0.1717125549146419 1.1733552039475 97 75 55 0.25
2370 0.1149301666883978 0.2387634014581395 1.117186524330135 21 14 10 0.68
2371 0.1523706303600721 0.2085147634474475 1.069721767268125 88 64 35 1.5
2372 0.1672750530884544 0.2664773895507148 1.023452450130438 99 74 52 0.21
2373 0.1006732785116304 -0.02285391617300311 1.145989377427514 104 86 66 0.32
2374 0.2593799101609103 0.1669710069435799 0.9187403506636749 116 80 56 1.14
2375 0.2491002620394457 0.2441547798203196 0.8999010388156498 118 84 59 0.87
2376 0.2831991052031769 0.1244733130788261 0.9036288230423969 167 122 81 0.43
2377 0.1447439817597092 -0.05780711750729187 1.050061618362087 158 120 84 0.79
2378 0.1241229356743349 -0.04079896612220499 1.023312390912813 151 106 72 0.64
2379 0.3181869704978576 0.1993702643701801 0.8270746155942272 82 56 36 0.37
2380 0.109563177379795 -0.0663072014095312 1.013547122115051 135 91 54 0.73
2381 0.31845388363098 0.2111703291956845 0.8205186803778468 88 71 50 0.16
2382 0.3226301825999661 0.2363862236476097 0.8103737034144907 80 55 36 0.88
2383 0.07592266362184008 -0.1849202214274552 1.052328635193437 109 64 39 0.53
2384 0.3258929845765761 0.1737000029185409 0.8209543612484924 152 114 75 0.22
2385 0.3344176756286716 0.1965046453667171 0.8052208608950296 71 53 36 0.27
2386 0.3301255725000268 0.2322139128236331 0.7998261548888492 69 49 34 0.54
2387 0.3469858080021933 0.2028374359879101 0.7838752515636794 125 104 49 0.35
2388 0.1755726218804039 0.03538996509781372 0.8940260082384915 86 51 34 0.41
2389 0.3597916431217324 0.1776505669022116 0.7747889850999856 100 72 40 0.36
2390 0.3618101422990634 0.1901109701696397 0.7692514800458944 55 33 19 0.36
2391 0.3609530875607673 0.1961429823312145 0.7675863388502016 44 26 15 0.18
2392 0.370605601287998 0.1659777942328975 0.7632402771514746 144 103 53 0.36
2393 0.3699887218777383 0.1673371226602269 0.7676178960566412 190 138 86 1.3
2394 0.3642793774333333 0.1872621330061417 0.7645116912173862 76 49 26 0.28
2395 0.3601032623340822 0.2120224286187621 0.7609640787752139 111 82 50 0.33
2396 0.3660042602769504 0.2243695570228173 0.7533447219190718 48 33 21 0.27
2397 0.367178682086224 0.189873118852231 0.7578011609263923 124 94 63 0.19
2398 0.3717683874692223 0.1910069963672595 0.7509625482181459 69 46 25 0.19
2399 0.3767346455341437 0.175086153692651 0.7454297985612143 89 64 39 0.33
2400 0.3794473409120647 0.2208829713737258 0.7349031175667077 55 42 30 0.48
2401 0.3843443015490918 0.1712791038613397 0.734255574704911 111 83 52 0.27
2402 0.3802802389447848 0.1729894440927953 0.7382044572927746 127 93 49 0.42
2403 0.3894848634827931 0.1744481423905648 0.725533406432567 101 68 29 0.62
2404 0.389695853447709 0.2019418353611761 0.7154352140599389 139 99 37 0.22
2405 0.4051708485665541 0.1675019991399451 0.7144851874467383 95 72 50 1.33
2406 0.4050269882664683 0.1761379045709807 0.7037550647512101 128 103 71 0.25
2407 0.1582196866186428 0.2143520958498304 1.069494036080197 60 49 36 0.84
2408 0.137835278454027 0.125107920060908 1.1189821418555 152 109 67 0.64
2409 0.246973077950467 0.2497430556200185 0.9118976491281299 119 78 53 0.46
2410 0.1631240212508667 -0.03042756175005781 1.050059052858034 115 93 85 0.49
2411 0.1694758063475503 0.01722596639105081 1.037761951478127 73 39 20 1.17
2412 0.313071229192902 0.2001269531057208 0.8360968879461607 52 35 23 0.77
2413 0.109678552073561 -0.1195721626586764 1.050782518669049 105 62 32 0.2
2414 0.3164337371017925 0.2038331567977032 0.8237645986840996 110 85 66 0.84
2415 0.3207086686028413 0.2221646953151463 0.8134407225667348 140 104 60 0.51
2416 0.08950322703759206 -0.1202473619209978 1.033197656089639 134 94 64 0.37
2417 0.3427424636245818 0.183893469054299 0.7982251647608563 141 110 72 0.37
2418 0.3373015645824406 0.1888782455821039 0.8027395920843636 150 112 61 0.19
2419 0.1829259152187456 0.04663395196310352 0.9041155601896853 77 41 24 0.63
2420 0.1690246832641288 0.04397173691209641 0.8813106948155713 135 97 68 0.76
2421 0.3742718620356358 0.1818746006752307 0.7542654549552332 107 78 43 0.3
2422 0.375311111541201 0.1721302229423135 0.7489041469744743 69 49 32 0.53
2423 0.3767314296916241 0.2079977720498883 0.7295493090667087 157 114 64 0.33
2424 0.4081974358274519 0.2189175019716668 0.6963603601977272 83 65 40 0.6
2425 0.1769191865928287 0.1620710310989947 1.041896935297501 53 34 26 0.62
2426 0.2003753762190115 0.1942340329833155 1.000464530637461 33 21 12 0.49
2427 0.1882296233795588 0.06812811418080175 1.03121355744675 102 70 55 0.97
2428 0.2763811910246942 0.1582150172109364 0.8995462458371712 134 93 54 0.55
2429 0.09055914184404756 -0.2026221053376209 1.079497293534994 102 77 53 0.87
2430 0.1983295427503406 0.06857148154401752 0.9157428361131039 105 61 30 0.72
2431 0.3272398341056597 0.2260669179350998 0.8035286622670642 115 85 53 0.97
2432 0.3425212702778652 0.188315440879407 0.7945152817958236 60 41 26 0.42
2433 0.3402664068101324 0.2031076556578456 0.790982497421498 110 83 46 0.75
2434 0.3488562037228334 0.2128497584137001 0.7762869372424378 118 88 50 0.59
2435 0.3687802707652427 0.1947555118647892 0.7531331477765415 115 86 41 0.44
2436 0.3691226049815483 0.1975649318549457 0.752354735907399 112 88 50 0.42
2437 0.3791360777276486 0.1788964970570983 0.739179152990175 148 110 67 0.6
2438 0.3710795731430251 0.2079143303747238 0.7384748544628199 107 80 43 0.24
2439 0.4122530785611619 0.161741526436762 0.7005853904637492 134 99 57 0.74
2440 0.3021283647042264 0.2109388208911827 0.842215081329603 111 73 40 0.39
2441 0.2216369259739976 0.1009547455178006 0.9201567881114829 177 101 49 0.46
2442 0.3504496919075667 0.197558252511933 0.7793686310177029 140 103 61 0.49
2443 0.1725277453247572 0.07675276552970295 0.8854172621347844 160 100 53 0.88
2444 0.3991764943634238 0.210813277844921 0.6993234124418002 102 67 33 0.71
2445 0.1462068668895991 0.2623875981434379 1.055096236932976 36 22 16 0.97
2446 0.1541471091175386 0.1691480124889997 1.0766199049625 38 25 20 0.52
2447 0.2949981892455458 0.1759492331766053 0.863312060973874 170 130 75 0.76
2448 0.3092163292427868 0.1961291068602116 0.839765693845562 100 71 41 1.09
2449 0.2053051097578599 0.07114722406752264 0.9189599670119701 97 58 33 0.8
2450 0.1522141347996147 0.03454070446354116 0.868733393869938 144 94 45 1.14
2451 0.3751978800772133 0.1715028003052701 0.7518329758258246 42 30 18 0.79
2452 0.4072069816451557 0.2317972631428172 0.6989726016653756 82 52 26 0.63
2453 0.2740255242412254 0.2202584285441822 0.8802198878296421 110 71 45 1.26
2454 0.3538826928810823 0.2231884563975656 0.7700130912851526 146 110 71 0.68
2455 0.1609578756654878 0.0357838060467571 0.8775288133719044 82 45 24 0.84
2456 0.3701175821394846 0.2194851433648637 0.7471212620354565 117 85 46 0.87
2457 0.1532817092278604 0.02744470649683181 0.8700708559073349 158 106 63 1.25
2458 0.3697452388242313 0.1905970877016922 0.755324491762047 120 91 50 0.88
2459 0.2539250830388275 0.1621374001105066 0.9286803625588966 94 70 47 0.96
2460 0.1381525822772067 0.004486496330432715 0.8806279300027352 169 114 76 0.71
2461 0.3546807816777277 0.2296126826229218 0.7675717397143331 88 66 40 0.72
2462 0.3659509911870995 0.2271047037041459 0.7516695915772453 58 42 28 0.99
2463 0.368014024315712 0.1639304993200632 0.7383116036254265 153 108 67 1.13
2464 0.5297135167850305 0.106258139935895 0.52096762554945 164 114 64 0.8
2465 0.2227650978130339 0.07262681317374095 0.9337411885203317 117 66 32 0.44
2466 0.07666971112389109 -0.06914198708728539 0.9881874095736183 101 60 34 0.76
2467 0.2102817616847786 0.05228269846354971 0.9262681033788205 191 137 86 0.5
2468 0.1437405384280727 -0.009137266914917341 1.015869150010669 124 78 46 0.4
2469 0.1793175329656102 0.01499503836126992 1.040384943654358 148 111 87 0.47
2470 0.1708052607154449 0.05031893993156375 1.031626820721432 107 71 47 0.99
2471 0.1227879289964863 -0.0159549633358351 0.9590273588943381 168 109 70 0.59
2472 0.09697158373646075 -0.2430438599902177 1.090541012254267 142 112 78 0.79
2473 0.1988703547534557 0.04764748406515945 0.9184334125577183 195 137 85 0.81
2474 0.07328275029907938 -0.1812291790855071 1.050169896005342 160 119 84 0.46
2475 0.1525525481060606 -0.03695824422439423 1.049202441383997 85 57 36 1.0
2476 0.07786676801067716 -0.2250653832875207 1.08985466114437 82 62 47 0.9
2477 0.1009962039284062 -0.2066222082201959 1.099080469104684 117 86 59 0.55
2478 0.1323088436999226 -0.1910143277377267 1.107202405188467 84 64 51 1.28
2479 0.1018062897926109 -0.1836546226894592 1.07967809378076 66 40 24 0.96
2480 0.1286104154638327 -0.1649500204643735 1.090356253713557 135 96 73 0.4
2481 0.125781745200661 -0.1633615304426152 1.095857342004057 83 57 40 0.72
2482 0.1096130774915425 -0.1656973319800584 1.127103625324025 96 64 37 0.42
2483 0.05385737126955803 -0.1827544508484313 1.031132611140695 120 88 58 0.74
2484 0.1023474204127743 -0.1547576960039742 1.129246274258026 64 46 39 0.73
2485 0.08365562296899476 -0.1505579609782333 1.037137734922526 67 55 51 0.24
2486 0.09679288669869968 -0.1369051671083817 1.041075656848422 101 71 53 0.34
2487 0.1321856933313671 -0.1195316010488764 1.088970670270495 64 45 35 1.08
2488 0.1305133793321935 -0.0985284899346183 1.098248382711603 106 86 61 0.57
2489 0.1069677664298558 -0.1115414458871362 1.133843881992909 106 74 51 0.33
2490 0.05367412346986622 -0.1307805890561877 1.009410254624928 102 71 48 0.52
2491 0.07658210272074195 -0.1163599628232219 1.013027133027733 133 90 54 0.32
2492 0.07713703166091523 -0.1054988921392357 1.015290656184051 108 72 42 0.23
2493 0.1476542636358649 -0.09105269410383507 1.071008363032705 102 67 41 0.55
2494 0.1427598318706119 -0.08598600687268274 1.082854961557469 89 56 36 0.72
2495 0.1503436997221276 -0.07055758437282536 1.067806286369329 94 58 33 0.45
2496 0.1118661366072436 -0.1008617551447819 1.119223265318005 61 40 35 0.93
2497 0.1080368648415944 -0.09007706839221377 1.126337965415813 86 62 49 0.79
2498 0.07876200429708191 -0.05302053863037645 0.9817329582502694 209 152 104 0.36
2499 0.04663690341291216 -0.118892069993497 0.9938813904500523 114 69 36 0.72
2500 0.04304252859189728 -0.1160800881354472 0.9960519812804226 113 71 41 1.06
2501 0.0497799502542432 -0.09797991539158327 0.9791643726175758 138 96 58 0.63
2502 0.0721540523519445 -0.1009081756030681 1.000828895604593 123 88 58 0.4
2503 0.1032200660482959 -0.08067252236719266 1.03112091122587 145 106 76 0.95
2504 0.1401916218841607 -0.0498381158251672 1.037749533895052 106 72 46 0.93
2505 0.1547525049969919 -0.05808963367820866 1.069744020469616 108 76 49 0.49
2506 0.1394938461432123 -0.06345970439613527 1.092261590331643 128 102 80 0.48
2507 0.1596868986324189 -0.03617084509756638 1.065020136449349 124 100 73 0.84
2508 0.1162412583343918 -0.07112465411895511 1.120263071278409 118 84 54 0.41
2509 0.09537012956815361 -0.0797081646315583 1.141688598293683 54 35 28 0.84
2510 0.1440593657664461 -0.05089180498139442 1.086849977399888 86 64 51 0.45
2511 0.1282511957283344 -0.05329303281508116 1.107070798795702 113 87 68 0.78
2512 0.08990494251761827 -0.08075310601987282 1.150311939084744 101 78 63 0.62
2513 0.1143125390654631 -0.05776149640637743 1.130878631665206 100 73 54 0.54
2514 0.04696609722242884 -0.07829954661349395 0.9699063828437449 96 69 45 0.31
2515 0.09983120008295621 -0.06004373247177533 0.9877364797012175 144 96 55 0.63
2516 0.1038995586931458 -0.0561268308000922 0.987166087423081 116 72 41 0.26
2517 0.1046171092679946 -0.05005706795472739 0.9895851622786629 136 92 54 0.5
2518 0.1044030405119051 -0.04675860647617078 0.9847496941761551 182 130 85 0.71
2519 0.09986113252038997 -0.06655293060990983 1.012116304424235 103 65 40 0.33
2520 0.1119980351291621 -0.0556812203687124 1.001672045883247 121 81 55 0.61
2521 0.1134462875049388 -0.05692546872672219 1.017564685964331 94 60 37 0.42
2522 0.1185267928151372 -0.05418090821025109 1.027572948665745 97 58 30 0.16
2523 0.1439220764396958 -0.03479667702339559 1.026560878700254 79 45 26 0.63
2524 0.1608020133933045 -0.02622358443318276 1.048833123668098 99 65 41 0.51
2525 0.1580385653706112 -0.02144943455740261 1.050804218462821 133 98 57 0.58
2526 0.1414935803394744 -0.03122580585138493 1.090346326120744 96 75 59 0.64
2527 0.1337368882415605 -0.02221673650766037 1.105295897520889 114 88 67 0.69
2528 0.04663174014444671 -0.07077162438278126 0.9663757084516991 113 68 40 1.0
2529 0.06818015573537339 -0.04425603590446134 0.9620774847726163 117 77 48 0.26
2530 0.1304297186361925 -0.02302167039796563 0.9650545540316795 132 85 51 0.23
2531 0.1201154415167139 -0.03429033285310393 0.9990941424294806 107 67 38 0.44
2532 0.1544077039978253 -0.0153370441496023 1.02853545970517 191 137 85 0.81
2533 0.1591948095402166 -0.009448381265111633 1.034799641959223 107 78 52 0.28
2534 0.166647612815272 0.004279499792178565 1.040633482471828 102 59 25 0.65
2535 0.1630095206090117 0.01106251299579786 1.058902231228547 106 81 68 0.96
2536 0.1594149997256695 0.01257321353952762 1.065005962677799 119 82 51 0.24
2537 0.1564983088751063 0.008957323942156981 1.075626478401143 113 81 59 0.65
2538 0.12125454525194 -0.005983365434634125 1.121993998734776 137 102 78 0.44
2539 0.1307649673411321 0.007250619262443664 1.119192083925487 164 125 89 0.39
2540 0.1189734283628455 0.0045091468696076 1.141510643609828 110 86 70 0.79
2541 0.5432676857448804 0.09146722226483198 0.545258747564196 85 75 68 0.59
2542 0.1609534542305762 0.008199198805731056 0.8942399956248358 152 108 73 0.35
2543 0.2140611969484402 0.02257892605635406 0.9306093153724826 161 107 62 0.41
2544 0.2261314668920796 0.03042218799466079 0.9401811102502615 151 107 72 0.52
2545 0.2178160078326695 0.03114820996446913 0.9376575174189867 140 99 66 0.35
2546 0.2186127170838779 0.03376142097581017 0.9365525895220284 98 68 44 0.43
2547 0.2070939374798699 0.02998036218857364 0.9592166216076232 88 52 28 0.18
2548 0.1463939357059669 0.01076817507918518 1.009210946398917 176 121 72 0.32
2549 0.1583351519749845 0.01630094037143837 1.015808943127909 143 97 60 0.29
2550 0.1586397322410551 0.0185010558318757 1.019042462931157 112 64 33 0.25
2551 0.1600253876590585 0.02810996663881316 1.021403427099105 123 69 34 0.37
2552 0.1694638252924289 0.0359507494872347 1.027463108541274 130 99 71 0.62
2553 0.1653136173006612 0.02699709462785854 1.057057165719324 115 82 56 0.73
2554 0.1572130354488049 0.03534790909073887 1.074943601517165 93 62 46 0.91
2555 0.1379565485972453 0.03079814741044429 1.113738972044532 100 66 48 0.38
2556 0.1239521543601994 0.0231725272122644 1.127732239300149 62 42 35 0.6
2557 0.08742878914284424 0.01577251248762127 1.168008968030128 116 88 64 0.55
2558 0.1063274823686626 0.0209057960075793 1.146070052794256 86 53 37 0.49
2559 0.5229942399319585 0.09684257752290219 0.5687620363570276 86 57 40 0.34
2560 0.1203993326544661 0.003274624170477219 0.8561676482450282 181 140 90 0.29
2561 0.1515079351543429 0.01769282881842577 0.8712993940909073 135 82 44 0.41
2562 0.1661901332479161 0.02982777531371325 0.8920055815291894 125 66 30 0.58
2563 0.1720626307801788 0.03603892387360644 0.8949644950929859 129 83 54 0.47
2564 0.1804577248010258 0.06019741285651045 1.024300068523376 103 70 48 0.31
2565 0.150811441684148 0.04075239731885089 1.07480516602306 109 73 50 0.4
2566 0.1228736886271743 0.04182511674182243 1.126665509505264 120 90 74 0.41
2567 0.1408072073080764 0.06682161120426031 1.124153332767593 149 116 88 0.65
2568 0.5323959157059146 0.1051004493069972 0.5252313631074884 137 91 41 0.4
2569 0.1343161139327838 0.02329130156861078 0.8634791231981971 131 78 42 0.73
2570 0.1654377117756318 0.0429946851563518 0.8767426916037264 131 97 60 0.71
2571 0.1856666029551792 0.05720313113460235 0.8936554865106425 186 126 77 0.48
2572 0.1846073654320621 0.05775051648264648 0.9127209278104861 161 110 74 0.95
2573 0.2036632660191209 0.07326304237374073 0.9110040754938624 68 33 16 0.62
2574 0.1686375600260164 0.06743388054616178 1.013648717805263 117 75 48 0.32
2575 0.1806585362981424 0.08418811130985576 1.017504537739349 144 105 61 0.48
2576 0.1712051430077631 0.07008980489556604 1.057697841363419 108 76 45 0.48
2577 0.1423219350828038 0.06809005847674632 1.127961523646867 140 100 70 0.38
2578 0.1498668873256195 0.08324126736608006 1.117338253202182 115 65 36 0.88
2579 0.1417761597845683 0.0848122946967792 1.117760217095464 114 79 56 0.22
2580 0.544829343487241 0.1262771201704022 0.5233760104514884 26 12 9 0.73
2581 0.5483290109100106 0.1291142184695577 0.525132147767393 53 34 24 0.56
2582 0.5511829650580106 0.127847438285002 0.5360774802404091 73 57 45 0.46
2583 0.5495561123246364 0.129412015571005 0.5287218834190717 58 48 39 0.45
2584 0.5486039942867141 0.1246329004088098 0.5413100908206563 127 105 80 0.56
2585 0.5312151702537888 0.1226180818947578 0.5565819854247434 104 74 52 0.21
2586 0.5293167489436136 0.1233064483715024 0.5600282465593668 118 83 52 0.5
2587 0.5271539372030952 0.1233451886971809 0.5627457386509065 102 71 50 0.48
2588 0.5354714635214665 0.1294508746265234 0.5592447246861663 113 90 68 0.4
2589 0.5110453057433635 0.122187717592867 0.5802793889010313 166 122 76 0.68
2590 0.1442170279501879 0.05535894968777039 0.8588392057316283 98 67 43 0.51
2591 0.1327451580175508 0.05886549675702105 0.8582141788775891 76 48 31 0.38
2592 0.1720508391727045 0.07272099886473954 0.8858936268770641 124 88 59 0.62
2593 0.1771172560522755 0.073500774382458 0.8873301860719937 120 75 49 0.57
2594 0.1820682160626169 0.07918217028329594 0.8877604498645655 176 120 55 0.24
2595 0.1802282146728814 0.07315758436895661 0.8945222603314279 109 63 38 0.41
2596 0.2768262631908968 0.1097844638220666 0.9118949516535834 162 103 56 0.43
2597 0.1777846508886542 0.09147261984071631 0.9927225232516981 85 63 45 0.43
2598 0.1735232368335774 0.09636246972954596 0.9983548340337072 58 32 19 0.22
2599 0.1758727294327929 0.08976152343804888 1.045569273623728 117 80 56 0.52
2600 0.1725641971045281 0.09952887612690998 1.055713146987247 108 77 52 0.75
2601 0.1751053289478315 0.09623730678509029 1.07030326163537 133 97 69 0.63
2602 0.1675003412884775 0.09650922522263729 1.086461440783479 93 72 55 0.87
2603 0.1423606403877281 0.10295644179925 1.119086965316505 110 75 48 0.57
2604 0.1336046415773982 0.1123674259800705 1.139006962406046 118 94 71 0.4
2605 0.5394128911963694 0.1369698755131884 0.5352334111012296 72 45 28 0.24
2606 0.5293683524940137 0.1402656074009876 0.5456883315195263 136 90 50 0.51
2607 0.5227234222732277 0.1389713230337385 0.5597013077469196 84 57 37 0.29
2608 0.5240738166680573 0.1399566433877887 0.5573894503390905 95 69 45 0.48
2609 0.5201349254049317 0.14172969735032 0.5628128074385705 59 34 20 0.28
2610 0.5140990399877167 0.1330081837542431 0.5860143183705259 125 101 80 0.24
2611 0.09482942033345176 0.05135547410473901 0.8254926301225206 105 59 29 0.77
2612 0.1321503140827482 0.06613589780606752 0.8518680374282959 157 99 47 0.71
2613 0.1697676156178868 0.09936310024807719 0.8754192104184524 134 82 43 0.18
2614 0.1876331429653512 0.1105853887079383 0.8975963309314042 170 107 60 0.85
2615 0.2837298009712466 0.1206558518018338 0.9042804205194385 169 124 77 0.35
2616 0.2866600593912005 0.1257481520635968 0.9029929113178118 112 80 52 0.58
2617 0.2770046706285537 0.1334104707456752 0.9072741517672068 116 85 56 0.38
2618 0.2789584077643598 0.1290699460929129 0.917423254313778 111 76 49 0.26
2619 0.2672289129629425 0.1304519154736888 0.9382089168334609 173 138 103 0.45
2620 0.2567915330615257 0.1341129088728135 0.9474788188270233 111 81 56 0.67
2621 0.1817024730709573 0.1121600000144884 1.004398828368959 86 42 23 0.44
2622 0.2031382684315256 0.1285667548641072 1.012810106996709 66 41 26 0.34
2623 0.2154602135990799 0.1378045586879585 1.015995093322469 123 92 60 0.76
2624 0.5340973343990445 0.1504016119341062 0.5198929647605302 96 67 50 0.41
2625 0.5432540326941168 0.1435271531506621 0.5283783842401663 52 37 28 0.3
2626 0.5368016938164488 0.1526318663250786 0.5334718578299396 98 68 47 0.2
2627 0.5249554538938181 0.1448114326397042 0.5526149404725682 58 37 17 0.06
2628 0.5241366730746824 0.143175938331629 0.5555484396235754 64 44 29 0.12
2629 0.512226270724855 0.1450272339429564 0.5711389026927463 86 51 25 0.48
2630 0.5118096035738093 0.1462705039941992 0.5720427830227985 70 47 32 0.37
2631 0.5136497448162178 0.1496381338138021 0.5684225856902354 129 90 56 0.33
2632 0.4915440202919363 0.1442478074122453 0.5942433999519912 104 60 14 0.26
2633 0.4923425380344775 0.1460304547211164 0.590939666507593 82 62 40 0.21
2634 0.4635411009476699 0.1483198014203543 0.6367039011432186 81 54 30 0.37
2635 0.1367512128350653 0.1011710411422829 0.8564527580583619 173 103 53 0.5
2636 0.1457843952376762 0.1102866873219597 0.8549361223596648 95 52 32 0.51
2637 0.1597784763946418 0.1102472393459526 0.8562084067281355 118 79 48 0.72
2638 0.1770194596418339 0.1235156185458963 0.8787460347589492 114 66 34 0.83
2639 0.2083198405753044 0.1244631390592615 0.9084545486636344 138 90 49 0.35
2640 0.2721033631977474 0.1422210190683129 0.8935479096311676 201 141 90 0.04
2641 0.2781299317820096 0.1436235798369888 0.9005752324855332 167 117 73 0.21
2642 0.2466154439808024 0.1513402523418913 0.9411956456171304 107 76 49 0.56
2643 0.2011278678608424 0.149708950725729 1.006108093142678 29 23 20 0.07
2644 0.1753693942991106 0.1520503092992835 1.061101118522924 96 67 39 0.53
2645 0.1608182777576768 0.1549643116616315 1.074032516381906 63 43 28 0.75
2646 0.163872731277284 0.1506186443891972 1.092452848201483 108 84 50 0.48
2647 0.1111227251328294 0.1433964064034957 1.144401520379417 99 72 58 0.24
2648 0.09035984008744868 0.1376419296959032 1.168258574056491 91 64 49 0.38
2649 0.06625762511942801 0.1468881478925946 1.177818055164097 65 42 31 0.22
2650 0.522226930003507 0.1489889352876438 0.5116612359531889 92 68 43 0.3
2651 0.5349446123268863 0.159684357085643 0.5348216200226102 68 39 22 0.44
2652 0.5271208562240216 0.1539688433135366 0.5485196266388025 79 53 37 0.4
2653 0.5260780137373844 0.1572626526786565 0.5443271785536299 69 49 38 0.15
2654 0.5203721715334176 0.1636460849870774 0.5514133696059819 75 50 36 0.41
2655 0.5156960911567856 0.1574002756043065 0.561631798427473 85 57 37 0.35
2656 0.5073825416786679 0.1540577049369564 0.5753180278782085 49 32 23 0.35
2657 0.5112998775636688 0.1620357839603929 0.5685303601322738 45 28 20 0.45
2658 0.5100904401919766 0.1650675209592786 0.5686025817146461 90 58 36 0.22
2659 0.4892265227950627 0.1579657415738293 0.5885502173887356 141 114 83 0.32
2660 0.4766888545795958 0.1614883505484067 0.6101849438103507 99 84 54 0.34
2661 0.4740799983801267 0.1562648592838159 0.6143475765794266 108 82 52 0.39
2662 0.4697516016378162 0.1628082253685518 0.6175508368604609 134 98 53 0.31
2663 0.4546124527888079 0.1576662279678409 0.6418235616450606 100 76 49 0.3
2664 0.4481505403887588 0.1599412887673324 0.6489568230108985 95 68 41 0.38
2665 0.452076161428284 0.1622600939305182 0.6439166436776336 69 49 32 0.37
2666 0.4472119273097885 0.1561037892957032 0.65326768056179 95 66 37 0.62
2667 0.4283406264352981 0.1589250819056431 0.6782492756944932 108 82 50 0.9
2668 0.4107084775598063 0.1630621276303193 0.7009003458069343 98 70 41 0.47
2669 0.1353947516124355 0.1111221304032238 0.8490694178636315 139 74 29 0.42
2670 0.3358734939729566 0.1695648681022097 0.8097222772231694 116 89 58 0.2
2671 0.166360165583421 0.1395264147320133 0.8901794786678748 101 59 36 0.58
2672 0.2056775289914394 0.1535305675884116 0.8979440324989918 136 87 49 0.62
2673 0.2412119298806968 0.1548032730155068 0.9442052848905618 120 81 58 0.28
2674 0.1820306115706621 0.148437972288651 0.9856349859383571 22 13 13 0.36
2675 0.1565714792981122 0.1671271553338468 1.086356188617591 95 72 61 0.13
2676 0.1999132132531438 0.1812766674049972 1.003200802684483 148 108 66 0.39
2677 0.1500597647948544 0.1745151069991327 1.082741736826694 60 43 34 0.2
2678 0.0921277934766126 0.1691084733579826 1.168035625618386 75 56 34 0.44
2679 0.1136985134637834 0.1724393517032458 1.137842133729321 50 34 28 0.15
2680 0.1090219418557482 0.1751520005650304 1.143261356961267 52 37 25 0.27
2681 0.05487704633269996 0.160461071314603 1.209567115275165 126 117 109 0.3
2682 0.08099584350103672 0.1681931489091407 1.185140682577463 111 78 57 0.23
2683 0.5297597247846353 0.1662015666201657 0.5152424357595258 125 86 50 0.4
2684 0.5361731075335385 0.1650086184856023 0.5272966894365047 148 106 63 0.31
2685 0.532634218489773 0.1647515863297668 0.5345702552235555 52 37 28 0.26
2686 0.5320689750021232 0.1687115475024 0.5348019067352274 72 51 36 0.34
2687 0.5228892622624907 0.1740894960000891 0.5439228959254544 109 80 59 0.2
2688 0.5196699689259436 0.1727542238687149 0.5480556045107465 120 83 44 0.6
2689 0.5090322073292207 0.170469095729052 0.5662009488113943 110 70 43 0.38
2690 0.4953100564867305 0.1710305208284708 0.5775518579271387 139 101 52 0.29
2691 0.4882788292106112 0.1751640567506523 0.5852315156677832 112 85 44 0.28
2692 0.4734527768331475 0.166975771988324 0.611968478360065 109 97 71 0.18
2693 0.4256493389953565 0.1660731556387695 0.6796674172525792 138 102 62 0.49
2694 0.2479770622362836 0.07809255747125246 0.9212886225710122 178 109 49 0.24
2695 0.3776643114940426 0.1727551272219318 0.7460719292117881 114 82 52 0.08
2696 0.3670943938809817 0.173583274045039 0.7674211277235437 109 91 63 0.34
2697 0.3617006457669937 0.1767119792001439 0.7721900395681287 163 122 68 0.4
2698 0.3646354518994554 0.1800796273897059 0.7641341665342266 142 99 54 0.35
2699 0.3187892944546127 0.1727011762885573 0.8353396703681707 147 110 79 0.55
2700 0.3101474241117337 0.1706193270381871 0.840693763064797 152 107 56 0.14
2701 0.2780234138066107 0.1799664252467332 0.8871177412179625 78 55 40 0.35
2702 0.261743097408248 0.1788991892112483 0.9259078138602488 86 62 37 0.11
2703 0.1626589902034954 0.1881220947005934 0.9929003631887978 58 42 31 0.58
2704 0.1408211926567677 0.1907253969848014 1.090606793365399 55 35 25 0.43
2705 0.07189648568183993 0.2057232381249884 1.170782370080126 74 52 39 0.6
2706 0.5236797197074265 0.1749086806814852 0.5069727204932333 130 89 68 0.45
2707 0.5263083715580863 0.1848319679408788 0.5364915345763636 145 81 34 0.63
2708 0.5094806235795837 0.1787511524284521 0.5617333732593882 130 92 57 0.44
2709 0.540255129423948 0.1455736996109534 0.5246716569877569 69 41 23 0.4
2710 0.4909079621377466 0.1761290597160383 0.5824902027794717 88 62 38 0.24
2711 0.4887450977319153 0.1788539347179127 0.5830655880357088 110 85 48 0.38
2712 0.4935024966814759 0.1819337971683908 0.5750987518537458 77 54 32 0.49
2713 0.4898985007161553 0.1844479780846587 0.5806943296650832 90 67 45 0.14
2714 0.4786962044142394 0.1836959187529041 0.5955932200406875 134 107 66 0.28
2715 0.4257974627403106 0.1823207066776783 0.6672463944950924 85 56 34 0.68
2716 0.5418288754948564 0.0932535157155221 0.5347323529033151 142 96 61 0.64
2717 0.430820778845565 0.1910665789502118 0.6604132866932264 170 102 34 0.29
2718 0.4133978920161557 0.1844343859828415 0.6890502982746513 108 78 47 0.36
2719 0.4069119626997757 0.1836389198993646 0.6960209428230355 141 100 56 0.43
2720 0.3696679492929925 0.1885568115441104 0.7436102351831932 115 92 56 0.14
2721 0.363023858789286 0.1939274880396094 0.759074610892789 93 70 44 0.16
2722 0.3672255567985735 0.194306665811398 0.7671867857835886 41 25 14 0.16
2723 0.3417533883636663 0.2000462457315488 0.7911830669891168 109 81 50 0.43
2724 0.2769784617031554 0.1944943421731153 0.8823551636804756 98 64 41 0.3
2725 0.2869039369883261 0.205295081456818 0.8672380615485528 118 94 69 0.35
2726 0.2555630211381834 0.2045461015470421 0.9083174634037416 52 30 17 0.68
2727 0.1946751462501118 0.2042399472757127 0.9886279516688334 66 57 45 0.5
2728 0.1500797734805253 0.2167803906627171 1.086034542532916 78 54 38 0.67
2729 0.518043595919356 0.1757935798795953 0.449937120364582 45 28 18 0.76
2730 0.5217744019008277 0.1792504580876158 0.4548346436794988 100 72 45 0.86
2731 0.5241668768127946 0.1868083326645809 0.5376871948111102 67 32 17 0.51
2732 0.5113219520609679 0.1879106585932727 0.5570172436629386 59 36 23 0.24
2733 0.5105525784225694 0.1896162501162528 0.5569976225355014 72 43 27 0.2
2734 0.4929295648863947 0.1899716952801857 0.5738635672317525 103 69 37 0.62
2735 0.4509641671963401 0.2026876656207335 0.6292518219626446 73 48 33 0.27
2736 0.433401069414558 0.1995050059434368 0.6544298814129939 140 100 55 0.32
2737 0.4298131120643287 0.1981503850628917 0.6601580933472821 125 88 47 0.38
2738 0.4278086220145928 0.2005674753789511 0.6622018022609273 107 71 34 0.19
2739 0.4060156308328002 0.1949626560932453 0.6943732686011099 114 84 47 0.41
2740 0.4045687909617298 0.2041841777866383 0.6929380009910064 139 101 55 0.34
2741 0.3985113316728196 0.2053645982757373 0.701101044297981 133 93 53 0.2
2742 0.3712947063993043 0.1999183529956015 0.7421771693632823 63 43 21 0.27
2743 0.3542970385253104 0.204140709862227 0.7725742859134888 117 88 53 0.22
2744 0.3638738588594908 0.2076133740427781 0.7565571587605566 50 37 23 0.42
2745 0.3378052395555922 0.2035954641959638 0.7961179983532746 74 45 20 0.23
2746 0.3286240159870767 0.2147364861170519 0.8058278833585645 58 41 25 0.31
2747 0.2912047401436078 0.2065000064156738 0.860036549825297 84 57 28 0.24
2748 0.2831137917024982 0.2071467476232569 0.8714058884949099 88 65 51 0.35
2749 0.2807421430011408 0.2083993092512989 0.8748130214891737 73 53 35 0.37
2750 0.1885935107381124 0.2278502713937891 1.002865580098283 93 63 43 0.6
2751 0.1892363514908993 0.2329955044532647 0.9946493447177119 105 76 38 0.36
2752 0.1600366035571344 0.219212056716038 1.032974565307011 38 20 9 0.79
2753 0.2033189756759024 0.2244369022117113 1.018561239222425 75 48 37 0.02
2754 0.1420212565701503 0.227546889559446 1.08068046400735 46 30 25 0.26
2755 0.1052852900151278 0.2464844874037872 1.112730160027944 76 59 43 0.27
2756 0.09336972438374502 0.2484150221287167 1.131712681582337 39 20 16 0.4
2757 0.4872066661230001 0.20253431233631 0.5857981572469478 154 125 69 0.43
2758 0.3902703502870223 0.2214664562654846 0.7228647115709401 71 54 34 0.72
2759 0.3686120389946238 0.219044642684146 0.7326744917728687 87 62 41 1.18
2760 0.365121626030345 0.2281936468166735 0.7560072008074523 67 49 34 0.9
2761 0.3439606634540176 0.2314114216533156 0.779208088211536 133 103 69 0.29
2762 0.3293073742922492 0.2242141136540338 0.8018156061585915 79 50 24 0.21
2763 0.2966851907317868 0.2252220762314169 0.8450102747335763 78 49 32 0.72
2764 0.304601474457082 0.2263290276148168 0.8363501538821692 116 84 55 0.25
2765 0.2771368073936268 0.2327371484574575 0.8762801993153704 111 72 49 0.88
2766 0.2417811490223379 0.2313451280007103 0.9152960096426144 96 64 44 0.67
2767 0.2414300696788845 0.2325102850534526 0.9253463478130797 90 63 43 0.79
2768 0.1797422350282656 0.243242030107325 0.9778262780408947 41 23 18 0.52
2769 0.1905799302603281 0.2506345647493359 0.9924916270894006 110 73 48 0.31
2770 0.1835337892484052 0.2537764111321552 1.003048884005437 72 49 31 0.56
2771 0.1203372241281601 0.2489056005866683 1.049990964398479 67 45 32 0.48
2772 0.1641396900895177 0.2608679250518234 1.026080523398021 100 67 50 0.39
2773 0.1169038873457262 0.2525768077002558 1.084341441724264 58 39 27 0.83
2774 0.1001798473731205 0.2640948119447797 1.114453075303276 83 60 36 0.46
2775 0.1056611326551358 0.2644093994100399 1.119920712038373 51 32 25 0.28
2776 0.276753566566541 0.2697375056530521 1.055620711225128 89 62 44 0.7
2777 0.2665274172177608 0.271746204892492 1.063382017241676 96 74 49 0.42
2778 0.5150791533041548 0.2161623986236753 0.5529342574933331 130 98 58 0.33
2779 0.4762835165612466 0.2176662899175471 0.5845016633000838 90 68 49 1.2
2780 0.4424830025971156 0.2250091131453681 0.6497348717172896 136 81 45 0.23
2781 0.4151119050330435 0.2236937397454701 0.6785446154168032 43 27 15 0.79
2782 0.4177935882719344 0.2337336048619144 0.6778624182854813 120 69 33 0.33
2783 0.3152322177690385 0.2375337326724708 0.8181072483822288 103 76 52 0.68
2784 0.3096713426299838 0.2378783986219983 0.8280752167242442 46 30 17 0.27
2785 0.2295393088646969 0.2525439423590776 0.9344648315694553 27 19 15 0.89
2786 0.1997082719327891 0.2593207950625379 0.9727125872976519 91 69 54 0.68
2787 0.1685789187541131 0.2695266705866005 1.025204703226943 108 80 59 0.62
2788 0.142142985233197 0.2705049636795537 1.063409975129288 92 65 53 0.31
2789 0.5236340571690625 0.2317744069553996 0.5484185434168423 127 84 35 0.27
2790 0.4641252791871316 0.2335171825744444 0.6319648860413432 127 97 65 0.35
2791 0.4516681720961496 0.2412726318415243 0.6526056419921726 82 69 55 0.73
2792 0.3409876286350654 0.254741966207747 0.7801763330959735 94 64 41 0.98
2793 0.2662786366353395 0.2869037678607186 0.9507932941942784 70 50 42 0.6
2794 0.5066876653121191 0.2402691652636423 0.5689109545543869 131 108 87 0.46
2795 0.4283674238424301 0.2508278040224798 0.672928636204596 106 80 50 0.34
2796 0.3041834551948225 0.2804599196897032 0.8429324659741122 89 58 35 0.84
2797 0.289702354153511 0.2801000047227694 0.853830992591079 78 56 38 0.5
2798 0.2673094835087048 0.2970740971965705 0.9550322237347495 121 82 61 0.45
2799 0.5144557387790374 0.1770369930135577 0.5562589503942794 157 94 54 0.18
2800 0.1033078714103066 -0.2354945580614947 1.088936153692452 70 49 32 0.72
2801 0.06424064200271473 -0.2256246088644575 1.069104345718415 139 109 77 1.06
2802 0.1042099482486722 -0.2211523587010427 1.120967110933904 68 46 31 0.6
2803 0.1195576369791476 -0.1870947003473032 1.096770711948089 131 97 69 0.52
2804 0.08230348836827917 -0.1887390952609752 1.058482504058342 164 110 60 0.31
2805 0.1239954396402248 -0.1335837582826033 1.076712668497924 109 68 43 0.56
2806 0.09443233539282192 -0.160819464747194 1.059902803131932 76 48 33 0.52
2807 0.06847751438265293 -0.1609051407494372 1.168020519320902 114 112 110 0.69
2808 0.1135197233472209 -0.08916892604827278 1.033199640912595 119 86 60 0.48
2809 0.1350100408709218 -0.08026456574448446 1.087285425328645 94 71 54 1.17
2810 0.1063947262942292 -0.1045753799243956 1.123404807325648 75 51 42 0.67
2811 0.07686239689700936 -0.09734903711660384 1.001542686795148 118 74 44 0.35
2812 0.09937938574986527 -0.07265265895070397 1.010791157240572 89 55 34 0.24
2813 0.1149837401421148 -0.04837445638864071 1.134099803617877 101 65 44 0.45
2814 0.03143343028368162 -0.08735478485592305 0.9609845346924621 182 179 175 0.89
2815 0.1601420255827631 -0.03296502195558712 1.067950186115544 122 83 49 0.6
2816 0.1641604337471111 -0.008524884737024313 1.064214110086205 100 67 45 0.63
2817 0.1300538509868767 -0.03801208444646634 1.098512358124344 78 50 42 0.77
2818 0.08066581984864674 -0.0502278867690695 1.165501286340783 87 59 46 0.61
2819 0.1262415662898319 -0.02793047905947155 0.9612518064525886 122 82 50 0.53
2820 0.1112078711788264 -0.03366223054884745 0.979358582119835 163 111 70 0.66
2821 0.1719009164027211 0.01716809322086071 1.052106751798911 104 74 57 1.09
2822 0.1485176994003382 -0.006762834966313636 1.086875303491618 104 75 54 0.58
2823 0.1421667598093147 0.01008559047847168 1.09287133299968 65 45 35 0.37
2824 0.1414311200439882 0.01287247639089587 1.114998075040257 110 78 53 0.67
2825 0.08175367862902161 -0.03017232776879189 0.9474769552765502 170 123 87 0.26
2826 0.1778816824006171 0.01796467951243597 0.9048493484889195 172 133 78 0.68
2827 0.1965223055257014 0.03560935764140252 0.9653133433330388 106 67 45 0.44
2828 0.1722846850883521 0.03440826580037532 1.035883293091721 168 121 77 0.4
2829 0.1587152037864272 0.01814340849302248 1.069207789314957 147 114 77 0.17
2830 0.1598311656954507 0.03525095335842371 1.076882597243593 96 64 43 0.44
2831 0.1506207736660446 0.02402328537985232 1.087722469755892 105 76 53 0.59
2832 0.5372881891769064 0.09432834551874067 0.5317549653118702 173 122 65 0.44
2833 0.161331042705191 0.03965578050561411 1.062716936171458 146 102 66 0.62
2834 0.1542228748876979 0.04243360411945615 1.069244423819795 99 62 42 0.38
2835 0.1459196005653897 0.03969489579035931 1.093755409692988 135 102 79 0.43
2836 0.1339885263719977 0.03708479099199688 1.110464586905933 66 48 38 0.84
2837 0.08252828483017993 0.04083625168801705 1.172006785975833 76 54 43 0.34
2838 0.5463043447713439 0.1132849575135493 0.5352659250315179 140 101 63 0.56
2839 0.5308699337296201 0.1108463184738953 0.558297236320363 135 97 47 0.49
2840 0.5290349941542087 0.1145163283038669 0.5573672559987096 142 100 54 0.76
2841 0.5018230604347323 0.1095580205828253 0.5809764765450282 156 109 68 0.83
2842 0.168880849496607 0.06281249183099763 1.012268833377192 121 74 50 0.33
2843 0.1689126382347313 0.06240642535411697 1.02066287022861 121 89 57 0.38
2844 0.1800101991431073 0.06685157800428904 1.022875991134604 149 98 64 0.78
2845 0.1769489564686154 0.08366374740116234 1.013231388219627 146 105 77 0.43
2846 0.1357709022053752 0.09160694340657086 1.107759212531062 80 53 37 0.33
2847 0.08730887715977209 0.09877068232562147 1.172484522706746 73 42 24 0.24
2848 0.5215809170897756 0.1132709150078757 0.4366557938693639 124 99 59 1.19
2849 0.5443510399175026 0.1272478199078266 0.4640378548019917 164 132 93 1.04
2850 0.5420299417929626 0.1432854792204377 0.533429378765534 74 58 46 0.42
2851 0.5283010143260973 0.1339103510778978 0.5664374472293117 87 56 31 0.64
2852 0.5232204649098039 0.1375918545014735 0.5655004049402755 77 47 27 0.52
2853 0.5237969360595467 0.1417321594723224 0.5566878931204873 98 67 45 0.51
2854 0.5230632725206424 0.1421534360153345 0.5583100413930916 78 55 42 0.15
2855 0.5226761245735527 0.1359192101540024 0.5738243164612596 78 54 34 0.37
2856 0.5137100342830376 0.138983607540464 0.5781019402079997 61 36 18 0.11
2857 0.5103590850654761 0.1399958739363714 0.5777983936838965 50 29 16 0.29
2858 0.5110247583605414 0.1393616995280791 0.5810106692746323 63 36 21 0.18
2859 0.1029142090541786 0.06243723686077077 0.8319778530928473 121 75 36 0.07
2860 0.2852925969003769 0.1242311892805874 0.9063560676338165 106 74 53 0.48
2861 0.2083930925029031 0.1348991135090545 1.010937993017044 127 91 62 0.47
2862 0.1514787479388547 0.1306425830352443 1.075931470457852 85 54 37 0.6
2863 0.5171280921990664 0.1393288703312251 0.5086791674705008 40 22 16 0.33
2864 0.5242156514347808 0.1364884326941496 0.5138979306866717 92 65 47 0.49
2865 0.5242660329126138 0.1463360360647705 0.5111923342828008 92 52 23 0.23
2866 0.5342642019587354 0.1465823037437095 0.5220820849675717 182 132 70 0.49
2867 0.5339010297519725 0.1480922324157283 0.5195275599802842 81 54 35 0.5
2868 0.5427906414861375 0.1467740713773996 0.5271648668455889 97 67 41 0.91
2869 0.5389098756578806 0.1437823973912408 0.531746914636652 52 39 29 0.49
2870 0.1278554338744914 0.09061058001890462 0.8387893326660094 171 112 67 0.63
2871 0.2339667389258325 0.1475476416000382 0.9256017590672423 60 44 32 0.77
2872 0.2549478865331727 0.137191105327781 0.941593505492081 76 48 24 0.08
2873 0.3276712470020279 0.162683555205923 0.9167389456829214 20 14 18 0.83
2874 0.1992296936254758 0.1536736098218796 1.003816708285063 19 13 13 0.22
2875 0.148874389273853 0.1581989220455858 1.115903098229322 81 62 46 0.47
2876 0.1178002092523752 0.1566826812392505 1.139022777640286 91 68 51 0.52
2877 0.5016450731978334 0.1380623833531618 0.4891190865142365 34 28 23 0.34
2878 0.5143331508738278 0.153401424019643 0.505067442692412 96 66 49 0.3
2879 0.5291805977285379 0.1578010903456045 0.5120932919178672 112 73 40 0.69
2880 0.5332695143921953 0.1568593366531701 0.5189692627729192 58 34 23 0.58
2881 0.5368341944910504 0.1580983091255699 0.5322460296792442 47 24 12 0.38
2882 0.5377367846967118 0.1621197577305214 0.5266101013430902 122 75 35 0.59
2883 0.5362070282122408 0.1539253168324809 0.5335867029814318 57 28 12 0.24
2884 0.5304289580134689 0.1615226269119428 0.5368763795555984 92 54 34 0.55
2885 0.530208598038899 0.1618379504341954 0.5383797646699706 57 35 22 0.52
2886 0.5245493014105032 0.1600781632629629 0.542363498543006 58 38 28 0.34
2887 0.5189356851305039 0.1554898699806608 0.5573920025694789 72 43 22 0.26
2888 0.515439667402537 0.1637000789135949 0.560284832173626 103 69 44 0.33
2889 0.4795729678122357 0.1557372423152221 0.6068406704935242 86 63 41 0.86
2890 0.452070371310819 0.1646634986061879 0.642544182077906 56 42 28 0.41
2891 0.451397633158623 0.1609667733825405 0.64500282785997 108 83 51 0.95
2892 0.4252639202311839 0.1575045137588043 0.6841135654706751 83 56 31 0.28
2893 0.4145748274907201 0.1625862651587766 0.6960633542244621 95 63 34 0.71
2894 0.3861119161907406 0.1647869066453453 0.7361306110779779 125 90 53 0.43
2895 0.2728164165526923 0.1583186661784246 0.8872768826803241 181 113 61 0.44
2896 0.1893098730408405 0.1616207963158506 0.9887113271941017 52 33 25 0.51
2897 0.2017355494522294 0.1655680656502674 1.006069584171073 83 59 46 0.56
2898 0.2022138038152395 0.1758387100595332 1.003579882886307 123 86 46 0.52
2899 0.5365628984619097 0.1716765590187578 0.5254402740285896 129 88 42 0.53
2900 0.5271991492220298 0.1709698892781831 0.5398497379746743 62 44 32 0.46
2901 0.5201433267117431 0.1657480040885558 0.5519890168188533 106 71 41 0.28
2902 0.4775769494156529 0.1732481262980999 0.6017528412241541 122 90 45 0.42
2903 0.4236416041149291 0.1696117838036977 0.6768868564665982 177 150 120 0.32
2904 0.4215134659112663 0.1678114641578297 0.6829556721513579 121 81 32 0.85
2905 0.38520404685681 0.1691012940072396 0.7347783312244121 79 60 34 0.26
2906 0.3253870092683197 0.178216488256879 0.8244448702282718 66 47 22 0.23
2907 0.4906013420520232 0.2115896535384137 0.8338719234031847 97 74 55 1.08
2908 0.1880188099152101 0.1881340509057227 1.002315866698619 66 48 35 0.37
2909 0.1622826699124313 0.1790179287234137 1.054747389936004 59 36 26 0.18
2910 0.1014370889046549 0.2015141146347132 1.139746059383222 46 26 19 0.45
2911 0.5188517429993054 0.1755124312840002 0.5042270613635529 118 78 45 1.13
2912 0.5278389433131513 0.1767179538631254 0.5103958572426504 91 56 33 0.38
2913 0.5261338700109379 0.1773996565431805 0.508738097721923 106 69 44 0.56
2914 0.5154133896453332 0.1793877233115585 0.5530174794658427 97 63 33 0.24
2915 0.4933851906601994 0.1830412005977361 0.5760488254900833 95 68 37 0.3
2916 0.433313841755449 0.1798518895011642 0.6619802891335554 142 94 36 0.3
2917 0.408837027494069 0.1840966871878972 0.694162555573025 135 108 72 0.47
2918 0.3622986174116348 0.1930872853327115 0.7658129669539887 74 47 29 0.22
2919 0.2771039350954924 0.2012847606284822 0.8813475692044657 114 78 45 1.04
2920 0.1926726613717785 0.1995952370530105 0.9768686356247709 113 87 62 0.38
2921 0.1583827541902975 0.2202548372180146 1.046007757000126 70 43 30 0.36
2922 0.1458604470735032 0.2211475924750881 1.090936421001056 105 81 61 0.29
2923 0.4985366716533313 0.1748874283247724 0.4763337639119015 24 20 21 0.63
2924 0.5049172621156082 0.1811762207011809 0.4817217682350739 73 47 28 1.1
2925 0.5323078490177763 0.1877455674594633 0.533517828838908 27 13 9 0.36
2926 0.5180526298263566 0.1962235824453258 0.5465454365914527 83 46 28 1.0
2927 0.512166628272014 0.1968447764104569 0.5586975116454458 80 53 31 0.81
2928 0.4933072365721439 0.1882999834481627 0.5740705609465581 108 76 42 0.11
2929 0.5028750012478365 0.1955636951509721 0.5707008225727861 83 56 34 0.72
2930 0.4876812018176122 0.1904744558815532 0.5831609525676452 110 63 23 0.12
2931 0.4516532010593083 0.1973598417096271 0.6287801183489461 130 100 49 0.19
2932 0.4285853158223919 0.2051842066470183 0.6586817957202421 96 74 44 0.53
2933 0.4206922155888821 0.2033089697408507 0.6715436985292301 101 82 46 0.37
2934 0.4012043638581863 0.2043833211097965 0.6972428168407261 115 77 32 0.45
2935 0.3657211931203066 0.2120516550888771 0.7536772821844884 60 46 31 0.46
2936 0.3366395394661791 0.2052220406239167 0.7980622951979948 24 18 13 0.44
2937 0.3063202817388261 0.2064450521350975 0.8390999262081756 47 37 24 0.46
2938 0.258342873708961 0.212714847266273 0.8992049907012641 74 45 28 0.52
2939 0.248833291338179 0.2252921469999919 0.9025240989197952 87 48 30 0.36
2940 0.07941142530402623 0.2268199170521968 1.123521096183227 72 50 33 0.37
2941 0.1039448094690092 0.2405547606423452 1.129895713630663 50 33 24 0.56
2942 0.09802304401198891 0.2440630961283783 1.130260729939 32 22 17 0.46
2943 0.08275271474880874 0.2427827204245804 1.151322907487614 31 20 12 0.55
2944 0.3226873886208675 0.2643519575788593 1.097527662546228 153 103 64 0.64
2945 0.4300061606798478 0.2200822389100546 0.6650943021251674 62 46 27 1.0
2946 0.4139089223361585 0.2083091249565382 0.6789050839565917 140 110 58 0.27
2947 0.3926132412009928 0.2179303145550879 0.7151594394624576 88 66 42 0.48
2948 0.3303925986041612 0.2229271158155827 0.7931495570918176 60 43 31 0.24
2949 0.1906751737254103 0.246909811239457 0.9903210610278854 87 58 37 0.42
2950 0.08672928926221546 0.2518674220719785 1.134337997750147 50 30 22 0.73
2951 0.1137889800179739 0.2596386572019048 1.110704646737312 84 64 53 0.48
2952 0.521083115032737 0.2143258613563284 0.5419229793815709 126 91 47 0.57
2953 0.4600408884715527 0.2285182631940137 0.6248282464501419 87 67 42 0.35
2954 0.4134912376233409 0.2225221377540443 0.6833028063892007 59 48 31 0.31
2955 0.2161882537074309 0.2738642255143564 0.9734249429863482 89 74 55 1.09
2956 0.1800918244200742 0.2578556087655154 1.000213465612812 74 45 31 0.41
2957 0.5484398333310782 0.218613630840324 0.4988019108811766 67 52 43 0.59
2958 0.5177196519186416 0.2264067061941489 0.5564255181288502 89 54 25 0.52
2959 0.4741865936537113 0.2314878215747097 0.6199012274306338 137 100 62 0.33
2960 0.4408638706916181 0.2378548613316278 0.6615807804669531 104 81 52 0.58
2961 0.2545547834528269 0.3044142011139365 1.029247182167682 66 53 39 0.64
2962 0.265644632742318 0.3055424373778711 1.038990960078283 65 46 36 0.57
2963 0.4281741770250415 0.2530257124542173 0.6729482372147647 155 108 71 0.12
2964 0.2937139954771369 0.2614359519346298 0.8471291172716138 129 104 81 0.23
2965 0.09647232284589469 -0.2127311384910752 1.089825872313528 133 106 64 0.58
2966 0.1146358794425572 -0.1905833545075454 1.107399284675693 74 52 38 0.45
2967 0.06836390177946072 -0.2194386496538522 1.063531275238587 154 124 84 0.55
2968 0.1022256867121061 -0.173354564694941 1.120733946980228 88 69 57 1.35
2969 0.1123663475962364 -0.1675685378415638 1.112577801312828 59 41 29 0.76
2970 0.05311416625316023 -0.1719078373871804 1.031189127198305 108 65 39 0.33
2971 0.07777051427634785 -0.1623679380163301 1.029162426756961 109 66 43 0.84
2972 0.0948838719606756 -0.1743551834254028 1.063666369572691 195 142 96 0.58
2973 0.1301463659399834 -0.1297668759645731 1.091518452658644 102 64 44 0.31
2974 0.0749785896757299 -0.1551652159387853 1.034351677561823 97 63 40 0.5
2975 0.1032070894963153 -0.140796573301367 1.05300091064999 98 60 37 0.87
2976 0.09451636148895237 -0.103093801547106 1.018183369326185 112 65 24 0.06
2977 0.1151212131180068 -0.08267890255484525 1.115853296861474 67 46 37 0.71
2978 0.1095262734956927 -0.08132973586914796 1.123751987352238 74 50 38 0.5
2979 0.08819849248854972 -0.09214997618180912 1.152714003528058 96 68 55 0.96
2980 0.1223694467167499 -0.0654857177129394 1.025328278211469 129 77 36 0.24
2981 0.0893889964483342 -0.07615443327142876 1.151503342966339 77 55 45 0.83
2982 0.1383037570041635 -0.008228519601283985 1.010717222095697 193 134 83 0.71
2983 0.161523950782567 0.0008540284606192716 1.031589410878609 165 129 91 0.69
2984 0.1459550188170453 -0.006638843519128051 1.080679302038156 105 74 63 0.97
2985 0.1265593729310285 -0.01607714157235868 1.116925279286835 112 75 51 0.61
2986 0.1264938435452 -0.01033057960453559 1.112363383519674 38 25 22 0.54
2987 0.1241068122719295 -0.01075388221722115 1.114025010066325 58 40 32 0.65
2988 0.1382179673121521 0.01104510575982207 1.119897047343335 118 86 56 0.42
2989 0.1713679660015395 0.02248768142692928 1.056435227062293 88 58 40 0.58
2990 0.546068445196995 0.1077360123649946 0.5385910481331078 128 96 53 0.5
2991 0.1546511337264963 0.05478142416690443 1.078068382515961 116 85 57 0.54
2992 0.155101425951173 0.05854188054242071 1.082572445033652 107 82 61 0.68
2993 0.1228161006474305 0.05312628684298365 1.13297430486818 85 55 40 0.51
2994 0.1198293100170243 0.05617077403644613 1.13843534045809 120 94 74 0.51
2995 0.5448117342826295 0.110820686567733 0.5340393617326396 170 119 68 0.7
2996 0.5442538998389683 0.1135787659486923 0.5331154434291859 161 119 80 0.23
2997 0.1802514630892799 0.04585263599178069 0.8987743091196881 117 71 42 0.5
2998 0.169543444757629 0.07693145380620475 1.055974366190692 81 53 36 0.52
2999 0.5495240050365704 0.1274255388595534 0.5395774798678079 106 97 85 0.13
3000 0.07308531440949628 0.02720428713469517 0.8031661704568855 150 111 59 0.51
3001 0.2779882486723038 0.1143077899579055 0.9042047140773252 155 109 68 0.13
3002 0.1865518287581051 0.09454443191024625 1.006772746709608 153 108 75 0.47
3003 0.1993626385412156 0.1108700648101058 1.023705259210335 81 43 29 0.51
3004 0.5197067031494741 0.1165485933730228 0.4454611066092686 88 68 46 0.76
3005 0.5110792159922419 0.1152985984577092 0.4495079974494969 85 62 38 1.0
3006 0.5334636931622502 0.1276291420334009 0.5190550671270595 69 39 23 0.62
3007 0.5335860594399604 0.1381434914462063 0.5214510937195551 87 69 49 0.58
3008 0.5357170802042349 0.1400125902817865 0.5232250562907738 37 24 16 1.12
3009 0.5323066206611415 0.1368405877313198 0.5460922177942112 128 85 41 0.5
3010 0.5291711518291834 0.1356218558459245 0.5563857236803164 88 57 30 0.5
3011 0.5209095100033804 0.1389942447098144 0.5657513735363113 53 36 25 0.55
3012 0.5156435883362303 0.1393877164035851 0.5710298091709984 49 28 18 0.33
3013 0.1235528161275824 0.07668996965687247 0.8453558965842276 160 99 52 0.44
3014 0.1739414892121434 0.1100580344291109 1.005188904804401 106 65 38 0.45
3015 0.4998546628095647 0.1427921066363367 0.5829030567320246 103 77 47 0.36
3016 0.4936134784753821 0.144561578554084 0.5910348396925728 101 70 39 0.54
3017 0.116952988596667 0.09802552533228649 0.8330384431312754 124 64 26 1.12
3018 0.1977720053078921 0.1032707725871716 0.901322759487543 136 81 41 0.52
3019 0.2088349341751252 0.1220930161654589 0.9070683409217476 128 82 48 0.48
3020 0.2763380503980082 0.1490260529310274 0.9049870023213056 69 46 31 0.49
3021 0.1825176753754554 0.1294268032546216 0.9947038319483829 148 110 68 0.33
3022 0.3226577959850627 0.2069466298727823 1.129544919751024 209 223 226 0.41
3023 0.531444027601751 0.1502416046557352 0.517583356533841 103 72 47 0.75
3024 0.5244078959024243 0.157714790804142 0.5137334274874469 69 49 35 1.28
3025 0.5414652654761655 0.1538721347479575 0.5258173799079265 56 39 25 0.17
3026 0.5399276861680713 0.1566205857900864 0.533864522601913 95 59 32 0.69
3027 0.5332955068209122 0.1635159360073647 0.5335489072517574 95 64 38 0.39
3028 0.5249142571980207 0.1631692894727058 0.5420141519497118 66 41 21 0.34
3029 0.516819723511834 0.1594899756604131 0.5588869744936367 83 63 48 0.14
3030 0.5129794488596943 0.1570542831836304 0.5678201805733941 70 39 21 0.52
3031 0.4902592110101629 0.1637231848813742 0.587647772232216 153 135 97 0.27
3032 0.4772161182403997 0.1588389258677267 0.6103003746653699 84 66 45 0.36
3033 0.4226934751249152 0.1583392359859812 0.6823337588758601 132 104 79 0.26
3034 0.4239066564866049 0.159199112211331 0.6858543339026139 109 75 47 0.58
3035 0.1306207268428899 0.1081189105544451 0.8422453124190215 173 116 62 0.54
3036 0.1432206905276246 0.1163042761592692 0.863463046274336 144 98 61 0.58
3037 0.1806895364869437 0.1643428633376185 1.000992472947677 115 70 42 0.74
3038 0.1991919674567013 0.1666802145974134 1.011133677885531 67 42 29 0.4
3039 0.518661764724051 0.1744237708285175 0.5518572666677433 83 48 17 0.58
3040 0.5020266802352866 0.1701513895606464 0.5757056259155268 60 39 22 0.33
3041 0.4688266985805779 0.1660242331598778 0.6165806468156817 125 100 61 0.51
3042 0.3970787525579492 0.168823065588078 0.7205086216875716 117 76 39 0.39
3043 0.3447270324738762 0.1757764755618084 0.7939171776548417 102 70 42 0.54
3044 0.3402047110713444 0.1825216746020695 0.7949761659625147 102 81 57 1.27
3045 0.2528703495246839 0.1711444155631427 0.8969943432387381 185 133 87 0.3
3046 0.2779598428141842 0.189358380291984 0.8882698515987505 48 30 17 0.55
3047 0.1928993244198217 0.1871478027159104 1.013034915094227 118 76 53 0.31
3048 0.08841353063609481 0.1931669639391319 1.168250305081608 36 25 20 0.88
3049 0.4999791632528455 0.1607912991983649 0.4825835719231464 58 57 43 0.18
3050 0.5152656875090433 0.175881905811166 0.5535197745395127 126 78 38 0.3
3051 0.4401606580105349 0.1885287072831567 0.6485771589511012 102 76 39 0.45
3052 0.438617359868979 0.1895440895078599 0.6513484947998058 138 110 52 0.22
3053 0.2529527503888929 0.2010402040273777 0.9339342878450223 73 59 48 0.77
3054 0.248491758352706 0.2031882792450015 0.922859014074163 83 57 44 0.37
3055 0.2391422774628172 0.2038221729171915 0.9392986962825054 64 46 32 0.75
3056 0.2388774315362095 0.2093407662531966 0.9371761924036661 24 17 16 0.69
3057 0.5270484225583723 0.1887279479114761 0.5369987338156703 131 80 40 0.78
3058 0.4920922859148822 0.190085953999981 0.5752917633824306 50 34 20 0.28
3059 0.5026209204458033 0.1990324313365231 0.5690344926989122 68 50 36 0.91
3060 0.4980773016215268 0.1976914375800645 0.5784177004230437 75 54 30 0.57
3061 0.3980665022268034 0.2070941087530488 0.6999728739844857 150 117 66 0.42
3062 0.2895228871204912 0.2092588075815492 0.8613287976568178 65 40 12 0.17
3063 0.2617335113587545 0.220330899544289 0.8927321745155107 110 74 48 0.55
3064 0.1735851637983459 0.2251091311164896 1.021985051375183 79 53 33 0.7
3065 -0.04094447051362327 0.2442217121990931 1.242098216439454 89 62 48 1.16
3066 0.4753779904713318 0.213616644105828 0.6002454720959706 71 49 31 0.56
3067 0.4787548422419713 0.2070022076097395 0.6029112371776002 74 58 39 0.66
3068 0.3494352297910264 0.2172752693678451 0.7765447667023804 82 52 24 0.29
3069 0.3189793867204767 0.2253067989468991 0.8164076218495502 89 60 35 0.86
3070 0.3129669423177843 0.237048889001737 0.8273452980666764 61 44 34 0.79
3071 0.3046451374883355 0.2289059374084572 0.8388541216331178 105 66 36 0.93
3072 0.1797775159659724 0.2458114166305244 0.9871716035578293 74 51 32 1.14
3073 0.1393448058609775 0.2596475112825767 1.068660363759072 96 72 56 0.65
3074 0.5141717589036653 0.213522742215378 0.5496506855145903 110 68 33 0.41
3075 0.4561950833267122 0.2231727258550884 0.6294346790563229 153 102 52 0.35
3076 0.4293448565031383 0.2307982499849032 0.6641038932802414 109 78 36 0.65
3077 0.2568885543595864 0.2866942677848374 0.9450159839422158 100 57 41 0.25
3078 0.4894716623547873 0.1440618848134583 0.596142792496905 78 52 34 0.6
3079 0.1045676106492468 -0.222346756647237 1.108741218306338 55 38 32 0.74
3080 0.06392837470631563 -0.1490944825149541 1.021469869597952 92 58 38 0.78
3081 0.1173993577540348 -0.112979220013232 1.057168562948682 133 94 56 0.77
3082 0.1283827656945674 -0.1094419006963623 1.066110002251218 119 85 60 0.32
3083 0.1385910359120365 -0.100349639859472 1.06683849047706 122 80 51 0.36
3084 0.1038064762426985 -0.06992594266606708 1.011050609241886 97 60 36 0.18
3085 0.1580801728108225 -0.05864487570313656 1.071300961590488 150 112 67 0.61
3086 0.09546582879776599 -0.05268952921933981 0.9787751804260316 115 73 45 0.48
3087 0.1194101112042686 -0.0413402711280306 1.127910617502904 121 92 67 0.74
3088 0.1255375164336929 -0.02910614451838711 0.9672992403184596 173 111 68 0.43
3089 0.1306449015443145 -2.953766304866767e-05 1.113556648172523 152 119 93 0.93
3090 0.223553445586185 0.03397263825090857 0.9378996814302417 105 60 23 0.15
3091 0.2792139101617159 0.06829779605201297 0.9090478231595424 142 88 56 0.73
3092 0.1601751883892175 0.03682594271116771 1.00910152098728 176 134 94 0.37
3093 0.1748143862169224 0.06020517455709595 1.020324940787912 88 54 23 0.4
3094 0.4509573222138662 0.2139073954707105 0.6375023336749733 150 115 80 0.88
3095 0.5321091089559694 0.1194937193837117 0.5569538402105039 156 120 77 0.68
3096 0.1381471480304765 0.07588124165420565 1.101368406564373 62 46 34 0.27
3097 0.1754135761723748 0.06863606726963406 1.044347976460414 56 37 27 0.67
3098 0.1785725719702217 0.1134669667575807 1.086742473832266 92 67 50 0.59
3099 0.5465497744197347 0.1329887738580993 0.5295316144264186 41 28 20 0.56
3100 0.5433662445847759 0.1428318559073914 0.5312921906429193 48 41 38 0.61
3101 0.1484459515118755 0.08302656968646988 0.8631691613601286 78 50 27 0.73
3102 0.1370118935424565 0.1174210297898279 1.123512326322768 119 83 62 1.05
3103 0.5074021060663716 0.1460584026755164 0.5803370842240605 47 28 17 0.22
3104 0.5092212487772046 0.1491795611541286 0.5780629500976726 66 41 25 0.71
3105 0.4466555571159029 0.1503440925077447 0.6632199937767597 132 101 70 0.39
3106 0.4574613016775625 0.1581049293903684 0.6366968852175541 115 97 73 0.36
3107 0.1713267142432217 0.1604832781556076 0.9844590683465828 67 46 33 0.36
3108 0.4524736413115028 0.1665042077040075 0.6423847282068592 84 65 42 0.48
3109 0.3685056394114052 0.1741569669988819 0.7614721116720635 90 62 34 0.6
3110 0.3734563495873033 0.1793369872321907 0.7529122487316674 72 55 38 0.71
3111 0.3261455062822921 0.1791254813067744 0.8175332472183563 107 84 57 0.68
3112 0.1468722073064652 0.1852126709184713 1.084462016854972 96 62 44 0.51
3113 0.06466933181945478 0.2028517704518373 1.180679977058768 36 19 15 0.63
3114 0.4992660437705305 0.1566887904491999 0.4422140343136073 59 43 32 0.76
3115 0.512185201336619 0.1637366821731738 0.463262844948038 80 63 44 0.88
3116 0.5301237347032354 0.1809866198015218 0.5318059021851199 112 77 49 0.93
3117 0.498764427312601 0.1829044996556812 0.5733700918416064 53 39 24 0.11
3118 0.4346454205810199 0.1831772346797073 0.6593554795816821 128 95 51 0.35
3119 0.3711812307057354 0.1928588495779461 0.7521900242315546 114 84 41 0.37
3120 0.3098899681914991 0.1885968207370569 0.8357645543101253 95 70 47 0.82
3121 0.3028391957486784 0.1954029163307969 0.8505271583369285 50 33 24 0.55
3122 0.2731866556245712 0.2006966674155649 0.8869664256764163 66 46 33 0.66
3123 0.2617260783792919 0.2038146089911301 0.9058237996769585 63 38 24 1.0
3124 0.5272067681783947 0.1939385078995164 0.5365615279360771 72 40 17 0.41
3125 0.07858469305292382 0.2323558083451553 1.157315438883087 72 57 45 0.24
3126 0.2568413625023788 0.234455333221549 0.894193068344747 63 33 19 0.77
3127 0.197699459376904 0.2414031650453484 0.9616377412048733 46 31 22 1.41
3128 0.1740249883389617 0.2464962193951536 0.9780313154780471 65 46 39 0.58
3129 0.156256416814506 0.2472854518521045 1.029020776339089 45 26 19 0.45
3130 0.1449350076935881 0.2478785563096976 1.062078201765763 60 39 27 0.4
3131 0.2734083725918248 0.2742726760982371 1.047540135370947 144 116 81 0.14
3132 0.1947312913245052 0.2679473912393258 1.110388930714953 81 77 50 0.99
3133 0.5008892599646346 0.2334442518091975 0.610942775928117 164 134 83 0.5
3134 0.235618093649459 0.269278420611516 0.942316548184422 66 56 44 0.77
3135 0.6420095162380275 0.2241031006593126 0.4544348523532076 119 74 46 1.17
3136 0.2639940837331255 0.288160214389937 0.9480258275756595 129 90 60 0.28
3137 0.5230745455952992 0.2321302962108779 0.5384820894492003 84 53 26 0.75
3138 0.4724045970510681 0.2428766890053134 0.6139119755784243 85 68 46 0.48
3139 0.2953386947182017 0.2759166073166006 0.8501317605555121 123 90 65 0.74
3140 0.1215489539190074 -0.156607608244959 1.095602150938779 69 38 21 0.48
3141 0.0735337351171681 -0.1613392113218977 1.039720507801987 159 117 72 0.38
3142 0.1346971987777395 -0.05336019550328627 1.038180447324154 100 56 26 0.26
3143 0.1101667038797052 -0.03990800010718173 0.992950368583259 124 78 42 0.44
3144 0.1146642524624295 -0.01028933387011713 0.9201805871502211 132 84 54 1.05
3145 0.0841988251650343 -0.02732002361044483 0.9547755350704364 107 70 41 1.32
3146 0.2765816804175847 0.06593157367449237 0.9201908876076417 180 135 79 0.65
3147 0.284151850020245 0.07448043331180576 0.9225796221664092 124 91 63 0.75
3148 0.1624832979397634 0.03458967305430055 1.013876130500711 135 88 53 0.68
3149 0.5444132158989604 0.1174268744864757 0.5309472339778999 102 67 40 1.0
3150 0.5456326571123596 0.1191307912940514 0.5371557709426673 91 67 45 0.7
3151 0.1468283496918965 0.04746607963726429 0.8598373918340199 147 100 60 0.55
3152 0.1806993838165736 0.06310000049456219 0.8926283828559036 90 61 38 0.96
3153 0.534175033919986 0.1239305703034053 0.5132299793778095 178 118 63 0.49
3154 0.528930643866485 0.1302032612867251 0.5670183085754178 122 90 53 0.66
3155 0.1529908259013775 0.1063531471406214 1.089564269023561 79 47 29 0.55
3156 0.0699813092139181 0.03864124944438477 0.8001924908216451 135 81 31 0.88
3157 0.2772480309786141 0.1211189600253399 0.8993678655715132 189 124 73 0.79
3158 0.2057788827626057 0.1149814373292537 1.009241455740095 114 84 56 0.69
3159 0.09414223020358081 0.1135202643401231 1.167761400407133 116 87 63 0.65
3160 0.5056915703952771 0.1304107938495902 0.448157085206815 54 31 15 0.65
3161 0.5307571258079736 0.1504732651118983 0.5363619924690533 86 47 20 1.36
3162 0.5228917141527335 0.153718249660441 0.5529489582128825 65 42 27 0.74
3163 0.4820959247553485 0.1483542165094683 0.6095714779066318 108 74 41 1.35
3164 0.1695403889608169 0.1105450771782874 0.8692291182988832 133 78 39 0.59
3165 0.4528937589401768 0.1644780697985088 0.6381073092801368 93 66 39 0.85
3166 0.1746037472749652 0.1639366275155426 1.036319630294467 110 79 53 0.77
3167 0.1643484905051047 0.174031194524183 1.055851954594777 65 43 32 0.66
3168 0.3768611464030461 0.1708369775375727 0.7554580233289567 90 65 43 0.59
3169 0.3280558490376607 0.1831563958529679 0.8177420635156385 70 51 34 0.59
3170 0.482177701373941 0.1724862329145707 0.5949338104842398 79 62 46 0.16
3171 0.1180205004414871 0.1893112850460739 1.12061126734638 92 61 48 0.55
3172 0.07104118349769906 0.1850090260977638 1.182240823234763 41 28 22 0.85
3173 0.4134592650863614 0.1816889295141755 0.6920180573201389 110 81 49 0.62
3174 0.4183732420288149 0.2033965982401355 0.6736361944102102 153 106 53 0.73
3175 0.06533274980823522 0.2478040339131281 1.168174643171979 35 22 15 0.75
3176 0.5199620539092029 0.2079412306174623 0.5461244103818129 119 75 44 0.42
3177 0.4806908670883405 0.2046852947142828 0.5972855797270766 60 46 33 0.82
3178 0.3568829306636727 0.2214913105961616 0.7629559192980069 65 45 35 0.22
3179 0.465467485991479 0.2223305497834168 0.6169593937661759 105 65 46 0.34
3180 0.1053001238491448 -0.1795163061610313 1.078422474190983 92 62 41 1.2
3181 0.1700248457602795 -0.004624091116086831 1.045907043579195 158 120 85 0.74
3182 0.1770285981609302 0.01248687034019746 1.037453320589528 168 125 94 0.95
3183 0.1700473806311134 0.03356802527560618 1.027803694954534 182 126 77 0.72
3184 0.1743853133799103 0.04334945601226189 0.8822344953293548 151 100 50 0.75
3185 0.2811586144415172 0.09861332642505991 0.91271342226498 168 107 59 1.1
3186 0.2713464609254653 0.08548129565118301 0.927762940557934 146 105 55 0.58
3187 0.1731833623221629 0.08069610190561952 1.043041536232161 83 52 34 1.11
3188 0.1833477658200044 0.08126145783934277 0.8986530280169243 83 45 23 1.07
3189 0.2281473932059815 0.09809066899327039 0.9674393031883506 84 42 22 0.61
3190 0.2117351930948066 0.1025731010289473 1.010586543411055 161 122 86 1.19
3191 0.1768667919431579 0.09930867834276602 1.059763802517707 153 115 76 0.84
3192 0.5315116038729324 0.1418347407396838 0.5435842377723905 67 39 22 0.71
3193 0.5030558498640272 0.1359087828506663 0.5900293202692328 168 132 85 0.94
3194 0.2753486279810974 0.169687903476212 0.898847248988117 67 41 26 0.77
3195 0.1824422013452018 0.1670979674828125 1.023278706170941 52 32 21 0.68
3196 0.6081096633477833 0.2293224964331066 0.4930884537578455 93 72 48 0.17
3197 0.34936278775866 0.2139975757945523 0.7741382967945916 124 95 60 0.78
3198 0.2021483137304848 0.2188982029676069 0.9895125757191576 25 19 16 0.68
3199 0.3045766549366389 0.2295279856571459 0.8293185001644261 46 30 18 0.86
3200 0.242113168167771 0.2331043243556462 0.9130182920744139 119 77 44 0.81
3201 0.5495864235238737 0.220505099787042 0.5131247197216936 107 64 35 0.21
3202 0.1276261216772135 -0.02421794025699056 0.9860335724903535 177 122 69 0.65
3203 0.1270802939494675 0.00256762870821961 1.118472649910364 124 89 70 0.86
3204 0.1627965698019262 0.01291319370976451 1.029433954114063 164 120 78 0.82
3205 0.1801658858735216 0.04697339188345492 0.9029698740949581 103 59 36 0.66
3206 0.5296013565054906 0.139507099750484 0.5477291033473108 73 48 31 0.35
3207 0.5136171785939415 0.1420525406504175 0.507682875439852 105 69 38 0.7
3208 0.5336601980227087 0.1458208333022787 0.5396991617364548 95 69 48 0.84
3209 0.5104152895763037 0.161430537730738 0.567235539991171 43 20 10 1.37
3210 0.1868338849268663 0.1532876006550268 0.9938488618149008 68 44 30 0.61
3211 0.2688796930404854 0.187728918050886 0.9110031466315355 123 98 66 0.86
3212 0.5203257622903197 0.1801118975945286 0.5471703349925282 60 35 20 0.3
3213 0.4474975932454376 0.1992233655105541 0.6334481429568539 52 38 26 0.64
3214 0.07666677240632302 0.2363809844971213 1.164207238752629 52 40 28 0.54
3215 0.521926154477942 0.1503261227901819 0.5589557771620434 53 29 14 0.21
3216 0.1613682025077954 0.0233581745480376 0.8795686867370043 56 35 27 1.11
3217 0.155310176074878 0.08934221388290006 1.01238252292172 69 45 31 0.92
3218 0.2025491456420809 0.1128004490035319 0.9138170463662638 165 94 42 0.75
3219 0.2721878618314848 0.1517513019761058 0.9086610513973772 74 48 31 0.6
3220 0.4756817324631293 0.1601121297602852 0.604492866813849 123 104 84 1.09
3221 0.2045459012465582 0.1657965959523741 0.9919753379348191 37 22 16 0.72
3222 0.3969776079459588 0.172849841788304 0.7186498967259567 103 76 46 0.65
3223 0.5027488510661707 0.1628636323229357 0.4410313699049057 65 46 28 1.05
3224 0.2869967750145893 0.2004699698401401 0.8691823825061523 122 83 48 0.95
3225 0.4948854882665174 0.190227017417005 0.5749435051808275 49 38 24 1.21
3226 0.1245841776787363 0.06660867783055571 1.128786343539766 175 126 78 1.55
3227 0.1418453227277412 0.1037115177689628 1.111283086530209 165 119 76 0.94
3228 0.1933576990409365 0.1466996725398248 1.006158370334441 61 44 32 0.8
3229 0.1703295817065503 0.1512412215369228 1.046851756591438 27 18 14 1.29
3230 0.474030164964675 0.1555705249674071 0.612775634900125 73 53 29 0.3
3231 0.1295114716724654 0.1058130784733384 0.8402299667014551 121 64 34 0.93
3232 0.1389288642916835 -0.02941524705326712 1.021909464171239 222 186 134 0.42
3233 0.1630508337988668 0.005751908115750964 0.914896106889435 194 140 97 0.37
3234 0.5657160092603857 0.1355520109299674 0.5162959691025295 53 26 9 0.38
3235 0.5496194215286438 0.1325554435634425 0.5392969522628354 50 44 36 0.67
3236 0.5198242180801702 0.1220090289938863 0.5033744727418336 42 29 18 1.0
3237 0.4253403293999762 0.1853922528794313 0.6682513324710553 48 31 18 0.87
3238 0.1907666201472659 0.09337556819500409 1.017423261670681 206 156 102 1.34
3239 0.5422813750587112 0.1868621650680205 0.5172387722719443 117 74 48 0.61
3240 0.4497490793704024 0.1529705259588272 0.6464360085739578 118 84 56 0.71
3241 0.1199115100101249 -0.197109939366152 1.095435008669221 140 116 95 0.61
3242 0.07918674651913626 -0.2070500110734663 1.059840408074319 143 99 70 0.51
3243 0.1279261412329867 -0.1394043163005903 1.073104183161283 88 66 53 0.72
3244 0.1287240094484767 -0.1254330589038583 1.093390341822088 128 92 67 0.76
3245 0.1224153029439022 -0.1133521445070413 1.104630815532313 110 86 64 0.67
3246 0.2474028447626584 -0.05404502061709884 0.9619383092144236 79 42 29 1.08
3247 0.1420346088454676 -0.1000747239611031 1.067243606879656 92 73 61 0.56
3248 0.1456637124387162 -0.09395773128187254 1.075805621573114 133 105 71 0.54
3249 0.1471053890267523 -0.074173631887238 1.077029617076334 72 54 44 0.64
3250 0.1011602043341803 -0.08326887961350657 1.135925019304947 115 86 67 0.94
3251 0.1013702515875833 -0.06644555471916633 1.0036758047541 50 36 35 0.94
3252 0.1489732662564267 -0.05502934574960108 1.051136775177884 78 53 33 0.36
3253 0.1639580941619995 -0.03229621453613316 1.056286297040092 142 106 74 0.66
3254 0.05360549320418229 -0.07181725089056815 0.9794624744118176 134 109 64 0.46
3255 0.127318905001469 -0.00822677499370883 1.108520645026313 103 86 62 0.28
3256 0.1462729970591773 0.005562302759615223 1.089902735801098 72 47 34 0.62
3257 0.1089245778165699 -0.009922818289826302 0.8631006799750487 198 201 202 0.54
3258 0.05999312291340186 -0.03861170937674482 0.9524283978912265 168 117 73 0.82
3259 0.126713819308901 -0.009006799696726547 0.9556968343717831 154 96 34 0.28
3260 0.1607989096751238 0.0308233612519449 1.017801614356064 132 90 58 0.45
3261 0.1633625155946128 0.0375609185164224 1.021322412093043 171 130 94 0.48
3262 0.1532277971454467 0.03264186832458582 1.028144590046259 103 72 52 0.92
3263 0.5300251046322119 0.1024723983384318 0.5232032660971244 158 131 70 0.42
3264 0.5330247228067294 0.1126921373744051 0.5532361272521453 63 38 20 0.28
3265 0.2139359955651323 0.06541426533963188 0.923149850515431 121 75 37 0.44
3266 0.2219309389907214 0.07368994704659954 0.9253586115240495 162 103 56 0.32
3267 0.278320106798624 0.0916151182448475 0.9046830739590317 164 105 72 0.87
3268 0.1685331734078918 0.05984310393486963 1.022032509678372 131 94 70 0.62
3269 0.1772428057842107 0.0756190475135893 1.039623731538681 103 74 57 0.65
3270 0.1477205690893363 0.07393920190847603 1.088262212647569 99 73 54 0.71
3271 0.141741676276753 0.08738493792560906 1.121731440825962 65 41 27 0.84
3272 0.4981251634476324 0.09481788781956413 0.4969015225164632 192 141 77 0.85
3273 0.4973623817870552 0.09747054838184634 0.5007792453092343 100 65 41 0.63
3274 0.5266335229791055 0.112749193419366 0.5179181130845416 176 133 94 0.75
3275 0.5392734126334889 0.1285071345475292 0.522382629777557 82 59 42 0.46
3276 0.5457510395658747 0.1201656487676758 0.5315256308864545 135 91 61 0.44
3277 0.5466344836362331 0.1303640773199033 0.5311328660626752 59 53 42 0.26
3278 0.5479176914586573 0.1322573890672537 0.5329488943830725 56 56 43 0.4
3279 0.5328813778454193 0.132722759046829 0.5609704227713453 50 34 26 0.49
3280 0.1159471102214593 0.03894827238265525 0.8479767158230773 133 91 61 0.14
3281 0.2029677960832373 0.09904914037597608 0.9088197378549765 130 71 26 0.62
3282 0.2793573753101618 0.1013734497175064 0.9012905235097324 171 116 77 0.44
3283 0.2837743479611223 0.1183258170374396 0.9053468843286058 141 102 64 0.46
3284 0.1771038639074856 0.09945302311187584 1.007533845155202 98 62 35 0.75
3285 0.1318054944547786 0.1213597276589181 1.129835577223476 71 42 29 0.54
3286 0.5176237944709616 0.1180221287987952 0.4520443996168469 150 113 60 1.02
3287 0.5162805435237786 0.126480019775015 0.4877440373023096 143 107 73 0.5
3288 0.5158028927358992 0.1227943351905505 0.4990429553769439 80 64 50 0.66
3289 0.5212905642525487 0.1369146219471495 0.5111270077408098 68 42 28 0.41
3290 0.5360865870420223 0.1433677362820271 0.5183676643186936 134 96 63 0.99
3291 0.5417318112377311 0.1474614692159914 0.5282168598010382 116 83 43 0.57
3292 0.5199023100939119 0.1475010641980871 0.5634651115212774 88 49 29 0.26
3293 0.5130297318089796 0.1381798791506835 0.5856150327243475 73 49 26 0.4
3294 0.07366269941916181 0.05226423046702458 0.8118165006983536 122 79 39 0.32
3295 0.1445684285008816 0.08583854103628433 0.8550448704705369 179 114 63 0.86
3296 0.148201812596531 0.09092892203401864 0.8568670920973165 190 122 68 0.34
3297 0.1677543369108885 0.08927193929899602 0.8749494718669186 93 54 29 0.59
3298 0.1812240775662882 0.09562900408945733 0.8897484679402097 167 112 70 0.48
3299 0.2850077649826728 0.1293240162195892 0.9026910490489006 90 60 45 0.39
3300 0.2704695880247245 0.1491454977544824 0.9114162481355261 108 76 64 0.16
3301 0.1682403620680484 0.1239771251293235 1.059409503342046 114 80 56 1.02
3302 0.5259097785152105 0.1559720487260867 0.5145283181586123 79 53 36 0.23
3303 0.5378987144041574 0.1619003674747404 0.5192811115192312 136 77 41 0.87
3304 0.5354575543515101 0.1585095668639024 0.5355619329787576 65 38 26 0.67
3305 0.5300293488105078 0.1506757142854708 0.5432712208536189 119 84 56 0.6
3306 0.524004491903964 0.1573678267648705 0.5499241882547584 103 72 45 0.36
3307 0.5109540959239831 0.1573185930730393 0.570047927520884 100 60 32 0.59
3308 0.4508232179062192 0.1513461697455421 0.6569403686881853 139 103 63 1.01
3309 0.4022453160157832 0.1683578066461948 0.7126810351302149 125 108 74 0.59
3310 0.2148599752686677 0.1535560631552961 0.9002878767942086 138 88 50 0.51
3311 0.269463250666923 0.1684814534724196 0.9055719441474357 93 67 51 0.34
3312 0.2643804143273719 0.1707674858906933 0.9134747469699289 68 33 19 0.2
3313 0.1797261155493818 0.1641054624636074 0.9863186322635256 85 58 47 0.58
3314 0.1860195728969719 0.1715178658558532 0.993576180283964 80 52 36 0.57
3315 0.05641053066340995 0.1784936376283229 1.199758368051474 80 56 50 0.51
3316 0.5275765659399896 0.1663533795032517 0.5139269649540337 67 41 27 0.4
3317 0.5300090644366101 0.1638643017761756 0.5147459224354823 68 43 27 0.25
3318 0.5274437012878319 0.1779021764727527 0.5373993504282646 132 98 58 0.6
3319 0.5152933082991348 0.168945514478868 0.558120911063303 98 62 32 0.67
3320 0.5085245758796 0.1670835442040423 0.5653874846630891 51 29 20 0.28
3321 0.4971820176682275 0.1718966685566394 0.5759630221913266 110 68 30 0.26
3322 0.4967341538184701 0.1757349373740426 0.5758435794598532 98 72 52 0.22
3323 0.3499585002821197 0.1796059775256563 0.7890781586497879 143 108 73 0.49
3324 0.3039430149221279 0.1893061374466744 0.8496126684309038 92 64 41 0.49
3325 0.2749829622762933 0.1787537645214958 0.8945156242311576 65 44 36 0.33
3326 0.2790479634116563 0.1868628835886787 0.897613643341039 68 50 44 0.53
3327 0.1873699085788207 0.1840584844988708 1.018909473502072 128 80 47 0.29
3328 0.1551177253838031 0.2137291539131974 1.082478844917349 98 70 43 0.67
3329 0.5005737682196607 0.1606520532525069 0.4430152180484919 53 41 32 1.25
3330 0.511474486837328 0.1741819589694085 0.4459075081054381 44 31 24 0.62
3331 0.5136370237313184 0.171306540050304 0.4632528656939636 51 45 36 0.5
3332 0.5230123120970664 0.1776073044571155 0.4647650983210553 63 46 34 0.58
3333 0.4997648402862795 0.1757027306302825 0.4783314421146662 30 22 21 0.42
3334 0.5016191099610016 0.1755396422446271 0.4913924042887542 41 23 18 0.95
3335 0.5304593788742522 0.1787113202361114 0.513425963943145 95 62 38 0.51
3336 0.5317169717696481 0.1912348659989785 0.5338567737791087 91 56 35 0.2
3337 0.4917908077681269 0.1912833551367926 0.5742164106622246 100 76 42 0.32
3338 0.4265755251377225 0.2032247664512519 0.6618023089434791 113 77 38 0.42
3339 0.2728412507572009 0.2075043861134543 0.8870048049606212 94 61 42 0.46
3340 0.2588116626532229 0.2050406655227797 0.9111400298221874 47 32 24 0.51
3341 0.2372618396936489 0.2100948523393488 0.9348930750257163 90 60 42 0.18
3342 0.1891386292121265 0.222902518630193 0.9838781251278417 49 33 29 0.13
3343 0.1323992714507419 0.2294129354253131 1.094161919814763 38 24 17 0.53
3344 0.5375097718811694 0.1842688021503104 0.405575820212301 82 68 50 1.32
3345 0.5093939912216611 0.1871206135528733 0.4847903066222173 51 32 28 0.92
3346 0.5430803162045817 0.1306148514343639 0.5248463580332401 66 50 36 0.13
3347 0.5190709556057111 0.2027346821006382 0.5483869950064353 102 70 46 0.54
3348 0.5145830567906601 0.2100375643141655 0.5520089208783475 128 94 53 0.52
3349 0.4952335944372068 0.2012895966972038 0.5813459696353869 86 61 28 0.42
3350 0.4452635050999603 0.209260708021653 0.6455975627561938 54 34 20 0.4
3351 0.4230506641586083 0.2056547864527716 0.6669620214103785 105 83 39 0.43
3352 0.4154878746495629 0.2088844976226925 0.67619679919474 65 50 30 0.41
3353 0.3572388180846102 0.2256885619702476 0.7683675540598798 94 73 52 0.45
3354 0.2494332665496057 0.2390117032890389 0.9047668845158146 93 52 36 0.32
3355 0.4468460136566914 0.2265896624662678 0.6407554874456187 91 67 42 0.65
3356 0.426557203220309 0.235164285426325 0.672358003789721 78 48 25 0.66
3357 0.3670474332114715 0.2473579917915329 0.7540922459338855 145 114 82 0.98
3358 0.5280399976345502 0.2308293157375034 0.5388845091431118 106 67 43 0.28
3359 0.4963400996659976 0.2390125248157275 0.5823124621927211 127 87 45 0.28
3360 0.2910421518987528 0.2804595497755576 0.8566494454106426 79 58 44 0.52
3361 0.5462947021391706 0.2225890975367064 0.5152462673668764 160 113 67 0.8
3362 0.08357751427840299 -0.2072346922351767 1.06595577423667 126 99 75 0.64
3363 0.109905729329541 -0.08370817663578881 1.127711700169631 134 97 60 0.45
3364 0.08547399105546305 -0.07980733612799848 1.001613824054015 148 103 72 0.68
3365 0.1305387903994236 -0.05566247759250217 1.102618453062718 89 65 46 0.66
3366 0.1378114562466028 -0.04803128476320959 1.092540428686515 100 78 71 0.71
3367 0.06037160070009595 -0.07681121914258479 0.9774884176781033 127 106 82 0.68
3368 0.1420499407224453 0.008857356575082243 1.096635086549525 106 78 40 0.39
3369 0.176709749738478 0.05019574322425432 1.04329754297153 121 94 71 0.57
3370 0.1334356435148135 0.02637133867988806 1.117584567704207 133 99 70 0.71
3371 0.52908032129475 0.1074264003170777 0.5245005765646661 169 109 52 0.48
3372 0.1846958117482012 0.06488248301942134 1.029067194665776 105 76 50 0.76
3373 0.1429066652122622 0.0587383498738141 1.094779340644491 107 83 52 0.33
3374 0.4883950058207865 0.09685435027601567 0.49422922285787 196 133 70 0.53
3375 0.494756174885694 0.09770459373303836 0.4985574812295688 161 115 65 0.7
3376 0.5306562084453365 0.1146762489779417 0.5157029837686008 142 91 54 1.01
3377 0.5443013751775058 0.1254688210592797 0.5212684718485442 42 24 14 0.46
3378 0.5384279440673232 0.126612658901078 0.5209158733440911 33 23 19 0.57
3379 0.5485925185349625 0.1302074010895908 0.5324591187690282 32 28 24 0.82
3380 0.21068547587993 0.08862583298344306 0.911354476235757 103 53 28 0.69
3381 0.2716329776556641 0.1046253005595497 0.9034651561444609 141 76 42 0.77
3382 0.1807831613068042 0.101924316079643 1.047669338759504 69 53 42 0.48
3383 0.5349125973807668 0.114497645050006 0.4197935474473267 125 106 78 0.75
3384 0.5093656781024014 0.1079335999280889 0.4489654022038001 62 39 26 0.95
3385 0.5197077836022876 0.1184024477621595 0.4429212180389175 93 72 53 0.55
3386 0.5065989471897383 0.1171633208584222 0.4964155131446431 72 53 44 0.72
3387 0.5231927717917554 0.1251741240736517 0.5094275256997749 77 42 18 0.94
3388 0.5184287058981285 0.1428959790633385 0.563935792821407 122 82 40 0.68
3389 0.09107116017611983 0.05737469613886628 0.8272193717248697 120 65 24 0.47
3390 0.1641062899147924 0.101143582493345 0.8628997028283842 152 108 79 0.44
3391 0.08743130823803658 0.1531593788306022 1.176833985832805 77 51 40 0.15
3392 0.5145592840068898 0.1360188439741942 0.4710173105126351 48 26 19 0.5
3393 0.5262961169730207 0.1544270607924582 0.511943161330097 80 49 37 1.19
3394 0.5407012447334436 0.1556118323332011 0.5264816736239416 129 86 40 0.17
3395 0.5330109190616857 0.1521582781536844 0.540205110808521 58 36 21 0.48
3396 0.4646332483005577 0.1502695610617741 0.6300648530182619 137 105 65 0.33
3397 0.4435214384122054 0.1550679412729879 0.6595349967831479 130 93 55 0.34
3398 0.1622130683741748 0.1134697743597234 0.8621322235383746 72 44 29 0.79
3399 0.2141868146157386 0.1493521095235597 0.9021876956388488 85 48 24 0.37
3400 0.2568136625710439 0.1524344535943292 0.9289929714925784 86 60 43 0.4
3401 0.1159955533080688 0.1836716521227855 1.131309638660287 85 63 45 0.72
3402 0.5320356938360921 0.1360489698443345 0.5463944429974995 127 91 57 0.42
3403 0.52944525592057 0.1735724542365066 0.5129765952050934 132 92 60 0.49
3404 0.5252707772664331 0.1679005871150411 0.5435979791510662 110 80 61 0.2
3405 0.5034686011876721 0.1722615129046129 0.5730729277979101 139 81 32 0.53
3406 0.5094000332898947 0.1738691072503186 0.5643291618004141 52 29 17 0.34
3407 0.2705695695080194 0.194968893870796 0.8993678486373002 66 47 35 0.2
3408 0.2005348520760297 0.2018559188719981 0.9833992726233678 72 55 44 0.53
3409 0.03459356186648344 -0.1401996561019463 0.9995635822140945 114 84 86 0.18
3410 0.5456860812762677 0.1624123124216235 0.3588442458155298 100 76 56 1.47
3411 0.5152731498865946 0.1625126881664076 0.414258068369278 70 49 34 0.76
3412 0.5233621065738298 0.1843561075517438 0.5030895278260952 78 40 21 0.4
3413 0.5240653365009921 0.1937451310188391 0.5405198526516579 95 60 38 0.5
3414 0.4878221841947203 0.1879286599620388 0.5814760690549107 133 100 56 0.6
3415 0.4922016007414216 0.1933500233242478 0.5748029381892287 63 40 19 0.83
3416 0.4825754196185064 0.1929290932939416 0.5880457653415524 161 117 77 0.15
3417 0.3645845945604616 0.1767660124184075 0.7654503055426027 103 78 53 0.47
3418 0.417022403040767 0.1943078301789879 0.6801782266165385 122 85 38 0.9
3419 0.2788555139124742 0.2106309337889724 0.8778745359835833 100 66 46 0.44
3420 0.1543396474788704 0.2168011671371361 0.9858209561462595 41 30 26 0.94
3421 0.1552541767515926 0.2365404186520876 1.047712685379059 89 59 31 0.41
3422 0.0322267826467344 -0.06029566447416626 0.9428286414407097 106 86 79 0.94
3423 0.1995056594122992 0.1015321432318105 0.9011478784121121 133 71 33 0.87
3424 0.4769626494222791 0.2020157262691308 0.6055622710773418 81 63 30 0.7
3425 0.4716468628649574 0.2144442361035175 0.6068686104503732 59 38 20 0.49
3426 0.36677978557685 0.2219825269782359 0.7511008735589698 116 85 51 0.43
3427 0.3464193878039468 0.2219104129819956 0.7758771705480437 112 83 46 0.57
3428 0.5280117648538741 0.2290398870343577 0.5407335498434777 138 100 52 0.6
3429 0.4846053245415675 0.2220577131542254 0.5917477645698179 124 104 82 0.64
3430 0.4883071178771993 0.2219436066865961 0.5910362120883877 94 66 38 1.08
3431 0.1155836045455745 -0.1747381815414387 1.085032109444969 114 77 58 0.72
3432 0.07259969656005372 -0.1548467461631941 1.041688507949338 137 96 44 0.44
3433 0.1533034658267498 -0.04485433237016093 1.06988525271781 78 52 34 0.95
3434 0.1137410897050546 -0.06711049894817148 1.128261126767462 120 92 60 1.09
3435 0.1165674860020399 -0.0607235333772296 1.132026022853228 117 86 48 0.75
3436 0.04671115895547184 -0.08183381641627582 0.9711177848114824 126 87 57 0.69
3437 0.1507610217692726 0.004488616311956822 1.083294349526664 145 105 78 0.48
3438 0.1679017653669946 0.01501876769831531 1.035630858040045 133 97 71 0.57
3439 0.1545534694478123 0.0410186385177389 1.051987898510713 129 103 84 0.42
3440 0.1720343628775364 0.08130824975133236 1.045577779637724 56 30 16 0.57
3441 0.5240404613069125 0.1152236063925086 0.5058838860085949 85 59 39 0.73
3442 0.5088236484447836 0.1187486141940152 0.5828484436709891 155 106 59 0.94
3443 0.2109768969567231 0.1042050324512944 0.9186895948189588 200 130 71 0.58
3444 0.5068614311979843 0.1158435613087971 0.4933958630736242 58 41 32 0.69
3445 0.5108907245657252 0.1240170747582772 0.5049661286247785 63 39 26 0.31
3446 0.5296753893082713 0.1309505997700604 0.51922558331485 76 47 27 0.46
3447 0.5342903464919163 0.1367008364050071 0.5431671475350888 122 90 62 0.41
3448 0.5376812829176622 0.1379825249033034 0.5364304975829645 125 92 56 1.23
3449 0.5090671420371303 0.1410493180258114 0.5804757955932431 35 18 12 0.36
3450 0.1398850265627332 0.09409413088031857 0.8541358629868976 212 143 61 0.3
3451 0.07736288897042376 0.1448838706977754 1.17976750979184 114 79 48 0.78
3452 0.5384217039828449 0.1554872258067022 0.5296775752004372 101 60 29 1.03
3453 0.5084325561308378 0.1601607242181095 0.5648393086811072 108 69 39 0.76
3454 0.5087976794649275 0.1601932937843238 0.5712833752840145 116 79 41 1.66
3455 0.5063523599990892 0.1585168688884395 0.5723129751159255 119 74 39 0.36
3456 0.1660842126359666 0.1768192757446054 1.039343502720722 131 91 61 1.2
3457 0.5142892994256736 0.1630192410779367 0.459265429124612 92 72 39 0.79
3458 0.5294061855966294 0.1685463557837051 0.5382929574290999 91 58 31 0.4
3459 0.3700874118893037 0.1861910278218027 0.7549462119535115 102 76 35 0.63
3460 0.3197747003073356 0.17448095172587 0.8304614905828411 133 99 61 0.94
3461 0.279982555767763 0.1841508587625598 0.8992958088053239 130 98 77 0.84
3462 0.1369367601563274 0.1952477831524073 1.101142184275414 47 32 24 1.18
3463 0.5315687149528081 0.157168903973301 0.3660086700166392 23 14 12 1.14
3464 0.5429359460593728 0.1641514011607551 0.4118729483782331 31 23 20 1.34
3465 0.5242518303285975 0.1677492276792431 0.4136644232312849 21 11 10 0.79
3466 0.504689176623712 0.1798778207257761 0.4852290709580714 60 43 23 0.91
3467 0.5046313557913706 0.181669518878961 0.4841666963314968 30 18 11 0.86
3468 0.5272043973720062 0.1798748911358473 0.5094974848081648 123 87 53 0.65
3469 0.5323607900369192 0.1882709121606305 0.5302384089661134 100 67 41 0.92
3470 0.501273832488485 0.1841231277994556 0.5709911783962363 93 61 37 0.83
3471 0.509863184994626 0.1946973295594053 0.561388325857444 73 45 30 0.86
3472 0.2519093985451873 0.2238397853327328 0.9108438935172731 106 66 40 0.33
3473 0.5165757560739873 0.1978501627693372 0.5490344411311552 74 43 22 0.84
3474 0.5206100117891881 0.2126053184170223 0.5428353792476944 103 59 28 0.48
3475 0.4701556423263308 0.202993971697067 0.6120907078539429 133 99 62 0.25
3476 0.1718810543434145 0.01111621659987164 1.04499930098879 135 100 79 0.79
3477 0.1934073660688161 0.02570014151833425 0.9629499099064112 112 81 56 1.67
3478 0.2788365896362535 0.07812688647389643 0.9239938770459071 55 36 25 0.68
3479 0.1769204502344709 0.05833794560652278 1.036733586910277 125 103 82 1.21
3480 0.537537787538087 0.1328972018995235 0.5519383132122293 60 42 32 0.95
3481 0.5435476419550725 0.1414687784067038 0.527651864433076 82 62 44 0.58
3482 0.5020076199952969 0.1380555198281204 0.5882215282081056 97 73 51 1.13
3483 0.2460673416016924 0.1351617657389838 0.9508028709808016 83 59 43 1.16
3484 0.1469825462778559 0.1267101602987502 1.081615934638091 98 69 45 0.75
3485 0.09733458521565719 0.1391051955698325 1.161259030676939 114 69 46 0.68
3486 0.5344296118275809 0.1436558258168161 0.5400481521565705 78 59 48 0.29
3487 0.54122846416711 0.151766535659839 0.5274135871569985 134 99 58 0.45
3488 0.5273100174551347 0.1559619684403075 0.5428257153945182 49 29 18 0.57
3489 0.5208693537894992 0.1585519186940431 0.554033067602518 120 75 38 0.45
3490 0.5223728507688568 0.1614316280734573 0.5486094170599584 167 112 57 0.79
3491 0.5196478326689131 0.1573310603673487 0.5067488556222713 121 82 39 1.14
3492 0.1894371973351493 0.1766916708874816 0.9889311127882821 75 53 40 0.51
3493 0.5210025799350799 0.1693194196641112 0.4215366595530274 18 5 8 0.55
3494 0.4972093048638483 0.1662950939632286 0.4393493597010106 40 28 22 1.16
3495 0.4458902559001843 0.1998613570970331 0.6376253792602027 107 82 58 0.75
3496 0.2814342233427027 0.2049642393143263 0.8769644995241607 109 76 54 0.72
3497 0.2624055990634206 0.2081648707152614 0.9005859185808639 78 50 30 0.79
3498 0.2475561360800177 0.1582629714254933 0.8874642693477472 86 40 19 0.72
3499 0.53924542857653 0.1253401725336513 0.5470525650442069 133 100 63 1.52
3500 0.1380653061458689 -0.05299117035082349 1.040566388401818 70 49 38 1.01
3501 0.1567802668151554 0.01104575587767059 1.067215994790084 118 83 62 0.74
3502 0.1826577757158053 0.02872696093708105 0.906220009660717 144 94 48 0.94
3503 0.1676690719165559 0.048762920079505 1.021428316370081 79 51 36 0.85
3504 0.5476698359344896 0.1204672846009237 0.5332421956109686 176 130 78 1.09
3505 0.5105840511231581 0.1180885890321372 0.5858154583850136 94 66 35 0.96
3506 0.1752449162335484 0.1200502831409292 1.053762520489691 64 42 24 0.66
3507 0.5393182775847294 0.1491134747338167 0.5274949747352091 81 60 40 0.73
3508 0.1187928900478992 0.1794018447569376 1.126814249526924 93 66 47 0.74
3509 0.2775464317320811 0.1807965527735743 0.8910183803010701 56 39 29 0.5
3510 0.2901254120536143 0.2002133646116267 0.8655895538483892 113 86 51 0.43
3511 0.5300443075070441 0.1855276688752895 0.5299192070258163 73 49 31 0.44
3512 0.5400853200867896 0.1941455963252633 0.5219410755688301 104 78 42 0.79
3513 0.3062619462677639 0.2189801375935465 0.8315751377461906 58 32 19 1.12
3514 0.2013341692427946 0.2114463982672457 0.9971699588245673 41 30 20 1.05
3515 0.5064601338568717 0.2040597337016116 0.5657754312414447 104 70 43 0.74
3516 0.1269691567087347 0.2583116274409367 1.086698613804008 26 9 9 0.38
3517 0.1311344760621613 -0.0296310536840563 1.014752363721027 138 103 77 0.49
3518 0.5248768560302502 0.1222113304825219 0.5083510296055603 71 46 29 0.73
3519 0.103050464202457 0.03568827882571901 0.8438214955082841 176 128 75 0.85
3520 0.09608066795168757 0.05207837569133242 0.8331524288907515 194 132 80 1.08
3521 0.5270208128140468 0.1429357607329719 0.5167639721780621 97 63 37 0.26
3522 0.143013364005383 0.09325156455241471 0.8561415837081645 229 165 92 0.16
3523 0.1776598390743083 0.1509235900437777 0.9873142138096423 52 43 42 0.56
3524 0.5169936774481226 0.1684361595200307 0.5537916683462999 184 128 74 0.69
3525 0.5234669077379993 0.155336006340107 0.3937744070582286 31 22 16 0.59
3526 0.5349133793935134 0.1833728739540894 0.5242974155964857 141 98 59 0.49
3527 0.5331976612063914 0.1829058908825938 0.5244257345555717 88 51 30 1.32
3528 0.4774358774415806 0.2054295616181601 0.6005654097973514 50 30 15 1.65
3529 0.4319114140398075 0.2138220257278625 0.6616447681956491 48 32 19 0.79
3530 0.3082461170487207 0.2338216983153309 0.8337445158455272 102 77 57 0.77
3531 0.1716018483139211 0.0369951519669815 0.9214134020047231 185 116 68 0.65
3532 0.2460052484052445 0.1081531357675898 0.9489787254881701 164 107 56 0.91
3533 0.153983991100974 0.1322887670366763 1.084107519859304 55 35 25 0.93
3534 0.4586039934646584 0.1561479652378193 0.6345804623119369 114 92 63 0.86
3535 0.5323717284242571 0.1652631080761249 0.3750519014015353 34 17 12 0.4
3536 0.4329886622449335 0.1856492215241922 0.6588259195779343 100 74 50 1.0
3537 0.1790153427117478 0.1378007119173261 1.048341374299431 123 90 60 1.21
3538 0.0941106602770363 -0.1883837552006386 1.065504030420327 70 45 31 0.81
3539 0.1162563586317338 -0.1800039893625038 1.102374348254828 108 74 50 0.88
3540 0.07245157166083238 -0.1266812998452341 1.019703789659967 120 74 44 0.32
3541 0.09438246211600498 -0.1080338574223523 1.021128043055324 117 73 41 0.14
3542 0.1159836843432276 -0.08505530570522532 1.114476261502478 113 82 56 0.63
3543 -0.04194219164345914 -0.1356088873437213 1.237595891219054 68 54 52 0.41
3544 0.08951600872634269 -0.09677288729754055 1.012176935424482 128 87 52 0.16
3545 0.105039927090727 -0.09114995907210041 1.005660847387471 110 81 59 0.29
3546 0.09241689129136521 -0.09921595815030673 1.016498947462138 119 80 51 0.46
3547 0.09579770071731719 -0.09318961593271199 1.013760158101041 142 106 69 0.25
3548 0.1742587104507232 0.02565461607964412 1.036604776667935 149 104 65 0.16
3549 0.2643618368621756 0.06007265343244414 0.9414275207778278 157 114 79 0.15
3550 0.1659036980309572 0.04646735244381206 1.018545702931056 102 65 38 0.29
3551 0.259443225500297 0.07810122309948667 0.9483592808906107 153 119 84 0.71
3552 0.1406779780068781 0.05702897937924248 1.106447856409038 135 97 74 0.13
3553 0.2028459084866456 0.05266804222635624 0.9203978575837699 110 64 36 0.69
3554 0.1730967075484244 0.06648625851060466 0.8860965006349395 54 34 23 0.56
3555 0.1967935197954264 0.1162770410994131 1.026048583921201 117 79 49 0.55
3556 0.2799080755199712 0.1306595642249733 0.9009351452853523 102 66 45 0.31
3557 0.1748045113866958 0.1232830051517991 0.8752734327745346 150 90 50 0.46
3558 0.2548017768055749 0.15458697122031 0.9288066382116178 75 46 32 0.41
3559 0.1890048995514361 0.1781661621896906 1.017500140651537 81 43 22 0.32
3560 0.266225107881956 0.1902824454359353 0.9166742777790404 81 67 52 0.36
3561 0.09229680141215146 0.2309325032491838 1.153509747524105 70 58 44 0.88
3562 0.3167448230810921 0.2032424675636974 0.8302880427474116 64 45 33 0.36
3563 0.5251074169389552 0.1513319425831071 0.5117075450406559 62 29 16 1.23
3564 0.0236207569066863 -0.2390522379602527 1.178502329245929 157 169 185 1.11
3565 0.1188133969333513 -0.1151825022920758 1.053138167774343 93 57 26 0.1
3566 0.133356111879001 -0.09098084154779548 1.096480222022989 117 94 74 0.76
3567 0.1526249869322696 -0.07735651155076192 1.069148095746339 104 77 57 0.37
3568 0.1540415693733929 -0.07729198870188195 1.071892890549967 108 78 57 0.61
3569 0.1395815553203088 -0.05041668119895279 1.093155624074367 92 52 36 0.37
3570 0.1293751715986082 -0.06192127956005858 1.104946640976862 74 47 35 0.77
3571 0.1154642175059969 -0.06035564468889806 1.126477525640164 92 67 51 0.49
3572 0.08819048852069378 -0.06200235870313744 1.157236017279819 74 54 43 0.51
3573 0.1981759907706418 0.02620882766337077 0.9587267311097746 139 99 65 0.35
3574 0.2779536500859501 0.07264917511374899 0.9236330575537191 95 66 40 1.0
3575 0.1700734273435263 0.06192292557727788 1.058596484271706 103 78 59 0.54
3576 0.1469183743383091 0.06368766488860225 1.092540645342165 72 44 30 0.28
3577 0.05191881956612643 0.04710391982730414 1.199420246665841 123 98 90 0.46
3578 0.167811717474267 0.07986184475863636 1.006852747304288 109 81 56 0.6
3579 0.1600476027816589 0.07638173748661539 1.071187856222883 124 92 59 0.56
3580 0.1801568527074064 0.09219000210496445 1.039965638623443 129 85 48 0.12
3581 0.1492007826406876 0.1040333482714787 1.109454091729523 168 118 78 0.33
3582 0.03169311443909828 -0.07232583836409248 0.9503452191028939 148 164 177 0.49
3583 0.1898785013542977 0.1326054173220743 1.00215957439254 138 86 41 0.27
3584 0.1700502679356513 0.1271647818035645 1.0596163927224 73 46 30 0.59
3585 0.1893032748814974 0.1610669458217125 1.024813203103895 115 79 61 0.29
3586 0.1717092667744513 0.1719790819384001 1.046115305501496 123 90 62 0.56
3587 0.2751957140800073 0.1821735002656982 0.8949423881317278 65 40 26 0.28
3588 0.278291449950007 0.1881154360172997 0.9009640730609605 94 71 54 0.28
3589 0.1495870226858447 0.2085259077184381 1.078113879749148 78 62 50 0.42
3590 0.2665541166130576 0.1961789697677719 0.8936084183811583 92 60 40 0.38
3591 0.1836414431900823 0.2342590659670568 1.009227659791796 63 39 27 0.57
3592 0.128362147372297 0.2455376393302478 1.076697603458427 101 78 39 0.44
3593 0.09878361454936457 -0.05137629074321151 1.119211466390657 95 71 57 0.09
3594 0.1942585153973428 0.09545971611098786 0.9012781346343431 102 49 22 0.46
3595 0.173422734304825 0.1600837660028578 1.041690246839396 38 24 18 0.35
3596 0.3287412399425777 0.1971050829027665 0.8110830983571407 74 54 40 0.5
3597 0.3115110281699282 0.2009638658444562 0.8346353181448403 59 39 23 0.59
3598 0.1972398341330073 0.2143157443602463 0.9894207081061704 41 34 28 0.86
3599 0.05059848079396223 0.2431124367508574 1.19451776358135 51 41 27 0.54
3600 0.2058668244877625 0.2635320724116999 0.9654279841332269 62 46 33 0.42
3601 0.2027309619464909 0.2811581913919607 1.040774684563949 38 22 15 0.85
3602 0.05353751529258544 -0.1446843123831121 1.180028625548363 118 105 97 1.19
3603 0.1310590141738855 0.03161383791894085 1.121155711498429 74 46 34 0.74
3604 0.08447105125112542 0.02283759362964521 1.152638902381463 99 63 40 1.06
3605 0.08304800416163427 0.1811598247817975 1.168178830256627 49 32 27 0.62
3606 0.1389547541984466 0.2502008388765076 1.073259559470677 55 35 24 0.47
3607 0.06732586353505621 -0.02419421963744825 1.185449460301743 135 129 123 0.75
3608 0.2892628167812451 0.06798954537213081 0.9176417604341532 148 107 60 0.67
3609 0.297922086602406 0.1903035019264915 0.859275552545158 66 47 31 0.71
3610 0.08776134945939806 -0.002308724517245841 1.166297984208953 68 40 29 0.65
3611 0.09703900374753283 0.1873601736257282 1.174897184712643 68 54 45 0.73
3612 0.1658838710126274 0.1219268676362993 1.064290824621605 66 40 25 0.81
3613 0.1620042093090326 0.06695870342792606 1.010225650255277 93 47 21 0.27
3614 0.18510935928962 0.06783755695243643 0.9024868738884461 102 66 40 1.73
3615 0.190575093424624 0.09095860431165811 1.027556769832349 184 143 99 1.06
3616 0.2523700246684019 0.1950266128228581 0.9207761473792871 47 32 24 0.68
3617 0.2837471845532422 0.1932167868206826 0.9159200018932807 86 56 35 0.9
3618 0.09191221760046486 -0.2350002450820186 1.090307991585981 99 71 50 0.84
3619 0.09933675650680529 -0.251320017272804 1.135399628188415 137 112 85 0.85
3620 0.06872032494907387 -0.2120476517019369 1.06357047283871 114 94 68 0.57
3621 0.08330086890927135 -0.2023430014771435 1.064522039131152 143 105 76 0.43
3622 0.1047640721580898 -0.2119565165275144 1.095804291064973 175 145 97 0.44
3623 0.1146127643101999 -0.2058198522963967 1.09983934098973 152 118 78 0.59
3624 0.05299203107251682 -0.1877631403652573 1.03225688540924 155 120 75 0.14
3625 0.0608730642226698 -0.1888747977163156 1.040336897219878 116 75 46 0.31
3626 0.1201167616443132 -0.1741925701144999 1.087782237077691 176 145 103 0.32
3627 0.1234807011777987 -0.1718947586946652 1.091079744636152 163 119 72 0.36
3628 0.1110927247697888 -0.158054384489064 1.070007222551448 176 118 67 0.38
3629 0.102032335604939 -0.173855337784427 1.140307573832474 102 103 111 0.28
3630 0.04839441747643436 -0.1703646542062109 1.021667901800825 181 125 67 0.1
3631 0.06312239589421142 -0.1694586980853037 1.032390634773237 126 85 50 0.57
3632 0.09393041146590941 -0.1369256777110411 1.035390122880902 161 107 64 0.06
3633 0.09435867018888167 -0.1265356839820919 1.035577834135549 158 100 55 0.26
3634 0.1296575768066973 -0.106689735049483 1.062187611332808 173 134 94 0.3
3635 0.1359864279859944 -0.1259412648014858 1.083118924753542 139 95 66 0.16
3636 0.1453896254768964 -0.1001513700901747 1.072575558354266 126 90 62 0.38
3637 0.140793872314098 -0.1049534426352282 1.077990503720812 133 97 63 0.83
3638 0.04119408382771839 -0.1227305376376433 0.9889138496828472 149 104 74 0.28
3639 0.09794488562733605 -0.1038384502627857 1.033745753539675 90 64 44 0.79
3640 0.150926213051874 -0.07873726026546649 1.070177372166676 82 46 31 0.32
3641 0.1494875709261875 -0.07363415544266924 1.075510972689894 87 61 43 0.34
3642 0.1485007677247944 -0.07074603624639794 1.062433491981027 138 95 56 0.29
3643 0.08987673555050713 -0.06944761177190203 0.9984722632377963 97 63 40 0.44
3644 0.1155087351746176 -0.07674840891781101 1.030661352261957 177 139 83 0.36
3645 0.1273133192332601 -0.05380614813683979 1.034202923311733 125 84 50 0.64
3646 0.1502029760820532 -0.06245660199031347 1.051210600973847 131 94 62 1.09
3647 0.07226462286385638 -0.05267820693885752 0.9717529450263911 168 124 76 0.55
3648 0.08882359172683219 -0.05329019599922505 0.9805659165265166 107 74 51 0.57
3649 0.111301206378751 -0.05477234296948694 0.9954868402598701 174 122 79 0.61
3650 0.1425254870223654 -0.01980627062394039 1.020755561467506 180 132 90 0.38
3651 0.1665737734931002 -0.001883350245874771 1.041619433918204 129 90 63 0.28
3652 0.168204762271743 -0.006537657061314539 1.051458162979121 120 90 66 0.7
3653 0.5390253927812243 0.09343524549838556 0.5332550142857702 141 100 64 0.66
3654 0.1589588140568733 0.01157746795544601 1.019263716770986 183 129 73 0.29
3655 0.156544831543386 0.01104604422214917 1.017863248054804 159 107 65 0.35
3656 0.1503060303932118 0.01582166070231411 1.014226864248178 143 95 57 0.6
3657 0.514858050286693 0.102316863611192 0.5077422384061225 158 116 77 0.29
3658 0.5148266059882175 0.1018604445734372 0.5131531482563294 104 64 35 0.47
3659 0.5306943216682211 0.1064943348951027 0.519027480891082 160 115 80 0.46
3660 0.1436504534187673 0.009667662144486805 0.8724417711344332 168 115 74 0.35
3661 0.1698550171253263 0.02142151236195897 0.8840065287217174 78 49 32 0.56
3662 0.2085507739871997 0.04869492855276455 0.9206013336715437 209 148 88 0.35
3663 0.2094439510297623 0.04895997441524094 0.9275280303903661 180 122 79 0.47
3664 0.499180879885845 0.0915079597389799 0.3992039341162258 153 123 106 0.98
3665 0.4185502292965131 0.07052926450685834 0.4419125729313326 94 54 26 0.55
3666 0.5085193303614078 0.1006649721123272 0.5046026201645418 126 86 50 0.46
3667 0.5084307072496279 0.1034215272883883 0.5077904186436055 149 106 71 0.17
3668 0.5277530012266952 0.1177313447245595 0.5081112887288991 107 83 63 0.5
3669 0.5322205696625329 0.1128563406937266 0.52136823730712 213 148 76 0.41
3670 0.5328931623792753 0.1147686937366998 0.520481601962165 186 126 69 0.45
3671 0.5553656290365986 0.1266411896484321 0.5304934831000057 172 133 90 1.05
3672 0.5212631894492566 0.1156031379779305 0.5693081415652027 94 56 32 0.42
3673 0.04035243705953384 0.0123484762694874 0.8018262166666642 166 167 166 1.09
3674 0.1001561136326098 0.02025195297029686 0.8423274221932895 176 116 68 1.02
3675 0.1217803929293565 0.03156415187807773 0.8506447292218433 204 135 83 0.57
3676 0.1821101161534224 0.06975789755195619 1.024361947458427 114 85 58 0.64
3677 0.517241534734118 0.1193156356575259 0.4500624482038142 153 113 81 0.4
3678 0.5382101653999293 0.1277886717037165 0.4594613434474597 95 79 64 0.38
3679 0.5406676519001438 0.1317544539787123 0.5427062859057801 56 39 27 0.43
3680 0.540760879743485 0.1367426624965881 0.5382663208069859 89 59 30 0.25
3681 0.1133712050545537 0.06580926157326372 0.8377005908373085 164 120 80 0.47
3682 0.5134343832864097 0.1356030206823254 0.5036838075602846 85 57 38 0.61
3683 0.08916229185524105 0.06785966073173941 0.8240811666292774 132 72 35 0.64
3684 0.4469688426837544 0.1480664309193588 0.6630454744067785 162 125 89 0.34
3685 0.5055247682169113 0.1488305177712095 0.4969699113604562 51 39 29 0.93
3686 0.1650830918083653 0.07727498755809739 1.009889977851967 116 79 56 0.29
3687 0.542895682724134 0.1524109468233719 0.5219130371020679 88 62 48 0.54
3688 0.5266523101794884 0.1573724209633977 0.5442208358609905 74 48 29 0.22
3689 0.09474703598613643 0.1110722590997203 1.170941806372279 77 54 41 0.25
3690 0.4299187096208178 0.1617005468431603 0.6734668468587437 85 59 35 0.81
3691 0.4050096840494405 0.1647079101770566 0.7089855212689746 95 60 35 0.51
3692 0.3480583658796407 0.1688176752853869 0.7931721364689481 110 81 53 0.33
3693 0.1972054394628595 0.1611909497207605 0.994127356161543 53 37 30 0.55
3694 0.2003142818808014 0.1574001158441904 1.004402422672073 87 56 38 0.59
3695 0.1719059591448452 0.1632448023899933 1.042699348482877 51 28 17 0.48
3696 0.1565598598769853 0.1588793968901206 1.096659327145508 89 65 47 0.71
3697 0.5303969294778806 0.1673618266236869 0.5164996866026496 129 75 43 0.14
3698 0.5339561408698208 0.1645309764026366 0.5190146866362814 108 67 49 0.22
3699 0.4856661044801128 0.1764064351166586 0.588843043110127 74 56 32 0.51
3700 0.366385381238621 0.1962419157587822 0.7552943228061338 76 52 25 0.56
3701 0.3229471959946736 0.1800586760257511 0.8287750015673238 78 56 37 0.96
3702 0.3155254843105068 0.1864553945934417 0.8345222319192652 76 57 39 0.28
3703 0.5214294761666152 0.1474386291366697 0.3544933424221195 165 147 130 1.46
3704 0.180782100028912 0.0709749988984005 0.893121120761327 100 68 46 0.13
3705 0.5362250818237859 0.1786467667089551 0.5169197965886695 101 72 54 0.64
3706 0.363650074469835 0.1933792098941466 0.766174322553038 97 73 49 0.59
3707 0.2446165888161561 0.214540955911631 0.9208797960554425 98 65 37 0.6
3708 0.1524043746726582 0.2142992744047599 1.087711358840828 54 40 32 0.68
3709 0.05380687045145882 0.2251587386075341 1.202910864865551 172 181 192 0.62
3710 0.4997951430797803 0.1843434451447346 0.4893508728878471 46 32 25 0.86
3711 0.3412124401632791 0.2194164206561514 0.7882652317299024 93 69 42 0.43
3712 0.2532386144860037 0.2354094116496416 0.9036424768860356 65 36 21 0.76
3713 0.07034495927369155 0.2455168927191304 1.169123160688661 43 34 27 0.6
3714 0.2655868632141671 0.2714860508000376 1.052256562376529 135 108 77 1.42
3715 0.499525415983845 0.2282431251773663 0.5869072473279486 139 86 57 0.13
3716 0.429768136633297 0.2325551567404497 0.6636290393903597 66 30 11 0.7
3717 0.3931419304235417 0.2469696413454635 0.7282460121196406 69 51 34 0.91
3718 0.3075239735274786 0.3165822026362418 1.060586490593805 165 102 58 1.07
3719 0.1910297394875884 0.2100703240399479 0.9915879389355648 31 19 16 0.69
3720 0.1738744434562101 0.05472421451763865 0.8765335525425028 128 90 57 0.25
3721 0.08357729549907156 -0.2430786970022921 1.070918810153451 159 126 92 0.53
3722 0.09535221858470622 -0.2486738270206032 1.103208967437424 90 65 41 0.79
3723 0.05676833372151502 -0.2292153603150327 1.064651326432817 188 160 143 0.37
3724 0.1107279993961761 -0.2044155899177837 1.099546655731447 89 72 58 0.85
3725 0.1031095868591091 -0.1907468445764078 1.082503493662687 137 98 69 0.73
3726 0.121880414542301 -0.1584047873450109 1.082011295786147 106 66 40 0.41
3727 0.08495973992023764 -0.1365044578570876 1.030926423234955 173 135 82 0.17
3728 0.115166310401893 -0.1229293847963806 1.066124247025555 106 65 36 0.95
3729 0.1278317022899104 -0.1153581057205412 1.065313543106364 121 77 42 0.52
3730 0.1340004857285613 -0.1307247382147046 1.080309128925275 177 128 82 0.29
3731 0.05887058991319405 -0.1335731852609674 1.011451729072979 162 91 36 0.42
3732 0.07456808837598783 -0.1286808938407962 1.021333512123438 131 82 44 0.42
3733 0.1077854592224565 -0.1011866836019207 1.040573509153827 117 77 45 0.49
3734 0.04069140309169295 -0.08707137515031851 0.9706390600518613 104 69 46 0.72
3735 0.1574160488219764 -0.05619605453330231 1.064882713066042 83 53 39 0.72
3736 0.04577330095817256 -0.07727755369462833 0.9648216871755313 140 88 49 0.22
3737 0.0453991470820504 -0.07343449011085787 0.9642121370186145 163 111 51 1.34
3738 0.1520901849596121 -0.02401618540696659 1.035198152005253 191 122 70 0.37
3739 0.1506328566005168 -0.009923330595584451 1.026605273428957 159 118 82 0.5
3740 0.1583317520979469 -0.003642151563318013 1.031329829725311 183 135 98 0.36
3741 0.1570731775397521 -0.007328859644713193 1.045926741012003 123 74 34 0.63
3742 0.09426324080839799 -0.01798086014276204 0.9490838807351605 203 142 91 0.3
3743 0.1275442918084561 -0.01436675543426841 0.9876336732076028 168 122 76 0.65
3744 0.2131028573534224 0.02966925720509664 0.9364308708649676 160 109 61 0.93
3745 0.1262778777436805 -0.01702641766446958 1.006205736144812 193 122 64 0.4
3746 0.5332779989028111 0.1065945702407738 0.5259710280994599 117 77 46 0.46
3747 0.5412380168761386 0.1078140011896572 0.5291635289257557 151 103 65 0.65
3748 0.540276110533265 0.1124489326279804 0.5296671472230767 211 143 74 0.56
3749 0.5438013756640978 0.1091840718838835 0.5356875150128312 181 113 49 0.5
3750 0.5203041607740003 0.1096730293768848 0.4660867817940151 116 99 91 0.45
3751 0.4775805816813266 0.09271023855698837 0.485618863720596 109 79 59 0.68
3752 0.5026608891845604 0.09972264454219459 0.4944911934866604 146 106 69 1.04
3753 0.5248098192007681 0.1124349121623568 0.5120751428189665 232 161 80 0.27
3754 0.5268108247111937 0.1178959185095589 0.5069570331915882 120 85 58 0.53
3755 0.5260738126784165 0.1119562722493951 0.5168633194427521 189 121 58 0.51
3756 0.5343079553281621 0.1146867701015047 0.5176272002834352 173 124 56 0.51
3757 0.1100273597846115 0.03124066620969523 0.8389076823507109 198 140 80 0.51
3758 0.1466463597270211 0.03407044822520114 0.8660332637592933 165 114 72 0.43
3759 0.1749886477392597 0.07087570574201707 1.020255721698907 149 108 74 0.77
3760 0.5206461588593917 0.1122627433499208 0.4470050421081115 61 44 33 1.14
3761 0.07802547456787801 0.06127168370353464 0.8236989742007527 121 66 35 0.71
3762 0.2034209911688886 0.09135653533866733 0.9090515717363142 111 65 34 0.4
3763 0.2751298378008337 0.1219801436166699 0.8959467376627148 171 100 44 0.6
3764 0.2854824918338144 0.1278427848048198 0.908149026058266 135 92 57 0.46
3765 0.5212028565123934 0.123638434351021 0.4505182569990855 88 72 59 0.48
3766 0.5410491137852258 0.1449425016321109 0.5238134130669396 60 37 24 0.65
3767 0.1867863468619951 0.1033787763619189 0.8947340644341902 173 125 83 0.46
3768 0.5184558804950108 0.1475373563546348 0.5081421963735422 103 64 43 0.47
3769 0.532898080132473 0.1523537702901488 0.5159009537593211 92 62 45 0.28
3770 0.526963223242241 0.1615472030190463 0.5444049711392507 78 41 21 0.43
3771 0.4241397063479577 0.1612146041639456 0.6838451693253697 102 70 40 0.58
3772 0.27755998701259 0.149794013195722 0.8925484957777131 159 111 62 0.81
3773 0.5248139133808721 0.1631128353534732 0.5107124868635664 165 110 64 0.29
3774 0.45131284142109 0.1672062752654789 0.6420015387086563 52 32 21 0.42
3775 0.3849146127704944 0.1740708446459618 0.7314476783899743 159 119 78 0.46
3776 0.3493510383589324 0.1869420873589832 0.7885451175374437 67 44 26 0.19
3777 0.2763191354855691 0.1872123382944512 0.886372135581955 111 77 46 0.51
3778 0.523566530416114 0.1476676296492788 0.3595919829596367 151 118 94 1.45
3779 0.5186854705431976 0.1513532420905349 0.3744049555616972 87 65 40 1.15
3780 0.5186357853644528 0.174237762774653 0.5074129338045795 162 97 53 0.22
3781 0.3417166810822992 0.1935129015002295 0.7915103155552102 119 91 60 0.27
3782 0.5159671531032637 0.172940369099696 0.4531511279721815 100 75 47 0.94
3783 0.5185639067583858 0.1829056860840421 0.4539732405101965 118 80 51 1.01
3784 0.536267116638235 0.1882815755452462 0.507854187912867 120 66 40 0.28
3785 0.535624624306561 0.1879538485777422 0.5147910380268753 78 39 17 0.24
3786 0.5419709887958852 0.1881113575387557 0.5172902147093164 79 48 31 0.44
3787 0.3838251765801771 0.2109860568409375 0.7182585004718403 96 73 31 0.52
3788 0.3307693625951001 0.2214386069666157 0.8034689963203751 107 77 46 0.66
3789 0.2564507065446014 0.2371181398221542 0.898550739493567 72 39 19 0.66
3790 0.5467588530278377 0.1858814208831773 0.396210054377353 160 116 66 0.7
3791 0.5265298123397584 0.1913071944910845 0.4610712026339332 130 78 48 0.65
3792 0.5281441139820153 0.1943508293783395 0.4581297435533893 93 53 28 0.79
3793 0.4158187825932007 0.2207291128388481 0.6817663763743721 96 75 46 0.6
3794 0.1854693966618891 0.2575395299861003 0.9974042612205722 45 29 19 0.63
3795 0.4774601645634179 0.2285658695579557 0.6100036122312475 81 66 50 0.98
3796 0.2741573527038346 0.3107036108341839 1.052400412710783 116 93 74 0.53
3797 0.3251182988839255 0.3212333746936031 1.079264816384269 117 89 67 0.36
3798 0.09777464328003127 -0.2577682235328962 1.090784043468152 167 138 99 0.63
3799 0.1131897908810173 -0.1985437872691788 1.094456669533122 89 66 49 0.68
3800 0.1296549345947431 -0.1580828481971441 1.087249117953966 164 118 77 0.33
3801 0.09799783276436325 -0.1438769398863432 1.047484603688956 182 128 73 0.73
3802 0.1106027405888035 -0.1234232089016204 1.048964701791164 184 112 60 0.49
3803 0.1206026846033321 -0.1252762915776189 1.06470227604713 115 67 39 0.56
3804 0.04972988104248977 -0.1420992006403786 1.002949155060813 163 113 68 0.69
3805 0.05630154670753007 -0.1364272984392174 1.006484846756319 142 89 42 0.29
3806 0.151191966447651 -0.06191630923848959 1.056307878386185 164 117 76 0.33
3807 0.1575229132960479 -0.05281168024901503 1.068927715600936 86 62 45 0.71
3808 0.07130580059032965 -0.03961495773109816 0.9618441370396842 167 113 62 0.49
3809 0.1265803490121954 -0.01747799920638329 0.9962738455423495 186 131 89 0.21
3810 0.166052613894102 0.006721918070587446 0.9662292176658538 131 85 51 0.58
3811 0.5216278659613601 0.09720421492460618 0.5186803742687871 227 153 74 0.51
3812 0.5409069990540546 0.1053119616982673 0.5276418891912691 188 128 61 0.96
3813 0.5402083550259505 0.1070967962277153 0.5303361811885712 130 76 35 0.69
3814 0.1333864682993086 0.02212416896795447 0.8681858002658953 206 133 69 0.75
3815 0.1794168983037988 0.05037325183861294 1.032931519430129 129 90 59 1.09
3816 0.5374540492467172 0.1173704010561666 0.5203414909393697 192 137 78 0.66
3817 0.5402364316349005 0.1182933229624152 0.5219237715094365 134 86 45 0.32
3818 0.5523426970784805 0.1260266758208768 0.5270868165555717 119 91 65 0.69
3819 0.5520613810280464 0.1277310131201552 0.5325974241065569 74 61 51 0.68
3820 0.5229217769326099 0.1042207461325729 0.3997715112200815 192 147 98 1.17
3821 0.5261780041395255 0.1191443742940176 0.4624206099818211 202 156 104 0.68
3822 0.5359874529117686 0.1265053236590611 0.4551049166788508 146 106 77 0.99
3823 0.151049514239967 0.1076339939256976 1.112919374866233 126 90 71 0.5
3824 0.5116448514925531 0.121060693236503 0.390980781778834 92 58 30 1.4
3825 0.5419813119801732 0.1437501077070565 0.5244677126203798 65 44 30 0.64
3826 0.537917882663921 0.1456676209996747 0.5231481660427092 109 69 48 0.42
3827 0.1396419225119189 0.0991850893464829 0.8471551589140676 182 115 60 0.75
3828 0.5084937756244974 0.1529013542447821 0.5010260091191417 98 78 63 0.3
3829 0.5268912191999158 0.1468605896904783 0.5108119059149017 193 133 80 0.17
3830 0.5290395290822563 0.1470396487959263 0.5158101366589992 111 72 48 0.27
3831 0.5331589890008827 0.1541037785013151 0.5166564809353603 64 45 32 0.49
3832 0.1705443579832268 0.1221933217965934 0.8730889226642993 108 59 31 0.55
3833 0.5025810332764857 0.1533835201135229 0.4953701541744753 73 53 41 0.51
3834 0.3271840840582135 0.1887612027552376 0.823527038869146 118 87 62 0.47
3835 0.3080443257902818 0.1905804990441534 0.843236332466446 112 80 48 0.31
3836 0.1734638552280165 0.177820915308903 1.040101247374887 73 48 34 0.58
3837 0.5034212081144377 0.1625233870474441 0.4352167742246145 39 36 34 1.29
3838 0.3498385129079257 0.263669128798745 1.097962920591581 207 143 84 0.64
3839 0.46934670466498 0.1580460786425366 0.3673530002953168 63 42 10 1.16
3840 0.4165777851316792 0.2148333221292427 0.6860608461066013 68 46 26 0.3
3841 0.5139521497492726 0.1936864409550468 0.4897787691760745 123 87 70 0.62
3842 0.4746892891923409 0.2101242869993908 0.6013444666927971 40 26 18 0.81
3843 0.1024361631593499 -0.2433071733041016 1.129247424632987 154 127 102 0.75
3844 0.09598229282673931 -0.223732972881988 1.097910932110606 85 50 25 0.44
3845 0.1206679824811404 -0.192582857124894 1.09894450674406 84 53 30 0.86
3846 0.1070041277098913 -0.166503850418788 1.071709132784901 97 68 48 0.53
3847 0.1297564381170334 -0.1517974784922907 1.090844290772235 68 52 44 0.55
3848 0.1354329742953069 -0.1371771942079736 1.081215098239264 164 125 87 0.39
3849 0.1455004247037451 -0.07305781414568477 1.059272185811565 199 142 89 0.7
3850 0.08629393061336565 -0.0724431057673228 0.9936464328270742 164 123 77 0.48
3851 0.1359579055596419 -0.0531903288503702 1.03805011033838 100 63 38 0.45
3852 0.1643429815228254 -0.01439558987412876 1.064234312482471 172 132 91 1.08
3853 0.1687927109629233 0.00717882740819667 1.032538907253338 163 118 78 0.56
3854 0.1227454752170086 0.01150110836031867 0.8599813938258251 206 136 67 1.11
3855 0.1013215575331521 0.02600243723163972 0.8380698825747261 173 117 68 0.86
3856 0.1724069109862096 0.09265398966796351 1.073504966345725 113 84 60 0.48
3857 0.5275948547072739 0.1128277444003277 0.4364349698173593 132 105 75 0.37
3858 0.540047853305195 0.1226231113913655 0.4665267148693915 136 106 82 0.78
3859 0.1054379295681525 0.06661648475379262 0.8344672968463311 167 103 46 0.68
3860 0.1197593670927431 0.06539245524892781 0.8464384872697115 207 126 60 1.3
3861 0.4939743677695912 0.1477663151341324 0.5895575870508651 120 97 66 0.66
3862 0.1694083514700814 0.1182617916577922 0.8739263423807513 162 94 42 0.54
3863 0.5138899929188401 0.1699313198716865 0.5632258448390987 75 50 34 0.47
3864 0.5259719558804206 0.1587911008894013 0.5428258284093708 47 24 12 0.29
3865 0.4713488154045649 0.1562820647887392 0.6212881872005028 125 97 70 0.54
3866 0.4127223987700435 0.1654678135220213 0.6964691270114226 124 88 56 0.92
3867 0.2766379698109195 0.1659638529878635 0.8946406536730265 198 137 81 0.24
3868 0.1592757547299575 0.1594846400962093 1.084442024626125 85 70 59 0.99
3869 0.1542722391637035 0.1604011227533532 1.09243553608699 74 56 35 0.2
3870 0.4081402409888298 0.1768384789293117 0.6999918506345366 119 92 62 0.43
3871 0.3919057342150565 0.180961118434356 0.7203437313588114 170 126 80 0.46
3872 0.2782318212503979 0.1834487544502992 0.896984492424965 121 90 68 0.72
3873 0.5291354949918369 0.1629313409388614 0.4108043361604894 35 30 24 1.3
3874 0.5395179036250914 0.1859129061644297 0.5203924907880557 140 88 56 0.68
3875 0.5263512158830626 0.1807444918767819 0.5328240335774337 64 41 22 1.0
3876 0.5129723176434663 0.1783100466214694 0.5563925756183586 103 57 19 0.15
3877 0.3686918347474418 0.2179643687328338 0.7440027730297132 37 24 15 0.58
3878 0.09672787196601329 -0.2433979084261374 1.125635319204945 82 59 39 0.49
3879 0.06598287799334468 -0.1808895675329806 1.039042032956627 178 135 89 0.32
3880 0.059836714185177 -0.08784561601786237 0.9929218264661135 156 108 67 0.75
3881 0.04965615753911878 -0.08861836030135448 0.9815796439868125 148 97 54 0.66
3882 0.1153582897861727 -0.07344372258575058 1.029379225162028 129 89 56 0.62
3883 0.1565220789829712 -0.04278625325515975 1.05807093179756 172 128 88 0.51
3884 0.1275434631377762 -0.01523951782761507 0.9591607406728193 171 102 57 0.55
3885 0.1335714401681474 0.02787399673178173 0.8643546935199766 155 106 64 0.62
3886 0.1546925524795131 0.07022796814723861 1.042573756423374 202 140 85 0.57
3887 0.5282626357854129 0.1230735801585915 0.4431790421142602 101 67 44 1.17
3888 0.5503102626467793 0.1292491338003611 0.5271486070810167 26 17 14 0.88
3889 0.1864764309850005 0.1085424030177284 0.889520469845835 111 51 16 0.22
3890 0.2027577258765978 0.1220216550200678 0.9939186542005245 154 84 31 1.29
3891 0.5270045451550975 0.1545295423119123 0.5151889439035502 108 75 49 0.6
3892 0.1955912353452624 0.1656567083030094 0.9996827477077608 86 51 28 0.85
3893 0.4787164587666977 0.1693820021445152 0.602036639340384 88 62 42 0.8
3894 0.5304182474544172 0.1599738837066955 0.3729696003153231 97 61 29 1.01
3895 0.5108893230873939 0.1716259947094692 0.4422252910064139 76 59 52 0.68
3896 0.5174675089447229 0.1855394505773584 0.4608905227831267 112 73 44 0.64
3897 0.3691205079116884 0.2172972306951389 0.7473611555967926 100 72 40 0.55
3898 0.1086514551355348 0.2797568091553853 1.127294236738631 67 40 26 0.75
3899 0.07983039315809926 -0.05959210940237994 0.9802700577397562 170 107 61 0.37
3900 0.1638630709151475 -0.01892894962404262 1.04896755619197 152 107 70 0.95
3901 0.1775550061029647 0.007217935005804949 0.9623263034895557 97 57 27 0.63
3902 0.2203477017413888 0.09545875213970471 0.9119920391042661 222 142 63 0.25
3903 0.1915808469647103 0.1209096990140836 0.8780264622941575 216 148 88 0.88
3904 0.5171303269210185 0.1516765490398761 0.5074139145943843 162 107 68 0.67
3905 0.497420625299256 0.1634134882864074 0.5793324861081415 119 96 70 0.97
3906 0.4121831656159687 0.1767863969274542 0.6934123477821943 135 117 95 0.56
3907 0.2751861577503191 0.1889068494984211 0.8976251103440572 122 88 56 1.33
3908 0.5360556929634047 0.1731732485999808 0.3794310814590436 58 38 24 0.88
3909 0.5367214844335819 0.1877597079222965 0.5228379782633212 69 36 10 0.72
3910 0.5160459769613526 0.1888544875452076 0.5480528606463146 63 35 19 0.71
3911 0.5652342604568134 0.2076442770566348 0.4633509064477528 96 60 39 0.84
3912 0.5416574857716904 0.2087844206311231 0.5037063520817677 158 105 69 0.68
3913 0.5501468545293383 0.2156086098209562 0.5030319462483999 115 68 44 0.83
3914 0.1228064032781094 -0.1807468105131123 1.075371956652436 166 106 63 0.17
3915 0.4193707449342549 0.06112717676218585 0.4440532649083609 125 100 84 1.41
3916 0.5527028995595726 0.1159145733947193 0.5283174401760141 183 116 45 0.95
3917 0.2131609812697065 0.04774024754902897 0.9300264309603204 205 136 70 0.73
3918 0.1744940308873022 0.0430608908408161 1.033109184855397 185 116 64 0.46
3919 0.1730042991020385 0.03697869951214772 1.046225286946664 86 52 34 1.27
3920 0.5430304697179741 0.1103583841634038 0.4120523833102929 133 92 54 1.24
3921 0.1702859277819855 0.1065886932249653 1.072289400397725 96 60 35 1.01
3922 0.5403675611396652 0.1567646201905251 0.5221661549563335 201 141 90 0.78
3923 0.4334426909718456 0.1609841105898781 0.6705957418681181 78 50 25 0.74
3924 0.5361540143111322 0.1780635385201725 0.5144916877438344 94 62 41 0.75
3925 0.5108833374604931 0.1714044528666366 0.4474310725199174 68 56 44 0.94
3926 0.5361048975030251 0.1871630343922583 0.5163797230496661 125 90 64 0.82
3927 0.5256006358333374 0.1793441449489808 0.4112533994892971 66 58 56 1.17
3928 0.5502402293165166 0.2151903208870882 0.497790677332876 124 93 64 0.84
3929 0.3775805554794593 0.2529593569267157 0.7466312543992476 131 89 54 1.01
3930 0.517429458993204 0.1645713808257928 0.5564024183822216 89 61 40 0.57
3931 0.1813049588275606 0.03038079100225335 0.9019900746683949 198 138 85 1.02
3932 0.5229214922324288 0.09662602503848208 0.4161195343247922 93 89 92 1.34
3933 0.527506572729098 0.1126408210139742 0.4303084917648392 115 86 40 0.8
3934 0.5129692219511577 0.1849437086430652 0.5514675123658545 90 54 26 0.46
3935 0.1843732919398108 0.2436543459183515 1.001299292714081 70 43 21 1.37
3936 0.4800229213871693 0.1586278188987457 0.6038257827256961 119 103 68 0.38
3937 0.1242126851927471 0.02610065817633636 0.8551243598178131 198 149 82 0.64
3938 0.2558304126563847 0.09262983479305592 0.9174659198267244 218 147 86 1.01
3939 0.2438156667250539 0.1375788847433474 0.9712128429514344 204 135 71 0.97
3940 0.546211645067148 0.09850168312842102 0.5442227651195598 91 62 45 1.19
3941 0.1612583337394464 0.02412680388114236 1.027734383434777 182 129 80 1.33
3942 0.06719007534462229 -0.2429882818863616 1.079011259685349 114 81 59 0.97
3943 0.08996649025834413 -0.2356224117747144 1.087753059379172 77 42 23 0.47
3944 0.5203985324624171 0.1350697333585137 0.5769284867690183 55 45 36 0.25
3945 0.07254938606577299 -0.1846282726818414 1.055304075634551 73 49 40 0.46
3946 0.1510961477033416 -0.07906302218048863 1.066728462000647 96 62 38 0.67
3947 0.05810097576992768 -0.1119782814408284 0.9981907594340109 121 84 54 0.94
3948 0.06368275073550034 -0.1145479484094839 1.009743146512596 97 61 37 0.58
3949 0.0283350420866384 -0.06181935787339363 0.941346150953537 198 184 177 0.67
3950 0.04468135774060289 -0.06511571695636573 0.9608476588149768 125 81 46 0.25
3951 0.4848199485961011 0.1554392374605782 0.5977378304799799 117 94 64 0.16
3952 0.2024744562242298 0.02693979033791843 0.920607261823527 105 69 45 0.43
3953 0.489456333884736 0.1448427795088414 0.5978226032616287 113 76 46 0.37
3954 0.4775239929752348 0.1569466916218623 0.6078729667176382 76 54 36 0.07
3955 0.4688368188477549 0.1567007903933942 0.6197804506940811 82 57 32 0.3
3956 0.2017755184030054 0.04704747794213576 0.9177593390520746 184 119 73 0.63
3957 0.07181855698404505 0.1670706525425685 1.200794438821151 155 141 126 1.11
3958 0.5261218154759113 0.1096148543443738 0.5636540895992559 114 64 26 0.33
3959 0.5162026818305105 0.1375835492090332 0.5819442877798335 84 69 51 0.17
3960 0.1434387262955409 -0.07522038324295163 1.053045464505385 137 90 50 0.73
3961 0.4909749895855666 0.1555386847947466 0.5889886458524536 130 104 55 0.16
3962 0.285781150986826 0.07615793373458096 0.9113182632009494 110 78 48 0.47
3963 0.4916849331009505 0.1696643849012122 0.5832923162506642 130 112 86 0.35
3964 0.4837103931184673 0.1678103383658113 0.5962374227053001 108 76 46 0.16
3965 0.4769819314277596 0.1623843780120699 0.6084727464204954 109 89 61 0.32
3966 0.4363418605176487 0.1684603225163159 0.6637631250387268 156 127 98 0.32
3967 0.4879083940558582 0.1823330778052232 0.584443973628192 87 58 31 0.14
3968 0.4684348970674721 0.1836435063331758 0.6113773251094811 94 75 53 0.08
3969 0.4619482666394832 0.1885331886106592 0.6171746609992654 50 31 17 0.54
3970 0.4468334276705968 0.1940607645857674 0.6387636073760968 140 106 71 0.39
3971 0.4317310604596877 0.1997884824828244 0.6587453237992795 102 75 37 0.35
3972 0.4207897593871659 0.2063333245739762 0.6705979293003519 125 94 58 0.26
3973 0.4192571353133997 0.2071685820759876 0.6724150107667096 132 90 50 0.34
3974 0.4231464374629637 0.232964189866267 0.6723022807687166 123 70 24 0.47
3975 0.2989453911616981 0.3148139951741122 1.057761798012541 132 95 70 0.92
3976 0.5222593894633173 0.1158066742090433 0.5667421827401777 120 73 42 0.68
3977 0.5184780143044774 0.1157296528982164 0.5728626837772036 50 22 12 0.11
3978 0.5337708902649184 0.1337080703233215 0.5587491055774808 46 32 25 0.21
3979 0.5148737433295193 0.116753516002116 0.5778676781114834 70 38 21 0.23
3980 0.5088250335581979 0.117532732927921 0.5859072919818856 151 122 102 0.52
3981 0.5133945808630077 0.1457491372063736 0.5699261256714115 75 46 29 0.19
3982 0.5113467281493719 0.1425975818284467 0.5740131734405376 120 88 63 0.2
3983 0.5108152738076476 0.143382724912607 0.5744066922233019 85 52 36 0.28
3984 0.5102262719017852 0.1460148896807117 0.5737664542352086 60 38 22 0.21
3985 0.5085790718645329 0.141353705330193 0.5788888081097847 69 51 38 0.14
3986 0.514028713927203 0.1500574754960239 0.5674439394503883 129 87 44 0.43
3987 0.5156263905911463 0.167787878356042 0.5563236344154587 94 57 29 0.1
3988 0.515354542269816 0.1684546661500882 0.5569374171993522 66 37 22 0.17
3989 0.4810031277240404 0.1501518411289372 0.6065535734745116 46 30 23 0.08
3990 0.4784820427408432 0.1594800589358461 0.6066635740440357 162 142 108 0.28
3991 0.4718974823399248 0.1535312826670696 0.6180619500035395 113 80 48 0.37
3992 0.4679756486131291 0.1502515378915302 0.6256325765126597 140 107 70 0.28
3993 0.4659446824104609 0.1568395402491949 0.6251670350955882 85 56 30 0.18
3994 0.4667855599979333 0.1659153234228628 0.6196332874582442 140 107 67 0.24
3995 0.2275351667396117 0.09671938201409763 0.9192561603502174 119 54 27 0.6
3996 0.5092793637880424 0.1861363782698079 0.5640645554454164 70 36 18 0.56
3997 0.491963355630806 0.1820431058656753 0.5794102151633109 109 85 53 0.32
3998 0.4791301971849804 0.1823785958862668 0.5971299575073187 158 125 71 0.24
3999 0.4776992264343179 0.1834022997800719 0.5961161688927736 124 99 66 0.9
4000 0.271224134699381 0.142507726569259 0.8934479319796409 150 95 34 0.32
4001 0.4511861995771667 0.190100991523102 0.6327383713125582 138 94 45 0.42
4002 0.4474971157068405 0.2011846274651504 0.6355120130566791 132 90 50 0.24
4003 0.3921946454976936 0.2122018750343669 0.7078660038392345 133 86 32 0.43
4004 0.1765123101795117 0.2107608053364955 1.036017265351451 117 94 79 0.55
4005 0.5137824262701455 0.2220528756120729 0.5637429769792225 84 54 27 0.68
4006 0.469367777261234 0.234941522788369 0.6252801043038466 114 77 51 0.76
4007 0.5280629859827742 0.1025380358255847 0.5648978786915606 79 44 24 0.7
4008 0.5146852775606081 0.1173751258138433 0.5767389211283757 93 61 41 0.69
4009 0.5278302091156494 0.135001777383382 0.5663581428878499 74 47 30 0.54
4010 0.5176618075502339 0.141349996218225 0.5668426608917845 90 51 23 0.2
4011 0.5100335030860734 0.1407130899865237 0.5782528232983015 33 16 12 0.64
4012 0.06819891445482218 -0.118093027208368 1.00857000893888 113 73 44 0.32
4013 0.5169896941765824 0.1549076392424897 0.5590476980854853 99 66 41 0.34
4014 0.5165107078188125 0.1557171203786821 0.5621029420168 70 44 29 0.16
4015 0.5160564368570355 0.1576581756579131 0.5616680571020811 98 64 42 0.39
4016 0.4927400571285205 0.1430952075966797 0.5957430282421561 110 78 48 0.65
4017 0.4917818866527541 0.1409399953972658 0.6013934283522767 120 77 44 0.23
4018 0.5158256905873798 0.1624098759318641 0.560253326555357 56 30 15 0.31
4019 0.5108338337854551 0.158340037635126 0.5697209399769829 94 60 39 0.33
4020 0.5100521403394971 0.1590216635135229 0.5702171498301302 90 58 40 0.33
4021 0.2071932479944942 0.03455356284855532 0.9303505209856394 182 119 60 0.96
4022 0.5138857121948633 0.1714334109728058 0.5597801310147239 57 26 15 0.14
4023 0.5134442674315002 0.1725552365450677 0.5600882884437813 106 68 38 0.32
4024 0.4959671784554631 0.1646063150764829 0.5807255092046519 145 119 91 0.75
4025 0.4747030962523847 0.1548206892370604 0.6134690182363115 79 53 30 0.4
4026 0.4518522094858672 0.1499717578215228 0.6513707445705715 57 32 16 0.51
4027 0.5052767155109317 0.1729801347992073 0.5688329276406943 107 72 41 0.23
4028 0.4534943272851666 0.1645928467018816 0.6403758663766952 118 83 51 0.54
4029 0.5123975258230535 0.1871923817053362 0.5560929740201074 79 42 16 0.44
4030 0.5103337898295124 0.1857068527403718 0.5611285051833814 49 29 18 0.32
4031 0.5104510382526597 0.1883565972147981 0.559576088607699 102 67 43 0.25
4032 0.2877359437613232 0.2100148731591506 0.8690666911915519 72 44 28 0.79
4033 0.482827741118122 0.2163989472722644 0.5937967543434681 106 71 40 0.47
4034 0.4784226194537339 0.2209012938103913 0.5971809429375848 105 67 30 0.68
4035 0.415730419154708 0.2257541812219875 0.6800690408485107 85 61 30 0.74
4036 0.5141861907377759 0.2228432786842507 0.5614504890111615 108 90 73 0.16
4037 0.4709121223209954 0.2345643615189564 0.6230720709020889 139 93 55 0.65
4038 0.4597647163960198 0.2370983731185319 0.6387683547449295 120 87 56 0.75
4039 0.5208876302099691 0.1014016884227594 0.5737178274342031 97 59 33 0.52
4040 0.5237113099783728 0.1361411515911459 0.5677994943856546 34 18 12 0.6
4041 0.1221990914249785 -0.09240917591282297 1.048636244220382 156 106 60 0.39
4042 0.5158508904421142 0.1638624202421314 0.5578086102220122 58 29 18 0.2
4043 0.5091896493951041 0.1666471904416222 0.5679041437354759 85 52 37 0.38
4044 0.482646862556237 0.15571632119353 0.6017061389465577 173 143 104 0.4
4045 0.5077022346468847 0.1756808096055401 0.5653051041106656 70 42 28 0.18
4046 0.4885433473084244 0.1823374293915308 0.5829756845891421 182 127 61 0.32
4047 0.4217198872221181 0.1785651231171886 0.6792875650335078 146 106 43 0.56
4048 0.5010767621381669 0.1969846593777802 0.5730694490057148 79 58 39 0.32
4049 0.4205991705773637 0.1863739911215612 0.6772403961087681 117 87 58 0.52
4050 0.1972191554632651 0.2301643927586283 0.9864388700307791 54 33 22 0.45
4051 0.5005842944471368 0.2167760162054359 0.5686703006333309 92 65 34 0.58
4052 0.4723518953909788 0.2203797323441899 0.6064352482864201 152 117 62 0.69
4053 0.4336402466599959 0.2278654103935908 0.6590811389307998 141 101 41 0.82
4054 0.511413243710315 0.2356249971131128 0.5613599445728348 171 125 79 0.28
4055 0.5162875760379801 0.1615662615557206 0.5581701661852233 58 33 19 0.47
4056 0.1960335610693631 0.01440685184660309 0.9247681469027389 118 72 47 1.23
4057 0.4450893200961952 0.197300414937988 0.6387573187024111 141 106 65 0.33
4058 0.5115027058572125 0.2148053768631626 0.5540739375322515 115 77 44 0.43
4059 0.4747613890886045 0.2427198280643128 0.6090714416750518 68 51 37 0.5
4060 0.5290892953948841 0.1352835122475389 0.5644791357861371 34 23 13 0.35
4061 0.5108080074933974 0.1516408960165585 0.5721224234815149 118 77 44 0.26
4062 0.485694853268723 0.1712681418310453 0.5891934956557577 219 185 137 0.13
4063 0.4970625930849547 0.2171174825217378 0.5741612925182806 98 65 32 0.7
4064 0.4672212385384263 0.2073859234555211 0.6141087312404324 59 42 26 0.57
4065 0.510192003626381 0.2364643774763882 0.5629583896319584 103 71 42 0.52
4066 0.482605153542872 0.2188594267080975 0.594072548875572 129 93 53 0.6
4067 0.104818709802868 -0.2273107795658914 1.110985238773954 87 68 49 1.18
4068 0.06152897031625415 -0.1968438113076848 1.046793887586599 101 76 53 0.47
4069 0.1405478116411212 -0.1587931687586271 1.103740864223006 111 82 61 1.12
4070 0.08857581990569752 -0.1489644375121768 1.039451492654144 127 94 59 0.38
4071 0.1096934485875161 -0.1467877174691347 1.116019794397411 106 84 71 0.51
4072 0.09623706747355598 -0.1174404233466567 1.036496946989791 119 83 63 0.36
4073 0.1275743773535636 -0.0940772569122916 1.102206656778682 94 67 50 0.56
4074 0.0900300922760795 -0.09670613092115546 1.008699531470486 114 76 48 0.23
4075 0.09747649224288646 -0.08674717864500911 1.029980722253991 127 80 55 0.18
4076 0.06014684756262278 -0.07854080086828488 0.9801156465271095 147 106 73 0.49
4077 0.1104365351419619 -0.03860929247594944 0.9873550169020449 133 92 61 1.0
4078 0.1141494641685164 -0.03229692861654096 0.9860671661953573 150 92 48 0.4
4079 0.131979685045659 -0.03110937010359069 1.012366728423785 133 98 62 0.42
4080 0.1704181601824099 0.00476279259501744 1.049086623486305 106 81 62 0.32
4081 0.1568942365604369 -0.02255808195348644 1.079228034667672 87 66 49 0.52
4082 0.06379293588053447 -0.03501965966502121 1.187594788828366 150 153 157 0.18
4083 0.05628048182838075 -0.0305093393766486 0.9418185790266569 134 90 57 0.96
4084 0.1322545308083756 0.0005392177636650286 0.9141919183583205 177 119 68 0.52
4085 0.08949523518915814 -0.02908905897866837 0.9478782383075277 200 137 82 0.11
4086 0.2221235430350936 0.01991929038881712 0.9420880063901478 181 141 102 0.21
4087 0.2299245692205995 0.03912252030170155 0.9532365794703332 161 108 64 0.22
4088 0.1828513560442206 0.01483969825738862 0.9983165766666975 136 84 44 0.24
4089 0.1500976728285368 0.009173381336422565 1.012256267231564 145 100 58 0.27
4090 0.1682773611356362 0.007436827919749922 1.035811786190277 107 79 52 0.38
4091 0.53301186061843 0.1039518549493147 0.525190387159961 181 122 62 0.7
4092 0.2190310132590647 0.0509644473178798 0.9310950546083436 181 110 67 0.3
4093 0.169414877856962 0.03612251346314707 1.033167553656503 98 66 44 0.34
4094 0.090218769406333 0.01863539548312526 1.163760912918794 74 55 40 0.24
4095 0.1083626690906232 0.02746866125037678 1.151514131247215 98 73 52 0.27
4096 0.05025265792873002 0.01030973498654075 1.202894940072288 158 160 158 0.12
4097 0.0626939571295253 0.02429938017611227 1.183626052437812 88 66 52 0.46
4098 0.07093912813420888 0.03306109295621598 1.179014591078226 112 86 70 0.39
4099 0.08177411473343732 0.02871644673874268 0.7695705555400062 162 114 79 0.57
4100 0.1703470098781047 0.04418808066177182 0.8871756614959714 109 61 35 0.41
4101 0.1661848588353492 0.06308556382455038 1.069145419355437 106 69 46 0.6
4102 0.1497608143354243 0.07329727296446936 1.092344719428012 68 37 29 0.1
4103 0.09901767388670257 0.07854808578001685 1.172228296250436 162 161 163 1.11
4104 0.0591245299785208 0.06661498703220642 1.195337357871799 143 151 148 0.25
4105 0.5372830519547178 0.1220090819324179 0.5179856000202666 168 140 93 0.58
4106 0.5396812007275695 0.1281063323469228 0.4614545627894228 111 87 59 0.78
4107 0.5314179684877787 0.1208717360319345 0.4712408964212572 155 140 106 0.57
4108 0.5236020156134651 0.1273221516347229 0.4815493089087856 124 101 70 0.35
4109 0.5085639649156605 0.1213678075269954 0.5015051158987792 60 39 29 0.47
4110 0.5256700649993945 0.1177082390193489 0.5046290806251337 124 86 54 0.54
4111 0.1739082994878828 0.08579019588855108 1.000452549934036 145 104 65 0.38
4112 0.5133602846496047 0.1354933212076352 0.5050357835180918 58 34 22 0.27
4113 0.5317593677228225 0.1358385533325493 0.5208776627761601 72 48 37 0.36
4114 0.5217307631054495 0.1439172079849116 0.5595203140862502 45 26 19 0.24
4115 0.2891231206278894 0.1271870481647283 0.9097583094831581 100 70 51 0.91
4116 0.129436599823342 0.1149865564100237 1.134293434505001 121 86 67 0.26
4117 0.5093666357691162 0.1529900905149656 0.4987537926269149 80 59 43 0.53
4118 0.1152263586754165 0.1000922690283678 0.8208429884912134 139 92 58 0.28
4119 0.1552938243254388 0.1350567571935173 0.8759926709974554 201 127 70 0.34
4120 0.1723827493049973 0.1440280923341724 1.071541446821306 79 56 40 0.73
4121 0.5466545774707247 0.1582118683097868 0.4033633581626791 135 96 69 1.38
4122 0.5239559849773447 0.1723563921002157 0.5106331344602525 135 84 53 1.13
4123 0.5331659596522261 0.1717546854816258 0.5177295262523012 177 118 75 0.19
4124 0.1426474072014666 0.1374286824527156 0.8801223077165858 154 88 47 0.33
4125 0.2141362012058386 0.1517582315030868 0.9027044560476429 152 89 43 0.23
4126 0.2771200305784103 0.1773468453408838 0.8715869113030548 160 117 76 0.3
4127 0.2743355635022036 0.1761902749868931 0.9014190830863152 100 71 56 0.25
4128 0.5341907927803784 0.1642878996254478 0.3787715155833302 54 32 17 1.32
4129 0.4590118223808304 0.1873041966478033 0.6145675579535318 80 58 38 0.53
4130 0.3221131254848514 0.1975131101979201 0.806468524642195 81 58 37 0.38
4131 0.2390149488245501 0.2019249004053236 0.9369069186041251 55 37 24 0.97
4132 0.4994797560745357 0.1809494127948933 0.4423634266574096 117 108 103 0.3
4133 0.5231255537866297 0.1843368818032213 0.4583489881520302 93 66 39 0.58
4134 0.522424252783275 0.196410210488329 0.4993485821790643 106 77 59 0.71
4135 0.4720455067833585 0.205754743808289 0.6099303360378512 87 65 38 0.31
4136 0.390635321377008 0.20160828803431 0.7139833528963229 118 83 40 0.63
4137 0.3693366514775674 0.2146917604950379 0.7482749150972854 112 89 61 0.74
4138 0.3397322737838339 0.200074102677597 0.7974124737766616 54 38 23 0.22
4139 0.3116386440896468 0.2010989015768286 0.8345541077510386 101 72 42 0.31
4140 0.2908304591180264 0.2043409347748855 0.8636000876283866 86 58 38 0.54
4141 0.3019005975468861 0.2140151166478135 0.9527459280767105 99 72 46 1.11
4142 0.4192834695882985 0.2158017104950787 0.6454422869463317 105 73 31 0.54
4143 0.4324636332506136 0.2189872924183402 0.6805242423098693 89 61 36 1.12
4144 0.3902809030956916 0.2214791619481457 0.7184460762516222 85 66 45 0.71
4145 0.3556859903031926 0.2270117025998017 0.7672417573435453 38 27 20 0.57
4146 0.2905044694330161 0.2292490927587937 0.8542860045274212 122 86 50 0.32
4147 0.6073137861964578 0.233290632670027 0.4969290237365975 208 190 163 0.27
4148 0.2914552090962605 0.2411743932455988 0.8544094697797369 66 45 26 0.73
4149 0.1562785327367759 0.2564974195661703 1.009279702214225 57 42 29 0.76
4150 0.09860795944168455 -0.2526980599326392 1.146561359152469 99 98 98 0.72
4151 0.05322769779119785 -0.1422825307502976 1.011708734829335 117 82 52 0.36
4152 0.07989048094758278 -0.1281391514686987 1.024132687795176 102 60 34 0.78
4153 0.1058757652557186 -0.1038868857318685 1.048943640333124 108 71 39 0.17
4154 0.1356938408753299 -0.100340783747831 1.063432963639191 154 107 63 0.41
4155 0.08011038977190421 -0.1091405710072274 1.015848948480893 74 48 37 0.44
4156 0.1595635935271251 -0.05886560843960301 1.061753372011741 113 77 57 0.38
4157 0.1271810366907146 -0.07036157811023788 1.105698992606321 91 67 50 0.66
4158 0.1484459488156806 -0.0373130845757271 1.079973172232782 92 64 50 0.34
4159 0.1232421146923807 -0.04168541977376802 1.109329459723331 90 57 45 0.28
4160 0.12127068969705 -0.04168017299762913 0.9926331183156158 143 91 56 0.39
4161 0.1514856009398612 -0.00648692365704448 1.024536998737488 200 147 99 0.21
4162 0.1026904689839852 -0.01070812438278912 1.147127327588011 114 85 65 0.52
4163 0.05247402199739981 -0.03708493179877984 0.9478461204622735 201 149 101 0.62
4164 0.1344661127816966 -0.0067470375582383 0.937407033360675 175 112 65 0.52
4165 0.1893430126791449 0.02607744339239093 0.9716232864652183 175 125 90 0.25
4166 0.08083954604885191 -0.006940028687165395 1.160954624161092 92 64 48 0.21
4167 0.06659103808020483 -0.004362558903607872 1.18955048592006 160 160 158 0.32
4168 0.200936649092361 0.03738245597011791 0.9768183650381167 152 103 61 0.21
4169 0.4576402505098434 0.07826519345696253 0.3618149402724727 74 67 63 1.33
4170 0.1676465302842111 0.05756161535460122 1.059759344046579 89 67 50 0.39
4171 0.5187877000150605 0.1089371202376212 0.4097883292917034 122 96 71 1.1
4172 0.5357806566730769 0.1296467631202463 0.5603286237990747 116 81 61 0.44
4173 0.5129866206628153 0.1292057071883365 0.5057487313166205 100 66 38 0.51
4174 0.5115034884355617 0.1490122032779175 0.4981776333049637 53 39 29 1.0
4175 0.1913160983501182 0.1395809216640991 1.04168607818884 114 85 49 0.29
4176 0.09837833591389999 0.1464748531306696 1.146106640369441 65 48 34 0.53
4177 0.1113195323127211 0.1510258735852764 1.14485578335721 78 50 32 0.26
4178 0.5439557937662294 0.1538155065102729 0.4008163146088672 62 41 31 1.26
4179 0.513767133356112 0.1669020663482491 0.4522778578692589 55 38 27 0.84
4180 0.3604671526661796 0.163627497405352 0.7768013720630477 174 136 92 0.08
4181 0.1612157548142072 0.1406136476325673 0.8790759015273111 120 61 25 0.38
4182 0.3259758320500332 0.1702401201298708 0.8218538191286812 165 119 72 0.22
4183 0.2997120406388658 0.1798770162878066 0.8590380533973203 129 109 89 0.49
4184 0.180449179093455 0.1670631985447508 1.029398991143458 97 59 42 0.44
4185 0.179307697473796 0.1592372655544796 1.03617908639106 96 69 54 0.44
4186 0.5278778210490185 0.1766960162999495 0.5103813021063406 109 63 40 0.43
4187 0.533490345301323 0.1856952128631369 0.5266436634132823 70 37 17 0.28
4188 0.2739348666415158 0.1961288216941227 0.8874939758060032 63 47 39 0.2
4189 0.522229954052076 0.188487690765908 0.4519167832481484 142 99 64 0.62
4190 0.5266548960083692 0.1952581168591316 0.4576693620357652 112 80 40 0.58
4191 0.5325949100939932 0.1976864517702011 0.4584041920585979 164 97 48 1.16
4192 0.5330198108354751 0.1955500775167593 0.4621027791129715 84 52 27 0.92
4193 0.5206201243314519 0.1969659973880167 0.4895165951751372 117 82 58 0.42
4194 0.4543880550367895 0.1961958681939738 0.5841269458363783 59 45 33 0.95
4195 0.2879605507117673 0.2090984321164447 0.8676095148944265 68 39 20 0.85
4196 0.1058490709012924 0.2198565094041299 1.14291515611307 75 45 27 0.36
4197 0.5430142845849384 0.207892367898007 0.4851179459329923 51 38 26 0.8
4198 0.4364859403382093 0.2202133370172579 0.6541668833275049 83 52 22 0.17
4199 0.257806624985442 0.2393722171496048 0.8919572362899904 68 43 23 0.69
4200 0.1807413324381298 0.2252644317662738 0.986881646397991 47 31 23 0.55
4201 0.6525742941203927 0.2228123585357625 0.447247355663252 132 94 62 1.05
4202 0.6636754599544956 0.2264108707225429 0.4425337016729423 75 46 23 0.98
4203 0.6518981054095583 0.2236059018451884 0.4486672236473129 127 86 59 1.3
4204 0.5421063189641008 0.2212880101359895 0.524413462392469 132 98 67 1.11
4205 0.08864271850199068 0.07327359122442642 0.7573930580443791 145 106 74 0.49
4206 0.4062422584985911 0.237492734483939 0.6950650680327507 99 71 41 0.57
4207 0.2822690005401391 0.3193749727917433 1.078959784684798 142 88 59 1.22
4208 0.1332507061689293 -0.1190896232896756 1.088851269206005 112 72 48 0.16
4209 0.1325903862365729 -0.06606485831380518 1.107536376964064 116 77 50 0.81
4210 0.06185559411043051 -0.07512104706599912 0.9822580040689326 78 45 28 0.77
4211 0.1572336732035627 -0.02789564714069576 1.069682612608606 149 110 80 0.3
4212 0.06189241137516754 -0.06909687957068064 1.179733659572502 115 84 68 0.83
4213 0.1370784248331965 -0.02996779544350278 0.9457388982561381 175 133 93 0.46
4214 0.116351412827485 -0.02670398111073613 0.9889838789100485 203 144 89 0.21
4215 0.1201719238377733 -0.02866595315526305 0.9948077635711493 135 94 62 0.53
4216 0.03322488667049983 -0.03213895829986677 0.9370105950118 166 115 78 0.32
4217 0.2221784135253522 0.01798384655595966 0.8835626833637433 199 148 101 0.36
4218 0.1327916208422105 0.02090404784029551 0.8603649116456369 180 110 49 0.78
4219 0.1326607870257688 0.02779323798950695 0.8593623683578135 190 130 79 0.53
4220 0.1596862665022333 0.02988276125100889 1.014034572474676 180 131 81 0.54
4221 0.1460124860246775 0.03659629937863809 1.091895104474021 77 45 32 0.4
4222 0.1862959264945105 0.07173002637769876 1.005078174954971 141 95 63 0.17
4223 0.1844764282125811 0.07197809727107152 1.056536678959678 121 78 47 0.31
4224 0.08380105124137982 0.06086480910823938 0.8272588852372641 114 58 26 0.96
4225 0.1176982851049957 0.07979017486555326 1.114832644297447 122 82 50 0.32
4226 0.139421545519621 0.09891252506523364 0.8424184891176536 172 94 48 0.58
4227 0.5289172084360282 0.1125724183863457 0.5204773317366371 146 107 74 0.54
4228 0.4990169203315713 0.1422803348717199 0.4890690304224862 29 18 13 0.22
4229 0.530952851934709 0.1546527013966278 0.5382902329730016 72 40 22 0.54
4230 0.4167151050151925 0.1613290666291017 0.6967546316762621 106 76 41 0.38
4231 0.07375445615118337 0.1385716782458891 1.184098395614566 86 58 41 0.41
4232 0.5117949318608145 0.1671495494730432 0.4339078953867505 31 21 19 1.13
4233 0.5628970096110064 0.1912433926563729 0.4006909912563614 60 41 24 0.78
4234 0.5203056921325719 0.1991641444064393 0.4912160288480358 87 60 41 1.13
4235 0.5260859720765797 0.2030831961273661 0.5743216054599376 56 44 29 0.28
4236 0.4782792364412143 0.2040283291617238 0.5952163836242962 65 46 27 0.23
4237 0.3381825391874439 0.205826769308201 0.7952024454005333 97 72 49 0.35
4238 0.1789723465667524 0.2089518843436527 1.047417691379469 115 92 78 0.1
4239 0.05090853464267431 0.224610655296041 1.21132734336542 169 171 163 1.42
4240 0.5308141883708415 0.2097509372624758 0.5277164650406452 134 81 42 0.41
4241 0.4465793382945241 0.2208688147274691 0.6361236278075821 124 87 52 0.64
4242 0.293988188548316 0.224615095255615 0.8479934462374205 104 68 45 0.41
4243 0.4475187826711415 0.2487736062321333 0.6468207511811126 92 67 42 0.82
4244 0.2065929246505592 0.2740791429407852 0.9860487256598478 84 66 45 0.89
4245 0.4891371985313188 0.1944647757763998 0.5782132647968934 67 44 22 0.49
4246 0.127228908279006 -0.1171682720831309 1.097494724684035 81 51 32 0.45
4247 0.0954060201897392 -0.1400116940466787 1.139844393547009 95 73 58 0.77
4248 0.1501839738532357 -0.06828817863568012 1.080811689042502 103 69 45 0.87
4249 0.1451285806730122 0.00685102695408929 0.9913463668151452 133 89 60 0.74
4250 0.5269710623139948 0.1012824085193232 0.5677423759724447 76 48 32 0.58
4251 0.1495594152003945 0.04548309147689961 1.081398504709683 125 92 61 0.61
4252 0.1606143699853818 0.07628684970214417 1.077004430557333 88 64 45 1.33
4253 0.4890750486357185 0.1200969125768871 0.3740467712866073 89 84 83 0.97
4254 0.1781545407262182 0.1242597555099096 1.039879893867414 104 67 43 0.81
4255 0.4172688048288685 0.1602919914849626 0.6929697535392826 119 86 50 0.7
4256 0.1795193123283243 0.1456912490730413 1.05551244764561 134 98 65 0.31
4257 0.064603980179194 0.1429353251031373 1.194766874718749 93 63 39 0.43
4258 0.2754157129340046 0.1700298407891055 0.8939373306998211 175 113 61 1.46
4259 0.5210113562091307 0.1661175546188018 0.4062350391515576 15 10 11 0.72
4260 0.5073546940375195 0.1676713453343297 0.4498408218903462 4 7 15 0.82
4261 0.5369557105444016 0.1793929351697488 0.5182264786478126 129 104 82 0.76
4262 0.1870684530604463 0.2093886686592259 1.017405483494496 49 35 23 0.88
4263 0.4417373692751505 0.2279362967910676 0.648403394263244 56 27 11 0.57
4264 0.2845301264815833 0.2754213904579401 1.060515163271318 101 79 64 0.79
4265 0.1305029995614689 -0.1067410981877168 1.095007982943309 64 40 28 0.95
4266 0.1301849033547455 0.009792722751647803 1.131340127098808 151 116 83 0.28
4267 0.1560367810106031 0.04264545641287365 1.011196333334298 143 93 54 0.3
4268 0.5107686525996356 0.1113010961259701 0.5021365571899741 213 177 127 0.5
4269 0.170469360401743 0.07199489842248108 1.052171149943002 160 97 49 0.27
4270 0.5216450061291464 0.1462597028916384 0.3632639670959661 171 136 108 1.55
4271 0.503225283191437 0.1587693064140222 0.4380654651954849 20 10 8 0.58
4272 0.1597341658952861 0.140758529054806 0.8648522691802882 142 85 40 1.03
4273 0.5112973934299908 0.1708028189654896 0.4209201022489987 56 36 24 1.37
4274 0.5323057948013076 0.1797026565530515 0.3660398112051847 73 46 22 1.25
4275 0.4232917114406463 0.2164719880023674 0.6752136152758724 63 43 25 1.01
4276 0.4098370718351307 0.2239130443267064 0.6942887232234656 76 44 15 0.28
4277 0.2050843669878312 0.2508922204022143 0.9408683936260451 43 27 20 0.58
4278 0.303638884488421 0.2765997067943539 1.064031489403208 156 121 70 0.89
4279 0.5053987721413172 0.1121975056525985 0.4955439398085444 131 105 84 0.36
4280 0.5271876825601027 0.1232937368402156 0.563939848166248 114 76 48 1.02
4281 0.2104228193458079 0.1471255769409792 1.013013964040659 45 30 20 0.68
4282 0.5046340591548021 0.1753973409317121 0.56900997723396 144 102 59 0.51
4283 0.4988985369536846 0.1653697198930772 0.4154446000284562 71 55 43 0.93
4284 0.5050876422349817 0.1924297014786612 0.4508393161105344 211 183 142 0.63
4285 0.4730334260673517 0.2025218466734352 0.6057943794728053 116 97 73 0.34
4286 0.1422245025509498 -0.1231625352836176 1.08430410465193 80 49 35 0.36
4287 0.1682021026953757 0.04523913888599473 1.012551123596689 188 139 80 1.36
4288 0.513758815524709 0.1153261799718102 0.576068241695714 131 79 33 0.55
4289 0.0980636819609344 0.114773715113714 1.161553652421477 116 90 70 0.77
4290 0.4161005763517693 0.157195167780311 0.6972077378793782 119 79 43 0.83
4291 0.2126409922903159 0.1521296063807364 0.9028843328210274 148 95 55 0.66
4292 0.1665093767766864 0.2499356313575585 1.019301627174478 99 70 50 0.21
4293 0.2607022153580764 0.2926961626816693 0.9177214075909325 52 35 21 0.92
4294 0.2812992500083941 0.08377452892223258 0.9074807187609012 201 147 96 1.45
4295 0.5357564718711575 0.119090095426868 0.4432402759023839 110 86 66 1.1
4296 0.1187360223340448 -0.02986273052786273 0.9606621553116615 152 107 71 1.12
4297 0.5521273317932447 0.1055274265324876 0.532564952221866 191 124 62 0.96
4298 0.1943396966774287 0.1743757456819776 1.004806113461155 106 82 63 0.19
4299 0.5481524558937892 0.1639759742387803 0.3635328019654241 81 53 35 0.53
4300 0.532080897561293 0.1792146309333345 0.3900668069083878 154 102 62 1.13
4301 0.09180489474483466 -0.2633127541490867 1.090303527356282 86 63 47 0.57
4302 0.1064436332265114 -0.2144547050632501 1.114648925330011 53 37 25 0.36
4303 0.1044405492946704 -0.2089799703497675 1.108078218071761 119 92 71 0.79
4304 0.1259305782012595 -0.1808902970921236 1.114257104131622 90 72 53 1.13
4305 0.09675373155088796 -0.1829175544284677 1.074286268772996 123 86 61 0.92
4306 0.1407212231696739 -0.09691543001932204 1.08270248734618 84 60 45 0.52
4307 0.1044524210079085 -0.09202291476237565 1.018581412805167 159 115 70 0.34
4308 0.1228118543260076 -0.0866598146149076 1.110958048145077 104 73 50 0.7
4309 0.09357701607298941 -0.08214898174163157 1.009179704332913 127 90 64 0.32
4310 0.04883896215256556 -0.07057420010948298 0.9742088073120981 189 140 94 0.35
4311 0.1572749044165832 -0.0234837737833766 1.048636220497396 94 61 36 0.31
4312 0.1590240797853875 -0.02074411738758819 1.047565382298019 116 109 100 0.36
4313 0.1630749365593411 -0.02761290089867818 1.058222068911296 106 75 50 0.59
4314 0.06851959853543244 -0.0542973078651123 0.9662058193502172 144 107 81 0.09
4315 0.07572843349542047 -0.04064215236845706 0.96655138806978 125 90 61 0.34
4316 0.08078259467987037 -0.04692695535124061 0.9708958150104712 144 87 48 0.24
4317 0.1233747861972477 -0.02022355228907133 0.9799041941591085 132 99 49 0.26
4318 0.5432757648068977 0.09283090017876483 0.5369616402602314 151 101 60 0.58
4319 0.5465480291526027 0.0953594195429375 0.5376653662962795 162 114 65 0.34
4320 0.1603679218472914 0.004795689371126705 0.9212732317491814 144 88 38 0.71
4321 0.1896146940070205 0.01862342445627607 0.9091202223784165 217 166 111 0.15
4322 0.1481464237307468 0.0148097271783747 1.01258397871809 98 57 27 0.33
4323 0.1799677141396763 0.02964745504876984 1.036786109506849 138 103 72 0.3
4324 0.1872832154558978 0.0378383584262719 0.9001568407781504 112 72 46 0.96
4325 0.1645701053626687 0.0392091087186186 1.019814385888915 128 81 55 0.88
4326 0.1746875649061692 0.06232205797377044 1.024512011502493 179 144 108 0.17
4327 0.1798094622149594 0.05427820484297649 1.033527397483836 137 102 75 0.71
4328 0.1803106697309208 0.06142071826642098 1.027167676336861 144 115 84 0.46
4329 0.1425550930426937 0.06560238310693636 1.12949558124246 138 92 63 0.3
4330 0.5256903386270619 0.1075038852092309 0.5222835815116583 167 124 84 0.27
4331 0.1727908603083851 0.04964139330840778 0.8891550415589409 89 51 28 0.55
4332 0.1689925916885891 0.05627548412922867 0.8831849943257698 59 33 22 1.01
4333 0.1739304633058436 0.05929227801506728 0.8870791980175825 47 24 16 0.42
4334 0.5318374784610036 0.1111896092839683 0.5243938963954708 99 60 37 0.31
4335 0.5495211147533311 0.121898215474786 0.5258337157065114 74 53 40 0.19
4336 0.5279594217097825 0.1186699370222545 0.5558799034432395 135 89 56 0.99
4337 0.5302329631634796 0.1246543571902271 0.5592474396702616 92 65 41 0.5
4338 0.1716696162108259 0.0746494375978132 1.05590445123604 89 65 36 0.39
4339 0.5476677256661975 0.121114659797518 0.5360039957563633 134 111 80 0.34
4340 0.5155653267367948 0.1147318144997749 0.5020718409603719 153 107 69 0.14
4341 0.5053558243773707 0.1144448376002396 0.4954044942669866 118 86 63 0.8
4342 0.5373770079340738 0.12350704028683 0.5157084596209371 91 73 56 0.64
4343 0.5391596168241235 0.1344621379559362 0.5251345037515248 89 50 28 0.3
4344 0.5485092812703416 0.1326715267280023 0.541684126062542 56 41 29 0.85
4345 0.5376429018282369 0.1334541205686974 0.5503576369857377 61 43 29 0.53
4346 0.5371247489874343 0.1354996279219499 0.5427446970348494 57 40 26 0.34
4347 0.529019145306132 0.1320844836166609 0.5675032648798995 103 74 35 0.37
4348 0.5312235264431806 0.1330730611441179 0.563702031043627 80 66 54 0.27
4349 0.5132116715373791 0.137978831940924 0.5802598556656683 24 14 10 0.13
4350 0.08660006395344244 0.04427599930853293 0.8270183334646597 154 97 60 1.06
4351 0.09724203146223342 0.06412268885924399 0.836072270830275 139 76 36 0.13
4352 0.1839218495745658 0.09965890687050985 0.8922085471980674 94 50 26 0.56
4353 0.5113587303194033 0.1282500152146815 0.4956210085691438 149 123 90 0.42
4354 0.5176447151321699 0.1406150082753168 0.5657629565690265 118 81 48 0.34
4355 0.5013091279159252 0.1380320581388202 0.5907538367866804 94 67 50 0.62
4356 0.496316709511783 0.139283947381993 0.5936130135147036 122 81 49 0.25
4357 0.1490004545931872 0.09106019272051968 0.8562598166294115 173 120 79 0.5
4358 0.1607981597628637 0.1102515777980639 0.8528578970857768 123 84 63 0.37
4359 0.2755690474500777 0.1490647393792749 0.9065283487669487 102 74 54 0.19
4360 0.113602558574035 0.1467353630066474 1.142099101199353 55 39 33 0.55
4361 0.5129158614755642 0.1381751645485503 0.5047417045021303 37 19 15 0.29
4362 0.5192123287693446 0.1434278477255004 0.5035941120383709 78 55 39 1.22
4363 0.5280148426008566 0.141908974311464 0.5165845147016045 130 93 64 0.29
4364 0.5211396868069406 0.1445476613507341 0.5099328686941959 80 40 24 0.28
4365 0.5351811557646813 0.1487241551295252 0.5208970885575005 93 60 43 0.31
4366 0.5420307305663919 0.1473309733407743 0.5258474150515484 78 53 34 0.65
4367 0.5345394746423729 0.1517757017889535 0.5195209922148978 73 45 31 0.54
4368 0.5292110618726209 0.1526609240798533 0.5466825594816308 107 65 33 0.4
4369 0.5244605110707674 0.1479044831704951 0.5545215937405256 48 28 18 0.41
4370 0.5133630109406602 0.1554645236699121 0.5673925158591193 128 84 45 0.23
4371 0.4664587502153035 0.1529195430361787 0.6272700022112219 108 87 65 0.47
4372 0.4662987828492694 0.1533272584850376 0.6246904576885536 120 93 70 0.22
4373 0.4638075101193248 0.1558972812604888 0.6323995818068509 194 147 102 0.18
4374 0.4376731593434168 0.1534838999806214 0.6710698784915906 93 59 31 0.41
4375 0.2157352814382832 0.1467425928096882 0.9066926027261211 140 79 46 0.95
4376 0.2169854812310081 0.1505543587177111 0.905736714707249 108 54 31 0.32
4377 0.2189405422429514 0.1526532067423634 0.9062308854650819 97 56 34 0.34
4378 0.4995803265391996 0.1437299850698795 0.489953545611107 24 16 15 0.34
4379 0.5119186061672557 0.1458541863001837 0.5034127790887878 36 23 15 0.32
4380 0.5246773617032796 0.1539151342105592 0.5081441643985176 77 51 34 0.65
4381 0.5209419412241496 0.1578698076407773 0.5088484944687339 132 90 60 0.33
4382 0.38982372826704 0.168289494606348 0.7301707385091325 70 50 26 0.48
4383 0.3549001728605408 0.1684771771017385 0.7807065992083152 73 56 36 0.69
4384 0.2923104545316268 0.1799093858271252 0.8688810570613235 104 73 44 0.46
4385 0.296742656962951 0.1788524604281142 0.8683470171811921 153 108 63 0.61
4386 0.5314907380392365 0.170807874141463 0.5144434281494367 113 78 61 0.3
4387 0.4743491097682005 0.1706514572849771 0.6106062039088828 114 92 67 0.13
4388 0.4665900807049507 0.1784810354064509 0.6145233515472609 27 17 12 0.68
4389 0.5058275155599041 0.1560534803715861 0.4285349642772641 42 39 37 0.34
4390 0.5390543557655899 0.1757792456783435 0.5181859179960031 160 122 92 0.37
4391 0.532493083838859 0.1781910791329483 0.5140718615046042 79 46 28 0.89
4392 0.5032592260350223 0.1882481586607561 0.5690552212647466 125 80 49 0.25
4393 0.3959338786902788 0.1919547689411066 0.7103551682626054 127 100 74 0.33
4394 0.2145824605839546 0.216034787547937 0.9966942500558547 53 28 16 0.87
4395 0.06308177432965167 0.236660589198547 1.19223286807509 105 93 69 0.63
4396 0.5101292608940545 0.1695661160249951 0.4479765780316633 86 68 55 0.58
4397 0.5186892393771994 0.1814106549139698 0.5021035158085178 175 113 72 0.23
4398 0.530266746496356 0.1867855168669608 0.5063606840443478 114 72 53 0.25
4399 0.512520877412449 0.1938162706392259 0.5585895135425082 94 62 43 0.18
4400 0.4749737814196637 0.1939442039092718 0.5997561735873139 85 68 52 0.71
4401 0.3676474838913346 0.2187795976138956 0.744131809098439 82 65 45 0.37
4402 0.1913796107616322 0.2333206938504863 0.9832951985638589 80 59 48 0.59
4403 0.530220933999078 0.1827228023683642 0.4615347059986004 68 42 25 0.73
4404 0.5254449638910917 0.1834896670657447 0.461022805020094 161 102 61 0.72
4405 0.5186658552805028 0.1845652469783207 0.4563132485421488 157 103 67 0.81
4406 0.3425452404995107 0.2323184647476163 0.7827286492412391 78 48 27 0.56
4407 0.3297128196210516 0.2352831967054627 0.800460120278949 132 98 76 0.23
4408 0.3155079328043131 0.237261252228078 0.815778694721992 110 90 72 0.32
4409 0.1176123050860051 0.2554978866421903 1.015157676376373 48 32 23 1.15
4410 0.5290054703098146 0.1936820213695006 0.459500780589976 160 106 66 0.52
4411 0.5408470210997269 0.1983764370574528 0.4714931119556467 121 109 88 0.21
4412 0.5307897393731539 0.2060278108211407 0.5013094210363337 133 85 52 0.11
4413 0.5518966837478053 0.2040492808849465 0.5085677940567901 105 75 54 1.65
4414 0.5371797887426439 0.2057736316509749 0.5076105801101772 107 78 56 0.23
4415 0.5470697566027003 0.2098447198457737 0.5128707601119697 126 77 49 0.4
4416 0.5194953046401412 0.2149030045589951 0.5473092838740395 129 97 60 0.3
4417 0.4310970216304035 0.235115072938257 0.6724345901918029 124 107 88 0.5
4418 0.3988624820407183 0.2340975635598677 0.7030884727121929 120 82 42 0.37
4419 0.3241746027484 0.2564888096048632 0.8059778108712891 130 106 78 0.51
4420 0.2333101491572002 0.2757003554896872 0.9443947271933827 102 96 74 0.37
4421 0.4733181476767354 0.2404624701435013 0.614126892133075 140 103 64 0.25
4422 0.06779462736741315 -0.2509176775470708 1.086568140278959 109 69 46 0.66
4423 0.09669970443911868 -0.149736250256092 1.046525048302513 67 47 35 0.53
4424 0.1686079439662242 -0.03655109611142607 1.055406634732783 122 92 64 0.55
4425 0.1371972663835156 -0.04811478812926714 1.097553107845202 60 41 33 0.48
4426 0.1148009653463872 -0.02796586921435826 0.979492242798782 162 115 77 0.11
4427 0.1403730680908137 -0.002619212744741389 1.099033755017688 134 103 83 0.61
4428 0.5425304092523323 0.09200027925560111 0.5354312402895911 89 61 31 0.47
4429 0.04877851877622763 -0.1372305024302891 1.014237394528118 130 75 43 0.56
4430 0.1589552442136613 0.006840559385829836 0.9895127562750408 144 97 71 0.47
4431 0.5427816563710822 0.1060399847417701 0.541137595895633 167 113 55 0.4
4432 0.1798910362031234 0.03778089121661013 0.9002376001755545 189 122 58 0.33
4433 0.1945504002800461 0.03550882184515278 0.9182233699403797 126 75 44 0.4
4434 0.5144049608863761 0.09839056680327025 0.5127705593521734 142 80 13 0.28
4435 0.5406916407067102 0.1098565260835119 0.5307352575690536 155 110 76 0.34
4436 0.5254470649290658 0.1112692910455602 0.5652253740705973 147 103 67 0.38
4437 0.1448649018227937 0.0359525994208543 0.8589446866012933 73 38 22 0.98
4438 0.5244659968145292 0.1130548085239002 0.5143228800727034 124 77 40 0.42
4439 0.5496643623112192 0.1250121746683244 0.5234235740590555 38 21 14 0.52
4440 0.5553520011261962 0.1270755450838152 0.5331429983941902 96 84 72 0.53
4441 0.5183055244350481 0.1207053721604345 0.5720848104913765 153 124 89 0.39
4442 0.5173512859281792 0.1181004057120615 0.5760564288279967 132 92 64 0.26
4443 0.5190836188509185 0.12309406585978 0.5728043038781409 126 91 62 0.85
4444 0.1608947505426277 0.06003464171494483 0.8714275961407343 92 68 45 0.34
4445 0.08724530721477253 0.111319714250658 1.184809072649233 122 141 147 0.62
4446 0.5195524988044444 0.1233034671611266 0.5755422530254005 155 110 55 1.05
4447 0.1316929419706021 0.06892172432326904 0.8485442805014256 165 108 56 0.52
4448 0.1161760409432801 0.07906347735738031 0.8498940842712064 181 113 52 0.88
4449 0.51626538707567 0.1288925785101113 0.5101477089795607 71 41 18 0.08
4450 0.5361733354536219 0.1402448625952853 0.5198038812317072 77 51 29 0.62
4451 0.1494359203687473 0.09491507698857601 0.8741162128562974 173 115 67 0.57
4452 0.1912855089302358 0.121365434623847 0.8843943796094492 54 28 14 0.55
4453 0.2637032153091257 0.1404879249344096 0.9222146015949504 82 64 47 0.27
4454 0.5386716165171367 0.1577656697250026 0.5356414658671318 65 46 36 0.24
4455 0.2251905950222388 0.1434858832504408 0.9147907057896452 91 42 12 0.23
4456 0.5230760130861241 0.1542810280101377 0.5100268940760586 65 35 20 0.15
4457 0.5330480580226784 0.158727930758676 0.5193100460673867 121 90 62 0.23
4458 0.5310660184171925 0.1649928226068066 0.537114697497256 75 51 36 0.52
4459 0.5153170183496285 0.1672347703601207 0.5575048567787584 75 46 28 0.34
4460 0.3193888933187897 0.1821814466575314 0.8317543424884495 115 91 62 0.36
4461 0.5327479360539075 0.1649244746826855 0.5178680862142097 143 111 75 0.42
4462 0.5257644366746463 0.170272057786098 0.5430071902498251 130 95 55 0.69
4463 0.4233124805463507 0.183913792681652 0.675913520263119 132 103 75 0.18
4464 0.1656612679476726 0.2135125955825478 1.052330215925324 90 70 44 1.16
4465 0.5403483887824961 0.1799992404284366 0.5203875927436761 67 43 24 0.46
4466 0.5227852446612082 0.1783065994949749 0.5386900081389979 73 44 30 0.55
4467 0.5125889500290299 0.1860361694180284 0.5550670144519222 134 78 41 0.32
4468 0.1091038272564567 0.2388573985631065 1.120886654846926 35 21 16 0.37
4469 0.5273065825584973 0.1764774132889961 0.4603638369041905 95 78 43 0.76
4470 0.5151056318388069 0.1785155484493938 0.5007525882374503 108 86 68 0.83
4471 0.5224427214883912 0.192265583842031 0.5468545888509009 78 47 28 0.31
4472 0.3162443987152619 0.2281285059054019 0.8172040124796265 111 76 48 0.23
4473 0.5262181522141436 0.1810019095819237 0.4582183954444804 73 50 31 0.45
4474 0.5312912009638399 0.1889213214371805 0.4658458977935956 59 41 19 0.46
4475 0.4167409279130347 0.2223776081757303 0.680320880231693 40 29 20 0.97
4476 0.5143284701724424 0.1883545637608815 0.4459560000323888 114 91 71 0.82
4477 0.5303823004927863 0.1887349223060777 0.456168529764675 103 70 32 0.65
4478 0.5186410502305145 0.1918344345462545 0.4525590341877864 89 60 37 1.01
4479 0.533096272019859 0.2100296217198491 0.5253226348498318 121 74 37 0.59
4480 0.5353821230365756 0.2149243510067434 0.5311654768579988 100 83 60 0.52
4481 0.5339295664231025 0.1942357995895033 0.52606720630463 75 44 21 0.58
4482 0.2214909433206842 0.2657158375287874 0.934451972841053 71 56 45 0.86
4483 0.545594094729573 0.2146783181918259 0.4965943303812148 130 101 84 0.88
4484 0.5492662829085722 0.2160082833080852 0.5012661525673977 74 48 32 0.47
4485 0.1137237945002647 -0.2077927194350512 1.10337843688122 176 131 96 0.36
4486 0.1262363641674275 -0.1154147394786856 1.072409160100881 80 40 15 0.69
4487 0.1291198034353086 -0.06100277874668861 1.104284122385683 100 72 51 1.05
4488 0.1163188483034804 -0.03867641870732644 1.120435088982135 46 27 18 0.45
4489 0.1350959972167002 0.06854892623875677 1.117123212876351 155 115 79 0.56
4490 0.5292994064101193 0.1147669461880592 0.5184748369479848 135 90 49 0.39
4491 0.5506136720647601 0.1246472353063052 0.5248495423919222 106 80 57 0.4
4492 0.5284951797409878 0.1213784791971964 0.5619438082360786 140 103 70 0.18
4493 0.1904252977356689 0.09323918588806793 1.03106633326115 148 112 78 1.0
4494 0.5203108926825314 0.1070811812363917 0.4339080320262764 140 102 58 0.9
4495 0.5234209874736181 0.1136618274772932 0.4685901210529693 150 121 76 0.84
4496 0.5194129258351948 0.1187053017974906 0.5050369884127215 58 34 20 0.38
4497 0.5144636912573359 0.1227976038363464 0.5043961297727081 66 40 24 0.32
4498 0.5164223025599209 0.1297397804975984 0.5809206753173027 137 99 70 0.36
4499 0.5342328386653825 0.1237527413084125 0.4652834941070403 121 99 70 0.87
4500 0.1674452577551873 0.110098185280909 0.8732127327582799 143 75 42 0.38
4501 0.5150142280904408 0.1415618308693062 0.5067334391025639 89 67 50 1.06
4502 0.5402026018264122 0.1536424047981881 0.5238771631884758 105 84 54 0.47
4503 0.3641488941270047 0.1666155662572472 0.7718185004231688 98 70 38 0.74
4504 0.5281997305560723 0.1561379158297793 0.4044135421021754 43 28 18 0.43
4505 0.2716109879146845 0.2077206970207078 0.8877312791254337 114 74 53 0.49
4506 0.5333745529760181 0.1927560938855932 0.5287127858770047 66 48 34 1.06
4507 0.5236353361735332 0.192595257513734 0.5365191164305381 119 76 46 0.4
4508 0.3619259492793571 0.215176431452397 0.7604829897995402 97 71 40 1.19
4509 0.2449849216075794 0.2341363560591257 0.9119244966398219 125 80 38 0.97
4510 0.06587456508692446 0.2585926289843205 1.163695121539032 49 27 24 0.27
4511 0.5248230050913316 0.1858142521531511 0.4709292895749632 54 39 31 0.38
4512 0.1958013565415215 0.2573098893901212 0.9634551055550223 89 65 37 0.67
4513 0.5430246313872655 0.2102350566167732 0.5157977756991091 144 111 88 0.43
4514 0.5342965082355902 0.2094235759877122 0.5232194240183343 117 74 38 0.29
4515 0.517605662519364 0.2130188117836999 0.5466248780999065 113 64 39 0.08
4516 0.5441686489570416 0.2148810070464431 0.4954256011865363 69 50 37 0.99
4517 0.5408266268371165 0.2278548028428882 0.5216498813854207 167 120 74 0.71
4518 0.5242710915915699 0.2336075719600877 0.5436085473190672 89 62 37 0.46
4519 0.5223781260867191 0.2342303598819253 0.5462865125106418 77 53 29 0.83
4520 0.4852434833374036 0.1541190152896819 0.5975463496417063 126 107 81 0.42
4521 0.1042233388485935 -0.1827633285851753 1.116855717132309 120 89 65 0.61
4522 0.07328174164294843 -0.1845074389061699 1.044308268208937 81 51 26 0.63
4523 0.114263143008815 -0.160143468921664 1.109008922613232 119 88 61 0.22
4524 0.0556766952143618 -0.1322062116993502 1.00818441042291 98 58 33 0.61
4525 0.08064537139958949 0.005830737081977594 1.176747814411061 138 99 76 0.5
4526 0.04299181838619293 -0.03678588658721663 0.9393142355444486 135 103 61 0.69
4527 0.2096568135634747 0.04965757117902475 0.9288840320232405 188 125 72 0.29
4528 0.5357468496993214 0.1188315113208329 0.5143876743849324 95 60 34 0.49
4529 0.5403747753548336 0.1165935285237859 0.5270301101314034 154 108 63 0.48
4530 0.544037619316026 0.12527284237566 0.5444045975590489 128 98 64 0.9
4531 0.07950282006781129 0.03166768384094826 0.8327249969699437 121 66 42 0.63
4532 0.1811740553123616 0.07559281511845267 0.8912773084450925 143 99 62 1.24
4533 0.2072155939102297 0.0947328005053896 0.9170174499066146 156 98 51 1.11
4534 0.5315218101477129 0.1321668996444149 0.5623013427365753 56 44 35 0.49
4535 0.1022027377642871 0.07089970496101261 0.830692565196431 137 82 36 0.68
4536 0.5093429089060624 0.1236760515918599 0.5012826130451915 45 27 21 0.85
4537 0.09169648334961267 0.06950323009262593 0.8237702052342366 134 75 46 0.53
4538 0.4600815177307636 0.1819018368379913 0.6248642968103708 175 131 73 0.47
4539 0.3859117132673034 0.1816282309496589 0.7300163703228408 182 137 72 0.34
4540 0.4995832211822994 0.1664918424551462 0.4909854769995703 37 24 23 0.64
4541 0.5279981873371429 0.1823742684105654 0.5366768639332207 130 88 48 0.88
4542 0.5307757285276997 0.1853970045687529 0.5089548519225517 109 74 48 0.56
4543 0.4028646122329043 0.2394408506572128 0.7027591930331183 141 108 63 0.54
4544 0.5479003850251103 0.2179739348969485 0.4968608038099709 79 61 45 0.6
4545 0.1306285738205179 -0.1330334949341776 1.097420678471873 135 95 66 0.62
4546 0.145246846846961 -0.07784140461743225 1.058830424677199 100 56 24 0.51
4547 0.1909631290366129 0.03364515792094455 0.9153380603138381 151 92 53 0.75
4548 0.5499420660400148 0.1228215909697261 0.5428091854513286 172 114 48 0.6
4549 0.5139368049528747 0.1667288830415322 0.4156013557445855 17 13 16 0.21
4550 0.3556787957657543 0.2193663980181786 0.7712461124978028 97 66 41 1.11
4551 0.1715834868110687 0.03140966113233049 1.056135874131835 122 86 62 1.49
4552 0.5438731135572549 0.1090014115135605 0.5313572620173506 118 78 46 0.83
4553 0.1062374758367842 0.2621428508231378 1.112397178214138 86 56 37 0.6
4554 0.4162463140609331 0.2265819099412955 0.6864591299301469 25 15 12 0.5
4555 0.3824220213893466 0.303044909311524 0.9205282401142022 100 92 70 0.86
4556 0.1146533820448247 -0.02797994887224783 0.993626441662194 192 132 83 0.39
4557 0.0828697634610418 -0.02304906388520409 0.9458625735277382 157 106 53 0.71
4558 0.0847619255721308 -0.01140058154967802 0.851128897885287 173 189 202 0.68
4559 0.1793260823516372 0.06015605577944069 1.02972463875354 175 133 94 0.8
4560 0.5552339869741547 0.1153979888071473 0.5325264309126745 172 130 94 0.8
4561 0.1299173244056051 0.03394868552646574 0.8648761684855233 128 73 46 0.64
4562 0.173315902538261 0.07128179114884411 1.024753213784191 95 55 35 0.68
4563 0.4978216980014841 0.1040298627729954 0.4887257307105766 156 114 62 1.43
4564 0.5233165959615462 0.1304704719157854 0.5139234196732478 75 43 27 0.49
4565 0.5452449893745182 0.1504850998682097 0.5268567293050274 127 96 67 0.63
4566 0.2545853837902926 0.2255010410987802 0.9063541951778178 110 69 49 0.89
4567 0.07899294004375101 -0.05666808960063527 0.9755303307540775 170 131 88 1.0
4568 0.5148354696102136 0.1289318023774545 0.5074306987294929 84 55 32 0.94
4569 0.1899463637195279 0.1103112842431228 0.8986408300826063 162 101 48 1.11
4570 0.5004210087819836 0.1467488255284029 0.4886446836887566 27 14 12 0.61
4571 0.4857970572154447 0.1707198597659773 0.5957126014481867 116 86 37 0.75
4572 0.1284668477524113 -0.05550753838689274 1.027998753264042 98 69 48 0.24
4573 0.2247670881488105 0.1385260270515005 0.9007877518302344 197 118 63 0.97
4574 0.5190134003301577 0.173920583314608 0.455945640987535 128 99 57 0.87
4575 0.4786232560593539 0.1700745646860695 0.5992208482846625 95 72 48 0.8
4576 0.5437168580979989 0.1210090437751596 0.5121368365817667 155 92 40 0.52
4577 0.08625309816720572 -0.2248453061114494 1.086585739633307 86 58 42 0.86
4578 0.0500667896869178 -0.2228831969217157 1.0521660816564 158 155 153 0.61
4579 0.06091631614146431 -0.2049027956282123 1.047268644593853 87 66 54 0.2
4580 0.08858159717915737 -0.1856325848603773 1.055520980031139 97 84 69 0.58
4581 0.1333375995656014 -0.1110161005260394 1.068714275908704 80 59 38 1.1
4582 0.1267264240167132 -0.08628863647348514 1.100959711463807 70 43 31 0.18
4583 0.141343951649411 -0.07893705513546642 1.078550790169676 105 72 52 0.57
4584 0.1262682953223862 -0.06019533285455056 1.103865991120605 88 58 40 0.44
4585 0.1339355325231394 -0.04338902550040216 1.027243428973288 117 84 57 0.38
4586 0.142046697330056 -0.01385059424229326 1.090966523195203 123 92 60 0.4
4587 0.02557218141305073 -0.05216309895511542 1.191279781252094 62 44 43 0.21
4588 0.02626762264257576 -0.03931506441788532 1.190445943074227 68 54 47 0.23
4589 0.543074812995892 0.09447236977615281 0.5447499789739036 78 53 34 0.61
4590 0.1229566316093607 -0.02624050378179388 0.9569069980569808 155 114 76 0.39
4591 0.0431384024820185 -0.04736401549915772 0.9468201139340505 152 106 76 0.34
4592 0.1024132538549244 0.04054777114828906 1.14800243339577 106 77 63 0.31
4593 0.1766431125063662 0.03547417915644896 0.8974867699325826 83 60 46 0.28
4594 0.2766590846970231 0.07805427805508267 0.9083652384727646 147 106 74 0.79
4595 0.1671537722475422 0.0566468721776052 1.023571418046762 74 42 26 0.51
4596 0.1845526307748767 0.07124604551771738 1.036289359551532 110 82 56 0.46
4597 0.1387181110298506 0.06132773378260792 1.103966254631123 66 52 36 0.36
4598 0.5278936303439064 0.09940494059351225 0.5668302110424975 123 81 49 0.73
4599 0.5241766470782087 0.1019758307134915 0.570128908332152 98 72 49 0.23
4600 0.1628412136402916 0.08883024516572563 1.004797950992512 75 53 39 0.2
4601 0.1358299246055215 0.0923044049067972 1.122735232467927 152 119 94 0.39
4602 0.112890477229259 0.08438597875606146 1.151470712481367 95 61 45 0.12
4603 0.1134167074581471 0.09285019881840309 1.146668196595208 110 85 66 0.26
4604 0.5470904596306208 0.1108709315284553 0.528284727671598 103 58 28 0.52
4605 0.5387789065808481 0.1111730496099039 0.5449551631764009 73 49 33 0.26
4606 0.08805337925171686 0.02243770165513245 0.7777894323363567 150 117 97 0.71
4607 0.1504247968579239 0.06099038632786982 0.8609259045187944 82 47 28 0.84
4608 0.1864820645890526 0.1115350327269535 1.040199805094176 96 64 46 0.05
4609 0.1691987380808805 0.1210882496762496 1.071134568777669 120 85 62 0.51
4610 0.509008684506273 0.1048900937223108 0.5059897934073082 128 92 60 0.15
4611 0.5131842039603367 0.1016061680011518 0.5111502181951533 118 80 47 0.53
4612 0.5197334037690617 0.1061146462821803 0.518141315124569 113 79 54 0.64
4613 0.5512097442139859 0.1297014289521634 0.5444178268358387 108 72 48 0.63
4614 0.5206230734062688 0.1160417837945239 0.5683106885223689 103 71 48 0.46
4615 0.1514191219431623 0.128446707398898 1.099660009534426 93 69 50 0.62
4616 0.1505913563078945 0.142595740620014 1.093287581180356 84 64 52 0.1
4617 0.5193339675983594 0.1117658361623858 0.4397941927736989 79 60 43 0.49
4618 0.5192546180841109 0.1142446869212306 0.5030357207466309 141 102 61 0.55
4619 0.5192427387277189 0.1197924946467345 0.5013642449411353 45 23 17 0.28
4620 0.5450189919316653 0.1332277672249264 0.5279289132771496 92 79 64 0.48
4621 0.526733900577398 0.1336039110087864 0.5682200733607183 41 25 13 0.55
4622 0.525892705811233 0.1335831689910171 0.5699910628898113 83 59 42 0.75
4623 0.5264353681331733 0.1326626212305047 0.5762362217158664 178 128 76 1.17
4624 0.516978976354419 0.1366222598922542 0.5814909477647225 50 36 31 0.34
4625 0.5539839924583408 0.1140278383043302 0.4038120284716237 183 148 104 1.62
4626 0.5150474305604226 0.1311042224700149 0.506928722768538 52 30 20 0.51
4627 0.510334107202298 0.1311603430572343 0.4995371133024917 70 49 34 0.14
4628 0.5290189545830051 0.1363561673240197 0.5182926021946388 75 52 39 0.12
4629 0.5114514423349207 0.1472325471117905 0.5722379577631834 83 55 34 0.12
4630 0.5003659749270551 0.1415552247981088 0.5841840065259877 57 37 25 0.27
4631 0.4708932676850592 0.146444839566746 0.629926823522125 106 83 62 0.65
4632 0.4404557396014778 0.1508000106493989 0.6704943955858017 152 118 86 0.17
4633 0.1237692791007715 0.1073486638940026 0.8337615015613842 115 69 38 0.42
4634 0.1787647487513394 0.1327926410121579 0.8770791505217499 137 79 41 0.38
4635 0.1518725812588106 0.1746398484779386 1.091074948362618 72 52 39 0.43
4636 0.5396457808125651 0.1515929308060284 0.529531549227237 64 34 20 0.41
4637 0.5242008987715746 0.1532546058101907 0.5517650127445459 60 38 23 0.47
4638 0.5222278614127988 0.1519567451542294 0.554078947581859 75 41 24 0.6
4639 0.5201039465452797 0.1532037071018479 0.5569314585693195 108 81 56 0.38
4640 0.510682200920426 0.1513676732801703 0.5720715155462969 104 73 48 0.18
4641 0.5093777738595456 0.1569569931421249 0.5718203190585049 84 52 32 0.25
4642 0.4121569590253761 0.1667355630749874 0.6950921947460302 156 134 114 0.2
4643 0.3635584264645154 0.1778628755724535 0.7696283384986835 111 73 37 0.29
4644 0.2892264635073452 0.1781510355744211 0.8643407787065558 77 47 28 0.46
4645 0.2851159274036018 0.1816799483587284 0.8767733853487234 120 84 47 0.31
4646 0.2799568902112735 0.183441573766011 0.8834911470517841 87 70 59 0.13
4647 0.1990624432699345 0.1913822656022349 1.000191317212034 62 47 38 0.2
4648 0.1921360304229661 0.2012826883638525 1.037723071791415 95 78 67 0.09
4649 0.1346940775423844 0.197957639039222 1.101240907338248 21 14 16 0.16
4650 0.5225591648979983 0.1622171418460868 0.548386468212602 105 79 57 0.44
4651 0.511413831280142 0.1655613986035164 0.5642579925113193 71 62 51 0.42
4652 0.5087372770947716 0.1726866073065276 0.5656028747103691 95 64 43 0.2
4653 0.3367607507452931 0.1956728785523352 0.8022113048316077 96 73 52 0.34
4654 0.3262251808681594 0.1901615686522511 0.8153560649953668 111 78 50 0.59
4655 0.2383374995445669 0.198823389020502 0.9207750542256322 53 37 27 0.21
4656 0.1153382213217801 0.2124558029655433 1.128554867456102 77 62 52 0.19
4657 0.5011861490893754 0.1648712161736807 0.4951058124787259 69 56 50 0.49
4658 0.5359149641570827 0.1752557387724782 0.5250817297060305 116 85 51 0.68
4659 0.5197011430196545 0.1730862383186945 0.550280975445567 109 70 38 0.46
4660 0.5207463126999311 0.1821140842802378 0.5491729049900727 107 65 37 0.54
4661 0.4127439495219973 0.1966136802213901 0.6848297492614341 145 98 45 0.26
4662 0.2108746675074724 0.2295336211115291 0.9738323133136433 66 45 36 1.24
4663 0.12106795982254 0.2361191036483121 1.112483568735605 66 50 43 0.16
4664 0.5165377387543828 0.1829357240442553 0.4991235918477687 74 56 34 0.71
4665 0.5376254889869012 0.1806010029868 0.5232393520395412 56 33 18 0.07
4666 0.5359380628622551 0.1825122298931982 0.523116416874841 162 128 92 0.59
4667 0.4735862279747868 0.197148312076517 0.5998833192222525 116 93 69 0.24
4668 0.4538306757733926 0.193574227903714 0.6244073595703783 118 90 62 0.38
4669 0.4454392279253022 0.2006802797445909 0.638775414281249 163 117 64 0.41
4670 0.4296172402483388 0.2063217179756756 0.6563560566775402 96 66 41 0.42
4671 0.2595044499465424 0.2377395810624731 0.8913431653446056 103 62 30 0.63
4672 0.1092049017245363 0.2498558105210934 1.085023494294344 62 48 37 0.73
4673 0.5186469943016526 0.1845997591787023 0.4543324192763273 77 49 28 1.0
4674 0.5272608138901587 0.184817031262011 0.4621209028859783 137 89 59 0.67
4675 0.5179982022934186 0.2029850252823507 0.5495038714403733 38 24 16 0.27
4676 0.4373578952352243 0.2120012722480816 0.6564939172687695 97 75 52 0.25
4677 0.520642226640693 0.1893667805585993 0.454552171149217 164 126 81 0.74
4678 0.5253622468428109 0.1936140449744975 0.455267484813599 104 73 48 0.52
4679 0.526488665342038 0.2035956249290358 0.4976488970028831 92 58 38 0.54
4680 0.5421180992419736 0.2088219562589301 0.5114747109713312 133 101 74 0.81
4681 0.5296376839322186 0.2083070541827095 0.5299484845470283 151 102 56 0.81
4682 0.355772968808116 0.2469060718536865 0.7634650129190155 146 99 40 0.67
4683 0.2702607186496108 0.2730811427069958 0.8900330165076031 104 73 50 0.59
4684 0.5537501794016582 0.2055516819214986 0.4645650269617704 123 93 64 0.65
4685 0.5330108692157249 0.2291908540461969 0.5322551152741815 174 121 75 0.3
4686 0.528797102652839 0.2304023253012919 0.537461748462176 98 68 45 0.93
4687 0.5142619885319568 0.234817410597588 0.561239943423423 110 74 44 0.33
4688 0.06496704460094804 -0.2035985260392256 1.051256952684057 119 86 62 0.33
4689 0.1115230529720758 -0.1496219532241522 1.066746887371969 86 74 65 0.31
4690 0.1203450733359939 -0.1540726065368479 1.109277069737335 62 47 37 0.69
4691 0.1180995494404857 -0.1156647713980547 1.123961227699229 94 68 53 1.11
4692 0.1130575318765399 -0.1109946600106243 1.125454541974982 76 59 50 0.88
4693 0.07003432088157946 -0.1181540638362432 1.164431920667065 124 100 81 0.47
4694 0.1400184238201713 -0.08013462409083169 1.08338482842838 101 75 46 0.31
4695 0.1022584011118244 -0.08379038636661193 1.139978625943756 67 52 46 0.69
4696 0.1117202789492122 -0.02829139433500288 1.134010578039057 104 84 67 0.71
4697 0.1688708395479979 0.008499076309647163 1.048769210707984 129 99 71 0.14
4698 0.1586366928737803 -0.007877684104986682 1.070595561835322 82 46 28 0.38
4699 0.1594742334522781 0.006440292651421653 1.071118214769303 75 50 38 0.61
4700 0.1507245980043339 0.008394421567591515 1.016231847542866 163 119 74 0.17
4701 0.1480922748986148 0.007436148153682737 0.8764734311838864 168 143 120 0.28
4702 0.2076119837594299 0.03828573608889413 0.9329064623466857 193 136 76 0.4
4703 0.4153942435019142 0.1057192012969874 0.8467118543926632 145 100 67 0.87
4704 0.1698417808905698 0.06258209682773447 1.007012664423774 104 68 46 0.43
4705 0.1186849764160173 0.05864248708597128 1.128934508106771 135 103 78 0.4
4706 0.5391784794738136 0.09672042091819222 0.5497458115992427 99 74 50 0.17
4707 0.5419046532950039 0.09917334988138479 0.5460840951393314 92 67 45 0.21
4708 0.1085310572995121 0.02527894269489697 0.8390598497375839 176 120 82 0.68
4709 0.1520893061149211 0.1020426563838333 1.091596342661118 71 50 36 0.46
4710 0.537270183301553 0.1076358285483063 0.5288542145826337 111 72 40 0.27
4711 0.189508255843796 0.09814297724884456 1.008604724565915 108 85 57 0.17
4712 0.3680565620441937 0.04642177175246545 0.4066274447397148 147 106 68 0.74
4713 0.1510860001203553 0.1315542024843055 1.094214874478914 81 46 28 0.2
4714 0.5365371294206067 0.1310308786429592 0.5526075428905666 33 21 18 0.42
4715 0.5250249080755943 0.1366842835613857 0.557074252656827 55 29 16 0.32
4716 0.07656166735564995 0.06872321132939327 0.7482314990779981 176 158 136 0.83
4717 0.08946471366550346 0.07562274849404588 0.8219356692388278 117 59 26 0.64
4718 0.2442788616061826 0.1459646718541966 0.951048639289868 41 22 16 0.41
4719 0.5319672817455402 0.1229077918090217 0.4669987248179846 75 60 33 0.79
4720 0.515155640701584 0.1297744950194592 0.5086375798351075 102 67 39 0.29
4721 0.5222827762780444 0.1336757857791641 0.5116184497009266 44 24 20 0.4
4722 0.505642798932056 0.143801942169464 0.5805815306550925 41 23 13 0.2
4723 0.481857577374698 0.1496072783410323 0.6050864570493758 112 89 67 0.79
4724 0.171655594075783 0.1267193172148256 0.8734943433200487 156 102 64 1.03
4725 0.5397117194221659 0.1479554234642588 0.5305646322400474 66 39 20 0.41
4726 0.2767331693166392 0.1858404649109787 0.8896272888431598 75 44 29 0.49
4727 0.1748753484803548 0.1875360182218231 1.032523301996795 106 71 47 0.34
4728 0.1402588791858651 0.1878611746428433 1.073861729504463 100 75 65 0.48
4729 0.0945333813863356 0.2093203997251254 1.146774578609675 38 24 21 0.19
4730 0.2932621848117565 0.1898597394732794 0.8638339744084987 62 44 33 0.33
4731 0.4824880968685448 0.1784077892235653 0.5923757415909362 137 107 58 0.36
4732 0.4110972373040368 0.1936660567428315 0.6882043726506235 108 72 41 0.15
4733 0.5194354281662933 0.1497703788738385 0.3733881816843988 59 40 26 1.35
4734 0.5080773123103252 0.1648784525291614 0.4175649811866639 73 52 35 0.62
4735 0.5423244513286352 0.1879343151485597 0.5189217937337475 126 84 46 0.34
4736 0.5350970019344368 0.1874251648689399 0.525793513991296 142 104 73 0.16
4737 0.5319373586294569 0.1900564870951587 0.5322797227925945 39 25 18 0.24
4738 0.5270281932512495 0.1873560359481235 0.5351043952425278 90 54 36 0.33
4739 0.5288011556010094 0.1888647952224987 0.5341826126848012 99 69 49 0.89
4740 0.5219402996135042 0.1897663153582778 0.5412434935402038 111 69 47 0.2
4741 0.4950399406361824 0.1853307628848793 0.5734006994827778 65 40 22 0.17
4742 0.467553228754105 0.1964994961041401 0.6081133144574065 133 96 48 0.31
4743 0.4418625367843519 0.2017745170965551 0.642739991728801 120 88 51 0.5
4744 0.4058814683732747 0.2005152365075855 0.691343095048422 153 110 71 0.17
4745 0.1533064067876802 0.2596111041283482 1.040558147736353 71 44 31 0.42
4746 0.5196544183287951 0.1934516550378356 0.453076932843454 129 98 61 0.78
4747 0.5326402739664 0.206742297422823 0.4968926540857004 77 59 47 1.19
4748 0.5276529925067017 0.205540771030728 0.497796425896141 84 54 40 0.74
4749 0.5608438031028985 0.2121652305155413 0.4770298206556391 157 114 84 0.4
4750 0.5279737021743333 0.2201293906786329 0.5443607717788217 132 98 66 0.37
4751 0.08558304376116666 -0.1830997851770922 1.055377867004097 96 68 49 0.74
4752 0.137890546763463 -0.06610583252427263 1.095601398432907 128 93 65 1.02
4753 0.102804228630258 -0.06917365832256159 0.9936320670239231 159 106 58 0.32
4754 0.09096762525562851 -0.0222779198163835 1.156700306173458 95 83 74 0.18
4755 0.1453119485694066 0.006755776142552683 0.8782492537824271 188 176 164 0.82
4756 0.09847584369699414 0.0006736475251777896 0.851524194734138 113 68 42 0.93
4757 0.2537735170810335 0.06607609371516621 0.9149234428247102 155 102 64 0.32
4758 0.1673793502808875 0.06824173017738891 1.014433375662048 130 94 64 0.64
4759 0.09277274379632106 0.08159389969783518 1.12442213798733 52 35 32 0.99
4760 0.1768218827691161 0.1195334116441731 1.048856369478419 68 46 37 0.39
4761 0.2539579413024614 0.1293557317930247 0.9527904086561398 121 86 60 0.27
4762 0.1870039307785008 0.1316939463649249 0.9969058750973208 132 98 62 0.47
4763 0.5389891404590696 0.1208889951563208 0.4607894857926519 115 77 29 1.15
4764 0.5096004716836037 0.1447501254827758 0.4981126257982718 38 25 22 0.91
4765 0.07130808129709298 0.2016826521130393 1.146847324146334 54 33 24 0.12
4766 0.5252647029423957 0.1746812452338077 0.5378823233803697 86 54 29 0.9
4767 0.5336599258636419 0.188030508018547 0.5302570360825382 101 68 46 0.77
4768 0.5170141081865712 0.1912772431615933 0.5528345915503072 131 75 39 0.66
4769 0.4846060644670938 0.1950117139761625 0.5837941612085511 80 57 35 0.45
4770 0.438378273595404 0.1944054445075883 0.6491347110511397 125 89 36 0.51
4771 0.3796973755915611 0.206599507311807 0.7298536616120339 99 70 39 0.49
4772 0.2979907948857371 0.2434068979438051 0.8416578757813467 60 30 16 0.31
4773 0.5361084912519239 0.2319334732595473 0.5304434769654501 99 71 42 0.97
4774 0.5141782309016497 0.23584838082471 0.5565680125390127 76 51 32 0.32
4775 0.1166174884329264 -0.04903450562497338 0.9972866570960099 95 59 35 0.61
4776 0.153968497448444 -0.001872359643035143 1.040830956919129 125 103 77 1.31
4777 0.17564701200957 0.119334649914928 1.063107583121767 132 90 52 0.98
4778 0.1271902666053497 0.1252651159578131 1.142526122618939 143 110 82 0.76
4779 0.5263268508397511 0.1154374359383998 0.4706159624756753 125 97 59 0.74
4780 0.182672136576944 0.1379940267822577 0.8891918445181355 141 92 51 0.93
4781 0.2054061076692059 0.190162721397114 0.9891988304989807 85 62 48 0.36
4782 0.4789984853105525 0.1656702065348333 0.6027278482017593 110 80 43 0.59
4783 0.1512659816089484 0.2174577457327488 1.077624918248851 96 76 61 0.48
4784 0.1169310410746838 0.2176890603029576 1.128694869451557 48 36 29 0.62
4785 0.5206320341481895 0.1732235972912878 0.5094450609021094 162 110 64 1.0
4786 0.3960886283147622 0.189921022929408 0.7090143549378265 98 70 39 0.93
4787 0.4372545986381949 0.2036931415706439 0.6449635854731665 82 61 36 0.83
4788 0.2654292295112671 0.2698717662883445 1.045107914069998 37 24 18 0.46
4789 0.5309017514476365 0.2136900385534487 0.5351158838523823 121 85 56 0.26
4790 0.5063702593605539 0.2151390639591087 0.5605900818004288 106 62 35 0.41
4791 0.3320222200462108 0.2498094167620898 0.7935686803782844 126 93 73 0.38
4792 0.1689602011128912 0.2938523330518921 1.060426816679988 78 57 48 0.32
4793 0.4725910665433489 0.2434172149215662 0.6139995974970971 61 49 39 0.51
4794 0.09537089592714643 -0.1685638727956852 1.1340003857479 68 43 32 1.09
4795 0.5127868520687222 0.1028423318930789 0.5841080434287076 175 125 58 0.68
4796 0.5469781541416542 0.1357659136712677 0.5321188680196118 86 83 75 0.86
4797 0.4686164708795456 0.1625016934042902 0.6196366698787286 111 83 53 0.46
4798 0.3386129230383375 0.1756516566252672 0.8081903320114214 100 74 38 0.58
4799 0.5089482273084308 0.1678932899340979 0.5002216670662603 102 65 43 1.01
4800 0.4987082465465628 0.2257971168294701 0.5819829551733506 146 117 78 0.74
4801 0.121001720419223 0.008884650241280156 1.134837846566993 125 100 70 0.65
4802 0.2259091130882068 0.04300818853256375 0.9297138264716804 134 68 38 0.58
4803 0.1607223733185885 0.106360385297106 1.019557070113836 76 39 24 1.11
4804 0.5196025919750481 0.1316576125250286 0.5797285882301744 113 93 78 0.73
4805 0.1862218294834531 0.1152141595356207 0.8676770322157215 133 76 38 0.55
4806 0.164837390983216 0.2580570549283922 1.021819143812988 62 38 22 0.88
4807 0.5587986811253137 0.2180216291680804 0.5126054365226984 87 54 37 0.94
4808 0.1273004754749505 0.09169303306947227 0.8367826531300002 192 129 77 0.97
4809 0.2125545768351548 0.1251235342119215 0.911467112501245 137 78 43 0.47
4810 0.1533522266705331 0.124306112577304 0.8674671097813929 154 92 47 1.06
4811 0.1405235417405618 0.2542471672278197 1.061306429939746 52 38 24 0.82
4812 0.5066814737329297 0.1807831151729187 0.4230065942846314 55 39 33 0.8
4813 0.5323537024383118 0.1202936606401846 0.5134927283470923 109 85 64 1.02
4814 0.3991876251928876 0.1618384920247718 0.722602951611393 91 55 25 1.17
4815 0.5251349987418935 0.1567791325326777 0.5373762822937387 74 43 24 1.28
4816 0.07537061599132711 -0.1261385596564158 1.026239224113527 112 72 42 0.29
4817 0.1279364682630185 -0.07648875103563504 1.044446566593098 64 44 32 0.49
4818 0.1937283301284524 0.1124202343463429 1.011226868820735 79 47 29 0.28
4819 0.0942475629532461 0.06909793322178912 0.8262123167248185 126 75 34 0.57
4820 0.1319229286400173 0.08489749829064824 0.8481526605825681 108 56 28 0.38
4821 0.1532275887675192 0.07561017873914086 0.8600366468880183 138 89 45 1.02
4822 0.5088143778457146 0.1427861788812991 0.5773656350728719 185 132 77 0.19
4823 0.1599057661019799 0.1084641308578195 0.8603399355711355 93 54 29 1.11
4824 0.4553063334805653 0.1648088800159194 0.6362868464935468 101 81 58 0.27
4825 0.5391296228539101 0.1658558526962076 0.523437075010304 167 108 36 0.33
4826 0.4765081476930597 0.1741027837502542 0.6044253899901191 82 59 45 0.46
4827 0.5195277156761354 0.1792847695829224 0.5474526239057105 70 39 23 0.48
4828 0.5146715344748145 0.1805009216028911 0.5541939787835077 78 40 23 0.42
4829 0.3560232107335923 0.197888703929945 0.7745777807836791 86 63 41 0.54
4830 0.4256212245358114 0.2049810106560962 0.6629449138720275 99 66 35 0.5
4831 0.1406856067424395 -0.1147332954217259 1.080981345588062 123 87 54 0.83
4832 0.2229810052346857 0.1083200282041769 1.017764392292428 117 78 36 0.22
4833 0.1336598683086386 0.1006108863673575 0.8377494417646401 130 72 29 0.9
4834 0.5349587060608255 0.1684458963410401 0.5277890558221467 221 135 40 0.17
4835 0.5152797438490475 0.1699568199743507 0.5568925257577813 97 52 28 0.43
4836 0.1677831184207111 0.2018955815241079 1.050155785676652 85 62 47 0.75
4837 0.1659078587127661 0.2032397565010775 1.059973527333441 82 61 42 0.47
4838 0.4860902358600789 0.2106605370791086 0.5902242934633175 102 73 51 0.61
4839 0.1956749493878745 0.2260998601338363 0.9964614400039145 87 58 39 0.66
4840 0.4827857232203526 0.2097202388780522 0.5947774490098146 82 54 30 0.84
4841 0.1855216361473823 0.09879482361151065 1.042187195769824 82 55 39 0.7
4842 0.161347840243741 0.118305472085458 1.081021154862056 83 49 24 0.52
4843 0.2607536240849905 0.1640494775074244 0.9151191114518489 115 76 38 0.56
4844 0.5304760053491554 0.1531476417907339 0.5439088032252201 53 30 13 0.47
4845 0.1382074710526817 -0.09171653931277476 1.087049691248052 126 93 61 0.7
4846 0.09989572500211075 0.05159624047913122 0.8313430943059199 138 77 47 0.21
4847 0.05021679052251582 -0.07406077480186599 0.9717223138572781 90 52 30 0.81
4848 0.1970786091226294 0.1155101295074271 1.023071344253314 71 46 30 0.75
4849 0.5316787772248113 0.1864614187345999 0.5239667511766526 59 35 20 1.08
4850 0.5395145441871532 0.2041144031049723 0.5216463094224523 142 84 25 0.67
4851 0.1007675224739752 0.002028003355495633 0.8434322961957488 128 87 57 1.26
4852 0.1054019662570528 -0.2206380110606851 1.101845280067306 82 51 32 0.34
4853 0.1271685122976237 -0.1228759281634731 1.072967978298081 138 79 40 0.45
4854 0.09630859350731669 -0.09630216790575954 1.01838441889214 138 102 76 0.45
4855 0.06296954769016394 -0.08966737332848937 0.9987392653101075 113 76 46 0.61
4856 0.07681186892453895 -0.08974140837591291 1.004690426540511 77 42 23 0.45
4857 0.1133203115300328 -0.06644326548798343 1.017017626075565 102 70 50 0.33
4858 0.1333471180913718 -0.04699005285231392 1.10574977347461 68 39 27 0.11
4859 0.1345409487129559 0.008104268492502703 1.113494023048604 110 76 49 0.56
4860 0.1644918005258846 0.02479706729345538 1.021077746963922 186 120 63 0.28
4861 0.1506469209217895 0.01372770579681037 0.8693835603631026 142 87 51 0.52
4862 0.5369282839986641 0.1320365825706182 0.5247018352482983 91 58 32 0.41
4863 0.1256630284965438 0.06748814902014541 0.8474162781557457 213 130 64 0.28
4864 0.06994533640283862 0.01933283886417544 0.8103886627559098 226 226 223 0.49
4865 0.1714835804121386 0.100633392709589 1.010783298058698 137 93 62 0.37
4866 0.1771613865571606 0.1026537931746139 1.069766619914575 85 46 21 0.4
4867 0.513121311651039 0.1307698424077612 0.4992975701585291 160 104 56 0.23
4868 0.5391567996381651 0.1452758267403226 0.5329213474015633 76 52 31 0.15
4869 0.1862352419717184 0.1010178741270471 0.8947365415765481 119 68 38 0.53
4870 0.4570381655890235 0.1534901361885343 0.6430424582946771 88 57 28 0.84
4871 0.2770867825078335 0.1424220112403854 0.9039443551024893 84 48 25 0.86
4872 0.05394691703075272 0.1778916047852991 1.218839861020793 118 118 111 0.86
4873 0.2028222133262659 0.1909718562892841 1.001105141703596 128 81 53 0.43
4874 0.5224167888699989 0.17937010649353 0.5048237688407361 71 43 26 0.31
4875 0.2897858785610789 0.2042918193489878 0.8665568665157404 105 82 48 0.35
4876 0.0583957477587691 0.225815564068044 1.20284675009215 95 91 90 0.46
4877 0.5266561241739276 0.186644432245174 0.5042239515957073 122 67 36 0.37
4878 0.5406256697525395 0.1855897340019759 0.5123384108606325 141 87 48 0.25
4879 0.5375056271832878 0.1866066290106357 0.5104721368602178 107 63 32 0.64
4880 0.4490913465411092 0.1996641838904733 0.6317309282677708 70 48 26 0.36
4881 0.3832936180012764 0.2055342577834271 0.7214944913015461 151 87 22 0.24
4882 0.161533204390466 0.2638738222859209 1.027002163743253 57 31 13 0.91
4883 0.4781350431038243 0.2366089203240559 0.6072417909507589 124 87 57 0.56
4884 0.2944546337704108 0.3119905377386354 1.071826067385904 128 94 61 0.82
4885 0.1397277877802686 -0.09879207052854813 1.086877926211368 145 107 80 0.13
4886 0.1578630387419615 -0.04767136752008347 1.054635930747704 88 50 25 0.25
4887 0.1240101532099515 -0.02123848817644131 1.006397573023313 186 115 57 0.14
4888 0.1667984362537893 0.01743899288654976 1.060012460574331 110 77 51 0.46
4889 0.1503522172679118 0.01083760651378199 0.8736610861024412 107 75 51 0.45
4890 0.2185054400909963 0.08283414467006889 0.9264171130110463 179 122 74 0.57
4891 0.5038691808380349 0.1044297411810196 0.4511498465748887 44 25 18 0.76
4892 0.5358165977253296 0.1286894150247075 0.4747464335507161 123 81 49 0.63
4893 0.2754811798510565 0.1291755746371964 0.9153286489147889 82 51 30 0.91
4894 0.2468080262160662 0.1554355029410226 0.9381548452478297 127 93 60 0.52
4895 0.4440255858608896 0.1664770856219357 0.6609577101610528 171 141 116 0.68
4896 0.5100788468411019 0.188150132628991 0.4399832218255801 42 31 27 0.53
4897 0.5314503746126078 0.1981626616791332 0.5002201616396051 176 117 81 0.55
4898 0.4388991096428715 0.2132520730203113 0.6483488240162144 50 34 26 1.05
4899 0.134871183847273 -0.1730373626064556 1.084873238415142 173 113 63 0.14
4900 0.1465940122916404 -0.07515941334272105 1.081277052006354 155 114 85 0.25
4901 0.102050018074216 -0.09712200071696322 1.137133224833246 57 34 26 0.48
4902 0.1400645879847572 -0.005411365549066682 0.9616776219142488 146 98 66 0.09
4903 0.1227387106925704 -0.01536675073571619 0.982312111494553 110 73 44 0.4
4904 0.1866200456122155 0.05497791626526202 0.9015875027982041 102 49 17 1.07
4905 0.5235470279529736 0.1707917345897648 0.5096607578055238 119 77 42 0.76
4906 0.4725304234258624 0.1738643600814352 0.6095381014207674 111 83 45 0.78
4907 0.5292229137913865 0.1900978280697599 0.4571545475462145 168 115 81 0.74
4908 0.4642561137290134 0.2143513143053497 0.6163321628206561 91 70 50 0.34
4909 0.1385681497565631 0.2709946704204007 1.071553891480794 71 50 44 0.89
4910 0.09678675690687433 -0.1491642801702314 1.049248826979609 85 43 14 0.2
4911 0.1279185795517532 -0.1500292485461505 1.086231286541059 161 113 68 1.23
4912 0.1047699833299756 -0.1590462970896002 1.129478223822249 120 81 55 0.76
4913 0.112244004380666 -0.0359737954986907 1.133844439667157 79 38 19 0.15
4914 0.1323680607802583 0.004571184102988929 1.120253514614127 148 116 83 1.17
4915 0.1237945420350468 0.01696923876392098 0.8547681951018461 115 64 37 0.64
4916 0.1315872310093834 0.05108201819779326 1.107084508772542 73 38 22 0.66
4917 0.1096988305477561 0.02698979424834494 0.8726114448705344 108 60 27 0.85
4918 0.5116708524980617 0.1267018961214265 0.5059524124192682 113 74 49 0.3
4919 0.5255985673953659 0.1461839638374556 0.5133799142590144 136 76 36 0.25
4920 0.5107402307752147 0.1467508080125992 0.5747346758328433 33 19 13 0.29
4921 0.1489635504452768 0.1974971659989818 1.07507746321336 68 46 32 0.51
4922 0.0776275371409052 0.1918050070603552 1.166339969289907 74 50 39 0.36
4923 0.5146973660312314 0.1866642024323294 0.5517855625395514 104 55 16 0.19
4924 0.1176682599895411 -0.08619324717774965 1.039280243435966 126 80 48 0.69
4925 0.1003259791670966 0.009213764018089321 0.8474731176650309 221 138 54 0.55
4926 0.2191626931200391 0.128568229503093 0.8885626265211264 169 89 28 0.41
4927 0.2395444464350696 0.2045163386657881 0.9316145513418841 45 26 14 0.51
4928 0.4841337612587843 0.1942601531625399 0.5831471660844456 48 27 15 0.46
4929 0.3687934010446627 0.2127904675458464 0.7459302782747034 56 35 15 0.22
4930 0.1368808863233084 -0.03930591442821588 1.094565013809812 56 35 27 0.52
4931 0.2041718638442517 0.03479491876529381 0.9263788518360592 163 107 59 0.66
4932 0.514001929603765 0.1532432224524606 0.4277084712131171 82 61 35 0.93
4933 0.5169283536724747 0.1981019810008969 0.4956585383660086 108 67 33 0.8
4934 0.5474753232375451 0.2042420031170684 0.5122283395752055 154 102 73 0.61
4935 0.1610780501845274 0.253632934554777 1.03454185607449 74 43 18 1.06
4936 0.5387666151280954 0.1253430361911208 0.5173685054812081 33 21 13 0.5
4937 0.5016009505080138 0.1668799645857147 0.3784019261462838 6 5 4 1.49
4938 0.518505574823052 0.106690261304076 0.5336747010409583 184 110 40 0.4
4939 0.05988972964804784 -0.2842219250697029 1.157171348886273 126 112 104 0.86
4940 0.04786801805095886 -0.2283687312241391 1.065342523463535 134 130 128 0.85
4941 0.1098609483319737 -0.1855542555610238 1.083263648559811 89 60 35 0.62
4942 0.113051487211747 -0.1892491113036085 1.0868671349335 120 90 60 0.66
4943 0.06053046117757221 -0.1967804684048704 1.043596733764585 72 49 37 0.26
4944 0.0975067162972062 -0.1490214763170199 1.041968986529241 130 88 53 0.16
4945 0.08700063951828285 -0.1334937099468803 1.032499891132634 64 43 33 0.16
4946 0.08526601654907628 -0.09514093668027748 1.007363348066092 84 58 40 0.37
4947 0.09303803299881186 -0.0836277931170353 1.007490976468161 82 54 35 0.21
4948 0.04122591398014419 -0.06610896142362307 0.959176795756294 93 65 46 0.24
4949 0.1368098838999854 -0.01732331386274669 1.007764786119437 136 87 51 0.19
4950 0.1382490899064708 -0.005551713937244324 1.006969614002359 165 118 72 0.19
4951 0.1281099930175085 0.03343916472633127 1.132903707455625 98 71 58 0.6
4952 0.1308270494998553 0.04667838134033589 1.11516360579857 104 73 56 0.28
4953 0.2141458070991524 0.05225864407809358 0.9232338258907459 157 106 68 0.33
4954 0.2855098045062772 0.07415994250523916 0.9116362430834033 127 89 57 0.15
4955 0.1638587552350155 0.06427171327030975 1.016510310089281 82 49 26 0.33
4956 0.5334275295449379 0.1137772604026887 0.5521717197574353 145 92 29 0.69
4957 0.1091991719179269 0.02530762116853 0.849827196117475 138 93 60 0.54
4958 0.213378800486181 0.07039174006158042 0.9219843531263046 76 40 21 0.42
4959 0.4757286059895125 0.08686237897908267 0.4867030224123893 85 57 40 0.98
4960 0.5490529868418087 0.1253416238550056 0.5401558428721465 89 59 36 0.27
4961 0.5151980598984327 0.1203340848320731 0.5772006280805446 128 90 48 0.2
4962 0.1268568202027258 0.05875457827173086 0.8531930136770753 136 92 58 0.66
4963 0.2488869805117662 0.1498794287777635 0.9395833155846727 110 83 55 0.48
4964 0.5279009913579559 0.142454827006896 0.5478188151013713 74 44 30 0.33
4965 0.5299673635397779 0.1666743101278823 0.5378736858915604 100 57 31 0.08
4966 0.5249065273658966 0.1802468290332923 0.5378865863850484 74 27 8 0.17
4967 0.4412381148327252 0.1814506740877187 0.6503908314570911 105 71 33 0.56
4968 0.4383303031194465 0.1866417068137567 0.6519563732604818 118 89 45 0.32
4969 0.431538251917247 0.1832678231335355 0.6636123639418202 120 84 47 0.56
4970 0.3787186509937991 0.1824742109272857 0.7369508975982035 168 126 47 0.2
4971 0.1596126925105585 0.2127279102270722 1.073346147884455 91 74 56 0.58
4972 0.524956873476827 0.1941516298680794 0.5412166096310063 55 29 18 0.18
4973 0.5198069726854859 0.1951299909462048 0.5482556241495237 59 38 24 0.26
4974 0.5045795245327318 0.1990542123327471 0.569315704022413 58 43 29 0.38
4975 0.4509992313029921 0.2008538220991404 0.6303650860125222 104 74 36 0.16
4976 0.261164956208642 0.2238959529821815 0.8925358178987773 115 69 47 0.63
4977 0.4354791770810348 0.2110979783551273 0.6596723417097616 86 65 45 0.29
4978 0.4336074714316723 0.216634575458178 0.6628559681246334 97 59 28 0.28
4979 0.199589396163369 0.256709836833815 0.9669879685250201 77 64 52 0.35
4980 0.114833056216329 0.2456224538458265 1.053723182140129 62 40 27 0.48
4981 0.5210023357973733 0.2147192573053301 0.5447172761819123 143 82 23 0.89
4982 0.5323474288877568 0.2239690502124153 0.5690967299382075 136 125 105 0.69
4983 0.0313419076351702 -0.06402285939669963 0.9538650485846931 90 59 45 0.71
4984 0.0504049465766806 -0.03875158829788714 0.9457339215299624 76 43 25 0.82
4985 0.1890058201065428 0.01737742738832551 0.8772353195523481 150 104 67 0.31
4986 0.1750654084095643 0.04049362382808752 1.039700094700687 174 134 104 0.2
4987 0.1725956515862867 0.06579617114467773 1.01502970196931 150 114 86 0.58
4988 0.5396332826893582 0.1123959109170004 0.5434432554747011 105 75 41 0.47
4989 0.5282683290684869 0.1123678170865238 0.5598646846386716 133 78 42 0.17
4990 0.5384119777249976 0.1221542946879661 0.5488951808048416 185 127 68 0.6
4991 0.1715261352005431 0.08027735901879185 0.8309463073189349 133 77 38 0.67
4992 0.5053983841837331 0.1599365541791793 0.5752117465388854 121 80 45 0.67
4993 0.4428684341960423 0.1643677112953556 0.6545461831698781 186 146 99 0.27
4994 0.419588791184457 0.1733365124170768 0.6844034968446651 127 81 36 0.24
4995 0.5041040678090984 0.1786048799042565 0.5705886968284821 134 81 37 0.36
4996 0.133461627649069 0.2199549408111264 1.106563833056357 59 34 29 0.1
4997 0.5151955719082876 0.1503041390974554 0.380011310648826 69 45 26 1.19
4998 0.528432063343826 0.1783509154035973 0.5113907734477983 45 21 10 0.48
4999 0.4913848314236272 0.1851336827881244 0.5783542086323212 83 57 34 0.45
5000 0.4038240639779751 0.1998861842848765 0.6947031037143807 157 95 42 0.3
5001 0.387432880521793 0.2058954992531059 0.7140972331780284 177 126 66 1.11
5002 0.5180468027492857 0.1678547895146552 0.5532118188525431 74 50 32 0.1
5003 0.1505586973320111 0.2670373499702178 1.042489605714703 92 65 45 0.38
5004 0.5014589132001305 0.2183644638439918 0.5703960911963283 114 92 54 0.25
5005 0.1347721362418693 0.2804521755198798 1.075084677587059 47 32 24 0.42
5006 0.0513756050576738 -0.1112111230954422 0.9982626434676599 73 53 45 0.27
5007 0.5005746868243786 0.1027977651382534 0.5007536728057871 158 112 53 0.5
5008 0.5281425865781976 0.1232516351973778 0.5616288128652241 177 124 61 0.17
5009 0.180112945048972 0.1135830518181402 1.057846104077343 148 101 56 0.54
5010 0.1804294403610932 0.1440865202276472 1.055466159701438 104 71 35 0.28
5011 0.4640336824225019 0.1446366033059485 0.6365755910965659 94 58 42 0.67
5012 0.1764147056616345 0.201786580207488 1.036818845125078 74 54 37 0.64
5013 0.1221495330468587 0.2048742748509603 1.116976132861607 88 56 40 0.63
5014 0.5178272262302765 0.192357337705973 0.5508283132364338 72 36 17 0.21
5015 0.4624225619723473 0.1926780922078774 0.6186200498694929 142 100 30 0.45
5016 0.1753480683027941 0.2693997313475663 1.026610524099435 55 34 21 0.45
5017 0.1082446116287441 0.275212023691713 1.110174139955158 84 54 41 0.34
5018 0.4481548796783422 0.1638674905259117 0.650503937404881 120 103 84 0.6
5019 0.5287375641387244 0.1723460066475466 0.5367868713356094 113 67 35 0.38
5020 0.5134063457220632 0.1737144926009439 0.5604289682209688 98 53 28 0.48
5021 0.4080369736413522 0.2197240129877351 0.6904152531458305 96 64 38 1.0
5022 0.5223162920570902 0.1182496461913863 0.5657946171852684 153 99 45 1.74
5023 0.2044904365042258 0.1968631293476409 1.00474528851533 53 36 27 0.34
5024 0.4590714532317968 0.2076355752899779 0.6310671138377079 77 57 37 0.46
5025 0.02329426270187396 -0.03908160488954773 0.9323246226384696 128 98 67 0.39
5026 0.2053248908131643 0.09101962674514263 0.9140143285015772 104 46 16 0.87
5027 0.5173034314419241 0.1765651038854824 0.5511870248079254 166 94 35 0.31
5028 0.5405519253722194 0.1869490968785417 0.5185211203903667 74 38 12 0.78
5029 0.5209983573729123 0.1277221177292279 0.5749872942352908 162 121 63 0.85
5030 0.5361021625279637 0.1190504280000459 0.5449958617873493 181 117 40 1.02
5031 0.1494704073567029 -0.08127284080193228 1.06216744516682 113 79 57 0.72
5032 0.1348158542425159 -0.07070520720649695 1.048403633329161 149 104 65 0.62
5033 0.1478542217583564 -0.07549786838418329 1.069612473358033 132 103 74 0.38
5034 0.09351437185590428 -0.0571862023256228 0.9834038081862164 138 90 58 0.34
5035 0.1678176966477112 -0.02863147699263882 1.054423421247267 115 76 49 0.26
5036 0.1371630879819946 -0.03041631359123095 1.018483952248988 176 137 98 0.19
5037 0.1343785666112202 -0.01685429710125658 0.9895636023141337 134 90 57 0.67
5038 0.1341964624812813 -0.02088865331441428 1.00401325450704 175 130 81 0.21
5039 0.1670785329387642 0.0006314910595973111 1.053897023384356 96 66 52 0.39
5040 0.09379394560070264 -0.02038649227285605 0.9483575646523098 121 80 52 0.57
5041 0.2193637514250021 0.03350837246051558 0.9347506840563067 170 114 81 0.21
5042 0.1910619522315801 0.04180776391897315 0.9013401019619435 129 72 40 0.65
5043 0.1857073731317428 0.04444467037752908 0.9936069514145625 168 122 84 0.44
5044 0.266013741299239 0.07319859748436744 0.9419348699221348 122 82 48 0.51
5045 0.5522845624064761 0.09727243042893884 0.5382208660517183 138 102 73 1.41
5046 0.1136469120133748 0.02715584477477426 0.8431994196767592 113 74 54 0.5
5047 0.1741159540716128 0.04982401238647652 0.8811539991156918 131 90 64 0.63
5048 0.1804499252447207 0.05635268958821643 0.9005273793409979 134 77 47 0.33
5049 0.2206787738548823 0.0661725078181811 0.9254318448544914 150 103 62 0.42
5050 0.1957427463514274 0.08471029087914278 1.022298841269346 162 123 96 0.44
5051 0.5463639521006654 0.1102530426626013 0.5315194124289184 111 75 54 0.48
5052 0.5230325639604058 0.1077759006288123 0.5220126393677113 120 83 57 0.54
5053 0.5365947955700183 0.1117344884927339 0.5482204457883998 93 62 39 0.4
5054 0.5126367756955836 0.1099992294341303 0.4611693334209583 102 76 55 0.33
5055 0.09157818651011684 0.05772206185161866 0.8220485679971543 152 93 53 0.74
5056 0.194732186436798 0.206120558485133 1.028889592265776 91 72 54 0.62
5057 0.5341641847547842 0.1224938679331087 0.5526373365701435 93 67 47 0.89
5058 0.2681620318956272 0.2134625436667039 0.8930960542441592 80 50 28 0.53
5059 0.2440707880038501 0.2173410276691294 0.9085011598571864 83 55 39 0.7
5060 0.3714032451649231 0.2490417033437095 0.7458757461035105 103 78 51 1.36
5061 0.3918201658333132 0.3078330443645562 0.9161743579552108 86 91 83 0.52
5062 0.1107802809453798 -0.1069056740935335 1.045003813133576 170 116 67 0.38
5063 0.1236384404856938 -0.03040823841117388 0.9916466604843261 165 116 79 0.12
5064 0.1281849499965986 -0.01768015797160649 0.9713559150252524 172 116 67 0.34
5065 0.1564217582660489 -0.01151789876649981 1.039433161546218 106 71 48 0.35
5066 0.03513550910304508 -0.03637393068412134 0.9342689045675244 129 82 50 0.56
5067 0.1674498538620457 0.03680343972567318 1.049887254869849 98 68 41 0.37
5068 0.1811019600182825 0.02519987714355931 0.8876850209487324 92 62 40 0.42
5069 0.1548932762830759 0.04694310099105659 0.8841637568926164 133 93 61 0.89
5070 0.1035727996692241 0.0798047415864524 1.139252951229571 99 68 48 0.47
5071 0.2028514666938657 0.08472967949270516 0.9070452602754251 168 107 58 0.6
5072 0.07986006704801529 0.04767047630141527 0.7635402814554695 166 126 60 0.42
5073 -0.07604166869156848 0.06806661137280581 0.8350618020530163 125 73 36 1.43
5074 0.202251230415352 0.1533826513420893 0.8943083297703278 169 104 58 0.78
5075 0.5236956555563832 0.1744047816040236 0.5089439466598588 129 82 55 0.68
5076 0.1686628005295537 0.2356671157259927 1.009153226700606 55 34 25 0.74
5077 0.430890922997415 0.2183546100617605 0.6658756015544846 62 40 25 0.52
5078 0.0812964267855647 -0.1961897933511112 1.1525808205771 169 186 188 1.14
5079 0.08984782704667826 -0.1132374606066553 1.025260824566088 125 84 56 0.31
5080 0.1018836196024023 -0.09845577383172624 1.137749561474443 70 47 37 0.73
5081 0.05575686501270427 -0.03231019395549264 0.9595512589341897 215 171 140 0.9
5082 0.09060810128816299 0.05349546763823698 0.8247394583266636 145 98 66 0.47
5083 0.1677460735251946 0.1258926054946766 0.8777511647100096 123 69 38 0.88
5084 0.5429896445392616 0.1540816934884117 0.525855950697673 77 49 24 0.27
5085 0.1228626921726272 -0.1365992590682737 1.073302626033821 90 60 42 0.86
5086 0.1215842765439046 -0.0927948333244614 1.104630615951907 107 77 52 1.28
5087 0.3886353871289275 0.1889175308428029 0.7221867378544045 134 103 52 0.3
5088 0.06833306330778921 0.06723455682482543 0.7650484397779628 112 60 38 0.49
5089 0.1766386684148082 0.1123179122508327 1.000995548433701 94 61 41 0.39
5090 0.1853838427512574 0.1424937734938381 0.8883081380173621 63 36 24 0.53
5091 0.5001417131516245 0.1686269980034847 0.4280125321396366 35 30 30 0.3
5092 0.05397317700113347 -0.0922086958780968 0.9837895570290576 121 72 43 0.62
5093 0.1511557944749868 0.01617413313511498 1.011926121391105 138 90 58 0.52
5094 0.1018745914486785 0.02988552167876171 1.154632232601609 107 85 49 0.4
5095 0.5539927699493714 0.1088403734536736 0.5340878236466221 175 125 84 1.1
5096 0.5339882709279592 0.118781870193989 0.5529052665021335 132 97 58 0.98
5097 0.2577434614899303 0.1264013637276901 0.8992984016123249 189 118 59 1.03
5098 0.170696679125624 0.1276159604608593 1.050697865553596 71 43 27 0.99
5099 0.4805594859744653 0.1797185783572775 0.5951316004863568 79 60 36 0.3
5100 0.1212230928622861 -0.03359634937487185 1.121571173100238 56 39 34 1.03
5101 0.03765059976283758 -0.03055971471039895 0.9278862739364719 178 121 92 0.59
5102 0.1098385924307864 -0.009707466261211439 1.01158785531127 172 118 72 0.28
5103 0.1607081269603322 0.02735537343288499 0.9358969645195938 109 49 22 0.35
5104 0.2061255156950006 0.1144054038956549 0.9277383871219687 148 91 53 0.38
5105 0.5415302883743063 0.164306257383814 0.5245905359063148 92 57 26 1.4
5106 0.4886593441785086 0.1590110551248101 0.4262617692078389 27 24 22 0.58
5107 0.1820385874099101 0.08116231981814079 0.9100835236957261 145 79 41 0.53
5108 0.2623306868418278 0.05765966754236476 0.9369117048006677 107 66 32 0.97
5109 0.1195051217496178 -0.02002312486904712 0.9542592761157895 113 69 33 0.85
5110 0.2510569995755225 0.1444189760290664 0.8966436131829372 201 126 56 0.74
5111 0.5226793772973995 0.1612620759261316 0.5034641576349156 156 105 52 1.12
5112 0.09715075916093441 -0.2680514296310456 1.093486624605194 163 139 82 1.21
5113 0.06767742064507931 -0.2059306395998134 1.077989818843433 153 112 78 1.22
5114 0.1313088115070137 -0.07215563098011654 1.050689425029461 82 70 60 0.19
5115 0.5360535384970877 0.1281817399579602 0.5590555889815281 81 46 29 0.89
5116 0.5033213141912776 0.09767317365891202 0.5054463879349863 72 55 38 0.74
5117 0.5107765593323652 0.1040335793318116 0.510130632625803 105 68 42 0.34
5118 0.5192822828189072 0.1013286190311668 0.5157736150610275 66 45 28 0.41
5119 0.5440330843831426 0.107271881484935 0.4124315453518725 169 132 90 0.61
5120 0.5100002291674886 0.1103049304094597 0.5043537367628282 113 74 44 0.26
5121 0.5515163068546309 0.1250001073955857 0.5281891825415616 91 72 59 0.52
5122 0.5212356314494896 0.1255856086399044 0.5720520380008394 116 84 56 0.25
5123 0.5175406707338275 0.1345470463082527 0.5812969300483694 118 101 79 0.27
5124 0.09340656302914607 0.02915882851241575 0.8378301776405612 115 72 49 0.3
5125 0.5404468528038386 0.1458309934250221 0.5246623302865304 68 46 33 0.39
5126 0.4969499384758848 0.1406458013689624 0.5898299913814302 76 49 23 0.45
5127 0.5345063970192033 0.154124089586605 0.5374024867787706 99 74 44 0.35
5128 0.5104870905323176 0.1589327444287341 0.5690796859192465 112 79 45 0.21
5129 0.1583055403669459 0.1033321975775748 0.8605979789481599 150 96 56 0.79
5130 0.5297558755165576 0.1573012161042197 0.5165790007406565 88 55 36 0.22
5131 0.5320002731768634 0.1618150165466931 0.5185888920556264 122 87 56 0.12
5132 0.5265823252979506 0.1628438546841847 0.5447082934969324 137 97 56 0.21
5133 0.5054540047530488 0.1609643921926233 0.5737017569952325 68 40 17 0.34
5134 0.1266138361361971 0.1746426290112055 1.116449645301115 121 92 67 0.1
5135 0.5094474166434322 0.165109864443332 0.4938673206493364 51 32 22 0.67
5136 0.5390461796296938 0.1788792981230235 0.5179903167216852 84 65 54 0.11
5137 0.4778319095411701 0.1768857573621606 0.5999566137378107 139 100 48 0.32
5138 0.3539053614125685 0.2102652848267394 0.7709557856252061 98 75 49 0.36
5139 0.4843137409220236 0.2325241704575691 0.6069131943297728 111 80 55 0.2
5140 0.162574464644726 0.004079142237653655 1.031953894614787 58 46 34 0.72
5141 0.5187564598556486 0.1029328987329614 0.5164341914561977 138 102 72 0.37
5142 0.5286644831981444 0.1235962546191776 0.5633751044300556 128 77 43 0.09
5143 0.5184303306945567 0.1341688183576887 0.4985773233430687 75 52 31 0.26
5144 0.5018107529996891 0.1511249963286453 0.5835627391621377 118 96 71 1.17
5145 0.5098206198479187 0.1626449920787781 0.5717180764829808 118 77 44 0.55
5146 0.524667075730614 0.1828132938545166 0.4600625914783519 97 65 41 0.53
5147 0.5428859630398549 0.1909543206616995 0.5136117588720563 72 43 19 1.11
5148 0.5237787140044542 0.2161162109648912 0.5411376598319728 157 128 90 0.53
5149 0.1509358662059189 -0.02994889781597929 1.035967961806265 120 81 54 0.22
5150 0.550278859968187 0.2172798430417889 0.4987136633776239 90 74 60 0.73
5151 0.05005379232809359 -0.05577787971932938 0.9609075267495453 118 83 58 0.64
5152 0.09918441152639712 0.011920684500864 0.846711074456393 171 116 61 0.92
5153 0.5264007189750821 0.1913156716501545 0.539904447199907 76 44 23 0.66
5154 0.5312631238051382 0.1386202328028185 0.5440817439199416 93 63 36 0.19
5155 0.3391846449727394 0.2198663101371171 0.7841504102201527 117 85 47 1.09
5156 0.5270751862663591 0.1593097053360676 0.5162366299480841 95 60 38 0.73
5157 0.1864195596411543 0.01867723002299343 0.8947091473037079 170 120 73 0.37
5158 0.147446321026394 0.08151131838195128 0.8571761986215889 163 107 54 1.04
5159 0.5133107697712647 0.1066433046777099 0.5088161599870393 152 99 35 0.77
5160 0.5063108803860805 0.1695511774107254 0.4668668031322794 10 8 7 0.67
5161 0.5433785867818043 0.1103938633663265 0.5392688322816045 88 60 35 0.42
5162 0.09599477622250308 0.06363769019138663 0.8317893198738878 83 43 24 0.79
5163 0.3576167783954222 0.1661371475562962 0.7828161173183675 141 113 74 0.41
5164 0.2046646567249128 0.1556182164147053 0.8990219117013927 81 40 17 0.2
5165 0.4129382985347169 0.1688347360315273 0.6950873458547938 191 160 115 0.26
5166 0.4200943030438028 0.1884003916679113 0.6793882545522544 130 91 54 0.59
5167 0.5150130547832122 0.1916405154223889 0.5530566142646717 80 51 36 0.19
5168 0.5105571769864685 0.2382248965996166 0.5622469899831961 122 101 60 0.56
5169 0.4727256472149727 0.181371642242912 0.6082699949622953 121 96 52 0.38
5170 0.3997064246467114 0.1714968935283725 0.7102410731672397 149 128 94 1.0
5171 0.06825213222339821 -0.2956723961780341 1.133374920800727 164 166 166 0.78
5172 0.06170115221144401 -0.2223745718440936 1.062563689164501 156 118 78 0.3
5173 0.06893503135181023 -0.2059936020299307 1.058268654134241 101 58 33 0.34
5174 0.07858003492331267 -0.1759398588654929 1.043551731074198 113 82 50 0.33
5175 0.1012088471952418 -0.1530992114340576 1.0617636134844 119 74 42 0.21
5176 0.1116165192957436 -0.1201210912539338 1.050749366720957 96 49 21 0.39
5177 0.1245056028695038 -0.1020785707861011 1.052330543136709 110 82 59 0.38
5178 0.1464619858365071 -0.09734858612076966 1.072529361754579 155 112 74 0.62
5179 0.1253758768018955 -0.08281540446661842 1.041033465764581 121 93 69 0.16
5180 0.06283746901100218 -0.09843840465586193 0.995920655919989 93 59 40 0.6
5181 0.07911021642374061 -0.07926154282997963 0.9925775035078892 106 73 49 0.35
5182 0.08442174329161567 -0.07902320403230076 1.000560356025576 99 60 36 0.31
5183 0.04018185337763114 -0.08246146663259765 0.9553726650690235 180 168 157 0.21
5184 0.1296230885957139 -0.03272977505894473 1.000259960107378 120 73 37 0.44
5185 0.140949126238166 -0.01976130297640424 1.014258581044685 173 130 86 0.2
5186 0.1482288438551203 -0.03216319378321744 1.033337127835497 143 89 50 0.31
5187 0.1595974395668905 -0.03191779331452219 1.033246404467569 106 77 54 0.65
5188 0.1545839943858117 -0.03195641070175884 1.035975528224088 176 142 102 0.28
5189 0.04864264624673187 -0.05895209345128863 0.9540432228474366 167 131 96 0.38
5190 0.2274112474466996 0.03375650779719858 0.9312113011219875 180 139 94 0.83
5191 0.2769345273800874 0.07526379663087884 0.9238969138900631 135 90 53 0.27
5192 0.1367121757479198 0.04835143088537902 0.8561730332730013 166 119 76 0.27
5193 0.1827986820072877 0.0654389647315361 1.023442046938139 162 119 77 1.27
5194 0.1742644313888107 0.06900272103323049 1.058945512651231 136 96 63 0.35
5195 0.536491083081707 0.1165830440193366 0.5240462876769939 102 68 49 0.39
5196 0.1469719101727732 0.05996152376754008 0.8584491815577925 120 75 47 0.45
5197 0.1205230011750575 0.08397672156708105 0.8405510033055987 141 90 51 0.4
5198 0.1610979755093402 0.1045001611553999 0.8720282079975255 166 100 47 0.44
5199 0.2046715413232065 0.132352546251877 1.008259975395996 150 103 70 0.28
5200 0.1797870288878246 0.1390339891260207 1.052985396892928 86 54 33 0.27
5201 0.160757947835672 0.1260399887323904 0.8763000135786401 135 83 47 0.74
5202 0.4984624337132555 0.1632821048477502 0.5772978508860185 67 48 30 1.07
5203 0.3760554991544479 0.1672963870373121 0.7540716868130453 80 55 38 0.25
5204 0.347250241760403 0.1794261119154852 0.7929489346942251 96 74 47 0.31
5205 0.295530888678506 0.1776431605149941 0.8595777939323193 174 134 91 0.26
5206 0.05437611758132699 0.1888058738875159 1.209532744081703 183 204 200 0.48
5207 0.4875588658553248 0.1761468184585597 0.5870150415594733 94 71 48 0.26
5208 0.4306357120702405 0.1881726099226754 0.6641136515906136 44 29 19 0.28
5209 0.2344105141536792 0.2276441851277711 0.9247318959903805 91 68 56 0.09
5210 0.2586815294440261 0.2872953910288746 0.9520227008150812 77 63 51 0.38
5211 0.2827954847567977 0.2848651646997704 0.8688550540200297 93 59 32 0.4
5212 0.4641846191696341 0.1454760589412756 0.6343012668053832 98 75 32 0.59
5213 0.1209664579570828 -0.2082563621282244 1.108031085139659 65 46 31 1.08
5214 0.1153503800412835 -0.1020833628069011 1.113802237720336 73 51 40 0.49
5215 0.1093340067730115 -0.06107961789347613 1.022174965378411 124 80 47 0.41
5216 0.1347225554082076 -0.05054437806842829 1.102582040819064 99 64 44 0.46
5217 0.1701505142246114 0.02193748919032851 0.8860746494225625 160 119 78 0.21
5218 0.1359096368628666 0.03125772692021986 0.8579784487707813 147 80 36 0.28
5219 0.1697904858142131 0.06560648389576565 1.020174884111881 177 138 98 0.29
5220 0.05162743506003808 0.07103982247485013 1.201395656106387 154 172 185 0.11
5221 0.08391731395478319 0.07698788464708076 1.171873587624528 90 62 47 0.36
5222 0.07350442662720524 0.06572830386740089 0.8227582359523977 164 105 53 0.85
5223 0.522257131369315 0.1674695294208851 0.5451691832829483 106 78 56 0.22
5224 0.4230583397192699 0.1845436589606257 0.6686857683979566 75 54 40 0.45
5225 0.2569445588508255 0.2465770826934947 0.891473767225249 81 51 33 0.64
5226 0.1636454624555438 0.01588268101135082 1.033432451845847 152 110 66 0.74
5227 0.545430089002758 0.1089864171616357 0.5344592605841484 135 103 63 0.47
5228 0.2703847288128871 0.07420416357756485 0.9084667553129391 138 101 80 0.56
5229 0.085364027186282 0.087964631754408 1.175373755382944 98 54 34 0.67
5230 0.07872843896187742 0.0727194722319506 0.8163857522633409 171 108 56 0.17
5231 0.4567011110202162 0.2791461022279138 0.7650188326153063 106 96 64 0.93
5232 0.1128039268145201 -0.1336735753072393 1.108089638587953 90 55 36 0.2
5233 0.08278933515447939 -0.04136468762019693 0.966555252437144 135 78 31 0.51
5234 0.09241205351469828 0.07392605327459081 0.8391697987209995 169 114 71 0.06
5235 0.1036030460184202 0.07930749035152868 0.8364995022715738 169 98 52 0.12
5236 0.1057440528373141 -0.1286425416531161 1.130234572976581 146 112 84 0.83
5237 0.0531703878722305 -0.09242875675059867 0.9794947040776001 116 72 43 0.59
5238 0.07065953060747365 0.002165317802440864 1.183728042059637 163 129 99 0.85
5239 0.06620806878089425 0.07500954344380142 1.189882877694116 140 130 130 0.5
5240 0.09073260344712086 0.07158904450874304 0.8181524824370963 178 110 53 0.57
5241 0.1861495837941045 0.1466016251906918 1.04895426964333 113 82 47 1.02
5242 0.142677647467753 -0.04182302586135719 1.084869233271916 71 44 28 0.59
5243 0.09567792552272025 0.05723764262494643 0.8509947242746636 112 56 33 0.33
5244 0.2480789510035274 0.2839174047405738 0.9375918793029366 61 40 33 0.59
5245 0.1678710380666015 0.07938106922892829 0.8745365057549117 168 106 57 1.47
5246 0.1868967687758398 0.02515439545455883 0.9032313701022686 111 60 34 1.2
5247 0.08547286401750509 0.09326309760968535 0.8277816582215054 98 54 26 0.4
5248 0.400771814713509 0.235273906327239 0.6997437117997105 76 56 37 0.79
5249 0.08438041147697306 -0.2109013453234198 1.073203381309441 104 80 60 0.79
5250 0.09325098418810907 -0.1454021603775613 1.044242639590182 73 48 35 0.38
5251 0.06189377836375287 -0.1300863792639859 1.01963186821051 87 56 38 0.39
5252 0.09959768934779334 -0.05313228683364987 0.9871031470886266 150 102 68 0.63
5253 0.543958693004691 0.09604083684708489 0.5419380270584992 73 48 38 0.35
5254 0.198901433669376 0.01847682539911275 0.9263321171997705 165 131 98 0.73
5255 0.2671984416573925 0.07854494885169783 0.9395728283357572 91 62 35 0.35
5256 0.1990552108052585 0.08061773674524983 0.9010242319502479 149 85 50 0.59
5257 0.5394385235043807 0.1369598716357537 0.5352130217405887 63 41 23 1.0
5258 0.5215989024315478 0.1571327513999512 0.5540829934788641 96 63 43 0.28
5259 0.3165409475135916 0.2057602584206147 0.8280780329020923 84 50 36 0.28
5260 0.4901325209429439 0.1914503214022256 0.575914133265336 65 52 34 0.48
5261 0.4653306421671305 0.2077732797593694 0.6175706895720481 64 51 34 0.69
5262 0.4580349825581757 0.2158900220316468 0.6248554923765629 74 52 33 0.66
5263 0.2421695002648302 0.268625879579087 0.9422214797134444 106 88 68 0.8
5264 0.05664828304458325 -0.1425807459984542 1.00717301312042 119 84 48 0.97
5265 0.1170062011685658 -0.0622846788413696 1.122495026090524 83 58 46 0.43
5266 0.1665281827819486 0.0151553787017864 0.872922390781975 57 45 38 1.25
5267 0.1805652719652195 0.027451277801156 0.8985324574511928 142 80 43 0.96
5268 0.1771015518088032 0.06042206783216192 1.032954337351091 122 86 57 0.45
5269 0.5145855564276003 0.1071509646257241 0.5015986781649524 112 64 24 0.94
5270 0.2080453912870044 0.1071041626447756 0.914364430290918 115 64 29 0.29
5271 0.5294320124297525 0.118929982511382 0.4655677569008408 204 146 91 0.71
5272 0.188332024506502 0.1033603188437545 0.8942459631404542 162 96 42 0.82
5273 0.5398216980350995 0.1919124133557351 0.5206976137979733 49 28 15 0.15
5274 0.2411045340927468 0.2802703856879442 0.9451023128485496 82 63 46 0.44
5275 0.151806250367174 0.04125511075123622 1.078925169864789 66 37 25 0.39
5276 0.2747860732905083 0.1332703230445647 0.910871867529109 68 44 31 0.25
5278 0.470594811200994 0.2113756508401779 0.6080870925565619 45 33 23 0.31
5279 0.6103165711692236 0.2344502070382978 0.4949342166040523 88 56 29 0.74
5280 0.05091077239492847 -0.1086235532527688 0.9931087338796355 138 95 62 0.72
5281 0.1424176358886937 0.2432431395783789 1.065244222341018 77 53 40 0.31
5282 0.3743273598282358 0.2164566539907626 0.7321714739941411 66 47 29 0.56
5283 0.2346260514282627 0.2465116051895525 0.9283478859362997 69 41 33 0.51
5284 0.01945718451486123 0.2517339175873842 1.207375456956765 89 60 51 0.34
5285 0.1145098468369892 0.2493700614274026 1.111932456757834 106 84 68 0.26
5286 0.2527635477261404 0.08969911819087029 0.9482864809550448 185 129 77 0.78
5287 0.08584076521386774 -0.1644955785598533 1.047574889728597 89 61 45 0.47
5288 0.08967583431201942 -0.06646469714741052 0.9938255139495509 120 80 52 0.52
5289 0.5419901867213949 0.1153946301991736 0.5490855725827485 123 89 32 1.41
5290 0.5323135300115089 0.1764468934461167 0.5308768380736363 64 44 36 0.25
5291 0.1787456664446649 0.05957139359358601 0.8817263437675149 50 31 25 0.14
5292 0.5087047346201866 0.1840834476003622 0.4948577248889342 95 68 48 1.03
5293 0.05888514648995902 -0.1948641852587295 1.04227737389406 120 94 70 0.23
5294 0.1021061803562285 -0.09315736237770247 1.020033676534707 102 74 48 0.21
5295 0.4739659124470889 0.1520073618915457 0.6161401749049873 102 79 58 0.21
5296 0.3948298163449399 0.1615696411536586 0.7307216083414988 93 51 29 0.36
5297 0.5448508128007208 0.1355281448583948 0.5316554232870858 82 80 69 0.32
5298 0.5406038400164975 0.152598559521379 0.528381358730588 84 64 35 0.49
5299 0.5103390759052164 0.1603357962791726 0.56835452921624 84 56 33 0.44
5300 0.5384890994082893 0.1928245074213554 0.5210460364619662 61 40 26 0.09
5301 0.5357640966080646 0.1434874347942799 0.5372335792667043 64 42 33 0.25
5302 0.2095294399351315 0.0230760524495737 0.9277410375485933 157 112 77 0.57
5303 0.1044674166735526 0.07763125128275242 0.8433174025143663 184 112 68 0.35
5304 0.07845022332319718 -0.08797096943804769 1.003378309638689 130 88 60 0.62
5305 0.5395531617465712 0.201096601557478 0.5120494354322789 121 98 77 0.2
5306 0.1642049532923948 -0.03008377566478335 1.054698107612933 155 124 91 0.39
5307 0.1038584247256494 -0.1572989168788349 1.127395347205438 88 58 46 0.21
5308 0.05570917318537005 -0.2092925595228658 1.048783721108665 104 75 57 0.47
5309 0.1164614028532527 -0.08173090153547449 1.031874663704379 114 76 50 0.37
5310 0.09142036531793063 -0.2080384115912592 1.074571586954176 76 62 46 0.26
5311 0.09765719427417563 -0.1146924101894405 1.034254971147286 123 79 46 0.47
5312 0.1013260438819434 -0.1117920624273907 1.042136884101258 176 124 78 0.22
5313 0.1212493070641366 -0.1554447462565176 1.079375580257808 96 59 38 0.6
5314 0.09354981859670441 -0.2267961951146917 1.085093684221148 119 90 67 0.46
5315 0.0798850257367435 -0.2123049366348303 1.075369404884418 95 66 45 1.71
5316 0.1195193052279517 -0.1782972764308987 1.083015312051131 168 117 73 0.11
5317 0.1111565210530642 -0.05862600448410307 1.025225844250993 74 48 36 0.55
5318 0.1439548070154382 -0.0369361169575588 1.033287556603199 104 77 56 0.36
5319 0.1614959399293823 0.006226775991722444 1.025323161135033 103 77 52 0.06
5320 0.1605810526994031 0.01282739293251189 1.021786946514025 81 49 26 0.26
5321 0.2392909463765621 0.2448088096451089 0.9163890748318164 59 34 20 0.54
5322 0.191676608942826 0.1278333750186195 1.000948316071813 91 58 38 0.33
5323 0.1345833842080963 -0.1028142982564802 1.066319943562658 58 38 30 0.28
5324 0.1063934417150988 -0.06256353176996085 1.013730080361409 119 84 54 0.31
5325 0.1223479433851386 -0.05568764240280591 1.029469755916802 104 65 41 0.66
5326 0.1226497315278012 -0.03766619605329216 1.004296126715017 121 83 51 0.6
5327 0.02427312774684276 -0.04978397064741932 0.9373751358973473 94 69 76 0.17
5328 0.1149267911339455 -0.004527469941914691 0.862140071038162 129 117 121 0.47
5329 0.5411114390793258 0.1606388839181428 0.5264289856515539 129 82 32 0.79
5330 0.6654749032301454 0.238781948003876 0.4887774177164014 70 55 38 0.97
5331 0.06972116971284348 -0.1170403186511239 1.171611456009374 108 94 88 0.52
5332 0.09303793326824483 0.01045258955136791 0.7724216616271873 149 135 130 0.62
5333 0.05276154695409685 -0.05432426865286341 0.9599181151939588 135 92 62 1.22
5334 0.1119261381031127 -0.08109326170875417 1.031521832759671 113 78 53 0.29
5335 0.1198680284005588 -0.03920359820046707 1.000664323420508 83 52 31 0.45
5336 0.01928064621996084 0.006398008107501463 0.8165947359644814 203 209 213 0.7
5337 0.1070926643035873 0.01200341147871864 0.84891289554646 73 47 35 0.35
5338 0.0825123948836689 0.2431311904199401 1.158153741000248 43 28 25 0.32
5339 0.3670560613432867 0.219218632159597 0.7479521183144077 111 81 50 0.52
5340 0.09208082416719054 -0.2668582595802329 1.097906259035486 66 53 34 0.76
5341 0.1756576047222104 0.1846564945475823 1.040395232651796 88 57 37 0.41
5342 0.1659172576080614 0.04207241929153138 0.8793024571086601 76 46 32 0.63
5343 0.1689381568206892 0.05969182190410313 0.8749154494045227 109 77 55 0.47
5344 0.1325644390666282 0.09525450544138483 0.8476958326103928 165 106 46 0.82
5345 0.1228172178975628 -0.1446610053189076 1.076539343146521 109 79 55 0.5
5346 0.0906505843069485 -0.2244518261290086 1.140426220889114 58 42 36 0.74
5347 0.09071640411884085 -0.2349276186312318 1.153710229401777 200 216 224 0.51
5348 0.1026844046068084 -0.199582478492713 1.087486521994445 88 61 47 0.51
5349 0.06420875858510044 -0.1882201458327206 1.043820560015456 124 93 61 0.48
5350 0.09095027942876943 -0.1861708809556807 1.059225960364817 120 98 79 0.51
5351 0.1035260754788613 -0.1793594648989665 1.073955624454385 86 62 44 0.38
5352 0.05435984759805901 -0.1726745664184866 1.029536609665077 108 74 48 0.2
5353 0.06402408630080547 -0.1613747316039742 1.030069699360051 114 78 56 0.34
5354 0.07475011145766752 -0.1699261312688139 1.046130945929471 97 66 44 0.4
5355 0.1177974767438733 -0.1380248700232478 1.066496522089217 61 50 44 0.07
5356 0.120366393756617 -0.1459761095062554 1.075749659263174 90 66 51 0.62
5357 0.07705204384879738 -0.1483410644311195 1.035913260439177 90 60 32 0.27
5358 0.04097023482641504 -0.1298820459140562 0.9922184804063163 77 62 57 0.4
5359 0.09873780466142879 -0.09207118395814415 1.016242146058573 135 97 66 0.3
5360 0.1207667585127395 -0.07722014270495428 1.039437188767434 140 100 74 0.32
5361 0.07112081702691297 -0.07821800042824453 0.9836156739693388 138 89 56 0.6
5362 0.1672507811183138 -0.01062286405783427 1.049021469408878 106 78 49 0.13
5363 0.1321012371890208 -0.02424605312790434 1.007141418954606 172 121 74 0.59
5364 0.4154739196243904 0.1701721067979444 0.6916542500552426 125 105 81 0.99
5365 0.2099204171355976 0.1366836121795472 1.003381621740944 119 84 57 0.53
5366 0.3728804917924235 0.1911332453055422 0.7427466038187831 81 60 40 0.35
5367 0.2762296867856382 0.1746322075675232 0.8951432568951024 101 70 47 0.37
5368 0.382205615685869 0.1951701912676715 0.7279950204030288 85 65 44 0.3
5369 0.3378079438571022 0.2173021718984081 0.791078006105861 59 45 32 0.54
5370 0.07115274860814491 -0.3075384375853555 1.134997702211536 214 218 213 1.37
5371 0.09270597547025461 -0.2747669322683421 1.087908709698108 75 73 64 0.37
5372 0.4865979089148918 0.1420688326373435 0.6078132952839942 110 93 51 0.3
5373 0.08741992166814505 -0.2237138143255041 1.08487081719021 70 50 43 0.64
5374 0.09763609627704162 -0.1912149519592708 1.073965412937412 92 83 74 0.2
5375 0.1082021296990169 -0.1963376987817742 1.086341700092664 99 75 51 0.5
5376 0.08143328093402957 -0.2216103952755791 1.147258199651315 167 166 167 0.57
5377 0.07314753030635557 -0.1892654528168891 1.048539058198321 120 98 81 0.33
5378 0.1006549665734178 -0.1839461202613481 1.071795972630553 128 96 73 0.43
5379 0.1053369756174205 -0.1604160136490571 1.067303776717938 86 60 45 0.64
5380 0.1167032944847934 -0.1539162828937702 1.075052089031633 134 96 54 0.45
5381 0.07223733563477064 -0.1591624460730729 1.032094214397917 102 76 55 0.37
5382 0.1001607846425873 -0.1394390962903536 1.051567077347122 99 73 49 0.33
5383 0.1154540267499931 -0.1302046360377805 1.058531664677325 91 75 61 0.28
5384 0.05403116730545465 -0.1533094389525788 1.018834767118781 111 84 64 0.27
5385 0.1094325724359396 -0.1263049885515816 1.05230911654882 131 95 57 0.29
5386 0.1240486914673379 -0.1081481446193676 1.055674317755749 84 68 57 0.21
5387 0.09718166675128648 -0.1033219201614367 1.023671953948035 96 65 44 0.51
5388 0.1274879871358387 -0.08791829925995745 1.049145102394588 86 67 47 0.41
5389 0.1365355881500891 -0.09067457075160609 1.062507136911641 84 58 42 0.43
5390 0.1039004435579733 -0.07412810794316985 1.013639575761143 76 51 32 0.51
5391 0.1294752020202995 -0.07226406381919995 1.046180693292343 88 67 49 0.3
5392 0.1457541106454999 -0.0536576119742497 1.047561697196538 90 51 22 0.37
5393 0.1260288935094634 -0.05856388594669401 1.026349031680065 102 66 42 0.19
5394 0.1444894922875584 -0.0428414282236205 1.037508325742577 120 85 62 0.53
5395 0.1511018842044377 -0.04744825429701546 1.055503975044637 98 71 56 0.34
5396 0.1640471626611733 -0.02786661711138738 1.051016329094864 156 120 75 0.19
5397 0.1550156958433979 -0.01651127144386139 1.036828411047016 71 45 30 0.29
5398 0.2070343808115145 0.0514875267320416 0.9229829259176018 133 85 50 0.53
5399 0.1934994078819738 0.03630685367971412 0.9663045665851587 112 78 58 0.98
5400 0.4146906583754708 0.1590327433837489 0.7002614469035314 90 67 47 0.13
5401 0.1471064469831137 0.06611056325444956 1.131220096722573 144 125 105 0.32
5402 0.2827998826232841 0.1267990868521654 0.9076352916382093 73 51 33 0.32
5403 0.3742392990617157 0.1752538306838473 0.7527047173994081 96 83 65 0.2
5404 0.3630650402323197 0.1952187729827897 0.7618313052397985 85 68 50 0.63
5405 0.4945775082921611 0.1441441542222943 0.6169486440826036 142 107 45 0.81
5406 0.2387331715403215 0.210248764700738 0.9315886001829041 47 25 11 0.98
5407 0.1965397747409629 0.2285093768522393 0.9926655420120269 114 78 43 0.45
5408 0.07223662448435697 -0.23926887206806 1.075303133460124 134 112 77 0.6
5409 0.08656793376870153 -0.2265483197167717 1.081341719721307 128 90 64 0.7
5410 0.1037312624356997 -0.1350693481458068 1.055551015176975 145 103 64 0.4
5411 0.1117996021576251 -0.1476182431833315 1.069071716923604 100 66 43 0.43
5412 0.08729988640582731 -0.1856960700942197 1.128759204892238 123 101 69 0.48
5413 0.1235786471483135 -0.1328787571472706 1.069275212572359 127 92 43 0.65
5414 0.06324038310587332 -0.1363185793508975 1.016329034035367 129 91 64 0.68
5415 0.07184708034604825 -0.1334123308164989 1.0218040372697 120 89 64 0.15
5416 0.09664013780519121 -0.1323965596477671 1.041411698472662 75 50 38 0.32
5417 0.1027889318831655 -0.1147837498773418 1.042034068731168 126 87 46 0.66
5418 0.1096405056790162 -0.1288836465856694 1.055535481008136 105 67 41 0.53
5419 0.09057005042988087 -0.1052350835465446 1.022539146469098 99 63 37 0.78
5420 0.122712720597659 -0.09758057935857536 1.053948385864998 73 44 34 0.07
5421 0.04820907319572032 -0.1084282296431294 0.9917490335513821 126 87 64 0.18
5422 0.1568838246812261 -0.04541160364350941 1.057084857251522 153 106 60 0.27
5423 0.1425286443565243 -0.03765925204548579 1.030978419120701 115 87 67 0.2
5424 0.1563547587038097 -0.0119742333204064 1.035730128751414 145 109 81 0.75
5425 0.1998574861523836 0.03352813936300805 0.9218085814597896 106 57 31 0.38
5426 0.4341730431637755 0.163669170372763 0.6701820510005942 147 122 84 0.54
5427 0.4314677031495482 0.1698205528400223 0.669227813315042 150 125 98 0.55
5428 0.4245545704644021 0.1768734982218725 0.6761476242008029 87 67 41 0.73
5429 0.2056033829577146 0.1551356621738587 1.009233594418136 66 45 29 0.23
5430 0.3718313286677987 0.1964259827809249 0.7496375938020958 66 46 23 0.5
5431 0.4120608399900672 0.2067710485557002 0.680987598160288 78 64 43 0.21
5432 0.3825016678524457 0.2076839883174081 0.7226978182340636 131 95 56 0.39
5433 0.3703364167066443 0.2093518415703013 0.7397816717689004 61 43 26 0.71
5434 0.3694153005309534 0.214800775120788 0.7481282795573616 62 47 30 0.33
5435 0.3951253304175788 0.2195281365229236 0.7131893474123063 44 32 27 0.22
5436 0.1147697359684079 -0.1072270233754971 1.04610061889853 60 41 27 0.25
5437 0.1201000472411528 -0.09011160623618861 1.039288921454262 114 82 47 0.35
5438 0.1442537576443173 -0.08370331226942609 1.060386042584691 87 57 38 0.88
5439 0.1087808627094272 -0.08634261141441116 1.038277636401359 143 94 29 0.57
5440 0.1083295026693177 -0.04797208288255614 1.000139766739465 164 119 76 0.76
5441 0.1432476213916357 -0.04975714822475721 1.04348261265947 127 91 54 0.39
5442 0.1524923539079258 -0.04079027279633249 1.047274600888757 115 82 50 0.2
5443 0.4543962781758067 0.167702523490642 0.6367853490437315 131 97 52 0.16
5444 0.1908876375916175 0.03866755315443055 0.9663392318887569 83 51 33 1.06
5445 0.1988977048027277 0.05414514408345947 0.9190295158399838 176 123 79 0.52
5446 0.4249998855232838 0.1671788156577255 0.6787136382730227 94 72 48 0.14
5447 0.4096927745357034 0.1603289278671593 0.7048151507273956 57 38 26 0.61
5448 0.4266556147776975 0.1793725869366724 0.6707516911867876 106 79 50 0.33
5449 0.4247826536086333 0.1782013305936503 0.6740413505117997 148 114 61 0.27
5450 0.394137182227173 0.1639652372147984 0.7262829394234345 56 38 24 0.3
5451 0.2155009260011485 0.09787321690449294 0.9203831210903141 137 89 57 0.62
5452 0.3813345591716005 0.1696406814499907 0.7401379201053914 53 40 27 0.15
5453 0.2632483109360159 0.1392718340870262 0.9275554512288913 144 103 62 0.23
5454 0.3998483699079499 0.1805332949310188 0.70925271947615 123 86 33 0.32
5455 0.4419825409255215 0.1947925873987514 0.6444640758789791 146 104 57 0.6
5456 0.2030996850080676 0.1585815466390953 0.9990986311871066 87 61 45 0.39
5457 0.4301516199200948 0.2133331015680632 0.6669240231623471 66 51 39 0.09
5458 0.4192692011063566 0.216397476298136 0.6806418319546423 62 48 36 0.2
5459 0.4182478712025424 0.2159959704029772 0.6826881595777234 43 33 24 0.18
5460 0.07852991310075497 -0.2362634341412582 1.078176744127 36 18 5 0.63
5461 0.05979964751685785 -0.2355070018644624 1.078145879040977 56 40 38 1.21
5462 0.1127766626789788 -0.09846849297894114 1.043028833280046 101 65 39 0.54
5463 0.09898989666073732 -0.07763297040430758 1.009946197824539 157 118 85 0.4
5464 0.1163670882290229 -0.06654577628820849 1.021164621091845 88 52 33 0.43
5465 0.4638230338325081 0.1679308267363552 0.6232081829504708 144 120 88 0.42
5466 0.07446298474410373 -0.07293055808947493 0.987598708874474 143 102 59 0.61
5467 0.4522173557731053 0.1760114362587835 0.6358742111726058 99 79 59 0.5
5468 0.39500349061156 0.1624088330644651 0.7286531615609244 86 60 23 0.16
5469 0.2733445695787363 0.1164041633340197 0.8997388170018134 78 49 34 0.3
5470 0.4257361721289699 0.1758919233467656 0.6746084684513859 138 109 78 0.35
5471 0.4501431258257526 0.1923919697466325 0.6356994293703083 49 32 17 0.33
5472 0.4065185121291527 0.2052734184109582 0.69027303399756 128 95 54 0.36
5473 0.05547592614252161 0.193079435742099 1.206765564568903 198 205 200 0.72
5474 0.4832936171372513 0.1643177213631729 0.5974794387898407 147 120 91 0.33
5475 0.1356883629673897 -0.04804818988315321 1.033159592392813 138 97 66 0.53
5476 0.4630505490110671 0.1788945734710197 0.6207882564928618 119 91 52 0.3
5477 0.4506044828150065 0.1925548960130677 0.6315735536378408 147 114 68 0.33
5478 0.3998228327492766 0.1787462753377191 0.7093631160889358 135 102 68 0.87
5479 0.4014313422868621 0.2358867021567073 0.7037700914144527 153 111 72 0.37
5480 0.4693982725004294 0.1446221301216833 0.626557057326203 98 76 34 0.68
5481 0.04368068926314528 -0.2572579616353484 1.083403613408865 65 64 66 0.26
5482 0.4383803828316546 0.1705532459670169 0.6577415545102874 127 98 61 0.4
5483 0.2763017628326577 0.1201935975954551 0.9002438135361945 139 98 65 0.87
5484 0.3821926915763428 0.2045748388139399 0.7250151501501729 137 103 63 0.36
5485 0.483047529180607 0.1491977275309147 0.6031723870086906 142 108 74 0.48
5486 0.4698977374031224 0.1467296056824596 0.6281785666815399 76 52 21 0.8
5487 0.04200054321884727 -0.08747391042787947 1.18849253150042 79 60 46 0.59
5488 0.4445723841946751 0.1674937005974245 0.6512540503910922 165 137 104 0.37
5489 0.4324262674817373 0.1617101255502318 0.6745938668890449 66 43 27 0.69
5490 0.371600857291856 0.1872136796888476 0.7509584249328456 57 38 25 0.65
5491 0.4590947970330733 0.2151122005090498 0.621406781174883 65 52 38 0.31
5492 0.4318881628748665 0.2177684051175196 0.6541360193600407 93 72 51 0.84
5493 0.4508018857749641 0.190474833701332 0.633905777985617 150 114 77 0.59
5494 0.4633408364895899 0.2071553296300572 0.6215867364461636 62 46 21 0.41
5495 0.4067142027307622 0.1988599977857697 0.6920233501013593 142 101 53 0.72
5496 0.4731636628904141 0.2142427819148763 0.6038263274249716 49 33 20 0.65
5497 0.4775613518699595 0.2149529154521445 0.5983649749449304 55 37 21 0.78
5498 0.4544469185987232 0.2152636312879023 0.6313780576604446 63 49 34 0.47
5499 0.4670400750221054 0.2369693703671188 0.6303440317554072 179 147 108 0.53
5500 0.4791488961420575 0.1475086339604701 0.6100067841295148 125 96 58 1.19
5501 0.459215092835436 0.2137666966787979 0.6236720412539827 42 32 21 1.07
5502 0.4550336844370575 0.2144005615930449 0.629026692228407 61 45 26 0.74
5503 0.3708592588323101 0.2139277227073432 0.7436550550035946 54 32 18 0.96
5504 0.3156634148106505 0.1989689830245882 0.8304783744121254 70 54 43 0.96
5505 0.09219222084744072 -0.2661721635054106 1.138051030768721 97 87 75 0.27
5506 0.3693383634165393 0.1965674631847585 0.7515714908835357 174 135 55 1.32
5507 0.1539823974611196 -0.03848987207170271 1.048178551214173 73 54 40 0.26
5508 0.1181967603518415 -0.1266233923707356 1.062766123746572 115 83 57 0.29
5509 0.1046405253644396 -0.1889001274492011 1.077315697132857 89 66 44 0.64
5510 0.3332865141533233 0.1818224732619383 0.8108326986673118 109 86 57 0.32
5511 0.06776344758941222 -0.1839447413434808 1.045128671676429 118 81 57 0.82
5512 0.08427835620941049 -0.1132465319738739 1.020646009630234 112 80 54 0.29
5513 0.3535984159266695 0.2136608602895707 0.7703135387621302 83 66 48 0.41
5514 0.05019738956746977 -0.06375142797228731 0.9642665849041162 62 46 35 0.3
5515 0.07518070022976286 -0.1713050130035309 1.038686783418101 118 81 60 0.14
5516 0.1344287436968039 0.2359727044582282 1.085110904700089 55 36 30 0.31
5517 0.1532153988848373 0.03919787697237662 1.085271165525643 82 59 39 0.19
5518 0.1864596045706995 0.08514173379094669 1.022683363511912 119 83 56 0.38
5519 0.2740835661510929 0.1815873709833661 0.9020489128297466 86 58 42 0.74
5520 0.1566723278202896 -0.01338859848887922 1.036786052552331 141 103 76 0.32
5521 0.129264497078525 -0.1128399806999022 1.070419149383398 55 45 40 0.26
5522 0.1176103619168242 -0.185605894395083 1.096398825261964 104 72 51 1.14
5523 0.1434882999665202 -0.03134397471278358 1.033031990378903 113 79 53 0.55
5524 0.1256956126981627 -0.06457235584588386 1.030851262674884 93 66 48 0.39
5525 0.1029917268048031 -0.1702403204265534 1.064860339914161 89 62 43 0.65
5526 0.2103196252155535 0.04680166645127321 0.936362442113575 84 49 29 0.35
5527 0.09636863550391606 -0.1742938588990332 1.056070101090656 82 64 54 0.21
5528 0.1048964867841761 -0.0889575767908978 1.022643289141041 122 89 61 0.27
5529 0.07836481205858681 -0.116807480320258 1.0172924107432 102 66 42 0.46
5530 0.05205142414657615 -0.1218712570894227 0.9901962718725841 108 69 48 0.38
5531 0.093345302212406 0.04505077630491255 0.8271696371682091 69 41 27 0.79
5532 0.09343542333927257 0.1092967643327605 1.181375368400071 187 198 194 0.2
5533 0.1498605129748177 0.1794917379047416 1.086258914219649 63 41 31 0.22
5534 0.23479616485251 0.2231393106175406 0.9311061927114423 97 68 44 0.61
5535 0.06496615379500137 -0.1712597810273344 1.170251119148344 101 93 84 0.38
5536 0.1655467703070467 -0.02527667461399166 1.052320755997534 83 56 37 0.3
5537 0.1411438124399264 -0.09014647108169396 1.079962924333887 63 41 29 0.97
5538 0.2765761223490291 0.2169665781679885 0.8759029370287486 81 47 25 0.45
5539 0.2760792906633461 0.2191463998468784 0.8772222748916707 104 73 58 0.48
5540 0.2779506935379879 0.2228816314058284 0.8746015313519955 124 82 56 0.72
5541 0.1399530165350155 -0.09023020310772042 1.066954363881689 84 64 51 0.51
5542 0.2944876815309774 0.2189866514590726 0.8514238085324373 65 42 22 0.19
5543 0.1165159949419295 -0.0757829863166983 1.034596413691957 104 72 47 0.2
5544 0.09955254948194103 -0.06903245601817917 1.008227653672763 114 79 51 0.67
5545 0.2016896454224229 0.1241993456325971 0.9049957794414389 116 70 44 0.59
5546 0.1963075166697345 0.0541041119132401 0.9143621973171377 169 122 80 0.59
5547 0.1815409471124145 0.03419544471241195 0.9023982657569685 163 105 62 0.41
5548 0.178277668458983 0.04229474149513746 0.9019481888521478 117 75 51 0.47
5549 0.1785524657845321 0.04249336479246235 0.8973958250396643 132 90 52 0.22
5550 0.03671966652922709 -0.1110439371370475 0.9861260627543038 102 66 50 1.27
5551 0.02760149460511108 -0.06542710736333399 0.9454023075628366 77 50 42 0.45
5552 0.4059145171146862 0.14534142636659 0.7029792333101202 153 110 64 0.87
5553 0.1391448497327519 0.02625247802360392 0.8697349420902734 64 36 23 0.38
5554 0.06747339565161115 0.1656197755579571 1.203866232726904 118 102 93 0.31
5555 0.1159100719489976 0.176278270307485 1.134890996806402 56 38 31 0.52
5556 0.04155332221424068 0.2716085320972804 1.128948797617032 83 53 33 0.72
5557 0.2063760245472326 0.1095241318061737 1.019088163017595 73 50 39 0.84
5558 0.1704624740791867 0.02743250396092048 1.051639037840959 78 47 30 0.53
5559 0.2596103893991595 0.2070528997633731 0.9057508276850135 62 32 20 0.45
5560 0.2610193154913463 0.2085409227299144 0.9023699713545947 132 89 53 0.25
5561 0.2653486667134522 0.1981150433742896 0.8938576355384951 84 53 38 1.36
5562 0.2679365936248253 0.1093379661792995 0.922835120847298 192 138 80 0.53
5563 0.2831353553742156 0.2061144494024914 0.8733927872697933 79 48 31 0.35
5564 0.2813360161529482 0.2319504459415689 0.8698867422328309 119 80 48 0.49
5565 0.287288120152056 0.2336153668691991 0.8545482267983637 94 65 30 0.38
5566 0.3039621590403771 0.1892203944783837 0.8514199063665642 117 94 63 0.29
5567 0.1236144261164338 -0.05385209001202454 1.028900083968862 74 47 30 0.21
5568 0.1006542907416969 -0.1955920552966385 1.078054739215489 137 103 70 0.34
5569 0.3283220882736058 0.1837478651072047 0.8189530752670117 133 103 69 0.22
5570 0.3221232479412237 0.2078538244484819 0.817222784578009 98 70 41 0.27
5571 0.0783658424427095 -0.09093537175255914 1.002332361701299 101 71 53 0.45
5572 0.06148020647466823 -0.08114347121159907 0.9860233773897507 74 45 29 0.37
5573 0.1078139812523307 -0.09064761251643036 1.110288637622506 106 80 46 0.54
5574 0.3690367533476048 0.1643896742431042 0.7654816029345565 91 56 32 0.26
5575 0.3736108443452661 0.1953140646904088 0.7432720746669029 96 67 45 1.37
5576 0.513005128234701 0.09813080598624641 0.5836027369816832 84 75 75 1.08
5577 0.1672896091364446 0.153028620743702 1.072563927119645 110 85 59 0.64
5578 0.1527445181815869 0.2326417730206918 1.050097423062155 93 63 38 0.68
5579 0.177363901353489 0.1212870127198689 1.058155483006827 89 57 27 0.5
5580 0.2512675105220891 0.2127226824107641 0.9141983849231304 95 63 30 0.45
5581 0.2844912045849264 0.1853334601753834 0.8759851839218834 92 71 44 0.35
5582 0.2862009492542413 0.1934241588786707 0.872642979804124 113 85 40 0.11
5583 0.1252199181237065 -0.06877048581848647 1.032537914414285 124 90 58 0.78
5584 0.3273897203293886 0.1923614977568237 0.8199237324409844 91 58 34 0.26
5585 0.05716402122846564 -0.219077833417796 1.058458827727108 77 62 49 0.46
5586 0.3401584399482127 0.2080678759152988 0.7904207096043807 108 79 45 0.47
5587 0.3632252153863931 0.1962326796506412 0.7643206211560076 80 59 39 0.52
5588 0.3711154565031481 0.1940157615305475 0.7424783718206007 82 58 35 0.78
5589 0.378507625065519 0.2133255244037044 0.7256161890811393 101 75 49 0.31
5590 0.09440781605303461 -0.01035569342021989 0.8510958876161347 192 192 195 0.43
5591 0.3980960598353875 0.1811834329754849 0.7112352592724842 90 63 41 0.35
5592 0.3971098208781375 0.1952415133617271 0.7077838217577799 71 51 35 0.34
5593 0.1516734324798407 0.2746665337976685 1.042388151282847 43 38 32 0.54
5594 0.1964874009098629 0.1777226472770678 1.002484104029785 51 34 16 0.2
5595 0.2673822246255654 0.1596806581287385 0.9095552859868501 118 74 41 0.08
5596 0.2697945823392054 0.2139808950896335 0.8889069024167486 56 28 14 0.32
5597 0.257732836600806 0.2488474129751625 0.8840902397081016 76 50 39 1.17
5598 0.1284219860269936 -0.08098479796732747 1.043018158582449 139 106 72 0.38
5599 0.3228032100575448 0.1905621714842858 0.824967310744789 64 46 31 0.47
5600 0.07032708474667027 -0.2236553074745765 1.076978774769357 113 100 94 1.08
5601 0.1817155819057664 0.07457896050041066 0.9015766451451888 67 36 20 1.09
5602 0.350233898973231 0.1849184469232943 0.7891789428278804 77 55 36 0.43
5603 0.3519431891946159 0.1870496479743186 0.7871164877018708 95 75 52 0.57
5604 0.3490687259175937 0.2424607964975774 0.7717409135779768 178 106 41 0.17
5605 0.360799921506494 0.223712652854907 0.7592408203357769 92 72 52 0.68
5606 0.158589742989089 0.05931441195886233 0.8688484281496587 107 70 40 0.55
5607 0.381274318895661 0.1767041508284164 0.7365151724758336 155 116 72 0.25
5608 0.3806741736091952 0.2147663416631238 0.7237564215481741 100 71 35 0.39
5609 0.3898969111395066 0.2217776590301752 0.719302521052397 124 96 61 0.35
5610 0.3978235431762052 0.1809094988388245 0.7129269120293186 144 106 63 0.35
5611 0.3966303843039637 0.1980639700539905 0.7064172539808085 104 83 60 0.16
5612 0.2312598383488829 0.1667281220563309 0.9549629153487473 49 27 14 0.59
5613 0.2550769434673194 0.1979767193609728 0.9128760080056453 114 73 41 0.73
5614 0.2851204370206319 0.2567519415113163 0.8590730493975877 120 80 46 0.42
5615 0.3092199949740498 0.2334810863044324 0.824170937737428 77 54 28 0.55
5616 0.3255742261823238 0.1934940101385041 0.8180538465721343 48 25 11 0.53
5617 0.3263066595698594 0.2371928683419985 0.8021968415622776 91 53 29 0.45
5618 0.1884117545565753 0.09776578787925945 0.8988982428112744 147 89 45 0.81
5619 0.349477239892418 0.2047703102796161 0.7782837382464933 117 84 48 0.5
5620 0.3699097151186227 0.2045994435616699 0.7477866305468394 60 39 19 0.28
5621 0.3976021184484279 0.2204387955310102 0.7096569744283768 33 19 12 0.55
5622 0.169401894100333 0.2250925038043682 1.029469324056417 41 27 18 0.77
5623 0.3212387818946267 0.2552344102501037 0.8081619473246286 153 125 94 0.46
5624 0.1052545378518935 -0.1018782288527401 1.033943513326267 56 35 15 0.52
5625 0.2040843413779735 0.2048783990342138 1.00596477055076 133 106 77 0.54
5626 0.2410682443400962 0.2436749959270052 0.9068129758781701 98 69 28 1.03
5627 0.2819476391215159 0.2330836393819919 0.8634904056019208 63 39 26 0.96
5628 0.3246151466443551 0.2479977308699177 0.8032142757421771 110 77 39 0.45
5629 0.357012165770606 0.2416432365308567 0.7617145705380104 122 79 30 0.54
5630 0.3557669527064488 0.2207232109435696 0.7641495263890955 48 32 19 0.74
5631 0.3634663441716928 0.2157818843578986 0.7550127399626771 66 45 28 1.03
5632 0.3653017236124335 0.2061430429822373 0.7546554231444051 50 32 17 0.68
5633 0.1219142872745774 0.005338399072507438 0.869558574889739 96 65 44 1.46
5634 0.2824532314004362 0.2110334550686339 0.8694778970720078 58 37 28 0.87
5635 0.3320715999501441 0.1944419482741791 0.8086313423765504 107 79 49 1.2
5636 0.3338238081561351 0.2351017590158695 0.7948866905160186 79 52 28 0.83
5637 0.2754378663412189 0.1911614645747404 0.8979799094651797 41 25 16 1.07
5638 0.3341622594961047 0.222835405125162 0.7956279736363288 49 28 16 0.85
5639 0.2390237256419758 0.2303982147449679 0.9189583972066337 97 60 38 1.44
5640 0.07835951305602951 -0.2452875346732326 1.074044703542613 115 90 62 0.66
5641 0.08977882877569987 -0.1804550986837326 1.066966008433278 113 82 42 0.4
5642 0.1014853999951951 -0.1878293007577968 1.077420249118757 103 75 55 0.69
5643 0.1184710353092485 -0.1540088645200776 1.079344761957029 112 83 53 0.69
5644 0.1480789223034606 -0.1388669831190494 1.080978517725443 114 77 55 0.5
5645 0.09093662966579108 -0.1568884478875241 1.04692560121956 107 67 31 0.44
5646 0.09592102731841301 -0.1406859169999813 1.038884227230831 114 84 62 0.48
5647 0.1240144040833275 -0.1250098855340005 1.064729872026863 65 43 28 0.43
5648 0.1275839671888636 -0.1253816382072908 1.074572258291928 109 76 49 0.48
5649 0.04853915708516421 -0.1540033466178229 1.029751265806448 111 72 46 0.76
5650 0.1090982617249129 -0.1168031047523081 1.126646450845135 52 45 40 0.13
5651 0.05262371391302101 -0.1227218754430384 0.9996472546964008 104 71 50 0.47
5652 0.07925091379672666 -0.0994283921220511 1.00798226594443 108 81 56 0.31
5653 0.05259994408258939 -0.1107643722713893 0.9938147428255826 142 106 67 0.48
5654 0.1652206537666634 -0.02975638227744795 1.053554186986327 83 63 52 0.35
5655 0.07078137009452945 -0.05643975689687106 0.9734724982032188 118 83 64 0.57
5656 0.07498300953174153 -0.07177664465928893 0.9915943099058744 71 39 21 0.64
5657 0.1224546133486261 -0.03077584560482113 0.9685940403897915 179 134 59 0.24
5658 0.06952242678065768 -0.002911988634380719 1.18962019122934 199 188 179 0.38
5659 0.05823795298886669 -0.02548528830385335 0.9228331871668117 104 70 45 0.94
5660 0.1357867670067032 0.02380333995295753 1.111930578700224 72 52 39 0.36
5661 0.08868093795078169 0.01342847681902859 1.180860290832599 186 192 185 1.3
5662 0.06077404889723781 0.0253098838807192 1.19873473092754 199 208 217 0.37
5663 0.5242703269272426 0.1010856051191735 0.517629320723254 124 82 53 0.56
5664 0.5279388795050342 0.102549909452921 0.5209939271000612 131 90 62 0.43
5665 0.5358420899325214 0.1085588204596654 0.5294486388044916 156 94 46 0.5
5666 0.5453187663168758 0.1103974639288737 0.5374995677506887 161 106 46 0.77
5667 0.5252850661477904 0.1101015995403393 0.5627695551075573 138 89 50 0.29
5668 0.5261781145588462 0.1150284062942899 0.5612815914691536 155 100 52 0.42
5669 0.1749454930212233 0.02943615836906094 0.8878373191278492 154 109 65 0.28
5670 0.2014839543368869 0.05783785068814445 0.9114257920052771 124 81 49 0.98
5671 0.4905834968284376 0.09422996257808747 0.4900034070043934 129 88 64 0.31
5672 0.5169291516661926 0.1109882588928556 0.5095990896292284 134 91 44 0.43
5673 0.5391096965571812 0.1230219410416805 0.5166502790846783 90 64 46 0.44
5674 0.530842148280056 0.1230942394359342 0.5409087025577596 81 55 32 0.55
5675 0.5514031181178165 0.1294228408782508 0.537152074461791 87 68 47 0.57
5676 0.533673660990833 0.1212524597423208 0.5514574631779352 108 63 33 0.18
5677 0.08646417240222815 0.01946724767758953 0.7798867500795833 125 106 96 0.55
5678 0.07397481816526563 0.02569516607449376 0.8227590737180523 146 88 52 0.37
5679 0.1718079544547734 0.07378252183794495 1.058255714699381 92 57 38 0.27
5680 0.1782576792470044 0.09629328558856626 1.070635903336455 95 67 49 0.34
5681 0.1409612637001291 0.08687626250529293 1.127508827072295 122 89 56 0.34
5682 0.5063586346390772 0.1052445465481258 0.4393802730204166 153 143 97 1.1
5683 0.5197917313033007 0.1112161789282168 0.4731066765475626 41 19 15 0.22
5684 0.5126307419358944 0.1123260161597986 0.4799709641928823 72 50 31 0.28
5685 0.5112429728756829 0.1128813516832908 0.482538091224161 107 78 48 0.35
5686 0.5075971191739429 0.1126536114289778 0.4854993447742379 62 33 11 0.31
5687 0.5424353772786787 0.1357155823449564 0.5296574099299249 69 42 22 0.13
5688 0.5367360609254705 0.1324569402330182 0.5477927290238512 67 45 26 0.57
5689 0.09571958086901111 0.03990877365137727 0.833842048071938 88 52 27 0.69
5690 0.1451528921148159 0.07133904020607354 0.8582308916186402 144 94 64 1.14
5691 0.1951478068405203 0.09451171323969215 0.8841287916979409 107 58 27 0.57
5692 0.2822990162375126 0.1159445782313339 0.9057497250239703 109 75 49 0.26
5693 0.1772462739187457 0.1000241660233192 1.068956295616468 140 102 67 0.21
5694 0.1424252569762228 0.1186021249249476 1.115170053438956 87 54 31 0.31
5695 0.09381785955878608 0.1153558199320857 1.179963253627924 196 192 178 0.43
5696 0.5288553387066307 0.1225089028491603 0.4591831391634276 174 139 85 1.04
5697 0.5316689604923025 0.1263324924747817 0.4542831141197647 36 17 14 0.35
5698 0.504948179379948 0.1305358755559596 0.4993017731506165 118 90 57 0.86
5699 0.5265478708237656 0.1426455986564989 0.5516915528666954 55 31 19 0.37
5700 0.4955051190242322 0.1379218645782686 0.5948968760456798 105 65 43 0.32
5701 0.4935619203661946 0.1422104011907037 0.5963478580777204 76 49 27 0.45
5702 0.1482820325408499 0.07874655434638056 0.8665826870632098 76 44 28 0.73
5703 0.2011049113122439 0.1020569940893991 0.9045813063356678 174 124 66 0.5
5704 0.2117891202618587 0.1208233982946587 0.8986283899427401 88 42 19 0.47
5705 0.2023817457997164 0.1303875740696462 1.005950606880965 118 83 56 0.36
5706 0.1583514441332258 0.1323538375726537 1.071612215726383 86 47 28 0.69
5707 0.136436946610011 0.133893560121685 1.117803316289597 58 38 24 0.37
5708 0.5349001347402952 0.1257219880942313 0.4050805230548599 72 35 15 1.12
5709 0.5078832835945627 0.1423033527680352 0.4989720343745043 69 42 32 0.15
5710 0.5068614158081485 0.1432961448768748 0.4993318667903456 56 28 18 0.12
5711 0.5074449215550189 0.1419206910635241 0.5006901562690964 55 31 24 0.42
5712 0.5337313623592113 0.1512723839054244 0.5398617499362377 126 74 38 0.47
5713 0.5220577456873884 0.1485167528913267 0.5589252161855789 34 15 10 0.72
5714 0.5123957762979997 0.1485413070770957 0.5699501588349697 106 61 19 0.31
5715 0.4797304458696169 0.1559641430732104 0.6052040691713469 183 153 110 0.42
5716 0.4659275788587023 0.1471618900320873 0.6315561882137024 109 67 32 0.38
5717 0.2604896333086161 0.1461707523094393 0.9244405647143699 142 103 68 0.35
5718 0.1848379990939555 0.1402513677958825 1.006722143773834 52 32 22 0.77
5719 0.1101606647959056 0.1406995921658392 1.145190481128824 73 50 35 0.34
5720 0.5027501261238061 0.1515239107608262 0.4957539809909193 59 38 28 0.17
5721 0.5330690217193859 0.1606422697442383 0.5186998924832597 111 77 53 0.57
5722 0.5317545245875755 0.1618489536308017 0.51760341105059 108 60 35 0.3
5723 0.4093308979123458 0.1671760321002834 0.7074813822338202 100 68 38 0.26
5724 0.1503123494873499 0.1676833931539661 1.08805027608178 50 32 25 0.69
5725 0.374128070627167 0.1523528804565159 0.7334605510228394 191 123 59 1.25
5726 0.5124518745287632 0.1703276795956639 0.5621475229183592 77 36 17 0.24
5727 0.479656745504407 0.1708160968136703 0.5997303502602979 146 102 54 0.41
5728 0.4661239638879513 0.1708624406151471 0.6185778737841707 107 83 51 0.88
5729 0.2460937132894786 0.1952778145319322 0.9482987562493571 39 25 21 0.55
5730 0.5031373557413815 0.1635656687607456 0.49329236468759 84 63 43 0.59
5731 0.4993981112336485 0.162656930471115 0.4919563674788032 31 25 22 1.14
5732 0.3174161890818862 0.2002301612339335 0.8253851211494214 50 34 25 0.81
5733 0.2109299919251485 0.206108885296566 0.9960746068015209 77 65 46 0.41
5734 0.2445708430073735 0.2070589951688579 0.9342841243697539 76 58 40 0.84
5735 0.1125554874773831 0.2244003351768882 1.131826733964443 53 31 19 0.38
5736 0.08854450436064842 0.2270333989632357 1.162715466321448 99 72 48 0.77
5737 0.5027739538451119 0.1667512349244407 0.4429075552075536 49 31 20 0.78
5738 0.5192961918382349 0.1791917833499082 0.4990579748711193 94 55 31 0.19
5739 0.4558571000958982 0.1973506570681894 0.6219342220789024 100 72 36 0.53
5740 0.1979156855892145 0.2314044696463494 0.9930432235681784 67 42 27 0.69
5741 0.5375567568621178 0.1968105962296003 0.5244692304016626 108 80 39 0.77
5742 0.5204997450411279 0.2064661360311135 0.5480232472256228 77 40 18 0.86
5743 0.5116069773862323 0.2033135187825518 0.5569872269649554 97 55 10 0.42
5744 0.4601420026137227 0.2055969582943494 0.626020016395151 45 30 22 0.4
5745 0.4331335404062553 0.2111050116115655 0.6621444596848836 48 37 27 0.16
5746 0.4200749852602514 0.2154199046935202 0.6798821497408123 44 33 26 0.13
5747 0.4065255968987749 0.2141563583107318 0.6887151900629285 82 57 31 1.14
5748 0.2960448721617687 0.2290843574151537 0.8467147372917727 117 75 47 0.91
5749 0.05991665721885508 0.2596350790325143 1.174337717798019 39 25 17 0.31
5750 0.5425809813912594 0.220686034566653 0.5300064600923543 140 110 84 0.66
5751 0.4737801257032456 0.2339226909878126 0.6193888253334876 162 128 98 0.42
5752 0.4494891141540014 0.241619112639134 0.6523454046731895 66 38 24 0.34
5753 0.3641002554932136 0.2467725523579661 0.7516786041566518 146 107 63 1.04
5754 0.3610814110006326 0.2547565479109651 0.7694897752995566 130 98 68 0.5
5755 0.4115912158171104 0.2584537981347752 0.7021486620483076 129 88 59 1.27
5756 0.09772634420739001 -0.1468734494383096 1.124172267893104 89 71 61 0.7
5757 0.0783691256704937 -0.2402119154074314 1.071273699038897 52 36 27 0.65
5758 0.1380007010575476 -0.1306574206573055 1.084654344632213 72 53 42 0.83
5759 0.1133982768235441 -0.1485191824989736 1.111786451454839 67 49 38 0.76
5760 0.1253860826488678 -0.1200556945090832 1.076094877446478 56 33 16 0.63
5761 0.140417286385669 -0.1094961689435027 1.074304900856161 158 111 56 0.38
5762 0.06279501099257601 -0.1297872938378268 1.014229042769427 113 79 45 0.33
5763 0.1325363638219524 -0.04106709708202291 1.107814358849646 72 49 35 0.65
5764 0.1183628131982351 -0.04009238886813746 0.9984954383637825 138 91 55 0.44
5765 0.1502829245553678 -0.02667481351198162 1.076901945162545 107 77 37 0.41
5766 0.166565195805338 -0.001097729421456667 1.057878401179497 54 35 23 0.2
5767 0.1213608956631823 -0.02740284707494001 1.122438625275156 63 52 44 0.15
5768 0.07439527587461603 -0.026690901626235 1.179462145407811 107 88 73 0.54
5769 0.5406618615695572 0.08921788131394198 0.5338691012130948 79 47 27 0.61
5770 0.05512243291879282 -0.05759577359804843 0.9655650176869928 65 37 23 1.0
5771 0.1808710339632101 0.01851761469388644 0.985293805699022 62 39 24 0.8
5772 0.1435816822067892 -0.002018239138348032 1.091557864517184 73 50 36 0.43
5773 0.1550914689466455 0.006755892518931828 1.075342462648641 66 42 32 0.59
5774 0.06333626017525917 -0.02147276223625003 1.188924869178013 177 181 180 0.38
5775 0.2960020081823156 0.05135810379638972 0.7783301525807712 214 214 210 0.59
5776 0.1387871871964884 0.002251058103733161 0.8818974416271954 117 80 49 1.11
5777 0.1743813417711993 0.0231460659000691 0.887480205158836 114 75 45 0.59
5778 0.1606752115588093 0.02170156950160973 0.8997336805287445 113 73 29 1.6
5779 0.4980724377440265 0.0918916005869761 0.5019980906734272 112 67 40 0.9
5780 0.5436740891040589 0.1060562457777846 0.5317582681302632 161 113 67 0.61
5781 0.5445724786045706 0.1078481666976797 0.5312327796412349 100 59 38 0.52
5782 0.5321022405921888 0.1132976121889375 0.5550864006950323 185 123 55 0.23
5783 0.5209190827195602 0.1045697101029986 0.5764504446736721 155 96 47 0.31
5784 0.5139891463020619 0.1139898438070918 0.5808137450066052 130 86 43 0.84
5785 0.1226245936294872 0.006844930309985564 0.8592538527956635 118 79 51 0.52
5786 0.2024369060396626 0.04040033081986155 0.9148597001342798 100 58 27 0.31
5787 0.4957625549700154 0.09983702579787292 0.5000972808617132 88 43 18 0.34
5788 0.4995506567876084 0.09945558670814618 0.5013603870198996 174 126 68 0.46
5789 0.5085702914763979 0.1066161466650295 0.502632794888878 119 69 32 0.34
5790 0.1211054348618006 0.03310836129318229 0.8670863330905778 146 100 59 1.02
5791 0.1615491882445887 0.06298735225066981 0.8928489481825375 34 19 11 0.4
5792 0.260945942592761 0.09589493415866997 0.9370488684758604 191 126 80 0.31
5793 0.1702970391020592 0.09234244081668994 1.079686610982875 54 34 23 0.47
5794 0.4559560523350776 0.08519740917409782 0.3690031486216988 128 94 36 1.32
5795 0.5406032939262443 0.1161643918423261 0.4179212258103162 103 73 44 0.66
5796 0.5240628100349819 0.1167174085759699 0.4740363741362171 113 78 44 0.55
5797 0.5223874343538276 0.1165173266536148 0.4756917834650484 104 76 52 0.58
5798 0.53756047495907 0.1311804495305024 0.5524135193405419 47 28 19 0.24
5799 0.5736899344810041 0.1438120522372982 0.5542233265798427 79 49 26 1.71
5800 0.08468101896983071 0.03987890936648517 0.790144902779316 119 69 13 1.25
5801 0.1120025476838851 0.04949587020452439 0.8382677668806637 110 67 39 0.72
5802 0.1387631764137268 0.0731812175993149 0.847430254196416 102 56 28 0.94
5803 0.1749113404305379 0.0829372815641915 0.8828382935791355 117 63 26 0.28
5804 0.520796997780171 0.1181809949020109 0.4407075615318892 136 111 81 0.31
5805 0.5273697264553788 0.1213833034272434 0.4337049448048513 26 18 13 1.01
5806 0.5366683666935599 0.1287973334373316 0.4668806633868607 38 17 15 0.25
5807 0.5437571512636722 0.1293150459642385 0.4701510990615191 87 60 29 1.07
5808 0.5364596072604818 0.1298702773007863 0.4691156567636142 39 17 13 0.37
5809 0.5347246623404044 0.1310946393464817 0.4741162824973916 33 14 10 0.34
5810 0.5324391701800009 0.1317019652538699 0.4768133967816721 40 23 17 0.37
5811 0.5308892959942652 0.1319983872540273 0.4793849627054124 50 31 20 0.47
5812 0.5159097595428364 0.1328235431006462 0.5035638614916149 106 67 32 0.34
5813 0.53466662420638 0.1358428428764451 0.5226047274584237 100 70 46 0.38
5814 0.512875312664887 0.1436662172079977 0.5672580569983139 165 122 72 0.43
5815 0.1083402705356087 0.06647582251437753 0.8436370903817008 83 44 24 0.86
5816 0.1764593194480675 0.1078473747133984 0.8727402779479188 154 84 23 0.22
5817 0.2044478462229319 0.138762127052569 1.006178475262332 122 89 66 0.33
5818 0.5159934184877043 0.1281319746685946 0.4111006495178904 65 42 18 0.87
5819 0.5389672134998977 0.1469598982962751 0.5240801996316835 56 34 21 0.49
5820 0.5382974894204944 0.1526006769221149 0.5225171540443514 70 42 24 0.78
5821 0.1416742269931069 0.09957947144784195 0.8518923673745585 172 111 58 0.29
5822 0.1523399385579101 0.1013356323123773 0.8578589247401827 162 104 48 0.62
5823 0.1651129641801878 0.1085235976539082 0.855065692255297 95 56 34 0.73
5824 0.1889421899170917 0.1579248840240381 1.028373605912141 47 29 22 0.42
5825 0.3621695018500173 0.199978356936292 0.7633280343259006 124 88 51 0.18
5826 0.517310466416663 0.1414584574323595 0.4640290288537952 75 48 27 0.36
5827 0.4968841518380783 0.1451670907173901 0.4834030649587187 62 38 29 0.32
5828 0.4203828577039955 0.1301114226681597 0.488112852682504 66 41 18 1.57
5829 0.5042141103918546 0.151829883995473 0.4971993795254586 46 21 14 0.29
5830 0.5095141005577013 0.1525367061975675 0.5026924183668843 71 43 21 0.08
5831 0.5147739155583179 0.1507329334527839 0.5055931672972873 77 42 28 0.31
5832 0.5200158039522261 0.1514488352798387 0.5089025421176466 75 42 30 0.45
5833 0.5337405241018296 0.155675893219113 0.5180713028021765 81 51 31 0.78
5834 0.5343573848832993 0.1594395276778911 0.534961639187427 132 90 50 0.45
5835 0.4883965587724577 0.1603453807575488 0.5917925104835413 188 136 95 0.22
5836 0.4055144976848626 0.1684695115382179 0.7097529166489031 125 100 74 0.3
5837 0.3305906120657205 0.170968596983378 0.815179477171442 126 82 46 0.23
5838 0.05780199688513987 0.1735170324770663 1.215181592657803 121 116 116 0.44
5839 0.06264248524309268 0.1720848598618965 1.214923991821794 185 172 161 0.32
5840 0.5243499799921157 0.1594443370365347 0.4599824016259614 100 75 51 0.34
5841 0.499948323951414 0.1579460092775521 0.4925776252408937 52 35 27 0.42
5842 0.5323303444052019 0.1671779826504635 0.5173749234545723 139 97 65 0.15
5843 0.4710730649793957 0.1752642359990536 0.6110402222579104 92 64 34 0.86
5844 0.4617168256199485 0.1776836774093003 0.6217091679037445 136 103 59 0.64
5845 0.2864999853532307 0.1844285302321151 0.8721008838566555 100 70 48 0.36
5846 0.2674154394819297 0.1864245003286846 0.9192164688994289 149 114 82 0.53
5847 0.5173394001753787 0.1547291331427304 0.4066673498539356 84 58 34 1.01
5848 0.5128622002817343 0.1661076002895542 0.4614350068674035 91 75 59 0.48
5849 0.5368367580957908 0.1770519836714151 0.5140769298925628 70 27 15 0.89
5850 0.5252536879129648 0.1819687324182938 0.541910988292976 57 26 13 0.45
5851 0.4361299050575056 0.1926149722239842 0.6523486096924778 195 140 90 0.29
5852 0.3516994082521412 0.1881050931454896 0.7813466490246701 113 82 54 0.51
5853 0.3398567693134786 0.1992886986264418 0.8005448719756136 55 38 21 0.23
5854 0.316814749219942 0.2037680358744448 0.8276910933075878 43 23 13 0.33
5855 0.1172629218863164 0.2256725777705586 1.124860264852866 80 58 38 0.5
5856 0.4985685471795261 0.1730566142194643 0.4883580624551017 41 26 26 0.1
5857 0.4474369002926306 0.2030851163057463 0.6338470227355826 64 45 27 0.75
5858 0.1471253255892408 0.2284663883256719 1.061218500567224 36 22 14 0.59
5859 0.07515068696975202 0.2493219970966456 1.153676367872489 35 25 15 0.86
5860 0.4668594362155224 0.2079230808805176 0.6126166203885111 52 35 22 0.56
5861 0.4532124488302953 0.2048356460374182 0.6302327855261409 105 84 56 0.65
5862 0.5228956765458506 0.1916351183966705 0.4542861868611171 65 45 30 1.05
5863 0.513779188288797 0.2089205177378088 0.5553306272572721 131 81 29 0.31
5864 0.5009516330460693 0.2109001072690314 0.5700784533888571 95 65 36 0.29
5865 0.4345246701149317 0.2187304557090632 0.6562135051339378 76 53 26 0.92
5866 0.4080244306309292 0.2262478136743514 0.6972852368446237 53 31 19 0.29
5867 0.06584264100536652 0.2965276982134147 1.160689222549164 54 36 14 0.55
5868 0.5367790370181349 0.2141212020366521 0.5257913661310293 101 62 36 0.38
5869 0.404973143876007 0.2500022153200525 0.7076883100687023 83 58 41 0.49
5870 0.3426788350408099 0.247357418188497 0.7795070507588513 182 112 45 0.25
5871 0.530381418885597 0.2630479850542069 0.6613466347906958 112 102 77 0.31
5872 0.0636685394571328 -0.2966696285957935 1.124685476881961 220 226 231 0.79
5873 0.09530602164254809 -0.2585834216232877 1.135633661418681 78 64 38 0.96
5874 0.1258108563505456 -0.1090952368633367 1.098768118754067 55 35 26 0.48
5875 0.06114463612287979 -0.1245402739845104 1.007543405787681 109 73 49 0.71
5876 0.05129711742334109 -0.1185386097947398 0.9976747084327691 103 64 33 0.25
5877 0.1048709861911545 -0.100468470763103 1.038821769292541 96 67 46 0.2
5878 0.1449191189496374 -0.05675019391470817 1.090150630489178 62 44 31 0.91
5879 0.1258332862425644 -0.06400549218614901 1.110298793382415 112 75 54 0.53
5880 0.1030891302073792 -0.07357656097933071 0.9986302770942301 103 66 32 0.3
5881 0.1297695931096642 -0.0181265720428824 1.109265277909197 111 84 58 0.51
5882 0.1321881417495374 -0.01549887049732585 1.102964897166916 62 38 28 0.6
5883 0.5291010042248377 0.09611567902427018 0.5155126728804044 136 88 18 0.8
5884 0.1719174480385544 0.01658017167716433 0.9007245961990304 167 122 75 0.6
5885 0.2321806305142263 0.05567994197683088 0.9756998785424201 66 43 24 0.76
5886 0.518163949416953 0.09552216455039494 0.5162884228139211 205 141 72 0.6
5887 0.5193683776438419 0.1045624257934281 0.5173882888511558 143 93 46 0.66
5888 0.5304010015158522 0.1072623104931407 0.5253129450599894 143 95 32 0.53
5889 0.5356317521386676 0.1078297034472435 0.5271181357102699 162 105 46 0.54
5890 0.5454297402193431 0.1089129408480115 0.5349236261416663 109 72 46 0.52
5891 0.1016108690730249 0.04667790677991324 1.156233054302547 122 106 85 0.66
5892 0.5006476541820594 0.1062675176373352 0.4923472297876581 146 100 57 0.62
5893 0.5154475981659267 0.104255856521347 0.5050770229263029 152 94 35 0.97
5894 0.5087714461146063 0.1076769962490627 0.5041815650990339 131 88 49 0.16
5895 0.5509657165734306 0.1244323212747876 0.5345485487778245 62 42 24 0.65
5896 0.5365682258413762 0.1284705953842634 0.5539392092100682 84 51 23 0.23
5897 0.5247901708533855 0.1221507431825369 0.5674541155831436 99 59 34 0.23
5898 0.5332350580035087 0.1299209014741219 0.5670306238208959 98 56 28 0.56
5899 0.5268029383422396 0.1124654965205029 0.4272412112296172 130 103 66 0.75
5900 0.5009258510442505 0.1065757892956124 0.4533150144081646 62 40 30 0.44
5901 0.5472496230315592 0.134532639343632 0.5317832532155555 111 88 57 0.22
5902 0.5251792417835699 0.1294850086986228 0.5682387069353988 181 137 94 0.62
5903 0.1628284124610191 0.07003760806072251 0.8739499126357866 34 19 15 0.42
5904 0.510624797518771 0.1198027419768425 0.4468627023405741 111 85 64 0.96
5905 0.5282293690706961 0.1256356819199776 0.4727736376673572 130 95 54 0.93
5906 0.5237476180876026 0.1314353339460778 0.4817250354193696 25 16 15 0.16
5907 0.5148714559641347 0.132423660856436 0.5013757546165233 95 64 35 0.5
5908 0.4755442223075101 0.1430255559242558 0.6227338719610211 119 71 33 0.41
5909 0.2028808147017346 0.1332124272858236 1.008684941082534 67 43 26 0.46
5910 0.07767671714985258 0.1290144312221431 1.1912296001011 136 121 102 0.51
5911 0.5096403965524035 0.1437416195371496 0.5015502512527054 77 49 36 0.33
5912 0.5269883885606593 0.1431456318373815 0.5153492838176417 155 102 65 0.21
5913 0.5268083831351188 0.1464610141103331 0.513042983350946 67 34 20 0.39
5914 0.5414296993654312 0.1506142575618355 0.5255536511941268 90 52 27 0.36
5915 0.4982988523216619 0.1563132159968699 0.5814282940834532 141 110 80 0.43
5916 0.4543184092764213 0.1513123681635004 0.6478640526819175 88 49 21 0.31
5917 0.1643923864777413 0.1156101775546971 0.8689199452578678 161 106 71 0.14
5918 0.1840109634706855 0.1138116334223575 0.8803640542567155 118 72 39 0.7
5919 0.5125864532671082 0.1474340856376688 0.4617747479049442 106 81 52 0.49
5920 0.5073886229432161 0.1484430952739523 0.5008319594636867 53 33 25 0.36
5921 0.5072699334247258 0.1471967883200755 0.5023598465608164 92 65 45 0.78
5922 0.5292012765672469 0.1580099728955662 0.5156466862681542 123 86 56 0.23
5923 0.4983628151176443 0.1519131284284269 0.492529833494009 76 48 34 0.25
5924 0.4773665292162168 0.1709010499412628 0.6024301784789436 158 109 59 0.4
5925 0.4185815124839863 0.1807717464323247 0.6829218707284384 132 92 48 0.54
5926 0.3047005539068636 0.1884911186426839 0.8488060121440244 81 54 35 0.47
5927 0.2490483672819078 0.1872010942178585 0.9398881342170388 57 46 31 0.5
5928 0.5114477547549504 0.1672278557737787 0.4604529763896938 40 27 19 0.68
5929 0.4961795825704657 0.1685323099392374 0.4826380151522189 45 34 25 0.59
5930 0.4991009786097697 0.1702631263276619 0.4892463986993052 36 27 26 0.63
5931 0.5220669346058338 0.1768043691136373 0.5058665779922386 62 34 22 0.43
5932 0.4464415118716815 0.1881870760426075 0.6408480823000826 149 114 69 0.41
5933 0.5227162364751421 0.1684725224959529 0.4221666466596818 60 41 32 1.1
5934 0.5104329476119396 0.1684545008336294 0.4355058967315751 62 48 34 0.29
5935 0.5244870641974577 0.1698893388358398 0.4575237158675639 99 80 50 0.89
5936 0.5257829819972053 0.1900085778958047 0.5419984545929115 164 92 34 0.48
5937 0.497726216350285 0.1981120403660869 0.5766501845038485 56 38 21 0.41
5938 0.1800034874488969 0.2296714048131803 1.014807680234468 121 81 45 0.88
5939 0.08563382960098609 0.2320857778339796 1.163771422166906 77 56 32 0.48
5940 0.5172246340295066 0.1853799974481906 0.4525784140916846 134 95 61 0.92
5941 0.5220636579134318 0.1915909587508596 0.485290753409258 32 14 11 0.75
5942 0.4906188525972738 0.1964036663515143 0.5391810553733409 121 63 17 1.09
5943 0.4811904697843914 0.2075246438069421 0.5955509115310408 109 80 42 0.57
5944 0.45365311453744 0.207462623198264 0.6345036956693205 66 42 22 0.42
5945 0.439164046883563 0.2160864923087461 0.6515335762044624 99 76 50 0.66
5946 0.05724979027168298 0.2696912577225697 1.166862058761642 58 33 21 0.31
5947 0.5195609812340625 0.1928324855523874 0.4551447883768057 66 47 24 0.62
5948 0.5016578333553161 0.2135585572607111 0.5695499255670116 90 57 25 0.51
5949 0.2327063268878276 0.2561270882253065 0.9269226038973505 35 22 14 0.93
5950 0.5545443325715468 0.207360727591593 0.4684313317042666 120 89 62 0.24
5951 0.5597455626153993 0.2128333163673421 0.4799854346641121 89 49 14 0.32
5952 0.652104415194529 0.2239763355203304 0.441302990956708 41 30 24 0.9
5953 0.09135013275697768 -0.2592872521907066 1.107352715865326 67 48 33 0.8
5954 0.1496794800690715 -0.03532276878147331 1.084713098681522 63 41 31 0.39
5955 0.07364550888916066 -0.0334371559481105 0.9461472196460478 90 58 38 0.33
5956 0.04194980988732433 -0.03062226417869637 0.9394335734417099 148 100 66 0.22
5957 0.1657450369191041 0.01159833942745214 0.9017864632177374 137 98 60 0.42
5958 0.5312914193235313 0.1044761913992968 0.4207608831401807 145 109 70 0.56
5959 0.4817540601551638 0.09245074844954185 0.4822320378453831 84 61 43 1.01
5960 0.4993094711149737 0.1051863088773747 0.4970106574564713 119 86 29 0.52
5961 0.5499481827234957 0.1280601651004769 0.5396161506814556 108 74 41 0.25
5962 0.5340003861084222 0.1284061021527098 0.5597878903392518 60 39 27 0.21
5963 0.09432748739848562 0.02591741526585922 0.8319037517332526 197 188 177 0.63
5964 0.5254545592848088 0.115219739816967 0.463185776142187 161 132 102 0.22
5965 0.5360105911294926 0.1266642309351285 0.5137976119270704 65 44 33 0.79
5966 0.5477966407480086 0.1309954678797847 0.5269540659153146 79 51 34 0.8
5967 0.5029272326569707 0.1289926309916674 0.5861449826355188 137 103 48 1.24
5968 0.1887265608232765 0.08991593717281596 0.8981877548768784 106 67 28 0.51
5969 0.5543218161975538 0.1196806749160986 0.4087995576878207 23 6 7 0.57
5970 0.5346539294050928 0.1226429489037189 0.4315044170522674 44 26 19 0.8
5971 0.5073037627681111 0.1152990964973109 0.4469260284337007 129 94 59 0.4
5972 0.5257781745475152 0.1260957603796841 0.4789497988094628 126 94 44 0.67
5973 0.5074326075580856 0.1216924418634858 0.4980372923533731 48 30 25 0.63
5974 0.5156703239052361 0.1275713792451471 0.5084950155524721 94 62 34 0.5
5975 0.1234071528490934 0.07448386389896836 0.850835182621007 166 107 51 0.5
5976 0.5287604911509713 0.1299487608319546 0.4089137374871282 66 36 17 0.67
5977 0.5158149963981915 0.1331650550721817 0.4713934024061488 64 32 12 0.57
5978 0.5375616708220133 0.1547962708702081 0.5221915354179345 87 57 28 0.65
5979 0.440903996786436 0.1558198047947379 0.6627551603265409 123 87 52 0.86
5980 0.2710145071308531 0.1512073434402136 0.9127661622461077 82 46 25 0.7
5981 0.2459064430001136 0.1445759773165112 0.9463846812285663 42 25 16 0.41
5982 0.06309393183030054 0.1421044013982384 1.213687415162819 198 214 215 0.42
5983 0.4969944412844745 0.1415540852895477 0.4831433298349823 69 37 19 0.31
5984 0.534311239060095 0.1546948698775544 0.5195258371893594 43 24 20 0.22
5985 0.5347447401489125 0.1609110974379345 0.5325907498910433 62 35 20 0.34
5986 0.4100609136171542 0.1645583023965549 0.6987652497027113 176 132 81 0.59
5987 0.1717727201936406 0.1715254032036433 1.037011466967414 113 82 53 0.49
5988 0.5240883762413727 0.1667994674848173 0.5101785338529282 136 90 47 0.5
5989 0.5014539805506821 0.1572630519882859 0.4428002376945699 65 51 38 0.49
5990 0.5134788565144431 0.1605385169679034 0.4620307356956155 56 41 29 0.3
5991 0.4958658130757696 0.1665846943594734 0.4836961558075634 12 6 6 0.37
5992 0.5024455332624518 0.1692246893144441 0.4913378006458175 65 39 25 0.49
5993 0.5079760966716641 0.1879737312402884 0.5586980375568007 93 62 25 0.37
5994 0.5231237167541691 0.1695165463036188 0.5057280249173456 116 70 36 0.92
5995 0.5246537619682531 0.1785203836222018 0.5067258052592793 83 50 17 0.29
5996 0.5288627726347026 0.1850964758922192 0.5349038013910065 114 69 29 0.33
5997 0.5227664189239136 0.1597380390068894 0.3741464310882129 19 10 10 1.21
5998 0.5273699778554261 0.1632643770072924 0.4122933765603286 65 51 44 0.87
5999 0.5091839040711789 0.1653669263459841 0.4362949110382579 29 16 14 0.1
6000 0.5374605102601068 0.1927390726155058 0.51526566318744 98 82 60 1.04
6001 0.4121294740378478 0.2091748619001344 0.6803950272614574 145 102 49 0.6
6002 0.4064837653280851 0.2168890500600066 0.6981948534143133 60 34 22 0.35
6003 0.4082721030768622 0.2203444673774552 0.6941994295493705 54 32 15 0.48
6004 0.5242187900213604 0.2108950114794957 0.5330866585900322 101 70 32 0.82
6005 0.5243902276486455 0.2110752336400905 0.5357842707527906 109 66 35 0.5
6006 0.4610931625789659 0.2187104750354674 0.6203167230042912 66 47 30 0.65
6007 0.4664574488298231 0.2216690058412755 0.6169809901093604 124 81 35 0.88
6008 0.465638645502726 0.2483383372046619 0.627523745317071 150 129 112 0.58
6009 0.377950887737506 0.2610046933227727 0.7185805373080356 151 127 105 0.84
6010 0.06983484477589608 -0.06012508013565412 0.9795442160516969 106 81 63 0.58
6011 0.07801251949834986 -0.0277632604901499 1.174126347598736 98 92 82 0.79
6012 0.176694843607811 0.01497714316908499 0.9065659205277519 156 116 60 0.76
6013 0.1541347722374049 0.03868853398037511 1.0754843869121 82 52 39 0.48
6014 0.4997196337432761 0.09436575557585875 0.5033095546780585 181 128 75 0.99
6015 0.53989013977288 0.1108726509768155 0.5442923320206351 93 58 32 0.82
6016 0.5220023425664539 0.1154912007585653 0.512228976515505 115 86 41 0.63
6017 0.5323954143965143 0.1181394166250605 0.5170508623322625 116 78 44 0.16
6018 0.5458349247715848 0.1307250964641226 0.5387223560741609 38 17 6 0.35
6019 0.5432153125819139 0.1311759161900533 0.5438880377863161 30 18 13 0.47
6020 0.5365238890460269 0.134909159019041 0.5442335836626008 46 26 17 0.89
6021 0.08785359050785535 0.03934974758611828 0.8198990678884075 165 110 67 1.05
6022 0.2028787466919812 0.1009939846637554 1.023951028849427 155 112 70 0.32
6023 0.525817215795475 0.1193424900290278 0.4348006179246275 108 90 66 0.71
6024 0.5360365673460585 0.1273117506211877 0.4683535877760994 176 146 94 0.71
6025 0.5211360154550071 0.1285541971260385 0.4829639164138111 124 101 60 0.72
6026 0.5267833585253989 0.1421783354565922 0.5315911628734102 132 74 30 0.16
6027 0.5373430246628011 0.146701784862187 0.5220577928207644 108 70 31 0.18
6028 0.2435170744909759 0.1589516078703248 0.9424034246694378 105 72 47 0.57
6029 0.4998937297619162 0.1483158257942128 0.4934686872729783 60 39 28 0.49
6030 0.3824007630988864 0.1649186141499862 0.7419200084643098 75 47 21 0.08
6031 0.5254212831025156 0.1617332720683947 0.5114172307563999 136 91 48 0.4
6032 0.5261292501007839 0.1729961782989966 0.5398389702233035 49 30 19 0.84
6033 0.3360081908922048 0.2008864195872175 0.8025862720524434 45 24 12 0.73
6034 0.5109835331843604 0.1703910481677106 0.4285103463501262 46 32 25 0.86
6035 0.4455116238063521 0.2001113272090692 0.6377500571663935 129 105 65 0.56
6036 0.5245237658894687 0.1619088212731457 0.3626630827856689 67 43 27 0.79
6037 0.5178447099555268 0.1888150479491569 0.4959455885859337 104 78 53 1.22
6038 0.5186176277057609 0.1969904777699028 0.5449942149715977 60 31 15 0.55
6039 0.4693957679189607 0.206492635952893 0.608469848215397 57 37 20 0.66
6040 0.1435313549662824 0.2583810014584496 1.062725012808972 52 38 26 0.52
6041 0.5288207407103864 0.1943959657496971 0.4619383253252324 39 24 8 0.72
6042 0.4696686724079301 0.2169638107548709 0.6084876145087594 99 77 61 0.56
6043 0.2182466479546743 0.0931076842258331 0.9196693661336346 101 63 35 0.55
6044 0.5341816667897963 0.1065701620961185 0.5222547254725448 117 72 36 0.76
6045 0.5453507453695784 0.1127693857310263 0.536515251888643 161 88 34 0.7
6046 0.5319609461739987 0.1099611764909415 0.556277592913332 183 108 44 0.23
6047 0.4910264243263505 0.09546223377761459 0.4912538148484119 107 73 49 0.96
6048 0.4912848010005815 0.09905614326144872 0.4952720846017253 162 107 59 0.91
6049 0.5300896447443859 0.1063135396644957 0.4069671974122195 101 70 37 0.97
6050 0.5243824323604117 0.1220674301790896 0.4783235155451638 129 99 69 0.82
6051 0.513850008030228 0.120131546545358 0.4907107842377303 126 100 62 0.69
6052 0.1015040438801131 0.05168399830729431 0.8305764084149887 140 91 42 0.75
6053 0.1229501762504488 0.05681774377480303 0.84618447191533 150 106 73 1.03
6054 0.1972509069847024 0.1132982541695958 1.037404772151763 74 44 22 0.32
6055 0.5287682309161299 0.1164016268259269 0.4242847058797032 108 83 59 0.29
6056 0.486938899863065 0.1426203174809819 0.6010878066316322 76 48 29 0.26
6057 0.1290467825568274 0.07801330627002051 0.8496699576403229 183 114 43 0.65
6058 0.1940331976861583 0.1343982268627995 0.9955398791297123 144 95 60 0.83
6059 0.1508042576901614 0.1746438020516883 1.08701918150829 135 95 74 0.31
6060 0.5278363913215416 0.1657883901322314 0.5127767971953716 59 35 20 0.65
6061 0.5079946424463863 0.1570738061121362 0.4275109651260487 64 50 37 0.46
6062 0.5002032292334402 0.1581298134485965 0.4385472614136123 15 4 7 0.75
6063 0.5217308290514797 0.1853345761400151 0.5419682725878773 129 90 52 0.38
6064 0.5209213618813548 0.1827306197288276 0.5460805861632289 89 50 21 0.61
6065 0.1898338191555599 0.2077904004086685 1.025599341957688 106 80 47 0.56
6066 0.1629273369101841 0.2121985116468946 1.058735131971401 91 68 42 1.12
6067 0.5199296101830567 0.1586016431564745 0.406728761169579 84 58 36 1.19
6068 0.4946523190650693 0.1617391459057103 0.401398928246304 53 42 32 1.12
6069 0.5339234359362728 0.1723939143368299 0.4136904298310233 75 57 40 0.9
6070 0.5206770441737661 0.1940345681435164 0.4516163330539699 131 108 60 0.5
6071 0.4431282002334965 0.2188543757437398 0.6454565669843981 85 55 29 0.91
6072 0.5313250506217364 0.2006222433025974 0.4480158679190168 105 64 29 1.16
6073 0.1871131474781738 0.01624410531286088 0.910825473214515 184 131 87 0.71
6074 0.5360734666450122 0.1164532789077622 0.5482624551374287 217 135 51 1.04
6075 0.1514830484274786 0.01390983010886213 0.8503136646632017 95 70 47 0.96
6076 0.5401137801777397 0.1154532238183426 0.4147113684004042 115 93 70 0.51
6077 0.5319556679102249 0.1045551087717838 0.4183347856174482 153 115 77 0.38
6078 0.5462977877918435 0.1138785683958166 0.4191163577313602 109 81 56 0.47
6079 0.5098710301618589 0.1146745309693498 0.4920612038544866 74 52 36 0.83
6080 0.5438365892129245 0.1346729974734697 0.5261873263339262 86 62 34 0.81
6081 0.2229166480373322 0.09946407401366072 0.9752267458831226 59 30 15 0.2
6082 0.5374456681324213 0.1168683457978603 0.4197982220446735 123 96 67 0.93
6083 0.524837645849032 0.1224842794606467 0.4524901050797029 158 129 89 0.85
6084 0.5222634256500939 0.1248984429659034 0.4850121517348727 92 68 47 0.72
6085 0.536561469015443 0.1580088885094336 0.5321228564627232 36 17 11 0.75
6086 0.4257212556673025 0.1678433892466622 0.6741817340158431 128 107 78 0.83
6087 0.1474829451798222 0.1940932178961253 1.074762099132011 54 31 23 0.78
6088 0.5264213997001663 0.1889893818152598 0.5059909602292837 69 38 21 0.52
6089 0.1344262191317935 0.240476996907033 1.081329630222181 76 42 30 0.42
6090 0.5093910153902941 0.1670277825891062 0.4035247292276491 79 62 40 1.4
6091 0.5174810298610658 0.2052986333530512 0.5503344894476364 78 46 23 0.94
6092 0.4851497524855279 0.2059556962611076 0.5856653171082474 89 57 30 0.9
6093 0.462383022273161 0.173457901616261 0.3361471788818846 28 18 6 0.63
6094 0.547348475553175 0.1068825892892024 0.5394826366095929 179 106 36 0.6
6095 0.2217509003104329 0.08781431143254306 0.9163887699408857 132 84 41 1.18
6096 0.09979280241015842 0.05282357754621181 0.8140895412230851 120 68 15 0.93
6097 0.5132198319721073 0.1290887451117764 0.4936323579085388 84 64 24 0.83
6098 0.1536620719267094 0.09884869541148829 0.8704203275671847 180 111 54 1.32
6099 0.5336211108607335 0.144574209484107 0.5208166651258126 95 61 28 0.5
6100 0.4236115953913303 0.1545659460235476 0.6864596139882664 117 72 40 0.7
6101 0.5120706443914733 0.1663377092348287 0.504038704215944 125 89 48 0.92
6102 0.5238229656203103 0.1778796989291069 0.5379710383326409 113 56 18 0.91
6103 0.4272653909315809 0.1818651890298279 0.6690109714108413 51 33 22 0.84
6104 0.4086592761496491 0.2166423416955122 0.6864333984150155 88 51 21 0.54
6105 0.5026095363190253 0.09285582060880243 0.4952745444891756 146 111 64 0.88
6106 0.216486683359653 0.1864016233802268 0.9775293240052005 55 36 27 0.39
6107 0.5414914586485252 0.2063418974957809 0.5178522795916863 216 139 53 0.48
6108 0.4772055913309488 0.07658995749725189 0.491206453564518 120 87 51 1.27
6109 0.453791820167975 0.2802853639541864 0.7681433015599022 88 97 44 0.97
6110 0.5233311584308653 0.1246546893497924 0.4796829465030942 133 107 73 0.46
6111 0.50452763941085 0.1610551442537367 0.5688664283755179 40 22 15 0.71
6112 0.2257115877684483 0.1560706288161268 0.9742470193197408 39 22 12 0.76
6113 0.5265270471602836 0.1278712559848111 0.4226220641373996 22 7 12 1.1
6114 0.09678897064005632 -0.2453326959438173 1.122117289364895 90 63 43 0.6
6115 0.0855773952843778 -0.2554800342479938 1.13930214129421 109 88 50 0.62
6116 0.08746948245254793 -0.2216783746469267 1.086924067166234 75 49 26 1.1
6117 0.1298522842813402 -0.1555670988336482 1.091013701614183 96 76 43 0.35
6118 0.1025785471330873 -0.1531144752778191 1.135496680069194 68 52 42 0.84
6119 0.119516656780975 -0.113932909561079 1.110060867210027 64 46 36 0.51
6120 0.1500761456244462 -0.08199949200564424 1.07061304957454 122 99 52 0.28
6121 0.1517554505591109 -0.07627746634005297 1.067207657241775 97 74 52 0.14
6122 0.1063545665709329 -0.05322439095114909 0.9875187063012107 185 139 94 0.57
6123 0.1631119352329557 -0.03378066344238831 1.05997645388476 84 56 38 0.37
6124 0.06152743499751145 -0.05716465936946505 1.186566769041763 209 215 211 0.27
6125 0.03993302731647841 -0.06861001705458555 0.9573581988034068 134 96 76 0.18
6126 0.1052258478275397 -0.03953850264105072 0.9850598258085858 135 86 41 0.57
6127 0.02421105402178747 -0.05136850002264623 0.9443286420444186 154 118 84 0.53
6128 0.163569604057943 0.03937825492087055 1.056515285067572 135 102 65 0.31
6129 0.1676617308162895 0.05814992399046032 1.018910364053051 111 84 62 0.46
6130 0.1361094639176507 0.04318719063867982 0.8582143004272582 120 75 37 0.58
6131 0.1712986599103792 0.06838216435376432 1.018416165611078 136 97 57 0.46
6132 0.1852122590888124 0.06845156515783216 1.02974309168657 139 102 65 0.66
6133 0.1778207910619035 0.08252088521456863 1.009062998708873 112 74 46 0.21
6134 0.06727914975353555 0.02556380156527741 0.8088049051484478 170 139 106 0.61
6135 0.5340677825716404 0.1380376529198452 0.5383852939449802 74 51 30 0.21
6136 0.1537033050391778 0.1237907404164345 1.090256753998862 91 55 24 0.18
6137 0.1485683978673085 0.1199817643259913 1.110061650866397 74 54 32 0.34
6138 0.06311395093745564 0.1470590002670306 1.186938303537485 66 45 32 0.05
6139 0.2023926135943108 0.1725827156279581 1.001786229293593 55 39 23 0.3
6140 0.504975194177601 0.1666660257319372 0.5724982070944925 49 29 18 0.11
6141 0.3529624649467059 0.1751475244174741 0.7850396377029655 106 77 44 0.66
6142 0.2732006575084693 0.1711717037386884 0.8875943784362343 151 103 58 0.31
6143 0.2885656809757015 0.1826471009147549 0.8726369319612926 163 126 62 0.22
6144 0.1673153278311522 0.1913151982931503 1.045219694965746 61 35 20 0.29
6145 0.3517497891370376 0.1997415524778976 0.7765485491731877 72 51 30 0.42
6146 0.3136817556732895 0.1908837991520043 0.8352436191920715 89 70 42 0.17
6147 0.2784814159183975 0.191825088032039 0.8806625192524158 67 40 28 0.64
6148 0.2821350652261081 0.2051204951670796 0.8715353995477647 56 35 22 0.35
6149 0.4997611898898797 0.1997757286992188 0.5743368635099857 42 24 14 0.55
6150 0.4483251766426385 0.1973236995406925 0.6353027630465977 58 41 26 0.23
6151 0.408192033801608 0.2016464822107303 0.6888295800406967 80 58 36 0.51
6152 0.1942734561418007 0.2177970242598304 0.9985555524399525 54 37 27 0.69
6153 0.1828691207950911 0.2371206953918567 1.008506051968666 74 52 32 0.19
6154 0.1668305472145762 0.2325756740956105 1.030220405042303 65 44 30 0.4
6155 0.05968833640022264 0.2565006465433439 1.173359909485305 100 69 44 0.59
6156 0.2715950403813714 0.2733665287521086 1.048022666962111 113 95 73 0.32
6157 0.5479248643158267 0.2145155222271806 0.5009733514797545 111 82 45 0.42
6158 0.5056406228023178 0.2277123763821886 0.5769683612554799 93 68 50 0.21
6159 0.4752530552129509 0.2300680795430724 0.6137870128358107 69 48 31 0.72
6160 0.3074173109660506 0.2542969423932187 0.8208424293279922 112 81 49 0.65
6161 0.4268458198139952 0.2188597921713082 0.6687958986605745 112 79 45 0.66
6162 0.2893154217927402 0.3130360457463476 1.056236517222813 105 76 57 0.55
6163 0.29152353277828 0.3129844653179604 1.061735251881436 88 64 48 0.77
6164 0.4730374346707061 0.2533858107322881 0.6406574205097272 120 97 59 0.5
6165 0.5403125288475993 0.2660887816147837 0.6587637874947712 110 102 26 1.01
6166 0.1526793767446445 -0.06144637832595926 1.066219933673538 138 112 56 0.39
6167 0.1508647647664384 -0.003240776469444095 1.019560271078062 127 93 53 0.26
6168 0.1630833649331749 0.005151081823486725 1.06548934944751 85 58 39 0.2
6169 0.03150913620277795 -0.01684427932661114 1.21544130653292 212 201 192 0.47
6170 0.2174552462479536 0.02830111408060407 0.9373886437947123 147 119 81 0.41
6171 0.172833820417976 0.03221165040031085 1.039570855408661 114 79 50 0.4
6172 0.169390089913343 0.05914086405983274 1.046940406107793 54 36 25 0.95
6173 0.1558676025170991 0.08185339605252745 1.073563307760151 91 66 44 1.24
6174 0.1487738837441893 0.08203235847808352 1.074723197635107 85 48 20 0.22
6175 0.2810915195562258 0.1159390604758418 0.9089123776529966 142 98 68 0.07
6176 0.5145846632021285 0.1383068161947489 0.5836112096715964 95 77 57 0.33
6177 0.1785759634906143 0.1015241030527224 0.8868148276551966 129 91 54 0.06
6178 0.1871976787144871 0.1088828444197574 0.893004982959416 173 105 45 0.29
6179 0.1945973290146217 0.09282729645250939 0.9046295710142752 164 107 59 0.46
6180 0.4639666957491848 0.1504699862990461 0.6301357948115629 102 66 37 0.52
6181 0.1386657568169452 0.09362112381719914 0.8461548240454946 197 126 59 1.44
6182 0.2725190355939203 0.1470322815136272 0.9102138565811206 112 86 71 0.61
6183 0.06196633649893279 0.1509996513101293 1.192593986903754 41 27 22 0.33
6184 0.5161396587789162 0.1578433648269339 0.5600274559960504 57 29 18 0.26
6185 0.4695632870481802 0.1564182960532866 0.6210045193644986 87 78 66 0.48
6186 0.2804301725431176 0.1729882222264781 0.8942415548193219 88 62 44 0.48
6187 0.2484999804929104 0.1694263010764899 0.9306355350046118 112 77 46 0.54
6188 0.408740398267202 0.1758787818799482 0.6978759971723736 136 111 75 0.33
6189 0.2842276529740552 0.1731796651007486 0.8876207426039009 115 76 26 0.18
6190 0.1654464686672455 0.1820657414937567 1.039229603471368 110 73 51 0.42
6191 0.3710204560783185 0.1924304919671874 0.7460545776879984 96 71 43 0.83
6192 0.2727076693968778 0.2014219268185694 0.8912411061429789 46 28 17 0.54
6193 0.3823992182331829 0.2017962146458403 0.7245337488081842 120 88 47 0.52
6194 0.3539727063577418 0.2072239973041932 0.7717891643434091 94 67 32 0.55
6195 0.2936733524541768 0.2209771817007973 0.8525391104822784 108 76 46 0.67
6196 0.1361078460362326 0.2361863637575154 1.078089418634154 51 35 25 0.19
6197 0.4784470685825006 0.211642843078069 0.5979715149880023 72 54 38 0.21
6198 0.449976751278882 0.2156296212855787 0.6280681119947871 127 92 59 0.59
6199 0.05859859531080658 0.2507440437286306 1.106382995978949 40 19 12 0.38
6200 0.5484491741146195 0.2150107051851699 0.4969800533220862 80 65 41 0.27
6201 0.5074565432336173 0.2173714251865505 0.5615814135019013 141 108 66 0.39
6202 0.418797650202596 0.2423170174171396 0.6909854953153622 101 74 40 0.28
6203 0.3531678971232256 0.2702435308723234 0.7740189391968866 151 116 71 0.47
6204 0.1025775073611852 -0.1912228292139293 1.120758459111669 53 39 33 0.95
6205 0.1096469872721215 -0.07397715243443873 1.024655026642023 143 108 79 0.93
6206 0.1382145029428573 -0.02339717135018268 1.105114876020633 92 74 51 0.42
6207 0.134685700744118 0.07093840843454008 1.11115167353702 120 88 57 0.42
6208 0.5351984399987771 0.1297843705467444 0.5557096890143641 78 58 43 0.67
6209 0.1818486148854504 0.1009932136754224 1.003712899575506 78 55 34 0.19
6210 0.2067755475918319 0.1568880102751603 0.8963453628728325 46 25 14 0.68
6211 0.503027965148977 0.1673949607082342 0.5696673944760033 96 66 38 0.46
6212 0.5417540556557892 0.1773725774197978 0.5204972377917666 89 63 38 0.8
6213 0.4159024724880114 0.1835491638707198 0.6850210519041162 146 109 63 0.41
6214 0.2267980587651975 0.2159919824886989 0.9323843178332569 70 44 24 0.63
6215 0.4803177125341292 0.2074773519697459 0.5955911725395941 73 52 31 0.61
6216 0.4545190619814452 0.250068389021167 0.6383731739813714 118 104 63 0.5
6217 0.1048324654682035 -0.1160082589423747 1.049232673828635 144 103 58 0.67
6218 0.1452346478617197 0.03896866479415603 1.09608091204614 95 73 52 0.42
6219 0.1454032952442729 0.1109778375936927 1.112966641931263 78 58 44 0.31
6220 0.1554541298456836 0.115525250587529 1.094178149974603 85 64 42 0.53
6221 0.1305557313738983 0.1188925416554448 1.136698431009466 125 95 48 0.64
6222 0.5302561754300769 0.1479382293509297 0.5442705437754882 91 62 32 0.25
6223 0.4982986511704346 0.14347943819752 0.5855174428325184 116 84 47 0.52
6224 0.4324465707878011 0.1617173751042011 0.6697731470152124 73 52 32 0.66
6225 0.5320210452365335 0.1715286594760203 0.5342143112657497 28 15 11 0.74
6226 0.514686420112261 0.1783865747975447 0.5562905661141317 128 79 46 0.52
6227 0.3184928240593966 0.2016781326658744 0.8225418093189523 113 79 46 0.72
6228 0.2512277207220316 0.217593741215657 0.9113857751783012 65 40 27 0.61
6229 0.3195300989951546 0.2837688454476641 1.065448076728527 125 107 60 0.46
6230 0.417459477709769 0.2303176571641987 0.6861545197677568 90 72 42 0.61
6231 0.3738335696951083 0.2419097317378122 0.7370339537004253 120 88 45 0.63
6232 0.06457930753756169 0.03409816146006425 1.19539387644485 200 206 207 0.48
6233 0.5455177630567439 0.1217827132103314 0.5189357373483724 134 104 71 1.16
6234 0.1373531537970556 0.1149313340864762 1.129937395925463 54 38 28 0.27
6235 0.5192366205122553 0.1638280456001429 0.552433423891871 88 58 34 0.25
6236 0.376213881659488 0.1779117376926121 0.7549751301193057 90 70 46 0.49
6237 0.5374955051983176 0.1800957837220394 0.5247914899202627 125 79 27 1.06
6238 0.4462986063090887 0.1835791933043214 0.6418998063299811 145 114 66 0.88
6239 0.5312397167538202 0.231216359807893 0.5362009748066449 137 109 60 0.41
6240 0.4935999749445628 0.1712638190610603 0.5799161756816639 89 59 32 0.31
6241 0.1848652000076073 0.04166204729498907 0.899168687938424 137 92 52 1.02
6242 0.2673353971587716 0.1400254739511293 0.9149356393263417 121 86 53 0.8
6243 0.1804450055365115 0.1433706853454254 0.8884962817548254 42 25 18 0.59
6244 0.5347460196919984 0.2054979390727611 0.5251585591148613 104 71 42 0.66
6245 0.1400000057469539 0.08802514144283705 1.106502538327304 55 34 24 0.85
6246 0.3868654420553329 0.1732673837255161 0.7315461013009144 125 97 60 0.63
6247 0.5374454968759077 0.1792059070179827 0.5216846865582035 89 69 33 1.34
6248 0.2513233846748041 0.03359003017191223 0.9240382011090652 182 150 88 0.97
6249 0.4918085707215902 0.1427001877032973 0.5999765538684027 60 37 22 1.27
6250 0.1718435388416127 0.1514423132138649 1.045653145559527 41 25 19 0.76
6251 0.1321906829181644 -0.03166176405644469 1.024857792212345 184 138 89 0.6
6252 0.0801888734563343 0.09282777498594172 1.185078426698582 197 186 176 0.31
6253 0.07322555204713699 -0.1950424271433374 1.145798710757011 111 92 65 0.74
6254 0.09254368722267325 -0.177289565099885 1.140591794178659 98 85 52 0.64
6255 0.1213437496635947 -0.1304805597908822 1.102284830976268 61 37 31 0.78
6256 0.1009840373824832 -0.1300861648948311 1.134770961288397 97 74 39 0.85
6257 0.1116557181445433 -0.0966065762310204 1.039206742577225 159 124 64 0.21
6258 0.1102084400562561 -0.08923084919483962 1.124857635348108 56 39 27 0.49
6259 0.1352119934915882 -0.003821065729653239 1.015006397402187 120 87 50 0.44
6260 0.1663988256338609 -0.00877133046057238 1.055755736469743 72 49 33 0.32
6261 0.1606037130486729 -0.01027381999976593 1.070867789497204 112 74 44 0.57
6262 0.216856576635562 0.03227082320642222 0.9410549362712881 86 60 38 0.56
6263 0.1484594326426343 0.04351791619012862 1.075753717732875 94 64 44 0.18
6264 0.5280885110544746 0.1037182154707735 0.5216642903131252 90 62 40 0.36
6265 0.5484685006562648 0.1149767628135252 0.5306212990366456 167 126 55 0.24
6266 0.5428645525720355 0.1095127853156442 0.5408456391136313 106 77 37 0.4
6267 0.5324297378182652 0.113376303010382 0.5549304233168874 124 88 42 0.33
6268 0.5207609226251739 0.1163084920628256 0.5709131786294949 127 91 47 0.64
6269 0.280404268509997 0.09131523604776048 0.9038849668745512 179 130 61 0.63
6270 0.5326598381873395 0.1246351113868506 0.5559322694617674 75 50 28 0.54
6271 0.1322539476624155 0.0464462253725017 0.8547749384415572 126 95 44 0.36
6272 0.1733660958878831 0.0836477100043419 1.01522784680237 64 47 24 0.28
6273 0.2647204182907141 0.1205889392312863 0.9324265945202361 158 105 46 0.72
6274 0.5034759050304976 0.1142272723483341 0.4900724885739157 46 31 20 0.45
6275 0.5071249013907809 0.1183105122631806 0.4946627411858752 68 51 34 0.62
6276 0.5174574169583339 0.134712154710668 0.5021289023517681 23 13 8 0.51
6277 0.5287226780508706 0.1468257071988228 0.5549563991685431 40 24 12 0.18
6278 0.4590996619116173 0.1470754118302719 0.6467915936039591 154 127 54 0.27
6279 0.4493562827538445 0.14895966433891 0.6583107197441012 98 75 38 0.26
6280 0.1287350960545741 0.0963113129236763 0.84195813631105 161 101 45 0.58
6281 0.2826158943520574 0.1279629874406129 0.9039231247691959 47 32 20 0.66
6282 0.5077066659456143 0.1509003716983743 0.5002124558198386 56 35 26 0.33
6283 0.5082931748344708 0.1502959003209675 0.5016932069917619 78 61 44 0.4
6284 0.5355707382126749 0.1602628616269725 0.5320643220465218 54 30 17 0.41
6285 0.5289489437217529 0.1584515141242927 0.5455777581828629 67 39 23 0.16
6286 0.4428874550539308 0.1513854500302267 0.6654805171571713 86 64 27 0.54
6287 0.3275183524669258 0.1754935351413885 0.8299415693108361 102 65 33 0.55
6288 0.2114251620570919 0.1560683410472518 0.9032507235690996 114 78 45 0.53
6289 0.5184923497602326 0.167813979336277 0.4922000512443651 59 50 31 0.41
6290 0.5282513405843251 0.160618431618437 0.5091529644884537 96 60 31 0.3
6291 0.514688810095361 0.1764751264526543 0.5551872234421831 65 38 21 0.22
6292 0.305359912232225 0.1772210515259049 0.8507391234067772 120 90 59 0.57
6293 0.1896064539589467 0.1977253234613296 1.027410663234813 99 74 54 0.53
6294 0.5186767016908568 0.1853755133860559 0.5474897122242163 134 83 40 0.49
6295 0.51727985054661 0.1880177960436715 0.5483973846072048 118 72 37 0.81
6296 0.4937972471195178 0.1980036926900086 0.5807387954300006 35 25 16 0.23
6297 0.2672217183161399 0.2201782683273636 0.8859052572458822 131 89 52 0.28
6298 0.267127597972769 0.2091588382489054 0.893111359733497 60 39 29 0.52
6299 0.47482403900498 0.204830897940719 0.604899113095434 88 76 62 0.32
6300 0.444542007746776 0.2091961882155223 0.6476923964488362 87 69 45 0.6
6301 0.4273614832890587 0.2231340748529775 0.6640070066787369 61 41 11 0.48
6302 0.3119774522622349 0.2342171843081911 0.8298590058921497 108 88 75 0.99
6303 0.2614088796696346 0.2404463635575426 0.885762257545988 101 63 45 0.8
6304 0.4609704696051532 0.2242830890391239 0.6215798097212054 64 43 22 0.41
6305 0.3055803675050017 0.2562838242228473 0.8207071965518009 104 93 56 0.44
6306 0.2715620185436304 0.111317281137777 0.919296709868587 169 119 50 0.35
6307 0.1096839023581534 -0.07673164563771714 1.120805721432631 112 84 41 0.17
6308 0.07871914815758163 -0.07599182927426176 0.9909585191131904 87 53 31 0.47
6309 0.1555710814287895 -0.04036776689832713 1.069057896337384 88 58 35 0.4
6310 0.1458590382088155 -0.02002510220154494 1.086212108550272 44 28 17 0.29
6311 0.1987977514404449 0.02348748305814752 0.922375645538232 166 124 81 0.73
6312 0.5381361943453059 0.1118728969417002 0.5463238656629451 129 86 44 0.76
6313 0.5051965285009785 0.130989456098662 0.5891896517902802 170 162 162 0.75
6314 0.1542459858661303 0.04603041819637049 0.863837469159773 121 80 50 0.98
6315 0.5386768589747445 0.1298112541071356 0.4712095008762519 103 82 60 1.09
6316 0.5196002484197164 0.1158574635233631 0.4752819191326078 130 110 67 0.79
6317 0.5097830541518072 0.126280921275117 0.4904067616130626 92 79 35 0.74
6318 0.5267371392838518 0.1321155512459701 0.5165443723499739 64 34 20 0.35
6319 0.5314120695050267 0.14090338244126 0.5194929256016994 81 54 37 0.87
6320 0.3801649096666687 0.1639937392982727 0.7511906662748803 120 90 55 0.28
6321 0.5348043174176702 0.1894994877463723 0.5284236832489563 56 27 10 0.59
6322 0.5135953210210502 0.1862651853021633 0.5518188976650785 130 85 48 0.5
6323 0.4992902176844972 0.1967107781826574 0.575238531873793 79 55 33 0.47
6324 0.4120773183836707 0.1880647305410937 0.6887332782605194 110 78 42 0.34
6325 0.3633927490996672 0.2093459655402037 0.7569046245882004 92 69 46 0.64
6326 0.307142301570614 0.2045887332077315 0.8423658957879434 102 72 46 0.44
6327 0.2973731326805283 0.2089337251538389 0.8492555849662933 76 28 12 0.2
6328 0.546241970742423 0.2018578581907368 0.5077131512187169 134 105 63 1.4
6329 0.4425478462905314 0.2096501580691835 0.65004499694843 37 28 20 0.43
6330 0.2686515921483364 0.2415497943811417 0.8787777908310941 118 84 54 0.55
6331 0.320473372535897 0.2545923316515197 0.8054396325045531 151 123 63 0.29
6332 0.1033848306437243 -0.2234092687725731 1.109503389258949 64 39 27 0.71
6333 0.2164701816943531 0.06037380415812219 0.9287583531028867 179 129 94 0.61
6334 0.1513384651191785 0.06878081826778881 0.8661727758819688 49 31 20 0.35
6335 0.2391160055108051 0.1383571276152997 0.9053886325096758 144 86 42 0.84
6336 0.5019808422837183 0.1958913311160947 0.5713562137891239 60 44 24 0.24
6337 0.5073616430423319 0.211855253668511 0.5614351723996462 121 72 34 0.58
6338 0.1792506264028081 0.01439271545828069 1.041293157312349 118 96 36 0.2
6339 0.2008894433693447 0.1133593863246792 1.028121031966124 134 99 62 0.78
6340 0.4543736022784841 0.1564842594002643 0.6406209111595855 83 60 37 0.43
6341 0.1646118919094864 0.1124246918760775 0.8452006419871685 149 104 64 0.54
6342 0.5068408244335649 0.2196468354485625 0.5701649428607095 63 43 28 0.31
6343 0.44362102962384 0.217052338055367 0.6447093082191206 44 33 22 0.93
6344 0.08041331637988225 0.253041923590238 1.15085670840367 112 75 39 0.48
6345 0.4695218984503309 0.1474458268661917 0.6279281305410138 47 31 18 0.25
6346 0.4580967701063137 0.1484444542316441 0.6447381830877399 85 63 42 1.09
6347 0.4820239734303615 0.2009630076279157 0.5964402041002472 107 82 55 0.92
6348 0.4951187148630289 0.2301431066400904 0.5929505676405645 188 159 133 0.35
6349 0.6332479413400998 0.2283975758285212 0.4725961302282754 98 63 33 0.52
6350 0.08090323648807296 -0.2477443291972875 1.091277177202 156 107 54 1.04
6351 0.202095195079008 0.09926711751248561 0.9877393602438828 24 14 10 0.53
6352 0.1978332529589119 0.1103688853223116 0.9010144755541508 128 79 29 0.66
6353 0.3456556134059032 0.1953623758978035 0.786807271863006 131 95 59 0.75
6354 0.5214457743864622 0.1223521410254626 0.5032727580716424 56 39 30 0.62
6355 0.04742862445602636 -0.06410548278227354 0.9626146049629938 98 67 42 0.24
6356 0.2650353643608075 0.07687769986478088 0.94390508093562 118 94 46 0.53
6357 0.09538046714982806 0.01958913767779591 0.8350035395411579 154 140 134 0.5
6358 0.06355504891884078 0.0450296780235139 0.8112360717944264 147 102 44 0.34
6359 0.04966630290295904 0.1864741348773306 1.21403884848522 156 173 171 0.34
6360 0.1347469034920512 -0.1232620744215533 1.086746051483824 95 67 36 0.45
6361 0.1088361453505775 -0.1324155904130121 1.114023411199812 70 49 42 0.64
6362 0.05573210657373351 -0.1598839895445238 1.020305582195664 78 60 57 0.25
6363 0.1363505033681257 -0.03108952793848704 1.090991412754173 80 58 52 0.22
6364 0.1933467901408112 0.08628556756343245 1.022102528320755 116 84 64 0.4
6365 0.1609423399382049 0.1576962620819078 1.088207693578499 104 80 48 0.28
6366 0.1596388908662569 -0.01414243172371421 1.061639459485811 107 86 54 0.38
6367 0.1341741756408447 0.000540493626005778 1.106120148297102 48 36 32 0.2
6368 0.2020152205445534 0.03202361626493799 0.9538251011712324 89 68 43 0.62
6369 0.2642997158169509 0.06842209109940675 0.9408933182554111 137 92 39 0.34
6370 0.1620795529018342 0.07027331143911306 1.012867754144896 66 40 25 0.21
6371 0.1910345073113892 0.1427028438803638 1.043038915813226 63 42 21 0.4
6372 0.2000996513931143 0.1875371659411162 1.001358864594231 108 78 45 0.56
6373 0.2014183956179073 0.1958172523161005 1.000622456385819 109 83 69 0.55
6374 0.06906445071963663 -0.1986540761407303 1.163602834020119 203 204 194 0.22
6375 0.02541196382894284 -0.07172878345429137 0.9521639766197314 92 73 66 0.49
6376 0.2925450410624228 0.1835791070651788 0.864377932916636 100 72 46 0.77
6377 0.1874848979805746 0.09714904074806861 1.012871594512336 113 82 39 0.42
6378 0.314445137056113 0.2664596875222159 0.8167053669426658 86 60 48 0.75
6379 0.2813476951601689 0.1268148432030089 0.9154976440498503 96 55 35 0.3
6380 0.1881781244895884 0.2034899220369465 1.01681299965659 118 90 68 1.37
6381 0.1786250443752594 0.07964247874093927 1.044086303795939 57 34 22 1.19
6382 0.2456731989091753 0.2895348224708054 0.9254615912161122 49 40 26 0.89
6383 0.1058622004937305 -0.2224227066241387 1.101579131763009 108 75 54 0.56
6384 0.09286283989840971 -0.1999488545655021 1.070961634940813 108 86 63 0.3
6385 0.1115076669599955 -0.1117471589181517 1.047250159927311 121 83 52 0.3
6386 0.0903554774770966 -0.03559279972378218 0.9560266707011373 172 122 56 0.64
6387 0.1406599282546301 0.03400570754081045 1.099841223371443 105 68 40 0.53
6388 0.5278502669609382 0.1199353862808054 0.4402739766132913 120 88 61 0.82
6389 0.493967320370519 0.1425702190612319 0.5982687656111316 74 46 32 0.41
6390 0.4834997530918322 0.1660176403436038 0.596890884490426 82 75 64 0.23
6391 0.4089049018013179 0.175762199647585 0.6992564167382775 102 76 52 0.37
6392 0.3529078831053928 0.1767541520190009 0.7843517521106929 77 56 33 0.39
6393 0.1575900821016877 0.2262253075591469 1.055582095635989 46 26 18 0.83
6394 0.1485500911929016 0.2164100001950291 1.090164524489216 152 117 80 0.62
6395 0.3230144067931036 0.2148051230727828 0.812201896416175 61 42 14 0.26
6396 0.5245868220383221 0.2067973195271696 0.5380293707631097 145 97 35 0.26
6397 0.09234773174396804 -0.05223043049741563 0.9839952642146257 189 139 85 0.39
6398 0.07499107719663867 -0.0005333319975174555 1.188481531767708 124 113 108 0.87
6399 0.5384370212114203 0.1156376572037622 0.5236259599087979 168 124 84 0.22
6400 0.1196324040100095 0.0827160698286056 0.8309866388376133 152 98 52 0.69
6401 0.4714699665961316 0.163648661144151 0.6149759521934832 83 65 48 0.49
6402 0.5049514809576585 0.1709900046711882 0.5701384625770665 145 111 76 0.4
6403 0.361230897672283 0.1905918482382623 0.7709497103520957 62 42 21 0.4
6404 0.4031048796505254 0.1603468710465289 0.723214239500122 127 92 39 0.28
6405 0.07924462046331637 -0.2483973430371104 1.0819975576288 156 122 77 0.95
6406 0.4081524704857137 0.06147562056422234 0.4519621332391854 102 80 91 0.35
6407 0.4497318804004564 0.1492896361804101 0.6582932864260529 77 58 43 0.46
6408 0.5095338514466546 0.1529510909771777 0.5008070225107381 86 68 46 0.57
6409 0.2462933619629015 0.2270793146948007 0.9090310091317924 105 70 37 0.34
6410 0.3296474221472753 0.273493763387496 0.8085958486169724 74 51 42 0.47
6411 0.3539253808847914 0.1772265450271042 0.782143866093908 64 43 24 0.64
6412 0.5361403392747324 0.1753865556897031 0.5150099690774612 129 80 40 0.18
6413 0.4615678809622452 0.2128892885457994 0.6205526898051786 42 32 24 0.59
6414 -0.1650187443486847 0.2296150421897712 1.436337471081007 62 77 69 1.09
6415 0.490751422895649 0.09268085491385739 0.493617356258137 199 145 75 0.7
6416 0.4970028505009087 0.1681341953720108 0.5789427909221915 82 59 36 0.8
6417 0.5246192320539365 0.2068118098485414 0.5336399320876993 85 54 22 0.68
6418 0.46459655902055 0.2285255481739677 0.6212129879081283 52 43 34 1.24
6419 0.09627182191833028 -0.2397153341909648 1.092346723363752 72 49 32 0.56
6420 0.1144581873217734 -0.07726611590608087 1.031740943100426 92 70 55 0.44
6421 0.1065343952446755 -0.04398018244884014 0.9884802373324645 131 87 54 0.34
6422 0.1405697034661381 -0.05012437505206493 1.041523552320364 73 50 32 0.31
6423 0.2111837791118484 0.06070255911544944 0.9244007219594219 145 102 68 0.43
6424 0.4390793299735106 0.1566789047567746 0.6665828189010784 123 95 42 0.08
6425 0.2514083899407957 0.2421141367142597 0.9004832146974926 90 49 32 0.4
6426 0.3428866721773437 0.2491912875779547 0.7725926884321519 137 104 52 0.87
6427 0.04345754922571399 -0.1485634147959602 1.004569356165067 88 72 71 0.25
6428 0.4915166534324781 0.1566979078433525 0.587694838544468 161 142 73 0.29
6429 0.4494351818061963 0.1850870531438087 0.6380720065473668 62 46 27 0.53
6430 0.4643678912733377 0.2109797013611412 0.6170373366464642 71 59 39 0.68
6431 0.4467995612186509 0.2145215998318291 0.6417616373429295 118 91 59 0.51
6432 0.4958346231103844 0.2190845771441607 0.5756890821817925 92 72 45 0.69
6433 0.5072015122848064 0.1984324706450304 0.5655973012121859 70 41 14 0.41
6434 0.5065314393990284 0.2145731849908518 0.5572538274331142 91 68 40 0.43
6435 0.5131421167000305 0.1689561527386944 0.5614898685932034 58 19 3 0.46
6436 0.4997135049363308 0.2124226750504107 0.5729070698931944 78 54 29 0.51
6437 0.4583427368174262 0.2452046736957107 0.6420127907602208 67 48 31 0.74
6438 0.08041524249198151 -0.2116025818883934 1.07131971128933 99 73 52 0.58
6439 0.5218243929964026 0.1196475351466597 0.4603276750238383 174 136 69 0.7
6440 0.03344756744437105 0.1657414031154456 1.221381085116604 122 106 66 0.45
6441 0.3363671361786731 0.1949811163974919 0.8058613441738008 104 84 57 0.64
6442 0.3632072654384473 0.226801804974726 0.7642957713176475 62 46 29 0.42
6443 0.1338318795580558 0.2323051922727362 1.092473100260719 64 38 34 0.19
6444 0.4381717614051958 0.2323711626123521 0.6512069886968003 62 45 33 0.73
6445 0.3417483906945606 0.2553234851327493 0.7830097165905758 75 49 29 0.92
6446 0.08756969393508507 -0.2244649748125128 1.149078014989933 178 183 186 0.52
6447 0.1202321782951077 -0.009477299519974475 1.123418409309135 90 63 53 0.35
6448 0.5124737854879686 0.1644193593158709 0.4536049399788702 76 55 39 0.89
6449 0.4763944174564722 0.2218202664783201 0.6015181198618911 98 71 48 0.32
6450 0.4720110931616959 0.2241770521507168 0.606840908850785 81 70 58 0.57
6451 0.3862798120154825 0.220100623141519 0.7263454602464157 89 67 37 0.64
6452 0.5253837902223147 0.2362056218848551 0.5451303178010489 121 97 56 0.37
6453 0.338332291517746 0.2526592850757337 0.7906103106743193 108 84 48 0.71
6454 0.1369104404256165 0.2567006159792122 1.074971068315956 83 57 33 0.45
6455 0.4301231531412024 0.2539809523448239 0.6649394342029981 153 126 104 1.19
6456 0.07897015075106695 -0.1044417353622443 1.010267688176054 180 127 60 0.22
6457 0.06279240727353186 -0.08279694795977624 1.181787885132365 141 129 127 0.45
6458 0.0975080105679772 0.1381726082999226 1.170503001716242 101 76 31 0.71
6459 0.4164136614750976 0.2527080123688952 0.6772231376189251 72 44 23 1.18
6460 0.4567481567424131 0.1528969099614158 0.6429917003585623 100 73 34 1.12
6461 0.05551878512500319 0.1516480767487727 1.205539960990676 93 69 46 0.72
6462 0.5214307123737856 0.1747286874301842 0.4629305548931861 78 66 37 0.88
6463 0.6177823833104819 0.225310502690051 0.4878332625629114 66 47 33 0.6
6464 0.3325398345546776 0.2631736507831652 0.8124107528064927 83 64 36 0.72
6465 0.1506992718829616 0.005304082157702034 1.018889562564702 171 120 72 1.07
6466 0.5201893266588722 0.1081384212151507 0.4354492131591309 99 74 49 0.96
6467 0.4938996312678898 0.1927958368313895 0.4290480708711883 79 53 29 1.35
6468 0.5381252006632842 0.1994752741391669 0.4519296108365164 124 79 41 0.7
6469 0.08556426666909445 0.2305515900816267 1.1649290688422 101 86 68 0.47
6470 0.5585594996425963 0.2196503085011959 0.519735235561107 83 51 35 0.62
6471 0.5057423930980943 0.1841316931963055 0.4416461508557208 111 91 58 0.16
6472 0.5100387500656377 0.1812851224899051 0.4379475279290234 21 12 6 0.77
6473 0.4759432926342698 0.221376229581717 0.5969604186943832 63 48 37 0.72
6474 0.1223894237638006 0.2695453021520456 1.090838861797766 34 21 19 0.83
6475 0.3181224580389934 0.2458891421284946 0.7981966958465723 71 41 13 0.93
6476 0.4109146414783568 0.2513166445281613 0.6851600442901444 87 60 41 0.58
6477 0.1201412658993564 -0.03011689149638905 0.9973645745620725 89 58 40 0.2
6478 0.1350684695444158 0.06426205882689517 1.133884106049339 68 46 29 0.23
6479 0.1833046131035636 0.150448636926329 1.050692298785191 97 71 44 0.4
6480 0.5367280811634454 0.153511497901945 0.5316573820397681 53 36 26 0.63
6481 0.05257807708324802 0.1764159032712302 1.223374337709635 191 198 199 0.31
6482 0.1326846250905114 0.2197758520721752 1.106940055999153 94 77 54 0.32
6483 0.4485106919228527 0.20688506965263 0.6382944578791339 64 57 35 0.29
6484 0.2390921502206504 0.2241271223259795 0.9256781984045206 63 36 19 0.48
6485 0.1796379227221519 0.2537113349444374 1.004249904639995 62 38 20 0.44
6486 0.08256814184691841 0.2759494058626887 1.140337446842304 73 45 32 0.45
6487 0.3156346275932883 0.2577940672327236 0.8231848626892266 109 87 59 0.4
6488 0.2980875965406753 0.2572032060702195 0.8078991075063092 127 78 55 0.52
6489 0.3364923867717082 0.2592169087420058 0.8000604454395623 121 94 78 0.46
6490 0.2711272395791934 0.2922932185257346 0.963499252848415 57 38 31 0.17
6491 0.5538999816341179 0.09660675898074869 0.5401537535676203 59 46 31 0.41
6492 0.2210066205513063 0.06241686130411828 0.9292886382790426 209 171 89 0.09
6493 0.523230636585404 0.105897821083402 0.5107659892293825 138 94 44 0.75
6494 0.4840720976950627 0.09073830454207682 0.4903210498243648 104 81 15 0.3
6495 0.5531713759060912 0.1273979234508274 0.5302539958666194 64 50 36 0.36
6496 0.530548757769471 0.1180052584220939 0.5560106878869567 178 142 76 0.41
6497 0.08454005445867618 0.03097929159582585 0.8229263416966041 197 150 89 0.43
6498 0.5296677907908808 0.1177448818532936 0.4582169136455431 119 98 59 0.72
6499 0.5363368310802419 0.1199587818818656 0.4635934530729811 128 90 34 0.92
6500 0.100009563550657 0.07807388230596313 0.8321235216678113 154 93 45 0.69
6501 0.2680549474384928 0.1373619694021329 0.917189061294415 119 84 55 0.43
6502 0.1397315603909073 0.1429089459041379 1.110337721729172 140 104 45 0.28
6503 0.4805558192021117 0.1729564443599071 0.5982104245099698 110 81 42 0.26
6504 0.3598827679211851 0.1634104626698592 0.7770670100712116 150 117 69 0.39
6505 0.5336516615215213 0.1879407881309677 0.508245978661631 132 90 56 0.2
6506 0.4936094647194459 0.1937364060321266 0.5742399771241191 64 47 27 0.52
6507 0.4278162222861146 0.2100107945592687 0.665159602434415 90 69 44 0.59
6508 0.3948078824170547 0.2120923902643055 0.7044604052260609 63 49 31 0.39
6509 0.4735945726646574 0.1536749107408981 0.3586471888798969 39 30 17 1.31
6510 0.364677884690456 0.2487846343698421 0.748941549428768 142 117 78 0.78
6511 0.168873852094848 0.257322779189197 1.022958703521858 74 48 32 0.37
6512 0.5151883553379486 0.1863540376254796 0.4507910432026865 107 76 49 0.96
6513 0.5373242538800681 0.2091065985558114 0.5208008053731005 108 79 40 0.44
6514 0.5488017575697812 0.2173352130979949 0.5186626016225784 188 148 119 0.55
6515 0.5050687204334112 0.2278017433235892 0.5725846940671055 103 88 51 0.66
6516 0.1866656538444745 0.01461731316526105 0.9168080602380078 158 115 66 0.89
6517 0.1500360287587174 0.1762591688185305 1.084746652332605 106 72 49 0.65
6518 0.5183303928066326 0.1475759190445011 0.5047822734351773 100 67 35 0.18
6519 0.1433949085358101 0.1905090249668103 1.092784868908026 103 72 53 0.65
6520 0.4813204455763629 0.2008885554944845 0.5990446202174738 121 102 66 0.57
6521 0.4805186855728245 0.155081802106654 0.339741065013999 87 73 38 1.46
6522 0.5506144889889814 0.2038291029166201 0.4762944381623685 114 88 50 0.26
6523 0.4505277487928716 0.2305854917459365 0.6384003365282979 77 60 48 0.47
6524 0.5012725613714313 0.2334144592299374 0.5743562461968943 43 30 9 0.43
6525 0.4252903811011759 0.2517894723984449 0.6770877113423196 90 72 49 0.98
6526 0.5509891913666113 0.1082446765893166 0.5342497047308163 184 147 75 0.37
6527 0.07258839366146441 0.1007412304584464 1.19261352520456 185 181 176 0.47
6528 0.5280099825061452 0.1773343271480705 0.5357690344060535 56 33 21 0.33
6529 0.5270913297945844 0.1819683573591867 0.5366380691491579 76 56 36 0.44
6530 0.4742687873942798 0.1952246845102845 0.600043404411998 62 49 37 0.45
6531 0.2776047472972671 0.2346071844393973 0.8725574214518812 84 52 27 0.68
6532 0.6147021636434439 0.2285368525944451 0.4879520979191029 122 84 22 0.44
6533 0.1581223627446552 -0.03261624377319963 1.056276840966374 119 99 55 0.67
6534 0.5482683881523958 0.09226854298810799 0.534432778088895 128 118 96 1.26
6535 0.2160464178391663 0.04226877912147331 0.9439398421809349 161 113 49 0.27
6536 0.6266474227286176 0.2264309463862328 0.4785480840893658 35 19 10 0.92
6537 0.5188082199171485 0.2332942787120106 0.5545429447726292 114 83 39 0.46
6538 0.6338359966614757 0.2263521465120873 0.4669252111734468 108 74 50 0.93
6539 0.1293932327492226 0.2270020588562874 1.108285694394252 28 17 11 0.71
6540 0.5313682668759624 0.1946468050562236 0.5299476044463965 27 16 13 0.34
6541 0.4214230152829786 0.2231578628569131 0.6747286210643366 117 74 24 0.73
6542 0.412222925052051 0.2153508622134611 0.6910435195040134 92 73 47 1.01
6543 0.5308361020399737 0.1116918462149215 0.5509213026914298 90 58 40 0.78
6544 0.1535494617323901 0.08498878699651999 1.07808193541287 61 36 23 0.81
6545 0.465780062060157 0.08861651444416771 0.4851969034676588 91 56 31 0.68
6546 0.2720610354791299 0.1521215164943013 0.8917551465853746 209 135 64 0.48
6547 0.1347288612600865 0.2574857499289605 1.075410999014491 92 66 49 0.59
6548 0.5426778496727062 0.2202590577374203 0.5285409703373174 153 126 86 0.64
6549 0.5453013389374345 0.1621561961172009 0.4010602823063764 149 114 69 1.04
6550 0.05383659978038424 -0.1802507706117606 1.160250255418761 98 70 48 0.87
6551 0.5452668643494889 0.1283908305442069 0.5211491631382213 19 13 11 1.04
6552 0.5371093096086134 0.1341779039701509 0.5529211048896457 35 22 17 1.46
6553 0.1571087230106262 -0.0482582565644348 1.055276367662743 120 86 54 0.53
6554 0.1079528180297387 -0.05122125767499217 1.131713841586681 114 94 74 0.48
6555 0.1439682744344428 -0.03943332581211309 1.035174619324915 106 76 55 0.45
6556 0.1443086172496663 -0.01770999355413611 1.088534085065597 53 31 22 0.33
6557 0.0912030477863659 -0.03030464095727561 1.155825848362539 62 43 40 0.87
6558 0.1109234084959622 -0.006332896211249356 0.9320758412165624 176 129 84 0.53
6559 0.1454160934849249 0.03879878558899216 1.087937741924923 103 71 47 0.12
6560 0.5317439560521077 0.1132194748860963 0.5230241031581477 150 96 30 0.27
6561 0.1560400190671958 0.1460041318510814 1.09052700475931 133 104 78 0.37
6562 0.5094302109955776 0.1140395866890474 0.4979278480344402 82 57 35 0.6
6563 0.517869195629529 0.1186392200720535 0.502514697865875 57 35 25 0.59
6564 0.5322180871367935 0.1237583574884727 0.5111034692216202 101 76 62 0.26
6565 0.5153874704489658 0.134993975725471 0.5833666221641075 86 65 44 0.44
6566 0.08925998900658638 0.08847521744306172 0.8773517156212917 137 98 47 1.27
6567 0.159700039468775 0.1201610973404167 0.8660111525752596 123 79 40 0.36
6568 0.2786346202208205 0.1479626950306234 0.898940065876549 192 129 67 0.59
6569 0.3475129882007354 0.1807794745221692 0.7916303857651681 58 41 26 0.29
6570 0.3285887058414718 0.1822351971855018 0.8173731352394629 78 58 39 0.31
6571 0.522545461172359 0.1640181823866357 0.5089501939272167 38 23 15 0.38
6572 0.3353659355297958 0.1988186147473041 0.8021504079879522 14 10 10 0.14
6573 0.4866432485432242 0.1639796095687676 0.4419277404176759 58 42 37 0.11
6574 0.5163113804602996 0.183435873534722 0.5522262168084473 74 45 18 0.25
6575 0.2847488100586367 0.2250457447126561 0.8608067603981669 102 74 46 0.29
6576 0.4634077640525366 0.2075280665912386 0.6205304066775791 60 51 44 0.09
6577 0.3753244046857258 0.2136137646797122 0.7176138184707088 106 87 62 0.76
6578 0.3822310560846418 0.2185962777455458 0.723075166167757 97 70 45 0.34
6579 0.3873211958707348 0.2193703076946908 0.724042880918081 124 103 76 0.42
6580 0.5284637889079714 0.2154610314547448 0.5361129005636645 103 78 49 0.42
6581 0.4450366945320399 0.2285367848816809 0.6440490409504308 56 42 30 0.46
6582 0.387715780654452 0.2439402978501238 0.723505049469033 101 69 44 0.88
6583 0.5396077666127451 0.2194972134860847 0.5315711592618049 169 141 117 0.65
6584 0.5365694135065724 0.2225123116867911 0.5358810091886347 166 130 75 0.25
6585 0.5149019392954778 0.2278344242462465 0.5687259812628843 137 118 58 0.33
6586 0.3332947442778638 0.2744598847217258 0.8012672695265018 134 102 77 0.49
6587 0.0830488696781273 -0.0953590262574561 1.159222615576697 59 41 36 0.68
6588 0.1547849861296007 -0.04752277515622824 1.076076440207698 120 88 58 0.54
6589 0.1308828049969319 -0.01299269611685822 1.101223605388702 64 45 37 0.47
6590 0.1229621135781888 -0.008138099212793681 0.953341551576629 96 65 43 0.58
6591 0.5478601023674953 0.1087005235755362 0.5435842880486274 135 92 37 0.89
6592 0.2034339305207019 0.1148912580637194 1.021746936883466 65 34 16 0.23
6593 0.1774996402805512 0.1102846629371656 1.061728456662093 101 69 44 0.27
6594 0.4745075802273041 0.09606945101162323 0.4832582493078132 188 157 82 0.92
6595 0.5367444158133104 0.1150258053555644 0.5241967845677992 140 110 42 0.31
6596 0.5507146495257665 0.1243126619964079 0.5337518930699363 102 77 45 0.51
6597 0.4542115367828788 0.1663646320407449 0.6386877948811012 83 67 30 0.11
6598 0.5104825568986493 0.1459263930430763 0.4663767238415309 52 41 26 0.87
6599 0.5258282255992081 0.1651349397928263 0.5401321751989231 106 76 36 0.67
6600 0.5091143953744282 0.156013021705016 0.4645140720138642 65 57 30 0.7
6601 0.4239687338658659 0.1877186033490436 0.6708482324271585 43 28 18 0.54
6602 0.1798365584224983 0.2263130810221979 1.012130818103645 111 73 36 0.3
6603 0.4238228812463947 0.2000762109860367 0.6684871682285939 107 89 42 0.13
6604 0.1728588541869899 0.2375098329053977 1.016789295842739 122 81 39 0.62
6605 0.5264751670543382 0.2094899087560908 0.5348871542010017 107 78 35 0.3
6606 0.5256961964634927 0.2123042725005452 0.5379373275186331 149 103 64 0.68
6607 0.373046456625134 0.2518158922702064 0.7541543853337223 107 75 36 0.48
6608 0.5430378429977623 0.2214372055394346 0.5286008158959965 134 107 67 0.4
6609 0.3421576831039161 0.2716256369385197 0.7830741903537204 126 100 76 0.46
6610 0.4665545818857654 0.2777885195150255 0.7560889346106479 121 109 72 0.52
6611 0.4399274893191985 0.2501137286141418 0.6535276866406703 85 56 34 0.78
6612 0.159446323993037 -0.005420668347794089 1.066873031617394 142 106 75 0.51
6613 0.2647676265421874 0.07256610406289216 0.9441408906264603 144 109 53 0.16
6614 0.1618473800358374 0.07839939555496725 1.067247300774544 82 51 34 0.45
6615 0.5495333303847395 0.125023492190509 0.5361915383043531 64 54 35 0.29
6616 0.5427743782534055 0.1327602733520448 0.5376179576955529 58 45 27 0.44
6617 0.1330137224670149 0.112110456530813 0.8451210357817269 58 33 21 0.29
6618 0.4086177798511176 0.1701175984709977 0.7033578974990198 165 140 100 0.46
6619 0.3220228537138703 0.197335623961872 0.8209339686624537 112 75 42 0.42
6620 0.5360323870741424 0.1777731163338571 0.5259322261890177 94 65 37 0.43
6621 0.3811413877554829 0.1905121920312073 0.7302431542847622 94 74 56 0.18
6622 0.2802143302749245 0.2053385015305281 0.8767589678581136 111 82 48 0.29
6623 0.5090819511869514 0.1689429811535362 0.4640068433844484 12 11 14 1.09
6624 0.5167543659136288 0.1943238127223013 0.48931467353687 74 55 37 0.3
6625 0.5364545525541853 0.2260415819038936 0.5285032046626182 109 64 28 0.26
6626 0.08662831839630425 -0.241818986772634 1.082413037868141 107 81 56 0.28
6627 0.3493543677220563 0.2641243700008391 0.7776357966874428 96 64 33 0.41
6628 0.147749333858193 0.03210396016469047 1.085705225749411 126 91 63 0.43
6629 0.5285842889192615 0.1129175413204968 0.5576288137149573 109 68 29 0.32
6630 0.2804182151440057 0.1123796401921392 0.9082678178944128 116 73 46 0.44
6631 0.1127420687724526 0.1231921095632874 1.151178743730532 132 95 49 1.1
6632 0.5441552931300186 0.1273280211703838 0.5430604954449531 37 27 22 0.6
6633 0.08334005525657062 0.06377936629073017 0.8295151867129601 172 107 34 0.68
6634 0.07992254139626442 0.134693078382878 1.188620914608595 76 58 42 0.46
6635 0.3420253345816821 0.177596736975583 0.8014412908775569 137 108 69 0.3
6636 0.5125536365747272 0.1491966001125203 0.5035668547958642 92 65 42 0.72
6637 0.4603855254351851 0.1883252720513441 0.6235014883778899 149 114 48 0.31
6638 0.4307286700224024 0.1959995371573025 0.6633717883884618 99 84 45 0.48
6639 0.545876087473116 0.2119073374330842 0.5139931729784182 50 40 24 0.18
6640 0.5428343467440829 0.2124622944498604 0.5165846674500328 104 94 56 0.12
6641 0.5294019766474193 0.2329011628752185 0.5379723166182153 92 67 37 0.78
6642 0.1318927542410984 -0.1288968773735907 1.081767624388921 167 120 74 0.39
6643 0.157740336789702 0.04975137376962874 1.065690692779442 123 97 56 0.7
6644 0.1760079145916425 0.03453387744100514 0.8919244374165685 54 40 28 0.69
6645 0.5431536320473291 0.1443755469364506 0.5295743089652961 17 9 8 0.24
6646 0.4685993735704985 0.1412269278262893 0.6301612657874923 172 141 65 0.68
6647 0.2349823919418692 0.2741363575821853 0.9496105982716629 62 56 42 0.9
6648 0.4247185880191822 0.2523087196968572 0.6733267493346936 60 52 37 0.43
6649 0.5370124160506167 0.167008273463894 0.5168354694203738 166 125 57 0.91
6650 0.5399378280838774 0.2056895014696593 0.5202539678372072 103 72 36 0.62
6651 0.5380770247613245 0.2289557109444768 0.5354463929782259 105 85 45 0.49
6652 0.2763586585443217 0.1320437308060253 0.895886323452906 150 96 44 0.48
6653 0.4563770587389682 0.1586581374949442 0.6406278244819054 62 52 33 0.89
6654 0.1044636099461221 0.1419044924041662 1.154422337756408 60 40 29 0.71
6655 0.4943389437101851 0.2614179198399856 0.6725967892880742 131 114 65 0.96
6656 0.377957077772798 0.1672582074535156 0.7501959225115997 61 41 27 0.88
6657 0.5109032504790265 0.1826983948367789 0.5603510153596789 67 34 17 1.37
6658 0.2559233760426035 0.1717040904121704 0.889842513822893 159 124 48 0.93
6659 0.4313394196583101 0.248881700613735 0.6666971134655125 65 42 27 0.87
6660 0.1097107367495644 -0.2615097646378074 1.106743491587079 154 129 71 1.05
6661 0.09856292780863884 -0.2329606131584039 1.103043288973351 92 73 41 0.35
6662 0.1448138174741044 -0.0685174019742715 1.05792063726279 47 27 21 0.27
6663 0.1082554290305342 -0.0716657361004904 1.000643278487138 112 84 40 0.23
6664 0.1007715048653128 -0.07498779334772346 1.011889465815897 81 61 36 0.36
6665 0.174316267070847 0.05040512036588082 0.8856048595414121 91 55 37 0.14
6666 0.09065316334376183 0.01629798254256704 0.7750971637744865 129 109 101 1.05
6667 0.1654052671975121 0.06998416499506627 0.8758515905916388 125 76 42 1.05
6668 0.1425046266854907 -0.07342584422434592 1.057371267701102 70 45 29 0.25
6669 0.3567150283889428 0.1922434450256292 0.7749638683901379 64 46 28 0.39
6670 0.06158865474569308 -0.1400183350004401 1.016021336348578 93 64 44 0.31
6671 0.475972964844985 0.1427159874679719 0.6228883469512296 85 57 34 0.5
6672 0.5210906400030624 0.1635674893525812 0.5501978240124266 98 66 44 0.36
6673 0.422764687074508 0.1688090498418948 0.6813906459629254 91 59 29 0.19
6674 0.3620932646917709 0.1742668673964954 0.77421041857628 114 87 26 0.32
6675 0.3504318679733979 0.1798962944099718 0.7869290052382788 67 44 27 0.33
6676 0.2988863603430372 0.1760398954845499 0.8567021084489213 138 100 64 0.75
6677 0.2996424815247726 0.1906004025855673 0.8537366004041782 67 41 22 0.12
6678 0.537124157982743 0.1796877670297958 0.517417410234605 133 105 82 0.35
6679 0.3762213191666275 0.194444971655562 0.737538050898529 126 92 47 0.39
6680 0.4981723339742857 0.2006367863440587 0.5771676508674085 65 42 18 0.13
6681 0.4553172918628972 0.2085201892599826 0.6314985865123921 63 45 30 0.47
6682 0.1888137660428744 0.2406557095716398 0.9829009245360143 57 30 14 0.27
6683 0.1337840320897063 0.256406791702449 1.061241957859129 63 50 38 0.44
6684 0.5476747728961604 0.2166483064279316 0.5199628812097147 106 85 62 0.24
6685 0.447136204089251 0.2242641934013125 0.6419608780771543 92 63 36 0.55
6686 0.570670809128668 0.2240792768061352 0.53263321707663 118 66 38 0.99
6687 0.502047610405286 0.2288488736936394 0.5790024192010333 112 90 39 0.56
6688 0.4584697168683511 0.2349762427713526 0.6304355548698067 118 70 41 0.69
6689 0.6445681860620498 0.2237350999181326 0.453342786290821 92 65 42 0.64
6690 0.5350260139732064 0.105107345522226 0.5274340741181782 171 128 74 0.51
6691 0.5355665677248148 0.1201067687831857 0.5507926973852908 110 70 38 0.51
6692 0.4331238904225811 0.1763799935276332 0.6621007880181485 118 81 17 0.41
6693 0.3850977936443465 0.1775567105555637 0.7301245471557605 157 116 16 0.8
6694 0.4796324882918767 0.2015385939556736 0.6040366225570722 100 74 44 0.68
6695 0.4560187188079057 0.2265432716432003 0.6261557775827108 60 44 30 0.68
6696 0.519661264543375 0.2264821825162516 0.5608879495603328 138 105 38 0.4
6697 0.1336989464763176 -0.03156252664503997 1.015043459219531 192 140 72 0.3
6698 0.525736776105539 0.1235798785188505 0.5602436999312995 98 65 38 0.42
6699 0.3847853626939145 0.1524747283486358 0.7249303002123584 158 96 53 0.86
6700 0.3893325207679388 0.1831090899141262 0.7218194769159928 128 94 46 0.72
6701 0.5138083992419329 0.2141183695132946 0.5437385649973533 87 58 36 0.31
6702 0.4775728371798426 0.2260694894012419 0.6069207553037002 66 51 34 0.58
6703 0.538093636911098 0.1260244797782125 0.477500396394576 110 82 56 1.17
6704 0.5267247876734945 0.1796531869392404 0.459522003386039 108 72 30 1.21
6705 0.5407226798482637 0.1940880654045226 0.5190202538692007 88 72 56 0.3
6706 0.470860231410266 0.144824111383252 0.6308559112826606 102 73 48 0.39
6707 0.4792801331016652 0.199809643277359 0.6023502380953512 52 37 29 0.79
6708 0.5422095955943563 0.1348914042857656 0.5318435650783553 74 50 34 0.52
6709 0.3078501777050782 0.2285237291175411 0.8292618117197939 35 18 10 0.88
6710 0.5379238534144541 0.1970899315506706 0.5209306856763656 161 123 91 0.76
6711 0.4066718590860056 0.2322285771876707 0.6985251966882982 62 35 14 0.42
6712 0.07897950433534395 -0.2824568642004373 1.109422871991338 122 89 63 0.27
6713 0.08763350630309152 -0.2005515439379204 1.062702226320515 73 53 36 0.15
6714 0.1402095376783512 -0.08142928407413733 1.058906213749758 92 63 46 0.65
6715 0.1449642050909652 -0.01143553660505564 0.976223708468594 137 96 66 0.38
6716 0.1317394730179918 -0.01738602784435683 1.006015956545083 92 55 32 0.46
6717 0.1725347164896927 0.03929060503409917 1.043669161545134 102 67 44 0.23
6718 0.08877050898336125 0.02176630446377034 0.7826550364930664 188 176 164 0.76
6719 0.07331533237604548 0.0168369928958419 0.7961806753759759 164 153 137 0.79
6720 0.1500238875578588 0.05873947825184439 0.8578415770316894 100 69 50 0.36
6721 0.126735418163077 0.07715080660151805 0.8447277230804643 89 47 21 0.84
6722 0.2440256186293036 0.1315825914629721 0.9614873285641689 142 94 56 0.34
6723 0.1574805443424903 0.101991439133941 0.8635342574216754 87 50 25 0.13
6724 0.3227518976947512 0.1815682211688328 0.828425328406728 82 62 41 0.48
6725 0.2933727749166983 0.1801547658438425 0.8704092247460496 117 78 26 0.12
6726 0.3402444533789915 0.1927655805291929 0.7973080487472823 90 62 40 0.39
6727 0.1976160970358425 0.2080638369733733 1.013467174105972 96 74 54 0.49
6728 0.5071906124022297 0.1797545411715265 0.4405220689521626 66 47 34 1.46
6729 0.4235025793282131 0.2123473000873483 0.6730684656240413 58 38 18 0.59
6730 0.3445689861437461 0.2281062978916878 0.7811521443791341 98 70 50 0.31
6731 0.3130507491269 0.2363286632544324 0.8291374470576268 75 47 28 0.39
6732 0.2671755845322508 0.2320685863529114 0.8846126188021559 65 36 21 0.29
6733 0.1934613380855861 0.2570717125195021 0.9839268900016729 59 41 25 0.52
6734 0.5426267526995044 0.2172458347606648 0.5257102947932352 162 128 95 0.3
6735 0.4459263840222873 0.2240904776331915 0.6434648262057096 76 46 21 0.35
6736 0.2686278199869618 0.2766125572496952 0.8899941340387721 79 48 33 0.11
6737 0.06436038398420696 -0.2908877875650275 1.124030181568881 131 101 62 0.5
6738 0.08752103536337852 -0.1939877026660676 1.14026009868914 91 67 38 0.98
6739 0.08684124068412169 -0.1544783508506905 1.148811730943363 83 64 36 1.1
6740 0.1663520379666816 0.05568880703684922 1.063845559178606 107 74 24 0.23
6741 0.1011489857690109 0.03485997201681715 1.151712689144019 65 35 22 0.45
6742 0.5142317220968243 0.1239306023572479 0.5797771063105758 130 67 24 0.54
6743 0.2012587412204679 0.1137845131791989 1.025760209522849 116 82 58 0.28
6744 0.1609471313768013 0.1529469251878706 1.087764503377599 110 84 25 0.37
6745 0.1358729051384636 0.1536596395081662 1.117958113588117 114 81 54 0.47
6746 0.1416098360814208 0.1778607647538589 1.096337948631625 96 67 47 0.45
6747 0.3125548379942369 0.2166277949948845 1.132795819923053 88 63 68 0.88
6748 0.08298662616332497 0.2109175592413499 1.160135504831496 67 50 37 0.4
6749 0.08487408943280683 0.2248342779753583 1.168390627970851 84 60 37 0.44
6750 0.1998437394214191 0.2553907755302682 0.9574399689282309 70 54 40 0.4
6751 0.08223373846163939 0.2776892056156183 1.13033838989236 44 29 16 0.29
6752 0.09098760211293777 0.2824017524538489 1.128145192891382 48 33 16 0.25
6753 0.3522990721972545 0.2695698915233964 0.8188096706544189 98 79 30 1.27
6754 0.1299604403881949 0.08834712105734593 1.13439258919009 62 34 18 0.42
6755 0.09853502877425735 0.08852841020672864 1.158960314160235 54 32 10 0.37
6756 0.2423342251633082 0.1341673746583645 0.9652429607307587 49 24 17 1.04
6757 0.1716454109499971 0.1914473651724065 1.031424754595672 127 97 68 0.43
6758 0.3401490822018189 0.1952404446163263 0.7958913504249405 102 74 48 0.55
6759 0.5260966193734288 0.1812235960692325 0.5079416455749731 42 23 15 0.3
6760 0.416342956903603 0.2133597263291975 0.6853343417018358 103 73 25 0.46
6761 0.1767433800352187 0.252850567455518 1.009577423570666 117 81 51 0.36
6762 0.1135496252075331 0.2716811338437309 1.108565387001072 89 63 36 0.42
6763 0.4265917004158948 0.2340082499289984 0.6698205592103926 117 80 34 0.37
6764 0.07196820271483317 -0.2987886603796944 1.13214797303125 81 52 40 1.1
6765 0.1414915352979896 0.03588281200334029 1.115722174584935 88 52 37 0.56
6766 0.09098175368488981 0.02019340399106781 0.8370061891332674 108 80 68 0.2
6767 0.3153208555005365 0.2237767377044633 1.137481626479053 126 104 85 0.59
6768 0.0695259128949004 0.2252563926641535 1.182889002604703 80 54 29 0.47
6769 0.1947919516367314 0.2568691530938336 0.9869024218740299 75 53 27 0.59
6770 0.1300856770658758 0.2846256476172998 1.081039399567583 90 75 62 0.33
6771 0.3947385391057838 0.1680359066932877 0.725367644330811 131 96 37 0.71
6772 0.06752667147180091 0.2130032068957801 1.176388617044635 46 30 24 0.39
6773 0.07109491367602572 0.2552680231473127 1.149843701875646 56 31 18 0.43
6774 0.07276728786881725 0.2743243756901779 1.136762989450378 31 16 11 0.41
6775 0.3076918997841212 0.2673783866130653 0.837817958827513 130 109 64 0.62
6776 0.3107030970658027 0.2287593301584148 0.8178688212074761 108 73 33 0.84
6777 0.1117252917528605 0.07732938803057499 1.162544663212658 227 233 233 0.57
6778 0.2014177517631064 0.2520437923352966 0.9743636106955972 48 33 28 0.88
6779 0.04235883327361856 -0.2340279997042122 1.07074994795283 109 96 106 0.37
6780 0.07815118485816575 -0.2103223957711207 1.15455565238401 175 188 190 0.78
6781 0.1124403477662138 -0.1491656089267646 1.066222704099874 102 80 63 0.61
6782 0.07988345828758781 -0.09626341772553312 1.006181911194381 99 70 51 0.71
6783 0.1222387632782302 -0.08989965760597377 1.04522547891979 128 93 71 0.73
6784 0.1569164776064348 -0.04299213624567391 1.064282825821711 72 47 40 0.44
6785 0.1691350317570726 0.0002278303378906166 1.05238536891921 74 55 39 0.19
6786 0.1951810784619056 0.1036171718358902 1.03538422917967 129 97 70 0.83
6787 0.5177752325127691 0.1110120102362301 0.4902613899333306 109 83 40 0.64
6788 0.3603055916722402 0.1850327849121853 0.76862932586634 103 72 38 0.37
6789 0.4618014235273998 0.1845041893311124 0.6195496451377893 120 90 54 0.34
6790 0.3035812614642394 0.2020262010014415 0.8423019841502903 42 26 19 0.45
6791 0.3126058359900006 0.2376387560789585 0.8310601686683901 100 70 37 0.53
6792 0.2425187552956583 0.2665972979902414 0.8951752048124819 115 90 44 0.47
6793 0.1170410950034528 -0.171971830825819 1.105265558825249 74 54 39 1.04
6794 0.09554990871621805 -0.1269483810836727 1.127249073697386 88 73 50 0.81
6795 0.0408660828462436 -0.06899360129749013 1.189014573790473 125 100 81 0.41
6796 0.1922618348854559 0.205009152016161 1.026214740782553 101 85 48 0.27
6797 0.1317283212601847 0.1947987540201292 1.077398552893617 54 37 27 0.54
6798 0.1515626565801164 0.2905824545816099 1.058217537724973 39 29 14 0.23
6799 0.5231266177010523 0.2337644056901956 0.5434244698292233 62 40 17 0.65
6800 0.3258134079162656 0.2741241496157382 0.8012552292855283 148 123 77 0.87
6801 0.1297688657215725 0.1668609544068105 1.137773490361308 107 85 42 0.36
6802 0.5367834885931139 0.1121445564466293 0.5205974629547421 156 102 36 1.2
6803 0.08345010045637014 0.09033733800149452 0.829594961174818 120 75 53 0.71
6804 0.2002331756119353 0.2029828972130394 1.012242956765954 162 133 74 0.37
6805 0.1652648408111652 0.2471949842597119 1.024121908067503 62 34 22 0.6
6806 0.2743577794034879 0.25262229807848 0.8806296246070675 83 58 48 0.53
6807 0.1353708738818196 0.08952857745788437 1.129107934525847 60 41 31 0.27
6808 0.2003692229578035 0.2638140663707512 0.9755889510148219 42 35 30 0.64
6809 0.1093688316030237 0.1689219437533247 1.143947176500726 65 47 40 0.52
6810 0.4474063090686702 0.1604686223658373 0.6536250495949962 130 105 72 0.85
6811 0.1771420339410975 0.245070983498185 1.010295855273933 128 94 62 0.52
6812 0.4974752361060788 0.2129632013731078 0.5733070175527204 79 56 24 1.22
6813 0.1334586473753819 -0.06582576998652276 1.046877596510229 95 61 34 0.5
6814 0.02737955660484126 -0.08248279689279589 0.9601815676414718 100 75 70 1.16
6815 0.5407015100034746 0.1914380621362547 0.5124418212085999 35 18 13 0.8
6816 0.180419446331916 0.1075505231175386 0.8794069435192109 72 46 28 0.45
6817 0.05683403105397067 0.1451125348623706 1.213768759699003 121 121 120 0.41
6818 0.4212166497597234 0.2136049768637804 0.6798378968095672 72 52 34 0.26
6819 0.3018373203742256 0.3111393271033624 1.071912488214299 68 40 25 0.87
6820 0.05050507255506198 -0.204200831029482 1.041619641436663 86 81 78 0.45
6821 0.09373542007251656 0.02201322847899856 0.7700725896032482 124 102 56 0.66
6822 0.1474162088869156 0.06959182574433997 0.8714710980594678 72 54 36 0.62
6823 0.4358288282788624 0.2059804703553149 0.6494666988801063 110 88 42 0.4
6824 0.54398402137864 0.113978027531522 0.4138021755525865 117 90 57 1.34
6825 0.1122833857165255 -0.1633934802897925 1.075225938295262 112 87 58 0.58
6826 0.5419942797840249 0.08620393156651401 0.538358356782131 159 168 181 1.46
6827 0.182402584341782 0.0372504814789191 0.9124760610741252 190 129 75 1.23
6828 0.4754458533862148 0.08870631599137685 0.4853683473941228 74 49 33 0.23
6829 0.3958370055901594 0.1940954225463699 0.7098652878379424 113 91 68 0.15
6830 0.3199320240542292 0.2207630146627281 1.133914152563391 183 187 189 0.3
6831 0.1948531576063072 0.2056650198545457 1.017751355323062 76 56 40 0.51
6832 0.1582382672270033 0.2166567934888363 1.07391228237176 71 57 33 0.75
6833 0.1649177643016119 0.254210350832891 1.019445661386843 80 51 34 0.65
6834 0.4987195597344828 0.1007930382653963 0.5024913416757969 140 99 63 0.31
6835 0.4223536030130427 0.2278687217721262 0.6736679406449975 116 75 28 0.49
6836 0.4421961120481759 0.2504064309351899 0.6535670701483786 71 57 41 0.54
6837 0.09181250732214763 -0.008385714858397841 1.160157029834488 120 90 64 0.2
6838 0.505773852210913 0.1941098128947855 0.5673491042373145 84 57 32 0.19
6839 0.4091216504010684 0.2305813881223302 0.6928142418708529 74 53 29 0.74
6840 0.2300737210153326 0.2713506658068648 0.9293063437065221 18 11 9 0.46
6841 0.1503353932068286 0.2743526236870065 1.053934121936775 66 56 48 0.73
6842 0.546673490936241 0.1194307199612704 0.5370691462169801 63 37 23 0.15
6843 0.1033699254627223 0.18174186632445 1.14414157473609 28 18 12 0.35
6844 0.4544572753804653 0.2469024179044887 0.6352147328450047 111 68 34 0.63
6845 0.1895022053740645 0.1062077681842772 0.902937245817987 161 110 61 0.64
6846 0.2965221813461201 0.3018943979273147 1.162793538776678 86 68 53 0.81
6847 0.4500818694875952 0.2476718361371658 0.6421049530317535 74 61 47 0.58
6848 0.5084817984263215 0.2073067601314488 0.5615829599431261 86 55 33 0.42
6849 0.5867882438820169 0.2535419239775329 0.5949608874829871 188 164 94 0.31
6850 0.2811811108679656 0.1764486597394855 0.8799308701918138 178 129 60 0.43
6851 0.4311331605699688 0.2075580336444394 0.6594199371208482 80 62 39 0.35
6852 0.05785942002521749 -0.1772433665014998 1.037446758701617 112 77 54 0.15
6853 0.1482854861212353 -0.1330285789342346 1.076813182371603 122 88 62 0.67
6854 0.08668413545389442 -0.09300121845387563 1.007726355275143 114 71 45 0.14
6855 0.1156655826537196 -0.07043552539635803 1.024057717728415 102 71 49 0.73
6856 0.04258279859653402 -0.04527460756228549 0.9469901005237015 120 83 58 0.48
6857 0.1799897286827323 0.1356004756300667 0.8773002982008178 164 104 34 0.23
6858 0.4266001951895372 0.1630785996207228 0.6777127660911875 68 46 36 0.23
6859 0.398949386212341 0.1739909383874469 0.7130983586429723 90 70 46 0.32
6860 0.421645189895603 0.2004577838789159 0.6705902276119792 59 42 27 0.26
6861 0.3708316773917739 0.2064967482682393 0.7404973351119126 53 38 27 0.26
6862 0.3610139969584931 0.2106824665822861 0.7595478129809571 83 59 34 0.34
6863 0.2669308981257372 0.2281209311410581 0.8859387017626154 81 51 31 0.23
6864 0.4096080080873403 0.06004608311962428 0.4446942186998598 107 79 28 0.85
6865 0.5316163993044376 0.1166342807661759 0.4661040232208102 141 115 42 0.84
6866 0.08817026203037748 0.02805781898560195 0.7606372936665231 210 210 211 0.69
6867 0.1635410915278808 0.1045664052550753 0.8854507332813988 150 101 35 0.32
6868 0.5294360423487916 0.1121997859426325 0.4225504400000216 159 128 84 0.76
6869 0.3423933628684761 0.1719131195998819 0.7977782355594005 89 65 40 0.28
6870 0.2411409717036575 0.2187045456048773 0.9260152233371379 79 45 24 0.56
6871 0.3641599699468993 0.2013820782233989 0.7595402024722373 84 63 43 0.89
6872 0.3828714875727669 0.2145501807109875 0.719828366844309 58 47 35 0.26
6873 0.09351649816731322 0.02211955508632615 0.8346333310777074 98 76 70 0.5
6874 0.09806703945192263 0.2076078387275115 1.140803131181733 48 32 22 0.22
6875 0.3155695060732533 0.2255225898273638 0.8216076511433409 67 53 35 0.41
6876 0.173007044339523 0.2393126181330266 1.015525607853716 97 70 51 0.42
6877 0.1721838797561391 0.0940168431004432 1.095397776564807 60 42 27 0.71
6878 0.1882723355416904 0.1195409111202014 0.8935389748824596 130 85 55 0.71
6879 0.06260235245117907 0.2714043128793648 1.158465189723504 100 70 50 0.51
6880 0.4114292031100137 0.2155555212797473 0.6870142095226537 72 45 16 0.78
6881 0.2667315532360768 0.247741213737366 0.8744626641327042 89 63 49 0.56
6882 0.149861282444018 0.08153545952674313 0.8203433976397602 150 98 45 0.62
6883 0.4141440456361849 0.1906695829033418 0.6839842010151571 148 118 69 0.59
6884 0.4167512277458553 0.2515195874075588 0.6897597160071376 57 45 25 0.63
6885 0.2008620369640436 0.1840786883859189 0.9967148145052536 50 45 36 0.39
6886 0.03083665599816876 -0.09297059528655419 0.9678739385513271 83 60 49 0.06
6887 0.06162399933876073 0.01270365193830938 1.201322716602041 205 218 231 0.47
6888 0.2161510177515329 0.1955261322536374 0.9660406179532899 77 64 54 0.26
6889 0.09666425099908638 -0.1458297404519256 1.041082126883287 88 64 49 0.51
6890 0.1028680688298989 -0.08505508099065698 1.02173433519897 114 84 55 0.25
6891 0.04415080619536571 -0.06249244809446233 0.9575407875294044 155 111 77 0.45
6892 0.04956242742347416 -0.2718324141414669 1.088921872017566 216 219 225 0.4
6893 0.1684050595097756 0.08199631888861902 1.052281402629829 121 86 52 0.06
6894 0.1757564209797803 0.07549295230703656 1.041179529222659 96 68 38 0.49
6895 0.1954710738611787 0.2419614752537901 0.9893226382713264 127 92 54 1.09
6896 0.2861880489305892 0.2724261952560138 1.068994328038347 77 73 49 0.35
6897 0.1388428787585638 -0.07162543005238278 1.091108152705693 62 44 32 0.29
6898 0.157537681794667 -0.04841451182733617 1.060746154425133 129 93 66 0.36
6899 0.09405396318273163 -0.07697380334896467 1.145634893722328 84 61 50 0.18
6900 0.0742366281126432 -0.07338571512830092 1.168734948356544 82 56 44 0.21
6901 0.08845838680037066 -0.0635392272904434 0.9853761138975015 125 91 56 0.26
6902 0.1330224063322688 0.0001596149112273182 1.112366109950931 132 102 60 0.36
6903 0.1495686533957969 0.01511196847040833 1.080831044953112 122 98 54 0.24
6904 0.1027403272538163 0.05054022050675805 0.8356468275221058 129 79 30 0.44
6905 0.1754545906687583 0.1254708335516982 0.8782262674245015 161 109 51 0.45
6906 0.06644522677530218 0.199810026272735 1.184452955411755 79 51 32 0.53
6907 0.1868514641725239 0.2350142167725868 1.004218556676285 91 60 40 0.21
6908 0.2840203579619487 0.2741805147884106 1.05527893847828 92 72 57 0.43
6909 0.3605951158068689 0.2682380871134044 0.7614080414865012 146 114 68 0.5
6910 0.1647978876427837 0.1329200659943725 1.063694435418549 143 117 72 0.31
6911 0.3984327858530035 0.2177117598903451 0.7107495561559841 77 56 38 0.55
6912 0.06609060494995533 0.283233521562146 1.150706748319429 80 55 32 0.5
6913 0.2908767721777754 0.2614015004140677 0.8487105695520947 151 129 70 0.6
6914 0.05451016989302693 0.2956461178865339 1.175545673754236 49 28 20 0.34
6915 0.4856870417694438 0.2444928578458442 0.6003293897538785 127 115 71 0.36
6916 0.2738720402432447 0.2989975241381762 0.9549627906038285 79 58 46 0.37
6917 0.2718818561598355 0.06755632474213563 0.9326116867823298 95 65 22 0.95
6918 0.1122718175166519 0.2086063610243329 1.123905097425971 94 68 48 0.29
6919 0.4094926105725785 0.2559730451325971 0.6943915368002369 73 61 43 1.05
6920 0.1235116262377338 -0.03611830474705333 1.02768672665649 163 128 62 0.59
6921 0.4358477202158662 0.1527881229461903 0.6723841084893784 60 39 18 0.59
6922 0.3099641165325686 0.1795037142442975 0.8369911726297007 54 43 29 0.74
6923 0.3497749685980183 0.2142343458780863 0.7798786505725338 122 91 48 0.69
6924 0.07342212573497275 -0.159512223166394 1.036743303067506 87 75 67 0.34
6925 0.1439427480849533 -0.09184208304785549 1.066614797139241 69 58 50 0.17
6926 0.03291455242541808 -0.07946016914669021 0.9620407010208173 111 78 52 0.15
6927 0.0616075095977876 -0.0717666836412014 0.9828877512481675 117 86 63 0.34
6928 0.04981157245668677 -0.04167597837861489 0.9453170568662129 90 60 47 0.27
6929 0.1628170345399305 0.0408088691267405 1.059101352839255 70 47 35 0.3
6930 0.4344826291031114 0.1576636642204804 0.6703777145804648 101 83 61 0.2
6931 0.422536172197831 0.1567307805016193 0.6906787764353302 63 44 29 0.25
6932 0.4237468271455345 0.1822266903423281 0.6734847522250194 85 69 52 0.2
6933 0.2940356868929532 0.2177195983003249 0.8531366035289825 63 47 36 0.15
6934 0.4311088661046671 0.2109543973140235 0.6655149978207558 62 50 37 0.18
6935 0.4219907259850302 0.2145895403860198 0.6782751731643348 75 61 51 0.13
6936 0.4322858322193268 0.2103804209074707 0.6639992822244198 81 66 51 0.23
6937 0.5312563849587808 0.1643854783673971 0.5161029458864583 77 58 42 0.48
6938 0.4307715203936429 0.2120371841808471 0.6657585984742318 57 45 31 0.34
6939 0.3590742334870559 0.228451803686273 0.7605339355782128 105 91 71 0.26
6940 0.04886592415931168 0.2161098115423563 1.201245583037977 84 68 59 0.65
6941 0.1217221755424888 0.1046394648234318 0.8330071517104145 87 61 49 0.82
6942 0.4055160087092308 0.1675772762530351 0.7077747226667357 89 77 63 0.52
6943 0.3573883513530896 0.1656662343107979 0.7790830046143125 109 82 58 0.27
6944 0.4240574367143374 0.1814394448984146 0.6749482272543377 56 44 34 0.34
6945 0.2793728675965418 0.2394684558823605 0.8697085128059736 101 73 56 0.61
6946 0.4840439628313414 0.2125197229800711 0.586940169417113 103 81 63 0.27
6947 0.5493876190242681 0.2163540562290673 0.517999480454843 117 87 68 0.33
6948 0.5090507130100369 0.09731748279555939 0.5898178093288257 159 161 165 0.23
6949 0.05021868694966136 -0.05165551325307313 0.962206271646166 148 110 85 0.64
6950 0.5331824038516504 0.2655964028566995 0.6734958519558693 131 113 82 0.75
6951 0.2773050551896223 0.06247741879855734 0.9149862105517681 112 82 67 0.43
6952 0.5318740081936479 0.1439483820053102 0.5752055468884923 37 21 19 1.1
6953 0.06872414550889439 -0.177081822072361 1.043424846565518 119 87 62 0.57
6954 0.06732026687995118 -0.1579739393488846 1.030665633947305 112 82 56 0.27
6955 0.06941652516669417 -0.09901411157444204 0.9986956322301417 88 46 28 0.15
6956 0.1362701534742861 -0.06211498449097205 1.04605915683635 110 77 54 0.9
6957 0.03760520549048496 -0.08169855810239454 0.9624606609799369 64 44 32 0.44
6958 0.2370792784267345 0.2205173927100924 0.9307334067888289 89 63 41 0.24
6959 0.1236100425190639 -0.08637127523028823 1.044861604351341 121 86 52 0.29
6960 0.4230308862122916 0.2147787155723748 0.6679190334272879 83 65 44 0.45
6961 0.05586797525814857 0.1996853365017911 1.204159003440264 210 215 197 0.66
6962 0.06261974904915835 -0.1584690764179478 1.029124505502947 85 57 41 0.42
6963 0.07900175445145663 -0.04036986940281004 1.174492621027817 77 62 53 0.75
6964 0.1560008482548168 -0.00118998421439423 1.027894765297212 150 110 71 0.39
6965 0.03200648422354946 -0.05066855996859246 0.9373989939435849 128 110 102 0.2
6966 0.07875590977167857 0.1232549080632076 1.197405285356072 206 219 221 1.2
6967 0.06815330847110035 -0.1668472663612703 1.170396076519736 169 175 180 0.66
6968 0.08024657828821236 -0.234331740692932 1.158620673655134 186 196 204 0.85
6969 0.09399560420690234 -0.2089078893522656 1.086318796056622 113 90 69 0.79
6970 0.05753042886893156 -0.09966004700705502 0.9929268475178183 63 47 39 0.17
6971 0.1355096156533315 -0.06021033567584042 1.038880108466612 112 80 51 0.26
6972 0.328758165136716 0.2192514906435269 0.8046446701031008 69 44 26 0.56
6973 0.04550004182299827 -0.2200318872240154 1.050106942120224 192 192 185 0.32
6974 0.06465608254000776 -0.2153862788294759 1.063647636854274 92 70 56 0.62
6975 0.04643960173859696 -0.2099897181350665 1.044752984884184 174 170 169 0.48
6976 0.04646906201500878 -0.2016040165306192 1.040368980376818 111 90 79 0.35
6977 0.07239842124520834 -0.1947487516923708 1.056597816949387 100 74 59 0.45
6978 0.04115060959059735 -0.1732937464087948 1.021814277616602 175 166 164 0.28
6979 0.4256719034298456 0.1734530605293961 0.6755072830416375 150 124 92 0.34
6980 0.3805961290296732 0.1727506024592441 0.741047967900183 124 104 67 0.2
6981 0.06663198616230848 -0.3169038037350417 1.139613700535791 197 204 208 1.07
6982 0.09047799820957281 -0.2092325541958856 1.08197762122986 86 63 42 0.67
6983 0.06614997903260988 -0.1765020882396557 1.040866801054551 79 56 38 0.44
6984 0.104287243216355 -0.1542821438223755 1.072807652670444 137 83 46 0.36
6985 0.1162335239254377 -0.08761549470935628 1.038312855899721 82 51 31 0.25
6986 0.03499723926953791 -0.1163878898605706 0.983298793084959 185 182 182 0.62
6987 0.4441655876357123 0.169488628361556 0.6513090500017588 140 108 68 0.73
6988 0.2012201783079001 0.06545011764980641 0.9239368260900778 98 57 31 0.35
6989 0.4561093531637044 0.1831473507352209 0.6283837076487426 72 58 39 0.17
6990 0.4747094863822117 0.151362458169481 0.6145290686865831 90 63 31 0.29
6991 0.428882630459884 0.1831805445550081 0.6715317289920817 108 81 56 0.52
6992 0.4237324082001355 0.1870920350350061 0.6722185865767114 112 83 56 0.45
6993 0.4230405658586989 0.1916380839011714 0.6712932161765164 113 88 57 0.99
6994 0.4314696933852905 0.1970096559767112 0.6591246680587651 104 73 41 0.12
6995 0.4820454776795744 0.1451236732209236 0.6121108634804653 78 54 29 0.5
6996 0.479415256439392 0.149986639454077 0.6081095925860126 102 76 46 0.18
6997 0.09495223412995479 -0.2602666319304049 1.141741104193337 178 182 181 0.85
6998 0.05050449991343731 -0.2004164020901344 1.040003744942624 71 52 48 0.31
6999 0.4621324165674628 0.1487906079417946 0.6357924979377232 128 91 53 0.14
7000 0.4583352611825701 0.149982679781875 0.6438385746418965 73 49 26 0.31
7001 0.03891280490773841 -0.1399015227074874 0.9984518421658415 98 81 80 0.54
7002 0.4175603665769831 0.1587010420712406 0.6996671290027465 102 68 38 0.31
7003 0.4492310151508619 0.1965877743251057 0.6332782903764185 91 63 35 0.25
7004 0.4214746079843026 0.2047060440996411 0.6694372033573484 54 36 21 0.52
7005 0.4781026786266391 0.171132438470642 0.6022414650074397 100 72 43 0.3
7006 0.4509237177245043 0.1708738704661875 0.639594056214394 104 80 46 0.27
7007 0.4625388442173163 0.1857949084962686 0.618159727963532 104 74 33 0.36
7008 0.4494928735099204 0.1912373908210936 0.6350404117403555 128 94 57 0.52
7009 0.04772033911605289 -0.1824114985311713 1.028287178655867 77 48 32 0.41
7010 0.4691053783961393 0.2039641050753732 0.615486497885993 56 42 29 0.11
7011 0.3685504072298947 0.2084442424377855 0.7469993248614045 53 31 15 0.36
7012 0.04311359978102625 -0.1592959552977835 1.015931675250013 79 54 39 0.55
7013 0.486547402727271 0.2292808068868225 0.6021504510169656 98 80 52 0.24
7014 0.03990941784091351 -0.1410437866880188 1.00452391688836 88 59 40 0.63
7015 0.09583476781474654 -0.09885863587006924 1.154682919572618 105 82 69 0.5
7016 0.1064976396469351 -0.1696372271057948 1.073955186411693 119 90 61 0.57
7017 0.03837794416643392 -0.1457035608864713 1.001505637333 137 115 102 0.19
7018 0.06429820547736542 0.1549950112690023 1.207594384326073 182 194 199 0.86
7019 0.02829538249173824 -0.2492619287235369 1.085099086852785 165 155 148 0.78
7020 0.1328502608197118 0.1240122037631369 1.128139581386417 74 48 35 0.44
7021 0.1675375702377644 0.1701848483334423 1.054761902466397 109 77 56 0.31
7022 0.1905314910353716 0.1525684194606227 1.031777808925122 60 42 31 0.43
7023 0.2052946730001831 0.1567356753183645 1.008075026560856 49 34 19 0.3
7024 0.2457996617191993 0.1476564706712769 0.9452402015462338 50 30 18 0.3
7025 0.2856644431262811 0.1100343368043962 0.9041958685434285 126 75 33 0.78
7026 0.2781112352519954 0.2251612732887544 0.8713311574469191 138 100 57 0.62
7027 0.2566480323542165 0.2294018660311179 0.8958935994543895 43 16 6 0.35
7028 0.0741981265700038 -0.1754121204610957 1.045659938850884 98 67 47 0.38
7029 0.0731063222284013 -0.1733067839953374 1.044081831520849 130 100 76 0.42
7030 0.06833597987864592 -0.1558738232426266 1.032524436239942 95 73 53 0.24
7031 0.04021760361103777 -0.1248465423597692 0.9855512668608393 174 161 157 0.62
7032 0.03276688175022147 -0.09982650350580466 0.9715804998031534 140 119 105 0.95
7033 0.03763586481825754 -0.08668983354254553 0.9598881430179438 152 148 146 0.69
7034 0.1304197687082913 0.1855108149056345 1.115319353598803 59 42 23 0.26
7035 0.1852979890938151 0.2144898039354681 1.017857010872653 55 37 25 0.86
7036 0.2088864566131141 0.1997330976280513 0.9980831051942185 107 85 60 0.38
7037 0.203274464389818 0.1256848017295063 1.012413598319701 127 96 44 0.71
7038 0.2007264118323238 0.1293054356018434 0.9996560496017949 66 45 31 0.38
7039 0.0672136462875208 -0.1232143097634553 1.176175098863096 177 180 180 0.5
7040 0.2373396388471496 0.2271654755627229 0.9262788935152515 70 51 38 0.57
7041 0.2322835015396585 0.2327773111459397 0.9281918163510953 83 52 21 0.1
7042 0.2365836923548 0.2364292750821721 0.9242599446641646 65 45 27 0.26
7043 0.2614874961357408 0.206134242874867 0.9063492871518937 127 86 44 0.27
7044 0.2962057978980103 0.2229359453002116 0.8491389657059725 65 42 21 0.22
7045 0.3289876096662998 0.2200081265346734 0.8033188770703898 101 70 43 0.73
7046 0.04747519671296907 -0.1994029517314671 1.035972097443446 183 177 174 0.37
7047 0.3504671922206836 0.2159225347551181 0.7741641174185939 88 62 36 0.35
7048 0.1763134039241848 0.06594855043632264 0.8791705985450876 74 51 42 0.4
7049 0.03497744306314932 -0.1070168961656396 0.9740817598403828 171 167 162 0.62
7050 0.125700249014635 0.1615802958051503 1.133063455080812 75 59 44 0.22
7051 0.07969048230209408 -0.04202230048751551 1.180262922165406 203 217 215 0.45
7052 0.2735291585742774 0.190540971402831 0.9053881536106112 96 75 47 0.19
7053 0.2719555957157564 0.2121466283659816 0.8858600820987008 118 69 34 0.4
7054 0.2954895639870131 0.2286521203146923 0.8495807323847639 120 84 61 0.18
7055 0.2047505466363279 0.06620744968932532 0.9176196815274039 128 82 39 0.39
7056 0.3405469142724396 0.1800324781955147 0.8003013899912185 146 114 70 0.21
7057 0.3413231872249502 0.1877111903389461 0.7973238053067051 115 88 54 0.49
7058 0.3414001026222825 0.1967984911662319 0.7920192356439357 96 60 30 0.62
7059 0.1873524287287471 0.07035419352307345 0.8968911718089535 101 62 42 0.47
7060 0.02908272218941665 -0.07751486867120924 0.9568647239680939 182 174 172 0.62
7061 0.1426138304163544 0.2415967221042507 1.077518956832533 71 49 31 0.56
7062 0.0797215824765658 0.00533508804482874 1.187822239323819 180 197 209 0.89
7063 0.2347816156267939 0.2142768918706404 0.933392187922389 108 77 54 0.74
7064 0.2679242390581889 0.1545362130784406 0.9116034376876709 61 34 16 0.54
7065 0.2751890583387899 0.2132533922625952 0.8794155834735462 130 90 53 0.15
7066 0.2890707953314116 0.1915251527489507 0.8725594876000488 93 61 37 0.36
7067 0.2159354104796948 0.04898473464903738 0.942520418193683 141 90 48 0.48
7068 0.3021323532101873 0.2075033047678363 0.844088522825155 122 90 62 0.23
7069 0.3134640536709573 0.1798575178785209 0.8381238908698698 76 53 25 0.29
7070 0.04059736785843604 -0.159103809557301 1.011419477504754 95 78 78 0.38
7071 0.3570072711499074 0.190572493591985 0.7737728418850403 81 67 52 0.96
7072 0.3600361390387053 0.2059867612680129 0.7625764751782979 76 56 31 0.57
7073 0.1569545973732089 0.01854204956172634 0.8769940895594804 73 47 33 0.46
7074 0.3722849124027537 0.1942995788440721 0.7498084820300412 94 68 36 0.21
7075 0.184802412407379 0.2210099245884865 1.012973727294757 47 29 18 0.63
7076 0.2356033497973659 0.2597608463294629 0.9251286952494261 80 56 30 0.66
7077 0.2784856300299633 0.2507714952667199 0.8795540612603061 54 32 21 0.95
7078 0.2617875434057528 0.2232204126751795 0.8946385451748031 53 26 12 0.51
7079 0.09253732330355458 -0.2454483923781377 1.150012836259426 70 47 33 0.38
7080 0.3008785817123366 0.1858223300720616 0.8556882224953273 117 80 54 0.29
7081 0.2966216614934346 0.2018670745593194 0.8545702124190481 126 82 45 0.4
7082 0.04986535945838855 -0.2733733857623425 1.090764270376622 83 63 56 0.66
7083 0.3288202494565667 0.2097200791352349 0.8075619639968268 64 37 18 0.43
7084 0.3342640451970106 0.1971670059778617 0.8030002720703253 155 111 78 0.26
7085 0.3451053555669294 0.1855871279949139 0.7938752578728066 69 48 28 0.95
7086 0.3651853908856002 0.1877628125672072 0.7661964638672969 110 85 52 0.54
7087 0.3583204813945142 0.2240618833195945 0.7628986753067154 104 80 48 0.67
7088 0.03265902373974827 -0.1022715910167352 0.9732516967663194 90 73 69 0.28
7089 0.1175517176253627 0.2784141181628587 1.064981960507914 34 25 16 0.33
7090 0.1876029391029963 0.07919742570780847 1.028236864489561 129 94 68 0.47
7091 0.2822321184564945 0.2374717227778084 0.867178128183355 88 70 34 0.86
7092 0.2899945714045926 0.2252173959800603 0.8564957811726438 98 70 47 0.61
7093 0.2809692422820853 0.245371338943676 0.8579008184560645 58 41 28 0.69
7094 0.3280581785673009 0.2241878325319878 0.8059805201995991 88 59 34 0.5
7095 0.1572408347599018 0.2303851156559603 1.044361998521393 92 61 36 0.83
7096 0.2576734428941146 0.1307794252178782 0.946634290665523 133 105 66 0.76
7097 0.3044328559162361 0.2245067483641443 0.8369999835147685 128 83 50 0.38
7098 0.316648031829794 0.249916676380099 0.815034888755131 97 67 30 0.54
7099 0.205898589339774 0.1211224290941803 0.9025808598301359 124 75 42 0.43
7100 0.366604879597324 0.228719492011514 0.7470223691103595 58 37 26 0.47
7101 0.3820795573652586 0.1974426146734824 0.7278196334420928 133 98 61 0.52
7102 0.1554677764067068 0.2200042615210664 1.060880945623066 46 34 23 0.78
7103 0.06573336648750117 0.002774421719613507 1.191802485880931 102 85 74 1.59
7104 0.2963297594310143 0.1753661325622156 0.8625210370006682 159 109 64 0.71
7105 0.04460789607572546 -0.1779961004107211 1.029222262236777 68 50 43 0.53
7106 0.3764372981496658 0.2256389932714394 0.7318510581963559 50 38 27 0.82
7107 0.3973035106426603 0.1969736890913213 0.7053980732850718 123 91 55 0.34
7108 0.06393334191205147 0.1391846569181285 1.201779505528552 82 64 49 0.82
7109 0.05439515775984738 -0.2905768381298353 1.158158199433209 104 90 76 1.05
7110 0.3906573305579342 0.2244116357254589 0.719891506116232 67 47 30 0.58
7111 0.3339833694390485 0.2250334096568358 0.7879552419004932 123 100 74 0.68
7112 0.3775949134816866 0.201279311801347 0.7318864914324952 51 32 15 0.63
7113 0.3799394396769958 0.1793610146018624 0.7338035002381391 129 96 54 0.81
7114 0.0783331423765854 -0.2828876793403005 1.126435039379738 109 87 73 0.87
7115 0.0483844151473104 -0.2665216427540519 1.087638795896468 167 173 162 0.39
7116 0.07482522670959035 -0.001735118703104443 1.185349331596298 174 179 182 0.54
7117 0.4148253994123708 0.1751679682376869 0.6887612193921756 96 71 45 0.43
7118 0.3436552088060582 0.1814420515754573 0.7966651848535133 66 46 27 0.3
7119 0.1933287373532998 0.2207414169767254 1.012611249808453 36 21 12 0.52
7120 0.4457592230004361 0.2080949352022027 0.6441775150926847 100 76 45 0.46
7121 0.3028178807243599 0.1977555038030794 0.8526151914436498 110 81 55 0.38
7122 0.1002305721394052 0.2869629331338791 1.120782595445702 28 23 17 0.77
7123 0.06790431641107098 -0.09522948800289768 1.175652376662204 109 87 71 0.46
7124 0.1467201296069811 0.06711378745492252 1.093756146868691 73 55 38 0.86
7125 0.5210103523185772 0.1395598548178591 0.5613488809309219 94 59 33 0.49
7126 0.1435375677809277 0.1406740321159649 1.104590170842986 79 54 33 0.29
7127 0.1746131863564223 0.2074535514070613 1.046002151400139 89 61 39 0.7
7128 0.3129943629530147 0.2393529473782731 0.8182598668305336 62 48 35 1.16
7129 0.07068505797093505 0.2743121170631966 1.156251120316413 24 15 7 0.55
7130 0.06850939151494873 -0.09855888886021066 0.9966774501692142 86 52 28 0.07
7131 0.5223199999842245 0.1383845314873933 0.5579076794400151 126 84 51 0.43
7132 0.117527177306407 0.1864946602873529 1.127496014049322 66 46 26 0.83
7133 0.2424534269021652 0.2073953955885254 0.9297969542254467 51 38 27 0.67
7134 0.1362263570682931 0.2428668151475276 1.086947128381325 49 40 31 0.55
7135 0.06533217462518703 -0.3142395669658247 1.135189621194084 58 49 49 0.78
7136 0.2463854287914181 0.2183325103150099 0.9172682133577041 70 39 23 0.75
7137 0.5246774573923112 0.1666299174592105 0.5452577350832339 169 119 62 0.39
7138 0.1801631703734219 0.2136015646785691 1.025590417449249 60 42 28 0.87
7139 0.07822212116732796 -0.1817821306293422 1.151830815962654 69 57 47 0.78
7140 0.03785649457108009 -0.2422369159134038 1.069963438889877 205 208 201 0.98
7141 0.1004528614832756 0.003811981950848253 0.8540584340444772 86 57 42 0.91
7142 0.09453743450227159 0.004086416985506131 0.8406313529460504 190 184 176 0.44
7143 0.4529109049764196 0.1616668459708185 0.6408874393779251 121 87 51 0.34
7144 0.4926879562294173 0.1643228319194287 0.5828376024188309 136 113 76 0.15
7145 0.4943858194976826 0.172011022236865 0.57875343909563 104 72 42 0.39
7146 0.4242796901510549 0.1804288906865841 0.6738395541970414 112 84 59 0.41
7147 0.5280428454303812 0.09169665717211412 0.5615901499813758 164 170 166 1.68
7148 0.1575878891693118 0.01748572627462644 1.069709048762983 100 74 45 0.67
7149 0.304948641196755 0.1816599878588241 0.8500696988768415 83 60 39 0.44
7150 0.4680727962508919 0.1850531360480266 0.6110552377172311 97 69 40 0.23
7151 0.05764914215532313 -0.1002954289434919 0.9872333839498844 113 74 45 0.69
7152 0.5241587355546561 0.1355381407006719 0.5607149658223489 83 56 33 1.03
7153 0.5033129178471574 0.1548306931520023 0.5808448204650921 141 100 62 0.89
7154 0.481674304222068 0.1633886142055122 0.6006809962604824 124 106 79 0.45
7155 0.3897275303920208 0.1627068379171055 0.7377249720534556 141 107 62 0.47
7156 0.3642681960150633 0.2332766719148312 0.7550890964161745 54 40 22 0.39
7157 0.06873661615552507 -0.07176989034817363 1.176782245922529 102 91 78 0.73
7158 0.1051679600657802 0.04376822540939959 0.8399145125679438 67 39 27 0.46
7159 0.5002610417796288 0.2011179127891228 0.570450668351979 53 35 20 0.61
7160 0.4237359209523628 0.1780697634020017 0.6735164187680517 117 91 59 0.62
7161 0.5067201386645213 0.1000971595259564 0.5892072000971872 103 85 69 0.97
7162 0.109525269711961 -0.06011811330733965 0.9979799606326364 133 94 57 0.44
7163 0.4828996171428717 0.1442226042875117 0.6109153396690833 86 61 37 0.3
7164 0.2768423307971215 0.1519086218084047 0.9008737124847308 148 96 58 0.25
7165 0.2753401310449847 0.1730338251550788 0.897886761931437 95 69 50 0.59
7166 0.05441416544704036 0.2134644286044554 1.201468915997959 206 220 213 0.34
7167 0.3628422805608835 0.2115431465124242 0.7569268690132052 74 57 38 0.62
7168 0.3473400496014896 0.2146374615718658 0.7787157176444806 72 48 29 0.53
7169 0.3222233175194305 0.1729519205029542 0.8229473296358081 141 103 72 0.45
7170 0.2732678031459944 0.2586154519273037 0.8737645081614773 123 87 50 0.47
7171 0.5259408624394888 0.1682957923348952 0.5413201533378429 56 31 21 0.86
7172 0.2764959143858118 0.2548934648330061 0.8693402205608615 54 39 28 0.59
7173 0.1751581065156508 0.154511315454516 1.057317616264044 46 28 19 0.69
7174 0.1193659709298445 -0.001567345642897705 0.8618807119486169 152 137 122 0.67
7175 0.1568907386802006 0.1749684831010971 1.065497924908063 55 36 25 0.81
7176 0.3386956952848119 0.2059076548043945 0.7950091402820072 92 61 28 0.37
7177 0.170946802527516 0.2170790051928689 1.02794072238819 45 30 21 0.51
7178 0.07642379794757237 0.2327604788133891 1.155215892131134 42 33 26 0.54
7179 0.1547055580757293 0.2552534601665378 1.06445137570875 61 41 25 0.6
7180 0.2344420932322102 0.2715322371418521 0.9264284333447097 34 30 24 0.81
7181 0.0636265057840788 0.1978947068842612 1.195186496406415 75 61 52 0.85
7182 0.09448867888407841 0.2258472870954787 1.137788058509002 69 54 36 0.67
7183 0.4477132140135654 0.2406168122128779 0.6579299039226341 69 50 36 1.17
7184 0.4785104760394928 0.2334629692150317 0.6155368743377039 75 52 37 0.78
7185 0.4811855761603044 0.1833505183507852 0.5929379642919482 64 55 38 0.14
7186 0.4792371678350373 0.1910720864081731 0.5938587574285211 124 87 47 0.11
7187 0.5102663773642355 0.1439598387360821 0.5728697620761368 87 53 23 0.21
7188 0.4899518920524475 0.1474001170179182 0.5938351321143873 88 61 37 0.74
7189 0.4914810408574089 0.1681640435601359 0.5836216147251846 132 106 72 0.35
7190 0.507109077360986 0.1515381703879887 0.5795412110048 53 30 16 0.27
7191 0.4873432204732953 0.1478099419489432 0.5966639149634215 92 67 45 0.41
7192 0.5177733180238541 0.1500344426197406 0.559221789303281 86 50 21 0.42
7193 0.5068919183931744 0.1140213919204928 0.5889808512474412 197 205 210 0.54
7194 0.03798521389260412 -0.1026194940150262 0.9777386995953222 78 55 47 0.46
7195 0.4992414176372056 0.2018087826183262 0.5744596243757494 50 37 20 0.61
7196 0.04996068216561589 0.1466634665923301 1.212796447773038 105 88 73 0.56
7197 0.4068094673582863 0.2375671532936591 0.694512937398278 89 66 36 1.08
7198 0.1169474077996671 0.2581779282644068 1.102822224371494 77 56 37 0.39
7199 0.4337914076108396 0.2412368604915134 0.6672345307958295 65 42 24 0.64
7200 0.07792112317163125 -0.03033322816341219 0.9529064783704442 90 59 40 0.38
7201 0.1690021697855814 0.05592237893004459 0.8744611447147546 71 43 26 0.56
7202 0.2542311375522044 0.217599594551964 0.9067697186778627 127 78 43 0.41
7203 0.05435037442283508 0.2194263286151453 1.200117920622425 224 227 204 0.33
7204 0.2914720433290268 0.1885141695966065 0.8699644124845136 127 92 66 0.7
7205 0.5400993018255839 0.1107867084041601 0.5428377042178036 100 64 37 0.57
7206 0.5353100347437915 0.1338885672695619 0.546034816416974 42 26 18 0.48
7207 0.5228154348573955 0.1557820045360195 0.5496023718850557 81 52 33 0.46
7208 0.438219882660613 0.2417603624273307 0.6631221039385781 123 102 84 0.83
7209 0.5394747830627433 0.1270099462501697 0.5491170887324714 66 48 38 0.58
7210 0.4125035573840191 0.2579742473531045 0.6922345358023198 154 129 83 0.6
7211 0.4986794249026836 0.2027980982788922 0.5780308928478528 77 56 29 0.9
7212 0.07572780105120835 -0.08937435374779654 0.9996046700420165 130 89 60 0.72
7213 0.1693843876974526 -0.01164692842097031 1.050307944134093 86 65 49 0.29
7214 0.1304647557039225 -0.0004504949521071389 0.8722368265497913 174 164 155 0.24
7215 0.09546199288590207 0.01176817939568578 0.8393302769289045 166 158 154 0.39
7216 0.4959473846276544 0.1591556100287647 0.5810327916299568 90 79 59 0.58
7217 0.3982010126828913 0.1723156548998332 0.7153637174393087 97 61 32 1.03
7218 0.4406469846328227 0.199234839645148 0.6438279360362336 104 77 49 0.68
7219 0.4244439694382491 0.2565441131018366 0.6814954523413654 109 90 64 0.68
7220 0.03459190612211838 -0.1224349021718052 0.9833737453283894 194 200 203 0.51
7221 0.5441768479002691 0.1265357115288143 0.5436682270244215 63 42 23 0.5
7222 0.2523147356043613 0.130229861967819 0.9538325685977752 144 97 53 0.11
7223 0.4368700278482378 0.1518559467812908 0.6751658955955294 134 91 48 0.29
7224 0.3403035551696544 0.1688074281262356 0.8031434697443891 142 96 50 0.16
7225 0.3587335800691343 0.2216776006743583 0.7608859364033248 43 28 14 0.65
7226 0.3369304953108496 0.2299678722052256 0.788261585220533 49 29 15 0.07
7227 0.1032278884718903 -0.1710983361800238 1.071912420306917 91 75 57 0.35
7228 0.3637665983847439 0.1799074591991021 0.7674315901658488 139 106 70 0.24
7229 0.4615604847661222 0.232508648825194 0.629271776130035 99 69 40 0.78
7230 0.153303118591859 -0.04437453827717622 1.076552294031816 137 107 62 0.66
7231 0.2064335857057729 0.03191477719252325 0.9554741450577156 122 83 36 0.53
7232 0.4392697693855607 0.25044812794153 0.6583258704116197 99 63 18 0.65
7233 0.4164281620027355 0.2184344024929579 0.6817756792529374 43 26 14 0.38
7234 0.09461050892214273 0.01228961812109167 0.836407232027825 209 214 216 0.75
7235 0.06888448943576586 -0.05788057944696826 0.9649141054065014 129 93 65 0.53
7236 0.4733684004580011 0.1953290045594875 0.5995563659562464 53 41 27 0.74
7237 0.5155112553165664 0.1871703811247948 0.5514744150690377 88 56 33 0.76
7238 0.516238761120245 0.1148979889837853 0.5771108078909916 86 58 38 1.1
7239 0.5251172121374149 0.1957970852445181 0.538074847485427 17 8 6 0.56
7240 0.04440443687281614 -0.187459910982326 1.031144824782578 100 88 86 0.4
7241 0.06844705412041396 0.01656756239738963 0.8030698986746623 169 161 149 0.78
7242 0.497297571000429 0.1418438404583709 0.5875193749695804 105 65 28 0.29
7243 0.4975550031473475 0.1413660955480856 0.5883819430913571 111 80 43 0.22
7244 0.4902975045705195 0.1810474566457153 0.580647090792249 118 90 51 0.08
7245 0.07056448131173587 0.02300536195049901 0.807461080956181 199 194 190 0.5
7246 0.2648226399211543 0.1156867221204137 0.9291892195484197 117 73 37 0.52
7247 0.2396172866228921 0.2140244806527715 0.9270255671597929 87 56 23 0.32
7248 0.501623696574468 0.1992627443167859 0.5717312898738278 90 77 60 0.59
7249 0.127218522254924 -0.06229602140946958 1.105674990020786 77 52 45 0.14
7250 0.5210945362088744 0.1963255786422979 0.5419252317096892 35 22 16 0.38
7251 0.05663560175647242 -0.0793071849922736 0.9775632340055305 76 45 28 0.29
7252 0.09743433636111853 0.02140038885191417 0.8323031626366261 196 200 205 0.4
7253 0.5080051172283327 0.1678498674227833 0.5667494361803332 70 43 25 0.1
7254 0.5203006137407961 0.2230190602474887 0.5590182181079588 58 45 33 0.59
7255 0.3144570224803038 0.203099751336037 0.8331621026887466 48 34 22 0.38
7256 0.1669084236368544 0.2417727032260021 1.029539813277692 73 52 28 0.37
7257 0.4442366339192858 0.1494402415302708 0.6638024190171994 90 68 29 0.33
7258 0.1256906341987745 0.1652210817300561 1.135041556340945 80 61 42 0.59
7259 0.387841392291082 0.162224655133314 0.7391078189841085 160 114 66 0.08
7260 0.5040469820654789 0.1693421001911136 0.5718840379782095 52 27 15 0.73
7261 0.2931618236371751 0.2307739816891294 0.8535834003064149 110 79 55 0.87
7262 0.5021874298604646 0.1486685750015383 0.5862430704694639 108 67 30 0.51
7263 0.3675315521620665 0.2081445626302742 0.7562727746806986 103 82 53 0.83
7264 0.3727217156224699 0.1745518013134606 0.7563150858200329 96 82 55 0.25
7265 0.09163204768697475 -0.2400168166378361 1.151695253320378 140 131 121 0.32
7266 0.4426820819464474 0.1500657803739003 0.6674219007146407 88 67 37 0.39
7267 0.08942311629503863 0.0118116976907158 0.7722247257059234 183 173 164 0.99
7268 0.497396328285119 0.1378041490136667 0.5933347224316113 104 78 51 0.4
7269 0.4893833660640209 0.1494309658526941 0.5924694657923515 104 89 64 0.09
7270 0.2602300776722252 0.1974590228132354 0.9064605979921293 65 42 25 0.22
7271 0.464995300208183 0.1482822136168623 0.6342946664529713 78 52 31 0.37
7272 0.3999196829760606 0.1889886000890368 0.7082292273277608 74 53 39 0.43
7273 0.0603075426175832 0.0293443424253147 1.196695587477268 160 157 150 0.6
7274 0.1213472399956475 -0.04317999302214817 1.001306900188933 107 69 38 0.69
7275 0.371190541485055 0.1920985711332451 0.7499291080525814 84 64 42 0.5
7276 0.1343014158795802 0.03099150344247506 0.8662504878968034 140 81 36 0.21
7277 0.1696822628517435 0.0597336448027494 0.878101778236866 108 70 46 0.54
7278 0.09120165670186298 -0.2221821947742285 1.137570095901471 51 39 37 1.19
7279 0.05608030385509644 -0.1351291131427146 1.007248773407736 142 113 82 0.3
7280 0.162878517705879 0.09161582165217261 0.8671646572386653 92 56 32 0.96
7281 0.04084558963980212 -0.05925079399148023 0.9566742570819922 119 73 47 0.56
7282 0.1318178060277045 -0.02703020969397521 1.007694959613861 127 84 52 0.73
7283 0.1819345633219402 0.05282605529140966 0.8920659839642512 122 78 46 0.81
7284 0.04925768186944524 -0.06688022084223674 0.9626185390674059 143 92 58 0.25
7285 0.1713835781668416 0.07982870886422772 0.8806548041874904 119 75 48 0.76
7286 0.1765838601254386 0.04815734518643472 0.8964612338807796 137 97 60 0.46
7287 0.1943831677478669 0.06323842696361415 0.9065508782619334 138 89 51 0.59
7288 0.09630686539458799 0.009079059173037057 0.8424606193651649 118 76 46 0.73
7289 0.4101543516669152 0.247407586354057 0.673507450537798 28 21 7 0.87
7290 0.05210601685108296 -0.1929445072133067 1.037291970511595 97 65 46 0.53
7291 0.07941653887932509 -0.2803214665936662 1.09318625377386 146 140 133 0.7
7292 0.1205638129058226 -0.1847738635465479 1.09032449766279 78 53 40 0.24
7293 0.1241881568621283 -0.05709450219798543 1.027804478374942 66 38 23 0.26
7294 0.1265359377281854 -0.1076283660754629 1.059073127618646 133 90 52 0.6
7295 0.1329516080953149 -0.1076102195700959 1.071459390858773 146 94 34 0.3
7296 0.2017458892035512 0.1405130773328506 1.005843316533791 90 62 49 0.84
7297 0.08270950612213146 -0.1142508346692089 1.017004334632331 93 61 37 0.32
7298 0.06865568321977866 -0.1436981777490296 1.027597218069086 179 125 85 0.39
7299 0.09588443096606725 -0.1824407496444687 1.138833416790845 72 61 54 0.81
7300 0.04732316755569976 -0.1654560282391574 1.018143912284027 125 78 46 0.04
7301 0.1128507586633584 -0.1309243549421499 1.057465056040212 88 54 26 0.47
7302 0.1668944467967449 0.08197583323137886 1.056133171494598 104 73 52 0.32
7303 0.2318077794016909 0.2285700858004326 0.9308354533285694 112 85 50 0.76
7304 0.305787754302334 0.1848756711875572 0.8521588889100813 114 86 53 0.6
7305 0.2046781851037726 0.07826939751933648 0.9085984729791461 148 105 52 1.11
7306 0.03054842992107554 -0.07779349347219902 0.961567003145942 217 172 121 0.27
7307 0.1304768807907122 0.258717491868381 1.081979005179957 95 57 39 0.32
7308 0.2578606675128596 0.2052820187097864 0.9053950677755159 52 39 24 0.28
7309 0.2661758875176656 0.2249085212397088 0.8872972875125293 94 54 25 0.44
7310 0.279377927368141 0.1746062804356089 0.8931907127973935 110 78 46 0.25
7311 0.2757129273227331 0.1822953354201004 0.8876048295758628 117 86 63 0.23
7312 0.13426236439797 -0.04591611731451126 1.033392999469758 137 94 56 0.38
7313 0.3008636978371519 0.1905753728351494 0.8532815602750746 86 63 33 0.37
7314 0.3150560980384441 0.1708112437976628 0.8319054785517559 188 142 85 0.29
7315 0.3203519676319116 0.2201201268843714 0.8143754429478023 98 66 46 0.25
7316 0.2091899214664986 0.2010434636758453 0.9950117605291526 53 46 31 0.26
7317 0.1398670826721834 -0.02103499982350918 1.095417380063037 130 100 69 0.32
7318 0.1755979136724992 0.0459005888729313 1.04126305688667 91 68 51 0.34
7319 0.2677018083904236 0.1656536369957323 0.9068595334755679 125 88 60 0.55
7320 0.2689342616974488 0.2265717207660593 0.8832925980464768 140 91 55 0.3
7321 0.2988230224147069 0.2192217143679015 0.8435750431838225 145 78 34 0.43
7322 0.329695891109885 0.2074356584691048 0.8075826058841447 61 41 25 0.56
7323 0.3411745134276046 0.1815601528367666 0.8030407947872195 169 129 85 0.58
7324 0.06198586509486592 -0.1164829499423749 1.002506078240005 167 127 84 0.56
7325 0.343900104787731 0.1830653301325424 0.7862980678471293 104 74 53 1.22
7326 0.1727925361503298 0.06849654075237793 0.8873847269646556 116 79 52 0.36
7327 0.3624265911789741 0.2052986410906434 0.7591827346704871 98 75 45 0.28
7328 0.2416493599858415 0.2468177392167381 0.9139274173195691 93 67 43 0.71
7329 0.3127185179141228 0.1928110474544896 0.8352570652510083 81 54 33 0.2
7330 0.103328008683896 -0.1097339906601531 1.038179176882395 80 53 36 0.34
7331 0.1861815356258376 0.09303413399327698 0.8975397017754347 125 76 42 0.65
7332 0.3516615413139127 0.170211365438559 0.7893657411628272 165 102 47 0.06
7333 0.3663792003233194 0.2327250096208671 0.75392934076774 110 86 61 0.43
7334 0.374128468300134 0.1731916160800742 0.7538946904574707 101 81 49 0.37
7335 0.3769695315319684 0.1907417664804588 0.7379428964396659 118 85 52 0.35
7336 0.257167359692356 0.2513412822088305 0.8937561338377318 85 40 27 0.37
7337 0.3068845091562282 0.1945213154876441 0.8527406774778343 127 102 76 0.57
7338 0.3531684247247359 0.2272957048251481 0.771065301748049 58 39 20 0.29
7339 0.3742291021329829 0.1690603335674725 0.7502297155214943 86 69 55 0.34
7340 0.3758815437897805 0.1724624495498837 0.7488493140663284 87 68 43 0.23
7341 0.3990855190627732 0.1835558882254121 0.7084795938054155 148 106 64 0.54
7342 0.2415940251234605 0.240385933571533 0.9167033212034177 77 43 23 0.66
7343 0.2656458490366899 0.2032176669752943 0.8985366390100066 117 76 46 0.54
7344 0.3028297465844451 0.2532589891707364 0.8375755448602999 148 98 42 0.36
7345 0.3012120932573935 0.2422327313008526 0.8353026967490227 90 48 28 0.38
7346 0.3151674635774677 0.2160988210579918 0.8237932831927894 116 79 45 0.41
7347 0.3554320307876628 0.1808250646441392 0.7806925868285584 111 78 37 0.95
7348 0.3690583208686299 0.2023850101679047 0.7509895794934325 128 100 60 0.65
7349 0.3281699900339439 0.1902120873415545 0.8175362145616936 57 39 25 0.46
7350 0.3963436462929396 0.2077633640058767 0.7021261602572793 163 108 57 0.77
7351 0.09202786175692201 -0.2088945311952969 1.138691814703055 218 223 224 0.92
7352 0.07687853848353532 -0.211781204689971 1.147084482819638 218 218 216 0.34
7353 0.05645985300034917 -0.2115858554269913 1.048756881605192 116 82 58 0.45
7354 0.1281093358486853 -0.1615860780342851 1.085336523719028 75 47 28 0.9
7355 0.1385041455558924 -0.1040456485952307 1.067223153871964 131 102 70 0.48
7356 0.1559914349351716 -0.04576737047079796 1.072427780553846 67 53 41 0.12
7357 0.1628955120935208 0.01669914074290693 1.028427440794568 149 106 63 0.07
7358 0.5262842839589187 0.09553880827898774 0.5676235714503349 123 93 72 0.82
7359 0.1714725357738358 0.01429935839149848 0.8702030537339819 147 110 78 1.15
7360 0.1895349767246128 0.01826366690605558 0.915390579259294 130 88 62 0.53
7361 0.1588667531443677 0.04316780945944593 1.063351990517002 153 115 56 0.25
7362 0.06740328027447273 0.0144792828991781 1.19002978339482 118 102 84 0.21
7363 0.1498721032553495 0.03103194387283059 0.8664089248673575 159 102 62 0.69
7364 0.2641862075087361 0.07968655621815277 0.9413847304222569 58 38 20 1.08
7365 0.1941479887439025 0.1084420256844207 1.007148901624049 116 78 50 0.23
7366 0.2461319815766935 0.1383775918018754 0.9492710649771275 61 37 19 0.62
7367 0.1468565455528494 0.1301224320063498 1.106605674893657 88 53 36 0.38
7368 0.4934941781158405 0.1509542224457753 0.5861320930269834 181 128 77 0.11
7369 0.2776683799084503 0.1552124317504674 0.8945290129562667 130 72 34 0.65
7370 0.05193498169068655 0.1568466325250738 1.210862983149768 172 187 193 0.28
7371 0.3180323719205488 0.1743119865241815 0.8341080528529325 96 70 46 0.31
7372 0.4308168058488391 0.1727285045459487 0.6688397771094078 167 126 71 0.36
7373 0.4291825895045326 0.1756376500712307 0.6696474962460115 178 119 58 0.32
7374 0.3768543694382152 0.1983001994357486 0.7362760693349952 174 125 64 0.23
7375 0.240936143812302 0.2066246563098177 0.9362498756818556 84 58 44 0.14
7376 0.3690395585220236 0.210543282736449 0.7484967171999337 144 112 72 0.37
7377 0.5129423375388356 0.2056247032963744 0.5486731371322381 90 52 33 0.58
7378 0.4613251461760143 0.2112760336267915 0.6212494009875584 45 27 21 0.35
7379 0.4759432079318968 0.2214121556215146 0.5997668243954616 89 59 35 0.83
7380 0.4370158470511958 0.2195094378323779 0.6518210039174859 77 57 37 0.62
7381 0.2910719640422419 0.2779505132295869 0.9191599399383047 71 58 47 0.33
7382 0.1102574529435388 -0.1369794592398484 1.059284292001754 143 103 60 0.38
7383 0.1493859837417649 -0.04723212999305568 1.050407445851388 79 49 34 0.41
7384 0.1450585588959679 -0.04225146875517119 1.084024066009734 60 36 26 0.65
7385 0.1248276783374046 0.001904684001863499 0.8629938254499825 175 161 147 1.05
7386 0.1696821781327706 0.02599191612997467 0.8981322856343097 114 55 21 0.94
7387 0.4934225363991203 0.1598670595261315 0.5847606421873666 173 142 102 0.55
7388 0.2216908978898458 0.1538890422686832 0.8876492769144051 94 47 20 0.54
7389 0.2572350763340426 0.1618020922132816 0.9226532758030263 130 90 45 0.27
7390 0.4264750224132139 0.1810479441514497 0.6712813755561494 104 77 49 0.81
7391 0.4882295473521726 0.2104831809039157 0.5876923537199386 130 99 57 0.46
7392 0.4702631891711171 0.2135735247108466 0.6098805919701333 116 90 56 0.46
7393 0.06116647059717284 0.2919877319513048 1.157577283936728 46 26 20 0.2
7394 0.2019074459441622 0.1077758658025461 0.9076080743006927 134 86 39 0.67
7395 0.4602268035101676 0.1460870043360595 0.6411114960486934 106 71 44 0.23
7396 0.44393260008367 0.1506731736985838 0.6668452142862134 83 51 26 0.37
7397 0.4668053907094031 0.2112404667767745 0.6168803824488175 120 94 66 0.41
7398 0.4513247492811291 0.2157253619884374 0.6351337584970667 63 46 23 0.56
7399 0.07348928736674321 0.2527955746201677 1.160876381504375 42 18 13 0.92
7400 0.4627204643426982 0.211437365806569 0.6062164664027641 101 88 53 0.75
7401 0.4611449402258321 0.2461397495648537 0.6294792792623539 89 58 34 0.63
7402 0.1084432319547268 0.07497781583533092 0.8423227075801589 153 77 34 0.39
7403 0.2875369684161618 0.124277392652759 0.9073719889448399 106 73 43 0.1
7404 0.1768773287692738 0.1274706011826414 1.046149791444874 69 47 26 0.63
7405 0.4265168501972565 0.158480614195672 0.6800104805950172 176 128 83 0.14
7406 0.37612312126424 0.1694916567961866 0.7523117807982357 53 30 14 0.46
7407 0.3125606649482359 0.176694993751576 0.8395760168515838 156 111 58 0.55
7408 0.3720052283323723 0.2083701793747313 0.7367964758943788 100 76 48 0.77
7409 0.1085654253327815 0.2301068892229125 1.132072882438119 66 47 31 0.32
7410 0.04200742278745118 0.2517336943083414 1.101580389936351 83 49 34 1.13
7411 0.2794409771016382 0.2502645732948201 0.8647722695582489 102 71 48 0.68
7412 0.05604154952013651 -0.08550498867111059 1.18479744559311 105 87 80 1.21
7413 0.139202765406679 -0.0161448562905854 1.012106505710504 127 83 49 0.49
7414 0.1474317963459311 -0.01137108548986687 1.017675287629218 103 69 44 0.59
7415 0.07989923486464545 0.0270274069953447 1.179540223250891 95 80 76 0.89
7416 0.3373705142841559 0.2137329659292369 0.7965738819389953 37 21 13 0.92
7417 0.4455279774290879 0.2405912211243726 0.658106983629019 123 77 55 0.23
7418 0.03029242851009251 -0.04537775742034664 0.9393183557939883 104 68 51 0.74
7419 0.1423047845550982 -0.03004047599591522 1.024097059633402 181 141 112 0.71
7420 0.121188653193392 0.2647042208041386 1.107925818177959 130 79 50 0.41
7421 0.5095868973782528 0.1133115568430368 0.5906461121836163 185 209 225 1.13
7422 0.19372761009562 0.04263646669926613 0.9123514427025428 131 80 29 0.94
7423 0.09103739870965988 0.02804816683588243 0.7714532171755708 84 53 33 1.08
7424 0.1579549896632974 0.1615556434181387 1.078285796930659 28 20 16 1.3
7425 0.09384983485366793 0.0005528670003348557 0.8572576325535289 105 46 19 1.12
7426 0.4844648597092369 0.1491045078091006 0.6014630156737226 99 72 49 0.85
7427 0.07943371351938666 0.08668853409877958 1.182341890956508 148 129 103 0.75
7428 0.1828308961249833 0.1836396907497991 0.99199864787728 66 44 33 0.46
7429 0.1884301515966963 0.1919422880878305 0.9889935075046228 79 66 51 0.27
7430 0.3594662757239611 0.1887483958253808 0.7725280339008588 85 64 42 0.61
7431 0.1810073807668446 0.1933933507779376 0.9930449537619181 98 81 69 0.38
7432 0.1891077339698697 0.2133188338602915 0.9910096531342999 36 19 12 0.16
7433 0.124574803347378 -0.1621421254990902 1.083904787282579 89 65 50 0.42
7434 0.06909873049163551 -0.144187810376542 1.171018011170253 166 162 154 0.29
7435 0.4548761313885917 0.1480316528744585 0.6485380167668784 115 84 57 0.28
7436 0.5037655084660174 0.1723006036022499 0.5733679597582536 95 67 35 0.36
7437 0.4727689072110642 0.1719723328707747 0.6115750658388901 87 58 32 0.5
7438 0.3737047696913871 0.1830627601278393 0.7521368086363593 69 47 31 0.17
7439 0.1422191984979314 0.1907848011665631 1.075690910554911 70 45 34 0.31
7440 0.1950044837430215 0.200489643706082 0.9816101846649019 98 75 55 0.77
7441 0.2536713300828415 0.2128451690334481 0.9104842448013453 114 76 52 0.41
7442 0.1772189197673529 0.2299465083056618 0.9767952565341448 33 24 16 0.51
7443 0.1966531863318334 0.236008723008869 0.963776715897504 50 32 25 1.11
7444 0.2484852714447752 0.2531466223521073 0.9052320745100195 99 59 42 0.26
7445 0.1402783486845176 0.04738122429186448 0.857189539513481 153 98 60 0.57
7446 0.04675951220665719 -0.162881246454492 1.015964183111919 89 55 39 0.54
7447 0.04021235974054371 -0.06491068743703468 0.9502104358655805 113 77 55 0.75
7448 0.1561552479694698 0.006750100898426314 1.024650680239794 194 143 96 0.53
7449 0.4564177583750126 0.1395265119558443 0.6448201770884434 168 168 156 0.52
7450 0.03382607619404299 0.2240723864932385 1.212215501320718 92 75 57 0.96
7451 0.4275264078317572 0.2165685558172179 0.6708108950138357 65 41 20 0.46
7452 0.2404608667640494 0.1501265604868192 0.9469034202869153 100 72 50 0.32
7453 0.1514629450726416 0.1802463148900908 1.068760351892743 100 70 48 0.67
7454 0.1173539609099854 -0.03474177785008267 0.998132526814681 192 141 76 0.88
7455 0.5111518462118907 0.1590692307714497 0.5656645092508175 53 29 18 0.31
7456 0.1555612163801949 0.1705490997266662 1.09483372819199 81 65 49 0.37
7457 0.4348508563806383 0.1808732258553039 0.6583282485302087 155 108 62 0.33
7458 0.2026816030684407 0.2029838677210792 0.9863092919678482 64 47 29 0.14
7459 0.1741875233681422 0.2043336256850229 1.037264539173157 135 109 83 0.26
7460 0.5086991133663182 0.1985843362566659 0.565497260024305 60 35 22 0.62
7461 0.4047199612999548 0.1910648629992309 0.6978662576611638 168 116 62 0.08
7462 0.4761770049113017 0.2120492313912171 0.6006875191315694 116 96 53 0.63
7463 0.423929478965851 0.2228816334553238 0.6647211846863157 53 35 19 0.37
7464 0.5033138513418512 0.2181599928877037 0.5674261618748483 98 72 40 0.43
7465 0.1091543523748666 -0.1442563111161199 1.060571179769782 140 103 68 0.65
7466 0.08320811285347718 -0.1203643106966735 1.028228413357752 168 116 76 0.43
7467 0.13294343563134 -0.04079198368657785 1.099003887088938 48 33 33 0.43
7468 0.1736450313252819 0.03841757515488356 0.885766832651366 160 106 50 0.49
7469 0.271857632352108 0.1132391499185187 0.9010897023502032 174 112 58 0.02
7470 0.2061744893977508 0.142209040917161 1.041770261600672 58 42 31 0.67
7471 0.1448962935604851 0.1040047651891614 0.8507082836445099 138 82 42 0.78
7472 0.2454429360430196 0.1996864289555942 0.9219872062478156 84 56 37 0.4
7473 0.07213577997646636 0.2044222262610044 1.138080391383082 87 61 49 0.33
7474 0.4952997292627286 0.1986457622651529 0.5828097948320179 88 55 13 0.46
7475 0.4752815495243572 0.1829989446176953 0.600876181909618 134 104 60 0.64
7476 0.1563653942224852 0.2263181288611854 1.049595783793257 40 24 19 0.29
7477 0.2999272854784377 0.2382127701810583 0.8230675313839172 121 96 73 0.52
7478 0.3498530459404205 0.2701094596522101 0.7839805076458749 131 93 63 0.67
7479 0.1353489115108147 0.1668392919940767 1.109648064172528 95 65 47 0.65
7480 0.1473989571493317 0.197005161902797 1.076802467514902 42 28 22 0.56
7481 0.5058328702568849 0.1996831981736363 0.5630389961220607 55 34 20 0.6
7482 0.3265490478457403 0.2333398605294115 0.7919978384882019 71 45 23 1.6
7483 0.5202784045300983 0.1554331910028327 0.5551019114464176 128 84 44 0.29
7484 0.1588849577232543 0.2076913297774995 1.069474756189005 59 41 34 0.69
7485 0.1565576677260264 0.2247434379961023 0.9996811995853985 55 45 43 0.54
7486 0.1875658867486328 0.1678787000901049 0.9848635321044685 84 52 39 0.4
7487 0.3278310748241222 0.2293514175449199 0.8038834789053834 105 74 41 0.98
7488 0.1013749261691687 -0.1648772863132126 1.075430988513733 65 44 22 0.45
7489 0.1417532741225023 0.1610671273679181 1.113071019344446 98 77 53 0.42
7490 0.2779536790821479 0.2832601473361971 1.057550746093916 43 31 27 0.18
7491 0.3261467847087736 0.2618305335362084 1.112012657794516 121 85 55 0.81
7492 0.3374299375140493 0.2744334423581675 1.109389043790409 133 90 60 0.43
7493 0.3330406181226541 0.3054215518165495 1.096859057265241 100 72 62 0.66
7494 0.0893128111096938 -0.2723367453501629 1.139333159058182 228 238 225 0.71
7495 0.3147456940737466 0.2285172631698385 1.105357453475417 140 116 94 0.88
7496 0.463838402431775 0.248346148456717 0.6277479509148998 114 79 48 0.62
7497 0.2747033189080405 0.152189051898586 0.908339241341154 101 81 61 0.22
7498 0.07455969413206709 -0.1269032314199698 1.16512457787467 98 86 74 1.16
7499 0.05302537071341717 -0.1010201911178549 0.9852350088463226 156 113 74 0.55
7500 0.187825638772533 0.1123284140207639 0.8921708974774811 152 88 49 0.77
7501 0.1675971414427237 0.08223839564236871 0.8769118199710177 131 81 41 0.85
7502 0.3135957793890837 0.2631218892740175 1.098584020971602 164 115 77 0.95
7503 0.2686047708498688 0.2988329977112276 1.044228114532059 134 103 78 0.09
7504 0.1845113840885325 0.07616940024741783 0.8937658130280302 185 119 73 0.26
7505 0.331452812720935 0.2630752464017479 1.097539156169943 122 71 41 0.37
7506 0.2385259667762724 0.151480388622883 0.9581375878135308 52 33 19 0.98
7507 0.2010769577576401 0.1157167186163045 0.887854804322064 128 63 24 0.19
7508 0.2141595666062887 0.1198085730361316 0.9135626566915012 200 136 78 0.3
7509 0.06745970745603713 0.1418266887420478 1.211194614623983 207 219 210 0.45
7510 0.06095129247765085 -0.1076209021470003 1.003585810697074 133 97 64 0.39
7511 0.2157699033876075 0.2278624056309479 0.9478637766583662 17 14 11 0.7
7512 0.2839149355880098 0.07320824804435433 0.9104329733581973 146 112 76 0.51
7513 0.2608884817005677 0.2678742396558514 0.8903623031731318 157 112 61 0.41
7514 0.1867058420882553 0.04560182829674225 0.9082500004959585 154 94 44 0.46
7515 0.409014687568767 0.1618931312041151 0.7047853885459164 118 74 40 0.33
7516 0.4871779193521782 0.1858253312810552 0.5820685342594565 112 78 41 0.29
7517 0.4497248432158573 0.1869128958770303 0.6355801068262886 120 91 61 0.77
7518 0.2654841096946464 0.2862829184822951 1.051633492402327 136 101 71 0.44
7519 0.4763301654456664 0.1465960747356614 0.6160645891732504 78 52 36 0.77
7520 0.4919957936186168 0.1777339171781109 0.5785240301968601 117 79 38 0.32
7521 0.4745381312054259 0.1865590737562581 0.6018088497402765 74 54 34 0.46
7522 0.4446532984215171 0.1831432307916394 0.647249723209367 126 91 48 0.86
7523 0.4899781344852447 0.2073132409587611 0.5868124166545561 123 89 59 0.23
7524 0.4937195105484907 0.1436335894032483 0.5929978917195629 65 29 11 0.48
7525 0.4890537859924982 0.144022882324078 0.6035634952158602 79 46 27 0.36
7526 0.5118068819327652 0.09948883352614681 0.588000590081079 133 117 113 0.96
7527 0.1007415874232179 -0.1906818849776482 1.129136786086881 79 63 40 0.63
7528 0.4532505725353325 0.2501106415680839 0.6386421649643946 140 109 82 0.07
7529 0.1609401895298422 -0.01609230513357363 1.041914910609647 154 108 63 0.31
7530 0.2396497276443342 0.1130223573208606 0.9545366396141868 157 94 59 0.67
7531 0.3620293047460083 0.1935559642486356 0.7685794260787431 68 51 34 0.59
7532 0.4327960232457809 0.2420608137995554 0.6668138578717026 124 106 76 0.75
7533 0.4274269604149311 0.2444714530138624 0.6798636870145947 130 102 71 0.45
7534 0.3132369175932253 0.2449025101245882 1.107723364745454 112 79 61 0.24
7535 0.4122887748494994 0.2282420808815118 0.6848927362070867 89 64 36 0.32
7536 0.2082182527784162 0.1450506823755617 1.008575385194789 84 69 53 0.36
7537 0.4043630647699515 0.2210296749657274 0.6978719528958462 45 28 16 0.5
7538 0.3553752900810032 0.2295489224227292 0.7574993252988752 60 43 30 0.48
7539 0.3512285106742034 0.2420153727535146 0.767644738578017 85 57 29 0.26
7540 0.3159624906855925 0.2789600344243924 1.087292872351393 141 92 54 0.26
7541 0.3291577011910554 0.2863850309831286 1.090253849768583 60 44 33 0.21
7542 0.2828213353062842 0.2567276350527438 0.859950737571973 127 87 53 0.35
7543 0.4624278136118573 0.1438456643148673 0.6408463700367907 162 146 127 0.29
7544 0.3297315259572544 0.3111439300756499 1.088077932613248 134 102 82 0.47
7545 0.1636734890015603 0.1097699168311994 0.8677073548501177 130 80 45 0.41
7546 0.2072072140167793 0.149604262192783 1.010045593028815 65 44 27 0.62
7547 0.4259027360368739 0.1826578238179808 0.6683419704669122 107 76 51 0.68
7548 0.4115730177310298 0.1900852543209759 0.6889659408182965 149 112 68 0.22
7549 0.477739214709575 0.2024343371479383 0.5944077234359008 82 57 36 0.4
7550 0.5155859439073958 0.2160799117442756 0.5515251351302506 112 72 44 0.68
7551 0.3680251016786903 0.2497776339777242 0.7929018210842225 129 96 55 0.4
7552 0.1129658623954398 0.08357233329904221 0.8308007349013908 175 116 70 0.66
7553 0.2218610203108724 0.1503043457124766 0.9081483011819635 130 76 41 0.42
7554 0.2714715065839345 0.1660784230512089 0.8908754738013785 172 114 50 0.3
7555 0.4560846324381259 0.1678685264874882 0.6318613024490127 115 88 57 0.55
7556 0.2617692418011723 0.2282388928137681 0.8912715242886866 129 70 31 0.33
7557 0.4530688747707837 0.1410723120291808 0.6514806771015196 186 158 134 0.4
7558 0.1902394575810712 0.2343552995791775 0.9799564877304501 31 18 17 0.51
7559 0.03243964671621902 -0.04290524651072167 0.9301592859757445 191 179 175 0.64
7560 0.2066946345866567 0.1138282370968561 1.014860817319075 61 35 20 0.36
7561 0.1009460761854674 0.0139525641878806 0.8374046181449442 180 155 152 0.59
7562 0.1352250517674109 0.06672678663559237 0.8553004129594115 152 100 57 0.47
7563 0.5058594509749732 0.1795723153948423 0.5664353218754319 106 70 40 0.3
7564 0.266382587547088 0.2375440031463429 0.8825548033143054 103 67 44 0.16
7565 0.299695462946512 0.1824272750477914 0.8558931671272427 73 50 35 0.52
7566 0.5163577551368222 0.1801062285146067 0.5512730398210761 96 62 36 0.19
7567 0.5175227106001753 0.1827883235197465 0.5487191518602024 79 40 17 0.38
7568 0.5172926688224232 0.1817679440066667 0.5516354193827067 120 68 30 0.21
7569 0.1811353511378014 0.2215675367291607 0.9791881110753766 54 32 28 0.18
7570 0.5215702006654557 0.2361531828502202 0.546884305471379 134 112 80 0.36
7571 0.3960379387244073 0.1658590613180857 0.722887635324701 146 109 65 0.68
7572 0.27657818207929 0.2795033328268602 0.8749041231497653 99 74 44 0.54
7573 0.133915544303045 -0.08817705126027789 1.059188875024034 109 81 57 0.62
7574 0.1401706372044835 -0.05452458414089403 1.04235263889912 64 42 34 0.17
7575 0.1991673128334506 0.09276950194304598 0.9082227190689665 144 90 53 0.57
7576 0.4706353941357687 0.1855322684507285 0.6073824876080255 121 93 60 0.16
7577 0.3440556749785377 0.1733868842999639 0.7968166166002473 75 54 35 0.21
7578 0.4331455116973469 0.1990852349036437 0.6554228723182697 124 86 24 0.2
7579 0.5071184873641599 0.2001031622780682 0.5568074284376745 104 60 42 0.68
7580 0.2880649695507036 0.07527469085424784 0.9134155326074105 109 62 34 0.14
7581 0.2670627891508248 0.1319572530176554 0.9338135403149179 109 72 35 0.37
7582 0.2698728026678341 0.1915737264244275 0.9045836357798924 64 32 16 0.54
7583 0.4381922162006597 0.19164205022384 0.6503613208383832 182 127 59 0.19
7584 0.1625740462035299 0.1890587758878667 1.050140084948278 126 81 56 0.29
7585 0.2873257819596628 0.2621785788480164 0.8537743670087512 162 127 94 0.2
7586 0.2136955643133311 0.2693739932356042 0.9672336106660976 50 42 31 0.3
7587 0.2935235419228455 0.1933959715408862 0.8641419171327303 137 103 62 0.67
7588 0.409183228662986 0.2099214833665992 0.6841168686115701 120 80 50 0.67
7589 0.1652483454169248 0.2686864256843006 1.030830519165072 53 26 12 0.31
7590 0.2688440594889441 0.2459950824763701 0.8846049975071699 78 36 19 0.46
7591 0.3761812350228026 0.2561251108651811 0.7576997304441064 123 78 47 0.38
7592 0.104352941220872 -0.1653595937994013 1.128525751603435 36 28 31 0.5
7593 0.1557873453362517 0.2941219422314086 1.05725767465504 96 81 68 0.39
7594 0.3512864801111833 0.2110060232205033 0.7733663703571135 86 64 36 0.52
7595 0.1505302298011836 0.2582858098411056 1.045391709212597 94 63 40 0.39
7596 0.364365766827135 0.254744056643584 0.753315151378651 150 117 86 0.7
7597 0.3319739459030538 0.2839102346270639 1.104602920010844 118 79 57 0.42
7598 0.2398096036810816 0.2689080714648683 0.9280346250691061 37 30 20 0.8
7599 0.1379525896374059 -0.09247064761258486 1.064446788252541 149 108 68 0.13
7600 0.1815476592627586 0.2231729916765471 1.017154304020038 67 47 28 0.33
7601 0.5196902121515763 0.1387010664384986 0.5711896426450049 94 66 36 0.17
7602 0.2645500683575081 0.1466450498369868 0.9175157602622745 125 94 56 0.4
7603 0.07497760642849927 0.156959185153888 1.200462639465688 196 207 219 1.07
7604 0.1679940418330771 -0.004281249525776271 1.050508797442038 97 77 59 0.58
7605 0.319723537000223 0.2181540634333791 1.130721217960305 208 213 212 0.43
7606 0.1217643162233395 0.2359075784808963 1.10814451093231 42 26 21 0.29
7607 0.129075525501737 0.2796539330471539 1.084263811850843 87 64 54 0.24
7608 0.3295138899254414 0.3163802637643915 1.086477640582655 81 50 39 0.33
7609 0.3668797554545159 0.2653836441388103 0.7432225076568024 168 124 85 0.84
7610 0.2426571330958645 0.1778920288427989 0.9435479247172391 44 27 23 0.53
7611 0.3142822809898157 0.246928342140011 1.109527524743926 84 50 37 0.23
7612 0.3332257007819429 0.3176406328309916 1.089657730421034 83 55 44 0.19
7613 0.2593136433700404 0.1886079029710021 0.9264060643543095 136 110 78 0.28
7614 0.3279906276974522 0.2344164033736424 1.137544663674972 91 75 66 0.78
7615 0.471977240627913 0.2116573521803916 0.6093758279055166 53 38 24 0.46
7616 0.1926290484254968 0.2426676573153449 0.9860652649740487 37 22 10 0.16
7617 0.3241359183483166 0.280752653856456 1.095597044935972 136 90 55 0.8
7618 0.3138165583688648 0.2940929021267901 1.085218370692738 69 40 28 0.87
7619 0.4220352367920512 0.2011421449267653 0.677579415049104 156 112 66 1.22
7620 0.1355750535608989 0.07090854645695152 0.85391622454802 180 105 53 1.12
7621 0.2658918453160318 0.2104433482956476 0.8978143596246851 104 70 36 0.35
7622 0.521512829732997 0.1625807826395059 0.5505035790362945 97 67 49 0.23
7623 0.06671689888075927 -0.2287710395418996 1.071442441903419 62 29 19 0.5
7624 0.3066675414255616 0.2064334935892647 0.8391115562456543 55 35 26 0.57
7625 0.2423305208066018 0.254052135342448 0.9115668323441861 78 42 28 0.49
7626 0.3486956611404394 0.2329916959426007 0.775133827214177 81 50 26 0.46
7627 0.2432439419003987 0.1525968736897311 0.9467944218446649 108 84 62 0.59
7628 0.3003204824703941 0.191916045199777 0.8546484776082603 84 60 32 0.24
7629 0.3938913019795528 0.2183237977378224 0.7171391138621688 92 69 50 0.49
7630 0.5076231578800297 0.2243224687220018 0.5707268373083708 114 97 76 0.71
7631 0.1135334934516429 -0.1743627178642521 1.085979222905915 121 88 57 0.55
7632 0.2307463599987096 0.1260894835108939 0.9104403296963504 139 79 37 0.49
7633 0.344326405935751 0.1677897968213131 0.7974487095471836 112 84 56 0.23
7634 0.3551916677665369 0.2555978389567247 0.7758621405545086 129 99 65 0.47
7635 0.4205787668049089 0.2521745998312085 0.6716363187235135 86 67 34 0.6
7636 0.3771925133397587 0.1606412856858938 0.7525054190809118 192 146 101 0.2
7637 0.1830164013992517 0.2675668950945801 0.9981757445896101 87 59 42 0.41
7638 0.4697297407966873 0.2177379914652018 0.5407733738958405 111 95 40 0.8
7639 0.348028111368838 0.27508228344963 0.8179343674727406 124 91 63 0.69
7640 0.2169087781140078 0.1318586030811402 0.913700060857761 159 90 46 0.53
7641 0.3528499142010582 0.1609059358004142 0.7840033525500203 168 117 76 0.43
7642 0.2733663811406403 0.0678847109721307 0.9281180821048384 104 79 58 0.21
7643 0.124485073181347 0.2310304672993836 1.105575542899105 73 45 31 0.23
7644 0.5293160222094612 0.2349089650743846 0.5370418895809733 137 112 55 0.9
7645 0.2742329605474236 0.07443301447569156 0.934751413539892 152 126 67 1.39
7646 0.2074388435588211 0.04386738105190141 0.9451952330537838 177 105 48 0.67
7647 0.1272463619989374 -0.08696374008460264 1.041564908515786 145 104 65 0.76
7648 0.3242809479661183 0.2301230806968304 1.135572008809068 146 104 79 0.84
7649 0.2971050735383177 0.2913736820000147 1.074122825455196 109 80 64 0.37
7650 0.1165174835537326 0.003820628230839035 0.8583199142257063 126 93 62 0.57
7651 0.09464206877647707 -0.1907871101842124 1.064997005303105 150 114 74 0.67
7652 0.0924653756499717 0.1163589575774464 1.178076185762511 111 77 62 0.32
7653 0.4316493540909794 0.1597216857094294 0.6718855641079955 75 52 36 0.21
7654 0.4624669243101185 0.2078045479182999 0.6223576988629475 120 98 63 0.45
7655 0.07782662376091121 -0.145179340608067 1.037293928263594 133 94 66 0.21
7656 0.1974608232141725 0.09135785272618413 1.023395155847135 115 93 63 0.36
7657 0.3342362394797964 0.2876816947574265 1.094611617520058 125 91 65 0.2
7658 0.1234215685431995 -0.03249412253708014 1.117234070515381 44 29 22 0.35
7659 0.2033058492151544 0.1430156390983684 1.000910404027048 27 12 10 0.2
7660 0.1965676244798939 0.1892488410033963 1.007936897084153 99 62 32 0.4
7661 0.26558267697815 0.2158313106308415 0.8946322533797891 72 31 18 0.34
7662 0.327509805639507 0.3199991729841339 1.046481096483621 103 73 52 0.49
7663 0.1794617049426331 0.2125377821405389 0.976787178198956 19 10 10 0.19
7664 0.101547570277842 -0.1870949884123573 1.072980595302333 119 92 71 0.5
7665 0.04781329735545625 -0.2202187429873152 1.051931560479202 116 91 78 0.35
7666 0.3529467166785247 0.2316835760150019 0.7659106536171476 46 27 13 0.29
7667 0.3746790537653541 0.1794086738336722 0.7430310955304834 101 82 61 0.56
7668 0.5287445877972361 0.1172131246060168 0.5088103551001101 75 49 32 0.36
7669 0.5119312900907118 0.1102843954547861 0.4559483697790744 39 29 26 0.65
7670 0.5223281658620137 0.1239954387885552 0.4476280867440821 30 24 19 0.42
7671 0.5161062679936597 0.1220733969743736 0.4585485127396452 30 23 20 1.08
7672 0.5322471890737405 0.1297284729885238 0.4717823721756459 26 13 12 0.74
7673 0.4941998185633351 0.1456536949985619 0.5887921896947712 56 30 16 0.19
7674 0.5043543831039262 0.2273627526419049 0.57559576275286 156 116 88 0.25
7675 0.5246880088482517 0.1252725140403764 0.5140119245219379 87 48 24 0.3
7676 0.5210383111414532 0.1233365334573035 0.4450298944779155 32 22 21 0.17
7677 0.5213147610920383 0.1374359483760985 0.5058464932050328 31 15 14 0.47
7678 0.5134925582566463 0.1372164999369692 0.4705563165270782 49 29 20 0.32
7679 0.5314671903585478 0.171629185402577 0.5165113695788247 128 87 49 0.27
7680 0.4746776729731378 0.1912766081114486 0.599105485258536 123 94 63 0.49
7681 0.02421946642892248 -0.04618492023304069 0.9340467721250691 209 213 212 0.09
7682 0.5312615569729691 0.1244421383574439 0.4393739163175069 45 34 23 0.86
7683 0.5277607465413982 0.1501819426716623 0.5153795195309671 37 21 15 0.36
7684 0.1007372424103757 0.1118932563266939 1.17199265672682 77 54 56 0.23
7685 0.5375612631113216 0.1165538109557299 0.4164228464806138 119 104 81 0.8
7686 0.5341953072539558 0.1203750610194158 0.4774330444062127 122 107 67 0.57
7687 0.5086776116023646 0.1642970603961925 0.4386512314887886 47 39 33 0.48
7688 0.07386263891118572 -0.05288517346831542 1.180185459413527 220 227 226 0.59
7689 0.557026310674655 0.09556865201497342 0.5320763263759338 84 85 85 0.55
7690 0.1414496491959372 -0.02999053816383393 1.023698683629208 158 124 93 0.93
7691 0.4829025215746418 0.0954758931145288 0.4781742632405053 206 212 218 1.21
7692 0.03392677220792151 -0.06184281769442765 0.9513012871168794 96 56 32 1.09
7693 0.5315498685123097 0.1286575417106762 0.4630644572722855 28 12 13 0.5
7694 0.4892053242908782 0.1410885461089995 0.6004322334521123 76 40 18 1.05
7695 0.09726661863789954 -0.2653945255778425 1.088340476187707 84 68 54 0.61
7696 0.5278447943501565 0.1174023841395312 0.4700970137407121 100 82 62 0.34
7697 0.5210987353593397 0.1146107002581079 0.4730225956978588 121 95 60 0.57
7698 0.5076142715268699 0.1244679490719735 0.5031888260187045 75 53 40 0.2
7699 0.3045794730189058 0.1779259810014737 0.8488354652055579 115 100 78 0.15
7700 0.338721638134986 0.2037168257961998 0.7958266099359934 79 59 45 0.28
7701 0.5508531498569027 0.2197245761002608 0.5180862403324599 157 116 87 0.29
7702 0.1585864744365577 -0.03940585879645805 1.053251386159104 97 72 39 0.25
7703 0.5468279857386864 0.09323795674852739 0.5386584040822691 184 125 70 0.71
7704 0.539654898588499 0.1260820794483327 0.4640072159436523 76 58 47 0.53
7705 0.5419656678054751 0.1474616640821347 0.5296295095045745 86 57 32 0.42
7706 0.517534151091778 0.144275970497188 0.5639020154340642 44 30 24 0.2
7707 0.4733359319380751 0.1867845388661458 0.5976307404320754 92 72 53 0.76
7708 0.5446986499606777 0.1331260588741923 0.5370124516471881 65 50 40 0.7
7709 0.5017671636127193 0.1402810218383595 0.5879732486877741 97 72 48 0.23
7710 0.4720972348140337 0.1516154174688285 0.6188100367600332 82 58 39 0.4
7711 0.5145116114411109 0.1808294628398872 0.5538565292617293 43 24 14 0.25
7712 0.5020694015485626 0.1686599880891541 0.4360814209350725 70 57 47 0.66
7713 0.09740615252833285 -0.2491161678323868 1.149878413952293 183 204 219 0.59
7714 0.1002125692752983 -0.216252956672403 1.119906409236788 44 35 35 0.3
7715 0.05436679460211558 0.01525266250793983 1.202297285913103 170 193 211 0.91
7716 0.5139027803466514 0.1573383568988034 0.5657123195225058 88 54 27 0.23
7717 0.4506690880242671 0.1577759429616613 0.6494714813145903 89 65 40 0.67
7718 0.4698230922040524 0.1787169962101082 0.6122156367694415 83 66 44 0.84
7719 0.5392461427105636 0.113917523418998 0.4239332329919381 98 83 71 0.2
7720 0.525950016721754 0.1282517595289764 0.4783715588429399 142 123 89 0.36
7721 0.5266254549234441 0.1438225015328415 0.5534691739647504 53 34 27 0.36
7722 0.4687472417903917 0.1588167689649765 0.6205570288888297 112 95 77 0.61
7723 0.04888594676322522 -0.2131078359669239 1.046235523035695 90 65 52 0.49
7724 0.2026035751972255 0.1371701251869783 0.9966022006823416 89 60 39 0.52
7725 0.04447596573470725 -0.1955586036495444 1.03547995274337 130 115 111 0.43
7726 0.03368745204582657 -0.1217504622612089 0.9876070523622793 94 72 61 0.72
7727 0.4776466690143838 0.1608845552295763 0.6077208610951976 71 50 28 0.34
7728 0.06284635856044873 -0.1168462441365807 1.187445679639459 207 213 210 0.85
7729 0.5308905156299413 0.1228483209416779 0.4403708517076635 116 99 82 0.4
7730 0.5358304613599466 0.1160170182837391 0.439526967859356 75 61 31 0.46
7731 0.3524695717893842 0.1825270559275048 0.7876539378369971 110 92 65 0.72
7732 0.514434138704051 0.197453389018513 0.5547148474510272 70 42 20 0.28
7733 0.5041975675449381 0.1990937946315432 0.5690604504052015 61 41 23 0.45
7734 0.5433739291004575 0.1199686882725458 0.4182811171805321 68 57 49 0.74
7735 0.5449449098921535 0.1212702306633408 0.4209517414726787 95 80 61 0.53
7736 0.5157995236623668 0.1342010350781477 0.5024143197186709 79 61 48 0.29
7737 0.3678449809524194 0.1715107691049496 0.7652097443867627 108 78 45 0.46
7738 0.5151164587168922 0.183588512318611 0.5539891188275434 100 61 30 0.19
7739 0.5109654442307613 0.187005565998834 0.5590142067133608 92 59 27 0.14
7740 0.5563605047726763 0.207399917514644 0.4780195390082924 50 30 19 0.49
7741 0.2372187061211577 0.1493532698964175 0.9482577262514633 86 65 52 0.65
7742 0.5084928381971842 0.2292268270666454 0.5701735599866165 62 38 25 0.2
7743 0.5258251198337971 0.1446110079586543 0.5595563044618559 36 25 19 0.26
7744 0.526274472506048 0.1798087160916158 0.5388156952575226 55 31 17 0.47
7745 0.5072955385524769 0.188395701856661 0.5644051868255947 108 72 38 0.51
7746 0.05851249919256529 -0.1055282830536106 0.9950543186150257 139 115 91 0.3
7747 0.4247159978418886 0.1845474744481328 0.67258406176355 111 86 59 0.54
7748 0.4414624475369208 0.194872286605689 0.6461611087648034 97 72 45 0.18
7749 0.07054206471616487 -0.2803930400826229 1.089634474790726 148 171 196 0.6
7750 0.126295454923213 0.0193684182849222 1.12820388194677 44 26 21 0.48
7751 0.5457069528999642 0.1297259365314984 0.525302813096825 96 72 53 0.4
7752 0.1044246549526154 -0.01023824223855863 0.9373969904131454 101 67 35 0.39
7753 0.5214989257601907 0.1938903082995292 0.4977067373767129 19 12 10 0.33
7754 0.5035982881918342 0.1198690944599861 0.5889844847552275 183 205 216 0.32
7755 0.1109270561934121 -0.07139998788633831 1.020744491971535 127 85 51 0.29
7756 0.5209612802554823 0.1090452628241229 0.4736901101542651 69 53 47 0.11
7757 0.5169920816395218 0.1212786970606595 0.4849571387776732 98 82 64 0.1
7758 0.5322432069134481 0.1371303304928988 0.5203029104378717 89 65 51 0.31
7759 0.4739454596192393 0.2238405579362943 0.6100172414635125 124 103 76 0.32
7760 0.459756672954103 0.237005554333084 0.6387411603407843 140 112 86 0.11
7761 0.4560326912867996 0.2391037245364418 0.6399214468227465 135 94 55 0.27
7762 0.06496930100964649 -0.1921386217927476 1.045023190524091 117 95 69 0.26
7763 0.5414536833543322 0.1492835519922426 0.5286467802758269 104 76 42 0.31
7764 0.09079032251700137 -0.01488353074460388 0.9525029654012296 156 115 85 0.34
7765 0.4767689969741817 0.1408176733893881 0.6161913379626691 82 60 43 0.31
7766 0.5544312540870548 0.2125127993122035 0.4803826677834487 42 28 20 0.39
7767 0.1033391895609876 0.05390201702617289 0.7499098269956872 208 221 227 0.29
7768 0.5209494781358641 0.1233793457716252 0.5127832621263572 33 21 15 0.35
7769 0.5180131164024236 0.1202804987440941 0.4432136427455549 164 149 120 0.52
7770 0.5223771970806782 0.1326585337978629 0.5152091434040694 85 51 31 0.27
7771 0.5398789672263014 0.1265528980913027 0.4615387988957532 160 127 73 0.63
7772 0.08073280375433578 -0.1992315277023368 1.153085126736827 206 217 225 0.6
7773 0.5141619330820434 0.1077392118620411 0.4398783687048504 143 127 97 0.3
7774 0.5058593831874418 0.1093836279456521 0.4498030386858388 162 143 109 0.42
7775 0.5400851400317104 0.1957137741076209 0.4754402704085939 38 26 21 0.24
7776 0.5141100826517707 0.1096782385705392 0.4464743517670267 180 131 76 0.56
7777 0.5295169051203852 0.1778247079011281 0.5331103913142663 92 57 27 0.36
7778 0.3219552745771388 0.2286873656181493 0.7998982686022742 72 41 16 0.32
7779 0.5066739985387281 0.1206917940657269 0.5791009874140158 134 88 44 0.22
7780 0.5597977876168417 0.2052193418573036 0.4765436840478168 71 48 31 0.74
7781 0.5524529231221685 0.2097582995112759 0.4788236999387101 57 40 28 0.51
7782 0.5209540403029559 0.1555460491398517 0.5550327330854808 84 48 24 0.38
7783 0.5247551709716983 0.1144092708536628 0.433807717014095 106 85 64 0.19
7784 0.07139823690255886 -0.1554042877667553 1.167170325955683 171 190 204 0.68
7785 0.1645215429713099 -0.007582026305768319 1.045036014887359 104 78 48 0.59
7786 0.06577251629796654 0.01873031431768127 0.7995540321563954 143 94 53 0.26
7787 0.05777996955450682 -0.1433169568064149 1.01270036533885 128 92 62 0.2
7788 0.5510281916571272 0.1276555843603327 0.539139920515701 82 66 57 0.37
7789 0.02718589880898548 -0.06756044366829697 0.9529130497366537 95 72 69 0.29
7790 0.5195823091461074 0.1113673752690947 0.4675958949075439 91 71 58 0.53
7791 0.5081760432532701 0.1099339153851328 0.4548111879764452 121 102 73 0.49
7792 0.5301780152461181 0.122268548279957 0.5109730988825156 68 47 33 0.14
7793 0.07004318107639296 0.01497596750418798 0.8033702721933691 182 185 190 0.23
7794 0.5212428380301906 0.1541248021352368 0.5082302032043344 54 32 22 0.09
7795 0.5424623073575501 0.1227236455107244 0.4263979576801074 74 58 45 0.8
7796 0.5362659824844128 0.1272672410763088 0.4655263208360336 106 86 69 0.39
7797 0.5278582808249459 0.1331307694621029 0.4843230380963866 67 53 33 0.35
7798 0.05907876513586541 -0.03784215039116609 1.195599011915855 186 200 214 0.53
7799 0.5298363144179514 0.13074657562203 0.480221847232484 122 104 80 0.19
7800 0.07985506015783661 -0.08000728996552006 0.9976975015834642 132 91 56 0.18
7801 0.0774116354860872 -0.04183984980512587 0.9632161733230391 117 82 51 0.18
7802 0.141613778225304 -0.01283491657598956 0.987462845688833 139 102 68 0.05
7803 0.4543238741761131 0.1472652268340464 0.6517329132799773 114 80 54 0.24
7804 0.4754420575314203 0.1780582383219561 0.6035999826966911 72 53 36 0.17
7805 0.5434547616499023 0.1431246377289859 0.5320255605947604 72 61 48 0.23
7806 0.08957060364026037 0.03615475992739961 0.8163255941331276 75 49 37 0.68
7807 0.09212414716234052 0.02304259730718997 0.7729988320005846 101 62 45 0.3
7808 0.08975902252614254 -0.102437380724206 1.017412971339604 79 63 46 0.11
7809 0.03121333014276984 -0.07278705706739294 0.9530676387332934 182 166 152 0.92
7810 0.0738860849044316 -0.2847078567710246 1.136482983865271 104 89 64 1.25
7811 0.07945037791204945 -0.05226590474646378 1.168154920456486 107 83 51 0.64
7812 0.08319941774101747 -0.07688340848176914 0.9990151828781862 94 65 49 0.2
7813 0.4899844387948227 0.1401132023544827 0.6044827529375041 118 92 67 0.36
7814 0.5435137710115856 0.2170428956944419 0.5289298735728818 102 86 78 0.24
7815 0.1744698910894408 0.01660103901001439 1.042791774365201 82 57 39 0.12
7816 0.4476913474054012 0.238611096013539 0.6505587925175015 172 136 107 0.17
7817 0.0744143999080138 -0.1372005540760143 1.019833230168407 140 101 55 0.57
7818 0.1101664818943613 -0.1021969106160229 1.037596054605014 154 126 78 0.25
7819 0.09480179599804928 -0.2038025046014387 1.073066847419907 143 114 83 0.43
7820 0.06055791202716487 -0.1698318034754126 1.028845859579675 134 91 52 0.56
7821 0.1985332347010584 0.05700451577796256 0.9196081347870868 189 134 83 1.03
7822 0.1633420506421389 0.07403664561664972 1.019350764068716 133 95 69 0.69
7823 0.124576392693627 -0.09642273723044478 1.052789416039255 97 58 32 0.59
7824 0.3877750362898802 0.1531906020804315 0.7368250395634939 177 133 82 1.17
7825 0.08252650812522311 -0.1201174833364113 1.017500849153485 183 128 81 0.53
7826 0.1462295081731811 0.01337742916268209 1.093254374298081 85 59 46 0.54
7827 0.129133090646704 0.01918358858616964 1.115395547355587 69 46 34 0.69
7828 0.1624945263059001 0.006297270855586373 1.06300102274242 137 105 75 0.6
7829 0.1279973878531368 0.027790124686949 1.124602048247402 109 84 62 0.73
7830 0.1762407347488386 0.09506131942210341 1.049548242313517 158 127 91 0.28
7831 0.2498973769053999 0.2096445160442674 0.9150744805629554 119 78 40 0.17
7832 0.2568333153954873 0.2315644130615666 0.8976391692323773 110 62 44 0.48
7833 0.155348850446507 -0.01620319897496927 1.033792018534081 123 79 42 0.25
7834 0.2448156869391482 0.1985832494327993 0.9479813670606136 64 48 30 0.25
7835 0.0966122981569516 0.088214640250417 0.8226415947179333 176 123 65 0.41
7836 0.2617853157528539 0.07884109953455026 0.9375141909813591 93 57 33 1.1
7837 0.3150332757059224 0.2053003657001888 0.8384237762325799 87 75 58 0.33
7838 0.2004685832766202 0.188286667966659 0.9987474540066786 52 41 33 0.31
7839 0.1442039787908004 -0.06319578798659611 1.047195618706744 112 85 62 0.23
7840 0.2913771091787397 0.2030030400158713 0.8613020285324995 106 81 61 0.44
7841 0.09872476311242073 -0.1303373599576038 1.039786121471572 128 107 79 0.43
7842 0.1230281088970069 0.1852707051568317 1.121433804379794 40 27 24 0.24
7843 0.2418061118436042 0.2286958815247399 0.9192620823739965 80 39 23 0.31
7844 0.2657342916955023 0.1676434775110988 0.9109084722791314 132 92 58 0.92
7845 0.2079064389645313 0.09683888427801467 0.9188065903460962 136 104 53 0.93
7846 0.09558063102865166 -0.1253048408596248 1.030648948466519 194 145 82 0.13
7847 0.201809711649497 0.1012986913370534 0.910894836040145 114 71 37 0.45
7848 0.1981387263717108 0.0881040770917404 0.9053225662374482 142 100 57 0.57
7849 0.2000315955898585 0.1835525840799567 1.000911174094349 79 59 46 0.25
7850 0.2288374076288787 0.2611525028808415 0.9409311317019227 106 98 92 0.68
7851 0.2495326961083907 0.1586026417512809 0.9346466384319466 116 70 44 0.19
7852 0.0804821833244298 -0.1655497815852486 1.044632265670737 200 157 109 0.24
7853 0.1722435545029292 0.003249749098198418 0.8518111660515952 227 228 226 0.5
7854 0.2071629396312936 0.05688038132133943 0.9214849637839178 157 102 59 0.36
7855 0.1540213160946501 0.03989015020287148 0.8721344948525404 117 78 48 0.73
7856 0.3784613673356595 0.1737015013148711 0.7291762676387983 147 103 61 0.92
7857 0.1652178049004165 0.09565949139518849 0.8779792410740805 120 82 52 0.81
7858 0.2735728109797659 0.1488457178161805 0.9061787059382785 70 50 42 0.35
7859 0.3155313017998319 0.2117119268689182 0.8253034931900263 113 86 66 0.33
7860 0.08611279573478858 -0.1686578305446503 1.053350601593971 100 70 49 0.32
7861 0.3540493422146582 0.1690798384229345 0.7848422978120884 158 121 83 0.17
7862 0.2818408075746086 0.2265382713871742 0.8647711048485835 66 40 26 0.76
7863 0.3455596784926416 0.2039835229318077 0.7866436150419575 165 112 59 0.58
7864 0.377877300017228 0.2214306454969519 0.7315699065063114 79 62 43 1.12
7865 0.3851081044256903 0.2094458713623206 0.717157001741911 171 119 63 0.33
7866 0.1755551728553013 0.2507247258585338 0.9893568389794618 38 27 19 0.59
7867 0.3746537134262741 0.217704712844538 0.7265955189364073 103 66 49 0.12
7868 0.1272177138957958 -0.1251024194120698 1.073921987381397 42 26 24 0.09
7869 0.140725512778766 -0.02258435991808463 1.000300760130425 160 114 82 0.97
7870 0.1230722728466247 0.0193711323749208 1.125017927099883 121 93 61 0.2
7871 0.1799213211272088 0.05656488876717822 1.03194152665556 93 63 40 0.14
7872 0.1715561393867844 0.07110110775053943 1.058458068930435 100 68 48 0.35
7873 0.1949642632185773 0.1149935949099529 1.010481462381156 51 29 18 0.41
7874 0.5236322677362043 0.1357033489073168 0.4950435267456216 41 20 19 0.28
7875 0.5152661652978966 0.1479151480865399 0.5641082454014538 159 97 48 0.2
7876 0.5404423308443351 0.1611834988362068 0.5233088338475623 79 47 33 0.12
7877 0.5359532779912236 0.1593086104845519 0.5328916560826007 58 29 17 0.3
7878 0.5129331587149678 0.1623363557294213 0.5681467525989331 71 40 28 0.14
7879 0.4992263053750993 0.1608096338045481 0.4943905135716769 86 64 45 0.32
7880 0.5300105639122596 0.1666949998101017 0.537773583448138 83 39 22 0.27
7881 0.530472900658077 0.1691257037013365 0.5366351253798882 103 51 15 0.23
7882 0.5327000423988201 0.1716554172650465 0.5299652350253881 70 31 20 0.28
7883 0.5033581899872854 0.1777555678732123 0.5721674727415251 152 89 43 0.45
7884 0.4173931244671448 0.1749216994445784 0.6861470524573088 140 106 62 0.52
7885 0.3218932540434818 0.2045820667060679 0.81849421720201 146 101 64 0.32
7886 0.5384725526809078 0.1851885084763383 0.5216861874548714 94 49 20 0.15
7887 0.5149400350685851 0.1907040179234434 0.5526269033835551 152 98 58 0.38
7888 0.3564263916870123 0.2015635942339153 0.7676916867563718 63 41 26 0.86
7889 0.1575951205127089 0.2389192809412159 1.044461663270814 58 33 24 0.23
7890 0.1212536515061542 -0.0668176906121756 1.118033004420779 76 52 42 0.39
7891 0.1286347436262692 0.01249538329857192 1.125400731166625 116 76 57 0.16
7892 0.5160352363521196 0.118583303563225 0.4878697890503748 117 83 48 0.17
7893 0.5042584450671109 0.150804061698524 0.5805264191959342 65 34 25 0.59
7894 0.5310426623719956 0.1559183964934599 0.5165836076409128 57 30 12 0.18
7895 0.5408070961025462 0.1595077809544867 0.5235402254895424 74 41 26 0.22
7896 0.5344609556452083 0.1654398609878675 0.5314017052823267 64 31 20 0.17
7897 0.5327881689268295 0.1662471059092623 0.5330361820312157 124 68 31 0.32
7898 0.507401736640182 0.1626370677776353 0.5737198585975612 167 103 52 0.42
7899 0.4708804653855986 0.1676663539947709 0.6253959427264315 210 174 141 1.02
7900 0.1212935197029281 -0.06093239779740092 1.11671788093184 67 42 34 0.52
7901 0.1446996810427361 0.02278534270490459 1.097289126042321 72 48 34 0.49
7902 0.5534530904855652 0.1237304372592954 0.5353610206810915 152 105 78 0.84
7903 0.5208634645158172 0.1315201858647265 0.5109801891529745 83 53 36 0.14
7904 0.4392833692879071 0.1497060573276711 0.6682371370288462 130 98 65 0.51
7905 0.1154280357887952 -0.1015226538847045 1.058649536779928 55 37 31 0.52
7906 0.5112138415959611 0.09794337184609805 0.5095690674889358 141 83 12 0.27
7907 0.5479113659816243 0.1153642444806722 0.5260619681350456 169 122 86 0.74
7908 0.5360413586136631 0.1625099641840042 0.5252014315161719 169 106 48 0.16
7909 0.5403405631379458 0.1639055593798122 0.5223408085264961 58 34 23 0.25
7910 0.5292205648495872 0.1573952197189253 0.5395991491905969 106 60 31 0.34
7911 0.3077869558512473 0.2083228274839921 0.8382301073233349 70 39 18 0.43
7912 0.1633489670867886 0.2623516572441397 1.028198529062889 116 74 48 0.34
7913 0.4726476623487049 0.2240716866555393 0.6066572172201317 112 81 39 0.33
7914 0.1710220551181938 0.03682637118364521 1.050789710051642 73 46 33 1.38
7915 0.1280414833410084 0.05589320000564224 0.841964197708449 134 81 42 0.99
7916 0.3944410728899922 0.1968540748338689 0.7128755464111447 218 160 105 0.34
7917 0.5376883584951886 0.1700844963695486 0.5202711991410699 85 44 23 0.47
7918 0.4823009665493657 0.202698919405816 0.592614316991674 66 34 10 0.63
7919 0.5388478183678924 0.1734614289683521 0.5236194495516059 192 126 65 0.42
7920 0.5094606257203891 0.169861598945642 0.5645087389985787 52 30 12 0.72
7921 0.532655254381492 0.1528555249969916 0.5194869426726499 43 24 20 0.99
7922 0.07872138271999163 -0.06981955754057464 1.187547121574003 228 228 228 1.02
7923 0.3322798346287655 0.3324179407504804 1.290546857162346 92 78 75 0.5
7924 0.1730930147063955 0.05016344855470581 0.889219932021572 113 74 39 0.46
7925 0.03061187565494228 -0.0455521241659845 0.9398181440228492 108 64 34 0.59
7926 0.04793268757055413 -0.156710903120892 1.015167670326793 109 68 38 0.37
7927 0.06766978254030931 -0.09699141836519767 0.9970367172139498 213 169 97 0.09
7928 0.1247684029461815 -0.0604757095855499 1.025811888750995 167 115 64 0.42
7929 0.05340745943654812 -0.2411294631475942 1.077570767252448 114 89 72 0.15
7930 0.1041308839553592 -0.2257608674101486 1.100931553843597 80 62 55 0.62
7931 0.1013802661450585 -0.2006405892997793 1.084195401097245 59 47 41 0.45
7932 0.1121457541749196 -0.1950143094853656 1.08849263294126 107 81 60 0.38
7933 0.07916792071088996 -0.1994397445119375 1.148898804592045 96 90 86 0.31
7934 0.1101167276384377 0.00241438184504808 1.146905626338758 134 113 101 0.1
7935 0.1120893555751835 -0.1308913050178603 1.054623829008633 84 72 66 0.25
7936 0.1272229621880498 -0.1193392255603238 1.074007419132521 60 43 44 0.3
7937 0.1394341164866587 -0.1098518495427375 1.078600336740937 135 109 84 0.18
7938 0.1331488814299934 -0.1008066080152241 1.068835205494967 171 134 87 0.55
7939 0.1449160840968898 -0.08858967114739583 1.073206705338761 159 123 91 0.15
7940 0.04105636830537363 -0.1035608222100934 0.9800273101488175 181 148 97 0.32
7941 0.1228909347355068 -0.01313871958783486 1.11579883429784 50 39 40 0.23
7942 0.1044039945897047 -0.01723568133848333 1.143314038516621 56 43 45 0.3
7943 0.1516827628941056 0.02821695351113201 1.094561404888871 156 114 78 1.09
7944 0.5334483514454642 0.1071132561525255 0.522107002180077 122 80 54 0.27
7945 0.1471197156000927 0.04708517728659239 1.082373984973791 137 101 76 0.34
7946 0.1473081091797908 0.04725679494618409 1.084579985655238 95 59 41 0.32
7947 0.1390672357080036 0.06096608978029247 1.10082031294721 92 76 57 0.58
7948 0.5135003222557905 0.1132955279491614 0.5013568221565889 124 96 66 0.5
7949 0.5410960639579577 0.123339528868032 0.5182224911315896 90 72 50 0.1
7950 0.1406008975966122 0.09007816974496172 1.121793418195441 104 81 68 0.13
7951 0.5219442527115903 0.1357008459331897 0.5105662789833271 48 29 27 0.48
7952 0.5285677386938319 0.1480395385470725 0.5474993960429415 104 71 52 0.19
7953 0.1273715847136518 0.09410478498288494 0.8405253834296765 48 30 28 0.27
7954 0.5270008190114077 0.1494032199563571 0.5483829504209394 75 50 31 0.32
7955 0.1931804428924453 0.1158681661911203 0.8488992516910017 135 87 56 0.81
7956 0.2421138339622544 0.144648727248287 0.9545673983588241 117 90 72 0.12
7957 0.2024678614225051 0.1513375358346873 1.002841937649978 62 47 37 0.47
7958 0.09565174542739374 0.1380863872283251 1.165137113851181 72 41 31 0.46
7959 0.09507570340140459 0.1379158250233617 1.169338847384666 130 93 66 0.52
7960 0.5344375498861004 0.1627946327919762 0.5352272559029928 65 38 25 0.54
7961 0.5262034838563774 0.162340699418122 0.5429941621149056 71 46 26 0.11
7962 0.5237752421477131 0.1806664867903515 0.5437157916094542 89 56 38 0.13
7963 0.5217819726226748 0.1734604375339268 0.5495270701671058 150 100 58 0.41
7964 0.2396238667570759 0.1725407592515913 0.9428720849534656 148 115 90 0.71
7965 0.2445756020374983 0.1886241530547153 0.9468864440609019 48 30 24 0.65
7966 0.508302241210534 0.1777754592754165 0.5631929691502134 44 23 15 0.7
7967 0.3017755700329477 0.1892435016555136 0.8530122768399637 96 69 52 0.55
7968 0.2616767028515852 0.1976035113217454 0.9034932498426225 66 40 26 0.53
7969 0.3159458192909542 0.1992810368252914 0.831954844136121 81 64 48 0.48
7970 0.3147110842482445 0.2058508814951805 0.8292758903258111 110 82 58 0.15
7971 0.2729092321271464 0.2063371509081098 0.8835986552309079 150 100 62 0.19
7972 0.1709703614447184 0.2142453958792564 1.049764283751374 74 57 45 0.38
7973 0.3270967930295196 0.2499546848078723 1.110117157938843 92 66 54 0.15
7974 0.4844969834594637 0.2045670165410221 0.5988255495883061 76 54 34 0.79
7975 0.3748908511806988 0.2181947185930447 0.7313040328926524 64 43 25 0.28
7976 0.3327407145551354 0.2336075225798843 0.7956694790423744 52 35 35 0.21
7977 0.1553164784352337 0.2626524390584155 1.036746251731568 94 69 47 0.6
7978 0.2934148069204621 0.279048402282944 1.067043886891853 119 95 81 0.67
7979 0.5160567175179729 0.2160029172704995 0.5513073572534851 122 87 43 0.49
7980 0.3292601539852419 0.3054060569487341 1.089377700264438 60 48 37 0.58
7981 0.2580097659862308 0.2746193882925124 0.9028666016583243 58 41 36 0.24
7982 0.3163257646541273 0.3216399362497036 1.074211302218564 78 56 47 0.36
7983 0.05864310661229999 -0.2311937359008968 1.066964394053436 66 50 48 0.14
7984 0.06903840818479479 -0.2219984116584379 1.153160450093607 181 200 216 0.29
7985 0.08915579640989502 -0.1811547254671498 1.06692682769377 156 124 90 0.35
7986 0.1579070944266702 -0.04491903066497974 1.061513018053902 140 107 76 0.27
7987 0.09472730177854571 -0.05772342188820903 1.148517369167011 124 98 87 0.15
7988 0.08201355188356574 -0.05105693658603153 1.163728329697883 56 40 39 0.27
7989 0.1137540908400823 -0.04169890722243938 1.001083297566378 142 106 84 0.4
7990 0.1615646521808558 -0.01916829556208133 1.068037701471254 80 59 51 0.17
7991 0.1220486636914305 0.008213853550282868 1.134899841873712 69 52 51 0.29
7992 0.1184167806300783 0.0273807133714016 1.134796820775725 127 103 84 0.48
7993 0.1300002773218131 0.04220785100085117 1.116852061516174 85 58 47 0.23
7994 0.5264828661659852 0.1382134538889589 0.5550668175159827 88 52 32 0.54
7995 0.1647978025856862 0.09533931735632492 0.869597741627306 148 101 79 0.64
7996 0.1918825635870604 0.1144420209488858 0.8885845654796672 118 85 53 0.33
7997 0.1892148210662655 0.1175474398224488 0.8925072385011549 63 32 19 0.3
7998 0.5392738840331595 0.152451090948311 0.5306079927726571 90 53 33 0.68
7999 0.4330322082886417 0.1527043049374325 0.6808369256402573 89 62 38 0.32
8000 0.1690346634487477 0.1242989830505684 0.8694919739866805 110 68 45 0.57
8001 0.2649497649757035 0.154218656432023 0.9132223613345213 74 44 35 0.2
8002 0.5318597821664685 0.1608803176264439 0.516392892941428 104 68 48 0.13
8003 0.5041614999392697 0.1643142695523986 0.5755146160429481 134 86 55 0.25
8004 0.3628620261893126 0.1640873005247593 0.7728886802957182 168 131 94 0.56
8005 0.3791161239165836 0.175720498143371 0.740847726953927 163 120 62 0.35
8006 0.3728809619289239 0.1730557654397877 0.7572660196422355 95 63 31 0.26
8007 0.3990349925611513 0.1883275689342309 0.7102027492236691 106 83 65 0.27
8008 0.3360190542359521 0.187426154209142 0.8056911778570787 118 86 53 0.27
8009 0.1203312027330532 0.2021422860626626 1.119833412982769 90 58 48 0.22
8010 0.5214224214855639 0.1921827296904844 0.547009098112521 57 27 13 0.26
8011 0.3588804213198361 0.2203056883713934 0.7594949967740382 86 70 46 0.62
8012 0.1683700151793961 0.23737902968729 1.03184510408659 73 54 41 0.58
8013 0.0628813614711321 0.2455071228548089 1.174450872253414 43 29 28 0.53
8014 0.5113183244341385 0.2163171708033364 0.5602273273478738 154 116 74 0.21
8015 0.4098704021592139 0.235096422899835 0.6891764037530087 106 80 51 0.26
8016 0.1002634208797099 0.2789819634814643 1.116401023919279 89 67 62 0.43
8017 0.3378243881612311 0.3080621514827871 1.100070353102011 142 116 105 0.46
8018 0.3001066058203223 0.3167780540868489 1.068683390135632 86 72 61 0.3
8019 0.3190554122041537 0.3094842876602162 1.080543707426309 120 102 95 0.26
8020 0.1192767138124989 -0.1466563975832931 1.101478403265358 165 127 94 0.5
8021 0.107504560451166 -0.1479433402041385 1.121064900806956 83 61 52 0.16
8022 0.08241328642566803 -0.05729916264344251 1.168080789133493 115 82 56 0.34
8023 0.1557766802650128 -0.01118854173308781 1.04500617038373 131 108 80 0.91
8024 0.5458415580649026 0.1247133867533907 0.5202351143549441 81 67 58 0.44
8025 0.5139761944397554 0.12059566552449 0.5003110290106741 47 36 33 0.27
8026 0.1889356240713206 0.1132256862198897 0.8872649762541935 124 84 57 0.77
8027 0.1225228647225108 0.1320701529306003 1.138528960513545 132 104 81 0.25
8028 0.1682365106610372 0.1194588832222877 0.8690628577600996 98 50 23 0.42
8029 0.5348368923946569 0.1699073120696843 0.5287420007872078 119 75 31 0.35
8030 0.3063090316325444 0.1788630236406306 0.8483829997120567 138 105 69 0.32
8031 0.4819669071237524 0.1999017307397584 0.5952217732489461 70 58 27 0.36
8032 0.3689365566992491 0.2083419583386707 0.7469353731218478 67 39 20 0.14
8033 0.3418017410292272 0.2120932834202753 0.7882268058507798 156 122 86 0.8
8034 0.2949974319817384 0.2689520584999195 1.070285738742678 46 47 39 0.58
8035 0.3289998224528985 0.264369118525358 1.105723476143372 77 51 33 0.46
8036 0.2960837133977193 0.2770530690634126 1.065034953702104 76 62 58 0.18
8037 0.3199190878860828 0.2914611983926223 1.087717110414308 54 38 35 0.4
8038 0.1240582044284457 0.282264104215443 1.08831553883375 44 31 28 0.28
8039 0.307257869973977 0.2949540257073833 1.078454121910039 64 48 40 0.39
8040 0.2702959518383136 0.3022124765438458 1.04795691598395 62 45 40 0.09
8041 0.4012247886379098 0.2340008170065295 0.7023870944348004 98 77 45 0.36
8042 0.08507585391690975 -0.2256997510949225 1.09937821683529 117 98 89 0.95
8043 0.1373355678530725 -0.00898597385956218 1.098707522284309 100 73 59 1.35
8044 0.1414889471522192 0.02364264934234167 1.104226018907996 135 107 89 0.47
8045 0.5075358720837708 0.1136206850944824 0.5895866014777 179 204 224 0.92
8046 0.5227674621671097 0.1361400447240577 0.513501073250164 177 124 87 0.58
8047 0.1764143118786254 0.13818227446621 0.8755008819965969 51 30 23 0.27
8048 0.3738793472078051 0.183161671808732 0.7520175033622029 29 19 11 0.33
8049 0.5045175071840853 0.1810699357339364 0.4907693774425742 72 48 33 0.2
8050 0.4469342887741728 0.2076138509753127 0.6410217953811158 75 56 43 0.52
8051 0.3440600645809287 0.2329709379900053 0.7771951343251897 49 29 18 0.3
8052 0.2937573403315769 0.2842693361013968 1.065807949036714 27 22 18 0.64
8053 0.4193684909889451 0.2283416386845193 0.6811529343126035 81 68 53 1.0
8054 0.1453706258755899 0.2765781858745006 1.061403524590521 40 30 26 1.04
8055 0.1156291009378693 0.07808158989517702 0.842289028396683 160 108 63 0.41
8056 0.2107187949517049 0.1224475168461892 0.9836262569923749 37 23 20 0.35
8057 0.5004596366819979 0.1599152937387484 0.4937760841440471 78 57 48 0.31
8058 0.2976271414032242 0.2816970360564809 1.069110064331521 114 95 84 0.56
8059 0.3181232735664637 0.2870040278543666 1.083223555229717 132 107 76 0.17
8060 0.1617345842757993 0.2876969393406753 1.055422437585385 29 22 20 0.31
8061 0.327131032166357 0.3362752383421061 1.26647111399736 96 63 50 0.61
8062 0.32711598597438 0.310602925163774 1.083427483743437 84 58 51 0.11
8063 0.2938967561793579 0.3048839220007793 0.9395573570077684 58 67 39 1.1
8064 0.07431746762820701 0.09921746771710954 1.184751511232422 84 59 50 0.99
8065 0.1798705284453414 0.1365278541989766 0.8797432963329341 111 76 40 0.35
8066 0.5326077545202869 0.1852109921982228 0.5343220439629273 125 80 57 0.49
8067 0.4997952827408653 0.1822921091536996 0.4895112487538637 27 20 20 0.15
8068 0.2388975767865826 0.2030005340194365 0.9260884666349922 120 85 61 0.36
8069 0.443987607132481 0.2115405171733611 0.645194675376585 66 39 20 0.52
8070 0.306688992539726 0.3256846961815646 1.277926178238068 114 92 84 0.68
8071 0.2472534743336139 0.2800374802638421 0.9210637473083314 97 73 58 0.44
8072 0.3003141908522593 0.2723459665594987 1.068970571840886 102 88 53 0.85
8073 0.5514046649608035 0.09268283103346461 0.5413740956322305 112 103 96 0.87
8074 0.1627631745894395 0.1261653725454528 0.8574727297369492 15 12 16 0.83
8075 0.408924767639924 0.1718965831091197 0.6987516716555965 163 138 126 0.94
8076 0.05209839639500047 -0.1605972953910642 1.011706406619819 122 94 76 0.3
8077 0.1053568475647216 -0.05345031403557124 0.98873649442371 189 146 110 0.32
8078 0.1632543176381179 -0.01590937792305452 1.046394735647823 131 95 66 0.12
8079 0.06384409757557141 -0.04160290134103065 0.9572830261702879 191 141 92 0.31
8080 0.1204369291397367 -0.01118734549870895 0.9577286584812553 176 118 76 0.33
8081 0.1616093324640335 0.01703880369370195 0.8790482820584486 137 97 66 0.37
8082 0.5274211368500644 0.1399159192221585 0.5529859998420809 58 34 20 0.3
8083 0.1762632142988525 0.1397027709416918 0.8720057026747432 184 133 91 0.13
8084 0.09421453725631912 0.0606429754393269 0.8230061285916259 150 99 55 0.55
8085 0.2591444912936631 0.1401130464982114 0.9331422130214287 118 87 63 0.13
8086 0.241287053313864 0.1500438997660624 0.9488950630262953 77 52 34 0.73
8087 0.1653621889947768 0.1602919387313384 1.090222599181095 91 71 56 0.13
8088 0.4008796099281972 0.1633467813698631 0.7156708967370102 147 114 70 0.41
8089 0.08072737804216712 0.173416527662193 1.170024999635519 63 48 41 0.34
8090 0.4535627605731165 0.1697208311436431 0.6386837963540613 98 80 60 0.14
8091 0.3919326590713059 0.1735596766726076 0.7238587251973316 114 87 45 1.07
8092 0.516355150659781 0.1773114883471307 0.5517981816242716 80 50 33 0.21
8093 0.4227023630999803 0.1901648932175875 0.6667710828244207 32 23 16 0.28
8094 0.3709053364602435 0.2016442236760711 0.730949818521532 50 34 18 0.63
8095 0.371225405516554 0.1973363090944319 0.7427800716544759 71 54 36 0.34
8096 0.3452714082484332 0.2096010679657714 0.7797075552156728 88 68 51 0.21
8097 0.3445244155737897 0.2134940521927999 0.7818591299191245 127 94 58 0.18
8098 0.320798337267201 0.2141219792119746 0.8156023481586481 99 72 48 0.51
8099 0.3157275486043101 0.2122406167745319 0.8244679440938196 72 56 44 0.41
8100 0.2965519281683562 0.2115982524628442 0.8508769150547755 127 83 49 0.52
8101 0.1662056764357717 0.2482815775135431 0.9879241707542232 65 42 29 0.51
8102 0.2483240761158085 0.2681421345599492 0.9773290701898917 68 50 35 0.62
8103 0.2302453078705601 0.3129798260908051 1.051045001894188 68 65 44 0.51
8104 0.5097040152129239 0.2388948350802115 0.5645748299525907 139 107 65 0.65
8105 0.1313886518966716 -0.1253100748801641 1.095902816279747 46 33 29 0.23
8106 0.08281993347761496 -0.1599181164289823 1.15221147514635 84 59 45 0.97
8107 0.05471393605937358 -0.1257832055499689 1.000320209568081 137 99 70 0.47
8108 0.1520643313509711 -0.002120092694209652 1.02264453198076 143 107 72 0.32
8109 0.2114648328102238 0.03048539235751369 0.9488933410393099 145 89 57 0.3
8110 0.5219655662431189 0.1174623374286502 0.478301171839979 62 48 31 0.7
8111 0.4908330339089059 0.1461119194846922 0.5927647699405595 64 46 30 0.37
8112 0.536300714970404 0.1624693974915928 0.5289541678469374 96 63 24 0.12
8113 0.4494137664520305 0.1764713320183974 0.6418048924321716 105 78 49 0.33
8114 0.3828022828302502 0.1685136803493936 0.7402855757570901 94 73 42 0.8
8115 0.5288833199847442 0.1924679878571668 0.5342415246323556 20 10 8 0.53
8116 0.3421721429778848 0.2018113765221874 0.7880055712949358 100 81 59 0.24
8117 0.4736822229793729 0.2047034741344481 0.6042747594664241 154 127 87 0.48
8118 0.5295137904052334 0.2195656668280208 0.5423132388060448 107 72 51 0.24
8119 0.3791294767331004 0.2413264603131464 0.729585335551505 130 89 55 0.32
8120 0.1815582419583335 0.2637255402303385 1.001310409495221 48 33 23 0.18
8121 0.3271292862362401 0.3110623601581771 1.124234571575041 85 62 49 0.35
8122 0.2870520105280079 0.2806334038625981 0.8587015643383822 83 64 39 0.63
8123 0.09626330603396316 -0.1887226204852846 1.129224909720918 70 56 45 0.66
8124 0.05454712533686923 -0.1124432839248619 0.9966539765889989 98 60 34 0.56
8125 0.1539563650525267 -0.04941861507623899 1.073993159681924 121 96 79 0.34
8126 0.1066871272973318 -0.05604745872737846 0.9925645274086886 112 73 44 0.9
8127 0.1627149330930145 0.03875800669698512 1.051940501808044 70 39 24 0.25
8128 0.5514355881121075 0.1266736321696469 0.541181505207371 62 48 39 0.46
8129 0.5215712710076877 0.172823472582088 0.5509464501029049 101 65 38 0.37
8130 0.08001361253144734 0.1923960293009047 1.165226887556238 44 29 21 0.23
8131 0.5206997955273915 0.1782479117797665 0.5455966285920185 144 95 41 0.47
8132 0.491834196491528 0.176256898777171 0.5799574727890314 95 66 37 0.8
8133 0.07446071584263303 -0.0279832520258127 1.171983892587065 68 51 42 0.24
8134 0.1896103234958528 0.08470475494330465 0.9861164309213881 123 82 53 0.95
8135 0.5315120910638471 0.1248183922654304 0.4407995436648193 8 5 3 0.49
8136 0.5161147831260156 0.1604740159248296 0.5565450826961054 48 21 3 0.13
8137 0.2991304618462625 0.1880087766912322 0.8635018953767855 103 85 73 0.97
8138 0.5336107152388203 0.1772887632658737 0.5305481470632141 50 36 27 0.45
8139 0.1839022546550162 0.274033738838152 1.093996715867247 137 111 86 0.32
8140 0.3645727135997764 0.2296224727355031 0.7510817558734679 36 27 19 0.73
8141 0.2771453837985811 0.2612335974290171 0.8663827912891378 122 76 42 0.38
8142 0.1790741359171391 0.04932980770844131 1.042868343350432 156 121 91 0.27
8143 0.4467856937578679 0.1470414043098465 0.6613765964906128 176 143 104 0.06
8144 0.440565964860074 0.1490188200602459 0.6710921714147529 160 126 85 0.37
8145 0.3637519796857499 0.1777622468717862 0.7631823404825875 112 83 45 0.41
8146 0.4773590513378744 0.200302583135196 0.596326248861618 75 60 43 0.77
8147 0.1583157446342987 0.2877144576203406 1.053308480480527 49 35 32 0.14
8148 0.1527658646864269 0.245318734610447 1.047807048462779 100 68 48 0.27
8149 0.4308224859103893 0.1557073654502745 0.6841776609127094 102 68 18 0.28
8150 0.4408157426381051 0.1771898917992152 0.651906026922303 101 73 45 0.81
8151 0.1287903022019088 0.2330642832046255 1.100440217570908 54 41 34 1.0
8152 0.07829941364373239 -0.1646243136757618 1.139124574318962 90 75 66 1.1
8153 0.08996235580792245 -0.2192290300073607 1.089207275140854 94 70 48 0.69
8154 0.09774220785954069 -0.08019096078419671 1.012411630513916 159 118 82 0.41
8155 0.03515597416457572 -0.06818845798694548 0.9894770730773352 195 158 120 0.77
8156 0.1914345839999612 0.1787933424753169 0.9912342994433854 64 40 33 0.16
8157 0.3714760452988679 0.2259101147932563 0.7430068385489145 79 62 48 0.26
8158 0.4521363842315514 0.2322328214954914 0.6154721589355534 122 97 68 0.24
8159 0.1080532637860829 -0.220241073505119 1.097562172708718 131 105 89 0.34
8160 0.1121471425471051 -0.05962938945543925 1.123028199990773 116 90 72 0.51
8161 0.5391922846242174 0.1435877692166954 0.5376045165739896 95 67 49 0.6
8162 0.161701575814509 -0.03234451108293843 1.070277822445234 128 97 77 0.89
8163 0.1632457027347158 0.04558853019698436 1.058601092428006 130 98 64 1.12
8164 0.1291247590233761 -0.0133064930241692 1.105782139231594 87 64 49 0.37
8165 0.07774306100071293 0.009289730218151493 1.178411732312557 106 77 57 0.78
8166 0.1464799733987226 0.04204732220725696 1.093770903978682 96 62 39 0.13
8167 0.1496773501707072 0.1265742624259276 1.102841997449016 120 90 68 0.69
8168 0.1402906957923106 0.1130523162749804 1.127169964109015 76 49 29 0.55
8169 0.1356852188584344 0.1130702137278995 1.132303556350806 60 30 16 0.38
8170 0.1077856113385597 -0.1105669616253216 1.133097228639284 57 42 31 0.26
8171 0.1590555855646512 -0.02577407549553251 1.058703710076656 88 54 34 0.25
8172 0.08778540853475636 -0.01737238488146017 1.159045774328682 73 54 44 0.38
8173 0.07820877608504428 -0.01663450896823804 1.170255877622019 75 50 41 0.23
8174 0.1412088782553652 0.01021649940863828 1.005777466620333 88 52 35 0.32
8175 0.09328365960376139 0.03472710508155527 0.8262459631172171 164 123 91 0.66
8176 0.1784204415377695 0.1274215114815402 1.041803502080164 110 74 50 0.66
8177 0.2633026093447001 0.1817169140039574 0.9104885272839315 65 41 22 0.16
8178 0.3051142350363053 0.2112608592754613 0.8385005859740997 92 66 45 0.44
8179 0.2944127076721182 0.2131478033025583 0.8547107571382384 98 72 48 0.42
8180 0.199606282313409 0.2238528255522638 0.9660866589305159 60 44 34 0.87
8181 0.2419771678667169 0.2281086531852298 0.9215677599823193 140 99 64 0.48
8182 0.2931477440636022 0.3086109023561707 1.064678153066962 44 26 25 0.2
8183 0.08209343672938163 -0.03912623070426022 1.165184634365012 55 39 34 0.46
8184 0.07099613599746524 -0.03685799308339846 1.181293634819458 89 69 60 0.45
8185 0.2021945214827303 0.1601856266871677 1.005452780337319 130 91 60 0.37
8186 0.3281157995834043 0.2086148309634096 0.8012963063458043 67 42 24 0.26
8187 0.2383152653376396 0.2201807552398897 0.9297186999570851 100 77 58 0.73
8188 0.1236014759906275 0.2812517692713978 1.084194083160867 51 37 32 0.33
8189 0.1377379777324362 0.06808634087953688 1.100842246096484 67 48 34 0.35
8190 0.1915204239234564 0.2408618066568332 1.000070681721822 105 71 55 0.43
8191 0.2060438879462982 0.1108522076483768 1.017109768958934 107 83 38 0.36
8192 0.1314086752715201 0.05875665571493296 1.118288825076649 98 63 38 0.85
8193 0.186207438984307 0.03651196909135779 1.030396429557631 92 65 40 1.42
8194 0.2491453396560804 0.1979469104451912 0.9329137097548599 25 16 10 1.28
8195 0.08335164153762453 -0.1299941564858728 1.026059101928328 174 131 87 0.69
8196 0.21217950914646 0.1058753994666811 0.9168751005966945 154 103 53 0.75
8197 0.1762403550932762 0.09665723124713263 0.8817985859364095 163 124 73 0.74
8198 0.260451596927849 0.1756184484654695 0.8828874407357665 186 145 96 0.37
8199 0.5184875824133878 0.1732494576623803 0.4568642326148833 134 110 89 0.69
8200 0.09830868195588194 -0.1620235580925659 1.062659352486631 201 159 105 0.53
8201 0.1874155380304378 0.1696258971218315 0.9936076529692015 62 37 28 0.12
8202 0.5424607073959669 0.1960912196438239 0.5152528740608803 89 56 39 0.35
8203 0.1807387053193174 0.2501328529924552 0.97562891181626 47 32 23 0.79
8204 0.06954641133586859 -0.2577874136204433 1.107604092701633 112 92 73 0.86
8205 0.05945976973381417 -0.1935479896705192 1.040759341876658 157 121 79 0.47
8206 0.03298704872985492 -0.09229720384343046 0.9660609604235658 175 155 137 0.88
8207 0.1273921638501099 -0.02527205756509021 1.004024466984713 195 152 109 0.38
8208 0.2153273836256575 0.0638590311529765 0.9261844554966745 215 168 113 0.31
8209 0.11213293701159 -0.1833353676272924 1.099421673345198 170 130 91 0.9
8210 0.1200030382302782 -0.08049744200656492 1.038479782765627 191 145 93 0.72
8211 0.1786924619246897 0.01574652869896781 0.8939337326888089 180 136 101 0.89
8212 0.1665284754557868 0.2420566905620885 1.024972580188288 51 34 23 0.74
8213 0.1551380688136421 -0.04718620107518059 1.066057064902497 82 59 44 0.64
8214 0.2890721700371797 0.1829148417604328 0.8704714599801193 115 84 61 0.69
8215 0.4700976054907302 0.1632093410834136 0.6162959103030486 93 69 38 0.81
8216 0.3681342899561766 0.1659243177599855 0.7637952262354732 136 102 76 0.41
8217 0.2119123038671833 0.08316118560961883 0.9199239117885463 220 172 116 1.54
8218 0.2504612069366107 0.07952220272443994 0.9449480513555688 88 55 23 1.22
8219 0.4606638278312749 0.1851611200854386 0.6211713958567404 141 97 23 0.36
8220 0.04466493326521581 -0.1159258736305783 0.9905511880234306 134 99 65 0.5
8221 0.1195194054578095 -0.0807826836810259 1.031331507720615 192 150 90 0.04
8222 0.1745369493429078 0.03329587579477403 0.8970447405789437 142 94 52 0.33
8223 0.07640149596016221 0.01361402182112395 0.7979474355771992 183 183 181 0.57
8224 0.5517817338929236 0.1284270827208395 0.54272900397302 89 65 50 0.41
8225 0.1989066065094428 0.09739940406902886 0.9134854455761399 150 105 65 0.25
8226 0.2792893455664041 0.1313183789617326 0.8990527976520184 167 112 70 0.47
8227 0.3665784876442659 0.1638626274494367 0.7682912836389846 129 94 62 0.37
8228 0.3575984388573977 0.1912714940834537 0.7763988248297858 75 56 36 0.49
8229 0.4100645716989428 0.2174464670019677 0.6911059113704798 78 54 34 0.23
8230 0.2756260514846476 0.2677827364500176 1.047790577305366 110 100 61 0.63
8231 0.05253705448854218 -0.1608363191362952 1.015887989259074 133 90 58 0.32
8232 0.1037135781150944 -0.1490177813244639 1.058766901235695 90 60 38 0.15
8233 0.1105180027971971 -0.1291762096036351 1.055584175172238 184 146 86 0.23
8234 0.111312748184737 -0.1164868199684381 1.046178955233143 175 126 78 0.23
8235 0.06938652961936309 -0.1161465685747009 1.008378793753603 214 162 98 0.41
8236 0.1893563416619125 0.02068025627274286 0.9214558641631092 161 116 81 0.2
8237 0.1534682309021066 0.01213489753170799 0.8722518065106888 140 99 65 0.56
8238 0.1402805990855803 0.06095486912160419 0.8593176321002858 180 142 105 0.54
8239 0.1754690525827946 0.2250643237881691 1.032379191844189 54 35 21 0.18
8240 0.1582593803315899 0.2145058881517379 1.058520573144756 88 70 57 0.74
8241 0.3274099024600929 0.2575162860808938 1.11344706765644 146 103 63 0.72
8242 0.316852824739796 0.2383138721585933 0.8128025366189633 41 24 13 0.16
8243 0.3229668681448236 0.3181174397021642 1.268845573013581 167 141 121 0.4
8244 0.1707429521951261 -0.01959742875990789 0.997833573126359 216 180 137 0.9
8245 0.1728470674347211 0.05696804192933433 0.8906347541150063 191 141 94 0.27
8246 0.1647532451040672 0.1009802702918 0.8641588340543531 146 94 50 0.75
8247 0.2794402751927966 0.1346717403025113 0.8976001162665095 181 115 64 0.55
8248 0.506078056271877 0.1962555803566838 0.5687776781402764 67 45 29 0.65
8249 0.4240158078493406 0.2532794723357091 0.675428785189861 83 66 53 0.16
8250 0.1481502089192588 -0.01677543686043859 1.028671782186241 188 157 122 0.3
8251 0.2815761397887396 0.1055969914387548 0.904573588986617 201 152 98 0.34
8252 0.5287788815151149 0.1809967628950557 0.5315884476224533 22 12 6 0.38
8253 0.1254724275805119 -0.1676851490911183 1.089529653024658 185 141 96 0.54
8254 0.1709611970669708 0.02526004282773719 0.9010783720612039 201 141 74 0.41
8255 0.2241496808969551 0.06155245964745693 0.924581898534774 225 169 118 0.18
8256 0.5206221446350259 0.1861519955175209 0.5467403023460661 126 85 51 0.26
8257 0.291548622175774 0.1831343766729931 0.8683303667307374 114 81 52 0.66
8258 0.1389477135316472 0.01952567012132347 1.10102558674944 153 105 69 0.66
8259 0.1709027987952579 0.01944516176487068 0.8968829234538884 151 106 56 0.26
8260 0.5414505616108088 0.1935653452541625 0.5203666442198752 40 18 11 0.49
8261 0.1945865105954339 0.1638055501489748 0.9984107563268396 41 30 25 0.06
8262 0.2017466235339102 0.2330278250834321 0.967860210659892 75 49 39 0.93
8263 0.1774610031950786 0.05322196946209493 0.8954677522393393 191 134 77 0.46
8264 0.5380359391257707 0.1346959994273499 0.553358540688086 30 17 11 0.61
8265 0.3782511371725054 0.167325370009487 0.7463264816676051 43 33 22 0.9
8266 0.08953661343856356 -0.2760617073412164 1.09283953215238 150 137 121 0.59
8267 0.07651175211800276 -0.2042603262037684 1.154953689580036 144 149 157 0.97
8268 0.118306546081275 -0.09592537782425217 1.047089775794205 85 56 32 0.11
8269 0.1562403265728362 0.01894423586933394 1.016366793008345 154 100 62 0.64
8270 0.09459695693456693 0.06070582275642666 0.8227941292761162 160 97 52 0.16
8271 0.1352926660652301 0.06133824124766901 0.8541507804037876 169 126 89 0.36
8272 0.406263529248587 0.1651702195735676 0.7086434186032488 151 125 102 0.22
8273 0.4797376300889751 0.1792567806263069 0.5970334483361028 108 85 60 0.07
8274 0.3684140934484221 0.211712017128906 0.7465232176421638 88 64 42 0.27
8275 0.4289719268932032 0.2198294132229812 0.6556222395557932 100 80 60 1.27
8276 0.5119778118928778 0.2277233997676033 0.5690985403442773 89 66 59 0.25
8277 0.5009236696374936 0.227098819643398 0.5716211947424561 164 143 127 0.24
8278 0.055678531956177 -0.2096353205949718 1.053766594901043 81 59 49 0.54
8279 0.1974250717721405 0.1925299847871414 0.9867937566130077 32 26 25 0.37
8280 0.4509813935653829 0.2211460020521743 0.6349501742504183 98 81 64 0.23
8281 0.1382027128381341 -0.003630961802600696 1.014740347333898 140 94 54 1.04
8282 0.4768283831974504 0.2317197039313852 0.6096625979386998 153 124 100 0.35
8283 0.1607158513740793 -0.04389000987028788 1.060278836310854 122 94 76 0.46
8284 0.1052830746854835 -0.03824389991734925 1.137145818354641 91 63 51 0.81
8285 0.1972033696244727 0.03393662115453058 0.9153452714955609 158 104 52 0.26
8286 0.1884477872118936 0.1228152828354238 1.00134517400383 114 73 48 0.45
8287 0.5356463019777238 0.1526903373294901 0.5350842228490479 82 56 36 0.24
8288 0.2731444393319565 0.1750487894797629 0.8992144178563831 99 72 52 0.74
8289 0.2583710482783337 0.1758647346618106 0.9182556626278675 68 47 35 0.12
8290 0.2430733348143641 0.2015439635649434 0.9278546921613144 56 36 20 0.37
8291 0.3200254586596121 0.2083909818007004 0.8208986147559088 92 71 47 0.23
8292 0.3043917154291823 0.2139400008216094 0.8506202882348646 93 76 60 0.24
8293 0.2375964365580564 0.2387383747746738 0.928197487056643 39 24 21 0.36
8294 0.3817504813297837 0.2408860167432429 0.7259405444241327 98 70 42 0.25
8295 0.4965306973965151 0.2254680409778606 0.565947891469596 194 169 98 0.41
8296 0.488324741553035 0.2274304715812205 0.5777725708493802 168 144 122 0.87
8297 0.06615969363229657 -0.1918320401974209 1.049341119358807 61 39 17 0.57
8298 0.1626448148552699 0.007077293338842522 1.055479903022178 74 50 37 0.35
8299 0.1530913147297328 0.008098495190854038 1.077809275876689 56 35 23 0.17
8300 0.08192592357204609 0.02468272689153431 1.169269178413362 119 99 89 0.15
8301 0.5426916633271045 0.1120241162529533 0.5398970870261114 118 80 57 0.11
8302 0.1872022482325491 0.1471107781485962 0.9881821553369015 51 32 29 0.14
8303 0.3826983631200455 0.2316253182988114 0.7305461318661307 70 41 24 0.54
8304 0.435015721999776 0.1574903053517912 0.6712827314054154 126 91 56 1.22
8305 0.521211114927877 0.1682577514336009 0.5492159538891306 110 78 50 0.11
8306 0.5138656691161033 0.1746133796299247 0.5618289490882615 71 43 28 0.14
8307 0.1152948875342359 0.2409400619889131 1.11096971562593 51 32 27 0.32
8308 0.4934830533663723 0.1985170539982769 0.5839031605449625 131 100 65 0.23
8309 0.4182226952769373 0.2072037906442797 0.6746108112515489 129 95 52 0.35
8310 0.4072801676868874 0.2059812911634311 0.6881226680289487 108 76 41 0.44
8311 0.5086770219371849 0.197485531082464 0.5621661608411483 77 45 25 0.33
8312 0.2568616379828965 0.3135260250256882 1.035390570427205 110 90 76 0.45
8313 0.1280012407786707 -0.03020523315266019 1.109315220452823 127 100 85 0.86
8314 0.1378951990733761 0.01358524243857415 1.10634114298052 64 47 39 0.47
8315 0.1273403456879377 0.123822157198408 1.137231125273561 59 47 36 0.18
8316 0.5224091020100873 0.1547936549592653 0.5502826248168512 73 52 28 0.17
8317 0.5399377065468991 0.1908270132558777 0.5219152877808005 76 48 25 0.55
8318 0.3675627247500574 0.2173326843969559 0.7480624318386232 102 84 58 0.12
8319 0.3118766124691478 0.2400439053891701 0.8199841782414814 38 26 18 0.35
8320 0.1611222135128615 0.04211450075093165 1.062484448866289 148 106 78 0.48
8321 0.1673675487970361 0.08296028294947688 1.00680058578476 132 104 85 0.32
8322 0.2409001780254743 0.2822824965474945 0.9339782226977793 67 55 50 0.34
8323 0.2538725282282656 0.1300067921427579 0.9569800186210764 73 46 20 0.39
8324 0.1821124190439708 0.09218018166948547 1.00306349296212 70 42 28 0.84
8325 0.1498285209548719 0.1275026377069177 1.088835227745701 53 30 22 0.35
8326 0.4359680962908012 0.2100180395797181 0.6561250965006291 77 61 46 0.88
8327 0.1354287241018208 -0.06355843204262826 1.108531276878631 128 107 62 0.47
8328 0.5381654367952333 0.09423683127819912 0.5528339832150629 69 48 36 0.96
8329 0.4185316480702236 0.1985636475639426 0.6802050948433184 99 81 37 1.15
8330 0.1072122176848413 -0.1014588448649425 1.127577186255067 77 53 40 0.3
8331 0.1223881766539437 0.01599312425297089 1.135351233878717 134 98 74 0.2
8332 0.08521979354756659 0.03479254735421544 0.8187218301822285 142 102 77 0.2
8333 0.196485766866036 0.1132640923437632 1.00536874892112 100 60 34 0.57
8334 0.1713062217837086 0.1230917927730805 1.067369363405254 71 40 14 0.45
8335 0.1320390795486762 0.1949115447244974 1.08135090706604 66 48 38 0.42
8336 0.2439579470160957 0.2109064836334468 0.921767612103592 140 91 58 0.34
8337 0.278579838518857 0.2169187357914298 0.8734399715127589 92 64 46 0.61
8338 0.449625613874115 0.2024483439763147 0.6294291295719963 43 42 32 0.09
8339 0.134417176745322 0.08396243294873973 1.101454001942094 85 60 42 0.73
8340 0.1241232320074299 0.06032910588407378 0.8457743655017838 189 137 93 0.93
8341 0.1449480328235947 0.121536122631267 0.858708018576662 103 71 51 0.44
8342 0.2726317248150962 0.1452596681080724 0.8918593367699739 156 98 56 0.35
8343 0.3257621208798331 0.2558192499340742 1.101333504790587 150 97 64 0.24
8344 0.3193279873161813 0.2234592716194219 0.8178597476258146 84 54 24 0.61
8345 0.1080980215151266 -0.09359506532581505 1.128664347404747 142 107 78 0.43
8346 0.1135822310950166 -0.07690178219422975 1.035616147195054 72 44 30 0.23
8347 0.09044376314399838 0.07206541925197488 0.8255157912349611 170 107 59 0.38
8348 0.324721163945505 0.1870049111655383 0.8218219818438175 117 92 69 0.83
8349 0.09083565575573671 0.2227501851333725 1.158492021692608 45 34 31 0.28
8350 0.1692703533298541 0.07233721410680594 0.8763367472085545 168 114 61 0.47
8351 0.3063937105887491 0.1967768254530378 0.8620165519673502 152 117 79 0.69
8352 0.166834502617754 0.2162513194968939 1.048517503033873 21 17 16 0.49
8353 0.0494926568006705 -0.06163344652779698 0.9629656399464737 167 119 76 0.55
8354 0.103744930618449 -0.122004631386738 1.043913241292936 194 136 80 0.17
8355 0.1241175758249465 0.04211329447654452 1.105677994611767 111 68 32 1.94
8356 0.5451355407451804 0.0983696621822817 0.536361031850181 179 108 50 0.6
8357 0.1849842077900144 0.07211129202249658 1.028012233705484 78 45 25 0.58
8358 0.1123174811446959 -0.03536355217273016 0.9892352939043896 133 91 62 0.36
8359 0.4480996232152473 0.2225455639282493 0.637994221395988 81 55 35 0.4
8360 0.1335814339404161 -0.05681170186915693 1.095966707092298 113 86 56 0.27
8361 0.3454660853644367 0.1679220525083109 0.7969837125292909 91 62 38 0.23
8362 0.2456374257220627 0.2661670726403697 0.8987516661158235 110 69 46 0.21
8363 0.3421012739021476 0.1699864969450361 0.7983757005309483 85 59 37 0.19
8364 0.1279010725074997 -0.1271331042816077 1.075603133927507 128 90 54 0.79
8365 0.5126447943553658 0.1312716765079425 0.5830915088036431 111 80 54 1.21
8366 0.3129672398641056 0.2347632043463195 0.8297734524273435 107 87 70 0.19
8367 0.0906959890005079 -0.1029947651991805 1.148030872579684 96 78 61 0.18
8368 0.1441315725534233 0.1025006282622979 1.105616069542901 73 52 37 0.63
8369 0.4369231240515101 0.1997558275855881 0.6498010354700707 128 97 49 0.57
8370 0.1105423016226427 -0.187969930332635 1.109562328557742 136 115 88 0.59
8371 0.06964604112798567 0.1462379266743847 1.187115071159297 112 81 64 0.38
8372 0.1942002462597374 0.1510694643197693 0.9087788972117294 100 43 13 0.21
8373 0.3191263753925815 0.3183694203813702 1.076768485602424 52 38 33 0.65
8374 0.1247223630454186 -0.04683812917114957 1.014189100236027 163 136 110 1.15
8375 0.5130071442283332 0.2166624411411544 0.5566071321142737 93 62 44 0.85
8376 0.5258526735772151 0.1251084381502262 0.4771164447720456 89 72 52 0.19
8377 0.3010485469833852 0.1928510098631555 0.8535107407185827 67 37 25 0.74
8378 0.5244252188763844 0.14636931734376 0.5112157961936151 167 110 63 0.18
8379 0.170253940924251 0.1652033278886375 1.051886185329912 85 59 36 0.38
8380 0.500564664808693 0.1757234598223693 0.5741932636624968 45 32 21 0.18
8381 0.101381187632084 0.2599724652355277 1.123870491183767 37 21 18 0.36
8382 0.1740518912353826 0.1982951203021373 1.038027058420954 65 46 30 0.55
8383 0.2480288536047155 0.2845096855250823 0.9097588062550718 107 67 41 0.33
8384 0.4496550419331514 0.1461088811750219 0.6564745168951269 140 104 73 0.31
8385 0.4821844206848638 0.1962550265888565 0.5898193501369661 116 76 22 0.64
8386 0.390849182240476 0.2091457516414545 0.7100595111395124 142 102 64 0.9
8387 0.5206601943450457 0.2012429457128595 0.5466770581784147 103 60 32 0.3
8388 0.1317247237231281 -0.03247154996125431 1.014988129508542 202 169 131 0.35
8389 0.1440822619713743 -0.01474338186130067 1.016503738722001 109 71 43 0.11
8390 0.2957891115780376 0.2212563303250061 0.8495798188711905 70 46 28 0.13
8391 0.1479369363642786 0.08886421007910408 0.8555446202634316 160 100 60 0.36
8392 0.2960451665637426 0.2144718899533505 0.849986858944426 114 78 50 0.77
8393 0.2440564488996091 0.223077534758779 0.9168218977138545 100 68 46 0.52
8394 0.1807715825925449 0.1043136598312618 1.061270146237863 104 72 55 0.54
8395 0.4121177724299638 0.2017433934819036 0.6827786052087064 116 81 45 0.32
8396 0.3310624799774701 0.2452463892866525 0.7936338113920757 87 63 42 0.56
8397 0.1965072353602877 0.1158201246129434 0.903936547384804 184 115 58 0.42
8398 0.1026569378049926 0.1225631531778457 1.170725813351102 105 78 58 0.98
8399 0.453664507450235 0.2309839603369097 0.6451450808512347 67 58 50 0.32
8400 0.08326607403723119 0.02535953203063329 1.173713853523417 96 71 56 0.59
8401 0.2363215111212897 0.2558820712114755 0.9107576542677429 92 71 51 1.14
8402 0.1315904470352001 -0.03720273293028012 1.100831312822633 130 102 75 0.3
8403 0.5212625746162012 0.1523291859092044 0.5125013590979449 60 39 34 0.17
8404 0.4151674992529052 0.2188230840881532 0.685023298805878 64 41 22 0.5
8405 0.1353156409024221 0.004851205246242885 0.9972508075187119 63 35 25 0.77
8406 0.04093103853351432 -0.08735581019971742 0.9769240315680854 98 63 38 0.76
8407 0.1470423884072459 -0.04236175302861153 1.042419652238417 159 118 75 0.61
8408 0.1721690340247293 0.1059349760265489 0.8788290365145632 121 92 55 0.75
8409 0.3580045125469352 0.1767072324107744 0.780068199906605 96 68 40 0.37
8410 0.1247029021913851 -0.09438686635815582 1.05044941841737 121 87 53 0.23
8411 0.04680035983604447 -0.1104116870782847 0.9871349724796467 185 157 118 0.5
8412 0.475596870197883 0.1382143561770385 0.615444821125453 179 148 80 0.68
8413 0.2152123983368527 0.04199999553782757 0.9367891245605018 106 70 39 0.13
8414 0.3714573938272301 0.1721601723412441 0.7589181399745337 107 83 46 0.43
8415 0.1636102684453829 0.1566732545184073 1.059569452728806 69 47 35 0.44
8416 0.0559400276398937 -0.1788803142882313 1.027325883283178 134 96 70 0.21
8417 0.1724853007121954 0.02429313632252761 0.8995947852189292 202 144 79 1.0
8418 0.16811242462445 0.03282831523996588 1.032868838728571 125 92 60 0.53
8419 0.1395050909369119 -0.093701441042745 1.06983929959401 132 89 40 0.65
8420 0.06657979230714894 -0.1737967966177727 1.038736173535451 119 80 50 0.7
8421 0.25200584907232 0.2178587590725579 0.9126817832208631 72 42 36 0.16
8422 0.3985557318315371 0.1611152916726921 0.7182967857881657 102 70 45 0.29
8423 0.366700530614308 0.2286404995306242 0.7470065228013778 56 44 31 0.69
8424 0.2185118502159962 0.03145312355439051 0.9380644590885563 121 87 59 0.06
8425 0.2953594218421526 0.2631409743090817 0.8350680130224259 93 66 42 0.56
8426 0.04871616082139996 -0.06159305516238664 0.9611842998730566 126 90 57 0.37
8427 0.1121764502860757 -0.1515425796344853 1.115929151288077 103 82 69 0.34
8428 0.2177006638495959 0.1146520495507011 0.8571377720647302 141 71 35 1.64
8429 0.3354221612092116 0.1734171846429388 0.8118417520910495 170 127 88 0.09
8430 0.1912268133377223 0.2377056033242504 0.9859661479967523 59 33 23 0.3
8431 0.1184159046020338 -0.0574756987208507 1.023749145083571 115 71 44 0.46
8432 0.1961200729646227 0.1115897665888211 1.000355128588767 152 107 57 0.66
8433 0.4202965347232283 0.1613395483516397 0.6882745545396658 156 112 66 0.11
8434 0.4486692350251691 0.1426691554434916 0.6481718072913586 192 164 136 0.45
8435 0.27642053785722 0.2097044208569575 0.8743398650743757 123 94 62 0.92
8436 0.04806285762985529 -0.09620286792300323 0.9852192105819402 103 73 53 0.61
8437 0.4557191048110318 0.1577632834957779 0.6390343590940575 85 66 47 0.29
8438 0.2104265317185149 0.1422511460505231 1.003263181680014 117 81 57 0.47
8439 0.05798892478599704 0.1922832337028903 1.198785851444673 103 79 65 0.57
8440 0.4748890959517792 0.1935660175683035 0.5988814533528262 102 78 52 0.16
8441 0.4625014913263364 0.2156257708221518 0.6210646552661393 62 42 27 0.51
8442 0.4728888345733896 0.1907557724617968 0.603003730594055 120 100 65 0.79
8443 0.3794834484256029 0.2212897145848759 0.7306197049052873 96 78 63 0.34
8444 0.1228966376681273 -0.122390845283157 1.05806260908843 113 89 68 0.05
8445 0.1895490183628253 0.05678425909305146 0.9094601817683232 130 91 58 1.15
8446 0.1454515185039623 0.04101890229043781 1.086484289146767 88 59 47 0.19
8447 0.1180170263364791 -0.07788911926088984 1.036942881825858 177 128 86 0.1
8448 0.1992828511038776 0.05460005380430577 0.9148838029836124 181 144 95 0.75
8449 0.08758425755857258 -0.1018954506331047 0.9830891124924397 120 72 36 0.38
8450 0.1723806319256765 0.06816385513522952 0.8788521654065765 76 48 31 0.46
8451 0.319160593585869 0.1954491664449712 0.8257568968062787 72 55 34 0.15
8452 0.3283894739970877 0.1827502081820682 0.8163323390509136 105 80 52 0.24
8453 0.06433063871461064 -0.09185426171712083 0.9942197809992677 144 106 70 0.52
8454 0.3743666898618618 0.2319031987771221 0.7362077962291269 123 80 32 1.26
8455 0.3426407687673947 0.2309192980248135 0.772790513274682 94 78 61 0.89
8456 0.3551851404778986 0.2299926415062422 0.7609018717353602 50 39 29 0.93
8457 0.1512614547258618 -0.0764950422851334 1.067734215142541 179 141 104 0.51
8458 0.05398700250675192 0.02423555749009168 1.202987572438501 149 181 202 0.22
8459 0.1255750724440308 -0.004202316594257072 0.8673389737977715 206 215 226 0.84
8460 0.2029373627271132 0.1516835490467657 1.002580948855384 53 40 34 0.52
8461 0.2125055585805023 0.1520232940196737 0.9034347354099974 113 72 38 1.03
8462 0.148493986892643 0.1013554704073697 0.8588085400246855 180 106 54 0.44
8463 0.1055201500146721 0.03985545695861431 0.8367218855518337 125 78 37 0.64
8464 0.1813230437326289 0.1053389494106802 0.8814693196575683 188 106 47 0.55
8465 0.06015774148817499 -0.196147559992648 1.05100012313417 128 90 66 1.22
8466 0.1725764022153989 0.1033364727686864 0.8754491264178645 168 105 56 0.43
8467 0.2453390249904224 0.2429745655078268 0.9068690290706949 124 87 51 1.18
8468 0.2758315803751535 0.07960673644121133 0.9236669334116615 138 91 53 0.98
8469 0.2062436532774943 0.1497174656181226 0.9043495401427992 115 69 41 1.51
8470 0.1887371431909391 0.1790278585622819 1.019715572705297 116 69 50 0.24
8471 0.08754453334752843 0.1974523548697369 1.164420459736153 94 70 54 1.3
8472 0.1667637221896872 0.2362210402596539 1.10397934476243 63 38 33 1.42
8473 0.1390872149994145 0.1831744415400735 1.09865004144332 104 61 51 0.74
8474 0.1751332056271386 0.2232404306533909 1.025469297074676 46 26 15 0.31
8475 0.07496003052052047 0.2452134691733967 1.161289678544839 34 18 20 0.27
8476 0.385607909314457 0.2202027877934282 0.7263973193517202 105 83 65 0.61
8477 0.2028744189620135 0.2088275807307759 1.027104916840873 154 123 94 0.5
8478 0.1663428340906094 0.2282448277528618 0.9874466804403808 60 35 22 0.47
8479 0.1527912206227207 0.08705691126789364 0.8558874424337567 219 150 87 0.83
8480 0.2662606240885882 0.2534116467880104 0.8848865746555373 165 111 78 0.13
8481 0.1476536478144035 0.2829686122221647 1.065103980909051 87 68 50 0.48
8482 0.07442041318351711 -0.1031898821507567 1.003657135574235 178 126 92 0.3
8483 0.06485834678849045 -0.08865479918656868 0.9949274559686757 138 90 57 0.5
8484 0.1325431055392609 0.04890891471536504 0.855872727993463 75 42 22 0.51
8485 0.4248880407392335 0.1843671675092764 0.6666321730924584 78 57 38 0.59
8486 0.2420649317535642 0.2165802053315565 0.9216055585794711 52 31 20 0.39
8487 0.3739312886468356 0.2209983381746341 0.7219223527530918 67 44 25 0.93
8488 0.1782729245627511 0.2516631804598851 1.011363764801406 70 46 33 0.18
8489 0.4214203846030089 0.1922352777261538 0.6972926399783275 132 100 59 0.33
8490 0.2463984455660823 0.1991364866140221 0.9264445935024981 79 52 28 0.33
8491 0.14766591218503 0.2556317667987069 1.050964805486437 83 57 41 0.43
8492 0.4990152166541452 0.1994378393080993 0.5728807624971662 64 43 26 0.62
8493 0.3494129655796477 0.2310271552940405 0.7674117024763868 79 60 42 0.93
8494 0.1633833940503733 0.2717143758696204 1.026287109865325 54 40 34 0.39
8495 0.4331440512971706 0.2091093676226553 0.6541049603108509 98 83 67 0.75
8496 0.4233831671419315 0.2165661197823248 0.6717717534234727 36 26 19 0.58
8497 0.09777270660645876 0.02481124545148941 0.8379033444275406 129 81 46 0.7
8498 0.2112659581286007 0.1392092730136427 1.005312183849448 149 116 87 0.78
8499 0.02859469011443072 -0.06176660743438969 0.9537985739814587 97 55 36 1.06
8500 0.08508483183785109 0.03612282946061268 1.168176328527709 95 68 51 0.99
8501 0.1770219243040972 0.04501136873849623 0.894268878479533 101 72 46 0.99
8502 0.5055404237734745 0.1662187695992122 0.5713958203873559 100 73 51 0.45
8503 0.2753062528376531 0.1805273078724736 0.8860395468590805 116 89 59 0.43
8504 0.3682547787963429 0.1786091467569741 0.7857014107145891 99 80 54 0.21
8505 0.4407823660545209 0.2182157711673846 0.6508360025291897 108 76 52 0.65
8506 0.1971007352416903 0.2272717365939482 0.9643161596287368 39 28 20 1.35
8507 0.1369106494708557 -0.1092003389894532 1.077163993366711 180 147 115 1.08
8508 0.2836771875236926 0.07548356985981447 0.9215818812388763 152 118 86 0.23
8509 0.2462924717233986 0.08053073423704057 0.9586535701763161 93 52 27 0.82
8510 0.1986192131947384 0.1419361262780812 0.9970068206441406 82 60 42 0.41
8511 0.243233534716181 0.1639608193354 0.9343590565349524 103 80 61 0.09
8512 0.3054007419052103 0.2119001278505625 0.8363864856310665 51 27 16 0.55
8513 0.2865566039175295 0.2065970415205931 0.8659765540817095 118 88 55 0.36
8514 0.289413262219315 0.210962756358827 0.8630658627415388 97 71 48 0.48
8515 0.2788775619012526 0.07720315193002009 0.9204853350592367 75 51 26 1.29
8516 0.2686175373122197 0.07890497475547753 0.937704530323733 110 74 40 0.56
8517 0.2723534267785254 0.1448281498187692 0.9068659164053454 123 94 67 0.28
8518 0.1730912653276878 0.1730780424830121 1.042986684442876 107 81 58 0.4
8519 0.2307797422187524 0.2074511817984199 0.9358318486344334 68 49 36 0.53
8520 0.3301742594931815 0.2407463688155581 0.8013347033063114 67 41 26 0.35
8521 0.1002625944530268 -0.1955981110349687 1.0823176114611 116 90 66 0.35
8522 0.06543586741632534 -0.1498833853284593 1.025470623482579 150 83 42 0.25
8523 0.05213414890222168 -0.07422616796245998 0.974484659958718 133 89 60 0.74
8524 0.171293231570918 0.04062534016840882 0.8940747340665046 152 90 49 0.8
8525 0.2066551642536429 0.1089700995971995 0.9161111439537235 223 156 90 1.19
8526 0.4731549423579415 0.1660341337080835 0.6135482400440905 74 63 51 0.44
8527 0.3518340052216493 0.1815375115889567 0.7844102571071927 71 53 32 0.61
8528 0.05767689463804615 -0.1960318054194282 1.036757743643989 153 106 78 0.51
8529 0.1297141205171498 0.03497852091982556 0.8588706576763845 190 134 89 0.71
8530 0.1736056453228765 0.1081293331455704 1.065541159161635 123 79 54 1.02
8531 0.1205060018164625 -0.1883481869175356 1.095507202913219 151 115 86 0.68
8532 0.04725530012737156 -0.1230274510034187 0.990349281293729 160 102 59 0.92
8533 0.06523309413380596 -0.07854092844037444 0.9819555675465881 123 76 44 0.53
8534 0.277177471202175 0.1302127250077329 0.8992334107172453 215 143 78 0.56
8535 0.45491037327783 0.1918368795842505 0.6299180987426811 179 137 89 1.43
8536 0.1375356784299547 -0.1199343340912171 1.070784383345209 118 76 48 0.94
8537 0.4832675397095695 0.1874029287903606 0.5891794367882107 84 65 41 0.08
8538 0.4396041593589803 0.2202938213228705 0.647138062097404 90 72 57 0.41
8539 0.09245748119350172 -0.1073291838220922 1.023844896380108 147 96 54 0.26
8540 0.2409671736088311 -0.0510999035087564 0.9993024975330795 160 116 75 0.98
8541 0.2921186049508296 0.1970806799507001 0.8589032189157502 99 61 35 0.33
8542 0.3908141168216245 0.2156818372703036 0.6958603845737528 93 72 52 0.68
8543 0.2193966946714471 0.02605303654200788 1.049186142926653 78 58 45 1.19
8544 0.2922490150393478 0.2418756040756326 0.8436074420779609 127 102 70 0.98
8545 0.1967821287126117 0.1470286486727541 1.033620744162396 94 69 58 0.43
8546 0.4876534186633386 0.203555712342269 0.6039570765984081 113 97 79 1.01
8547 0.4426566342026914 0.2087982943612416 0.6481163772971777 102 81 61 0.77
8548 0.09438774077527057 -0.2679488339204541 1.124673247503125 151 128 101 0.88
8549 0.2883487778927125 0.2551812264170203 0.8510325046375918 106 74 29 0.37
8550 0.1976436926950957 0.09828703807264165 1.037576063206922 144 108 77 0.78
8551 0.2719682026946896 0.2260800867195467 0.8742010221347583 98 63 39 0.5
8552 0.1650926366831162 0.2028875446363339 1.033113183292524 118 100 79 0.32
8553 0.4516916660842122 0.2273826813760025 0.6296301559264947 83 63 46 0.86
8554 0.2732242927339071 0.2496694996085567 0.8655430898908169 82 56 42 0.97
8555 0.07430795759674613 -0.1175100939222361 1.009441297799193 149 112 66 0.32
8556 0.06317777998941954 -0.09232477540031545 0.9893689492982852 126 88 58 0.48
8557 0.1644310647925156 0.2911037791057384 1.061099568784836 73 55 50 0.43
8558 0.2474229133946186 0.1688810101955208 0.8974685849173427 202 145 92 0.96
8559 0.1710435254917142 -0.0007300319169031011 1.047535222762292 153 117 89 0.21
8560 0.1531020762888249 -0.008538225101522856 1.076145425170935 128 103 81 0.23
8561 0.1870193797772448 0.1090217136787599 1.0016977165357 104 68 44 0.63
8562 0.1530420818208706 0.172036582510322 1.050634173439032 82 57 41 0.76
8563 0.1742176262002718 0.1892052223152227 1.040633378327761 122 85 58 0.55
8564 0.4160504532325905 0.1788504342778345 0.6906751287292898 176 157 127 0.31
8565 0.3978643792160633 0.1836478809844223 0.7119438163576959 147 113 76 0.36
8566 0.4972965588324184 0.2022875875959455 0.5831705967396982 73 54 40 0.64
8567 0.3712432292669185 0.2022674846919787 0.7402584001873271 129 95 48 1.13
8568 0.1636455414451566 0.05435198410672898 0.8908266438379816 99 73 61 1.23
8569 0.4919031276274975 0.1917073713684584 0.592147840769164 159 134 104 0.88
8570 0.1682185043736105 0.2699388529558739 1.016113994635742 38 28 24 0.33
8571 0.3726874033927524 0.2543172621621732 0.7527806664340051 107 81 51 0.38
8572 0.3665491882081922 0.2154424718677454 0.7199182935189403 120 97 78 0.59
8573 0.1403241212989759 -0.07167101997817624 1.077523711647042 82 54 34 1.07
8574 0.3900500775402698 0.2195472638090788 0.7189439769406707 96 78 58 0.31
8575 0.1822692864144473 0.09469445546925565 0.8962476019627005 125 70 37 0.18
8576 0.1760533856481923 0.1225690473817998 1.067488786561281 109 80 55 0.74
8577 0.4231086633987976 0.1755455943429416 0.6815994007838687 189 140 76 0.7
8578 0.1695718060235875 0.06414915051462464 1.012500234233316 122 81 52 0.5
8579 0.331286800410847 0.1923863127347202 0.8129300096572745 136 99 58 0.57
8580 0.1384789316904653 0.004556005031102206 0.9052570649575692 180 112 58 0.28
8581 0.4362070127370462 0.1675733584532833 0.6702402446784455 153 128 109 1.14
8582 0.09824885775092618 0.1844902382876182 1.148107853766276 110 80 58 0.65
8583 0.2056322117871539 0.1922445496987537 0.9960062014641733 96 60 37 0.4
8584 0.2080135374249296 0.1963254233882785 0.9966594888606877 125 100 75 0.29
8585 0.2343831628430181 0.2557879973678152 0.9349696791501234 96 83 57 0.89
8586 0.1511587861846119 0.03128341180972036 1.027144053525382 164 106 53 0.8
8587 0.1797603222223051 0.1624230885980673 0.9912541113465452 189 126 81 0.86
8588 0.1479246842626669 0.1908866294186723 1.081622837524976 103 73 50 0.32
8589 0.1355727867709878 -0.0924799908411825 1.062602223927575 91 53 32 0.22
8590 0.2753563475882075 0.1557552847512197 0.9018289878730321 112 75 45 0.13
8591 0.1080918402297963 -0.191618873163794 1.088062741087605 161 121 68 0.1
8592 0.0426400915792825 -0.1043423109908793 0.9779803769894853 132 86 49 0.47
8593 0.2020926855636591 0.1846382796492174 0.992780641459609 78 50 31 0.75
8594 0.1802369975933406 0.1074174245137716 0.9020917933942794 198 117 67 0.7
8595 0.1690561834243893 0.09778594481881099 0.87795393274121 165 96 48 1.34
8596 0.1697126489054088 0.1049775658647356 0.8734091520535194 69 41 22 0.13
8597 0.4417403611651787 0.1991905674098933 0.6478216080545022 146 104 58 0.78
8598 0.2885625833632092 0.2238747932724458 0.8569486308643286 144 111 74 0.43
8599 0.2112263757032183 0.2604372396063817 0.9628222159521143 83 63 31 0.94
8600 0.149414448081942 0.1698216699686598 1.055745694153839 123 90 61 0.61
8601 0.1725762121882045 0.03420143645785401 1.044919305187622 94 62 40 0.25
8602 0.1862189725067779 0.05420495038639767 0.9045538948303624 112 79 63 0.41
8603 0.4303829525563047 0.1611544058573437 0.6748199638781645 114 94 68 0.73
8604 0.3520780676675299 0.2115307229130065 0.7517131502734296 73 50 28 0.82
8605 0.3978661574871997 0.224523115869908 0.7033879361520565 84 59 34 0.33
8606 0.2799349195459977 0.07913821763516021 0.9219840714439294 81 55 30 0.74
8607 0.08423338593906049 0.04850867862724756 0.8255006295231295 121 75 41 0.32
8608 0.07426779357236823 0.1797719322659211 1.195367411317651 77 60 40 1.06
8609 0.07576591343941808 0.1488853223373906 1.178916790093254 87 67 53 0.43
8610 0.4042721794656424 0.2531933997916044 0.7047469386583773 82 58 35 0.15
8611 0.1723670482244516 0.02172860846106517 1.042986109096956 106 69 49 0.3
8612 0.210619597695218 0.05089609938569625 0.9280240401120576 212 153 88 0.14
8613 0.2125572523250168 0.06539544894507304 0.9211604816718041 213 161 102 0.41
8614 0.08529131920021671 0.07222613744186918 0.8215967224440187 155 75 30 1.07
8615 0.2786300314534225 0.139095965784855 0.9040868586324722 112 80 48 0.35
8616 0.3628030535909857 0.166211524785426 0.7778105007198939 145 113 79 0.3
8617 0.2669325406330431 0.2290947501768219 0.8836798301391393 151 114 86 1.1
8618 0.1198466004670753 -0.0273383628024228 0.9815659960594987 171 119 70 0.23
8619 0.196796835175199 0.1414561799558192 1.03153947048756 160 126 101 0.88
8620 0.3524326704751086 0.2427181202981525 0.7708155607026725 108 73 49 0.35
8621 0.08644183434816399 -0.001452823495730671 1.169711676922411 104 73 56 0.91
8622 0.05790508282359008 -0.07538537448059077 0.9673752087741923 143 102 61 1.19
8623 0.09958635078904921 -0.05216064050742134 0.9825735906613645 140 107 63 0.39
8624 0.1267590729259815 -0.02620418178594366 0.9577631534681281 166 117 61 0.42
8625 0.1508053234394564 0.02258264997781143 0.8686544565572842 211 152 97 0.32
8626 0.2203576239375549 0.06483097613376634 0.9314336086045369 141 111 83 0.31
8627 0.206627780163364 0.07214454630861086 0.9055393606809179 107 69 30 1.3
8628 0.2143499292863152 0.1039622628310857 0.9170164093708564 170 100 58 0.93
8629 0.1712043193132768 0.1675900547293858 1.041794184523445 66 45 31 0.65
8630 0.1139252578087654 0.1914615047205037 1.126957639784418 79 57 44 0.8
8631 0.3414581287234669 0.2014513836892979 0.7951315606986048 104 72 53 0.47
8632 0.174102043978656 0.2245227257287237 0.9840335846131731 49 34 24 1.2
8633 0.2562474494505597 0.2397804537193454 0.8956005796657944 97 60 38 0.25
8634 0.06120857499098697 -0.232268451388797 1.081409654372446 106 82 67 1.19
8635 0.1034331589676231 -0.05765591307319914 0.9969746999583333 157 102 67 0.78
8636 0.2167755840858138 0.06547768876286714 0.9307460302529451 173 123 82 0.12
8637 0.187858509067834 0.1137172855847512 1.035181904613773 79 44 26 0.62
8638 0.1966669558237739 0.1296123119831753 1.016256774556734 133 92 63 1.1
8639 0.3474221466990356 0.1671725749103771 0.7944245514225372 150 123 91 0.25
8640 0.1708879450003943 0.1901477909704551 1.040177385922896 82 56 37 0.29
8641 0.2702006847087413 0.2110215957314129 0.8915395783090464 119 74 49 0.36
8642 0.490856148733865 0.204144341334442 0.5839192235670232 90 75 58 0.47
8643 0.4942150487379902 0.2135346015283576 0.5791244195877631 85 70 51 0.83
8644 0.06283175036651845 -0.1863352821849875 1.04183197059765 143 106 72 0.43
8645 0.3922520929227498 0.1872708839672278 0.7126360756745503 142 108 73 0.49
8646 0.3680219576535715 0.1867299771244743 0.7570657823830171 136 109 74 0.45
8647 0.2120208702162833 0.2177882888982845 0.9841821263140998 91 71 60 1.16
8648 0.1952764011778469 0.2531958507611779 0.9652113490421381 26 17 17 0.4
8649 0.3234697600674738 0.1931374938575316 0.8296923874203516 99 77 60 0.43
8650 0.480769672371177 0.2094751718128192 0.5947146782554593 82 71 58 0.37
8651 0.141153145352878 0.103136035801457 0.8468755454616763 115 64 30 0.31
8652 0.3060753469697176 0.2120085209281965 0.8323948044658006 83 48 27 0.41
8653 0.2024870855320534 0.1627198276093665 1.004808142004772 106 80 60 0.34
8654 0.3253439215422733 0.2564148509368185 0.7999538591671428 85 74 60 1.11
8655 0.1205623963988892 -0.0234609926894403 1.122477332040692 56 36 28 0.4
8656 0.02170343239258166 -0.0453144961362005 0.937894232496872 81 56 52 0.28
8657 0.1196451301244643 -0.09533349989183112 1.046420048624675 72 49 34 0.31
8658 0.1113019139420135 -0.1231756632441189 1.131747570600017 162 126 106 0.12
8659 0.1181315616016655 -0.1754857700857174 1.084563909764577 85 56 40 0.31
8660 0.1278532206966672 -0.08496442620974945 1.047160652268984 90 64 44 0.29
8661 0.1456258280616317 -0.06117774954662067 1.049061730862274 117 83 55 0.67
8662 0.1178973337606535 -0.03347173513799442 1.001519398197795 173 143 105 0.95
8663 0.09096562409980946 -0.07939948673785055 1.150030402311799 162 132 100 0.05
8664 0.136855130427611 0.02851162078685593 1.106252012185248 42 22 12 0.25
8665 0.3773141051704337 0.1848460827120454 0.7512305341168806 121 91 46 0.34
8666 0.09407463215464917 -0.1828834391586609 1.058700642759942 68 38 29 0.48
8667 0.4496204982148962 0.1805137719121283 0.636729595555471 104 82 49 0.24
8668 0.1645810609869203 0.1615394228490134 1.067334728425855 59 48 38 0.4
8669 0.4259927856184471 0.1651491078765532 0.6770544734116267 82 70 57 0.42
8670 0.4800055723594537 0.1536694743952008 0.6050683024120348 117 106 85 0.67
8671 0.4752376782142644 0.184546794473139 0.600845922864612 119 96 69 0.56
8672 0.4156490140662301 0.16727949933883 0.6890511851173704 156 123 85 0.56
8673 0.4489245214946715 0.1955835141072763 0.6319225322330164 99 82 57 0.3
8674 0.05454198344949268 0.2344353064952472 1.199424848298066 72 57 43 0.54
8675 0.2390815762268672 0.1993410044224171 0.9263652298840204 61 38 27 0.45
8676 0.1321816882762628 0.003600840708448017 1.114316642807337 160 131 99 0.55
8677 0.1718155046661407 0.194296538861182 1.038064212732912 60 33 17 0.41
8678 0.1586403605860177 0.1073585098732178 1.084691232495147 56 38 36 0.24
8679 0.06070583205992763 -0.07303106998145295 1.184173486074806 137 130 118 0.75
8680 0.1231523734840166 -0.1741514169183286 1.089239531007807 94 64 40 0.17
8681 0.327504192615992 0.2058288665262027 0.8120682248205432 68 48 26 0.13
8682 0.1300903805313439 -0.03945802595161826 1.104381562090144 90 66 57 0.27
8683 0.3423546954772141 0.2042712067755403 0.7886580970213068 110 81 47 0.65
8684 0.1607601314633118 0.04405464876470294 0.8726568465949835 154 122 92 0.24
8685 0.1895587962420128 0.09315031106121688 0.9787479411646375 150 115 84 0.3
8686 0.2314806312813893 0.207705507863313 0.942049859905378 20 11 7 0.48
8687 0.3291211431436263 0.2138656163378623 0.8040958625525723 164 110 47 0.36
8688 0.2855462392627377 0.2337809879683996 0.8583935776150631 107 72 36 0.31
8689 0.1325009037504796 -0.1143667743388353 1.068259831729672 72 39 27 0.22
8690 0.1345715181644414 -0.05175938839043651 1.040495768698027 78 56 40 0.08
8691 0.1131349524223859 -0.1953818458887036 1.09077723006455 96 70 51 0.3
8692 0.304959646546563 0.2215253847705908 0.8355797369921449 124 81 41 0.5
8693 0.1089276081464591 -0.1181990827235771 1.052065708315915 85 63 50 0.26
8694 0.3245004281081389 0.2151425699661183 0.8112956416710613 89 59 32 0.08
8695 0.3285347813010022 0.2074564160142881 0.8096192500059041 131 106 76 0.21
8696 0.3276055179616776 0.2117585281049578 0.8083780996280228 131 101 68 0.21
8697 0.2007453238772887 0.07821674362139017 0.9090350356114938 108 64 36 0.11
8698 0.3362457594313628 0.2309096541524959 0.7898384161162438 135 90 55 0.19
8699 0.1058816265386286 -0.05553680393953939 0.9874293483640894 70 50 43 0.78
8700 0.05126375088557766 -0.1741709722058571 1.025230944284368 148 99 66 0.31
8701 0.1839159799006536 0.08192756841491608 0.894991057352532 113 66 34 0.51
8702 0.3493134255826141 0.1882584442626289 0.7838946265321535 52 39 26 0.34
8703 0.3555891244178372 0.1964323074148366 0.7762103168433542 92 68 37 0.4
8704 0.1727121937363144 0.05183982899043377 0.8897183268336497 104 71 49 0.14
8705 0.3681193264455367 0.199883585713657 0.7530452376671531 166 130 76 0.32
8706 0.376229405260495 0.2040785608300722 0.7333440033823355 50 29 13 0.55
8707 0.3905998841128046 0.1977401549323499 0.71472617691997 196 157 105 0.2
8708 0.1514141197504228 0.1797352433398295 1.085384144583507 49 23 16 0.21
8709 0.1859556359414004 0.2389371162615516 0.9784920346806192 62 45 33 0.3
8710 0.1393627263501615 -0.09049721311667039 1.06698499549618 120 87 58 0.19
8711 0.2954016223041249 0.2142842484398708 0.8522898528311302 72 46 22 0.22
8712 0.1199712135400597 -0.07539349204003568 1.038558483721917 93 60 35 0.23
8713 0.08263549440377027 -0.2409657619224185 1.085211166987402 94 73 51 0.57
8714 0.3465601902921957 0.2128752979685027 0.7787450656896135 106 82 49 0.11
8715 0.1712632221349693 0.047212621640736 0.8815706240874122 163 112 73 0.55
8716 0.3709674637507304 0.1641272553490977 0.7634316346665775 133 105 72 0.17
8717 0.3706433708526032 0.1728265069823707 0.7611421540944394 105 81 54 0.6
8718 0.374622263400025 0.2138260875822193 0.7301552910795207 99 78 51 0.22
8719 0.276598451907097 0.1635790353080351 0.8957727773630593 103 66 29 0.15
8720 0.1396577254520006 -0.116480224401091 1.072915312802873 105 80 57 0.14
8721 0.09381014882612038 -0.2462567481545767 1.106796529564033 125 103 61 0.58
8722 0.115478572253011 -0.1614415463411468 1.07186664305224 154 122 95 0.28
8723 0.347580964050192 0.2021742650458826 0.7808946087162036 97 77 51 0.15
8724 0.3553917498771655 0.176115138050745 0.7812455687826028 57 38 19 0.37
8725 0.3540517398491393 0.2027709327456809 0.7715925851439371 83 61 26 0.14
8726 0.3661319851588045 0.2235778367886329 0.7497789085464479 62 46 26 0.72
8727 0.3720747866166211 0.2142504279237687 0.7351737351564529 115 90 57 0.17
8728 0.3986621607752486 0.1636062121681892 0.7194485294980904 92 73 55 0.15
8729 0.09660746954341293 -0.07859409275180532 1.022671570490821 156 98 57 0.35
8730 0.1926272818302612 0.0242357893732941 0.9139785030304001 114 62 30 0.29
8731 0.3576721735947916 0.1909161024746518 0.7734114440044603 56 38 22 0.19
8732 0.3766893577194154 0.1687754916428173 0.754603879865568 80 58 39 0.6
8733 0.3697121890964046 0.2097879347975278 0.7411147734392572 90 64 41 0.28
8734 0.392798795335091 0.2204707531875552 0.7154932311838227 167 122 74 0.2
8735 0.363964881331016 0.2101362377545838 0.7561258273825602 131 103 69 0.65
8736 0.1102471664140445 -0.1273081573566067 1.118320832506119 82 60 50 0.32
8737 0.1424864863792641 -0.01358534131199993 1.087767818805122 84 55 43 0.64
8738 0.1740544375490502 0.07112162269890371 1.023008568472388 108 79 55 0.23
8739 0.2821508485081229 0.1132737606832105 0.9058857676751448 166 120 67 0.29
8740 0.2816903845290578 0.1158879559009121 0.9088891257531879 149 100 58 0.45
8741 0.1423291456692374 0.08799392095972161 0.8529113393739972 87 48 24 0.15
8742 0.2669439755895312 0.1549892136529061 0.9143144336467707 152 101 52 0.26
8743 0.4131805299606012 0.1825572209199663 0.6899794894169513 196 135 68 0.55
8744 0.2381871829050297 0.2273669869074592 0.9258577302424762 75 44 32 0.26
8745 0.05574771635392994 -0.1865616395854719 1.034680437086451 79 58 40 0.91
8746 0.1226785307018114 -0.1347009964526068 1.100260229487809 140 102 73 0.25
8747 0.1692209767219092 0.02672117311323557 1.032951987214746 115 72 45 0.45
8748 0.1617322707256651 0.04927341831630616 1.022173744781173 80 58 42 0.2
8749 0.1372555773264192 0.09113099497127528 1.120145931069064 81 55 38 0.38
8750 0.1162589325151124 0.1423578216827344 1.144642852773407 38 26 26 0.6
8751 0.2411727362575614 0.1744735998559308 0.9396356923107778 112 76 50 0.62
8752 0.4820695259896639 0.1765343455797845 0.5932177298295743 162 109 48 0.26
8753 0.2822996345022908 0.1856134540841875 0.8776661514539432 116 72 49 0.26
8754 0.5029877211507588 0.1862402229776561 0.5702018287324693 112 71 34 0.15
8755 0.119170727592582 -0.1368897146674578 1.067653525240301 132 90 54 0.27
8756 0.4869530868463214 0.1734592686986667 0.5872545018021529 119 85 52 0.51
8757 0.4210522876076253 0.2079657234565562 0.667542933395012 139 96 52 0.58
8758 0.2991337879038641 0.231009274079363 0.8379868954507053 116 74 47 0.17
8759 0.3294734444766654 0.2294379509753444 0.7989368724444819 115 74 40 0.22
8760 0.110551030543114 0.06381999514616968 0.8349801755849247 127 79 45 0.58
8761 0.2854027019430073 0.123981844452705 0.9093037351163842 85 60 36 0.3
8762 0.1589221532784653 0.2147652234575616 1.069428461899822 53 39 33 0.53
8763 0.1477904686895529 0.01660319103698732 1.09074581738698 86 56 40 1.03
8764 0.2828754168504019 0.07753806271802363 0.9206234137600928 98 60 30 0.83
8765 0.1411263513421535 0.1970471107190733 1.08859313193525 119 82 70 0.85
8766 0.1628995590740724 0.132689257860268 1.064406292267778 133 92 63 1.05
8767 0.1902688371853697 0.1815518219241115 1.014366157049101 164 103 75 0.72
8768 0.2740399291105131 0.1826213917355194 0.8938291455881608 48 27 21 0.44
8769 0.257868306793807 0.1945947224392147 0.9264632808480091 85 64 38 0.39
8770 0.1163761031259019 -0.1022904570423393 1.11095645857528 112 93 81 0.64
8771 0.1486555218253465 -0.06055465258034884 1.071643831755658 111 82 65 0.29
8772 0.1513933205339468 -0.05228524946680449 1.07586975394512 137 106 83 0.32
8773 0.1415532007512532 -0.03893243447351483 1.084705921550403 131 90 65 0.18
8774 0.1605650987122773 -0.009190859182713257 1.07160460388818 141 102 77 0.39
8775 0.1276507274241871 -0.00401899209167822 1.113586882868919 90 64 56 0.42
8776 0.1726694921001105 0.01910758297076737 1.040360995690573 119 95 78 0.15
8777 0.1475441099320519 0.02899290838495505 1.084767397014293 111 72 48 0.18
8778 0.1194614672812668 0.04051720846130558 1.131940964942413 121 87 72 0.74
8779 0.2059135047154568 0.1139217480538571 1.015857449330832 72 44 30 0.46
8780 0.1733549091116086 0.1115321527938012 1.067174210480438 152 102 58 0.25
8781 0.2524317259439607 0.1314928744087356 0.9517898401616143 95 65 48 0.28
8782 0.1229722705435696 0.1297437398651759 1.138655430341943 146 120 102 0.34
8783 0.08815375100603284 0.1344330089099096 1.179290859853122 144 96 72 0.47
8784 0.1675426575485536 0.1230776816241169 0.8680552146378289 99 63 46 0.05
8785 0.1877117143811164 0.1531503403349085 1.030892404380334 57 40 33 0.38
8786 0.06187179710572466 0.1535815904160587 1.196402605375415 138 111 97 0.67
8787 0.5149082064009803 0.1621555966289945 0.560402071556609 72 41 23 0.35
8788 0.4542031496878787 0.1578375709169406 0.641932326453181 148 119 86 0.16
8789 0.4427361867258429 0.1655697023269902 0.6533247227996976 153 135 112 0.46
8790 0.1792213398232059 0.1358748617674214 0.8750053161601804 118 79 59 0.09
8791 0.1524473137006632 0.1709030669292352 1.082806166877781 51 38 33 0.31
8792 0.4932674068858978 0.1739335764155363 0.578814691140016 101 75 48 0.16
8793 0.4852316774658249 0.1687515248023008 0.5926271821292939 116 95 71 0.27
8794 0.2749654594640077 0.1796079952127882 0.8973998763563322 60 37 21 0.14
8795 0.1974077055710534 0.1868962204213996 1.005784865614528 99 50 33 0.37
8796 0.4113735110442963 0.1793346378839697 0.6930156875882414 179 120 68 0.18
8797 0.4092671945322658 0.1823060232981764 0.6932672625838552 125 94 57 0.52
8798 0.2456552141102166 0.1946936113084292 0.9353976960760118 128 93 68 0.84
8799 0.1948130076222865 0.1922985096703153 1.010293671596396 107 72 55 0.12
8800 0.06593568600498878 0.2051959158389529 1.174594033531661 101 70 56 0.3
8801 0.4485780555971781 0.1956051382832573 0.6342556675729112 92 78 57 0.13
8802 0.1570007654353166 0.2199888510331121 1.051864671502626 51 32 26 0.3
8803 0.1245863853443656 0.2268726584737576 1.101182626776685 89 51 36 0.17
8804 0.1313409139109241 0.2288483613763915 1.091317228989997 108 69 48 0.23
8805 0.1008954096298088 0.2241773298717302 1.14800103515871 130 92 70 0.27
8806 0.2913456256170858 0.2154687438547515 0.8566547432584131 80 52 33 0.09
8807 0.2656435230484114 0.2280587893522225 0.8867022520732786 110 62 30 0.19
8808 0.1947809816788961 0.2314767862009942 0.990427058711228 56 40 29 0.31
8809 0.1872285279240344 0.2287821973413063 1.006430100082279 76 41 29 0.09
8810 0.1422112207541273 0.2325633815216882 1.074750440471377 108 71 51 0.15
8811 0.2762916906128876 0.3096631477920905 1.309892131800606 116 96 110 0.45
8812 0.392234345363407 0.2198454626115725 0.7172518922660133 78 51 34 0.17
8813 0.2487292107631607 0.2367121036997466 0.9061995728370824 146 91 48 0.22
8814 0.1653278681575666 0.254601531539956 1.019119080267008 120 79 57 0.1
8815 0.1568960274928627 0.2628435680881349 1.036063782593625 87 58 46 0.27
8816 0.1359136764875541 0.2689734060824301 1.071302614052603 100 69 58 0.14
8817 0.320563911546929 0.289166932450114 1.085926668969214 89 66 62 0.17
8818 0.3114905995122406 0.322296530731557 1.270618770102633 119 98 83 0.52
8819 0.1634273145650211 0.2950530197370876 1.057316527652397 44 40 34 0.18
8820 0.1662028439474511 0.2968298843524557 1.061767635954388 30 23 21 0.3
8821 0.1468176076670368 -0.0915040929137976 1.071115037582921 119 85 54 0.33
8822 0.1067871191403209 -0.07954805078410096 1.0299558410382 62 43 45 0.22
8823 0.1528417177565603 -0.06988501708242331 1.065620192815722 99 69 46 0.1
8824 0.1322848000649975 -0.03751882701733708 1.097415422005847 89 61 46 0.34
8825 0.1624829684133877 -0.02252322882009572 1.054870692194635 152 116 90 0.36
8826 0.1470226524186654 -0.01685940771014996 1.086640913100037 74 44 36 0.42
8827 0.1680848364045019 0.006271646145400767 1.042893732967005 102 85 71 0.21
8828 0.1747644389085937 0.03362775722789177 0.8867621873679662 135 99 74 0.63
8829 0.3240433000577741 0.2020036440616088 0.8175908721698595 180 122 68 0.25
8830 0.1965475521106716 0.2234379071870075 0.9934343397176547 111 75 54 0.38
8831 0.3716694344060953 0.1666183207923427 0.7613970543926372 102 68 36 0.21
8832 0.2753484046033111 0.1635429530352649 0.898687152292148 152 110 74 0.49
8833 0.2507283389128027 0.1569200230722232 0.9326727722988588 133 102 81 0.2
8834 0.1411738546004352 0.1728577477736162 1.096929242535895 118 85 63 0.36
8835 0.4437733483590057 0.1739866363716084 0.650453676846109 185 146 96 0.17
8836 0.1614854755712636 0.192644881769608 1.05264287063775 107 61 43 0.12
8837 0.31016749592562 0.2403461910788226 1.108738514648944 126 90 72 0.29
8838 0.339192341512371 0.2016175638474244 0.7966392793341779 143 104 68 0.18
8839 0.3239575212124846 0.211829978996483 0.8132016603974664 97 62 35 0.22
8840 0.1586820556669004 0.2235371766378287 1.054586816758151 32 24 22 0.48
8841 0.1583162941475454 0.2185415158682913 1.073720166104888 106 82 64 0.42
8842 0.4798180950529242 0.2018638651759959 0.6003634332712907 94 76 67 0.53
8843 0.4513582217304049 0.1937649483602048 0.6306342383577899 84 62 38 0.24
8844 0.4342010655139573 0.2019246363979049 0.6521406611535516 177 133 74 0.15
8845 0.3303065328914899 0.221686284124563 0.8014700066491812 78 49 29 0.35
8846 0.1959619332053693 0.2512234098602748 0.9849289387083129 48 34 26 0.24
8847 0.1197448467235561 0.2695083700471886 1.096858604073063 41 26 20 0.33
8848 0.2251935093249736 0.2583777992899363 0.938953193818276 39 33 23 0.31
8849 0.1150320008101078 0.2766125740213592 1.099479045305515 118 83 64 0.13
8850 0.3409154885252003 0.3038346880434757 1.086255468472304 99 74 52 0.38
8851 0.2376658256482353 0.2734782594566579 0.9249448461663652 76 59 45 0.57
8852 0.1181246988211591 -0.1927276725421392 1.10380615118851 96 69 56 0.37
8853 0.1208074620019549 -0.1071305131880334 1.107928818365918 85 52 38 1.31
8854 0.1171000813642828 -0.01333060282623796 1.128405615354826 144 113 94 0.2
8855 0.14347323706702 0.01481211721319833 1.096540080627468 54 42 41 0.27
8856 0.1840424627236 0.1445162904368414 1.053343276292538 66 55 52 0.68
8857 0.1261327765742187 0.1727334152595093 1.119965233424147 43 26 25 0.17
8858 0.1518910729262066 0.2134199171271994 1.084109873871786 121 91 68 0.27
8859 0.2335165729116492 0.2395690819529108 0.9276751253038102 118 84 59 0.32
8860 0.1077472454314834 -0.1529223190661118 1.126728813679484 77 60 62 0.37
8861 0.166944080231948 0.07961418938402001 1.048875545405632 77 51 34 0.33
8862 0.2458193883416201 0.1365864327342238 0.9548591339649773 40 24 16 0.62
8863 0.515069650907686 0.1650281932274281 0.558276216940638 54 36 28 0.2
8864 0.2745528786572667 0.1595237014606059 0.8960502403565072 83 57 45 0.28
8865 0.1294475446640493 0.1689301736490605 1.12057006463783 96 67 54 0.31
8866 0.132994865899893 0.2326889201554904 1.086981910170192 43 28 19 0.15
8867 0.3190001893153316 0.2695562490284182 1.092431719328299 80 59 50 0.34
8868 0.3580592470122522 0.2226985630965526 0.7593125355597585 147 111 71 0.5
8869 0.2538062802217918 0.2768552801542058 1.070671172796137 95 78 72 1.01
8870 0.3255109731033957 0.3217468463322797 1.284057198915706 146 123 106 0.77
8871 0.2317705111153101 0.2728217665528071 0.924695056142715 94 74 64 0.45
8872 0.152145089597973 0.1244415611292031 0.8692339790418383 134 92 43 0.41
8873 0.176411470669316 0.1844082994443855 1.030394729138684 117 80 40 0.45
8874 0.3266793589893464 0.2419224593173833 1.11240209022083 128 86 58 0.67
8875 0.3047220364985939 0.287514564835885 1.073642271925487 27 22 20 0.29
8876 0.454519134499721 0.1569566976157169 0.644493961349744 139 95 60 0.67
8877 0.1497167562809582 0.1740184535711522 1.087392331040837 78 60 52 0.59
8878 0.1600028619558901 0.2079810061477683 1.069189708854913 51 34 28 0.61
8879 0.3512063638167887 0.2047022687511419 0.7759736922207459 163 124 82 0.22
8880 0.1968886579419075 0.213599787722086 0.9993594244616206 116 72 46 0.85
8881 0.1891234535711017 0.2329919437282185 1.001418690206956 49 30 26 0.93
8882 0.1567465260223037 0.0836573332004007 1.0775799682628 70 43 38 0.94
8883 0.2587046560994286 0.2116660823154406 0.9065159021334097 154 98 62 0.32
8884 0.06348862136317568 0.2016090164981602 1.192425405109831 42 31 28 0.88
8885 0.06816633932525751 -0.1985399944355991 1.053061119236703 97 74 54 0.24
8886 0.1326228730318558 -0.1192804190087565 1.088482538288825 49 32 29 0.11
8887 0.134828261735417 -0.06495117585543694 1.0941150354804 67 46 37 0.06
8888 0.09463916553885532 -0.07945315313169107 1.147180054857163 116 97 82 0.11
8889 0.05163263345881275 -0.09107586768816026 0.9863560108197065 74 45 32 0.09
8890 0.1543512785846927 -0.02101903515598036 1.062280004639436 68 45 36 0.17
8891 0.1633858885485155 -0.009498059191850566 1.068227481483224 142 103 70 0.22
8892 0.1163657269131152 -0.03806577793359886 1.124972119722055 78 48 30 0.31
8893 0.1597936837919625 0.01253993130879738 1.065271404132943 133 98 60 0.22
8894 0.1596099159744906 0.009490545822090829 0.8916568574402245 136 98 63 0.65
8895 0.1718421226827141 0.02929589990370349 1.034584791586201 138 109 80 0.23
8896 0.1815724015004022 0.05297881046240363 1.033545790206678 79 56 35 0.48
8897 0.08937332171210299 0.0166037205983991 1.166864744882696 133 118 107 0.28
8898 0.1601693143205177 0.0457612479466781 1.007446078290447 119 88 69 0.14
8899 0.1325110291860898 0.04192776157123584 1.117657459594089 111 86 66 0.19
8900 0.1229107836653171 0.05777815464973651 1.128795736402195 124 87 59 0.05
8901 0.1483863593717994 0.0382996285972422 0.8653711133585251 167 121 78 0.47
8902 0.1839042719151122 0.08360537010059305 0.8984062123926886 87 53 23 0.11
8903 0.1283436930459407 0.1010925198606843 1.138815536308262 91 67 56 0.63
8904 0.4751730662614594 0.1527553395309819 0.6142952868152414 106 89 61 0.05
8905 0.1644284960543871 0.0951531651664301 0.8689695104857057 121 67 36 0.58
8906 0.154762040893563 0.1256873763208796 1.078575649826975 117 80 51 0.87
8907 0.478799935061257 0.142956975255049 0.6205484563990352 158 123 82 0.63
8908 0.4733996468972674 0.1505341400061051 0.6167092334584261 88 62 40 0.31
8909 0.2732827940286098 0.1513787162178215 0.9058513678090847 48 30 24 0.39
8910 0.2608183259662133 0.1459103156231256 0.9236359122502946 91 70 56 0.22
8911 0.127367634531135 0.1506525365888772 1.125041610327149 150 120 94 0.25
8912 0.06811547877688229 0.1356302059807468 1.204352861298464 145 118 93 0.32
8913 0.2516506622261211 0.155363175935722 0.8924775373041163 83 40 17 1.28
8914 0.4803658247049126 0.1646608588564203 0.6009733524742591 144 117 87 0.59
8915 0.4323267917716071 0.1812833611336624 0.6610371348968699 104 70 35 0.33
8916 0.3563901723904589 0.1937341610313749 0.7738328407541901 54 45 30 0.76
8917 0.2517328652082252 0.1985362695051847 0.9159949732105737 98 63 43 0.28
8918 0.1171993099712668 0.216808173948055 1.117209945505626 120 97 80 0.68
8919 0.4258787796298152 0.2022991083696451 0.6633109259657798 134 98 58 0.23
8920 0.3051999253728906 0.2120879207158456 0.8364775862787548 63 37 20 0.25
8921 0.1934305019486942 0.2222232077956018 0.9986114711688225 117 91 67 0.19
8922 0.141608019722016 0.2303006129518716 1.07516597715482 60 36 27 0.58
8923 0.09375175759083587 0.2357373427181282 1.137514894140258 32 25 22 0.15
8924 0.2909980307541908 0.3007849027568233 1.067300798012487 39 23 15 1.0
8925 0.3610860867101902 0.2539831153863544 0.7665326685309619 82 46 20 0.23
8926 0.3223206790651474 0.2532816582024148 0.8067508807620958 145 108 63 0.61
8927 0.2950399956235015 0.3109900446560336 1.063863702384337 148 110 74 0.9
8928 0.3413833062302297 0.193641071199413 0.7923800993087071 205 156 81 0.12
8929 0.1053477524523344 -0.1479578717491581 1.12584492215161 173 142 121 0.21
8930 0.1570656694697181 -0.05435516887453154 1.062059610362476 149 116 79 0.53
8931 0.1516710889453694 -0.04301839371711788 1.068561264933775 58 40 32 0.23
8932 0.09718641296916664 -0.04288454464038502 0.9796088300359335 96 65 44 0.29
8933 0.1636310493983663 -0.005394041612690859 1.042179946818917 125 85 46 0.66
8934 0.2205622637963076 0.02937792863810523 0.9357605244087769 151 98 65 0.24
8935 0.08954932924005399 0.05385374347942359 0.7618169961521597 141 94 44 1.02
8936 0.2451929834150018 0.1187556540114909 0.951095514294249 105 62 25 0.28
8937 0.2018140627027105 0.1368157160554411 0.9982869194615069 113 79 53 0.49
8938 0.09659380907181414 0.1870302806579686 1.146736668599896 43 26 18 0.68
8939 0.09742991428867509 0.1960712361088534 1.143375928395757 51 30 22 0.23
8940 0.06222925134682367 0.1996065570429691 1.187072747984734 84 58 44 0.18
8941 0.351509339887062 0.2049108270923125 0.7768805392344227 94 76 46 0.34
8942 0.2637966588635003 0.213459261590529 0.897508991374154 41 23 13 0.24
8943 0.2559860220504679 0.2252337260546586 0.8993021882315249 89 57 38 0.47
8944 0.3315602051325469 0.2673958510580403 1.107809878498137 66 31 19 0.45
8945 0.3367584924464111 0.2238703628000484 0.7913779712898517 124 92 56 0.33
8946 0.1262291636271089 -0.02486758790197607 1.124504274671459 124 95 72 0.66
8947 0.1640328754371973 -0.008165532713868578 1.061014011736202 66 41 30 0.47
8948 0.1761777951143725 0.09352077174521417 0.9960451763737567 37 25 22 0.27
8949 0.4816123363302203 0.1419372472334592 0.6145826436030397 85 57 38 0.29
8950 0.4249084860750652 0.1582945627918881 0.6812680462743084 150 118 76 0.55
8951 0.4000097543277529 0.1740104267655887 0.7112698906672278 152 125 96 0.61
8952 0.3727858096141586 0.1766694561067023 0.7530463826866305 76 63 49 0.17
8953 0.3305379074407566 0.2666034991939477 1.119306763727428 59 37 21 0.18
8954 0.1789957427829421 0.2298782697961274 0.9789789444282425 64 41 30 0.6
8955 0.2697391854495792 0.2259050027385832 0.8834121713773718 95 60 39 0.39
8956 0.1667713715585507 0.08713693505755196 1.000023727754159 27 16 11 0.29
8957 0.4502988172801548 0.1497139932062226 0.6581232220354158 154 107 62 0.41
8958 0.1118784354697287 0.1719350763078131 1.133971799120141 96 68 50 0.77
8959 0.07253039560366192 0.08821220876583796 1.193418936503228 185 202 214 0.72
8960 0.4763706861507245 0.2202510173327908 0.6018411204837523 98 68 31 0.49
8961 0.1845278372028387 0.152559523182245 0.9943975993840353 47 26 18 0.26
8962 0.1650378258223356 0.06749744279762326 1.022098522773145 182 132 85 0.3
8963 0.09857480693726628 -0.220139748995277 1.1140193036514 76 53 49 0.61
8964 0.1058873331852581 -0.06490660852292887 1.000257318811921 83 56 39 0.39
8965 0.1574734553843075 0.03635516871472733 1.017070068809966 194 140 85 0.75
8966 0.1529563433734532 0.03767794254307066 0.8686741737095139 165 120 80 0.48
8967 0.1738986252667477 0.02893672138468539 0.8876876047554837 136 91 56 0.19
8968 0.1569624122144919 0.1118809907668532 0.8554940267971782 36 16 9 0.6
8969 0.08736324828504383 0.07274919364307394 0.8169297803656017 132 99 70 0.67
8970 0.1622749353884373 0.1523033130437085 1.0913766718828 104 81 60 0.25
8971 0.3061426055920212 0.200939538596238 0.8460597014500568 111 68 42 0.31
8972 0.4429633669715267 0.221629589593477 0.6448387911926858 92 61 32 0.3
8973 0.07232109657675434 -0.1215562251607449 1.014912020546973 152 108 72 0.46
8974 0.1915971881685581 0.09167987049606344 0.9027405277086182 108 64 42 0.5
8975 0.3118597527333976 0.1780607171949976 0.8411483631150536 148 105 67 0.41
8976 0.1824225558696394 0.210911375365654 1.031950830991247 108 84 70 0.55
8977 0.1010159138945669 -0.2145867205276988 1.11464628732489 113 104 66 0.52
8978 0.2999870500870058 0.2241982721612877 0.8395327047021259 130 89 62 0.49
8979 0.1058857422851874 -0.1967390576090406 1.081978515347325 92 72 46 0.71
8980 0.1989628662992025 0.1659388951150857 0.9964652202671325 38 23 9 0.25
8981 0.07221146689712898 -0.2749778134340164 1.090770653323452 96 76 64 0.47
8982 0.1129142843699121 -0.1528348665389046 1.114942164660386 130 109 93 0.63
8983 0.08738695926624085 -0.1519051620144421 1.1459161467036 77 60 48 0.37
8984 0.1249068493059423 -0.110063249162343 1.085470992105621 72 44 27 0.76
8985 0.1163485324860015 -0.1220395467123503 1.095017050961931 64 39 27 0.69
8986 0.1299680744951147 -0.09982845656840819 1.081077698401747 80 51 31 0.45
8987 0.1097624371275143 -0.1055649585674749 1.108779063492478 74 50 32 0.45
8988 0.1349240457300346 -0.0716983848520176 1.077465026016262 88 57 40 0.59
8989 0.0705042301963883 -0.08466036915448397 1.1739939085896 121 112 111 0.51
8990 0.1366217342360019 -0.04320991512338393 1.084794609727175 66 43 32 0.23
8991 0.1234189575442542 -0.04496995676657564 1.11817570020345 100 82 76 0.17
8992 0.1571653268263237 -0.02340092271100061 1.043764820893167 59 32 22 0.08
8993 0.1679849471237529 -0.01042819431065875 1.053439719986258 62 35 22 0.16
8994 0.1401471324424478 -0.01635868147825215 1.094701072846496 81 49 32 0.29
8995 0.1498211088392353 0.007076033571426055 1.075741902885315 102 75 55 0.12
8996 0.1516732431909961 0.01045571623192768 1.083104651420042 74 46 34 0.09
8997 0.1134470222889075 -0.008693107166014541 1.128589570766939 122 93 72 0.18
8998 0.07458469976030213 0.009422401365261707 1.184197581667314 91 61 43 0.16
8999 0.1754536511299274 0.06916418916746062 1.047316788989385 64 37 20 0.56
9000 0.1863366376707454 0.03425076313171746 0.9851525930869438 139 103 72 0.29
9001 0.282457281422722 0.07690466878344315 0.9119084724798487 116 87 59 0.38
9002 0.1599288260228571 0.06482292166351891 1.075622206057397 73 50 36 0.12
9003 0.145776551156704 0.06825045507067837 1.089415735068777 166 140 117 0.14
9004 0.1693774564292954 0.04682216135490463 0.8927834122393222 124 78 48 0.36
9005 0.1708068746836336 0.06675578468687476 0.9932389392420482 131 85 51 0.33
9006 0.2795766206641859 0.1196604161438051 0.9117406525230887 181 141 99 0.14
9007 0.2626569303625523 0.1396833427330736 0.9272631119155932 74 60 49 0.1
9008 0.122736087914847 0.1513029324384952 1.134310609500885 77 57 40 0.37
9009 0.2687851470958673 0.1584591066157082 0.9087385677758859 98 56 28 0.42
9010 0.2672305117352711 0.1629159637530353 0.9096668974587465 98 70 45 0.18
9011 0.1730799522890779 0.165745732115724 1.043610395629681 68 49 38 0.16
9012 0.1617646386717737 0.1643661273698929 1.066225315822047 48 37 32 0.19
9013 0.171129038182984 0.1662380146015265 1.047424316159877 134 97 68 0.23
9014 0.126974321335018 0.1768340807534124 1.117831885662543 71 54 45 0.36
9015 0.2472900859018876 0.1844448714377127 0.9446005894038743 129 96 68 0.19
9016 0.267729231433141 0.1606244912588922 0.9084329780810653 117 69 32 0.14
9017 0.1882074071207769 0.1813643822272783 1.017079376351352 85 52 26 0.29
9018 0.1605183516921528 0.1875749606041243 1.053664526520125 82 52 37 0.59
9019 0.1424525310106047 0.1845913832273537 1.075421647494776 118 89 67 0.38
9020 0.1180639648227414 0.1871253886305148 1.123230175958311 60 38 23 0.16
9021 0.2409476633900412 0.1850884411202712 0.9384123753637172 42 34 28 0.53
9022 0.1459050727651802 0.2051574342167932 1.075595612382075 75 59 45 0.74
9023 0.3488389421940957 0.1917493493960235 0.7846664530119181 57 37 21 0.83
9024 0.290656533897672 0.2013833069840464 0.8600978596921872 74 45 25 1.16
9025 0.2914527160921703 0.2033810274821126 0.8599174538819094 59 38 18 0.42
9026 0.1950203692721301 0.2124770343357127 1.02038407195678 70 52 31 0.81
9027 0.1023406180607349 0.2300610631974054 1.146267273447723 115 80 52 0.42
9028 0.1322879315215924 0.2193973477358994 1.118866996198352 67 55 47 0.24
9029 0.3256019528650503 0.21156993030545 0.8118977149388049 66 43 24 0.4
9030 0.3192760428386348 0.2050615176666467 0.8288009443057449 61 39 21 0.19
9031 0.147655630362849 0.2332983297680378 1.068729817886563 47 32 22 0.3
9032 0.3216178526296259 0.2146465298963675 0.8171821400585142 76 53 32 0.5
9033 0.2484712395105015 0.2350150277024181 0.9091558825966155 132 98 70 0.28
9034 0.2358209186102296 0.2280510264734253 0.9278487988499755 78 55 30 0.17
9035 0.1375813379143362 0.2495174389886782 1.068921577597379 77 55 35 0.36
9036 0.2328326179152024 0.2668993078994769 0.9271279214378287 60 38 24 0.37
9037 0.1239240786487997 -0.1614405274050647 1.095951719084864 60 49 44 0.14
9038 0.1140618347283827 -0.1711421361760423 1.108340903591434 101 75 59 0.41
9039 0.1274555339190102 -0.1443466239527324 1.093234696822599 108 92 79 0.23
9040 0.1370038337741766 -0.1026441857238131 1.083587639476915 110 92 74 0.28
9041 0.1424557774394464 -0.0908610258480628 1.079352435458595 62 44 35 0.65
9042 0.1167175057422907 -0.1052707728882405 1.113651244211902 84 57 43 0.62
9043 0.1301094323069148 -0.0898066675411214 1.082128488244776 139 114 86 0.57
9044 0.111776298376525 -0.09367362454666858 1.122039817884043 123 96 76 0.19
9045 0.1510519201574198 -0.05712436252971351 1.065915678459376 146 121 97 0.46
9046 0.1252987204957379 -0.06102729340964072 1.109193386517707 83 60 45 0.5
9047 0.1430924830075407 -0.0476533748333586 1.071672573508029 62 39 27 0.48
9048 0.1643445149395155 -0.03015124291098784 1.053964722898202 93 67 48 0.17
9049 0.1464398672963773 -0.04150111300703188 1.084171367068309 78 50 33 0.38
9050 0.1433688572908855 -0.02887947131446378 1.082132688880065 161 133 106 0.2
9051 0.1507358052611875 -0.01872741531821026 1.079381030731069 63 35 22 0.21
9052 0.1426190212304783 -0.008855377050059204 1.088820116513123 130 106 81 0.31
9053 0.1613291985123279 -0.002588925740127368 1.05800091341628 53 34 28 0.31
9054 0.07931949291821427 -0.003414306768349862 1.172663793158706 106 76 67 0.33
9055 0.1438497841267909 0.0126512835759012 1.002575616603472 146 120 90 0.48
9056 0.137940305057861 0.002205354027643658 0.883235160662706 198 211 224 0.85
9057 0.1386582847791178 0.04247524615324644 1.101726264578574 83 63 49 0.35
9058 0.1717577835535399 0.06083758112764287 1.042640478917561 140 113 87 0.55
9059 0.1710995959393253 0.0758735966300324 1.06436028902719 140 101 65 0.64
9060 0.07344364020940541 0.07811098030692243 1.183454009576346 79 53 41 0.44
9061 0.1838535897563685 0.08995106763003965 0.9816234035967122 169 137 110 0.6
9062 0.1941768941617012 0.1019946463290947 1.032305048988766 120 98 77 0.69
9063 0.26423216446464 0.1231907263101449 0.930857633557663 99 65 42 0.29
9064 0.1805757161133234 0.1132284062599625 1.038705817816516 61 32 19 0.74
9065 0.1783540018074145 0.1373147677873617 1.048866679251831 146 114 85 0.76
9066 0.09370255945267369 0.1407472619002227 1.171666927758849 72 41 26 0.35
9067 0.2673165764054404 0.153056213016559 0.9106252661312453 120 84 52 0.26
9068 0.1643030233509565 0.1584323711355333 1.067201937537031 68 48 39 0.36
9069 0.1602743195153266 0.1500039596440888 1.082556941196935 167 143 114 0.71
9070 0.1696199313139697 0.1299586688096945 0.8679093776107666 131 82 48 0.09
9071 0.2586155722122719 0.1790155441098089 0.9194323549053827 100 75 58 0.2
9072 0.237922531944362 0.1764444994872272 0.9426561720941455 136 103 72 0.41
9073 0.144140809072662 0.181375177941345 1.088126031087188 62 38 24 0.07
9074 0.06784626481271505 0.1825725776088366 1.17915919287987 139 115 103 0.62
9075 0.1153056188659821 0.1965347539921333 1.125380973679031 57 35 27 0.2
9076 0.2652425312938769 0.2111173579766527 0.8942365155963032 36 21 14 0.3
9077 0.2572858096846148 0.2167157460952963 0.9039900892068993 75 39 14 0.12
9078 0.1857736999503945 0.232915118413602 1.007644198571372 57 39 26 0.16
9079 0.3153733273065691 0.2174373726583353 0.8230912254256639 118 83 55 0.2
9080 0.305302602953673 0.2159626491203556 0.8370978173805276 114 70 38 0.34
9081 0.2477582477491594 0.2324304990902474 0.9101602876258887 125 89 59 0.07
9082 0.1824560595574424 0.2249190924689779 0.954680957845055 32 19 17 0.32
9083 0.1851270535987918 0.246185226535932 1.001423764991715 97 74 59 0.19
9084 0.1814918772230157 0.2346093894977117 1.010714009716837 53 33 25 0.4
9085 0.1581281120715683 0.2476651506919289 1.037592058844149 45 33 28 0.23
9086 0.1849765409786828 0.2475956032598203 0.9990924131554044 42 28 22 0.32
9087 0.1108165819399957 -0.1346525618714679 1.096173247697938 53 34 26 0.84
9088 0.105103019775906 -0.1143116495997782 1.108391255030568 121 98 76 0.63
9089 0.1189124437925447 -0.09709115989062597 1.111638325373507 108 82 63 0.84
9090 0.08688687991169664 -0.1277682793914534 1.014359486830468 137 84 42 0.79
9091 0.09322474410206771 -0.07935282641243638 1.143320261833981 53 38 28 0.31
9092 0.1438213374754544 -0.04673248470925404 1.0832766238383 72 47 34 0.2
9093 0.1434314807306145 -0.03776929335015525 1.080326279252 131 102 80 0.31
9094 0.06607087665060851 -0.0518016097903887 1.180534125529946 106 91 85 1.2
9095 0.1450920368068166 -0.02153060021339973 1.085681076540518 76 52 38 0.25
9096 0.105423377717484 -0.01280190363128433 0.8559434442724478 219 221 223 0.37
9097 0.1857349175394005 0.0361521773637761 0.9841886160894422 167 129 89 0.45
9098 0.1732925636153889 0.06436482540953511 0.9959161217530234 125 86 56 0.69
9099 0.2536550695227537 0.1526414555782697 0.927403796116945 84 63 44 0.35
9100 0.3462768167401635 0.186797991348359 0.790293141461922 73 58 42 0.13
9101 0.1684145787474967 0.2173785381453901 1.037803073879743 82 54 36 0.28
9102 0.17650248646128 0.2230214249424681 1.032551126528783 68 47 32 0.2
9103 0.3031844193268606 0.2592369869292341 0.8330570139714495 132 98 71 0.6
9104 0.2534478915874869 0.2833283881409531 0.9032312658681972 96 56 28 0.26
9105 0.1284407822897506 -0.1480633476458367 1.096046531112062 63 44 33 0.94
9106 0.07607811541720688 -0.1423250435936236 1.157970224562925 91 69 56 0.11
9107 0.1725893315218907 0.02105160343064605 0.9007734817542341 138 98 66 0.15
9108 0.1841551421891459 0.1017576759459247 0.9820811743862892 64 35 18 0.4
9109 0.1310650536825542 0.2295195744767499 1.095300829218558 27 14 11 0.25
9110 0.2266360410010432 0.277758755507822 0.9826907970081943 135 119 102 0.53
9111 0.3015319641507036 0.2525335397446725 0.8333232286838956 107 74 49 0.14
9112 0.146907181829402 0.01848936501679813 1.083944293288827 158 117 75 0.61
9113 0.1598976312047458 0.08415603392724577 0.8864061230558876 176 124 71 0.4
9114 0.1005460244019329 0.09398816550659281 0.8251271518295469 65 33 15 0.62
9115 0.3044001834449426 0.2429889613107693 1.107150304032743 190 203 213 0.32
9116 0.323425833526653 0.2445822265411728 1.110009888378941 49 35 28 0.27
9117 0.3251787198370134 0.2477068626684009 1.127491991037491 79 45 33 0.32
9118 0.2499067749952059 0.2792182322616191 0.9153071398045669 71 48 31 0.1
9119 0.1469762172349804 0.06580574742626796 1.090781028945851 174 129 98 0.16
9120 0.2941678027482996 0.2927679528205325 1.069195176807742 44 28 20 1.22
9121 0.09336571337841981 -0.2296975934889698 1.143420359818017 136 115 96 0.46
9122 0.1200303014475072 -0.1911463353138955 1.098748937200303 204 165 125 0.21
9123 0.1232442203199116 -0.1764035708365222 1.097108406601022 180 147 112 0.2
9124 0.1240529698548202 -0.1716015699703834 1.094051769777225 200 163 117 0.19
9125 0.12363569623432 -0.1620301417411074 1.096269957022767 81 60 42 0.49
9126 0.0963515120167544 -0.1861564537249356 1.133333019036146 92 73 62 0.25
9127 0.1074300800425896 -0.1716480187251363 1.120895702733395 184 144 109 0.2
9128 0.1070906356608879 -0.1673172389095057 1.118202773988079 154 127 100 0.25
9129 0.1033287421225276 -0.1671460519301501 1.135380784050533 192 148 106 0.19
9130 0.1069812885460742 -0.1618588820678283 1.132503223265784 90 64 42 0.47
9131 0.09492042452690408 -0.1703784416152175 1.061322019221282 105 84 74 0.53
9132 0.1304084011304008 -0.1450573843771088 1.089298439145062 146 115 75 0.58
9133 0.1191719446889079 -0.1358626784916352 1.108028833232549 88 62 39 0.4
9134 0.1047455803789972 -0.1572119296802863 1.133331912748108 131 103 80 0.38
9135 0.1347561240413312 -0.1132550766039242 1.070372118467378 62 37 27 0.33
9136 0.1350939572755639 -0.1114548078805748 1.072617343252975 99 67 44 0.19
9137 0.1168351307812092 -0.1258113609084824 1.109455727918682 174 136 104 0.12
9138 0.1232583110490051 -0.1078030216981928 1.114451618942732 93 67 54 0.5
9139 0.08476617909096296 -0.1251061707347084 1.155606826351729 93 71 54 0.26
9140 0.07268555774671104 -0.1268268379565211 1.1662467347698 128 97 70 0.33
9141 0.09041557440265724 -0.1250300838314893 1.029058780988068 63 43 37 0.33
9142 0.140603733608848 -0.09199858779965739 1.06385207035485 67 43 28 0.31
9143 0.1307514704605958 -0.0917950144700376 1.097782307948158 163 130 101 0.25
9144 0.1157328588046839 -0.07919164303133766 1.038741950657429 65 39 30 0.18
9145 0.1433297063108335 -0.0734242070108643 1.081958981747882 128 96 70 0.32
9146 0.1458563857238743 -0.0676329143213272 1.080040698569207 196 151 103 0.14
9147 0.0908307040672478 -0.09128969037189463 1.14678929544281 102 77 61 0.16
9148 0.09091091949586005 -0.07838898279198495 1.147436453165278 96 74 63 0.14
9149 0.07660304570559551 -0.08689587435527066 1.16585160161073 151 122 96 0.24
9150 0.08360957116951406 -0.07633749993709502 1.164119436929939 131 102 82 0.28
9151 0.058829747448366 -0.0993166525454299 0.9963901231410139 140 98 59 0.28
9152 0.1628817793412115 -0.05144839012164223 1.060865231202961 166 122 87 0.25
9153 0.1575449121322032 -0.04477445598951843 1.058902137398622 106 79 50 0.77
9154 0.1124094983994787 -0.05931273478659863 1.125797509314006 104 79 63 0.64
9155 0.07678318539004103 -0.07527003391663825 1.16738091048638 158 124 101 0.09
9156 0.159613973753822 0.03890247650953474 1.012780584598578 153 103 65 0.63
9157 0.1207123981915447 -0.03016330826182104 1.11907014477281 58 38 29 0.49
9158 0.1343735630030297 -0.01687364079664191 1.104021836303203 137 97 60 0.14
9159 0.06813249125972953 -0.05238314373972849 1.179944752184036 84 64 54 0.25
9160 0.1491856675994133 -0.007069560138268205 1.082347496297587 139 105 73 0.1
9161 0.1614668748943756 0.008686811202117117 1.065034940471018 126 84 43 0.11
9162 0.1287574296562098 -0.0148270377376846 1.107965854520873 92 67 54 0.08
9163 0.1393699062054644 0.001523499593681171 1.000877655857208 146 119 94 0.14
9164 0.1740353854921476 0.02521437675101584 1.043562851417851 130 103 75 0.34
9165 0.1351133230958584 0.008321875953986257 1.104337171708495 80 45 22 0.08
9166 0.1367531253180196 0.01433699214625944 1.118563065927788 177 122 77 0.18
9167 0.1802359980073914 0.03719942375576696 0.9889377427158419 143 121 102 0.3
9168 0.1636152566676187 0.03802020038984583 1.066159095715026 151 108 79 0.34
9169 0.1734422923264383 0.05183636051977619 1.049440783939572 101 77 53 0.37
9170 0.1000853807695039 0.03670694046086079 1.155079620334353 93 71 56 0.6
9171 0.07962007965891993 0.02936325225470029 1.173568122299951 86 59 44 0.35
9172 0.1445136542893401 0.0658422691265477 1.089393335206663 80 45 24 0.03
9173 0.1683732415091685 0.07832637038630358 1.008631974628428 64 45 32 0.2
9174 0.1677898728532162 0.0804894011513127 1.009480154752818 68 53 37 0.55
9175 0.5107950246039273 0.1138282449373106 0.5857805772984879 89 60 31 0.83
9176 0.507563369966999 0.1132880787726065 0.5877208643619309 130 114 136 0.28
9177 0.06539799878641894 0.02658380985647724 0.8071487134304185 107 84 70 0.91
9178 0.1851971697359735 0.07709779533688171 0.894375750384512 92 66 52 0.41
9179 0.1986078849186872 0.106476677034256 1.013446643392613 148 108 65 0.32
9180 0.5103282006060225 0.1284616000005024 0.584863984383007 158 122 74 0.68
9181 0.1870433811240319 0.1036537007810638 0.8896119998057921 63 32 13 0.47
9182 0.2715480387959192 0.1347344930316843 0.9358003666759382 152 121 96 0.15
9183 0.1967375926397068 0.1271710233231106 1.008498841638692 66 41 27 0.5
9184 0.1764415864740136 0.1242616828754087 1.065823889604059 77 49 36 0.79
9185 0.1296180121937971 0.137939391325732 1.135846202498257 112 87 69 0.43
9186 0.1615706829227545 0.1557268257318687 1.076310516864974 66 54 46 0.5
9187 0.148984123186031 0.1080941038957269 0.8535371886801815 111 67 44 0.42
9188 0.2016056145806586 0.1601579608734283 1.007430353178497 180 122 73 0.09
9189 0.05764225772353038 0.1611558190753496 1.207778391365105 126 127 113 0.43
9190 0.3208116769588518 0.1689675715739966 0.8281327154788822 128 84 41 0.25
9191 0.3172108493230327 0.1694685240115468 0.8302809307764859 176 139 100 0.1
9192 0.2640889564300715 0.1718916316735952 0.9111125594978675 115 84 67 0.22
9193 0.2393638838130679 0.1778688952401739 0.944011133313978 86 56 35 0.36
9194 0.4931169925586961 0.1655642005653434 0.5837174058225439 132 119 89 0.61
9195 0.4492536495522407 0.1618056163920168 0.6449032246382516 113 92 57 0.17
9196 0.445354414951775 0.1614423993510058 0.6484778998093775 125 100 71 0.21
9197 0.3980463617964766 0.1710286584450485 0.7163443007928438 161 125 80 0.31
9198 0.3685498255259445 0.1729873841367114 0.7638544117549357 127 97 60 0.39
9199 0.3061308219773721 0.1767994366693454 0.846951569684085 107 74 50 0.11
9200 0.2637090673582864 0.1829189321179101 0.9131978110820296 89 64 29 0.18
9201 0.2513026283189543 0.1949479411422699 0.9370061934659835 66 45 25 0.16
9202 0.1743050301009957 0.2004525909059762 1.041041134065404 122 89 61 0.36
9203 0.1857722160962625 0.2051288001753097 1.030359956626864 120 96 74 0.26
9204 0.1770715173263068 0.2055612565443495 1.038767960084453 110 80 46 0.24
9205 0.4583368746762443 0.177296755390928 0.6150044949033746 32 22 15 0.29
9206 0.3398905598577165 0.1988217342705282 0.7983691501226242 85 64 50 0.11
9207 0.1971482604112391 0.2103070836828431 1.017925462966503 118 96 68 0.26
9208 0.1468484551543543 0.2151793797919111 1.069551671050278 90 80 68 0.88
9209 0.06920896138900356 0.2346879354838946 1.179525245274887 88 68 53 0.4
9210 0.4600916361606433 0.1793500703720506 0.6126452267619799 33 13 7 0.26
9211 0.4330633990324817 0.1897194190664607 0.6576155113732501 165 127 64 0.41
9212 0.3328517740515762 0.2031994671313769 0.8073818722510916 151 116 82 0.38
9213 0.3197377316884509 0.2082642049499011 0.8196612474094633 100 65 28 0.06
9214 0.24978967699872 0.2242674630126397 0.9117561671215063 109 72 44 0.15
9215 0.1895413044083901 0.2280911421511969 1.002604233166447 114 77 53 0.26
9216 0.4313153257948783 0.2052792848818485 0.6545303352796283 95 73 47 0.35
9217 0.4079781482807469 0.2058194605218696 0.6861040492127569 128 106 73 0.2
9218 0.3746909849584601 0.2150279350108583 0.7308424094879267 115 84 45 0.17
9219 0.3674216153000801 0.214229913619438 0.7529563303551555 79 66 47 0.53
9220 0.2759876348325408 0.2278761976997153 0.8744619164100841 133 86 53 0.19
9221 0.2757946375264869 0.2289233579107664 0.8778184353759021 104 74 54 0.53
9222 0.1120065560275568 0.2628546533197129 1.105982016120915 58 37 23 0.54
9223 0.37897956962529 0.2168239209791042 0.7246274643022579 98 77 48 0.85
9224 0.3509530695964961 0.2269280217833347 0.7740439888933391 163 120 71 0.1
9225 0.3413284099489934 0.2318167505070042 0.7849355187363274 80 56 28 0.28
9226 0.3278471504883958 0.2330377316646732 0.8042167093646863 80 57 34 0.22
9227 0.2939606955319239 0.2401186364206327 0.8494508427133454 50 36 21 0.19
9228 0.2890919551264681 0.2407820674706716 0.853281272053382 98 77 57 0.56
9229 0.277257418043275 0.2359602038873355 0.8671143909021815 76 47 24 0.55
9230 0.4261174937908035 0.2218878626145345 0.6657135095551772 68 55 38 0.36
9231 0.2527264747142072 0.2758522150905522 0.9094374546412202 56 47 41 0.09
9232 0.1143109609297853 -0.1911682813700858 1.107768153568449 77 60 47 0.33
9233 0.115161357551693 -0.1809167185688833 1.109452125110744 117 92 71 0.5
9234 0.1066146643795085 -0.1791224035482021 1.118279131404333 79 60 47 0.64
9235 0.1095654238445893 -0.1687847808974978 1.067726584751203 83 67 58 0.23
9236 0.1287161532252122 -0.15130383050213 1.088922578175954 179 142 100 0.21
9237 0.1125778563250548 -0.1586167801375642 1.11681710542441 156 123 97 0.36
9238 0.1037256908217015 -0.1527201602898496 1.134257935924797 96 72 52 0.29
9239 0.08624143393214123 -0.1630498321836102 1.14936868576918 95 68 46 0.31
9240 0.1389167583847716 -0.1173278579702554 1.08983386125997 113 72 45 0.59
9241 0.140262391727792 -0.1096074124293034 1.078329379054879 214 169 116 0.11
9242 0.1004764252947307 -0.134695604518051 1.129631991626858 76 57 48 0.22
9243 0.1115081731828412 -0.1278391769361232 1.120727187519351 126 91 66 0.4
9244 0.07310642352575669 -0.1490928142740971 1.164320897500165 118 97 60 0.44
9245 0.07839762686326179 -0.1423282158399144 1.159521339456949 156 116 85 0.31
9246 0.1250681013973147 -0.1050838521451044 1.101011490680168 166 134 104 0.2
9247 0.1095629782506737 -0.1098909190507273 1.132162971579567 101 69 45 0.3
9248 0.1113201123070475 -0.0956911408049905 1.124494911999451 101 71 49 0.47
9249 0.09694820674133164 -0.1064047228062085 1.142374970737418 86 63 50 0.38
9250 0.07504177627252995 -0.1215608603068535 1.164624315770043 130 100 80 0.18
9251 0.08832975113131036 -0.09980504180506597 1.152138385967577 83 51 34 0.12
9252 0.08387107068653299 -0.1001737479100072 1.158172485961688 126 95 76 0.12
9253 0.1391934307965581 -0.0800958230290614 1.084226850568175 151 121 93 0.19
9254 0.1274823424572576 -0.08383763078884718 1.098046746080886 180 142 109 0.12
9255 0.1308861562088917 -0.07666284399919529 1.097987527188465 141 114 90 0.33
9256 0.151075992309067 -0.05335219794336879 1.078217785297896 138 104 66 0.22
9257 0.08531467581871022 -0.07269924963822147 1.155930116356779 144 109 83 0.47
9258 0.08629436054232265 -0.06178775806891787 1.157657065163448 103 80 66 0.2
9259 0.09184849500966008 -0.05527952540989436 1.153868532876444 93 59 38 0.12
9260 0.1664814641310115 -0.02297635964002875 1.055139489773165 121 82 54 0.22
9261 0.163388587564763 -0.01606367011276499 1.069064384589357 165 123 80 0.21
9262 0.1656334386206696 -0.00938899085372874 1.06666297430226 147 99 65 0.07
9263 0.1488502621203658 -0.02006688764566286 1.087258546641294 100 78 59 0.21
9264 0.08520560889497708 -0.04963906078715283 1.158064463413554 117 91 69 0.29
9265 0.1713014877543559 -0.003746057606107828 1.047579662972008 99 74 56 0.22
9266 0.1638133734919635 -0.0017428017551821 1.057911745312992 55 34 22 0.25
9267 0.1341544829052874 0.0007818832485509131 1.105819227939724 64 45 39 0.11
9268 0.1142728442155717 -0.01298712035058408 1.13266419799096 87 64 49 0.24
9269 0.1257563217354795 -0.003996827653855423 1.119497940032699 120 86 48 0.52
9270 0.09652974894296351 -0.01510981845561721 1.156794416904161 127 92 70 0.67
9271 0.08050089423916795 -0.01403616379392639 1.173189322750793 149 120 96 0.16
9272 0.1917660724464146 0.02089138673762167 0.9750058572356246 153 110 73 0.14
9273 0.1403818818428235 0.004621324812145944 1.000909659359818 78 48 32 0.2
9274 0.1484460443808213 0.03480489817202617 1.088260361982684 132 98 69 0.46
9275 0.2672901219748265 0.07239354818593793 0.9378391995357289 220 178 120 0.34
9276 0.0692995925181028 0.02893104101318883 1.187368984562841 82 56 43 0.17
9277 0.516282647487845 0.1043944076017118 0.5810389456260141 157 108 57 0.2
9278 0.1769305167082262 0.08359414778316732 1.016107042910532 80 50 32 0.5
9279 0.1786519216593756 0.09035281938257664 1.04392113504201 128 103 66 0.21
9280 0.08091321567860987 0.07395069698395862 1.175335702501209 99 78 66 0.39
9281 0.08288492906646072 0.08410190156495867 1.171547857297074 106 80 60 0.47
9282 0.09814281094559663 0.02163997173684795 0.7637224658070096 215 214 216 0.6
9283 0.09873563571354904 0.02597705358914562 0.774730959140673 127 107 71 0.99
9284 0.09150096422639331 0.02717925814454619 0.83269189388346 191 198 198 0.71
9285 0.1515899170405152 0.117894367464828 1.102251397683494 70 57 52 0.15
9286 0.506974014524189 0.1287429185619257 0.5879552664616227 96 78 64 0.6
9287 0.08650857121456501 0.05923514009629907 0.8251251444974512 160 106 64 0.41
9288 0.1015042504601646 0.1187772527419607 1.166261663045214 98 68 39 0.7
9289 0.1024707797992293 0.1316962738186395 1.161770024736726 98 72 50 0.17
9290 0.08897188392608801 0.13461699512778 1.175234414630613 124 85 62 0.16
9291 0.2696273924501341 0.1479930677345089 0.9150631842961416 132 98 78 0.26
9292 0.435942986105955 0.1505182650218524 0.6716712394104555 170 124 86 0.84
9293 0.3928716639647866 0.1598569785846986 0.7337693246868351 146 101 62 0.51
9294 0.3614752251307473 0.164731693367837 0.7744366813508341 118 91 55 0.37
9295 0.1948082364041706 0.1683786398711859 0.9957455124840282 49 25 12 0.26
9296 0.182674446585188 0.1853848427622114 1.024456894327815 126 85 60 0.19
9297 0.09324055118804142 0.1898862872728344 1.153132099336738 48 33 28 0.16
9298 0.4772047109744215 0.15915441790541 0.6089903180951407 112 98 77 0.3
9299 0.1827685509827834 0.2040575859525583 1.036863705266965 117 90 54 0.45
9300 0.3145682865034689 0.1997256697872648 0.8346835579071343 54 42 34 0.5
9301 0.3020942659739758 0.1975908434673874 0.8531062382636531 160 99 54 0.2
9302 0.2882620377502918 0.1964761875710839 0.8670117156322541 171 120 63 0.33
9303 0.2888810873279544 0.2063899818899717 0.8648063069834276 109 89 69 0.2
9304 0.1387470017290532 0.2164107578398525 1.098630385521918 138 108 83 0.37
9305 0.4879212718036341 0.1788556771277681 0.5844146664047666 119 96 60 0.99
9306 0.4376793014662052 0.1866881575662798 0.6533724267483423 181 143 74 0.44
9307 0.383894428562488 0.1997622510852547 0.7249145909933196 150 115 67 0.26
9308 0.3164512841160662 0.2072717519129865 0.8253574627796803 140 92 45 0.91
9309 0.2580932883114917 0.2210973379897765 0.9016402993698045 104 50 21 0.15
9310 0.2399798459878025 0.2210420380725279 0.9262138421520232 123 84 54 0.32
9311 0.4568943826079513 0.199403367711912 0.6217810854039394 116 86 45 0.43
9312 0.3025728802737432 0.2269604791267349 0.8389061765647781 140 87 47 0.12
9313 0.2528362477239243 0.2320800089743949 0.9030482616069226 138 81 51 0.06
9314 0.114444400002497 0.2659325346333721 1.103958275911121 67 46 34 0.17
9315 0.3760086400164422 0.2187514554194984 0.7336649321546507 100 68 36 0.51
9316 0.3826270666541441 0.2242423969259508 0.7334011991950679 56 38 25 0.2
9317 0.3786669933951172 0.2193957689303141 0.7349875529053157 143 103 64 0.2
9318 0.3470531124580648 0.2294473413716101 0.7786081800844762 68 42 20 0.28
9319 0.3310199933554254 0.2326199440097676 0.7976351709592285 118 83 55 0.16
9320 0.1685487549962081 0.2637098791772354 1.023407084280302 129 83 52 0.25
9321 0.1159703491042872 0.272720262169417 1.099314858604006 96 72 60 0.28
9322 0.3323869011199672 0.2510530063575448 0.7936733966499432 124 92 53 0.82
9323 0.4665437360384471 0.2323634792602912 0.6268004675479173 98 61 28 0.15
9324 0.3476046044126896 0.256953933317062 0.7858552955720181 84 64 41 0.36
9325 0.4804684832951006 0.2349522166527647 0.6104803150988813 82 64 16 0.3
9326 0.07740191695990983 -0.2162632249402245 1.069765232502388 121 102 90 0.21
9327 0.1079901875772528 -0.1884505957650046 1.116733665563927 59 43 40 0.56
9328 0.1343558226300144 -0.1257304139738237 1.084446766214904 190 145 100 0.26
9329 0.1003255880660087 -0.1364766884969205 1.132534998945901 152 122 94 0.31
9330 0.1506212853399431 -0.07965604508672944 1.06696287876018 79 56 39 0.27
9331 0.1556010152735005 -0.05771089952161565 1.061491744169629 91 66 56 0.73
9332 0.1393568048103886 -0.07168727307771702 1.090275469464832 93 61 36 0.35
9333 0.07805643956794828 -0.09785424891707875 1.165771907496998 134 106 83 0.5
9334 0.08803381057600268 -0.07673554003062141 1.157033279810341 131 90 68 0.3
9335 0.15484581627828 -0.05103036407624836 1.066622636918043 139 110 78 0.28
9336 0.1207099770666181 -0.0429044142641555 1.122255346221394 62 45 43 0.4
9337 0.08592562941180981 -0.01327887857415239 1.166578280059773 50 39 34 0.6
9338 0.09814003477027822 0.02487894002610702 1.157739913683021 90 60 34 0.34
9339 0.1775957673274611 0.03988691223177385 0.9976320968625341 124 85 59 0.52
9340 0.1645109897961086 0.04094529918268855 1.006678310693594 101 76 61 0.35
9341 0.1722393530845331 0.03556147401387208 1.042704359946158 228 177 119 0.69
9342 0.1538120726769176 0.07547582990625451 1.084606792219736 85 65 46 0.34
9343 0.215270033933096 0.08956428029741714 0.971914536115464 149 106 64 1.0
9344 0.1844887297150238 0.075932316328337 1.03314470693386 178 119 68 0.76
9345 0.091571123909442 0.08715495784632935 1.162787211758832 74 63 57 0.14
9346 0.2596848200089978 0.1810560964306669 0.9157852731540717 86 65 47 0.3
9347 0.2100900490482261 0.134998539924274 1.011451997056023 109 85 63 0.35
9348 0.1285332094575056 0.1243439524517648 1.135978264292961 56 39 28 0.51
9349 0.4880019882893925 0.1486926606682484 0.5963302465280619 111 91 60 0.45
9350 0.2994472349051663 0.1763243099388028 0.8571583694823677 167 127 85 0.42
9351 0.2598189060109403 0.1823597252254405 0.9234853032090977 119 85 36 0.25
9352 0.1462583925825449 0.203524028199417 1.082679206680133 86 67 53 0.58
9353 0.1576758834554691 0.2175380082386711 1.081730708633127 121 100 76 0.29
9354 0.5030597056803242 0.182324953777478 0.5688529060349158 81 37 9 0.23
9355 0.2683872532709682 0.2230087357266569 0.8870857957809326 80 36 14 0.08
9356 0.2692845204146873 0.2347043214303211 0.8812502165787233 110 79 55 0.6
9357 0.4088079279203798 0.217974631779472 0.693631179287405 143 113 61 0.07
9358 0.4007554608298529 0.2183247717152758 0.7061800953151244 60 40 24 0.23
9359 0.3811419272765316 0.2215254945904394 0.7284127936758196 79 58 33 0.81
9360 0.3637517023871614 0.2259115543072723 0.7568016424937228 52 35 20 0.26
9361 0.3914623720329423 0.2635892857766106 0.718791387798745 71 58 48 0.33
9362 0.09905457381739136 -0.1779019662195415 1.076661250539063 39 27 28 0.46
9363 0.09384631194637616 -0.1830874286303699 1.134838134348945 157 134 108 0.03
9364 0.1135486519994501 -0.1677036993468246 1.112648650931057 60 44 44 0.51
9365 0.1147996675205503 -0.1272090180275533 1.115127503267035 86 56 40 0.5
9366 0.1221264630675908 -0.08804559221158634 1.111036471428863 178 130 82 0.27
9367 0.1464199559601716 -0.07325601607734336 1.077238831752657 80 54 37 0.5
9368 0.1519683551037921 -0.05698917412470586 1.078710062615294 180 136 88 0.28
9369 0.1244695990807747 -0.08463023168768322 1.104797268974411 70 41 31 0.42
9370 0.1215358360380418 -0.07928895123696308 1.106995814748338 172 139 108 0.58
9371 0.09648505203438451 -0.08475509560365671 1.142288670312716 58 40 32 0.33
9372 0.0935641390906562 -0.08042517060947926 1.14250904314659 97 66 41 0.56
9373 0.1316422146153975 -0.05465584314689217 1.103675973735728 134 106 68 0.98
9374 0.1011369192673283 -0.06520628510560758 1.141092145136801 137 113 89 0.89
9375 0.1076381956354068 -0.05356011431424337 1.136739294388955 90 52 28 1.12
9376 0.1629218496358681 0.001647669197562096 1.066508879281504 149 111 83 0.26
9377 0.1370822641242205 0.009792126669383922 1.115232916240134 79 55 36 0.68
9378 0.1361885666770508 -0.001548700747045745 1.00733820715036 150 129 112 0.89
9379 0.176306757525331 0.01700511661495155 1.041750712456036 127 75 35 0.29
9380 0.1669119379785696 0.01397937965526946 1.052923996999636 101 74 47 0.4
9381 0.1768021891389895 0.03341950234232091 1.038323115417036 93 60 35 0.27
9382 0.1710622220732175 0.06624758675082504 1.057948466893853 176 132 92 0.44
9383 0.5106833131966371 0.1246226175858919 0.584460641095442 140 96 52 0.55
9384 0.190215791120057 0.1376607315158108 1.034578536355519 81 57 37 0.11
9385 0.1245434053919044 0.1596698622738395 1.138522879426327 90 70 57 0.17
9386 0.3937182882804267 0.1649377727074233 0.7268591546253549 115 80 31 0.57
9387 0.1709048221637675 0.170686749780183 0.9761904012975628 75 52 36 0.15
9388 0.2464753656241379 0.1871436025885889 0.9413020158302381 75 54 35 0.35
9389 0.185614731487303 0.1923817052283397 1.023307459351025 92 59 32 0.27
9390 0.3099370727814081 0.2471399867820543 1.103957637197032 221 219 218 0.11
9391 0.06588572620734978 0.2209917846897779 1.183637505188202 66 54 43 0.26
9392 0.448386691448744 0.2014398432976011 0.6323983515313145 110 86 51 0.16
9393 0.2696650789572106 0.2253690532190016 0.8833564743621017 157 96 49 0.69
9394 0.2359201557136237 0.2417443317995046 0.9239836487168028 96 58 28 0.4
9395 0.2583186911264968 0.2425760904132168 0.8904643252264079 100 65 38 0.54
9396 0.4882469898406001 0.2086532809425436 0.5892985868137394 82 66 48 0.44
9397 0.1543234257030572 -0.05374104414985151 1.071166876313807 63 39 26 0.3
9398 0.0897455684752767 -0.002375543409267628 1.163858936512795 59 42 34 0.28
9399 0.193032954476305 0.08672231269488576 1.020760096454536 122 82 47 0.43
9400 0.1027710249122959 0.1006660516624374 1.157969140767647 92 57 30 0.58
9401 0.1537313627927965 0.2097803019178331 1.08039518602087 55 43 34 0.16
9402 0.151999348586595 0.2661542393171203 1.041567982640193 132 91 74 0.41
9403 0.09509944435809758 -0.1490142403545962 1.040827512955215 99 72 56 0.13
9404 0.1386074140130049 0.005047059433160778 1.111499448917916 145 111 74 0.67
9405 0.2790344550212257 0.1673691840609 0.8936939822692069 125 80 39 0.6
9406 0.2738554708849108 0.1729801066861616 0.8955059168525243 144 108 74 0.75
9407 0.08456262975005135 0.2263599290522184 1.155664923537308 105 78 58 0.63
9408 0.1623881615572433 -0.02100440691812305 1.062524296456577 64 38 26 0.4
9409 0.1728773780742682 0.02452990638455319 0.983068878565587 153 110 65 0.84
9410 0.1752871305844355 0.03335469429991089 0.9937854391309295 187 147 104 0.44
9411 0.123097753044442 -0.006898337924096665 1.119127992790534 144 106 78 0.25
9412 0.1426097525850406 0.1105120724784277 1.114353111943947 69 45 35 0.06
9413 0.277996526432088 0.1378007077616203 0.9017442133146841 116 76 46 0.8
9414 0.2773852500989335 0.1770509030718543 0.8882827151471677 68 44 30 1.12
9415 0.1651242815262909 0.2100060725236856 1.050234670533899 117 87 58 0.39
9416 0.428385456745617 0.2104281857077294 0.6660777120349046 78 53 31 1.17
9417 0.3404551226864761 0.2311772223404655 0.7807773614109748 130 102 59 0.48
9418 0.165348501635896 0.2689990813349707 1.019948252193879 21 17 13 0.3
9419 0.1282980047632964 -0.1384744032800373 1.078748738142828 67 45 38 0.78
9420 0.1429463261407862 -0.09419109357224523 1.065309111677863 76 49 32 0.58
9421 0.1597677916500319 -0.06636847145317668 1.054769259753887 79 50 32 0.77
9422 0.1529208560405692 -0.05246155577416364 1.053761951371452 71 45 28 1.22
9423 0.2035244678694536 0.1362997835423876 0.9909920529624343 106 73 50 0.7
9424 0.4931165219576921 0.1708405229407739 0.5855942080809862 139 128 106 0.62
9425 0.4088647448835369 0.2125199726431153 0.6933852896399029 145 115 70 1.08
9426 0.2113840077837315 -0.09821297298165235 1.016178649793921 176 122 76 0.91
9427 0.1081982631831679 0.03083343697369159 0.8454334001508452 148 110 79 0.73
9428 0.1505684957700492 0.05011031018067502 0.8591387306083833 132 86 48 0.25
9429 0.4472741597599044 0.1641463729085333 0.6494032777711165 90 75 61 0.16
9430 0.4057967991707467 0.1955276043743879 0.6919334370910477 122 88 50 0.23
9431 0.328794847771599 0.2572992754177321 1.108424202480098 117 81 55 0.13
9432 0.2976038993658716 0.3158479988405755 1.066946401248054 116 88 65 0.27
9433 0.3387801787402909 0.3233030209267165 1.083413162142806 106 84 63 1.01
9434 0.2898773065880699 0.2803525514621554 0.853524355033362 86 62 39 0.39
9435 0.3184166080910957 0.2736441640291063 1.081962460319006 120 75 41 0.63
9436 0.2957149226543838 0.3108468653322087 1.067199472943033 132 98 72 0.15
9437 0.1174423858283315 -0.1303899732626213 1.111830224753312 150 121 98 0.46
9438 0.09852194043074014 -0.1220189326276497 1.042086615418751 86 53 27 0.46
9439 0.3130360461727514 0.2971392580533299 1.082659347350954 39 25 18 0.42
9440 0.0638145694219947 -0.126256451323055 1.012986519991007 188 128 74 0.42
9441 0.1102043864726018 0.02293262612295563 0.8514412284573412 183 117 62 0.77
9442 0.2917405677211771 0.3042150074958851 1.062963217176701 144 115 80 0.55
9443 0.3239309910733929 0.2699595630837966 1.10470422048131 166 120 74 0.22
9444 0.09669344103271083 -0.1297185735297323 1.040920886951213 133 90 61 0.44
9445 0.2002802421815104 0.1193957572182486 1.024139147221113 78 50 32 0.6
9446 0.138705948674738 -0.1128839933344509 1.073211499287547 115 76 45 0.25
9447 0.137964173602851 -0.09267412214140261 1.064573772290552 119 87 63 0.26
9448 0.0965171783634462 0.03864280739277334 0.7653080582611145 116 80 58 0.6
9449 0.2741153363113474 0.3047184245343239 1.047985278837902 100 78 64 0.52
9450 0.08435564035502507 0.1725617036082854 1.175822274882995 65 50 34 0.47
9451 0.116193559136564 -0.04145953322748722 0.9969253174472089 112 70 41 0.35
9452 0.1355103935039152 -0.02113071927740276 1.013183436639166 204 146 93 0.41
9453 0.2175449655993747 0.02895849120888852 0.9328251052145973 168 131 101 0.16
9454 0.1648542102641493 0.01464194333282437 1.033230653001411 158 122 86 0.18
9455 0.1741425519600897 0.04849759904614337 0.8858034094436036 96 65 46 0.28
9456 0.22844550514782 0.215386186476202 0.9357938490474674 133 102 78 0.5
9457 0.1808068621099301 0.09972578086320336 0.8855641715085285 133 96 61 0.14
9458 0.2065220886881632 0.1524533649720318 1.006814169298467 69 54 42 0.19
9459 0.3641974341892228 0.1641655569037578 0.7726915441617522 147 90 49 0.09
9460 0.321106608737296 0.1702667001396392 0.8269970636060926 147 85 45 0.1
9461 0.07717771006895935 0.1697056724136678 1.193958369395289 117 95 81 0.42
9462 0.0718627719761612 0.1754731343581155 1.198576237806966 127 106 86 0.19
9463 0.2830246552456062 0.1806700856813791 0.8795396823972048 181 130 76 0.16
9464 0.152039910598736 0.2282236486340025 1.066379283327454 46 35 30 0.11
9465 0.271312676990798 0.2281973947397294 0.8807151479527587 99 70 48 0.42
9466 0.3103137255852758 0.2768164062435366 1.088935545587199 82 52 33 0.32
9467 0.3049839029377071 0.2794806937451934 0.8348874133131687 128 102 75 1.03
9468 0.3182446281679135 0.3004312333104113 1.083600389157635 115 77 60 0.54
9469 0.07303654923673286 -0.1317042556306803 1.020206280954124 133 95 61 0.33
9470 0.1649103360034627 0.03373282489087562 1.024401324986221 161 133 105 0.06
9471 0.1999643119767666 0.06199417734653001 0.9165517573900622 171 115 77 0.39
9472 0.1490836517202269 0.0770664883297521 1.079259906957335 91 62 43 0.24
9473 0.2212586019389294 0.10246748379959 0.915429568001024 83 41 23 0.36
9474 0.3811526124684028 0.1966260397070665 0.7287747079744508 124 96 61 0.23
9475 0.1426539652087435 0.1132812772983349 0.8509512039863545 112 58 19 0.46
9476 0.3227647040649014 0.2485222448900174 1.135209093655122 82 66 69 0.42
9477 0.4456378040774247 0.2212935224339199 0.6397226735143793 92 73 52 0.5
9478 0.3166509810792372 0.2531713091890955 1.102707181662616 72 44 29 1.27
9479 0.1834572012409346 0.2551807291460061 0.9973174784828407 121 90 73 0.14
9480 0.2333968999180218 0.2725124168392635 0.9224908686230171 82 62 27 0.49
9481 0.1751299619741548 0.02333563631734933 0.8914505282718238 72 48 35 0.2
9482 0.3893279908011691 0.2343701271418166 0.7174980989474766 143 102 59 0.42
9483 0.263913224370681 0.2492623045315986 0.8819925918664374 27 15 11 0.09
9484 0.4565500602779595 0.1457912009328869 0.6492827685750986 169 130 91 0.78
9485 0.09785864648652987 0.1714795578636532 1.171408000206308 123 101 75 0.51
9486 0.3396919270082817 0.2443893459334786 0.7807023311355208 90 64 33 0.46
9487 0.1408611708448763 -0.09099586812068475 1.079016367939238 64 46 38 0.4
9488 0.3857488218315786 0.2318167911419922 0.7215627346648527 22 14 10 0.24
9489 0.3363512426475288 0.2955670043586071 1.095421956491316 60 38 29 0.22
9490 0.3443923137694447 0.1874731315641155 0.7931437160113749 41 32 21 0.79
9491 0.1805754555524081 0.2331563782471248 0.9811248784367527 64 52 41 0.24
9492 0.1541096893019986 0.1174927787371932 0.8586902203137805 107 77 55 0.38
9493 0.07412205622305279 -0.2080122025042181 1.156492456942742 106 114 118 0.61
9494 0.1287028223795831 -0.1539310618659966 1.083993443723515 81 59 46 0.19
9495 0.1227422921591605 -0.1549894796596908 1.078679439533965 82 48 32 0.27
9496 0.1288190730244154 0.01680775276618143 1.119463610226304 107 84 61 0.31
9497 0.2766295377808065 0.1410983114403518 0.9047466297127633 61 45 33 0.31
9498 0.2123457212954068 0.1397479464171663 1.006309968153315 77 48 35 0.64
9499 0.2116859625726209 0.139805625481763 1.0145346120831 155 143 126 0.39
9500 0.152753576705343 0.1650606423700502 1.080782722966388 46 31 28 0.41
9501 0.1483242443485416 0.1679497118374088 1.089977845399015 52 35 23 0.41
9502 0.2762956397450085 0.1829431208823991 0.896100868680125 126 104 81 0.31
9503 0.351264817454681 0.2111585686886523 0.7734993026923223 76 60 40 0.18
9504 0.3612372971687804 0.2161934878413804 0.7594168512693823 59 44 26 0.24
9505 0.1833637528966114 0.2360092470909989 0.9808927347603829 101 72 55 0.26
9506 0.338576778005517 0.1878388381619244 0.7959103385651178 54 39 27 0.31
9507 0.1071703966354963 -0.2192034730152999 1.106457227036202 55 47 42 0.86
9508 0.2060150654843084 0.1507265844060579 1.01059178167533 82 60 44 1.07
9509 0.2628620571360544 0.11351069471614 0.9305621974931128 111 78 51 0.16
9510 0.1391728245307838 0.05435583711652994 0.8523031625931732 82 49 29 0.93
9511 0.06252761610698276 -0.2382675963583456 1.078488292713834 54 38 29 1.13
9512 0.12537610274452 -0.1738561186348317 1.093213922033015 72 53 41 0.11
9513 0.1038008356388614 -0.1450919025652513 1.126387340797127 52 36 32 0.3
9514 0.1321061287326482 -0.1091592831831748 1.091237764686585 83 60 48 0.8
9515 0.1381100474248156 -0.08694648534479946 1.080652851053703 74 58 50 0.21
9516 0.1520710445404294 -0.06807205771012562 1.069770151420852 96 66 45 0.46
9517 0.1193607351722888 -0.06508867736632409 1.12098958372153 107 88 72 0.31
9518 0.1136255129898586 -0.04878150540428791 0.9937992536033702 134 102 66 0.38
9519 0.07825950946580851 -0.02761539301381657 1.171352942145274 98 66 53 0.2
9520 0.07477658265983045 -0.02558142438750899 1.170547601611737 66 50 43 0.16
9521 0.1629102776266566 0.007273494495329602 1.035813210576135 123 99 80 0.42
9522 0.1433563044815818 0.0275586448844686 1.099500782785874 97 63 44 0.1
9523 0.1651299733612555 0.05570946697927268 1.019130305463287 56 40 31 0.14
9524 0.1670324013367078 0.05849493389354946 1.01186320809731 61 47 33 0.15
9525 0.1636388618507311 0.06038469582304132 1.062487800228058 60 43 33 0.13
9526 0.1702402978705101 0.05647001042683039 0.877619399448837 126 83 42 0.56
9527 0.1749310042115738 0.1018303203607396 1.070638101770891 80 56 37 0.18
9528 0.1494120139782427 0.05728532719637414 0.8614299288182645 66 46 32 0.19
9529 0.1822536502821984 0.08372308673105136 0.8965747821296959 99 61 40 0.04
9530 0.180186012040193 0.1103882391046021 1.043967926782103 84 61 42 0.44
9531 0.171453888300742 0.1122181563142146 1.068513004571888 136 107 76 0.18
9532 0.2740363372502213 0.1235100513915424 0.9186918652242704 146 113 78 0.13
9533 0.1408008638378171 0.1461813164305118 1.109669802906001 89 65 46 0.12
9534 0.1593269478757823 0.1039144651864485 0.8644165460711464 112 77 50 0.21
9535 0.2021031754980651 0.1518846826420269 1.009894952139695 81 57 48 0.2
9536 0.1363947273050714 0.1804298642144577 1.098899963999301 26 16 14 0.49
9537 0.1183809250445207 0.171619074606235 1.129228161663225 68 52 42 0.26
9538 0.4332317957609815 0.159294524882179 0.6732291392934897 65 51 38 0.12
9539 0.3801267414658732 0.1723491122788838 0.7413318687495952 155 120 76 0.26
9540 0.3263907970833083 0.1822987909235268 0.8215762577890733 118 84 53 0.45
9541 0.2954853344719323 0.1744986658868704 0.8605980020555895 145 111 73 0.22
9542 0.2573374761139209 0.1783063322715783 0.9197400314272093 104 76 57 0.18
9543 0.1994811542961915 0.1816304175758367 0.9999878367696774 79 57 44 0.18
9544 0.373157150846167 0.1789924545330282 0.7595404248170115 107 90 68 0.33
9545 0.3436279682244404 0.1820942762834338 0.8039377121277518 173 136 75 0.63
9546 0.4052805019203108 0.191161075581914 0.6977075603426314 162 121 77 0.1
9547 0.3762799325989443 0.2021479574137885 0.7351419305313596 120 85 39 0.34
9548 0.3189921977542771 0.2082884583594314 0.8214819467851218 131 97 62 0.14
9549 0.1444745328068063 0.2408986117628974 1.072048086803807 58 42 32 0.25
9550 0.1079030021207524 0.2381020742364994 1.127691940566396 137 101 83 0.23
9551 0.08735931473643921 0.2411583959772691 1.142439354499983 50 33 23 0.41
9552 0.1865416158781434 0.2485336075985266 0.9764062321796927 71 56 50 0.23
9553 0.1776024767606495 0.248849060573412 0.9751146878893234 68 48 42 0.42
9554 0.1825378428919484 0.2600372838823367 0.9975608400095188 114 86 74 0.29
9555 0.3242529339496598 0.2617536116654498 0.8163316874974714 98 76 47 0.15
9556 0.1651058761267287 0.2970968009430111 1.059541579112969 76 69 53 0.17
9557 0.3774447220947389 0.2666145956420526 0.7457232755221574 149 120 94 0.78
9558 0.151107205776629 -0.05505494941578784 1.075472712984835 96 73 60 0.16
9559 0.08212676757226745 0.09826815867194263 1.176029356445909 90 68 61 0.37
9560 0.1962055212780468 0.1020841104476399 1.014622345356401 134 99 66 0.48
9561 0.08770040201410334 0.1536326386941824 1.172257512722579 123 95 72 0.07
9562 0.3438901623918436 0.1766597069745252 0.7986551742671227 118 93 74 0.25
9563 0.3301675319182746 0.2093538199661245 0.8030416412464064 57 37 22 0.16
9564 0.170041520710301 0.256058044099613 1.014693826631893 66 42 33 0.06
9565 0.2675596070508452 0.2885545241760487 0.9615251670888174 95 84 74 0.41
9566 0.1321843498324111 -0.1498606081050588 1.083672540668548 118 92 70 0.85
9567 0.1549374573803783 0.01038951823079057 1.018670201463558 85 58 37 0.15
9568 0.1760620928809721 0.02020964363100908 0.8896143790249976 113 89 69 0.12
9569 0.1906192601638568 0.07817643753524808 0.8893673297097171 148 110 69 0.49
9570 0.4847413567046795 0.1460101864739884 0.6023394577144593 128 94 58 0.47
9571 0.2085745958681599 0.2732838413213941 0.9795103966504289 28 18 14 0.38
9572 0.1441635778399351 -0.00601459618159661 1.017804989057005 132 100 65 0.26
9573 0.1636307812562865 0.0555742668824481 0.8715649075007967 70 51 39 0.15
9574 0.1667499474131911 0.07879291461107218 1.048365745630791 62 41 28 0.16
9575 0.199799592185939 0.1262689529710472 0.8988520246421048 108 76 51 0.32
9576 0.3681056104583842 0.1741698167722934 0.7622133168013707 63 39 26 0.05
9577 0.152533981148371 0.2021654604522587 1.083560836943345 46 32 24 0.76
9578 0.001354810383790817 0.209572956960286 1.21646253306707 67 45 35 0.75
9579 0.3509169676159475 0.1975525528929765 0.7802982459709213 125 100 58 0.3
9580 0.253841908334718 0.2117302766977499 0.9101094521571924 135 90 52 0.54
9581 0.3019583801335952 0.2705401894636317 0.8397972092247943 54 35 26 0.41
9582 0.1223556735591819 -0.1301568504996608 1.065750792014031 97 81 58 0.5
9583 0.123642283097192 -0.09327015537776404 1.048729233567495 100 80 63 0.82
9584 0.1521309355158769 -0.004902515989007455 1.020118896177702 132 97 60 0.59
9585 0.1460051179821729 0.1337687235357286 1.084268037463729 75 51 43 0.38
9586 0.1663984419922836 0.1938931916603613 1.051406065596849 62 39 31 0.7
9587 0.1518598087389374 0.1804924534845712 1.068554116408954 106 84 66 0.33
9588 0.4107223972166407 0.2455727757792709 0.7023291933550029 137 124 105 0.43
9589 0.183842865650023 0.02965102778282008 0.9055353752335868 127 100 70 0.57
9590 0.3703826824177703 0.1801029150112161 0.7631187263131187 106 84 58 0.49
9591 0.367037260349302 0.3035107859612839 0.9290250206324091 101 115 100 1.33
9592 0.1939472668131599 0.06993989419589838 0.9010164445420292 49 33 23 0.86
9593 0.1082904315636664 -0.10782888789985 1.04130706975186 43 32 25 1.29
9594 0.06069290083113077 -0.2313846382318182 1.065433424500765 70 56 66 0.48
9595 0.09184457630842613 -0.2127590426708632 1.129330310710558 97 75 61 0.31
9596 0.08541001305406937 -0.1991398332661393 1.066437047919714 144 119 98 0.27
9597 0.1321393377983894 -0.1527593162083242 1.085349508893537 91 60 36 0.68
9598 0.1051784018213681 -0.1301968222400057 1.132377916886972 68 58 50 0.2
9599 0.1096778847912225 -0.1096768805723325 1.129370066438069 182 138 94 0.25
9600 0.1238347620307693 -0.09379080555540234 1.054030849042417 89 64 47 0.1
9601 0.1470428596421693 -0.0635205685509195 1.073543465825492 92 64 44 0.49
9602 0.1598550699291604 -0.04771477161389928 1.05965119354655 103 68 35 0.09
9603 0.03764728540263307 -0.09386783662933459 0.9709869778040937 96 65 44 1.14
9604 0.1622651372368016 -0.02617360492472423 1.059155106692761 151 114 82 0.19
9605 0.1580035030727887 -0.009825212756589846 1.072882663822468 142 107 72 0.37
9606 0.126656631144431 -0.0175635032165016 1.001360178656772 143 106 78 0.17
9607 0.1621479958752902 0.009994545437857633 1.062416567101994 177 145 100 0.07
9608 0.2198247957159488 0.03016193409159637 0.9385206009915681 208 160 104 0.22
9609 0.1474533091671181 0.04030653156922875 1.076556217896801 154 112 83 0.49
9610 0.1358952547043597 0.02655042121134138 1.109077795799898 137 108 82 0.18
9611 0.1307037972949537 0.0400491250392081 1.113908861098257 169 127 87 0.24
9612 0.1221941194480508 0.03926955521327186 1.129099948590697 102 69 53 0.22
9613 0.2846940883213885 0.07371740660540854 0.9109169850217727 125 88 61 0.51
9614 0.2853186675341077 0.07781201112311129 0.913231891286473 200 145 84 0.18
9615 0.281421697219689 0.07846523156387064 0.9173508383334744 172 124 72 0.28
9616 0.1503185060650485 0.04396284660996 1.071809827456213 193 139 85 0.25
9617 0.1099117516520016 0.02038694180360021 0.8486011931690118 103 59 28 0.36
9618 0.1654170156313109 0.0596575192831848 1.000255504819624 74 40 22 0.27
9619 0.1702828659015412 0.06647498704345703 0.9959196512780666 77 45 21 0.34
9620 0.1715849943622583 0.076602323213773 1.045588235068714 131 96 63 0.3
9621 0.1515970976316893 0.07971468329169273 1.086996973245101 146 108 73 0.18
9622 0.1841566432357288 0.05686820103671508 0.8852591929773839 70 44 25 0.77
9623 0.1951975687979665 0.09502953950356588 1.01196240151955 168 122 89 0.3
9624 0.1893768847247209 0.114673519464065 1.037767998036 157 121 85 0.36
9625 0.1328576623373457 0.05900757057731665 0.8584199101689358 77 44 22 0.19
9626 0.2457691400163132 0.1191920230533799 0.9517057243658276 167 107 49 0.23
9627 0.258695709522622 0.1309398854255554 0.9464233287698844 160 113 74 0.77
9628 0.1514919322473214 0.1260093699738332 1.097601297411088 125 91 67 0.2
9629 0.09415003623409557 0.07454922178930432 0.8232745125492178 147 92 50 0.33
9630 0.1293692784657179 0.08448659274912768 0.8451348886434775 138 79 40 0.43
9631 0.1941207889905672 0.1137651455227632 0.8992358311621123 154 99 63 0.26
9632 0.1005016509633928 0.0964598087463856 0.8217223221066188 131 77 44 0.25
9633 0.10625438767739 0.09131989767126444 0.8339174544254601 144 91 50 0.28
9634 0.265261827579213 0.1639392684192329 0.9126198153982177 160 115 64 0.19
9635 0.1764398569325116 0.1548598243646774 0.9753889217692915 35 21 15 0.2
9636 0.1241281466992171 0.1738051468172553 1.123833974650326 73 49 27 0.04
9637 0.1161109196342153 0.1711532067297595 1.139382851609982 89 60 47 0.54
9638 0.106250278596204 0.178006814865145 1.141920101125371 96 65 48 0.37
9639 0.4722679961433678 0.1576690019011208 0.6150249413727218 81 64 49 0.27
9640 0.3705648061903986 0.1678000604792854 0.7613081799666644 151 110 62 0.26
9641 0.2762450465283754 0.1667787706464221 0.8966565910733405 97 63 35 0.15
9642 0.2712486522912114 0.1788609135393394 0.9027437432788975 127 86 54 0.2
9643 0.2456819244617514 0.1813873147082868 0.9364755434965077 68 44 27 0.34
9644 0.1519524390977043 0.1907798774803562 1.062429581258344 133 87 49 0.13
9645 0.0593576070863896 0.1979169485347494 1.191668513631681 51 41 32 0.22
9646 0.3162044789634118 0.2408897235349566 1.108299463177 97 67 51 0.08
9647 0.404532993479463 0.174567562487822 0.7041761921687401 205 176 134 0.37
9648 0.2789472375463877 0.1838838054066809 0.8969904951440857 80 56 36 0.2
9649 0.2529265843131497 0.1940779457047041 0.9349224670908196 141 106 71 0.1
9650 0.4133298504606858 0.1859455948303184 0.6874961113176169 165 131 88 0.47
9651 0.3700997823829409 0.1888801811094966 0.7553509411871416 150 121 75 0.25
9652 0.313772629708126 0.1981734364872063 0.8354391284524401 124 93 63 0.27
9653 0.2738936593318421 0.1963726831487325 0.8852316484258417 138 94 60 0.33
9654 0.2812979096768876 0.2074698725663445 0.8759297496935465 133 101 69 0.26
9655 0.2682807540117648 0.2097677163421997 0.8906812240183148 122 70 38 0.12
9656 0.2637636125246314 0.2116573859907807 0.9015178182820245 144 101 63 0.14
9657 0.4413273630119149 0.1988457322004942 0.6428922753976799 114 92 54 0.37
9658 0.4447299960749339 0.1985677763279575 0.644450038738957 139 106 65 0.47
9659 0.4171630805903433 0.1943114799638452 0.6795616738507653 128 94 57 0.23
9660 0.3256376119265237 0.2125784147594934 0.8107772633189679 141 98 61 0.08
9661 0.2650855286452156 0.2215028533461319 0.8907232631490358 150 102 58 0.23
9662 0.2578650782156119 0.2237147855541273 0.8940584701684979 118 78 57 0.39
9663 0.2561986512334512 0.2185206668950468 0.9038276874093055 95 59 23 0.16
9664 0.2360730020342403 0.2217091217830209 0.9293741152962822 76 43 24 0.11
9665 0.1901585124048594 0.2306023364106766 1.002501303887106 36 19 16 0.21
9666 0.3948687559669494 0.218022389325431 0.7150597884652228 166 121 76 0.29
9667 0.3954303470642775 0.2205937616506129 0.7108395151114956 83 49 23 0.16
9668 0.3350373596488685 0.2201968098213312 0.7940398418201001 121 88 52 0.25
9669 0.2649925021373479 0.2336642337793589 0.8853757215247369 85 61 41 0.25
9670 0.2370914110023681 0.244451104668563 0.9155647683497086 107 69 40 0.15
9671 0.2352821410306311 0.2376986009202595 0.9254488370182746 81 50 27 0.08
9672 0.1393480398615864 0.2685310959821805 1.067272236153314 63 50 33 0.18
9673 0.3138858823893423 0.2847592503212902 1.079767833825253 89 69 57 0.4
9674 0.3149748550562109 0.236385919855276 0.8216365356437096 72 48 27 0.15
9675 0.1962488743787609 0.259915896824081 0.9864576725151631 54 42 30 0.17
9676 0.3028018793780301 0.2602081307873674 0.837541031787669 142 106 72 0.28
9677 0.09533410425051603 -0.2362614328119541 1.142675754496318 175 139 101 0.34
9678 0.1186702708101759 -0.1541354732190663 1.105626606214311 151 120 89 0.29
9679 0.1355967904880114 -0.1342936853512242 1.085893684424836 161 114 76 0.22
9680 0.1134073999483214 -0.1053986717093139 1.11928755325982 93 64 42 0.28
9681 0.1500575478110475 -0.07218743143942866 1.07158165685895 187 144 97 0.07
9682 0.08387551649200664 -0.05536746320987782 1.161922057947382 143 107 89 0.19
9683 0.1068231670684013 -0.0505256332553721 0.986874365356164 145 108 79 0.2
9684 0.1567471969320829 -0.02567555441611927 1.071689828387976 149 113 83 0.41
9685 0.1589637931512674 -0.01924218364972868 1.060362099714867 89 64 41 0.17
9686 0.1192492619325365 -0.02923375145201879 0.9952922204785275 174 143 118 0.45
9687 0.1229858277229915 0.03287414983519937 1.130761308819007 60 36 25 0.2
9688 0.28550012606286 0.07617097300414782 0.9113150844028068 96 60 33 0.26
9689 0.1807538578910897 0.03989497716336743 0.9898035377523844 149 93 40 0.19
9690 0.1372398048543769 0.05756716562329139 1.101661626359296 79 56 43 0.17
9691 0.1382447662622701 0.0792553574208387 1.132582536869397 145 98 66 0.23
9692 0.190466742751342 0.09644011171751543 0.8994524348139956 126 81 50 0.14
9693 0.2704968703346582 0.11532388921753 0.9188314721726363 167 118 73 0.75
9694 0.2509918525980603 0.1193094274099374 0.9435242666063981 198 149 88 0.18
9695 0.207363906497837 0.1339019313904886 1.015961448234201 172 126 70 0.18
9696 0.2449129010319648 0.1482443436079325 0.9437052201755081 191 144 88 0.11
9697 0.2531351658098706 0.1355677032092247 0.9526325735655903 125 89 60 0.21
9698 0.2439313146585993 0.1360066749708066 0.9614118817835542 169 121 77 0.22
9699 0.4443546208271909 0.1790797002866087 0.6460044832269418 136 107 65 0.25
9700 0.3205908115138685 0.1919500812186013 0.8246877016970465 132 94 60 0.38
9701 0.2762304200522362 0.2253029718521152 0.8749996709713584 172 106 55 0.2
9702 0.2692483767890334 0.2148051500170624 0.8866814229211517 129 81 45 0.17
9703 0.3797438063364479 0.2214056011927373 0.7350310525806643 63 38 21 0.33
9704 0.3214940138330353 0.2342964102264548 0.8109982474136896 82 51 26 0.13
9705 0.2452175338714693 0.2480959968405567 0.9154355470341125 78 58 47 0.25
9706 0.1092534967792685 0.2594647151020831 1.109745864626351 111 78 52 0.38
9707 0.3136171164166148 0.2869068038116244 1.079048440685525 78 63 53 0.24
9708 0.3207686854962362 0.299259092122091 1.086939098218531 94 68 61 0.42
9709 0.2908349801703851 0.2985688025548237 1.068094111814461 66 44 30 1.06
9710 0.3194344137117141 0.3184247783800208 1.076191513043339 70 54 36 0.4
9711 0.1110675775514324 -0.1123939322215269 1.126097183696044 85 61 48 0.46
9712 0.1278597156880266 0.01385717460578162 1.130487093213846 78 50 33 0.24
9713 0.1649809547791181 0.04027618762205654 1.051798057017669 92 55 25 0.16
9714 0.1812241192915049 0.1036223218002814 0.9856030186545115 116 72 47 0.38
9715 0.1610728708340305 0.105826806316193 0.8621599425199381 132 81 47 0.76
9716 0.2119795752948282 0.1437318946495248 1.011389455892136 123 88 56 0.25
9717 0.2926901467376909 0.1777627933616178 0.8654958926855353 181 125 70 0.17
9718 0.350807344906269 0.1755201255269028 0.7884888262715269 146 110 70 0.26
9719 0.2942939207809348 0.1810754351902383 0.8641217393975564 176 128 79 0.44
9720 0.2389945709927947 0.201241114310745 0.9374837251387452 136 90 50 0.55
9721 0.1991867750024148 0.1955988562809146 0.9810938670338486 75 53 35 0.74
9722 0.1538850286085134 0.2054431625516455 1.075122368864569 45 37 30 0.07
9723 0.2392895216197669 0.2011136499870195 0.9347359420193295 80 45 18 0.6
9724 0.1835819733956356 0.214828354185482 1.016501290622056 46 25 18 0.42
9725 0.05949774304700084 0.2312749373705859 1.194117254849098 104 79 59 0.07
9726 0.3132055482864895 0.2580435942949864 1.097010490792235 134 88 62 0.15
9727 0.3266416043789939 0.2636458805996323 1.088966967978822 132 93 68 0.6
9728 0.2415963736081824 0.2162877180409828 0.9265437423493077 153 106 63 0.71
9729 0.4157845381831005 0.2190167840584843 0.6851567320028208 36 23 15 0.39
9730 0.3776989662052903 0.2202969398273196 0.7374662987684694 167 122 77 0.33
9731 0.1824716431928338 0.2573679162358851 1.002723206206116 118 84 56 0.3
9732 0.2960903578888106 0.2760049551168326 1.068653259505512 113 95 91 0.13
9733 0.3060541027258474 0.2411013408967475 0.8273253674488259 42 24 13 0.15
9734 0.293429287581722 0.2984249484053494 1.069892917046085 125 102 89 0.28
9735 0.08830796021057752 -0.1278465777596496 1.147719338656257 116 84 61 0.51
9736 0.1282559524054782 -0.0389054464693441 1.109823115413826 91 65 50 0.3
9737 0.09795969369551416 -0.05704810222993842 1.146494482683245 192 147 97 0.31
9738 0.1620226061610006 0.001235598177195124 0.8961410421079206 119 103 93 0.79
9739 0.1244340456134095 0.01931672007389515 0.8601746153099605 154 105 65 0.31
9740 0.1880640434363577 0.07308351609141267 0.8966341404485143 113 71 46 0.39
9741 0.2804066987651433 0.1320567976365284 0.9045694457256743 180 132 80 0.43
9742 0.3707525654923992 0.2515160783850563 0.7549504792863524 55 38 23 0.26
9743 0.3151121050613466 0.3279512050288292 1.063505388188961 80 64 46 0.97
9744 0.1600582816388155 0.03405605612790488 1.067496717676694 185 132 80 0.59
9745 0.1885257179655256 0.1606296954691664 1.044566971951594 117 79 60 0.71
9746 0.1143144007532402 0.1703944164802543 1.144773248395942 37 28 25 0.22
9747 0.2459435744071639 0.133410062448386 0.9590322726663183 160 113 72 0.31
9748 0.1865988711597678 0.1473237015041267 1.031099214264912 31 26 23 0.79
9749 0.487343648568222 0.1705057795522192 0.5881104734806476 105 97 79 0.25
9750 0.07697936971096964 0.02711889404121501 0.7856392962570445 100 68 47 0.41
9751 0.1985844039517656 0.1139445269428671 1.013444768564185 60 34 14 0.51
9752 0.1858392963742275 0.1418236114363611 0.9826124384621193 26 15 8 1.06
9753 0.1819179332739629 0.1522167800880143 0.9851711595481119 27 16 9 0.16
9754 0.2713411068436855 0.1953621618649067 0.8939370531765669 178 118 58 0.74
9755 0.3163850050167688 0.2387234698580641 0.8251875955714116 77 50 28 1.31
9756 0.1618284984166866 -0.07333270330295735 1.067003942909218 199 142 78 0.57
9757 0.2848615983445557 0.08498182527200068 0.9144503564297004 212 164 100 0.63
9758 0.08289033845362559 0.2074903466013558 1.159482457561559 128 86 63 0.27
9759 0.1538656364785221 0.1620238031138998 1.07991430153462 37 28 23 0.73
9760 0.1559374421025349 0.02562123944541733 0.8726935657275802 161 108 64 0.31
9761 0.1581572639886983 0.1014714617589515 0.86504501310279 194 116 51 0.51
9762 0.1872012641856107 0.1148096215934299 0.8840018725968204 131 74 33 0.34
9763 0.1222624522886651 -0.1161566616400274 1.06234672255512 61 50 32 0.2
9764 0.08514802837003699 -0.1173584360104149 1.023182710847149 131 94 65 0.25
9765 0.1016798241614985 -0.05545002032516969 0.9859055324004988 87 55 30 0.51
9766 0.1083379006181434 -0.05794037817141653 0.9935460656106723 124 92 60 0.22
9767 0.1404245089641026 -0.02399017043945312 1.094501770532879 157 115 73 0.24
9768 0.151146511025919 0.01574137859221544 1.011246740086906 102 62 37 0.59
9769 0.1429540765889368 0.08000455910738988 0.9880066949827551 192 133 53 1.12
9770 0.1701338578130636 0.1111162380395208 1.071607384291906 127 80 52 0.19
9771 0.1134836169108444 0.05450520073217871 0.8417950321520914 112 63 35 0.31
9772 0.1486789845391213 0.06378181503331182 0.8611295487716721 128 84 45 0.18
9773 0.1462837197619728 0.0676616371444142 0.8589162214119321 114 69 39 0.18
9774 0.1464419137079056 0.09917167868049152 0.8576381262088797 60 35 23 0.29
9775 0.4237649738941687 0.1878602550971902 0.6668894795168825 89 63 31 0.06
9776 0.3084755389487955 0.198183593239507 0.8401135782829159 55 38 29 0.31
9777 0.4108388370240811 0.2079474527736644 0.6824699766090863 142 98 48 0.48
9778 0.1100211608008165 0.2651370905304921 1.108946908524098 131 94 77 0.09
9779 0.09010019904326949 0.018507916226461 1.163528108224165 44 25 22 0.15
9780 0.2276557476861152 0.1558542999805013 0.9026142066082425 81 43 23 0.25
9781 0.2552346826003369 0.2236443587191383 0.9021821652890696 92 51 33 0.05
9782 0.1236653725800562 -0.0398273560317908 1.116980377772729 107 74 55 0.28
9783 0.2994420693238991 0.2117179603872282 0.8451782965365303 168 94 42 0.42
9784 0.4246305975940887 0.2133766304809249 0.6758132423464046 42 24 14 0.34
9785 0.1387185671064873 -0.06328213360265941 1.091401448023702 81 48 24 0.26
9786 0.2444195001759758 0.2714418673902927 0.9108149705939032 135 99 56 0.22
9787 0.1899479635096873 0.1117322451627651 0.99953484857907 65 47 33 0.94
9788 0.3246544223458287 0.1855548896940961 0.8272173988477856 68 47 20 0.36
9789 0.0234316738292859 -0.03814445744126024 0.9321613865694107 89 62 47 0.86
9790 0.05171878998540858 0.2331052369413714 1.197035484397674 105 85 64 0.61
9791 0.1680199371082963 0.2982314923239596 1.065698174557418 103 82 67 0.22
9792 0.1562572808422323 0.0846757794326915 0.8663557173625906 73 54 37 1.02
9793 0.1702703447792874 -0.01353701501482094 1.049270175104086 133 104 79 0.33
9794 0.06049216024309156 -0.01326465260051851 1.186022498887698 126 102 80 0.95
9795 0.1742351720936137 0.02020766389621206 1.042159817623509 144 112 86 0.23
9796 0.1398298184184631 0.02578566155312936 1.104163735961134 123 98 69 0.25
9797 0.1764358641295338 0.02130821009735101 0.8935755120198303 133 101 81 0.36
9798 0.1625178721651919 0.03659317563830214 1.012648051269176 153 105 70 0.5
9799 0.2870133976764893 0.0865450890520002 0.9103411823225013 113 74 49 0.11
9800 0.1652312274368505 0.06578559645901227 1.0141093722789 94 65 47 0.72
9801 0.2795247472988772 0.1306844503629182 0.9012516722187212 102 68 40 0.25
9802 0.1280981663579355 0.1511025782739202 1.127883330178014 150 97 68 1.0
9803 0.4705835481775727 0.1553861280912877 0.6366220377914997 71 50 36 0.76
9804 0.205674047382325 0.2037156936222917 1.005255479898862 67 54 32 0.29
9805 0.3255819220271438 0.2436751275524026 1.118935383114651 104 71 43 0.2
9806 0.3365168681497085 0.2104380090657657 0.7928297810648003 60 47 33 0.4
9807 0.297478788716128 0.2318487586799459 0.8420265404142804 124 86 52 0.11
9808 0.1927365047833479 0.2341604228373388 0.9949592557444624 79 49 26 0.34
9809 0.08376460740709735 -0.02561855737024585 1.161817925489931 139 111 88 0.81
9810 0.2775250906591517 0.1921737971673773 0.8876310250046977 142 100 62 0.51
9811 0.06717041045931427 0.2163316906974084 1.179557029813842 110 74 52 0.11
9812 0.3576420532512132 0.3292567926010065 1.078365619704989 108 73 54 0.56
9813 0.4101001071135503 0.1609943746734782 0.7099425998533333 95 64 42 0.3
9814 0.1094323937232545 -0.1778477700166591 1.104514116700298 61 48 44 0.58
9815 0.3409143671049749 0.2947548914924145 1.11055837148416 169 144 109 0.09
9816 0.1938815217057961 0.1836278409837413 0.9991398548060703 51 31 25 0.41
9817 0.2354768859889808 0.2396153546553445 0.9200636494181906 51 32 22 0.29
9818 0.5047541581236984 0.2269132533763171 0.5745609169417109 165 130 98 0.4
9819 0.3735884861449891 0.2081526477326247 0.7362208346585705 99 68 41 0.29
9820 0.2288243243193107 0.2693525763097395 0.9238193400051458 124 85 54 0.57
9821 0.1768386628672839 0.1177036690698882 1.064749299973879 120 81 53 0.38
9822 0.2137152360442947 0.1574420207919092 0.9794005936641121 23 16 15 0.77
9823 0.0796570247350562 -0.2252582751131376 1.079540752454292 139 106 80 0.57
9824 0.1165420612037554 -0.1922393837534268 1.097424168645785 140 109 63 0.47
9825 0.1206450668708183 -0.1782253524516615 1.098262113671383 118 91 74 0.31
9826 0.1111659972363402 -0.136560590786658 1.063956776023207 75 54 39 0.13
9827 0.1057526020935985 -0.122686553029505 1.134127812013518 100 75 56 0.82
9828 0.1189949280029195 -0.1244271228556485 1.059857300191071 114 103 86 0.22
9829 0.1471155317212253 -0.03067196923216439 1.083172566281971 102 82 65 0.31
9830 0.1742710771768471 0.04913283417071526 1.018913764524024 77 44 24 0.86
9831 0.1880628098774857 0.06475305143533605 1.051914018215198 113 87 62 1.4
9832 0.1801534322572175 0.04976283281011495 0.899321688881511 140 94 63 0.29
9833 0.1751591138820918 0.06301652639039723 1.016558795970083 115 85 60 0.84
9834 0.1792335148444696 0.07152614920428516 1.037628442669699 88 54 30 0.12
9835 0.0997862288431548 0.02125924793136419 0.839929734050052 95 60 46 0.31
9836 0.1376878037343254 0.03156214839932076 0.8646653634569611 136 91 60 0.4
9837 0.1485144351905748 0.05128930458255698 0.8577280777282059 106 72 49 0.41
9838 0.1947453938542754 0.08672736257659611 0.9035908294224397 121 81 50 0.18
9839 0.2799936175806247 0.127274055937 0.9102854672111315 149 122 96 0.54
9840 0.1503602567234873 0.1396345135773587 1.086234175642705 77 53 39 0.39
9841 0.2639440033470384 0.1450062945075936 0.9179450128093232 104 75 52 1.09
9842 0.2714280315470743 0.1490390396407053 0.9094098279767298 56 33 24 0.28
9843 0.120672495813509 0.1001699720079245 0.8350935408109932 182 121 76 0.23
9844 0.2394042125900908 0.1649344094522824 0.9450233540175169 118 83 57 0.74
9845 0.1936753266158899 0.1590013679541566 0.9955131749254219 54 41 35 0.2
9846 0.1884238721318232 0.1608700551393508 1.027612803021194 74 42 28 0.14
9847 0.4927539322612447 0.1425648045786564 0.5947670082507804 77 62 43 0.4
9848 0.2773245875039095 0.1782328001549376 0.8906683207657855 120 98 74 0.19
9849 0.2496978270261896 0.1716992382384143 0.9321656410687253 112 82 54 0.23
9850 0.4421339848956283 0.1583308553446211 0.6604857072924064 145 107 66 0.24
9851 0.4375701156594682 0.1564114582536879 0.6639234474266047 119 95 67 0.41
9852 0.3723565141694707 0.172336973473522 0.7587620399640536 124 99 65 0.21
9853 0.3740500653062985 0.1731299064365822 0.7525314372039424 63 52 32 0.24
9854 0.3645790580418461 0.1742373731769276 0.770161135134398 127 99 55 0.38
9855 0.3774089982480568 0.1890341273838012 0.737980494424895 112 84 50 0.72
9856 0.363086762420173 0.1909034664511531 0.7628238522507214 74 51 31 0.48
9857 0.3495911195386538 0.1903227054434869 0.7835757685423275 126 100 58 0.1
9858 0.3063889011688286 0.2006855785350172 0.8427428255290406 83 60 34 0.05
9859 0.3474946737558363 0.207941297896345 0.7810889559727798 65 51 29 0.38
9860 0.2692236565210784 0.222327342031982 0.8815348956405836 73 46 21 0.21
9861 0.2421771922638072 0.2275340767910342 0.917148136351073 112 71 48 0.2
9862 0.3456248569961128 0.2120559381448665 0.7802793155612758 61 46 27 0.16
9863 0.3281662418096903 0.2166993741961403 0.8054838769243188 58 42 28 0.52
9864 0.3133150976664334 0.2192913653502093 0.8230653384175417 112 86 58 0.2
9865 0.4894871882541239 0.1860017931487238 0.5792450446628754 71 62 41 0.46
9866 0.3818090360937134 0.2185639641896352 0.7280146075544539 83 61 38 0.39
9867 0.3112560149839998 0.2391942205509572 0.8306537068100808 53 38 24 0.31
9868 0.4605352523805527 0.2068921748066831 0.6240467425312095 35 24 15 0.13
9869 0.2777664373738366 0.275148931211626 0.8803616658239594 95 75 62 0.15
9870 0.3730294431971103 0.2542033345363962 0.7567907804175129 106 76 53 0.39
9871 0.05143284555359118 -0.1218681916870538 0.9953873489472442 111 61 33 0.34
9872 0.07311887535345274 -0.09283231774809894 1.165248330505297 110 92 74 0.37
9873 0.07519774566585602 -0.06897951533790195 1.16573321883668 96 80 68 0.12
9874 0.2869200447687764 0.07356805708296688 0.9197287101698489 140 99 66 0.17
9875 0.2658714647667321 0.07116285937801442 0.9404823161909639 174 146 120 0.36
9876 0.1848573892062575 0.07102153416546764 1.035897884216168 114 92 74 0.05
9877 0.06864232384624669 0.05804774005507798 1.179793983684312 122 93 70 0.2
9878 0.1519740606803596 0.0516993036704794 0.8641604978187143 55 31 26 0.3
9879 0.1673549890574947 0.07800066878622178 1.005315250378704 115 89 68 0.3
9880 0.2595500155998476 0.1151069065441176 0.9358892968051586 114 78 53 0.06
9881 0.1980450097823325 0.163895709039495 1.011519744758612 98 65 44 0.61
9882 0.4930277117327522 0.1420319397100811 0.5931989648225414 80 61 37 0.68
9883 0.3569701076195433 0.1677217944060004 0.7833129751071592 98 76 45 0.18
9884 0.2654659565443175 0.1778212423815235 0.9125550706766405 112 81 54 0.55
9885 0.248362047196157 0.1795976353971586 0.9317367783582537 144 109 75 0.54
9886 0.3511828919270775 0.1800971916129545 0.7867611217460105 70 55 36 0.16
9887 0.3637483204125885 0.1867251569107116 0.7659538962782387 72 62 45 0.13
9888 0.3073137023618586 0.206272992177365 0.8387116252240208 39 25 13 0.32
9889 0.3408417061244065 0.3029818932774775 1.102914668797277 90 65 50 0.61
9890 0.4670096567352671 0.1871557102770983 0.6121494614413263 48 26 15 0.31
9891 0.2815274375590077 0.2424470259990168 0.8641848730422265 48 31 21 0.42
9892 0.3580888742434228 0.2289053900087895 0.7612689115743927 49 39 30 0.24
9893 0.299593534526103 0.241304888298432 0.8397014270944103 64 48 35 0.48
9894 0.2994989130956054 0.2666527563436163 0.8489327917467582 86 65 40 0.14
9895 0.3055340408737536 0.2697123594602822 0.8594031680190128 70 41 24 0.39
9896 0.4449595780244012 0.222269028958816 0.6456046665519282 102 77 45 0.58
9897 0.09485912378854267 -0.2490668124829392 1.098596295173863 80 61 48 0.63
9898 0.09889104505061863 0.01506870360790064 1.156006455558555 98 72 55 0.04
9899 0.07327941867010335 0.1248849327546289 1.198305549334734 153 150 141 0.61
9900 0.2671316880592096 0.2141200318494524 0.8899178524244367 52 34 23 0.15
9901 0.09725075289988772 -0.2381441998362931 1.128084171224185 143 120 92 0.3
9902 0.3525771025653357 0.207313840119056 0.7719647161411231 72 59 42 0.24
9903 0.453639241931812 0.2082327188384868 0.631330505544733 63 44 32 0.63
9904 0.1225436631091366 0.05045112915364378 1.127987773944525 106 85 69 0.23
9905 0.1672107033146765 0.05605036906383387 1.009712800908162 159 119 88 0.16
9906 0.3958224415941751 0.2535089664319916 0.7155856009454002 76 56 40 0.31
9907 0.4997813897183619 0.148508446418527 0.5863234797340148 84 75 54 0.26
9908 0.1867029498357288 0.08157364780440146 0.9040481141346405 155 105 67 0.77
9909 0.1982259400518693 0.1220392959885788 1.014065445233725 179 128 93 0.91
9910 0.0796347944632726 0.2478410664446962 1.130068659295485 96 78 67 0.5
9911 0.2901005659981061 0.2863053454302394 1.07600996882677 34 18 15 0.75
9912 0.2813805810742655 0.2287955216571247 0.8704688882926239 91 54 31 0.97
9913 0.177974713036664 0.06918151518349328 1.052171024693631 142 104 78 0.5
9914 0.3205040958219733 0.248187735625357 1.134423586699267 120 80 57 0.26
9915 0.3254792535497373 0.2851197407910692 1.09295458083146 72 45 28 0.57
9916 0.3515941591660589 0.2296196719757355 0.7598715388797865 23 20 14 1.01
9917 0.1483427959553012 -0.02386929714519431 1.031136815978695 73 55 44 0.16
9918 0.1427921643495725 0.03559951927651367 1.09387510687924 64 45 30 0.02
9919 0.1688185871094898 0.04857443608741213 0.8768171998012089 77 56 36 0.23
9920 0.1688741673099133 0.09327450447133956 0.8779534044139063 110 77 34 0.51
9921 0.281771132747352 0.1223404233095141 0.9029144516425296 84 59 36 0.17
9922 0.2615460156881044 0.2001173762398465 0.9032723693323554 106 72 49 0.34
9923 0.218072909659931 0.03316571360121165 0.9376786006381348 170 126 77 0.3
9924 0.08542803364455276 0.03972774496771958 0.8209234774724523 76 50 38 0.32
9925 0.3965290240394262 0.1608051539397452 0.728637379826315 142 109 60 0.16
9926 0.1443539298881182 -0.08988387337582679 1.076178482106081 94 65 41 0.09
9927 0.1104704367044713 -0.0851631673952489 1.121719466753225 104 78 64 0.19
9928 0.1154375458873767 -0.05465601908118992 0.9994293342195946 110 81 62 0.08
9929 0.150193911964059 -0.004004643830940874 1.087853425507109 114 87 61 0.33
9930 0.2464608555842903 0.1179879682122447 0.9495966797247313 135 86 45 0.25
9931 0.4756578072775297 0.1453455390569673 0.6164674102116794 86 66 35 0.76
9932 0.4460178762213609 0.1513441312742536 0.6579145834871698 91 65 43 0.13
9933 0.1001635047202342 0.1684028708806139 1.158099133907748 93 69 54 0.26
9934 0.455538703697113 0.1614335541848176 0.6387597225117476 79 68 58 0.26
9935 0.3620972608427268 0.1702612300609483 0.7726868260827594 61 48 40 0.29
9936 0.1402864392997193 0.1735009119691583 1.100234006984626 73 48 29 0.21
9937 0.1995057891458003 0.2145087618272679 0.9943596899944762 88 57 39 0.35
9938 0.4466186462667882 0.1961891496138308 0.6334136041016497 79 61 36 0.26
9939 0.1240889329702187 -0.0004397228914011231 1.12453616600235 142 111 88 0.38
9940 0.1021549369857671 0.02310888903614541 1.149980501226934 94 70 51 0.42
9941 0.08241432013806116 0.02754013970542912 1.177576666302233 109 87 71 0.16
9942 0.4449017858535145 0.1663559244126706 0.6494641167694788 171 156 126 0.32
9943 0.2940378347928402 0.1972578947934226 0.8619865250015775 119 88 54 0.21
9944 0.1081719958739488 0.2036452288428327 1.132390656283512 106 76 50 0.29
9945 0.1031689526846277 -0.1625352358235866 1.123793799527312 99 81 66 0.62
9946 0.08761875267450214 -0.09983221314032134 1.152166210099218 71 55 49 0.24
9947 0.1407904893365367 -0.05237463872801731 1.088627120756527 56 42 36 0.16
9948 0.09324656402062448 -0.02835429886088742 1.154963133799434 63 46 35 0.14
9949 0.1673654196673538 0.04588494285638764 1.015782449233618 135 102 56 1.09
9950 0.1842013041336895 0.06579502895718992 1.036436252403598 126 90 57 0.41
9951 0.08743386567504019 0.03514447046675997 0.8313856534560315 102 72 55 0.47
9952 0.1492557867506519 0.0797492105482078 0.8598275178858482 143 85 50 0.09
9953 0.1744071912958969 0.2191803722466682 1.023650148570832 118 79 49 0.18
9954 0.07269058070278711 0.08945049900646981 1.186603953479318 114 89 77 0.03
9955 0.3687755946971052 0.2159050506586043 0.7499894617428257 127 86 44 0.09
9956 0.2348207508445488 0.2507485182266979 0.9261790415143918 40 23 9 0.47
9957 0.4255160827435105 0.158471357905336 0.6819352978914862 120 93 61 0.25
9958 0.1462052963840698 0.1814460092665837 1.090260916868441 45 32 25 0.16
9959 0.3391576710858192 0.3173058965948168 1.07853141997921 102 74 54 0.35
9960 0.1936538989599069 0.09922559679258391 0.8948892443904752 173 108 70 0.13
9961 0.1218129439263761 -0.001555578364266563 0.8809548210577051 92 65 52 1.06
9962 0.1099874352163752 -0.1746113793259655 1.07877850236898 135 101 71 0.29
9963 0.09469337487042584 -0.1532176033630774 1.048080563096947 109 70 50 0.31
9964 0.1694140087940849 0.003372157979009138 1.044456110143772 109 82 59 0.33
9965 0.1558251278464375 0.02094828643004137 1.016757011014776 121 80 52 0.4
9966 0.1747518309918434 0.07859834517818329 1.020392633469807 75 52 35 0.44
9967 0.17652927117842 0.09844702086846588 0.8848821122332799 128 91 65 0.65
9968 0.3043091916547377 0.2823825549251631 1.075282234848402 101 80 72 0.13
9969 0.1086500215571106 -0.1367345140323701 1.125827887663402 91 68 53 0.67
9970 0.1053525184608463 -0.09974110014173551 1.037819026270234 114 82 59 0.23
9971 0.1676469735671448 0.00620653113293404 1.043239677754891 140 106 73 0.22
9972 0.3612966134165019 0.2117499915937487 0.7580128892928804 121 94 60 0.15
9973 0.2762171158521274 0.2187717493980804 0.8750664271810342 105 75 49 0.64
9974 0.08072174340322236 0.02354347018199263 1.179423186578925 118 90 71 0.13
9975 0.1856343571356051 0.09227306011368541 1.034886620140262 174 152 124 1.56
9976 0.2838669934614964 0.1255700796992034 0.9140712412305676 100 77 41 0.17
9977 0.1439205688367173 0.1131108717131355 0.8505369822501936 84 40 20 0.19
9978 0.2589836848480358 0.2209075720524978 0.8996267455027072 122 81 54 0.27
9979 0.3423708574259644 0.3268520821292728 1.105047601383526 58 42 39 1.46
9980 0.09627906195707392 -0.2409329249177661 1.128889143980146 101 83 49 0.82
9981 0.08243311358236016 -0.2161506400251098 1.136075888588174 93 69 57 0.22
9982 0.3166491900656676 0.2505074432838549 1.107035654033688 121 82 60 0.44
9983 0.3261620816447884 0.2358558337701293 0.8043018422186872 87 61 36 0.28
9984 0.3382323050908866 0.3167841478665598 1.092850434014598 130 90 68 0.25
9985 0.3328854879006573 0.3188514138887789 1.0869191526055 141 104 79 0.15
9986 0.1354365923615402 -0.001413871785587079 1.000946297712749 140 119 87 0.44
9987 0.3327798359943719 0.3027414684443742 1.093967126903339 88 59 46 0.13
9988 0.3421991591719774 0.3165978504476732 1.094737766471861 144 107 83 0.5
9989 0.3213310788819028 0.2143312353049241 0.8156535977911927 127 95 65 0.6
9990 0.04505698412378234 -0.1963260515679792 1.03240124804214 188 193 187 0.77
9991 0.4355064421914283 0.1701944831986603 0.6629805704913317 135 119 98 0.16
9992 0.1387301448027812 -0.04040437858172755 1.088736500902336 145 113 85 0.65
9993 0.38951227199928 0.1654569388471747 0.7333863880175564 75 52 26 0.98
9994 0.3405064246361524 0.2410208654725311 0.7686795544847045 103 72 40 0.11
9995 0.3718510516596479 0.1895544875630143 0.7430372860386049 93 73 44 0.31
9996 0.335988108371794 0.2454601885141913 0.7883983412985952 98 70 43 0.23
9997 0.3195524267548785 0.3280033415238833 1.075131751987552 124 96 74 0.58
9998 0.08961138779215616 0.0153612425648417 0.7785985630604711 215 220 222 0.34
9999 0.2374460886687436 0.2534807710696381 0.9274338410319245 142 113 79 0.2
10000 0.04518714256576439 -0.1667484478590411 1.014322086696915 191 189 190 0.55
10001 0.389207538713919 0.2442246850364518 0.7219094908452557 79 63 46 0.29
10002 0.09437586174153656 -0.1594386204413033 1.055042919727905 115 71 42 0.28
10003 0.06049359489730866 -0.09008993285226932 0.992376578590787 106 75 30 0.34
10004 0.3704790703504646 0.2562668769101048 0.7574905419867481 123 82 55 0.37
10005 0.04359729941068324 -0.1453824897613075 1.004153022130456 66 44 38 0.34
10006 0.1492875217070385 0.01380842767913909 1.083190460337107 105 73 51 0.19
10007 0.05716893052476046 0.1941870702078754 1.206818745269756 188 204 217 0.77
10008 0.3719173647418251 0.255848412457384 0.7546571619627845 101 71 47 0.36
10009 0.4593878049647068 0.2130528171052438 0.6233671872719047 51 34 23 0.4
10010 0.3121815539345814 0.2856839668479764 1.080213974956029 81 67 53 0.72
10011 0.1142105805107806 -0.05999927178011741 1.019117972309671 82 55 36 0.38
10012 0.06846961631453097 -0.03761705127764062 1.186985861471906 196 214 232 0.73
10013 0.07446878749097263 -0.0642711292000703 1.185782895697335 194 212 233 0.61
10014 0.2646571402160767 0.09980146543797208 0.9289443349789028 205 135 92 0.36
10015 0.1964171888067264 0.2342627219089452 0.9888723364866419 52 38 26 0.51
10016 0.1832253092257385 0.07014601538803752 1.036393680254082 155 117 86 0.35
10017 0.2932295900047754 0.2783176863057916 1.070116925466868 45 36 33 0.22
10018 0.08560354660826819 0.06051920271629252 0.7547713033076797 124 102 88 0.36
10019 0.2758581953335148 0.1478652435572576 0.9027991411724712 156 117 70 0.42
10020 0.1325453854929803 0.2661746258896024 1.078108445578256 44 27 22 0.19
10021 0.1299185523638148 -0.07756184196218777 1.048461205453223 110 83 60 0.25
10022 0.3466269473050991 0.2114965700183251 0.7817435966028773 107 84 57 0.16
10023 0.3721066066402983 0.170434000967321 0.7579114299425553 105 93 68 0.32
10024 0.0788648939781823 0.005302942257170623 1.188668756022796 219 234 237 0.52
10025 0.05974090779326735 -0.06988540187352596 0.9772795549881549 170 103 50 0.17
10026 0.3641704230489653 0.1962996514619386 0.7638430026411018 140 106 66 0.2
10027 0.3713054519307791 0.1939790663245257 0.7502930936190855 86 62 40 0.11
10028 0.3704802043917759 0.2077207760411448 0.7416668227364963 97 72 46 0.29
10029 0.3703873747887335 0.2124058153828184 0.7403071085702058 97 70 47 0.35
10030 0.3896595642590132 0.2020777845256043 0.7154538115516924 179 143 84 0.23
10031 0.4011115167228239 0.1665082690234945 0.7150053606704558 86 61 36 0.25
10032 0.2035707027249531 0.1076767121800966 0.9070789985781871 170 100 42 0.38
10033 0.2412102707610976 0.1595380516781712 0.9460105156748323 187 147 93 0.2
10034 0.03745226819221925 -0.2614408661494098 1.08507013105257 88 74 66 0.87
10035 0.318529617556624 0.1791634672008465 0.8569770252253806 184 154 122 0.56
10036 0.05476394408784346 -0.2351000898059323 1.058766327230179 213 224 226 1.15
10037 0.398723044597883 0.2218637299522207 0.705072890913872 57 31 14 0.39
10038 0.09931150581782056 -0.05980768471340644 1.141729931006393 82 63 54 0.33
10039 0.1327262409307358 -0.04189413048729126 1.103927107770795 124 95 80 0.17
10040 0.1338262821461583 0.08769479927454238 0.8461216771068124 114 66 38 0.46
10041 0.2047536336873865 0.1310956777265399 1.003872827427687 107 75 56 0.28
10042 0.4694179980484048 0.1703336374944551 0.6147631618647537 117 87 39 1.21
10043 0.1423590906488603 -0.07364997111161517 1.057266719710565 78 55 37 0.19
10044 0.3506608059819606 0.1857962957466863 0.782486341052955 110 84 53 0.72
10045 0.09528288992344802 -0.2129934631555536 1.090312941839254 100 80 60 0.56
10046 0.5349753475472669 0.1780028941479795 0.528210372982387 92 54 33 0.29
10047 0.4305923481370836 0.189067663412792 0.6618563796629793 124 86 46 0.49
10048 0.2418313207532117 0.2698203916325737 0.9150084950430502 105 81 58 0.43
10049 0.06709730022799287 0.1414660493454804 1.212371471704496 208 207 199 0.88
10050 0.2741828466366101 0.2614333471546795 0.8692450906783094 121 86 30 0.46
10051 0.09080249375044414 -0.2430736539070614 1.149210625593535 71 65 67 0.5
10052 0.07109504123624977 -0.09684789763558324 1.16540545163567 111 93 89 0.79
10053 0.5298065098939704 0.1177515564539482 0.5571370216832263 158 96 46 1.27
10054 0.07060430725939071 -0.2648019339535693 1.086119847228101 72 56 45 0.74
10055 0.1380835092703491 0.1519515412285104 1.116310807439346 120 78 50 1.24
10056 0.3299088398601246 0.2473807179693244 1.121212899733606 23 19 13 0.11
10057 0.1091997346036134 -0.1628805683805579 1.130100788343901 80 60 57 1.01
10058 0.1138355824976766 -0.1452656665903336 1.110427472728258 93 72 66 0.15
10059 0.06450090068244418 -0.152461914700836 1.173633436515072 171 170 162 0.16
10060 0.06224740766101 -0.1500916765907899 1.173274413260254 106 98 90 0.29
10061 0.06762558778299355 -0.1263315442323127 1.17330104125429 86 97 99 0.52
10062 0.06595693516354939 -0.07396373400915088 1.183397848438434 208 219 227 0.32
10063 0.1279335089891391 -0.01684461061243658 1.113512931596878 85 60 54 0.37
10064 0.1375336820216142 0.01118812795921315 1.109429630093541 122 104 89 0.41
10065 0.1469703350187592 0.08255930393002439 1.119840093584099 98 80 73 0.2
10066 0.05573057433729645 0.08144898204087195 1.200260585457275 179 176 167 0.43
10067 0.5274686198970637 0.149591952791482 0.5483349813024567 81 49 38 0.11
10068 0.5143563013431053 0.1563249445213414 0.565857943838341 61 39 30 0.23
10069 0.2547480269815358 0.1504471367215898 0.9320636618212619 155 119 94 0.24
10070 0.4342414492083864 0.1702961825907701 0.6648934807703164 174 132 88 0.16
10071 0.2761564628711166 0.1765508018057257 0.8865941340130783 69 48 41 0.11
10072 0.1648063460192291 0.1841404986842354 1.052376636612859 83 52 39 0.59
10073 0.2634366090017116 0.1932991587517221 0.9190776075151299 101 77 57 0.2
10074 0.2450793593730109 0.2110681152902855 0.9218045264467902 122 82 64 0.21
10075 0.3300365077594831 0.2858678858700121 1.098224115942385 124 95 76 0.43
10076 0.3394912030804718 0.3049504591150742 1.100972915131068 88 68 53 0.71
10077 0.06418873486491983 -0.07914419081732629 1.181870895293557 223 234 237 0.13
10078 0.1427204781800587 -0.044549342279492 1.089602148798428 137 107 90 0.44
10079 0.0773610096259475 -0.02399507760350195 1.170326192882695 108 81 67 0.4
10080 0.09206857837678084 0.05872537158055022 0.7612337369936157 102 68 40 0.42
10081 0.5365451242729178 0.1492822874126659 0.5358293132388741 82 67 61 0.51
10082 0.2031769606287016 0.1574787122317267 1.006117089977698 56 40 35 0.1
10083 0.3261079984624295 0.2313865183678009 1.137925475285146 200 208 212 0.37
10084 0.3406977237238732 0.2002163845250788 0.6748691957660201 117 90 74 1.49
10085 0.1557523592073577 0.2440126167793621 1.042693707723021 89 65 46 0.12
10086 0.2587343305991407 0.2361324314467647 0.8982587824860733 114 75 60 0.24
10087 0.1532281249954986 0.2905509479524965 1.057482501976798 88 69 56 0.24
10088 0.3084105394576055 0.312447082929783 1.067051456816858 95 76 70 0.46
10089 0.4696270862042105 0.1561958662638589 0.6191141112690037 96 68 50 0.33
10090 0.1735610427697869 0.1420481522346708 0.8698712954872209 65 41 25 0.15
10091 0.4355391750379645 0.1684474242510577 0.6643226109828629 157 145 131 0.31
10092 0.3317336765299221 0.2488252296135701 1.11629715918352 101 73 58 0.28
10093 0.4884181808768556 0.2430450977990266 0.591629480891558 152 119 99 0.45
10094 0.5330187086610112 0.1533963254339133 0.5386595819424462 82 60 44 0.27
10095 0.2750304296846886 0.1552663727397755 0.8965973405816776 84 57 47 0.44
10096 0.5289359700067526 0.1123002653038853 0.5627947875754459 117 79 56 0.58
10097 0.3259501307954091 0.2889860807325361 1.090174165421442 67 58 59 0.35
10098 0.128126417486674 -0.05762674401080317 1.043136110718419 82 59 44 0.92
10099 0.1859796664312007 0.09750750336171689 0.8948141217283474 203 151 89 0.62
10100 0.1475038334233414 0.1738794663035543 1.089681691311611 112 83 66 0.22
10101 0.1829608148995795 0.2499135528565516 1.000739906111031 75 51 46 0.9
10102 0.08399608823405058 -0.2675093823115504 1.082224786557544 189 188 191 0.66
10103 0.08884125435468082 -0.2303321613382427 1.140606674194546 132 109 88 0.52
10104 0.0909090944008869 -0.2100581039061222 1.13291310108794 158 134 111 0.3
10105 0.1099990501617818 -0.177340687947605 1.116277717829417 67 54 52 0.18
10106 0.1114115562176207 -0.1685548839029677 1.115145529603479 60 42 35 0.5
10107 0.06857092723581226 -0.168661169005458 1.163729674725046 117 90 71 0.74
10108 0.1363237005036222 -0.1149837146294017 1.088809214847497 115 76 33 0.5
10109 0.1405726280429089 -0.1095600695916977 1.078707352588988 102 71 52 0.8
10110 0.1320261935659638 -0.1072323361783143 1.089069142332376 169 139 103 0.09
10111 0.1164369739056838 -0.103290423798279 1.111770540345823 196 159 116 0.19
10112 0.06663571860547535 -0.1138912123671083 1.008945449701616 76 53 37 0.25
10113 0.1186979185956961 -0.07625779173848216 1.111127075591273 152 129 102 0.28
10114 0.08036166681663148 -0.1016327071921494 1.160246174425547 126 109 91 0.09
10115 0.08581144909512539 -0.08400953581662116 1.15654838921171 74 49 40 0.27
10116 0.1451027698260112 -0.0430426330806388 1.040663317132686 145 115 85 0.3
10117 0.1645035850979014 -0.03021127778374136 1.054079837900673 91 68 57 0.43
10118 0.1469379369344977 -0.0485688615532727 1.082084050962253 160 136 112 0.18
10119 0.1127909251658342 -0.06317235778164557 1.129771291993315 154 126 100 0.28
10120 0.09881769785295658 -0.05531074470307482 1.142391666822643 82 62 47 0.45
10121 0.1568597606370969 -0.02555967783302976 1.045618840953434 129 92 71 0.31
10122 0.1453114371738162 -0.0174936554638731 1.084444625653161 160 116 80 0.12
10123 0.1104933732676235 -0.02530836784143128 1.13892887796333 163 138 117 0.2
10124 0.09576436665086641 -0.03203005172156717 1.148708414600422 109 75 57 0.14
10125 0.04603622291730169 -0.06832028548473093 0.9659303992059451 138 96 62 0.65
10126 0.1361561616850744 -0.01536691960834044 0.9679872554952602 128 86 55 0.59
10127 0.1653402146105907 0.0042778260975809 1.041429473177716 85 61 34 0.1
10128 0.1622388676141815 0.002068938127773534 1.066288857046533 149 114 86 0.31
10129 0.1594626889059144 0.007756060690799205 1.06873106133007 203 164 117 0.28
10130 0.1439198302398427 0.00935653789712898 1.094133767399851 164 118 81 0.18
10131 0.1259186464396703 0.01320057883544942 1.128201703071163 108 80 64 0.11
10132 0.06702781678083303 -0.009640558689786749 1.188588424364873 114 114 121 0.32
10133 0.2177283412452493 0.03102480879575745 0.9372009940834918 118 93 63 0.69
10134 0.5138415091752824 0.09931152930328731 0.5845430045596561 156 113 61 0.51
10135 0.175408228300968 0.03700008337742222 0.8957287348403695 136 99 65 0.39
10136 0.5395574956827298 0.1069969895271256 0.546070745933236 146 81 39 0.43
10137 0.2751922872855714 0.08791635641184534 0.9039550740190117 125 96 70 0.91
10138 0.2536028755225896 0.08043436259852701 0.9574506456544993 136 109 75 0.21
10139 0.1569058416854248 0.07734691765361243 1.063607941698061 97 80 59 0.59
10140 0.07415460833494958 0.0198878829951403 0.8014315457075564 180 159 146 0.47
10141 0.1822529257347634 0.08287931946596588 0.8864860176724965 148 106 64 0.46
10142 0.263245461645412 0.1128898171535818 0.929637587401271 212 158 98 0.35
10143 0.1799062893805296 0.111465255536551 1.05760628270218 144 110 74 0.23
10144 0.09140491560041941 0.05384467601796958 0.8271280391702276 93 53 28 0.22
10145 0.1878362601168244 0.1049275441632687 0.8870641908344712 144 98 60 0.13
10146 0.1937081721955651 0.1045175111221452 0.903675160720826 196 130 66 0.39
10147 0.2735795570754284 0.1217741722057532 0.9205091637740368 118 73 47 0.24
10148 0.202183457651506 0.1281484728688768 1.013167588257 83 60 44 0.2
10149 0.168875439742544 0.117736368983972 1.071300771866991 135 94 59 0.16
10150 0.1547053223415838 0.1223635590135875 1.094704990076518 81 52 35 0.73
10151 0.5004874559217622 0.1417419898858048 0.5846319495001799 64 38 17 0.48
10152 0.1113934090005534 0.09184530083821579 0.8329002325264893 173 120 84 0.2
10153 0.1523729498470456 0.1006671859560346 0.8604486166105024 50 28 18 0.76
10154 0.2686897720663973 0.1482956637533737 0.9130109735442982 48 31 22 0.31
10155 0.2487580759094425 0.1367844329500986 0.9443291718076579 77 60 40 0.41
10156 0.1941692590322313 0.1402678236444201 0.9915965291619917 31 20 17 0.29
10157 0.132601877275382 0.1453766629806492 1.120793915904927 167 140 118 0.21
10158 0.5223009449050788 0.1545962701110782 0.5534442755193193 63 39 34 0.44
10159 0.438910844826184 0.1502616983421042 0.670423708351259 143 113 76 0.41
10160 0.4454675383856486 0.1520152291403781 0.6768324691402879 195 152 107 1.17
10161 0.1274724401175485 0.1084182052607374 0.836418648506526 82 49 25 0.7
10162 0.1307189201217075 0.1123552372228211 0.8450931325918003 102 59 25 0.6
10163 0.1475182357623801 0.1178847949944346 0.8621853622991207 63 47 37 0.1
10164 0.1734534245977224 0.1379939777503754 0.870268606250169 75 49 28 0.45
10165 0.2406332392364841 0.155233387844251 0.9474258910534479 148 113 80 0.18
10166 0.165208055443887 0.1669003722593815 1.059066394317465 97 67 44 0.25
10167 0.1503667009252959 0.1620162136034506 1.090067049049012 88 63 52 0.15
10168 0.1253887655010548 0.1745954480148167 1.117242873288487 90 67 55 0.33
10169 0.1259991562024317 0.177603853570466 1.116500749742223 85 63 48 0.11
10170 0.08161892816519978 0.1716062410234274 1.185269993067687 82 61 47 0.11
10171 0.07225203160872162 0.1784634468248067 1.189037370647753 67 50 42 0.44
10172 0.5212315046444264 0.1650845406178488 0.550662915936794 83 51 32 0.26
10173 0.5048528827519165 0.1610227653443097 0.5734210726061809 77 37 11 0.4
10174 0.4109111783662815 0.1637750650437464 0.6992718718624515 132 110 79 0.18
10175 0.3935406139523441 0.1619632133130163 0.7330404552531117 129 104 70 0.33
10176 0.3832006137720867 0.1702487481777528 0.7361587805245859 122 99 62 0.1
10177 0.3796570229082585 0.1702269831452969 0.738974437404014 80 73 48 0.27
10178 0.3471082510452568 0.1676792962231916 0.7949808952847827 129 92 49 0.63
10179 0.1788669965593652 0.1436788975166597 0.8788050880130949 92 57 36 1.01
10180 0.2641371896333963 0.1732450503387131 0.9021048402046672 110 88 73 0.56
10181 0.2785851706535675 0.1762602114928339 0.9110533651179933 105 78 61 0.93
10182 0.1609234672733715 0.1860769024399158 1.056078442062677 130 90 66 0.06
10183 0.07752766976901637 0.1831641129571345 1.170891734600244 50 36 22 0.14
10184 0.09755555908028102 0.1937808795847361 1.146845836785753 105 71 47 0.14
10185 0.3427314566404594 0.2382990539813288 1.129303755039083 186 210 211 0.6
10186 0.3315641863151489 0.2384631226415661 1.134996518251514 87 81 73 0.3
10187 0.4050152576957997 0.1745050303652062 0.7022401337042676 168 146 112 0.23
10188 0.4074897802853205 0.1800496420061355 0.6965805397990167 172 132 75 0.19
10189 0.4054591376506287 0.1832998625731479 0.6975355291411306 193 145 88 0.2
10190 0.3471935122832829 0.1921456761995952 0.7835288615661558 106 87 57 0.13
10191 0.3457139786880257 0.1896271250306097 0.7897843053358107 164 124 70 0.38
10192 0.3474718859451293 0.1830994918246585 0.7956221230687422 57 37 20 0.14
10193 0.341646186854849 0.1923822708310194 0.7938377392131355 76 57 32 0.23
10194 0.3212374384649251 0.1845227580158102 0.8263442491617914 147 111 73 0.07
10195 0.3218622897700885 0.1867991974090394 0.8270276481646386 70 56 39 0.12
10196 0.3141259462433505 0.1924911018794712 0.8334938144216387 103 76 47 0.2
10197 0.2679539656160154 0.1880854462980456 0.8994821657469736 21 12 12 0.33
10198 0.1496805065917422 0.2005460455594148 1.075803903983875 53 44 32 0.07
10199 0.1581543486115758 0.2145670825517456 1.072254607137905 51 47 39 0.21
10200 0.1245933923300573 0.2011564159775235 1.11347520338833 112 84 73 0.29
10201 0.5350968543467405 0.1808132134140869 0.5253811477792301 74 36 17 0.16
10202 0.4613860393185292 0.1788423432369873 0.6140793006634311 57 40 26 0.31
10203 0.4584981890667659 0.1834159446139781 0.617732466868789 77 53 32 0.4
10204 0.4491929932808554 0.1873663966677863 0.6373271690090364 51 33 24 0.35
10205 0.4482888993787908 0.1904339404284091 0.6367801993397223 71 50 28 0.98
10206 0.4435752379147921 0.1869192886592737 0.6443584057076908 145 104 67 0.25
10207 0.4251574455007587 0.1943211351446124 0.6662590744112872 83 70 53 0.21
10208 0.354721743998932 0.19906548030092 0.7726929836424171 41 30 18 0.86
10209 0.3560359395801578 0.1949316329904777 0.7756673147149621 114 93 60 0.33
10210 0.3242837294823792 0.2025637150872616 0.8143634381275251 140 89 44 0.13
10211 0.3204243897978881 0.2017687914890596 0.8235971993681224 92 72 50 0.13
10212 0.3121952605718607 0.2012360768072224 0.8345249065864757 85 65 46 0.21
10213 0.316598105805417 0.2068811526343428 0.8270415017648824 81 52 29 0.15
10214 0.3136174684280063 0.2101929535728025 0.8278973651250876 132 96 58 0.61
10215 0.2917530807230465 0.2053625094735824 0.8581643033570515 97 67 43 0.23
10216 0.2793071306830137 0.2070245946802252 0.8766400771616096 106 85 71 0.31
10217 0.2908605788380776 0.2086458542034672 0.8638614576243442 149 116 74 0.23
10218 0.2862852639929185 0.2147029129942816 0.8628658308491557 144 104 66 0.11
10219 0.2789252651126988 0.2103920084255837 0.8774361083817028 114 94 73 0.26
10220 0.250643956101481 0.214823571272008 0.9149859697888525 42 27 22 0.32
10221 0.2391302110578249 0.2099918382806435 0.9337108634799522 84 52 26 0.09
10222 0.2392284432334797 0.210908465011894 0.9315706820183967 44 30 23 0.17
10223 0.08059855487869383 0.2370428711699022 1.15022472711956 45 30 26 0.04
10224 0.07482547099395409 0.2366139695532425 1.161032291993859 50 35 28 0.41
10225 0.4975857506630932 0.1967501615144133 0.5761071109150663 88 73 46 0.31
10226 0.426907401467133 0.2044152924267389 0.6604354681263078 120 88 55 0.24
10227 0.424220367962718 0.2049523151341678 0.6631400583381414 95 70 43 0.4
10228 0.3946754877062621 0.2006151229823235 0.7083751241725029 149 110 64 0.3
10229 0.3896722469762889 0.2119093427070011 0.710952961884862 86 68 52 0.1
10230 0.3165188991983509 0.2150961461878785 0.8238235550746981 141 107 69 0.15
10231 0.2864095288521271 0.2206818435693964 0.8614986009503187 149 109 69 0.2
10232 0.2786057041005786 0.2307242855713058 0.8702166320803341 175 136 96 0.04
10233 0.2466135795291919 0.2301566226172414 0.912804333334291 66 38 20 0.05
10234 0.2392920648347933 0.2324958485738954 0.9229770540468141 62 33 19 0.17
10235 0.1798741689549365 0.241209548711114 1.009416783137761 78 46 26 0.22
10236 0.1641385427197963 0.2406546297785678 1.033277724043053 49 37 27 0.11
10237 0.1445762386771393 0.2411289579735479 1.069315130448196 100 75 58 0.08
10238 0.1167780479663558 0.2463529232414172 1.105985194036766 105 77 56 0.08
10239 0.2869774611264754 0.2776126018723258 1.063063721638814 105 86 68 0.24
10240 0.3352752797740349 0.2851603658832754 1.09794123509864 62 38 26 0.35
10241 0.3325497285179573 0.2866652261654928 1.100115125978167 76 58 45 0.35
10242 0.4600882270336925 0.2066453389934113 0.6279459262542169 83 59 35 0.23
10243 0.4274025211686771 0.2183257630100218 0.6660792675453532 126 106 74 0.3
10244 0.3700154203960925 0.2051394137980696 0.6800649606549254 121 86 54 1.6
10245 0.3873138258541288 0.2194671622317219 0.7237854688810592 99 70 50 0.19
10246 0.352823322319169 0.2283984089000585 0.7764701347405653 97 74 48 0.28
10247 0.298430255388276 0.2362364910978976 0.8419112245962258 98 76 51 0.42
10248 0.2820357774306968 0.2446555552308581 0.8617566460530589 44 36 27 0.3
10249 0.2448313167838869 0.2422834423469248 0.9107648756662303 70 37 18 0.39
10250 0.2394813400752775 0.2394910761478035 0.9218231987339623 112 73 35 0.09
10251 0.2802789242525811 0.2780989421554598 1.055769128581087 96 72 54 0.94
10252 0.4599897935903822 0.2258851272965097 0.6222413883802712 114 76 42 0.23
10253 0.4550508120305412 0.227524941039571 0.6371599124669667 93 74 50 0.32
10254 0.4421806004265978 0.2219245372614145 0.646759782459421 123 92 65 0.29
10255 0.4414208947548794 0.2246339738011502 0.6501602735314488 96 77 34 0.36
10256 0.3800450307373196 0.2372810882371539 0.7269896764565806 142 96 55 0.65
10257 0.2522806143391077 0.2618843683105724 0.9007081140295941 88 62 44 0.59
10258 0.2308542388807199 0.2723121836135349 0.9286125842697286 45 29 18 0.45
10259 0.458764357148185 0.2397132143267723 0.6465310562459126 148 120 88 0.19
10260 0.4179135533826766 0.2458342499113589 0.6903450301483048 121 99 81 0.32
10261 0.4058346908902973 0.2487373857934176 0.7085835210095416 144 118 88 0.24
10262 0.3892026357569848 0.2472193532330368 0.724661193579512 78 65 50 0.19
10263 0.3332984049838409 0.2490201268775041 0.738951220702194 149 115 93 0.61
10264 0.3890789427563784 0.2522869259148987 0.7464914048974273 102 83 70 0.7
10265 0.3682482586773994 0.2516184843424624 0.7534137656576636 61 39 24 0.2
10266 0.3518923495744342 0.2542504569063612 0.7712744186682188 98 75 55 0.31
10267 0.3514271292797764 0.2548981547717983 0.774609655030595 90 65 39 0.21
10268 0.363714950481676 0.2559387536880824 0.7745628322812321 120 92 68 0.66
10269 0.3544233757632252 0.2562872819612974 0.7798485239458761 82 60 33 0.27
10270 0.3369570937871832 0.2583964483700155 0.7966889726429595 89 65 45 0.19
10271 0.3364174872771831 0.2591900064474936 0.800375976501531 73 58 40 0.18
10272 0.07685873192373505 -0.1904133322412101 1.157521996061841 106 87 61 0.82
10273 0.06175278110622373 -0.1873729662510572 1.162331574014207 144 131 120 0.18
10274 0.128964205300434 -0.02032841834686555 0.9726987279083354 133 91 56 0.18
10275 0.1731526246222128 0.03956602215109187 1.04089762905804 136 98 74 0.19
10276 0.06619868170477716 0.01320317605294608 1.186248698135246 124 99 81 0.33
10277 0.1575477147436934 0.04322671315607285 1.010504925293077 56 38 21 0.14
10278 0.1694891367579531 0.05929779886222666 1.046856458759002 64 44 39 0.53
10279 0.1410028382269921 0.06022274018779789 1.096913007503425 145 116 91 0.22
10280 0.06025495607209574 0.03093639020612302 1.193014990146591 104 84 64 0.56
10281 0.2828968577584354 0.08818099716124958 0.9089675512129869 146 82 51 0.21
10282 0.1646929787677832 0.05711763083309979 1.003983466217251 138 101 73 0.84
10283 0.1566436100067894 0.07897280918628935 1.074929330527524 75 48 36 0.18
10284 0.148191372077156 0.08553533465918778 1.075812330700772 159 120 84 0.28
10285 0.5263951733715814 0.1159640978631253 0.5638133304584649 107 65 38 0.42
10286 0.5178180395254042 0.1175802427947752 0.5745528855088724 117 78 32 0.33
10287 0.1981902090945971 0.07557714924070716 0.9064749120200313 147 105 58 0.39
10288 0.2074112600959723 0.0816250218143342 0.9118185469354455 180 114 66 0.18
10289 0.2494335029716766 0.1139108129011544 0.9433661187758755 213 145 77 0.34
10290 0.1775744057089944 0.09240256993965795 1.050765709728839 132 96 58 0.24
10291 0.5448022650785652 0.1332526094690923 0.5332426530136894 39 27 21 0.3
10292 0.5225926376608758 0.1333170680069511 0.5750681054523851 106 88 57 0.35
10293 0.1484403626770259 0.07782676340431915 0.8691526300843204 82 58 46 0.49
10294 0.2668751843446289 0.131933882395499 0.9337464843132675 122 83 56 0.12
10295 0.4741691003689052 0.1450417656461637 0.62397492492602 114 83 59 0.17
10296 0.1734032800292962 0.1460495021389162 1.065853147323255 81 59 42 0.14
10297 0.1749550478233656 0.1552602159592787 1.051028903688223 113 81 51 0.31
10298 0.5144810731257098 0.1453786718879171 0.567812652738831 65 43 33 0.28
10299 0.4785395496678143 0.155671931453723 0.6084158132383295 123 90 46 0.5
10300 0.4707429526284378 0.1437713819892516 0.6196704741871205 92 62 36 1.21
10301 0.07838246989472697 0.07364886658976497 0.7475665319769632 88 64 47 0.23
10302 0.3818780044262488 0.1611726809515601 0.7499496806671835 153 118 53 0.38
10303 0.09521268142447659 0.09897152328868167 0.820025483137351 159 111 63 0.24
10304 0.1365759829761836 0.1153926185022974 0.8393659384462469 89 56 39 0.84
10305 0.1787458674988416 0.1403499039461672 0.8714516453963477 94 50 31 0.71
10306 0.2392691778844823 0.1550021992842525 0.9503856957709739 42 27 19 1.34
10307 0.06656848592211695 0.1645248881041996 1.206607402140765 190 210 225 0.37
10308 0.5333035897895543 0.16239016931345 0.535470609106894 20 12 8 0.1
10309 0.4498580546096717 0.1600624609223855 0.6443432048713799 111 85 56 0.31
10310 0.2462346721207765 0.1731394036889838 0.9352073709260043 93 63 42 0.27
10311 0.2959237539787808 0.2284455297421943 1.115498253612118 196 194 197 0.34
10312 0.3284687939897043 0.1840875410743535 0.8154204074411978 86 63 44 0.73
10313 0.3116295715240879 0.1866210281557333 0.8405845981713843 103 68 37 0.38
10314 0.3120764368044053 0.1928272252871948 0.8356090693741089 52 44 33 0.2
10315 0.274212713995193 0.1994556495139725 0.8918161390771001 68 53 32 0.16
10316 0.1893739158000396 0.1916475869158776 0.9852492753094007 33 25 26 0.12
10317 0.141200145753092 0.1995983624802722 1.089026087379321 69 48 36 0.13
10318 0.3621323965132699 0.1941749747924054 0.7594065187119292 35 28 15 0.23
10319 0.2890162786936423 0.2006751996306957 0.8584257223728919 175 132 87 0.17
10320 0.1702760874474275 0.2228174628822102 1.027688411631144 24 18 18 0.34
10321 0.1378751988793857 0.2234115122367165 1.102553584717338 116 84 66 0.56
10322 0.09518301627196046 0.2345177142121062 1.140258307909294 59 39 31 0.32
10323 0.494994982798971 0.1995525344120893 0.5785718270443517 36 28 19 0.19
10324 0.3811586457915072 0.2142111332854117 0.7217660749049628 124 86 56 0.07
10325 0.3700946234371665 0.2114016911592326 0.7504200837590596 129 93 51 0.12
10326 0.360083637084141 0.2119186497156136 0.7609163349012777 174 136 79 0.28
10327 0.3631490441671534 0.2144090670025527 0.7581118582734571 156 119 72 0.16
10328 0.2417636369357003 0.231777937107539 0.9157367686684184 105 68 47 0.21
10329 0.139071881287434 0.2570893679966963 1.073810380979995 82 58 41 0.2
10330 0.4468972607206307 0.2085285105232083 0.6423678096395689 39 30 23 0.42
10331 0.4059766449663273 0.2124387767191579 0.6823615402348899 61 41 27 0.7
10332 0.4116789100805929 0.2174396471307491 0.6909130214076381 151 118 58 0.2
10333 0.3805100324734999 0.2156449237110154 0.7261589946584195 139 103 54 0.22
10334 0.3822903948825207 0.2209306342250696 0.7308776296522331 118 88 57 0.21
10335 0.3698769605676739 0.2171192629297488 0.7376828984624433 68 48 32 0.17
10336 0.3300332103744084 0.2250561495453793 0.8015807906699113 137 88 44 0.26
10337 0.2969933743939354 0.2317545488998426 0.841994380908078 112 71 32 0.45
10338 0.2995351298918478 0.2392201042080861 0.8421834950913869 58 39 23 0.3
10339 0.1973320079382008 0.2592372691936343 0.9885539683353097 146 118 97 0.61
10340 0.1237182759915664 0.2735587595081636 1.082348974812652 85 59 48 0.13
10341 0.4848696001638537 0.2133167061092827 0.5889535047737372 138 97 46 0.42
10342 0.4578447671356529 0.2249850207551838 0.6249602087587202 67 49 32 0.12
10343 0.4242430845236402 0.2221990516237639 0.6685691728530749 103 80 52 0.32
10344 0.3963354034958992 0.236424602093332 0.7063883735324072 116 80 51 0.14
10345 0.3655735198789554 0.246580003268883 0.7582205501136837 111 66 42 0.35
10346 0.3293427811806676 0.2452281738871451 0.7939819731870563 89 65 40 0.56
10347 0.3049592381327847 0.3153380750305947 1.069119908089629 105 66 42 0.61
10348 0.5437540192634126 0.2169262600676024 0.5243242843447672 69 40 28 0.22
10349 0.5225063435895055 0.222591629917936 0.5520609941508754 170 143 116 0.19
10350 0.4318867232984468 0.2395285883859895 0.6738328656086688 93 62 38 0.16
10351 0.4274955900813342 0.240317287935118 0.6786349600051411 107 72 51 0.14
10352 0.4245095900157885 0.2408449493915633 0.6823571217462773 104 69 45 0.15
10353 0.2891756165193383 0.3208397043310804 1.056845553122345 127 104 82 0.28
10354 0.5339712743762229 0.229172074100557 0.5311063832992273 66 49 38 0.34
10355 0.5301943231675339 0.2299387366917388 0.5350480221777959 103 77 60 0.24
10356 0.30983763857874 0.2757303521109418 0.8253600774726446 86 64 46 0.23
10357 0.2992061538713862 0.279116607251468 0.8352280441333291 139 122 106 0.37
10358 0.2995652387806006 0.2812673913940098 0.8451651509595395 141 123 101 0.32
10359 0.09231426635699258 -0.2066994275624724 1.134726413517545 128 129 121 0.92
10360 0.07771685751528701 -0.07189400450574482 0.9857472625298048 114 75 53 0.28
10361 0.1144436302270179 -0.03231558411815491 0.9761166157174433 163 126 96 0.62
10362 0.20627361289655 0.03519009704418485 0.9556212030342716 94 56 34 0.23
10363 0.5402191160646663 0.112719762728456 0.5463917546505294 159 98 37 0.45
10364 0.1427427528850377 0.1066262741874953 1.119696572565465 94 75 61 0.54
10365 0.1767497701039389 0.08680841241122897 0.8865638425446056 160 113 78 0.31
10366 0.2752123998891608 0.121682440577285 0.9257593829852481 157 103 66 0.67
10367 0.2435744281355453 0.1312141064344364 0.9611291188586737 104 80 64 0.18
10368 0.1565929978259628 0.1481492998722976 1.082924133033901 49 35 30 0.44
10369 0.5394485996309117 0.1455079469766911 0.5328626399091203 71 45 29 0.13
10370 0.3566468499771623 0.1617401421075385 0.7822617106933611 91 61 35 0.7
10371 0.1845497892026672 0.1395012246462191 0.8735734010220514 37 21 11 0.47
10372 0.18913403006878 0.1730228821941144 1.021566691261049 109 77 65 0.35
10373 0.3658732098068522 0.1635706605378103 0.7687319583613533 169 135 64 0.18
10374 0.3346355996376742 0.1801175796786806 0.8132531739568589 104 89 65 0.27
10375 0.468344352081684 0.1739448484784158 0.6134643985110757 83 66 41 0.29
10376 0.3742569384863499 0.1796099040500327 0.7526947024422236 43 27 15 0.53
10377 0.2896427961902265 0.190799444259664 0.8694820895829225 76 46 28 0.42
10378 0.2410708189434118 0.1918118177783208 0.9487102307503192 112 92 67 0.36
10379 0.1966306105849524 0.2007400739844743 0.9807654823270233 67 52 40 0.15
10380 0.1750179244699609 0.2035919003917278 1.042775863108061 46 39 32 0.09
10381 0.4070444843255887 0.1935266064299723 0.6917112038619118 152 113 74 0.47
10382 0.4085078048527482 0.1974348367026619 0.6904260748437746 148 110 75 0.25
10383 0.4145551564388155 0.2031815831330584 0.6790858871720737 149 112 47 0.38
10384 0.4160654160852439 0.2081128580646965 0.6762117450161979 108 77 50 0.5
10385 0.2676702531116952 0.2226287016604873 0.8872807551570301 56 36 23 0.25
10386 0.1949643486822989 0.241285627183656 0.9899347534570508 116 75 46 0.14
10387 0.1550039813225199 0.2370043910057839 1.047962625672808 108 74 58 0.19
10388 0.2931509771811504 0.2768786168209684 1.067065417189851 27 22 20 0.08
10389 0.4307847763270204 0.2119328102754095 0.665785060150345 47 29 20 0.09
10390 0.424796413956842 0.2206757233814851 0.6700752006356555 90 72 58 0.66
10391 0.4253816927234066 0.2140579408138868 0.6758513552235403 41 28 19 0.45
10392 0.4078131477720208 0.2166803840221706 0.6962308625917962 49 29 19 0.24
10393 0.373057762145114 0.2207486184223549 0.7412281725917413 142 110 78 0.25
10394 0.3527473130749525 0.2275571681466111 0.7715009293943491 56 37 21 0.15
10395 0.2854738961277388 0.2439223212029623 0.850318340659425 41 29 17 0.21
10396 0.2659257612459389 0.2484010814184449 0.8780578044684086 35 21 15 0.29
10397 0.2272960506159803 0.2565251221167347 0.9299525547042399 17 15 13 0.27
10398 0.2257878842830098 0.2555707182396807 0.9402382404146625 76 73 69 0.39
10399 0.5122868515392297 0.2179490496406452 0.556374215970192 119 86 65 0.16
10400 0.4827004961087742 0.2196583354636065 0.5906337549990138 103 84 49 0.57
10401 0.4580204540204091 0.2272208460921635 0.6270716922379526 120 84 57 0.09
10402 0.4392605242199777 0.228399074593111 0.649777154119092 71 55 36 0.28
10403 0.3414580011825062 0.2379856190340781 0.7569547886565131 89 65 40 0.39
10404 0.3269754964275388 0.2458883872941567 0.7977804250307732 85 66 43 0.1
10405 0.310769984722482 0.2543587535952528 0.8194519663865769 88 68 48 0.18
10406 0.2778347507034057 0.2568308790734882 0.8653212413341471 86 76 43 0.27
10407 0.5331944231613417 0.2184406059334799 0.5365368061889696 54 34 25 0.15
10408 0.5321517895308114 0.2190137291055549 0.5386828159355517 64 41 29 0.33
10409 0.5242383575764726 0.2206825280046389 0.5490595189085453 67 39 29 0.27
10410 0.4445761274468669 0.2445680417267488 0.651903308049433 99 67 46 0.12
10411 0.326954803828611 0.3299452839566264 1.070486102875753 52 39 33 0.5
10412 0.3291814298555831 0.2719375728674621 0.8028497481204269 84 60 30 0.26
10413 0.08690157207275828 -0.2742895248652711 1.089948034309291 86 76 70 0.43
10414 0.08707373467737223 -0.2175265357248693 1.12473529486597 135 114 78 0.6
10415 0.1971239248991326 0.03934515020409549 0.916610488073003 179 108 52 0.21
10416 0.1602617251632031 0.06675441030355139 1.073516044186198 166 136 100 0.73
10417 0.188014774164208 0.08279092015254705 1.028670692853221 177 144 92 0.45
10418 0.1470896864854619 0.1143623355873639 1.120454556002026 58 43 35 0.04
10419 0.08315515822294894 0.05473178704348655 0.7544875727902648 221 238 250 0.41
10420 0.08564166009513652 0.07040509186640703 0.8185691042130407 127 79 48 0.38
10421 0.1063581829543579 0.09113494585211102 0.8275777394283164 145 93 32 0.57
10422 0.1819078972084019 0.1520032677334914 1.047207721236405 42 27 25 0.18
10423 0.5072377796486263 0.1508421998230361 0.5776243389322953 12 8 4 0.15
10424 0.1037861576841989 0.1728281997105927 1.156865833891239 40 30 34 0.62
10425 0.07361570274906715 0.1746000358986066 1.197435077497045 142 124 109 0.79
10426 0.4573210856895398 0.1613220289527724 0.6353589334087748 148 131 70 0.49
10427 0.4149142262008483 0.1713527617778942 0.6917825704755938 145 132 108 0.35
10428 0.4060517247102119 0.1683345746400687 0.7123428869864179 162 147 120 0.17
10429 0.1916962910479373 0.1471672223809961 0.8894633673966712 122 82 55 0.78
10430 0.430931747961165 0.1818436284865928 0.6641018885320811 145 107 60 0.59
10431 0.3861905184351808 0.1980794933623197 0.7226304904864922 113 87 45 0.43
10432 0.3639646950865624 0.2153911536107056 0.7530480777237889 42 34 24 0.31
10433 0.3649757052988312 0.217015191225425 0.7567144902468979 76 60 45 0.51
10434 0.258498497068919 0.2232893021645731 0.8962895578515806 51 28 15 0.37
10435 0.376573014961314 0.2287392947978249 0.7433873209910262 38 24 12 0.3
10436 0.3793062532385224 0.2319683412492374 0.7534858770074359 64 37 16 0.95
10437 0.3421417010758223 0.2311011079601205 0.7705390842811262 42 30 12 0.9
10438 0.4942879691807271 0.2123165941872638 0.5775766262726275 84 60 38 0.14
10439 0.4084560689245053 0.2305923270648269 0.6928722147711808 85 61 37 0.63
10440 0.3716045187620001 0.2402178920986967 0.7490777596741526 113 77 49 1.28
10441 0.3282091962119796 0.2695096977961658 0.808167699568913 105 81 56 0.86
10442 0.5017172543227693 0.2378785498779616 0.5735573692134964 90 52 33 0.24
10443 0.3181206014631044 0.2732319384485246 0.8127952077727632 74 57 41 0.24
10444 0.09775628147533411 -0.2404630892604997 1.095786507728364 80 66 52 0.5
10445 0.1674351524403215 -0.002255078130994015 1.053359055484258 166 134 94 0.29
10446 0.2401022641366621 0.09981728975961594 0.9607404858168151 19 11 10 0.61
10447 0.175142661810764 0.09016041316265686 1.006328485794593 45 25 15 0.1
10448 0.1857280110920598 0.1106503420786239 1.002784708462253 115 89 63 0.9
10449 0.4342835102140076 0.1498119334991132 0.6793059669496616 187 149 103 0.46
10450 0.4502094932071781 0.1678899569589115 0.644793319756698 117 93 38 0.59
10451 0.1651784408425764 0.2144836696624589 1.04380909265254 32 21 17 0.35
10452 0.2405747682989122 0.2073146241559828 0.9310740016349613 18 12 10 0.46
10453 0.4783796669839082 0.2004365720367778 0.5957256992795089 106 85 64 0.24
10454 0.3456419256749048 0.2912347784129628 1.088978203911418 118 92 72 0.77
10455 0.5135164339290318 0.1980261887446552 0.5526676406875823 20 9 5 0.23
10456 0.5145670688715227 0.2002968022813129 0.5498266611131072 100 54 37 0.22
10457 0.5024945398069519 0.2003068652319482 0.5669156206586222 28 12 3 0.2
10458 0.3818406409881568 0.2250369667163006 0.7268922804121625 45 26 13 0.3
10459 0.5318053292187923 0.2096098860057318 0.5280300813683455 81 43 24 0.16
10460 0.5114710500945512 0.2283215867973766 0.5639205277794548 58 37 24 0.38
10461 0.5014186360590303 0.2352552063787894 0.5747850495950194 94 57 35 0.38
10462 0.0681420067918056 -0.1911703871510324 1.161561998858768 89 79 74 0.39
10463 0.5387055209216834 0.1126813134464336 0.5492715646836549 98 59 18 0.53
10464 0.04795783279748889 0.01403220452507581 0.8041378967730777 101 80 67 0.77
10465 0.2073792356283243 0.08647582866177039 0.909473547193413 142 85 46 0.36
10466 0.2572349358790216 0.1341741840765213 0.9385993710978162 35 22 17 0.44
10467 0.2596851748933032 0.1317301390826969 0.9442380734402507 168 126 90 0.89
10468 0.2728989785208892 0.1331481432920033 0.7734728062637212 99 77 21 1.33
10469 0.2599113007429403 0.1634807618236071 0.8918239967130697 121 78 55 0.54
10470 0.4791120335182726 0.1855345882480617 0.5940158586223709 175 122 56 0.7
10471 0.1123038082836732 0.2310791623844502 1.129913266138085 25 18 13 0.43
10472 0.07676138962586221 0.2299760621702228 1.169852827507985 90 67 48 0.14
10473 0.186419545501212 0.2562074475499013 0.9923061607273579 112 75 56 0.64
10474 0.4849621040391389 0.2305870012009657 0.5991420377549564 159 117 89 0.52
10475 0.4757195475460393 0.2331673750595495 0.6153823126070932 187 147 121 0.14
10476 0.1583467434214075 0.007761338103644627 0.8945786219700358 91 65 50 0.26
10477 0.1839978004337866 0.1526339031952086 1.041692597452839 46 34 32 0.31
10478 0.288386310505779 0.1778833767233304 0.8768239985833209 137 86 43 0.58
10479 0.1992520072020758 0.178616566025724 1.005545939004466 119 84 45 0.33
10480 0.3912064312836641 0.2145963793987538 0.7077317581935492 110 73 46 1.05
10481 0.5917717279489321 0.2527101261993313 0.5940565868588197 203 161 130 0.78
10482 0.1105255604268136 -0.2702337332320839 1.097387083896323 220 228 240 0.45
10483 0.1603319049457821 0.08772463324595714 1.063604597061991 168 134 102 1.04
10484 0.07120398933696914 0.04573376416815805 0.837327123453159 94 58 38 0.99
10485 0.3040940684825374 0.2040991654531318 0.8363288623950549 36 23 13 0.95
10486 0.1560860273097919 0.2232891100315658 1.062292454023568 14 12 13 1.06
10487 0.2774659958734265 0.2775024587543821 0.864890012792366 58 40 28 0.41
10488 0.1620447131750846 0.02124468585876491 0.8756213725340731 39 28 28 1.24
10489 0.1962183329329948 0.2105408744102212 0.9901353047476418 16 11 11 0.82
10490 0.3457885847746117 0.2176203398472986 0.7817083527807092 153 120 77 0.65
10491 0.2565025386811263 0.2342647826757013 0.9135585317598376 78 46 30 1.4
10492 0.08578504596300762 0.04629899353402797 0.78333104234796 111 71 39 1.06
10493 0.09593996305850438 -0.2432152477422701 1.149490546643369 77 69 58 0.69
10494 0.0926617748955002 -0.2430262085782427 1.154260644676157 177 200 210 0.86
10495 0.1070490212108122 -0.08425166856992675 1.023095620041476 76 47 30 1.01
10496 0.3731314018427653 0.2343830466676042 0.7541473888749779 95 74 48 0.86
10497 0.06910834739049354 -0.09802881296995905 0.996264434150187 110 78 55 0.38
10498 0.1107082768673454 -0.1018528491614571 1.045797849437421 116 70 32 0.27
10499 0.099726191535493 -0.02161944489459222 1.155379420807206 72 54 43 0.8
10500 0.1988746211252904 0.02970298790143358 0.9176390561972165 208 152 98 0.21
10501 0.5247639215517047 0.1399104556292336 0.557291696672588 102 83 65 0.1
10502 0.4482781502285869 0.1904954587909194 0.6370182695219609 84 66 46 0.37
10503 0.3643463883715727 0.1938478946087487 0.7680721421512509 35 24 13 0.55
10504 0.2049683812664364 0.2594051982849978 0.9700120173045872 36 29 30 0.36
10505 0.06843789853955717 -0.2105174036934361 1.062738126268288 137 112 92 0.59
10506 0.1219955945232541 0.1710688805214287 1.136271281654101 56 44 37 0.74
10507 0.50016843633708 0.2010910940400853 0.5705256536331095 24 19 16 0.37
10508 0.2878576828258203 0.2551063532014749 0.8514432015016249 108 86 71 0.29
10509 0.09582392881136959 -0.1500321101362346 1.043090267478492 156 121 85 0.26
10510 0.1053803000366299 -0.157050781299438 1.068581669672114 96 67 47 0.21
10511 0.1344867233261317 -0.01992895353237703 1.006780310877455 210 167 116 0.33
10512 0.1604983658959665 0.0944720319984986 0.8678504069350821 134 82 48 1.08
10513 0.4452220236793621 0.1575572345858807 0.6602027470269628 66 59 39 0.34
10514 0.1063384287756663 0.1722758415923468 1.150552795167723 58 48 41 0.67
10515 0.2403345934788015 0.210112137291655 0.9328580179234991 98 74 57 0.59
10516 0.16827051474069 0.2388865430089137 1.02961617879849 94 70 54 0.17
10517 0.1232080959613402 0.2528876950999188 1.090208838069912 32 21 21 0.23
10518 0.4913948069817823 0.2272381625048008 0.5917983889027523 69 58 46 0.08
10519 0.1146272630908958 -0.2176806860130448 1.095260246725353 151 135 107 0.28
10520 0.09351095520048658 -0.2368291898682497 1.154052671931559 180 200 223 0.43
10521 0.08433543269356125 -0.1933426855579049 1.068685469595305 80 57 40 0.33
10522 0.07119037607058898 -0.1867491968961954 1.166068404689181 192 186 177 0.37
10523 0.2071864107291119 0.1517381073121034 0.8959688076461225 76 39 19 0.21
10524 0.1018703325136899 0.2406591298789389 1.131065727485714 21 19 17 0.18
10525 0.2027441011801547 0.2601508722044933 0.9689341808506899 71 67 59 0.44
10526 0.3353053425163485 0.3177406794106508 1.088671946843818 64 46 35 0.39
10527 0.4683866999496794 0.1655082857106174 0.616378423764925 124 103 71 0.14
10528 0.3151353354384223 0.285631449831392 1.078279861160656 114 84 60 0.44
10529 0.2956396801576361 0.2927989638371097 1.068415135097547 85 63 49 0.38
10530 0.1711985139760909 0.0798000605086879 1.1095444047882 182 155 138 0.88
10531 0.431534891584218 0.2043622965642097 0.6548671221950002 34 32 23 0.55
10532 0.09763355752873792 -0.2241738931720734 1.136258109223395 82 69 52 0.54
10533 0.1209646894108382 -0.09341777014470184 1.108670264965173 58 45 36 0.25
10534 0.5243874581650266 0.1125092108515023 0.4713771106479072 67 55 42 0.42
10535 0.1211874436288676 0.07011136362889023 0.8472055745454867 136 73 20 0.37
10536 0.1773440410539074 0.08786475741613284 0.8861540968886217 185 129 71 0.18
10537 0.1231902337225663 0.1762160736836764 1.134249041813811 89 62 49 0.96
10538 0.5308402254055651 0.1716686490748316 0.5333575946973681 44 36 27 0.5
10539 0.3626411584677709 0.1716430148781261 0.7727201242394405 89 75 49 0.22
10540 0.4226247921653626 0.1869623737215618 0.6723514360082853 120 99 74 0.19
10541 0.2992474592868222 0.1974453697487424 0.8538862027627931 82 57 40 0.08
10542 0.2602626617797476 0.2158165646748628 0.9003519050687865 95 60 38 0.34
10543 0.3024613731387711 0.2389467082874471 0.8281840601863397 64 44 25 0.31
10544 0.06677631372123982 -0.07849659923928967 1.180676732631724 168 187 208 0.19
10545 0.512690209286209 0.130137999258345 0.5840117621063567 62 52 37 0.27
10546 0.5252255655059829 0.1420295784629982 0.5566823247382231 87 67 51 0.25
10547 0.5087220044653513 0.1704993063368282 0.5645326004197498 35 27 22 0.46
10548 0.3780235217499022 0.1791392182598084 0.7585590063273221 104 92 65 0.56
10549 0.1136691090484787 0.04177769211429597 0.8428761726316587 159 101 49 0.59
10550 0.1150363403061427 0.04195813833740356 0.8486581991033335 142 90 38 0.52
10551 0.1585936138802095 0.1071875592297855 0.8577995694128552 122 64 19 0.3
10552 0.4328013879683746 0.1589693425379993 0.6706689539616066 85 66 37 0.21
10553 0.06738412372274361 0.1978738123920317 1.180085674569234 29 21 19 0.37
10554 0.422347922821119 0.1841164289857291 0.6708098128877754 60 44 27 0.48
10555 0.3159277763302755 0.1898084896711231 0.826323694982 50 36 19 0.38
10556 0.5001402454748254 0.1996700533959442 0.5725701151467895 57 47 31 0.31
10557 0.3421186269011684 0.2153536533376145 0.7850157352927782 57 45 28 0.42
10558 0.2404736038365456 0.2539747874397542 0.9127909629038127 50 31 19 0.83
10559 0.1163134404256715 -0.10592887730022 1.046125049440247 92 59 39 0.46
10560 0.452607363332505 0.1387563150024828 0.6451513936976087 157 127 84 0.08
10561 0.3764643183979623 0.2114996234822619 0.7294558336764454 84 73 46 0.21
10562 0.05133354503889609 0.03132893435197917 1.203203729972359 147 179 214 0.38
10563 0.3702162122877297 0.1973929789423247 0.7564145356058659 23 16 13 0.2
10564 0.1601656140556602 0.04389411229724705 1.069698401535712 81 56 37 0.79
10565 0.5240253183687659 0.1668968002298185 0.5450567212054988 111 66 41 0.06
10566 0.03635978470769907 -0.02421670484908045 1.206976871425286 135 163 190 0.95
10567 0.2051706566649574 0.1008468476293235 0.9117492618220564 204 143 85 0.47
10568 0.06167437698656963 0.2364614373256307 1.192926694653291 80 68 57 0.28
10569 0.4742693530640273 0.2127079765210861 0.6057238305429126 60 42 30 0.26
10570 0.3392447944444403 0.2907788534879772 1.091028675745227 123 85 56 0.44
10571 0.5151068530553128 0.09875343572556873 0.583153945907997 69 54 47 0.54
10572 0.1678039516026358 0.06831415506290009 1.006172849670744 76 47 32 1.15
10573 0.1676021761434921 0.08399388397254562 0.9974043019762757 62 37 25 0.37
10574 0.2502140626182527 0.1501896009607086 0.9391209089549195 92 69 43 0.13
10575 0.1627986792760424 0.1661945289209487 1.079332334760258 50 44 40 1.08
10576 0.0852893695044501 0.1754155366425775 1.171618774531534 62 45 33 0.25
10577 0.2692851850546294 0.230263996740182 0.8825973819114019 82 62 46 0.19
10578 0.2595299177142639 0.1501291196852874 0.9211743087697515 73 53 35 0.2
10579 0.2673428758261036 0.2468574153130897 0.8845607775741595 32 22 17 0.2
10580 0.359010574718769 0.1905922358063459 0.7728510135082178 102 86 60 0.44
10581 0.06525872241094677 -0.3195341079307041 1.137505309252666 218 201 161 1.03
10582 0.09521038522904735 -0.2669864021715692 1.101221803538305 206 175 131 0.58
10583 0.1021071911239696 -0.2601513041939117 1.108814910526275 139 113 83 0.77
10584 0.09583881793605453 -0.236220350888821 1.089370568021827 137 103 76 0.42
10585 0.0387235027180941 -0.1379689136738163 0.9978400445125862 131 102 94 0.12
10586 0.04354287074664331 -0.1275804634884452 0.9935966232715869 190 148 99 0.15
10587 0.06011664638270331 -0.09334514615412878 0.9913336706450742 126 90 62 0.35
10588 0.04699791676922216 -0.09722926528484774 0.9891427719305361 139 79 37 0.44
10589 0.5314007727872316 0.09527611352122828 0.5637286052251884 105 111 115 0.32
10590 0.1208021024075119 -0.02105734157998779 0.9803995071745202 149 104 67 0.29
10591 0.2773129237047548 0.1809994083540605 0.8852443503201479 151 107 62 0.42
10592 0.315127683506429 0.277577597598501 1.091559443558007 132 86 50 0.25
10593 0.3263116510624365 0.2826369853670276 1.111187292600169 120 80 45 0.14
10594 0.06290534848810825 -0.2279853819687316 1.065458390642481 111 93 67 0.48
10595 0.06956844345886226 -0.2083082423814357 1.053251659068805 173 139 100 0.21
10596 0.1068379154464367 -0.1777494150150148 1.076554862555061 178 129 87 0.25
10597 0.04822219298837505 -0.1582916816972703 1.011232714415336 173 128 90 0.36
10598 0.0515962056670769 -0.1344422309746259 1.005920062029356 130 97 68 0.45
10599 0.1105700160648311 -0.05784149210558689 1.01390869577305 168 132 91 0.33
10600 0.03556671223532815 -0.0751017175647414 0.9587868896966029 206 151 97 0.26
10601 0.1192481136372807 -0.01924232183851321 0.9875857633368705 204 145 88 0.32
10602 0.1154728333241508 0.06016966934462428 0.8410245117928343 126 78 45 0.12
10603 0.3247471178066889 0.285505702119655 1.088979433794912 118 84 63 0.22
10604 0.4463801341519547 0.2117912232762141 0.6377768247884034 52 37 25 0.91
10605 0.2865391458612493 0.3120412879173357 1.053627519752935 101 77 56 0.61
10606 0.04935617781000934 -0.1611204014239071 1.015797240116585 126 90 55 0.18
10607 0.2045407151940577 0.1184128899278609 0.9077281656126615 169 102 43 0.21
10608 0.02704496803683232 -0.06552055135984733 0.949343921061701 201 149 94 0.44
10609 0.2165615347374096 0.03468235063652572 0.9343793055157856 207 155 99 0.2
10610 0.3325795189612104 0.2843984214813013 1.112531331369668 176 124 74 0.17
10611 0.5488235903252598 0.1160269241132486 0.5363236155461339 150 104 60 0.33
10612 0.06230367568335993 -0.2333202529463144 1.077305514870972 95 58 43 1.0
10613 0.5477912079319819 0.1196727239099291 0.5371881852549008 65 48 32 0.31
10614 0.2053262152981414 0.146058472050191 1.004087999193362 32 16 11 0.15
10615 0.09755356888073907 -0.2394442139865494 1.142435520829706 57 42 38 0.72
10616 0.4654526313253954 0.1400084002005757 0.6393993108924803 137 107 71 0.27
10617 0.07867364789440379 -0.1663486280639336 1.046179929326258 189 126 73 0.21
10618 0.08354421851011962 -0.1346793100712393 1.028390361597645 171 128 76 0.12
10619 0.03491447787130686 -0.06256358532464709 0.9523296857634072 162 112 68 0.18
10620 0.1465659584357853 0.04205585645571883 0.8602389906175386 166 114 68 0.88
10621 0.158677734314193 0.06140704004232239 1.074384664693638 110 85 66 0.25
10622 0.2764282222469119 0.1306264530584754 0.9001921722431755 192 144 92 0.48
10623 0.4428014480329727 0.1522095411548421 0.6744971649341405 101 64 39 0.98
10624 0.2109868830232585 0.1505867412667416 0.8976850159008212 191 118 61 0.28
10625 0.06856984363357876 0.1831519450477681 1.191808526585342 86 68 54 0.1
10626 0.07159982509392471 -0.1307030278408674 1.016325787213591 124 73 36 0.19
10627 0.1761370534629101 0.05435370196567479 0.8869442760736177 101 62 37 0.28
10628 0.1473530264827612 0.107798227362609 0.8625417680965257 131 90 61 1.05
10629 0.1673577742577148 0.03701691453342654 1.057163167261532 66 38 21 0.07
10630 0.3300396356535424 0.1871573414005941 0.8184098239305932 118 102 87 0.54
10631 0.3144086392275755 0.2392933699465168 0.8170978923158343 50 34 25 0.23
10632 0.1411584854879503 -0.1169609312905891 1.076838555311242 195 141 86 0.09
10633 0.1016874601411774 0.07441731594073153 0.8304335710490389 215 155 99 0.28
10634 0.1379283997745344 0.07855960868201106 1.111804179424304 127 94 61 0.56
10635 0.02322226577099484 -0.05508377595734101 0.945004275078579 187 134 96 0.66
10636 0.1499961085624843 0.001499020845554366 0.9969032644558754 200 160 111 1.14
10637 0.1354549268916755 0.1373035328559377 0.9030820498838878 136 82 45 0.65
10638 0.1404690099143478 -0.00257926923077284 0.9872994987267113 102 67 46 0.93
10639 0.1435531205711302 0.07259282701200007 1.118153910390348 181 142 96 0.47
10640 0.4328959401470908 0.1585972276177604 0.6747562882173378 109 90 67 0.25
10641 0.2024409824819891 0.1265248570949005 1.012464260640985 148 107 77 0.15
10642 0.5135953524205669 0.1660257966524248 0.4632732485111986 72 67 58 0.93
10643 0.4534905570216379 0.23482912564543 0.6428338062057359 98 74 49 0.25
10644 0.0856776149791747 0.03373676884978463 0.822641957662712 147 113 92 0.76
10645 0.4581285559472918 0.2404205091448883 0.6378189685412936 70 49 31 0.98
10646 0.1518596760890536 0.2314346549262871 1.061337010059149 29 21 19 0.78
10647 0.1481545486746805 0.0413986602555966 0.8621865040838051 155 115 78 0.09
10648 0.3330994978853524 0.2159842398760904 0.7940668443013692 139 104 65 0.58
10649 0.04883597689980756 -0.1542077973972277 1.016120516679254 183 119 60 0.16
10650 0.06842527094905126 -0.1309345475148191 1.020747449182131 143 86 44 0.18
10651 0.1294334500928285 -0.09266550030648293 1.057417901621688 77 50 30 0.08
10652 0.1756361290246097 0.05219894289619612 1.049135072654745 122 80 59 0.36
10653 0.08830601353693279 0.02131290534928426 0.7604852072813681 178 157 141 0.55
10654 0.05598302995617155 -0.2128336860325648 1.045191942544097 185 139 97 0.11
10655 0.06555854513317372 -0.1121712418375332 1.01072660523179 158 91 42 0.22
10656 0.1899625023862523 0.09863368282731062 0.9036826384119264 218 142 80 0.55
10657 0.1842457529479582 0.1628631958315684 0.9925636762130985 56 32 18 0.31
10658 0.2173990554413628 0.0263229603151387 0.9367749306049178 207 147 93 0.18
10659 0.3259751807040081 0.1849172741997281 0.8198780781831709 63 57 40 0.23
10660 0.117770007554742 -0.1848859540636927 1.099415021750043 74 54 49 0.76
10661 0.1788446093390346 0.0289329172562382 1.040202666852635 107 77 55 0.13
10662 0.1890666401178031 0.08535808052492685 1.023537332377675 178 130 81 0.17
10663 0.1685086560192501 0.06594161805443841 0.8843282882691496 67 39 30 0.5
10664 0.4402201647021668 0.194844304147837 0.6462963994509221 66 51 40 0.24
10665 0.0968426137597449 -0.1938985327016173 1.122368550526806 52 40 40 0.34
10666 0.3862988135484751 0.2211722161035108 0.7256725169822843 65 57 42 0.36
10667 0.4825259352261142 0.1898771105470305 0.5854839725150347 99 81 56 0.65
10668 0.1298430087063341 -0.07727227540413281 1.04857297260722 110 77 43 0.3
10669 0.4447128922820594 0.1615526344606062 0.6512335516724302 77 71 60 0.22
10670 0.4295528035964821 0.1790704014013843 0.6672006741318637 81 71 53 0.27
10671 0.3147797179937706 0.2170749410091559 0.8232741353570928 87 63 41 0.41
10672 0.3717646709899132 0.1728630014831312 0.76130085001433 95 79 52 0.33
10673 0.3285497831713981 0.2889917272470002 1.10286487578232 122 92 60 0.13
10674 0.1656214082668626 0.1351411644096397 0.867450993651115 172 115 64 0.2
10675 0.3704195424553405 0.2262819094873219 0.7466950818269998 75 63 45 0.16
10676 0.3313213452375371 0.2516396757097781 1.117409079558346 102 65 39 0.34
10677 0.3351525350405504 0.2639551115156634 1.116636526167457 167 117 73 0.05
10678 0.3242280230419757 0.2817581125933564 1.106254657176325 92 60 34 0.17
10679 0.1699737343958012 0.1272831841758602 1.05116109196893 83 58 41 0.52
10680 0.299507596757547 0.2743067593505835 1.100107678671199 160 111 66 0.7
10681 0.2080423146331576 0.151972363127074 0.8999306838489005 82 42 17 0.35
10682 0.1066073436598376 0.0201649130886461 0.8408786594435815 182 135 98 0.39
10683 0.4743494449668499 0.1573868056252222 0.612921721206068 77 66 48 0.18
10684 0.4312310223302405 0.1707986047484873 0.6685302762138996 87 68 48 0.19
10685 0.3366677248246343 0.2120110216876072 0.7943056425599808 60 54 37 0.32
10686 0.3797569246554221 0.2161719324194188 0.7220787660867225 46 40 34 0.33
10687 0.1663769924229758 0.01213452864347234 1.034621645613994 181 131 92 0.14
10688 0.4543005599775408 0.2465481147574771 0.6352407942564866 46 40 32 0.49
10689 -0.001526307957275264 -0.08888354535263618 0.9737790424686423 155 98 56 1.16
10690 0.4572418803987158 0.2334725124647616 0.6403822624207445 106 99 85 0.58
10691 0.2805713296752892 0.1373137738216172 0.8959144180724088 171 109 68 0.21
10692 0.5389694813990273 0.192907985639642 0.5254417503063592 76 52 28 0.74
10693 0.1636056681792878 0.08985176366130229 1.070987519384535 58 41 36 0.47
10694 0.0732599373418974 -0.2134076496701814 1.065348779521112 86 63 45 0.53
10695 0.1190860767965466 -0.1876044405296309 1.096629877520484 161 136 104 0.57
10696 0.2791477367950621 0.1373670054112113 0.9087944008372655 65 48 41 0.24
10697 0.509485880566982 0.2389682123935301 0.5648554134697084 67 55 44 0.16
10698 0.1147303005866734 0.008725220506126702 0.8560300673780237 186 136 79 0.24
10699 0.08795937332411852 -0.114348075878359 1.023937357419502 96 69 47 0.19
10700 0.1139012163524684 -0.1010886416986448 1.039746137004403 170 133 85 0.17
10701 0.06838131018951554 -0.1716171942670164 1.032227345110583 172 128 94 0.54
10702 0.5051215646230155 0.1689271267687084 0.5718342542354352 62 35 23 0.38
10703 0.09700185623474566 -0.1064250922751536 1.026688935589064 199 163 105 0.47
10704 0.05083655732558967 -0.111807256143325 0.9955101186332432 207 171 114 0.23
10705 0.08711289002093758 -0.07544396729699129 0.9996444359144211 150 111 73 0.14
10706 0.525197266821359 0.1288404488105216 0.5149473555040335 103 55 11 0.13
10707 0.5200949619931878 0.09559284915811161 0.5116365907121176 180 120 57 0.33
10708 0.06457792099651616 -0.1631048249737462 1.169420239303155 71 56 48 0.41
10709 0.4772676373029281 0.08898566443851799 0.487521228130783 135 111 55 0.61
10710 0.5315400085772544 0.1502938556560665 0.5175455291900015 41 19 14 0.14
10711 0.5084417662004277 0.1749102353129761 0.5674024455045604 185 122 60 0.58
10712 0.5410867219615957 0.121058873894979 0.5183300729098148 165 116 72 0.63
10713 0.4154310898125783 0.1689666397657965 0.690767777741961 108 83 50 0.61
10714 0.5343972213743922 0.175870599370606 0.5172697630140919 120 82 60 0.55
10715 0.5198009291968081 0.1664080812849135 0.5505050141577887 99 52 28 0.31
10716 0.211308131415532 0.1393840868108623 1.000895416588367 86 63 44 0.26
10717 0.5026744408200219 0.1780115704935799 0.4848845973511094 62 37 14 0.51
10718 0.5196691483644099 0.1193457740010338 0.502522637478918 133 97 61 0.24
10719 0.1279306250474223 0.1279307911088201 1.124220778599998 36 26 22 0.65
10720 0.4946214001858135 0.1685082054122499 0.4400092870969632 53 42 38 0.16
10721 0.07137870993223439 -0.1459573984260394 1.027347556901189 213 172 115 0.46
10722 0.06586345871737964 -0.1287378976904849 1.004018644217493 150 118 73 0.79
10723 0.1450621692925969 -0.07646002732931159 1.061766129072466 154 114 69 0.67
10724 0.04738166852848202 -0.08848783075068942 0.9729448234012422 195 157 112 0.39
10725 0.1018931317169813 -0.08325180371672017 1.02151307155069 194 148 99 0.27
10726 0.213071638683389 0.05317596676098538 0.9253922172638203 202 155 106 0.21
10727 0.4804206396117517 0.1490612093820254 0.6083656034955019 92 77 53 0.45
10728 0.5331771307958425 0.1607430278328192 0.5186104213983462 215 152 103 0.69
10729 0.05294270666683087 -0.1722199927839093 1.027313434563033 191 147 94 0.14
10730 0.0560421880106553 -0.1519260818853194 1.015921639619767 154 121 78 0.28
10731 0.0527248812613631 -0.1334079048213529 1.005233486023808 123 91 55 0.14
10732 0.06004373485144965 -0.09013670459561277 0.99242605293153 213 171 117 0.18
10733 0.5170429286975219 0.100785095386067 0.5112101500003249 125 93 67 0.5
10734 0.5264855956209857 0.1563686111179094 0.5142775906511959 118 58 21 0.32
10735 0.2217360472418381 0.1473382210021782 0.9078755132115026 139 93 48 0.27
10736 0.1259998749446193 -0.1229884699597085 1.061329006059106 121 88 57 0.36
10737 0.0577946241649967 -0.1144633030578985 1.000113152142271 180 136 86 0.51
10738 0.5169084445683941 0.1030175758769972 0.5145534948399566 138 95 62 0.44
10739 0.1260657878779816 0.008125078288349658 0.8583514919222874 145 108 69 0.43
10740 0.5445644292015195 0.1221487959898045 0.5202971967284152 72 52 40 0.17
10741 0.5441001307004717 0.1159883321872074 0.5300164472836911 190 127 61 0.61
10742 0.2828134825245825 0.1132119214433405 0.9069240352968507 88 57 40 0.29
10743 0.4953230115462448 0.1682530240803387 0.4362744604760435 57 46 36 0.19
10744 0.1236539137299411 -0.1435126720591551 1.083335584341102 108 73 42 0.51
10745 0.06526698378690721 -0.1490923574893395 1.021608632481733 122 85 47 0.23
10746 0.08657683004606642 -0.2196691649978914 1.099776207218991 226 182 140 0.29
10747 0.5424625243328564 0.1063197163907861 0.5296011303286552 216 149 80 0.42
10748 0.5025925200608957 0.172983554928291 0.4908612579447869 65 55 38 0.32
10749 0.4370173770550477 0.1805630638499513 0.653200135089864 81 53 29 0.51
10750 0.1905085650224409 0.04916195651292934 0.9017842437517323 102 50 27 0.69
10751 0.5340604194376373 0.1560367167674749 0.5184982031076243 84 48 27 0.85
10752 0.181543909432494 0.1094056611335734 0.8811628939789273 137 76 26 0.16
10753 0.1844269275699106 0.1192078114940801 1.025335142951082 193 125 67 0.77
10754 0.5198115226366828 0.1152698927907163 0.5713157206268072 126 89 51 0.4
10755 0.1494212714991577 0.04032019548966362 0.8679502209626795 150 123 87 0.44
10756 0.1597678944325659 0.0570189773506658 0.8702246960627049 117 91 75 0.81
10757 0.1084668070109782 -0.2207051599266809 1.113207765681799 86 63 52 0.49
10758 0.1293543683739553 -0.1319761560704736 1.078513982904539 124 97 68 0.22
10759 0.0576748792672177 -0.148964016220627 1.018514717548256 175 142 101 0.56
10760 0.4269440698896458 0.1641626876969318 0.679212942675827 101 74 47 0.6
10761 0.5030081666954318 0.1659761573156674 0.4252343968413097 58 41 34 0.29
10762 0.05020524032895002 -0.2028048935831837 1.039530339997807 197 150 109 0.13
10763 0.2195196241060176 0.04513905298881482 0.9221165781406124 219 140 62 0.85
10764 0.08287405844569595 -0.230126299032778 1.080877871263597 116 88 67 1.09
10765 0.1194754819675279 0.01044561793058724 0.8594119007119192 215 166 101 0.16
10766 0.06398999021654617 -0.2028728827649411 1.044377678271164 140 93 62 0.47
10767 0.07493992190094523 -0.1113165753258336 1.010506850345257 156 120 70 0.47
10768 0.08327729581407595 -0.1784480914419217 1.052485152608416 125 105 78 0.63
10769 0.1226379518995567 -0.1605236551078868 1.07982045072801 103 75 58 0.17
10770 0.08026294189068306 -0.137820483336906 1.027769263908243 154 123 92 0.08
10771 0.07080000760129312 -0.1213374790694699 1.012108508857398 166 138 105 0.29
10772 0.08529981733444325 -0.1636389824032248 1.044474584591867 170 136 88 0.36
10773 0.1072190478909613 -0.1585437367454944 1.060067886387166 144 97 53 0.3
10774 0.05093207398057165 -0.1339912717644217 1.00237967012558 211 168 93 0.59
10775 0.1325507145268333 -0.07178317830353345 1.049661077319942 158 121 79 0.17
10776 0.1046738358381569 -0.1018587133560497 1.03612198972404 180 143 99 0.18
10777 0.1447493076373763 -0.09715990389985665 1.068258175843572 222 187 135 0.23
10778 0.08220581730874932 -0.1078620276035941 1.013707260005247 142 101 57 0.5
10779 0.3738608505815051 0.1732919745390691 0.7514205526223786 44 28 19 0.34
10780 0.3037414276167604 0.1955002215494777 0.8496901913091193 82 63 50 0.26
10781 0.05314134038976492 -0.2126455379791636 1.050117841667351 77 57 40 0.65
10782 0.092773418158832 -0.1043702935157301 1.021933062365291 83 52 33 0.16
10783 0.1900844362956554 0.05475814597064738 0.9077684054966281 129 81 59 0.22
10784 0.2058664512516759 0.1085465361657446 0.9139297190575342 132 81 51 0.33
10785 0.540832164491599 0.1509313142454234 0.528450855771036 175 127 82 0.12
10786 0.5130613815342068 0.142940308179432 0.4599175321009147 83 48 26 0.84
10787 0.5314381333719069 0.1729373084838887 0.5150039887885713 104 62 45 0.19
10788 0.05070106014441034 -0.1891152782352171 1.038377179862363 78 52 33 0.69
10789 0.5192971743398505 0.1557300520469326 0.5086612076959891 93 59 43 0.42
10790 0.3829787366354525 0.197010970580188 0.7273259689819067 94 71 47 0.82
10791 0.04202446092388545 -0.1771735116373808 1.024221657195107 130 101 90 0.8
10792 0.1762194664664156 0.01988208197904726 0.9050934146972398 100 70 51 0.2
10793 0.4969693697158225 0.1487261296884638 0.4823784501634039 69 47 34 0.34
10794 0.5191397218241697 0.1181041730829467 0.4814650739852479 130 91 38 0.52
10795 0.496424021561976 0.1522451423662307 0.4810755643487524 71 51 36 0.35
10796 0.5110464613864978 0.1715436957662027 0.4980117246862475 99 65 38 0.58
10797 0.4416248742543647 0.228011749778552 0.6480761140166397 124 93 67 0.09
10798 0.5382191815224846 0.0936455487261314 0.5518848825416955 166 114 81 0.39
10799 0.5118565165393112 0.1141576162581481 0.4550410824500188 115 88 65 0.46
10800 0.5087737100770315 0.1282236459210804 0.5032552312150286 55 29 21 0.36
10801 0.5292470686902441 0.1768771532505081 0.5119684253299852 59 29 20 0.38
10802 0.5152674627701448 0.1851748207074016 0.4976944001791731 87 57 41 0.57
10803 0.5260352564341997 0.09683930647446262 0.5682034172515957 87 56 45 0.77
10804 0.4427415426463164 0.1542835113508177 0.6627236901000119 135 95 54 0.64
10805 0.2075393316379385 0.1385088254175424 1.002203879086307 102 71 49 0.86
10806 0.5502973355060221 0.2197926305052187 0.518516647879022 163 156 95 0.39
10807 0.09467548449493535 -0.2615302678592075 1.131124000575703 143 119 94 0.84
10808 0.4778408466988026 0.1711247683093331 0.6024336691146996 122 96 68 0.31
10809 0.1114190601966371 -0.05959270175773698 1.015442626044551 95 59 36 0.51
10810 0.5147886581024955 0.1712800380142529 0.5579899832577647 125 80 52 0.14
10811 0.1760134405710189 0.04926564978246339 0.8951899633614471 85 51 33 0.48
10812 0.197495242777077 0.07702463448226493 0.9126835564837106 104 62 42 0.36
10813 0.1695839577657703 0.05544029751597157 0.8913102617719675 148 97 63 0.45
10814 0.08221199725994566 -0.1087259674175451 1.01642632258212 84 58 45 0.2
10815 0.1427895359456778 -0.009992694184432882 1.016011426880028 118 80 56 0.72
10816 0.4459142766145798 0.1018079321768488 0.354562280299676 104 104 95 0.75
10817 0.517627543623062 0.1369850709296001 0.4664613282557606 80 47 19 0.62
10818 0.4998452729542779 0.1404700871478424 0.4894025616749616 37 21 12 0.58
10819 0.4973529488272365 0.1788642603730416 0.4388475921164193 54 42 42 1.18
10820 0.488563739401493 0.1432869396969597 0.6007290976680592 64 45 32 0.17
10821 0.5114886661541741 0.1662037579541755 0.463595210265004 50 34 27 0.95
10822 0.4807748620048924 0.2346596473496123 0.6071423826481599 163 150 126 1.2
10823 0.5143809879646315 0.1301174595106013 0.460593243614814 56 31 15 0.6
10824 0.501506013743104 0.1604376672447093 0.4935882541108523 98 66 50 0.18
10825 0.5193114661496555 0.1194084726988899 0.4850864571185023 84 59 44 0.93
10826 0.5201782933293214 0.1329441807107581 0.4649628289422833 96 54 24 0.98
10827 0.5152956420900621 0.1343668672888063 0.4659426312965387 75 48 35 0.5
10828 0.2188514489660814 0.03887104136053668 0.9345860588985875 121 76 52 0.21
10829 0.1866841074127759 0.05415521324625672 0.9051796725235544 115 56 32 0.16
10830 0.2052259764268153 0.07880545452510956 0.9112947833767175 106 67 41 0.03
10831 0.3615162773789793 0.1747957680710291 0.7727128720786923 125 102 68 0.59
10832 0.06823174499543527 -0.0926981016689418 0.9948635687277467 74 39 26 0.53
10833 0.1862798947958837 0.09527184529810442 0.8991642506603437 130 67 42 0.18
10834 0.1040957336998334 -0.07293674329686536 0.9975228252425654 95 60 41 0.46
10835 0.1977859402661912 0.08970399870920967 0.9100284927252041 110 55 31 0.22
10836 0.4665873339606574 0.219403311209594 0.6159824805574703 129 95 67 0.15
10837 0.3770221355910562 0.2064385268392794 0.7309156250611623 94 67 43 0.2
10838 0.4369585866139132 0.2232100581512844 0.6523876745560412 135 116 98 0.21
10839 0.513182681291027 0.2266238144793346 0.5678612177585934 143 117 93 0.15
10840 0.4797109475564019 0.2330800594738074 0.6124701668961806 167 143 106 0.2
10841 0.2227664918767008 0.09114965802647512 0.9171400918799579 119 76 48 0.66
10842 0.4424213869334289 0.1974525786395374 0.6446519120939672 140 102 69 0.37
10843 0.1014485935190681 -0.09345328664853073 1.02008841983477 121 93 71 0.04
10844 0.5234047950368643 0.1362414809224566 0.5142069194506951 112 72 54 0.12
10845 0.5167163999958543 0.1167439473010805 0.4416204408422082 142 109 76 0.73
10846 0.5155190742772999 0.1322358532477053 0.4602560857214287 74 40 22 0.38
10847 0.5123683202382812 0.1350452609585445 0.459605559379479 58 30 15 0.78
10848 0.5328219572450732 0.1077118231848574 0.5550371294333417 168 118 50 0.59
10849 0.5458967568961088 0.1344810533482403 0.5278130820925779 86 74 62 0.32
10850 0.5412361324284378 0.1381522980537947 0.5260288092640744 66 41 34 0.16
10851 0.5287282145881023 0.1112510598711049 0.5609516124572418 159 113 75 0.42
10852 0.470698291220065 0.07799790882402757 0.486732889698099 179 134 90 0.46
10853 0.5324818825190146 0.09616674536521963 0.5599658866232405 165 110 63 0.41
10854 0.5170296048209986 0.1138581891166309 0.5014314765527389 184 117 68 0.94
10855 0.5197619347646832 0.1189388753538916 0.4391470057386831 169 128 96 0.78
10856 0.4857774393883303 0.2097225889042093 0.5836718493052472 38 25 13 0.76
10857 0.05066476386660301 -0.1291755796217278 1.003341409172712 126 80 52 1.08
10858 0.5211686829018075 0.09925559750172407 0.4222065497141371 81 61 48 0.2
10859 0.514451794031161 0.1558969514866303 0.3756469804265257 67 53 44 0.81
10860 0.5189871947360591 0.1846488405230494 0.500294993554449 82 53 38 0.52
10861 0.5229876493473998 0.1218153092295827 0.414517234378711 85 48 22 1.04
10862 0.5249795294511418 0.1099105899574206 0.5658048953605822 184 116 53 0.29
10863 0.5155166307860788 0.1796097365439597 0.5530262218627497 146 85 44 0.24
10864 0.514357774498606 0.148610287085237 0.3746553047171898 81 60 45 0.78
10865 0.5393645072047276 0.1109833015377548 0.5437804173680213 137 83 39 0.64
10866 0.5290028990140877 0.1846667997076921 0.5060847742392467 122 78 49 0.61
10867 0.5444194252597201 0.1428508152450027 0.5278333670458099 75 59 50 0.13
10868 0.5382755340897331 0.1189482763682685 0.4186217863455415 100 87 69 0.92
10869 0.0572657097580711 -0.2002783875859871 1.043947511892235 121 102 85 0.44
10870 0.05180556109979906 -0.1618089811502729 1.022520200871556 104 74 54 0.21
10871 0.1320890531050219 0.03828361106426242 0.8640735360561209 93 53 35 0.07
10872 0.1637881990658728 0.1166245290702246 1.082941450686302 92 55 37 0.28
