{
    "merging_metrics": {
        "merge_success": 1.0,
        "merge_child_count": 0.0,
        "child_camera_counts": {
            "summary": {
                "min": null,
                "max": null,
                "median": null,
                "mean": null,
                "stddev": null
            },
            "full_data": []
        },
        "child_camera_overlap_with_parent": {
            "summary": {
                "min": null,
                "max": null,
                "median": null,
                "mean": null,
                "stddev": null
            },
            "full_data": []
        },
        "number_images_merged": 236.0,
        "number_cameras_merged": 68.0,
        "number_tracks_merged": 1419.0,
        "3d_track_lengths_merged": {
            "summary": {
                "min": 3,
                "max": 35,
                "median": 5.0,
                "mean": 7.274841437632135,
                "stddev": 5.536019019261341,
                "len": 1419,
                "invalid": 0,
                "histogram": {
                    "3": 218,
                    "4": 144,
                    "5": 114,
                    "6": 99,
                    "7": 72,
                    "8": 54,
                    "9": 42,
                    "10": 47,
                    "11": 35,
                    "12": 34,
                    "13": 23,
                    "14": 18,
                    "15": 16,
                    "16": 13,
                    "17": 15,
                    "18": 9,
                    "19": 13,
                    "20": 12,
                    "21": 13,
                    "22": 5,
                    "23": 4,
                    "24": 4,
                    "25": 4,
                    "26": 3,
                    "27": 4,
                    "28": 3,
                    "29": 1,
                    "30": 5,
                    "31": 2,
                    "32": 1,
                    "33": 0,
                    "34": 1
                }
            }
        },
        "reprojection_errors_merged_px": {
            "summary": {
                "min": 0.003193314781494178,
                "max": 2.8045825702889147,
                "median": 0.34721070972846857,
                "mean": 0.42431279931003835,
                "stddev": 0.3180733555693939,
                "len": 10323,
                "invalid": 0,
                "quartiles": {
                    "q0": 0.003193314781494178,
                    "q1": 0.204746704381504,
                    "q2": 0.34721070972846857,
                    "q3": 0.5507991093292741,
                    "q4": 2.8045825702889147
                }
            }
        },
        "rotation_angle_error_deg": {
            "summary": {
                "min": 0.14399026334285736,
                "max": 2.40402889251709,
                "median": 0.5099953413009644,
                "mean": 0.6117842793464661,
                "stddev": 0.41619187593460083,
                "len": 68,
                "invalid": 0,
                "quartiles": {
                    "q0": 0.14399026334285736,
                    "q1": 0.361183226108551,
                    "q2": 0.509995311498642,
                    "q3": 0.6843049675226212,
                    "q4": 2.40402889251709
                }
            }
        },
        "translation_error_distance": {
            "summary": {
                "min": 0.014453893527388573,
                "max": 0.4790114164352417,
                "median": 0.12703338265419006,
                "mean": 0.13975654542446136,
                "stddev": 0.09382237493991852,
                "len": 68,
                "invalid": 0,
                "quartiles": {
                    "q0": 0.014453893527388573,
                    "q1": 0.07187321968376637,
                    "q2": 0.12703338265419006,
                    "q3": 0.1899837926030159,
                    "q4": 0.4790114164352417
                }
            }
        },
        "relative_translation_angle_error_deg": {
            "summary": {
                "min": 0.04791482537984848,
                "max": 86.34769439697266,
                "median": 2.722418785095215,
                "mean": 3.9764511585235596,
                "stddev": 5.398801803588867,
                "len": 2278,
                "invalid": 0,
                "quartiles": {
                    "q0": 0.04791482537984848,
                    "q1": 1.53223317861557,
                    "q2": 2.722418785095215,
                    "q3": 4.554595708847046,
                    "q4": 86.34769439697266
                }
            }
        },
        "translation_angle_error_deg": {
            "summary": {
                "min": 0.13608881831169128,
                "max": 5.590065002441406,
                "median": 0.9798650741577148,
                "mean": 1.3000426292419434,
                "stddev": 1.1387234926223755,
                "len": 68,
                "invalid": 0,
                "quartiles": {
                    "q0": 0.13608881831169128,
                    "q1": 0.4352947771549225,
                    "q2": 0.9798650741577148,
                    "q3": 1.8478003442287445,
                    "q4": 5.590065002441406
                }
            }
        },
        "relative_rotation_angle_error_deg": {
            "summary": {
                "min": 0.013551496900618076,
                "max": 3.7729275226593018,
                "median": 0.7632912993431091,
                "mean": 0.8789976835250854,
                "stddev": 0.5739333629608154,
                "len": 2278,
                "invalid": 0,
                "quartiles": {
                    "q0": 0.013551496900618076,
                    "q1": 0.46668591350317,
                    "q2": 0.7632912993431091,
                    "q3": 1.141493022441864,
                    "q4": 3.7729275226593018
                }
            }
        },
        "pose_auc_@1.0_deg": 0.03,
        "pose_auc_@2.5_deg": 0.1884,
        "pose_auc_@3.0_deg": 0.2408,
        "pose_auc_@5.0_deg": 0.4195,
        "pose_auc_@10.0_deg": 0.6539,
        "pose_auc_@20.0_deg": 0.8121,
        "pose_auc_constructed_only_@1.0_deg": 0.03,
        "pose_auc_constructed_only_@2.5_deg": 0.1884,
        "pose_auc_constructed_only_@3.0_deg": 0.2408,
        "pose_auc_constructed_only_@5.0_deg": 0.4195,
        "pose_auc_constructed_only_@10.0_deg": 0.6539,
        "pose_auc_constructed_only_@20.0_deg": 0.8121,
        "focal_length_error_px": {
            "summary": {
                "min": 0.0,
                "max": 999.46826171875,
                "median": 190.74581909179688,
                "mean": 261.7441101074219,
                "stddev": 191.0521697998047,
                "len": 68,
                "invalid": 0,
                "quartiles": {
                    "q0": 0.0,
                    "q1": 135.67755508422852,
                    "q2": 190.74581146240234,
                    "q3": 414.8428421020508,
                    "q4": 999.46826171875
                }
            },