{
    "merging_metrics": {
        "merge_success": 1.0,
        "merge_child_count": 0.0,
        "child_camera_counts": {
            "summary": {
                "min": null,
                "max": null,
                "median": null,
                "mean": null,
                "stddev": null
            },
            "full_data": []
        },
        "child_camera_overlap_with_parent": {
            "summary": {
                "min": null,
                "max": null,
                "median": null,
                "mean": null,
                "stddev": null
            },
            "full_data": []
        },
        "number_images_merged": 236.0,
        "number_cameras_merged": 70.0,
        "number_tracks_merged": 7393.0,
        "3d_track_lengths_merged": {
            "summary": {
                "min": 2,
                "max": 37,
                "median": 5.0,
                "mean": 6.84945218449885,
                "stddev": 5.4544514124880275,
                "len": 7393,
                "invalid": 0,
                "histogram": {
                    "2": 2426,
                    "3": 1198,
                    "4": 739,
                    "5": 516,
                    "6": 421,
                    "7": 317,
                    "8": 264,
                    "9": 213,
                    "10": 186,
                    "11": 160,
                    "12": 124,
                    "13": 103,
                    "14": 101,
                    "15": 78,
                    "16": 74,
                    "17": 66,
                    "18": 64,
                    "19": 46,
                    "20": 49,
                    "21": 37,
                    "22": 41,
                    "23": 26,
                    "24": 28,
                    "25": 25,
                    "26": 17,
                    "27": 11,
                    "28": 12,
                    "29": 17,
                    "30": 9,
                    "31": 4,
                    "32": 5,
                    "33": 2,
                    "34": 6,
                    "35": 3,
                    "36": 2
                }
            }
        },
        "reprojection_errors_merged_px": {
            "summary": {
                "min": 0.0016516389460102727,
                "max": 2.991264517260396,
                "median": 0.33528625633990566,
                "mean": 0.4185017917246662,
                "stddev": 0.3330562499025156,
                "len": 50638,
                "invalid": 0,
                "quartiles": {
                    "q0": 0.0016516389460102727,
                    "q1": 0.1981206781366387,
                    "q2": 0.33528625633990566,
                    "q3": 0.5360950077079962,
                    "q4": 2.991264517260396
                }
            }
        },
        "rotation_angle_error_deg": {
            "summary": {
                "min": 0.026864299550652504,
                "max": 2.006965398788452,
                "median": 0.2631429433822632,
                "mean": 0.35371193289756775,
                "stddev": 0.3207709789276123,
                "len": 70,
                "invalid": 0,
                "quartiles": {
                    "q0": 0.026864299550652504,
                    "q1": 0.15931595116853714,
                    "q2": 0.263142928481102,
                    "q3": 0.4611330181360245,
                    "q4": 2.006965398788452
                }
            }
        },
        "translation_error_distance": {
            "summary": {
                "min": 0.01343577541410923,
                "max": 0.9598662853240967,
                "median": 0.08018684387207031,
                "mean": 0.15062817931175232,
                "stddev": 0.17142713069915771,
                "len": 70,
                "invalid": 0,
                "quartiles": {
                    "q0": 0.01343577541410923,
                    "q1": 0.04726423602551222,
                    "q2": 0.08018684014678001,
                    "q3": 0.20414949208498,
                    "q4": 0.9598662853240967
                }
            }
        },
        "relative_translation_angle_error_deg": {
            "summary": {
                "min": 0.04465716704726219,
                "max": 111.84492492675781,
                "median": 1.6256003379821777,
                "mean": 2.931128978729248,
                "stddev": 5.462743282318115,
                "len": 2415,
                "invalid": 0,
                "quartiles": {
                    "q0": 0.04465716704726219,
                    "q1": 0.7872839868068695,
                    "q2": 1.6256003379821777,
                    "q3": 3.4212526082992554,
                    "q4": 111.84492492675781
                }
            }
        },
        "translation_angle_error_deg": {
            "summary": {
                "min": 0.09825149178504944,
                "max": 11.809019088745117,
                "median": 0.803581953048706,
                "mean": 1.3185762166976929,
                "stddev": 1.9130195379257202,
                "len": 70,
                "invalid": 0,
                "quartiles": {
                    "q0": 0.09825149178504944,
                    "q1": 0.42634571343660355,
                    "q2": 0.803581953048706,
                    "q3": 1.394639790058136,
                    "q4": 11.809019088745117
                }
            }
        },
        "relative_rotation_angle_error_deg": {
            "summary": {
                "min": 0.015486123040318489,
                "max": 3.4262943267822266,
                "median": 0.4363776743412018,
                "mean": 0.5353395342826843,
                "stddev": 0.4155776798725128,
                "len": 2415,
                "invalid": 0,
                "quartiles": {
                    "q0": 0.015486123040318489,
                    "q1": 0.2579448074102402,
                    "q2": 0.4363776743412018,
                    "q3": 0.6614777743816376,
                    "q4": 3.4262943267822266
                }
            }
        },
        "pose_auc_@1.0_deg": 0.1252,
        "pose_auc_@2.5_deg": 0.3559,
        "pose_auc_@3.0_deg": 0.4091,
        "pose_auc_@5.0_deg": 0.5637,
        "pose_auc_@10.0_deg": 0.7473,
        "pose_auc_@20.0_deg": 0.8644,
        "pose_auc_constructed_only_@1.0_deg": 0.1252,
        "pose_auc_constructed_only_@2.5_deg": 0.3559,
        "pose_auc_constructed_only_@3.0_deg": 0.4091,
        "pose_auc_constructed_only_@5.0_deg": 0.5637,
        "pose_auc_constructed_only_@10.0_deg": 0.7473,
        "pose_auc_constructed_only_@20.0_deg": 0.8644,
        "focal_length_error_px": {
            "summary": {
                "min": 0.0,
                "max": 1121.5960693359375,
                "median": 207.28631591796875,
                "mean": 299.4024353027344,
                "stddev": 210.8291015625,
                "len": 70,
                "invalid": 0,
                "quartiles": {
                    "q0": 0.0,
                    "q1": 163.2143440246582,
                    "q2": 207.28631591796875,
                    "q3": 435.5607604980469,
                    "q4": 1121.5960693359375
                }
            },