{
    "merging_metrics": {
        "merge_success": 1.0,
        "merge_child_count": 0.0,
        "child_camera_counts": {
            "summary": {
                "min": null,
                "max": null,
                "median": null,
                "mean": null,
                "stddev": null
            },
            "full_data": []
        },
        "child_camera_overlap_with_parent": {
            "summary": {
                "min": null,
                "max": null,
                "median": null,
                "mean": null,
                "stddev": null
            },
            "full_data": []
        },
        "number_images_merged": 236.0,
        "number_cameras_merged": 19.0,
        "number_tracks_merged": 117.0,
        "3d_track_lengths_merged": {
            "summary": {
                "min": 3,
                "max": 9,
                "median": 3.0,
                "mean": 4.0256410256410255,
                "stddev": 1.434981392782895,
                "len": 117,
                "invalid": 0,
                "histogram": {
                    "3": 28,
                    "4": 11,
                    "5": 9,
                    "6": 4,
                    "7": 3,
                    "8": 2
                }
            }
        },
        "reprojection_errors_merged_px": {
            "summary": {
                "min": 0.0009751664871454411,
                "max": 2.7349958761586373,
                "median": 0.2395720855884636,
                "mean": 0.306674899769291,
                "stddev": 0.26723655104069965,
                "len": 471,
                "invalid": 0,
                "quartiles": {
                    "q0": 0.0009751664871454411,
                    "q1": 0.1302304832264788,
                    "q2": 0.2395720855884636,
                    "q3": 0.397091784201394,
                    "q4": 2.7349958761586373
                }
            }
        },
        "rotation_angle_error_deg": {
            "summary": {
                "min": 0.13413062691688538,
                "max": 3.855487585067749,
                "median": 0.44084614515304565,
                "mean": 0.8554012775421143,
                "stddev": 0.9910112023353577,
                "len": 19,
                "invalid": 0,
                "quartiles": {
                    "q0": 0.13413062691688538,
                    "q1": 0.35963262617588043,
                    "q2": 0.44084614515304565,
                    "q3": 0.8729609251022339,
                    "q4": 3.855487585067749
                }
            }
        },
        "translation_error_distance": {
            "summary": {
                "min": 0.024201728403568268,
                "max": 0.7588879466056824,
                "median": 0.11742652952671051,
                "mean": 0.15658095479011536,
                "stddev": 0.17006514966487885,
                "len": 19,
                "invalid": 0,
                "quartiles": {
                    "q0": 0.024201728403568268,
                    "q1": 0.056265367195010185,
                    "q2": 0.11742652952671051,
                    "q3": 0.16327112168073654,
                    "q4": 0.7588879466056824
                }
            }
        },
        "relative_translation_angle_error_deg": {
            "summary": {
                "min": 0.19108012318611145,
                "max": 56.63005447387695,
                "median": 3.7419397830963135,
                "mean": 7.405645370483398,
                "stddev": 9.964345932006836,
                "len": 171,
                "invalid": 0,
                "quartiles": {
                    "q0": 0.19108012318611145,
                    "q1": 1.7448090314865112,
                    "q2": 3.7419397830963135,
                    "q3": 8.828111171722412,
                    "q4": 56.63005447387695
                }
            }
        },
        "translation_angle_error_deg": {
            "summary": {
                "min": 0.15295761823654175,
                "max": 7.525180339813232,
                "median": 0.7986457943916321,
                "mean": 1.4453541040420532,
                "stddev": 2.108755350112915,
                "len": 19,
                "invalid": 0,
                "quartiles": {
                    "q0": 0.15295761823654175,
                    "q1": 0.29089734703302383,
                    "q2": 0.7986457943916321,
                    "q3": 1.2099981904029846,
                    "q4": 7.525180339813232
                }
            }
        },
        "relative_rotation_angle_error_deg": {
            "summary": {
                "min": 0.07949572801589966,
                "max": 4.781396865844727,
                "median": 0.7887631058692932,
                "mean": 1.3074822425842285,
                "stddev": 1.1832307577133179,
                "len": 171,
                "invalid": 0,
                "quartiles": {
                    "q0": 0.07949572801589966,
                    "q1": 0.4681525230407715,
                    "q2": 0.7887631058692932,
                    "q3": 1.6093910932540894,
                    "q4": 4.781396865844727
                }
            }
        },
        "pose_auc_@1.0_deg": 0.0208,
        "pose_auc_@2.5_deg": 0.1397,
        "pose_auc_@3.0_deg": 0.1773,
        "pose_auc_@5.0_deg": 0.3219,
        "pose_auc_@10.0_deg": 0.5202,
        "pose_auc_@20.0_deg": 0.6887,
        "pose_auc_constructed_only_@1.0_deg": 0.0208,
        "pose_auc_constructed_only_@2.5_deg": 0.1397,
        "pose_auc_constructed_only_@3.0_deg": 0.1773,
        "pose_auc_constructed_only_@5.0_deg": 0.3219,
        "pose_auc_constructed_only_@10.0_deg": 0.5202,
        "pose_auc_constructed_only_@20.0_deg": 0.6887,
        "focal_length_error_px": {
            "summary": {
                "min": 76.65792846679688,
                "max": 552.3070068359375,
                "median": 196.67356872558594,
                "mean": 288.0614318847656,
                "stddev": 183.67172241210938,
                "len": 19,
                "invalid": 0,
                "quartiles": {
                    "q0": 76.65792846679688,
                    "q1": 110.88993072509766,
                    "q2": 196.67356872558594,
                    "q3": 480.005126953125,
                    "q4": 552.3070068359375
                }
            },
            "full_data": [
                487.19219970703125,
                458.8208312988281,
                120.49358367919922,
                196.67356872558594,
                260.07373046875,
                167.79391479492188,
                163.51512145996094,
                472.81805419921875,
                552.3070068359375,
                548.4850463867188,
                401.0135803222656,
                101.2862777709961,
                76.65792846679688,
                518.8931274414062,
                163.41766357421875,
                93.59349822998047,
                89.91002655029297,
                517.667236328125,
                82.55448150634766
            ]
        },
        "focal_length_error_pct": {
            "summary": {
                "min": 6.124794960021973,
                "max": 44.99079895019531,
                "median": 15.958581924438477,
                "mean": 23.62993812561035,
                "stddev": 14.12187385559082,
                "len": 19,
                "invalid": 0,
                "quartiles": {
                    "q0": 6.124794960021973,
                    "q1": 12.483036041259766,
                    "q2": 15.958581924438477,
                    "q3": 37.63240432739258,
                    "q4": 44.99079895019531
                }
            },