# 3D point list with one line of data per point:
#   POINT3D_ID, X, Y, Z, R, G, B, ERROR, TRACK[] as (IMAGE_ID, POINT2D_IDX)
# Number of points: 1074, mean track length: 3.13
1 -0.05735523887122326 -0.1741753589140729 1.206843828719382 115 68 40 0.32 187 1 389 1 519 1
2 -0.03391946840269433 -0.1097191040453152 1.224392337388961 93 51 30 0.4 187 2 389 2 519 2
3 -0.08449319247122752 -0.05978596338230413 1.203076360605936 93 60 39 0.25 187 3 389 3 519 3
4 -0.08871554838478411 -0.06019097406227281 1.200716354181738 93 58 39 0.15 187 4 389 4 519 4
5 -0.02168545022906554 0.01440287870158335 1.241883865601217 199 149 95 0.38 35 0 107 0 389 5
6 -0.02295141080932677 0.01271031633521147 1.241356904627843 93 50 19 0.38 35 1 107 1 389 6
7 -0.02295141080932677 0.01271031633521147 1.241356904627843 93 50 19 0.38 35 2 107 2 389 7
8 -0.04754980245954751 0.03444831483457861 1.228006363423888 82 44 20 0.39 35 3 107 3 389 8
9 -0.1559988516331563 -0.04992552415796814 1.156460487442025 102 89 80 0.11 187 5 389 9 519 5
10 0.04474735873653823 0.01317667306594278 1.169977840704742 138 89 55 0.34 187 6 389 10 519 6
11 0.04187955227238696 0.01530122564746772 1.174846070940903 152 104 60 0.47 107 4 187 7 389 11 519 7
12 -0.01560657654904109 0.05136579183247181 1.234843197882064 127 87 52 0.45 35 4 187 8 389 12
13 -0.01794008715777795 0.05372369093804791 1.238239048897371 88 50 23 0.27 35 5 107 5 187 9 389 13
14 -0.04314227512352873 0.03959512110890706 1.230387683823842 203 152 98 0.29 35 6 107 6 389 14
15 -0.1558044515089241 -0.01343452567081715 1.166683075378223 147 87 45 0.26 187 10 389 15 519 8
16 -0.005866128091791791 0.06975134906761643 1.224936668849684 77 43 22 0.3 35 7 187 11 389 16 519 9
17 -0.005747035352863286 0.06950247787652847 1.224611055858595 70 32 13 0.18 107 7 187 12 389 17
18 -0.01458728536318765 0.07013443930207075 1.230002061526578 109 61 28 0.37 35 8 107 8 187 13 390 0 519 10
19 -0.01812059836705939 0.07263125345993937 1.234427003762401 87 44 18 0.31 35 9 107 9 187 14 389 18
20 -0.021686011980353 0.07225103876059047 1.238925278217768 184 125 75 0.21 35 10 107 10 187 15 390 1
21 -0.03273825060103966 0.06605674739398459 1.228216074321416 110 64 34 1.04 35 11 187 16 390 2
22 -0.04238796078807731 0.07165795291715904 1.230250207819037 188 139 88 0.41 35 12 107 11 389 19 519 11
23 -0.1649171639784408 0.01214940368137624 1.157275930800008 113 67 40 0.12 187 17 389 20 519 12
24 -0.1758307774212569 -0.005417961925015258 1.146927269841341 118 104 91 0.13 187 18 389 21 519 13
25 -0.03748539459264848 0.08527501353415828 1.228281628815586 178 117 66 0.28 35 13 107 12 187 19 390 3
26 -0.03891158071689072 0.08738485875483659 1.226664381485644 162 99 54 0.18 35 14 187 20 389 22 390 4
27 -0.1872362263888659 0.0217624676589146 1.140045975504717 105 93 84 0.19 187 21 389 23 519 14
28 0.08274428477766041 0.03454669196442489 1.094576811609684 122 99 88 0.46 107 13 389 24 519 15
29 0.05486261804813339 0.08064274733297466 1.1732017246425 136 80 47 0.42 187 22 389 25 519 16
30 0.04814419403597793 0.08119493320237908 1.170470375725452 178 126 72 0.32 107 14 187 23 389 26 519 17
31 -0.03882332610119037 0.1111376243608011 1.232260343251096 57 26 10 0.39 35 15 389 27 390 5
32 -0.04344271554991723 0.1099225163223594 1.224809642935681 168 110 60 0.59 107 15 187 24 389 28 390 6
33 -0.04987799720093899 0.1085886705415864 1.225412267864491 132 82 45 0.1 35 16 389 29 390 7
34 -0.05614802146922451 0.1079769149484022 1.224010494591034 171 122 79 0.49 35 17 389 30 390 8
35 -0.1698351487101894 0.0446398486890644 1.154900884068748 94 50 26 0.18 187 25 389 31 519 18
36 -0.1741826760916275 0.04343350634404125 1.152020133796546 88 50 29 0.52 187 26 389 32 519 19
37 0.03735671153478556 0.1082492764907303 1.186941310669833 146 85 38 0.21 187 27 389 33 519 20
38 -0.1298210677980659 0.09737930133413464 1.194285794498968 169 114 58 0.23 187 28 389 34 509 0 519 21
39 -0.1932367781452243 0.0395032445420091 1.134065156795344 148 97 58 0.35 187 29 389 35 519 22
40 0.01133186789502472 0.1293893939784657 1.203369678767485 167 111 59 0.43 107 16 389 36 519 23
41 -0.04759459851033902 0.1303567287603594 1.222144709729986 175 110 61 0.72 187 30 389 37 390 9
42 -0.07169031682393467 0.1268934058933944 1.219528005020243 82 45 21 0.41 187 31 389 38 509 1 519 24
43 -0.07261674691326682 0.1236080162002788 1.222136854210015 204 141 80 0.22 107 17 187 32 389 39
44 -0.1001443372891145 0.120499065194212 1.208708087503534 118 59 19 0.13 107 18 187 33 389 40
45 0.03903959410621809 0.1221314062763754 1.179561946701685 108 59 23 0.39 107 19 187 34 389 41
46 -0.1012210841840873 0.1249789046290523 1.206558642156492 201 137 78 0.11 107 20 187 35 389 42
47 0.06437764151165531 0.1151034724259636 1.144141648257634 145 101 67 0.49 107 21 389 43 519 25
48 0.03503805682191766 0.1433376346816086 1.178512868952171 176 115 59 0.28 107 22 187 36 389 44
49 -0.02080419757756068 0.1700243672488583 1.242942927490932 52 24 8 0.17 107 23 187 37 389 45
50 -0.02300199414473814 0.1654105848589619 1.243148092794973 64 30 13 0.12 107 24 187 38 389 46
51 -0.1802398397210078 0.1052446748166625 1.151678262042401 101 57 33 0.52 187 39 389 47 519 26
52 0.01275959246315309 0.1582711256958933 1.20126397576322 74 47 28 0.56 107 25 187 40 389 48 519 27
53 -0.04129588004146444 0.1712355180687691 1.226636424571454 77 39 18 0.22 187 41 389 49 519 28
54 -0.0622129058306156 0.1631103245348117 1.21980524836925 73 37 13 0.16 107 26 187 42 389 50
55 -0.02263295894686573 0.1895447202911181 1.235063854181693 116 65 25 0.4 107 27 187 43 389 51
56 -0.03307052604946328 0.1810554968654249 1.227346441518682 80 42 18 0.34 187 44 389 52 519 29
57 -0.0325603262380128 0.1854090699165415 1.22812770237832 107 57 27 0.2 187 45 389 53 519 30
58 -0.03907662161907358 0.1863158223383871 1.22668651345087 183 91 37 0.17 107 28 187 46 389 54
59 -0.0687721483553589 0.1758747202510839 1.212925017015667 61 27 9 0.11 107 29 187 47 389 55
60 -0.07209979057535709 0.1754067667355605 1.207556741400391 97 38 12 0.37 107 30 187 48 389 56
61 -0.1091924890003518 0.1676994726537841 1.191390606029307 72 39 17 0.46 187 49 389 57 519 31
62 -0.1182911821661025 0.1580295195491481 1.18962520947363 162 101 54 0.22 107 31 187 50 389 58
63 -0.1341017051830746 0.1497366830567843 1.178322198149433 159 98 52 0.14 107 32 187 51 389 59
64 -0.05042478372197555 0.1887434193113304 1.216261769588278 79 32 9 0.21 107 33 187 52 389 60
65 -0.05279620387459442 0.1876021569634376 1.213457467816716 85 41 14 0.11 107 34 187 53 389 61
66 -0.04189894141832291 0.1363766396198868 1.225828801402259 179 114 58 0.83 187 54 389 62 519 32
67 -0.08767783220731643 0.1812545020381281 1.193820123839594 99 46 14 0.18 107 35 187 55 389 63
68 -0.08767783220731643 0.1812545020381281 1.193820123839594 99 46 14 0.18 107 36 187 56 389 64
69 -0.1117873831856705 0.1754105593507869 1.182184491062142 105 50 21 0.26 187 57 389 65 519 33
70 -0.1224740161552984 0.1671387318030105 1.1836902434621 134 73 28 0.67 107 37 187 58 389 66
71 -0.1304083046499128 0.1648488207236722 1.173054223421735 145 80 40 0.27 107 38 187 59 389 67
72 -0.1322242559819656 0.1715760336269074 1.173648258693613 145 81 41 0.48 107 39 187 60 389 68
73 -0.1382726621599852 0.1665832008450266 1.170732812157499 164 96 47 0.37 107 40 187 61 389 69
74 -0.1503231575222434 0.1574929303951466 1.166967349075791 76 44 25 0.13 187 62 389 70 519 34
75 -0.1491795806695479 0.1618622900162679 1.163003548458547 186 123 69 0.24 107 41 187 63 389 71
76 -0.1706183666642197 0.1451075156214044 1.144447596853254 87 47 26 0.16 187 64 389 72 519 35
77 -0.07591089129363988 0.2021209779162735 1.204020719097548 164 100 51 0.22 107 42 187 65 389 73
78 -0.09922201653513589 0.1935041793311291 1.191433351221701 166 112 64 0.24 107 43 187 66 389 74
79 -0.1169240817505781 0.1944812961048096 1.183313998841161 166 105 58 0.34 107 44 187 67 389 75
80 -0.1288823877419881 0.1914222894651161 1.174045058835322 150 97 55 0.37 187 68 389 76 519 36
81 -0.1324346502186005 0.1909489364268543 1.172365021165804 149 94 57 0.22 187 69 389 77 519 37
82 -0.1475764872251795 0.1862074774727043 1.161114442915913 160 100 52 0.25 107 45 187 70 389 78
83 -0.1578685218754906 0.1860986893791138 1.157584133643317 145 92 45 0.62 187 71 389 79 519 38
84 -0.1903531926844592 0.168779065941239 1.129621160552752 174 107 59 0.24 187 72 389 80 519 39
85 -0.01368582004612624 0.2384428517334996 1.21018828828141 64 31 10 0.19 187 73 389 81 519 40
86 -0.0329125461774175 0.243768140034804 1.217793186225661 136 84 50 0.08 187 74 389 82 519 41
87 -0.1634930483552959 0.2071892936072224 1.142672993862773 161 101 55 0.18 187 75 389 83 519 42
88 -0.01834628772743383 0.2458901444985353 1.213875892533913 158 95 53 0.12 187 76 389 84 519 43
89 -0.07592368967158387 0.2402750888326356 1.184658547028689 194 134 84 0.15 187 77 389 85 519 44
90 -0.08264218048607132 0.2382940223764538 1.180265098815613 155 90 43 0.62 187 78 389 86 519 45
91 -0.1611477294832895 0.2130823107996461 1.14112661439161 178 109 56 0.29 187 79 389 87 519 46
92 -0.1614615838269699 0.2199535373700749 1.140196335132766 194 124 71 0.24 187 80 389 88 519 47
93 -0.1980003117196234 0.2103033703192806 1.112533149265045 109 57 25 0.32 187 81 389 89 519 48
94 0.03607182097012991 0.2384976781406545 1.145912609152479 148 105 60 0.14 187 82 389 90 519 49
95 -0.1223532587180643 0.2388127288199781 1.157755246633695 105 69 40 0.19 187 83 389 91 519 50
96 -0.1620938232110673 0.2239880968848241 1.137498139824188 210 155 98 0.27 187 84 389 92 519 51
97 0.03624266066006196 0.243039162435271 1.143506445610952 194 144 97 0.14 187 85 389 93 519 52
98 -0.01312106799406152 0.2622369219139945 1.200594980530515 142 89 43 0.47 187 86 389 94 519 53
99 -0.01402110966820766 0.2649474039788199 1.201314086573744 163 109 62 0.09 187 87 389 95 519 54
100 -0.0412547946596291 0.2642898857244271 1.205268576036961 174 114 65 0.14 187 88 389 96 519 55
101 -0.03865879569809255 0.2727744995392152 1.205693932368249 155 102 56 0.22 187 89 389 97 519 56
102 -0.1629819154993684 0.2384153138351007 1.132415242736195 145 92 51 0.19 187 90 389 98 519 57
103 -0.03911471231011509 -0.1691929034241326 1.217672758846968 114 72 42 0.45 187 91 389 99 519 58
104 0.005838683076905301 -0.1380756479869876 1.193601847552827 149 100 61 0.14 187 92 389 100 519 59
105 -0.03067001252975014 -0.1024991974553615 1.225474899833634 180 123 73 0.28 187 93 389 101 519 60
106 -0.04144068090415801 -0.132661226780868 1.217004401674054 101 59 38 0.15 187 94 389 102 519 61
107 -0.02808066588905509 -0.1313810492768355 1.224397032104127 106 64 35 0.26 187 95 389 103 519 62
108 -0.0275160449267232 -0.06975570654660634 1.229402704716333 99 52 27 0.21 187 96 389 104 519 63
109 -0.02014554430598061 0.01325204356288961 1.242484732337899 97 58 31 0.47 35 18 107 46 389 105
110 -0.1331786886312245 -0.06545638824499289 1.169584952415392 91 57 38 0.13 187 97 389 106 519 64
111 -0.0115000859270754 0.02032764592828018 1.230065982083858 141 73 32 0.2 187 98 389 107 519 65
112 -0.01622491255531304 0.01808274231740176 1.228692370958337 110 61 29 0.89 107 47 390 10 519 66
113 -0.07762132013015029 -0.01226658479844911 1.20862328221624 85 49 29 0.12 187 99 389 108 519 67
114 -0.09117231222807935 -0.0192810207899089 1.203148780624432 109 65 34 0.15 187 100 389 109 519 68
115 -0.1309779341680776 -0.04485455877663536 1.173185924555862 94 56 34 0.14 187 101 389 110 519 69
116 -0.1522290595507469 -0.058284554945366 1.158937067164541 110 82 71 0.23 187 102 389 111 519 70
117 -0.1522290595507469 -0.058284554945366 1.158937067164541 110 82 71 0.23 187 103 389 112 519 71
118 -0.007011192178595662 0.03375553304794338 1.222462667647239 90 45 18 0.45 35 19 107 48 390 11
119 -0.04578097767372172 0.02442876450422837 1.227323479611969 100 58 27 0.31 35 20 107 49 389 113
120 -0.09594170019962618 0.01200295833005777 1.209120766568248 95 58 32 0.12 187 104 389 114 519 72
121 0.01201868408146808 0.03379784273438613 1.202529678334997 95 52 28 0.37 107 50 187 105 389 115 519 73
122 -0.02025813304867822 0.0533959576346536 1.241131417151782 194 138 82 0.27 35 21 107 51 187 106 389 116
123 -0.05129983691092695 0.0375627777555082 1.226803547136116 204 154 97 0.27 35 22 107 52 389 117
124 -0.1119333784284732 0.007742255931098785 1.200646732477983 166 102 56 0.08 187 107 389 118 519 74
125 -0.02328685950623072 0.07408796721279937 1.23667265584334 186 126 76 0.48 35 23 187 108 390 12
126 -0.09694249153429564 0.04084814597691377 1.201907010737221 137 79 37 0.12 187 109 389 119 519 75
127 0.03182276311833953 0.04022306101437284 1.178399705236182 191 129 74 0.15 107 53 187 110 389 120
128 -0.1004948380394606 0.04351391181503145 1.201048821685231 115 65 30 0.22 187 111 389 121 519 76
129 -0.1512862915979015 0.01625606968052334 1.164723751083314 150 92 50 0.2 187 112 389 122 519 77
130 -0.04131046281549294 0.0867308170614059 1.230531697933747 127 68 31 0.26 187 113 389 123 519 78
131 -0.05276219730643276 0.08361042490601478 1.225446533440423 184 121 69 0.3 35 24 389 124 390 13
132 -0.04974280529827851 0.08743735627791854 1.223687115137289 132 75 34 0.09 35 25 389 125 390 14
133 -0.04974280529827851 0.08743735627791854 1.223687115137289 132 75 34 0.09 35 26 389 126 390 15
134 -0.0554813456668891 0.08524536327931254 1.22270417431422 88 40 12 0.2 107 54 187 114 389 127 390 16
135 -0.05829864258668449 0.0828945313847621 1.22211324805849 178 123 78 0.19 35 27 389 128 390 17
136 -0.05017088365841624 0.092213879026046 1.223555532076762 178 108 52 0.28 107 55 187 115 389 129 390 18
137 -0.08766851939419738 0.08007135491733158 1.210813205121585 169 106 60 0.1 187 116 389 130 519 79
138 -0.1074003645277091 0.07510125967616194 1.202285159034261 115 62 31 0.09 187 117 389 131 519 80
139 0.07919494619410493 0.03426529583099552 1.097609004432515 126 78 48 0.36 107 56 389 132 519 81
140 -0.01742780261948778 0.1290033157106097 1.250587919656312 220 158 92 0.48 107 57 187 118 389 133
141 -0.04426375940529952 0.1096694845095835 1.226430846891192 90 46 19 0.21 107 58 187 119 389 134 390 19 519 82
142 -0.04844051256768762 0.1097937058757987 1.225232325942244 88 44 17 0.05 187 120 389 135 390 20 519 83
143 -0.0659753411748269 0.1019042924976905 1.230758927659908 208 147 86 0.16 107 59 187 121 389 136
144 -0.1047346042240542 0.07560365771971034 1.201210472789528 125 65 33 0.35 187 122 389 137 519 84
145 -0.1140814365810998 0.07877120718698405 1.200761223176426 116 65 29 0.12 187 123 389 138 519 85
146 -0.1794206706678388 0.04263651945320135 1.148705260543991 104 70 41 0.2 187 124 389 139 519 86
147 0.05219153588519759 0.08220801403156808 1.167276452038974 91 52 23 0.24 107 60 187 125 389 140
148 -0.02621204095388331 0.1338113968993965 1.241485998685981 47 17 5 0.25 107 61 187 126 389 141
149 -0.08120973119990131 0.1055246365392397 1.214910723982649 83 44 21 0.82 107 62 389 142 519 87
150 -0.07461976290396004 0.1155462943996052 1.222462014210953 209 142 79 0.14 107 63 187 127 389 143
151 -0.1143385011011468 0.09871593964615749 1.207798479846277 64 30 16 0.22 187 128 389 144 519 88
152 -0.1153860196765236 0.1003763523105625 1.205381138392461 75 35 12 0.17 107 64 187 129 389 145
153 0.05240828343502616 0.1027317060192212 1.17443063423167 49 25 11 0.3 107 65 187 130 389 146
154 0.05087276036408708 0.103914089812237 1.171419770323946 92 44 14 0.22 107 66 187 131 389 147
155 0.05290028830957452 0.1101891536952519 1.167527923593566 99 56 27 0.44 107 67 187 132 389 148 519 89
156 0.01312530243213537 0.1279769437240764 1.20274656232999 88 46 22 0.38 107 68 187 133 389 149 519 90
157 -0.01922672900913595 0.144792310753955 1.243396127609286 213 151 87 0.52 107 69 187 134 389 150
158 -0.06896527593762965 0.1281691600465383 1.219724159701721 88 48 26 0.32 107 70 187 135 389 151 519 91
159 -0.09299030744889072 0.1193046905086326 1.206466723759448 164 100 57 0.15 107 71 187 136 389 152
160 -0.1202464940697359 0.1051499044748131 1.200061713423298 121 74 33 0.34 389 153 509 2 519 92
161 -0.1295144503609186 0.1005887026563452 1.193709049296371 191 123 54 0.12 187 137 389 154 509 3
162 -0.2002475083215307 0.05641159275846341 1.132289340185268 98 91 78 0.35 187 138 389 155 519 93
163 0.04809955484957704 0.1203730727074575 1.165755299859612 88 48 24 0.48 107 72 187 139 389 156 519 94
164 0.03704369088187735 0.1240889124512417 1.181308417392805 173 111 56 0.46 107 73 187 140 389 157 519 95
165 0.03611416393168785 0.1275751752081389 1.181784344650537 120 63 27 0.5 187 141 389 158 519 96
166 -0.01789438919344574 0.164588283153669 1.25186285938739 192 129 72 0.29 107 74 187 142 389 159
167 -0.01836172316329323 0.1657415435284294 1.245181049894097 102 60 30 0.34 107 75 187 143 389 160 519 97
168 -0.1063068211835531 0.1215751095184641 1.20190476258161 177 119 75 0.21 107 76 187 144 389 161
169 -0.1533481398697222 0.1089334381430266 1.175189399819801 117 67 33 0.14 187 145 389 162 519 98
170 -0.1660483875592562 0.102485846440418 1.156630374087424 124 79 44 0.24 107 77 187 146 389 163
171 -0.0143503008508407 0.1717763599927697 1.240357496508488 138 93 55 0.12 107 78 187 147 389 164
172 -0.01635184553972083 0.1742392961519438 1.238428294926302 99 66 36 0.3 107 79 187 148 389 165
173 -0.02189809895683149 0.1733661475793638 1.238753612247359 138 92 55 0.49 107 80 187 149 389 166 519 99
174 -0.02384039090194336 0.1724765430693398 1.243124928832093 183 131 84 0.09 107 81 187 150 389 167
175 -0.04203305076772079 0.1687738226198039 1.232661659597151 166 105 60 0.12 107 82 187 151 389 168
176 -0.05439507251105485 0.1564050063318488 1.225353282195224 126 84 52 1.14 107 83 389 169 519 100
177 -0.06625262607418375 0.1587997116445569 1.216984707853614 118 66 33 0.21 187 152 389 170 519 101
178 -0.09090701419364242 0.1519813897842794 1.206793223151887 130 82 45 0.16 107 84 187 153 389 171
179 -0.1261398688318671 0.1291194934180798 1.188163342295148 139 80 39 0.46 187 154 389 172 519 102
180 -0.1379690026447387 0.1276439927132396 1.180429692697863 184 115 58 0.18 187 155 389 173 519 103
181 -0.1442908749360801 0.1269912691554785 1.178581788438708 131 78 36 0.2 107 85 187 156 389 174
182 -0.1452062245668597 0.1279454185684351 1.176799791606024 159 101 55 0.49 187 157 389 175 519 104
183 -0.1770787997962229 0.1051967294688543 1.152367188948925 90 55 28 0.13 187 158 389 176 519 105
184 0.02318768069937045 0.1556252869884678 1.185435400941564 106 63 33 0.31 107 86 187 159 389 177
185 -0.02882563819909423 0.1833283456722476 1.236301806766251 51 22 8 0.23 107 87 187 160 389 178
186 -0.04226919131390745 0.171560255306475 1.229459739580162 162 94 42 0.17 107 88 187 161 389 179
187 -0.05858857363803625 0.164678091392396 1.219479520363077 127 84 47 0.18 107 89 187 162 389 180
188 -0.06087964805537781 0.1683571623336612 1.218863953475608 187 126 77 0.11 107 90 187 163 389 181
189 -0.06087964805537781 0.1683571623336612 1.218863953475608 187 126 77 0.11 107 91 187 164 389 182
190 -0.0845269239562589 0.1613378818878248 1.208030550822454 157 109 68 0.25 107 92 187 165 389 183
191 -0.1000989774957642 0.1602080444987861 1.205066632959482 150 102 62 0.33 107 93 187 166 389 184
192 -0.1007184345413482 0.1621740617385759 1.201226973615697 174 111 60 0.3 107 94 187 167 389 185
193 0.0322681883557458 0.1631917735874885 1.171248027302682 106 61 29 0.19 187 168 389 186 519 106
194 -0.03516850467346711 0.1907978698070832 1.224731457018052 93 43 21 0.14 187 169 389 187 519 107
195 -0.03649888243312618 0.1849036204439138 1.228280514401699 140 77 32 0.18 107 95 187 170 389 188
196 -0.06737320736062029 0.1716099485328064 1.212997798096793 182 103 46 0.32 107 96 187 171 389 189
197 -0.07225195387836968 0.1705069767448452 1.209661617396991 176 101 46 0.18 107 97 187 172 389 190
198 -0.07710631100137609 0.1730822872792022 1.20886227131021 174 108 63 0.23 107 98 187 173 389 191
199 -0.1147913911295316 0.1577265453986119 1.189336699691411 132 74 38 0.26 187 174 389 192 519 108
200 -0.1134904318319033 0.1639964232462808 1.190685071853863 151 82 39 0.26 107 99 187 175 389 193
201 -0.1126391277948724 0.1639648067288144 1.187851716865465 70 39 21 0.16 187 176 389 194 519 109
202 -0.1205460859729579 0.1590782525548874 1.183075564967441 146 83 40 0.4 187 177 389 195 519 110
203 0.03060077983172079 0.1763401366634287 1.166192524666289 140 81 39 0.22 187 178 389 196 519 111
204 -0.08993967697462082 0.1807595575233141 1.192071520003277 78 33 9 0.14 107 100 187 179 389 197
205 -0.08993967697462082 0.1807595575233141 1.192071520003277 78 33 9 0.14 107 101 187 180 389 198
206 -0.08744550060859965 0.1842464132950714 1.192292883854727 96 61 32 0.5 187 181 389 199 519 112
207 -0.1016224343643914 0.1822806062901661 1.193493170542444 128 73 31 0.74 187 182 389 200 519 113
208 -0.1518486817135125 0.1558250803656424 1.166575501627343 147 80 43 0.16 187 183 389 201 519 114
209 -0.02351412344154957 0.2108045650514828 1.234195122432402 136 80 44 0.21 187 184 389 202 519 115
210 -0.06502477970919744 0.2051147986369106 1.213200560285503 135 83 43 0.29 107 102 187 185 389 203
211 -0.06881464133813817 0.2061213198572485 1.212734304165667 99 65 32 0.09 187 186 389 204 519 116
212 -0.08267266222970145 0.1900517286666161 1.195754353429928 129 71 34 0.52 187 187 389 205 519 117
213 -0.07617461728190175 0.1996748547684495 1.204766004150222 167 105 55 0.26 107 103 187 188 389 206
214 -0.09703056497609407 0.1936528601818041 1.187154718724467 131 82 44 0.3 107 104 187 189 389 207
215 -0.1329385943034706 0.172641665129077 1.168698160963839 80 46 21 0.27 107 105 187 190 389 208
216 -0.1370372593069653 0.175407809466018 1.169819296474512 112 65 30 0.19 187 191 389 209 519 118
217 -0.1388214526842969 0.1760150499785972 1.168223362350609 203 137 75 0.27 107 106 187 192 389 210
218 -0.1333044711535071 0.1776860357278294 1.167245577904292 82 47 23 0.21 107 107 187 193 389 211
219 -0.1421877814875017 0.170441304153322 1.167560759603419 217 159 102 0.25 107 108 187 194 389 212
220 -0.1479803378389118 0.1783769453131782 1.162103095915712 146 83 42 0.07 187 195 389 213 519 119
221 0.008041473337168628 0.2096504060142451 1.199233546815349 139 98 59 0.21 187 196 389 214 519 120
222 -0.05057510251208581 0.2144832685015747 1.220626060232044 115 68 33 0.49 187 197 389 215 519 121
223 -0.05057510251208581 0.2144832685015747 1.220626060232044 115 68 33 0.49 187 198 389 216 519 122
224 -0.05917174303287986 0.2161762942497047 1.214632986577812 81 51 24 0.17 187 199 389 217 519 123
225 -0.07075836949673819 0.2132043128680592 1.213885829517731 185 125 67 0.31 107 109 187 200 389 218
226 -0.09568538426324645 0.1953843314506011 1.187242230904773 53 24 12 0.38 107 110 187 201 389 219
227 -0.1244968931196162 0.1928758742002271 1.17714995149024 160 98 51 0.35 107 111 187 202 389 220
228 -0.1361803660465142 0.1899368163692852 1.169606521602815 151 94 59 0.37 187 203 389 221 519 124
229 -0.1401483932453474 0.1892900570414712 1.167639311050313 155 98 54 0.47 187 204 389 222 519 125
230 -0.1468356856556143 0.1834710426697432 1.162077604853319 159 104 60 0.24 187 205 389 223 519 126
231 -0.1493100812628643 0.1844950606633977 1.16037412972203 148 85 37 0.43 107 112 187 206 389 224
232 -0.1548276454039274 0.1861249132513548 1.158332966390708 153 99 61 0.39 187 207 389 225 519 127
233 -0.1598120736755654 0.1801316485849147 1.152990761817201 164 107 61 0.41 107 113 187 208 389 226
234 -0.03194878318349492 0.2268716140873662 1.219962283730919 180 115 59 0.08 187 209 389 227 519 128
235 -0.02627875195604781 0.2330937748469671 1.220104935278972 157 100 49 0.28 187 210 389 228 519 129
236 -0.03155393438826928 0.2441065313928487 1.215891060095902 96 52 23 0.34 187 211 389 229 519 130
237 -0.08378974348075359 0.2229345390041084 1.188452925210242 132 77 35 0.39 187 212 389 230 519 131
238 -0.07673881787328142 0.230259425329869 1.186822742864018 126 67 33 0.29 187 213 389 231 519 132
239 -0.1057741303393354 0.2190200947072864 1.178450812828023 133 78 37 0.1 187 214 389 232 519 133
240 -0.1092392662779355 0.2186293889069404 1.176970820789802 122 69 33 0.13 187 215 389 233 519 134
241 -0.1242876765232592 0.2151548838333625 1.166979411151715 103 57 28 0.12 187 216 389 234 519 135
242 -0.2131513261666112 0.1924079433038079 1.105422299825897 98 64 37 0.32 187 217 389 235 519 136
243 -0.03179272184481259 0.2454330092921524 1.21562714641366 146 93 49 0.14 187 218 389 236 519 137
244 0.05623644458238627 0.2302302712559534 1.117854518945129 152 101 57 0.21 187 219 389 237 519 138
245 0.06031577399137082 0.2323763698358326 1.111894477604433 107 68 38 0.23 187 220 389 238 519 139
246 -0.0118523595209126 0.2527941976206862 1.202256288851085 123 76 36 0.07 187 221 389 239 519 140
247 -0.1194493134044318 0.236575179351118 1.160525856585537 131 86 46 0.09 187 222 389 240 519 141
248 0.0541212482076452 0.239769394505984 1.117320040438837 101 60 29 0.19 187 223 389 241 519 142
249 0.05213119798824059 0.2487953384511992 1.11387664082595 138 86 47 0.39 187 224 389 242 519 143
250 0.04117584936356006 0.2462323716493099 1.134217640287881 107 56 28 0.27 187 225 389 243 519 144
251 -0.06901221010472394 0.2528000508329534 1.176935616231236 125 73 33 0.19 187 226 389 244 519 145
252 -0.0711765999239803 0.2607052480887675 1.1857628400995 175 115 62 0.45 187 227 389 245 519 146
253 0.02570793756901715 0.264044082132686 1.145357463266394 110 68 40 0.23 187 228 389 246 519 147
254 -0.07500330172806656 0.2707146489114208 1.183800499614674 154 102 59 0.39 187 229 389 247 519 148
255 -0.01916323563964589 0.2944932261310704 1.208847323153311 91 65 37 0.38 187 230 389 248 519 149
259 -0.05534965439590411 -0.1636360706372028 1.207703683282757 83 49 33 0.34 187 234 389 252 519 153
260 0.001534869002287133 -0.1334529322662985 1.197141062947572 140 92 56 0.13 187 235 389 253 519 154
261 -0.06472632167678903 -0.1194968857924282 1.206737531583568 162 106 62 0.35 187 236 389 254 519 155
262 -0.07042157075705535 -0.1196074073703463 1.204966189271715 141 94 56 0.08 187 237 389 255 519 156
263 -0.09650974048401904 -0.1439063377831631 1.185972675794678 166 112 67 0.21 187 238 389 256 519 157
264 -0.1246411462775946 -0.1185139337504967 1.172301619374421 193 191 187 0.43 187 239 389 257 519 158
265 -0.08413386958926228 -0.04106180696280959 1.200757803300647 162 102 53 0.59 187 240 389 258 519 159
266 -0.006203575240505747 0.02315233820854129 1.228322964766136 75 41 21 0.2 35 28 187 241 389 259
267 -0.02424819556856068 0.01955346170587924 1.232186524338421 178 124 72 0.57 107 114 390 21 519 160
268 -0.02623057060022341 0.02187150915650876 1.235829556386229 95 54 33 0.17 187 242 389 260 519 161
269 -0.02974699903923688 0.02438576837248646 1.234202246649402 195 143 87 0.42 35 29 107 115 389 261
270 -0.09275932318752782 -0.02262682435815472 1.202735653344156 182 128 76 0.49 187 243 389 262 519 162
271 0.0116334768343882 0.01270976985943062 1.205703064120685 172 118 70 0.35 35 30 187 244 389 263
272 -0.01991947347649117 0.03907100823804044 1.24142791554072 86 42 19 0.2 35 31 187 245 389 264
273 -0.04161875681268605 0.03190341830157911 1.226652380097402 93 47 21 0.49 35 32 107 116 390 22 519 163
274 -0.04550328419009039 0.03134603201412872 1.224238793678339 96 48 22 0.51 35 33 107 117 390 23 519 164
275 -0.05612947767201226 0.0164011533472333 1.218609256199689 183 123 67 0.39 107 118 187 246 519 165
276 -0.07138146089019948 0.01425964754627757 1.212922412511532 102 58 30 0.41 187 247 389 265 519 166
277 -0.1626248467991654 -0.04145941348409254 1.155776279323889 199 193 187 0.28 187 248 389 266 519 167
278 -0.00253919406687933 0.03666411788145579 1.220617709718453 91 49 25 0.21 107 119 187 249 389 267 519 168
279 -0.01366301571683541 0.04029323052634776 1.224321800619937 89 43 16 0.16 35 34 107 120 390 24
280 -0.01058802017072454 0.04904427846162779 1.221521107897283 92 48 23 0.53 35 35 107 121 187 250 390 25 519 169
281 -0.02733876085665606 0.05088209992714726 1.233525797168086 101 52 25 0.18 35 36 107 122 187 251 390 26 519 170
282 -0.03267137596320975 0.05065543358866753 1.228305020413546 178 124 74 0.48 35 37 107 123 187 252 390 27
283 0.01303139456809631 0.04849905733773124 1.198480879824037 61 29 14 0.38 107 124 187 253 389 268
284 -0.01960466795662271 0.07136482616942502 1.240314961502261 89 44 16 0.13 35 38 107 125 390 28
285 -0.03152658051335014 0.05505732674315095 1.22737288512543 191 134 76 0.22 35 39 107 126 187 254 390 29
286 -0.06317644654984665 0.04644612287049094 1.221233973462216 163 93 51 0.23 187 255 389 269 519 171
287 -0.06912881414057818 0.04582312115327486 1.214912446248917 84 49 33 0.23 187 256 389 270 519 172
288 -0.113649829750841 0.02405493530324554 1.193633813155196 157 94 49 0.39 187 257 389 271 519 173
289 0.03182276311833953 0.04022306101437284 1.178399705236182 191 129 74 0.15 107 127 187 258 389 272
290 -0.008674565585383636 0.08208228021739467 1.223370980790463 74 33 11 0.43 35 40 187 259 390 30
291 -0.09009326528870161 0.05773054356306306 1.205126119746515 122 67 29 0.18 187 260 389 273 519 174
292 -0.1581596644821656 0.0104289221418582 1.16145280771249 150 91 48 0.26 187 261 389 274 519 175
293 -0.1629472420990948 0.008732932785727121 1.157763325934168 164 104 57 0.36 187 262 389 275 519 176
294 0.01917289360792374 0.06696785162950503 1.190959966580527 196 144 91 0.17 107 128 187 263 389 276
295 0.003806204386519271 0.08713232019739492 1.212803119173887 109 62 30 0.16 107 129 187 264 389 277 519 177
296 0.003806204386519271 0.08713232019739492 1.212803119173887 109 62 30 0.16 107 130 187 265 389 278 519 178
297 -0.03073548728022563 0.09438755014322592 1.229344847988016 196 124 67 0.49 107 131 187 266 389 279 519 179
298 -0.05261954691828626 0.08632406649988555 1.225249766752545 117 61 25 0.14 107 132 187 267 389 280 390 31 509 4 519 180
299 -0.06069494231730467 0.08773132501615982 1.21842124569209 161 111 66 0.22 35 41 389 281 390 32
300 -0.1585771343715069 0.0289975146832176 1.156280242338809 180 113 52 0.62 187 268 389 282 509 5 519 181
301 -0.182813391998912 0.009015165671563408 1.142197024239807 198 200 189 0.06 187 269 389 283 519 182
302 0.03804530671418455 0.07624752631577292 1.171582598381601 141 97 57 0.16 107 133 187 270 389 284
303 -0.04640401685787384 0.1101732298769577 1.22536049746323 159 105 56 0.42 107 134 187 271 389 285 390 33
304 -0.0525191622753501 0.1085511291238016 1.222137123711465 78 41 16 0.11 35 42 389 286 390 34
305 -0.1571786158633297 0.04793718552109999 1.16433419128441 89 57 35 0.31 187 272 389 287 519 183
306 -0.1654960355078008 0.04561246241477945 1.15738202746864 92 53 29 0.15 187 273 389 288 519 184
307 0.04981012216853879 0.08520368385601451 1.17067552216245 196 144 82 0.47 107 135 187 274 389 289 519 185
308 -0.008692983665113247 0.1323889948056767 1.236522745264429 145 98 60 0.32 107 136 187 275 389 290 519 186
309 -0.01230267383702541 0.1340980672836586 1.242186486163405 115 63 31 0.22 187 276 389 291 519 187
310 -0.01290944836345451 0.1340048239889858 1.238571737925113 74 44 25 0.22 107 137 187 277 389 292 519 188
311 -0.02905449252049816 0.1298647494267415 1.244922048204461 177 112 60 0.39 107 138 187 278 389 293 519 189
312 -0.02652165069325021 0.1357158336911186 1.240697174112677 174 115 60 0.43 107 139 187 279 389 294
313 -0.03059540319131802 0.1324757046249539 1.241487962254874 150 97 54 0.32 107 140 187 280 389 295 390 35 519 190
314 -0.02865863454810833 0.133984389919332 1.240294436349022 83 46 24 0.36 187 281 389 296 390 36 519 191
315 -0.06186716815798519 0.1217032404043807 1.227049910935217 214 149 86 0.45 107 141 389 297 390 37
316 -0.09139184352615991 0.09848079369360913 1.208693112474175 125 77 37 0.17 107 142 187 282 389 298 519 192
317 -0.08907218221711999 0.1013925073443522 1.206883173926513 69 35 18 0.3 107 143 187 283 389 299 519 193
318 -0.06537670890079887 0.1286514522232265 1.221186734268967 74 33 11 0.56 107 144 389 300 509 6
319 -0.09148534498742923 0.1192265960881997 1.199949953061644 63 28 13 0.12 107 145 187 284 389 301
320 -0.09524764487058898 0.1186117447193292 1.208711881424838 120 65 25 0.1 187 285 389 302 519 194
321 -0.1014303738782038 0.1189290644406165 1.20869689712648 195 130 72 0.27 107 146 187 286 389 303
322 0.03745443943340442 0.1195379892705495 1.180888852883354 184 121 68 0.37 107 147 187 287 389 304
323 -0.0886099053457246 0.1274012146560177 1.198933852295998 187 117 59 0.37 107 148 187 288 389 305 519 195
324 -0.1179563153868841 0.1173291007724331 1.196766984974557 186 120 60 0.11 187 289 389 306 519 196
325 -0.1699027302602461 0.1033229967782647 1.162741292548826 147 86 40 0.22 187 290 389 307 519 197
326 -0.02446093403322755 0.1721016968009778 1.239290814899371 69 42 24 0.26 107 149 187 291 389 308 519 198
327 -0.1171504876488814 0.1301392023029794 1.192531569716778 132 78 35 0.25 187 292 389 309 519 199
328 -0.1299792068849119 0.125180166019031 1.187084102085711 107 65 29 0.46 107 150 187 293 389 310
329 -0.127443380387134 0.132511297217871 1.189612746185116 172 105 56 0.08 187 294 389 311 519 200
330 -0.1324067643636297 0.1297762299660936 1.184530382655646 175 103 54 0.22 187 295 389 312 519 201
331 -0.148811344416526 0.1228790443643922 1.174884769971987 175 110 60 0.18 187 296 389 313 519 202
332 0.0552169216691036 0.1334160440246888 1.1532594542738 98 55 26 0.68 107 151 187 297 389 314
333 -0.06054938170714048 0.1664637733491934 1.222729709158374 158 105 58 0.32 107 152 187 298 389 315
334 -0.06533067749026233 0.1661341179313225 1.217357621425478 43 19 9 0.12 107 153 187 299 389 316
335 -0.06630848614866092 0.1635656742152288 1.216663801094886 157 106 66 0.24 107 154 187 300 389 317 519 203
336 -0.1198838625269039 0.1547445131477745 1.191035609638733 190 122 70 0.24 107 155 187 301 389 318
337 -0.1519623975870241 0.1396344943946636 1.178003279797125 120 77 43 0.71 187 302 389 319 519 204
338 0.03349752268448657 0.1670009184851852 1.169967177998255 147 80 37 0.13 187 303 389 320 519 205
339 -0.03888862225552912 0.1807752485021896 1.228822818730711 67 30 15 0.22 107 156 187 304 389 321 519 206
340 -0.0751024408625261 0.1695553514900096 1.207229277937421 151 90 45 0.13 187 305 389 322 519 207
341 -0.07825412497387706 0.1730451466149952 1.205450813266678 68 33 15 0.11 187 306 389 323 519 208
342 -0.1176536154014554 0.1673134936419254 1.188077397058862 49 21 10 0.27 107 157 187 307 389 324
343 -0.1254827281981362 0.1578132225015116 1.180574966774815 123 68 36 0.53 187 308 389 325 519 209
344 -0.1415447185072158 0.1496863064785738 1.176554941411236 137 86 57 0.14 187 309 389 326 519 210
345 -0.1535558789992935 0.1426147362011938 1.168657290996305 115 61 29 0.34 187 310 389 327 519 211
346 0.06182680461660293 0.1567913515378747 1.138767739773098 64 42 24 0.31 187 311 389 328 519 212
347 0.06259924118690513 0.1663590014906433 1.132956710771406 71 40 22 0.27 187 312 389 329 519 213
348 -0.05321296097340167 0.1885518749878189 1.211655395099463 143 85 46 0.2 187 313 389 330 519 214
349 -0.07446728110358711 0.1852132848225454 1.199838916152774 94 45 20 0.27 187 314 389 331 519 215
350 -0.08825392009252021 0.1823162871058318 1.192286628592364 172 109 65 0.23 187 315 389 332 519 216
351 -0.09151186970617921 0.1806874679203623 1.188778219034177 155 96 53 0.19 187 316 389 333 519 217
352 -0.1142034929960073 0.1758471997090407 1.183349651848913 103 48 19 0.07 187 317 389 334 519 218
353 -0.1406135977720515 0.1622774220066125 1.172509645803853 194 111 51 0.14 107 158 187 318 389 335
354 -0.1283590453881268 0.1685286535028582 1.173252167860944 82 48 23 0.73 107 159 187 319 389 336
355 -0.1445854003736317 0.1653418971101577 1.165771700245813 133 64 33 0.22 187 320 389 337 519 219
356 0.03319056597267668 0.1912980904932642 1.168299880682346 101 59 29 0.39 187 321 389 338 519 220
357 -0.04018445943251457 0.2062049889755271 1.222621412108172 111 66 28 0.42 187 322 389 339 519 221
358 -0.03828946366291155 0.2072294676645841 1.221248677393622 158 97 51 0.25 187 323 389 340 519 222
359 -0.07936114342558792 0.1972383207048092 1.19998018121611 124 73 33 0.38 187 324 389 341 519 223
360 -0.105526564603253 0.1862663416527888 1.192179991204974 135 79 39 0.41 187 325 389 342 519 224
361 -0.1141143239805135 0.1801098785363214 1.183918792593455 114 64 30 0.43 187 326 389 343 519 225
362 -0.125690667230313 0.1794535255653159 1.176470178501964 136 79 37 0.1 187 327 389 344 519 226
363 -0.144477699070604 0.1742634269772065 1.166786118064018 137 75 35 0.37 187 328 389 345 519 227
364 -0.1528093558658274 0.170563347242084 1.157479527102101 133 71 33 0.27 107 160 187 329 389 346
365 -0.1523043313773258 0.1714508890068814 1.158883514833567 118 66 34 0.15 187 330 389 347 519 228
366 -0.08575942254866084 0.2046769723653248 1.205071244341059 177 121 69 0.28 107 161 187 331 389 348
367 -0.1004991376322153 0.1972970076665272 1.192348709756388 158 96 46 0.36 107 162 187 332 389 349
368 -0.03759671967049217 0.2277718287283159 1.228227761326002 121 64 30 1.05 187 333 389 350 519 229
369 -0.08469195333978356 0.2192986401301837 1.193591639839394 49 23 9 0.8 187 334 389 351 519 230
370 0.02882697501642277 0.2184295599845653 1.159401421638647 52 32 17 0.42 187 335 389 352 519 231
371 0.0183680205716611 0.2192384277946812 1.169997741666599 47 28 11 0.23 187 336 389 353 519 232
372 -0.01388615152033326 0.2402586829907276 1.210798800531901 143 89 53 0.05 187 337 389 354 519 233
373 0.0392887337471737 0.2316634586677919 1.145399653540943 202 158 103 0.14 187 338 389 355 519 234
374 0.00966502101253878 0.2347399823629269 1.176712551679779 66 37 18 0.39 187 339 389 356 519 235
375 0.005077474860106694 0.2375415443504922 1.17948652210175 156 104 58 0.17 187 340 389 357 519 236
376 -0.01645957420186201 0.2526937712424103 1.207381361560495 181 130 77 0.04 187 341 389 358 519 237
377 -0.03483362408528551 0.2517909388513188 1.209181280688333 181 124 67 0.11 187 342 389 359 519 238
378 -0.04101925573264379 0.2506489740291641 1.205908724730848 188 132 73 0.3 187 343 389 360 519 239
379 -0.1573930475095165 0.2233355839369041 1.141733340931578 195 144 94 0.41 187 344 389 361 519 240
380 -0.1659534875754691 0.2164343762874443 1.135945610376599 178 123 71 0.45 187 345 389 362 519 241
381 -0.1655528376278028 0.2210710361316828 1.136540600568902 198 142 87 0.14 187 346 389 363 519 242
382 -0.1909104676555786 0.2138236897059416 1.11502412210701 185 123 67 0.36 187 347 389 364 519 243
383 0.03816874090215307 0.2364225146298523 1.144822950834524 178 126 73 0.24 187 348 389 365 519 244
384 0.01081453114092464 0.2439703661245836 1.168197434364203 107 66 34 0.15 187 349 389 366 519 245
385 -0.08071165310974754 0.2463686783377677 1.179111090106193 187 123 75 0.1 187 350 389 367 519 246
386 -0.1528699427467499 0.2330518655252565 1.143200855261719 208 168 116 0.56 187 351 389 368 519 247
387 -0.1606946457259648 0.2223490788067626 1.136652365211552 117 66 33 0.3 187 352 389 369 519 248
388 0.0601376126031694 0.2398494265728341 1.108042864174449 109 71 33 0.26 187 353 389 370 519 249
389 0.05302422912176478 0.2402217260864272 1.113740737800515 139 86 45 0.12 187 354 389 371 519 250
390 0.05933833131672505 0.2472703519913242 1.107839495619283 160 114 74 0.27 187 355 389 372 519 251
391 0.03824304875683335 0.2460491178301151 1.13840250928444 206 158 103 0.15 187 356 389 373 519 252
392 -0.07650622356938519 0.2544810451946107 1.181339580629459 184 120 74 0.34 187 357 389 374 519 253
393 -0.1517790296556623 0.2395040231056041 1.138184489116096 109 64 31 0.16 187 358 389 375 519 254
394 -0.1686044892932578 0.2388353698801987 1.127531702406916 165 105 59 0.29 187 359 389 376 519 255
395 -0.1433946244843081 0.2526796974277603 1.141511732326968 130 80 45 0.24 187 360 389 377 519 256
396 -0.1486241603768316 0.250515089239048 1.1425359603378 94 58 28 0.57 187 361 389 378 519 257
397 -0.1538946231337657 0.2493994399996324 1.13738932510257 82 48 21 0.09 187 362 389 379 519 258
398 -0.1582715929541955 0.2491930293104513 1.13581588795972 83 48 21 0.21 187 363 389 380 519 259
399 -0.03635764467878015 -0.1653226123663216 1.218563811589129 159 109 66 0.33 187 364 389 381 519 260
400 -0.03486846626012674 -0.03114770557126023 1.232945859422548 165 103 57 0.3 187 365 389 382 519 261
401 -0.01741889021000242 -0.007374127524303276 1.234822168697388 161 102 53 0.47 187 366 389 383 519 262
402 -0.08573826753327794 -0.04507404885649502 1.201371458638151 90 53 36 0.39 187 367 389 384 519 263
403 0.02712348720978478 -0.01780613014658816 1.179811219293955 159 105 56 0.32 187 368 389 385 519 264
404 -0.05735717831814777 0.005592237320444282 1.222163512684935 88 52 35 0.27 187 369 389 386 519 265
405 -0.02155057958520032 0.04119585455050506 1.239108304359398 219 158 93 0.46 35 43 107 163 389 387
406 0.0006096407019044806 0.03702715101835952 1.217439699902609 59 30 15 0.22 35 44 187 370 389 388
407 -0.02076872643845488 0.0525030953005996 1.236992437809683 91 44 14 0.24 35 45 107 164 187 371 390 38
408 -0.04953171138494051 0.04553799399398295 1.220239288842762 68 28 9 0.17 35 46 187 372 390 39
409 -0.1014712735645921 0.01145901910595509 1.202801547225207 75 39 25 0.57 187 373 389 389 519 266
410 -0.1391862356788725 -0.009729007639190657 1.172158671823916 80 47 29 0.13 187 374 389 390 519 267
411 -0.1391862356788725 -0.009729007639190657 1.172158671823916 80 47 29 0.13 187 375 389 391 519 268
412 -0.1457252113166287 -0.00956859486245426 1.169292058192458 91 48 32 0.27 187 376 389 392 519 269
413 -0.1457252113166287 -0.00956859486245426 1.169292058192458 91 48 32 0.27 187 377 389 393 519 270
414 -0.04328497823148433 0.06886517810758114 1.230137355739206 74 36 13 0.14 35 47 107 165 187 378 389 394
415 -0.05257362573544686 0.05225983629583802 1.220466450201982 139 91 57 0.11 35 48 389 395 519 271
416 -0.05841814955513859 0.04909689272935863 1.214332112366087 119 67 36 0.69 187 379 389 396 509 7 519 272
417 -0.1020209101419519 0.02648253756259872 1.200837130698065 156 92 44 0.6 187 380 389 397 519 273
418 -0.1494704822445914 0.0112902544986121 1.167459136751589 152 100 57 0.23 187 381 389 398 519 274
419 -0.02858847495679996 0.08955147647340256 1.234451991143992 88 46 24 0.18 35 49 187 382 390 40 519 275
420 -0.03792923198388096 0.08225210755380363 1.230606150874222 70 32 14 0.12 35 50 187 383 390 41
421 -0.04791112362449974 0.06694880659047625 1.225916499309521 56 23 7 0.11 35 51 187 384 390 42
422 -0.1542862724228816 0.01528414971270953 1.16479320238702 75 41 30 0.21 187 385 389 399 519 276
423 -0.1829321890620813 0.004573823908188557 1.145774574254471 196 184 173 0.32 187 386 389 400 519 277
424 -0.02905972544179172 0.09263846330635961 1.230673043331004 130 70 30 0.31 107 166 187 387 390 43 519 278
425 -0.08664938063996382 0.07992942824938581 1.207332064073829 84 51 30 0.13 187 388 389 401 519 279
426 -0.1156803984741172 0.07445550366885589 1.208317857296801 163 101 41 0.37 187 389 389 402 509 8 519 280
427 -0.1202708449667204 0.07432060645964761 1.206273861003904 194 123 53 0.59 187 390 389 403 509 9
428 -0.1606904717512788 0.02802647692534388 1.157922964661066 102 60 35 0.2 187 391 389 404 519 281
429 -0.1654483884424417 0.02968780313984792 1.153886107039564 204 133 62 0.53 187 392 389 405 509 10
430 -0.0178018205176161 0.1252727253414582 1.250240216560506 210 140 75 0.28 107 167 187 393 389 406
431 -0.1230015984901802 0.08349080901791928 1.200339878468176 156 99 54 0.46 187 394 389 407 519 282
432 -0.01025170084025107 0.134690821916887 1.236614566070731 85 48 27 0.26 107 168 187 395 389 408 519 283
433 -0.05796600532981769 0.1250485962848755 1.229590877609288 203 140 84 0.34 107 169 389 409 390 44
434 -0.114981936807027 0.09685057163210303 1.209294454163295 156 100 56 0.35 187 396 389 410 519 284
435 -0.1666106415197106 0.06234819922335677 1.153756448519257 94 47 23 0.61 187 397 389 411 509 11 519 285
436 0.01436021291014232 0.1260829522951 1.211302232586161 194 128 69 0.34 107 170 187 398 389 412
437 0.003669811953840506 0.1274716789709521 1.210598799781147 88 52 28 0.14 187 399 389 413 519 286
438 -0.01234459872281878 0.1359622168034669 1.236325095112129 157 100 49 0.34 107 171 187 400 389 414
439 -0.1228760310906234 0.1061546273562647 1.196847473135887 203 146 85 0.25 187 401 389 415 519 287
440 -0.1141689667250146 0.1158165411828075 1.200573697660636 181 119 57 0.31 187 402 389 416 509 12
441 -0.1756178417165059 0.1051496230848584 1.163165128824431 166 101 54 0.75 187 403 389 417 519 288
442 -0.08116179762960997 0.1564948708250684 1.209809325100473 114 62 29 0.4 107 172 187 404 389 418 519 289
443 -0.07808001803103469 0.1637799856412846 1.209917680818604 46 20 11 0.18 107 173 187 405 389 419
444 -0.102025707331303 0.1547751681756317 1.203277217211033 152 88 40 0.14 107 174 187 406 389 420
445 0.0468944628264915 0.1604594983981624 1.159772129479494 65 44 23 0.47 187 407 389 421 519 290
446 -0.06590157610176209 0.1767239675034937 1.214572831205747 55 25 12 0.16 107 175 187 408 389 422
447 -0.09345982378918288 0.1678558640222769 1.189295007146135 154 90 42 0.09 187 409 389 423 519 291
448 -0.1227707333863498 0.1553002550529586 1.187632881228773 81 47 24 0.19 187 410 389 424 519 292
449 -0.1382299955992389 0.1511089049005979 1.175959743441281 62 38 20 0.5 187 411 389 425 519 293
450 -0.1439183281363995 0.150725872740243 1.173810354048624 82 49 27 0.16 187 412 389 426 519 294
451 -0.1582065884875724 0.1424562216507282 1.16870707722335 105 54 29 0.24 187 413 389 427 519 295
452 0.07049395702617217 0.1543691991741858 1.12516970954359 69 44 24 0.35 187 414 389 428 519 296
453 -0.06289176669004432 0.1882205459004005 1.212431379864046 175 98 39 0.24 107 176 187 415 389 429
454 -0.1164138523331261 0.1738067916796028 1.182800631127351 167 102 56 0.11 187 416 389 430 519 297
455 -0.1188583561232734 0.1751862376011927 1.181734102529258 144 74 32 0.23 187 417 389 431 519 298
456 -0.1746600550887528 0.1493916718543181 1.146689793569102 171 108 55 0.15 187 418 389 432 519 299
457 -0.01837205006506171 0.2122796567711541 1.232545927163178 73 52 29 0.32 187 419 389 433 519 300
458 -0.05931911008400527 0.2052449327251977 1.208923702984477 74 47 26 0.29 187 420 389 434 519 301
459 -0.06078230585446504 0.2038290621458539 1.210941669638585 151 106 65 0.49 107 177 187 421 389 435
460 -0.06560441631878035 0.2050183614907513 1.209577158759271 53 26 8 0.16 107 178 187 422 389 436
461 -0.08658289660687979 0.1892679898963108 1.19657245177106 184 121 68 0.64 107 179 187 423 389 437
462 -0.09072968686617164 0.1841854766507782 1.186718964027013 157 102 58 0.1 187 424 389 438 519 302
463 -0.1118668528365263 0.1829485058477769 1.185552704702405 135 78 40 0.43 187 425 389 439 519 303
464 -0.1553348811642561 0.1732663282118883 1.158793948281171 161 93 47 0.55 187 426 389 440 519 304
465 0.1012458289320731 0.15767399528419 1.067308466442409 142 91 51 0.41 187 427 389 441 519 305
466 -0.008417607542042991 0.230556518015161 1.20713846062078 81 52 26 0.11 187 428 389 442 519 306
467 -0.03403461136753976 0.2257286762319729 1.220075290947948 109 60 31 0.12 187 429 389 443 519 307
468 -0.1643613882141657 0.1992642313138536 1.147622828419377 107 61 25 0.34 187 430 389 444 519 308
469 -0.1901979987788102 0.1899179148061031 1.135046843950588 115 73 39 0.53 187 431 389 445 519 309
470 -0.01029768128259058 0.2311130998122564 1.206428971005654 157 103 59 0.21 187 432 389 446 519 310
471 -0.02841443131471114 0.2435526657390828 1.221265251155915 170 102 55 0.23 187 433 389 447 519 311
472 -0.04337258732735318 0.2402865780979578 1.211824795026563 166 94 45 0.29 187 434 389 448 519 312
473 -0.1801238923307871 0.1941575580782404 1.132874226744395 117 67 31 0.32 187 435 389 449 519 313
474 -0.184226377394153 0.2009012948895884 1.126830048232857 90 53 25 0.23 187 436 389 450 519 314
475 -0.184226377394153 0.2009012948895884 1.126830048232857 90 53 25 0.23 187 437 389 451 519 315
476 -0.1943092907920209 0.2005239964896482 1.116921245199378 193 127 66 0.1 187 438 389 452 519 316
477 0.004015622425672072 0.2415577277126589 1.18230008722904 160 106 60 0.2 187 439 389 453 519 317
478 0.05892784478971766 0.142729955727864 1.151488847450923 173 116 64 0.41 107 180 187 440 389 454
479 -0.05456079052582133 0.2393101443696526 1.201660911003267 190 121 63 0.34 187 441 389 455 519 318
480 -0.1806050746230447 0.2163804655390333 1.123969676960508 184 115 58 0.49 187 442 389 456 519 319
481 0.03019618443728393 0.2418316151286318 1.150167971143381 134 79 35 0.3 187 443 389 457 519 320
482 0.01581028844667039 0.2469315984870739 1.161156129321044 163 109 61 0.57 187 444 389 458 519 321
483 0.003511370129797716 0.2468228209409954 1.181193424849569 164 101 55 0.19 187 445 389 459 519 322
484 -0.0413125157533689 0.2545366142204465 1.204353977085755 185 125 71 0.2 187 446 389 460 519 323
485 -0.0548257784771664 0.2559073796945694 1.201716492975267 156 96 52 0.31 187 447 389 461 519 324
486 -0.1531094338430287 0.2286663552872738 1.144760938193939 187 134 86 0.22 187 448 389 462 519 325
487 0.05426004762713345 0.2426638306720242 1.114002068488419 100 57 27 0.22 187 449 389 463 519 326
488 0.01912461820647724 0.2499206897637157 1.156844958672889 147 99 60 0.21 187 450 389 464 519 327
489 0.01551151435011121 0.2531527480500506 1.15947302538566 152 103 64 0.31 187 451 389 465 519 328
490 0.009056181728883624 0.2593493464857664 1.170835059355749 179 128 75 0.13 187 452 389 466 519 329
491 0.006942994645358486 0.2605235278077611 1.166500610147978 109 68 35 0.18 187 453 389 467 519 330
492 0.0004699292086725974 0.2594431008926637 1.179045950520207 91 49 21 0.06 187 454 389 468 519 331
493 0.0002085140799949828 0.269004414202617 1.178040187477711 121 73 40 0.24 187 455 389 469 519 332
494 -0.04114016500586313 0.2703909550432997 1.199907680395213 93 55 23 0.34 187 456 389 470 519 333
495 -0.02436202251435127 -0.0834212006571321 1.231081604227215 189 129 74 0.61 187 457 389 471 519 334
496 -0.1042197474981904 -0.119318036067687 1.181070827612207 167 106 61 0.67 187 458 389 472 519 335
497 -0.01460512707999642 -0.01278107538285045 1.230147194477342 73 36 24 0.53 187 459 389 473 519 336
498 0.02377434423032681 -0.03370882224523963 1.182803169905143 170 113 67 0.41 187 460 389 474 519 337
499 -0.02541700663085977 0.009855285578904194 1.236998220195457 88 44 23 0.2 187 461 389 475 519 338
500 -0.09258736470966034 -0.02919494334239647 1.205268219901215 184 131 80 0.73 187 462 389 476 519 339
501 -0.1394678606082222 -0.07488970846608212 1.166460102625473 108 68 44 0.53 187 463 389 477 519 340
502 -0.0423515690505954 0.009943790361143567 1.231896802399941 56 29 20 0.3 187 464 389 478 519 341
503 -0.0423515690505954 0.009943790361143567 1.231896802399941 56 29 20 0.3 187 465 389 479 519 342
504 -0.03317842731269183 0.02233149383258198 1.23410339387485 91 52 29 0.63 35 52 107 181 389 480
505 -0.04470923279591114 0.01957144528708354 1.23371837362082 206 153 95 0.3 35 53 107 182 389 481
506 -0.06526352692311944 0.00337300730932677 1.216757740992211 80 41 24 0.43 187 466 389 482 519 343
507 -0.02562844383981638 0.03918663482454582 1.238674816418642 105 54 25 0.41 35 54 107 183 389 483
508 -0.03291986778868866 0.03398258020108041 1.229978561691888 102 52 25 0.45 35 55 107 184 390 45 519 344
509 -0.1483368184276565 -0.02905772248341004 1.165977732174017 179 118 67 0.48 187 467 389 484 519 345
510 -0.1592612013784646 -0.03719222898559749 1.156785064891986 118 70 42 0.31 187 468 389 485 519 346
511 -0.05722995179926528 0.03361611733290404 1.224041101742353 82 43 26 0.34 187 469 389 486 519 347
512 -0.06159178180621908 0.03067969915332774 1.219003613373252 78 45 25 0.32 187 470 389 487 519 348
513 -0.09524234098389431 0.02850709114997341 1.205635486977142 174 104 54 0.6 187 471 389 488 519 349
514 -0.1169100234664013 0.02231701313152568 1.194864293259169 92 51 34 0.37 187 472 389 489 519 350
515 -0.0339659158040977 0.08236475964096129 1.229705139469758 176 111 57 0.17 35 56 187 473 389 490
516 -0.1766138124071255 -0.002044370331346135 1.145863990448701 200 199 189 0.25 187 474 389 491 519 351
517 -0.1766138124071255 -0.002044370331346135 1.145863990448701 200 199 189 0.25 187 475 389 492 519 352
518 0.002278805291571282 0.09138949567085025 1.213331766579126 189 126 70 0.42 107 185 187 476 389 493
519 -0.03386096889320889 0.08764326632409186 1.227100402825746 160 89 40 0.47 187 477 389 494 519 353
520 -0.04839830116423121 0.08640918617560411 1.22562325863731 84 35 11 0.35 107 186 187 478 389 495 390 46
521 0.03348059219182395 0.07940742479378204 1.180063176694414 172 112 62 0.85 107 187 187 479 389 496 519 354
522 -0.04402691847883527 0.1070506276761862 1.232162394070425 184 132 78 0.28 107 188 187 480 389 497 390 47 519 355
523 -0.1933679277285009 0.03490928137945487 1.139974567780752 185 179 167 0.34 187 481 389 498 519 356
524 -0.04289057147267115 0.117609392825486 1.225280963374339 88 46 22 0.71 107 189 187 482 389 499 519 357
525 -0.05495382038947937 0.1268532983897674 1.222651546572344 60 27 11 0.2 107 190 187 483 389 500
526 -0.1004827501318482 0.1219823818832956 1.206772368151829 197 128 66 0.23 107 191 187 484 389 501
527 -0.1049989825383378 0.1198222536299754 1.204766354273756 98 58 34 0.22 187 485 389 502 509 13 519 358
528 0.05486897407142157 0.1175614729205115 1.157427998994343 68 39 26 0.38 107 192 187 486 389 503 519 359
529 -0.09049099367395266 0.124599089929769 1.202144953442373 177 108 52 0.3 107 193 187 487 389 504
530 -0.1469080328653587 0.1086873263221226 1.181250238102325 173 118 70 0.61 107 194 187 488 389 505
531 -0.04391345949964318 0.1630060587579552 1.230928319836714 127 72 31 0.24 107 195 187 489 389 506 519 360
532 -0.062244067874605 0.1607366640368718 1.221449151347586 196 129 76 0.04 107 196 187 490 389 507
533 -0.1634973186497896 0.1090618538802913 1.156071617406006 154 95 48 0.29 187 491 389 508 519 361
534 -0.02352800715058224 0.1778428666772515 1.237432200951761 134 82 42 0.53 187 492 389 509 519 362
535 0.04800660215177806 0.1544621516918842 1.156808993389828 121 81 46 0.75 187 493 389 510 519 363
536 -0.1176769065755186 0.1554277572421005 1.189282978109948 70 43 18 0.25 187 494 389 511 519 364
537 -0.02379938060030461 0.2120835028772612 1.232512336103844 86 58 29 0.4 187 495 389 512 519 365
538 -0.1062253895153354 0.1882258930869629 1.191082199448033 126 73 40 0.3 107 197 187 496 389 513
539 -0.1592197121997733 0.1742732066567748 1.153479081520473 156 95 54 0.59 107 198 187 497 389 514
540 -0.1735591122841219 0.1653223240938098 1.138099528744103 111 68 37 0.3 187 498 389 515 519 366
541 0.10449422601689 0.1548997261101009 1.065886588568506 76 45 25 0.37 187 499 389 516 519 367
542 0.09751996493811607 0.1602671237645493 1.069496358583877 131 73 37 0.5 187 500 389 517 519 368
543 -0.02849355016148392 0.2329797441612883 1.223468641170357 82 51 25 0.19 187 501 389 518 519 369
544 -0.04716033059627181 0.2417521179180116 1.212364449806916 179 111 55 1.0 187 502 389 519 519 370
545 -0.1510590082638457 0.2123005721660569 1.146640983232301 96 53 31 0.54 187 503 389 520 519 371
546 -0.1961540382553584 0.1984557836170698 1.118602116310129 74 38 21 0.25 187 504 389 521 519 372
547 -0.1786605474361868 0.2128354802846179 1.119632769412847 128 71 33 0.52 187 505 389 522 519 373
548 0.0620876049844881 0.2291905389846272 1.10908796314485 173 129 79 0.36 187 506 389 523 519 374
549 0.0620876049844881 0.2291905389846272 1.10908796314485 173 129 79 0.36 187 507 389 524 519 375
550 0.03085754978688261 0.2457462034996042 1.146339648403567 130 77 37 0.39 187 508 389 525 519 376
551 -0.09278425277609376 0.2435953940480579 1.178080324902869 155 86 43 0.3 187 509 389 526 519 377
552 -0.1469552958801486 0.234844776122118 1.146831723132435 184 124 66 0.45 187 510 389 527 519 378
553 0.02599474042838248 0.2669166277895037 1.148132380829211 77 49 25 0.35 187 511 389 528 519 379
554 -0.0213029328673745 0.2895338250666354 1.211073763866311 126 86 51 0.31 187 512 389 529 519 380
558 -0.01204833538383706 -0.02025249553003583 1.227938850309672 175 108 57 0.22 187 516 389 533 519 384
559 -0.01333351145399681 0.003445189573191176 1.222132647327743 110 57 30 1.2 107 199 390 48 519 385
560 -0.05959039267888401 -0.001446299219133085 1.220660971520015 179 122 73 0.55 187 517 389 534 519 386
561 -0.1449699106206049 -0.01607558443477214 1.168953452279464 175 118 67 0.3 187 518 389 535 519 387
562 -0.09124592234526263 0.03937726202610309 1.200031394542385 81 44 22 0.61 187 519 389 536 519 388
563 -0.01965556600075643 0.09249361542502282 1.240581607271761 92 50 21 0.53 35 57 107 200 390 49
564 -0.01965556600075643 0.09249361542502282 1.240581607271761 92 50 21 0.53 35 58 107 201 390 50
565 -0.0631810097738965 0.07004887715431307 1.218827392678417 196 141 80 0.9 107 202 187 520 519 389
566 -0.1136755958375063 0.07663456646441152 1.206788303327073 81 46 30 0.18 187 521 389 537 519 390
567 -0.03637177750421502 0.1280236951142605 1.233239224677102 99 56 32 1.13 107 203 187 522 389 538 519 391
568 -0.05286380639855877 0.1327520497751309 1.225000999464692 191 133 70 0.55 389 539 390 51 509 14
569 0.04993143985702905 0.1226292730463862 1.163506991441021 206 147 91 0.29 107 204 187 523 389 540 519 392
570 0.04993143985702905 0.1226292730463862 1.163506991441021 206 147 91 0.29 107 205 187 524 389 541 519 393
571 0.04570804129016833 0.1216039676746348 1.167461839046195 86 46 22 0.5 107 206 187 525 389 542 519 394
572 -0.1496038937835138 0.1082002987828026 1.174545948556157 80 42 20 0.47 107 207 187 526 389 543
573 -0.1087486844484901 0.1495169338445268 1.207263460773879 202 136 78 0.44 107 208 187 527 389 544
574 -0.02935383255428317 0.1768661796830155 1.231810737427111 163 109 63 0.59 187 528 389 545 519 395
575 0.0623048344700138 0.1515374071187713 1.137290070839887 103 67 36 0.51 187 529 389 546 519 396
576 -0.05957805649932688 0.1730600540693208 1.213080008144076 121 69 30 0.65 107 209 389 547 519 397
577 0.05202609802493678 0.1630116470709114 1.148236258262846 42 22 14 0.35 187 530 389 548 519 398
578 -0.1226981650441656 0.1658016317393562 1.178134355747137 158 89 42 0.54 187 531 389 549 519 399
579 -0.1724124925260304 0.1505370058544786 1.142612537906945 119 67 32 0.23 187 532 389 550 519 400
580 -0.07089966196836314 0.2148913868029802 1.212646698748689 123 73 36 0.6 187 533 389 551 519 401
581 -0.1517088682171593 0.1851778608939885 1.161638023497253 142 91 47 0.5 187 534 389 552 519 402
582 -0.04775649335623662 0.221300471171413 1.212408273753277 108 59 21 0.2 187 535 389 553 519 403
583 -0.1931829980164883 0.1915466073824678 1.131123739500957 64 38 23 0.73 187 536 389 554 519 404
584 -0.06596984390437104 0.2298532196627363 1.194033140397214 173 106 52 0.46 187 537 389 555 519 405
585 -0.1912968309666772 0.1975028557663871 1.119671107289842 182 116 59 0.41 187 538 389 556 519 406
586 0.0009107712427510756 0.2433050422370125 1.177819107144443 118 76 41 1.5 187 539 389 557 519 407
587 -0.06710183782344106 0.2356373747137638 1.185438744730656 184 113 57 0.3 187 540 389 558 519 408
588 -0.1436861354475656 0.2111838522354164 1.13745434356086 90 44 19 0.69 187 541 389 559 519 409
589 -0.1457456124995161 0.2167738654866253 1.151515547633317 184 118 61 0.81 187 542 389 560 519 410
590 -0.06709863669622196 0.2450811257411858 1.190486961871972 192 130 75 0.19 187 543 389 561 519 411
591 0.005669378464157078 0.2715442236221167 1.173714819051394 79 56 29 0.07 187 544 389 562 519 412
592 -0.00142483961281735 0.2710197045250708 1.174385119385343 77 48 27 0.29 187 545 389 563 519 413
593 -0.02872388196032517 0.2801374663124679 1.217653940566294 96 63 29 0.04 187 546 389 564 519 414
594 -0.05439432309593627 0.02238652279737496 1.220074811938806 194 138 82 0.35 107 210 187 547 519 415
595 0.01858323449324235 0.02944752814495505 1.198125587790376 194 126 65 0.25 107 211 187 548 389 565
596 -0.08523742049156884 0.02194415496625524 1.210987953087924 171 112 61 0.54 187 549 389 566 519 416
597 -0.09556775818478437 0.02055063658006956 1.208671235178687 186 127 73 0.44 187 550 389 567 519 417
598 -0.1113339275443948 0.01695867294136966 1.199413378820724 186 122 70 0.35 187 551 389 568 519 418
599 0.0258091100093665 0.03321290999452087 1.187953499591051 77 40 19 0.38 107 212 187 552 389 569
600 -0.01622570322313305 0.07249343505588357 1.234703355588974 99 54 23 0.37 35 59 107 213 187 553 390 52
601 -0.02655491976005693 0.07028234562877866 1.234919114421359 126 70 33 0.33 35 60 107 214 187 554 390 53 519 419
602 -0.02659677585927903 0.0704319163144479 1.235058998180368 129 74 36 0.25 35 61 107 215 187 555 390 54
603 -0.06902886238971526 0.06477693913390253 1.216197228782944 121 64 29 0.28 107 216 187 556 519 420
604 -0.07617935747836392 0.0619327524996664 1.210173044257226 102 49 18 0.8 187 557 389 570 519 421
605 0.01607049193442329 0.06726962076101389 1.196206590986755 81 45 21 0.67 187 558 389 571 519 422
606 -0.05115971943361299 0.1074164604047536 1.224113316746899 128 78 39 0.24 107 217 389 572 390 55 519 423
607 -0.06291106324894545 0.1256146410277867 1.222822131689517 75 37 16 0.3 107 218 187 559 389 573
608 -0.06172601876511828 0.1299140476381471 1.218283496194276 190 122 63 0.82 107 219 187 560 389 574
609 -0.07541849258723557 0.1252927738728229 1.216886311221863 69 34 20 0.53 187 561 389 575 519 424
610 -0.1268925190796245 0.1115996774067783 1.188566186063057 63 36 22 0.77 187 562 389 576 519 425
611 0.06575878500680288 0.11848346721543 1.141922999581744 98 61 36 0.45 187 563 389 577 519 426
612 0.06593467350468715 0.1178183970419701 1.14123060416278 102 63 36 0.65 107 220 187 564 389 578 519 427
613 -0.065674649959237 0.1569352949707611 1.221089201493037 44 24 16 0.26 187 565 389 579 519 428
614 -0.1426282785523281 0.1399962102325181 1.183804594043801 146 96 50 0.5 187 566 389 580 519 429
615 0.06857570418984368 0.1487826886218645 1.13676629827269 50 31 24 0.45 187 567 389 581 519 430
616 -0.1214284318046781 0.162552587807769 1.186202298534583 136 73 29 0.3 107 221 187 568 389 582
617 0.04573430984296567 0.1742930922579099 1.151654668180604 136 78 41 0.15 187 569 389 583 519 431
618 -0.02854941579247582 0.2106232624160193 1.235476329558636 163 119 68 0.31 187 570 389 584 519 432
619 -0.06051083607487868 0.1950098800452914 1.210456976831725 76 37 14 0.59 107 222 187 571 389 585
620 -0.1421527365470502 0.1700458633945042 1.161677202052204 206 150 86 0.6 187 572 389 586 519 433
621 -0.1326479360920149 0.2083483945008434 1.164928113996346 42 20 10 0.4 187 573 389 587 519 434
622 0.0273844084992094 0.2623246923084593 1.14752820584529 88 51 22 0.52 187 574 389 588 519 435
623 -0.02122708524629977 0.2792374422681718 1.213238972411745 84 54 28 0.33 187 575 389 589 519 436
624 -0.07520442508422918 0.2736307252165509 1.184138581909553 145 105 62 0.67 187 576 389 590 519 437
625 -0.07520442508422918 0.2736307252165509 1.184138581909553 145 105 62 0.67 187 577 389 591 519 438
626 -0.009072426223644337 0.03204077288070645 1.23083272348451 159 100 52 0.61 35 62 187 578 389 592
627 -0.02183534362730908 0.02590531144282687 1.233852608864678 188 135 81 0.99 107 223 390 56 519 439
628 -0.03890391393026142 0.0302282124897435 1.234974984302235 220 159 94 0.62 35 63 107 224 389 593
629 -0.08612831023540819 0.003121805477703854 1.209529255956884 186 123 71 0.38 187 579 389 594 519 440
630 -0.06734702796349741 0.03809596425541317 1.215039085500255 170 116 63 1.35 107 225 187 580 519 441
631 -0.06445336080888936 0.05771776007625595 1.220546821994345 180 111 56 0.86 187 581 389 595 519 442
632 -0.07970778301531865 0.03686087948826405 1.21301921995612 171 111 64 0.59 187 582 389 596 519 443
633 -0.01019886167037765 0.07061178752662794 1.226171019634807 75 37 17 0.35 35 64 187 583 390 57
634 -0.05991015121719064 0.1235111681387126 1.229863010888245 206 139 68 0.32 107 226 187 584 389 597 509 15
635 -0.05003020073063883 0.1599784436822717 1.237895489415993 194 132 75 1.27 107 227 187 585 389 598
636 -0.04841168139269253 0.1635603517521313 1.233501889945032 44 24 17 0.72 107 228 187 586 389 599 519 444
637 -0.0846542111067624 0.1578519052163124 1.214183606979259 40 17 11 0.66 107 229 187 587 389 600
638 -0.1424343850755782 0.1541986018580683 1.16521169836526 149 80 37 0.98 187 588 389 601 519 445
639 -0.1488767682503811 0.1528076281868045 1.170299721360041 144 81 35 0.29 187 589 389 602 519 446
640 -0.09156055926220008 0.2105893306294094 1.201809261188361 150 98 56 0.78 107 230 187 590 389 603
641 0.05104932471514155 0.2053669156861848 1.147944358188615 100 70 43 0.78 187 591 389 604 519 447
642 -0.04032733054887264 0.2363232904024765 1.214927380726404 187 126 68 0.34 187 592 389 605 519 448
643 -0.04446047531313994 0.2614825758297097 1.187631850502086 155 89 45 0.37 187 593 389 606 519 449
644 -0.04387251833818177 0.05685909880289991 1.226632801129164 212 152 87 1.15 35 65 107 231 389 607
645 -0.08079762369426971 0.0517231526142769 1.209611189787626 204 142 83 0.82 107 232 389 608 519 450
646 -0.02071797562228812 0.1391135625170845 1.241716064942079 210 149 84 0.81 107 233 187 594 389 609
647 -0.04567219097239942 0.1269786096546026 1.227150492948362 192 125 63 0.42 107 234 187 595 389 610
648 -0.1234931722379048 0.1092086555280563 1.19805915225456 186 123 68 0.39 187 596 389 611 519 451
649 0.004312018674529626 0.161287001101407 1.215460054215634 32 18 12 1.02 107 235 187 597 389 612 519 452
650 -0.01019872502233517 0.1664700539608343 1.224354846532026 169 118 67 1.57 107 236 389 613 519 453
651 -0.1649186466385954 0.1397708768852439 1.164211946147891 33 22 16 0.49 187 598 389 614 519 454
652 0.06469449035578875 0.1575719095602572 1.127990108620921 127 82 45 0.56 187 599 389 615 519 455
653 0.03650639251972279 0.2079857600654256 1.169438691610607 122 88 52 0.88 187 600 389 616 519 456
654 -0.1697103330831441 0.1983728158189915 1.149150434145342 28 18 7 0.6 187 601 389 617 519 457
655 0.09318431212859066 0.199018745110388 1.077087742361872 34 21 11 0.67 187 602 389 618 519 458
656 0.05861108858274742 0.2122813797557169 1.120176499364804 130 88 47 1.22 187 603 389 619 519 459
657 0.0406302197098128 0.2305555323649764 1.143857263400639 185 133 89 0.44 187 604 389 620 519 460
658 -0.03348213202471194 0.168887086546504 1.226562084553968 152 86 43 1.3 187 605 389 621 519 461
659 0.04657021705364923 0.2365257185541002 1.126508559130993 74 38 15 0.97 187 606 389 622 519 462
660 0.04657021705364923 0.2365257185541002 1.126508559130993 74 38 15 0.97 187 607 389 623 519 463
661 -0.03240856926072914 0.02169101906404819 1.230994690758876 129 74 34 0.24 187 608 389 624 519 464
662 -0.09651913485051129 -0.02302342915520961 1.202160180112211 166 107 61 0.24 187 609 389 625 519 465
663 -0.1419897500522309 0.002138263746394198 1.174037705074471 155 94 55 0.33 187 610 389 626 519 466
664 -0.02709572423775441 0.07518410939238085 1.23784802840105 117 60 16 0.99 107 237 389 627 509 16
665 0.04417748886214941 0.05206457586793878 1.166550965882854 196 138 82 0.19 107 238 187 611 389 628
666 0.00516222136520508 0.08189624532763762 1.213989190755244 178 117 65 0.12 107 239 187 612 389 629
667 -0.008432653692807032 0.08082841286231318 1.224510857333133 164 103 51 0.12 107 240 187 613 389 630 519 467
668 -0.07925593652007505 0.07979507143170617 1.212962094047547 208 151 89 0.23 107 241 389 631 509 17
669 -0.1534224671517039 0.01995798373637592 1.161790636000411 92 52 32 0.35 187 614 389 632 519 468
670 -0.07052495923500279 0.1156061421831375 1.224628554730697 202 135 73 0.06 107 242 187 615 389 633
671 -0.08707824555284019 0.104378683699603 1.20459566163343 183 112 54 0.16 107 243 187 616 389 634
672 -0.09871395175945315 0.1082955684878676 1.214417804565044 201 141 83 0.12 107 244 187 617 389 635
673 0.060597988495015 0.1077951328807506 1.153252822884535 92 38 9 0.49 107 245 187 618 389 636
674 -0.03578832119127495 0.1370059938492963 1.232076787684031 119 63 25 0.67 107 246 389 637 390 58 519 469
675 -0.09903192912391347 0.1151002507685137 1.211321056278586 140 86 40 0.16 187 619 389 638 519 470
676 -0.1164609248613051 0.1066742754067559 1.201042310601301 170 112 56 0.08 187 620 389 639 509 18
677 0.1003366588445536 0.06762214065160294 1.078442675458724 207 195 179 1.75 107 247 187 621 389 640
678 -0.1015992142211483 0.1233560874990432 1.204428113731693 170 108 56 0.12 187 622 389 641 519 471
679 -0.1527228508480193 0.1125895438849435 1.171759489647496 194 130 74 0.2 107 248 187 623 389 642
680 -0.08752613655114258 0.1537793048841029 1.213866087128457 166 114 67 0.31 107 249 187 624 389 643
681 -0.09775156338616454 0.1532965226298074 1.213411110178036 163 117 74 0.38 107 250 187 625 389 644
682 0.03852466537932205 0.1563458479639298 1.172016458034674 132 79 44 0.23 107 251 187 626 389 645
683 -0.05112637473862212 0.1667401667159777 1.219775547721721 125 66 24 0.17 107 252 187 627 389 646
684 -0.1395331158827731 0.1648608735026474 1.17092145721637 137 71 30 0.24 107 253 187 628 389 647
685 0.03854377134521619 0.1902169505851987 1.159646517346905 135 86 52 0.17 187 629 389 648 519 472
686 -0.1055471986547552 0.1931235545699233 1.192009746345876 157 108 65 0.28 107 254 187 630 389 649
687 -0.1220864106041243 0.183167061429221 1.179803169681597 100 47 15 0.24 107 255 187 631 389 650
688 -0.1539802207649804 0.1653511699701336 1.159700259792995 187 115 61 0.07 107 256 187 632 389 651
689 -0.1611234740471703 0.1667094271606785 1.152620118672147 206 139 81 0.27 107 257 187 633 389 652
690 -0.0254617900301885 0.2238960525218792 1.236874404739129 119 74 40 0.09 187 634 389 653 519 473
691 -0.1195590366688516 0.1928738446251521 1.183015773393819 168 108 61 0.2 107 258 187 635 389 654
692 -0.1613020302579931 0.1738647014254577 1.151245538925629 175 108 58 0.47 107 259 187 636 389 655
693 -0.1891690707811012 0.2109898964230059 1.121943843019634 78 41 20 0.46 187 637 389 656 519 474
694 -0.2210211078567257 0.2012181282034345 1.099740445189187 163 106 57 0.35 187 638 389 657 519 475
695 -0.1588223221170374 0.2280599021285054 1.139222455676249 189 127 74 0.28 187 639 389 658 519 476
696 -0.06190515578573597 -0.1332905497112935 1.208386136203643 94 54 32 0.62 187 640 389 659 519 477
697 -0.08126658133169222 -0.02177187534960895 1.20660693800562 77 41 27 0.2 187 641 389 660 519 478
698 -0.05018591958584165 0.03168661550301854 1.226198478168468 144 95 59 0.36 107 260 389 661 519 479
699 -0.09932736514794265 0.009029894477605493 1.207468894648182 163 100 52 0.56 187 642 389 662 519 480
700 -0.003224464372510906 0.05046049584006324 1.218872143906139 124 77 42 0.4 107 261 187 643 389 663 519 481
701 -0.003224464372510906 0.05046049584006324 1.218872143906139 124 77 42 0.4 107 262 187 644 389 664 519 482
702 -0.03588588348360976 0.05048325365905781 1.226352973209581 164 106 59 0.15 107 263 187 645 390 59
703 -0.06064115262699475 0.04782457491250519 1.214850052005219 182 118 57 0.33 107 264 187 646 389 665 509 19 519 483
704 0.0161303173867544 0.04771345264372107 1.194760488769632 74 32 11 0.29 107 265 187 647 389 666
705 -0.1011129262415644 0.03394770714882339 1.199997935941381 197 136 75 0.69 107 266 389 667 519 484
706 -0.1176490245428514 0.02906601326091623 1.193231996813642 98 56 32 0.28 187 648 389 668 519 485
707 -0.1483342009162627 0.0003427233338467173 1.166414301080069 96 57 32 0.57 187 649 389 669 509 20 519 486
708 -0.03766964537221702 0.08013494410905175 1.231504937643876 187 130 77 0.2 107 267 187 650 390 60
709 -0.03524660004238447 0.08211669927748483 1.230869952690785 188 131 73 0.74 107 268 390 61 519 487
710 -0.1606680858404735 0.01350165915232293 1.159710910362483 91 51 30 0.12 187 651 389 670 519 488
711 0.002587354041225971 0.08522172576934123 1.216021992279535 159 103 58 0.4 107 269 187 652 389 671
712 -0.01974293127501153 0.1160899063245852 1.250067279045671 192 133 76 0.38 107 270 187 653 389 672
713 -0.0554813456668891 0.08524536327931254 1.22270417431422 88 40 12 0.2 107 271 187 654 389 673 390 62
714 -0.06321658552577387 0.08203577402470008 1.218166405684456 179 120 71 1.39 107 272 389 674 519 489
715 0.08421742776062467 0.03324465427186563 1.095307022665431 176 165 149 0.85 107 273 187 655 389 675
716 -0.06644376835116145 0.1164525729102063 1.22722641430238 198 131 71 0.42 107 274 187 656 389 676 519 490
717 -0.1154225912521305 0.0928946532256632 1.208228945467821 180 119 66 0.32 107 275 187 657 389 677
718 -0.1794206706678388 0.04263651945320135 1.148705260543991 104 70 41 0.2 187 658 389 678 519 491
719 0.03661307530772359 0.1048455449502825 1.185204353727732 153 92 42 0.39 107 276 187 659 389 679
720 -0.1153198891581652 0.1050642425850721 1.200899082665301 94 55 29 0.49 187 660 389 680 519 492
721 -0.1384369401772405 0.1004529145704844 1.187963499361258 96 51 23 0.43 107 277 187 661 389 681
722 -0.0420291294191662 0.1573336535607947 1.240320317484059 212 150 86 0.32 107 278 187 662 389 682
723 0.0006140722550706454 0.1614895479443536 1.218845547868624 33 15 9 0.53 107 279 187 663 389 683
724 -0.01616228679865443 0.1686522912986744 1.242284849170669 138 88 50 0.11 107 280 187 664 389 684
725 -0.06321680455439126 0.1571967622395056 1.227136947356212 149 112 68 0.46 107 281 389 685 519 493
726 -0.09983908988878132 0.132604077012128 1.203709315921569 198 133 78 0.1 107 282 187 665 389 686
727 -0.1042518387932175 0.1351821461848622 1.20310479578265 124 71 28 0.49 107 283 187 666 389 687
728 -0.1533481398697222 0.1089334381430266 1.175189399819801 117 67 33 0.14 187 667 389 688 519 494
729 -0.003913453036758817 0.1720800791803896 1.222075482587355 123 78 43 0.31 107 284 389 689 519 495
730 -0.02436279422342923 0.1731891533434186 1.237277906521236 154 100 54 0.24 107 285 187 668 389 690 519 496
731 -0.07194763377881623 0.1563910927214609 1.223542258007815 199 136 78 0.23 107 286 187 669 389 691
732 -0.1517023710365327 0.1238349733083837 1.171864444025408 144 88 44 0.13 107 287 187 670 389 692
733 -0.1318623765389391 0.1415285677109177 1.190717686857699 145 99 52 0.29 107 288 187 671 389 693
734 -0.0637665508470798 0.1729692041281541 1.213457319529825 122 63 25 0.09 107 289 187 672 389 694
735 -0.07204275656117846 0.17355356920527 1.210927841869357 43 17 8 0.26 107 290 187 673 389 695
736 -0.1090671115022158 0.1685290754392076 1.192759113573933 67 33 11 0.08 107 291 187 674 389 696
737 -0.07409639476803428 0.1855587537737383 1.205286934017332 114 49 19 0.21 107 292 187 675 389 697
738 -0.1157252647853433 0.1786913780448058 1.184940954677587 187 120 64 0.28 107 293 187 676 389 698
739 -0.06976111562959532 0.2056528884905162 1.214634214962285 170 116 67 0.46 107 294 187 677 389 699
740 -0.1388214526842969 0.1760150499785972 1.168223362350609 203 137 75 0.27 107 295 187 678 389 700
741 -0.07898550348060078 0.202687914331959 1.202853998817537 135 76 30 0.37 107 296 187 679 389 701
742 -0.08218670512179935 0.2107458370789986 1.205138692574231 174 116 62 0.63 107 297 187 680 389 702
743 -0.1044930906082054 0.1973111007887107 1.193076653093368 143 88 46 0.25 107 298 187 681 389 703
744 -0.03155393438826928 0.2441065313928487 1.215891060095902 96 52 23 0.34 187 682 389 704 519 497
745 -0.07324043317203728 0.2464865862526783 1.180739737885936 182 120 69 0.18 187 683 389 705 519 498
746 -0.1927788309847529 0.2114915676092431 1.11313936255462 114 62 29 0.17 187 684 389 706 519 499
747 -0.03418660995291246 0.2666175775870305 1.205921268387568 126 74 36 0.15 187 685 389 707 519 500
748 -0.164718494949113 0.2283368077607584 1.134129090209275 142 89 47 0.27 187 686 389 708 519 501
749 -0.03138756618435366 0.2807506872557656 1.216576363328806 92 55 27 0.12 187 687 389 709 519 502
750 -0.0613549277673273 -0.1395575585491069 1.20703909970618 136 91 56 0.54 187 688 389 710 519 503
751 -0.02244174076001654 -0.06794826079732907 1.232715650767851 121 69 44 0.16 187 689 389 711 519 504
752 -0.05397136827766599 -0.09526532966999435 1.213068073777638 163 108 59 0.2 187 690 389 712 519 505
753 -0.07086091917732634 -0.104808638642766 1.204708286183852 82 53 35 0.26 187 691 389 713 519 506
754 -0.08554439363819172 -0.0485845074262099 1.202335275411135 158 103 57 0.63 187 692 389 714 519 507
755 -0.02588107205775013 0.02151450502837976 1.23868640703605 159 94 48 0.15 187 693 389 715 519 508
756 -0.09547764306193883 -0.02421713671155351 1.204040355298483 99 56 34 0.28 187 694 389 716 519 509
757 0.006421049468234248 0.0209710673412884 1.209987087445358 80 42 20 0.2 107 299 187 695 389 717
758 0.06372871174788497 -0.0164834248314456 1.126355480367194 183 131 79 0.56 107 300 187 696 389 718
759 -0.05312252409683069 0.04536945135490844 1.222709747940876 176 119 57 0.32 107 301 187 697 509 21 519 510
760 -0.08211953927290619 0.03254626824698326 1.211781610290508 175 109 57 0.05 187 698 389 719 519 511
761 0.03978502277308823 0.03382549564967163 1.172994950560101 175 125 76 0.14 107 302 187 699 389 720
762 0.02684489183740233 0.04294877815879622 1.185849168568667 146 101 60 0.42 107 303 187 700 389 721 519 512
763 -0.04323798243640964 0.06905860097972222 1.230313891404215 90 43 19 0.15 107 304 187 701 389 722 519 513
764 -0.02912959094221749 0.09154681732747266 1.232670528498378 161 100 53 0.22 107 305 187 702 390 63 519 514
765 -0.04449537656010468 0.08958195852932954 1.227351934061994 201 134 76 0.43 107 306 187 703 389 723 390 64
766 -0.04454303463135978 0.08897390694415203 1.226809339954857 202 136 67 0.52 107 307 187 704 389 724 390 65 509 22
767 0.05352961593406856 0.07490475621165027 1.176460038411309 195 132 75 0.27 107 308 187 705 389 725
768 -0.042864139482647 0.1104588505292341 1.232156842025046 52 23 10 0.55 107 309 187 706 389 726
769 -0.08384026315344421 0.08686441806121187 1.206376518060467 178 120 65 0.26 107 310 187 707 519 515
770 -0.02621204095388331 0.1338113968993965 1.241485998685981 47 17 5 0.25 107 311 187 708 389 727
771 -0.1145900615521293 0.1015099095676669 1.203487755943645 174 111 59 0.1 107 312 187 709 389 728
772 -0.03512803584983384 0.1423820515201804 1.232075443196692 181 122 62 0.84 107 313 389 729 519 516
773 -0.1331323925772489 0.103513458201277 1.192900214521412 83 41 17 0.44 107 314 187 710 389 730
774 0.04182240147361201 0.1245400871584481 1.170921634752222 180 120 67 0.34 107 315 187 711 389 731
775 -0.03170458730829372 0.1625212323900833 1.244381942399727 197 137 79 0.18 107 316 187 712 389 732
776 -0.05825750529825235 0.1364097406749191 1.219608950008978 152 87 37 0.16 107 317 389 733 519 517
777 -0.06146495812290828 0.1478236070990191 1.227755066964771 207 143 77 0.39 107 318 187 713 389 734
778 -0.08556432571917862 0.1287242964053405 1.201863477803468 187 119 58 0.27 107 319 187 714 389 735 519 518
779 -0.05523181528023018 0.1541023783907069 1.228366093612149 190 135 83 0.74 107 320 187 715 389 736
780 -0.09878350938033144 0.1336518491557419 1.201727621648225 120 69 28 0.45 107 321 187 716 389 737
781 -0.004594781728699232 0.1706989117571116 1.223295729914147 39 17 10 0.39 107 322 187 717 389 738
782 -0.05992189337080095 0.1595443830214275 1.222776462640169 80 39 17 0.36 107 323 187 718 389 739
783 -0.1228332417395799 0.1326779989615242 1.190905316842819 192 121 64 0.98 187 719 389 740 519 519
784 -0.135500726474252 0.1270542786818516 1.182850030148273 147 84 40 0.13 187 720 389 741 519 520
785 -0.1333206115609653 0.1326875995240354 1.184510075312603 175 105 50 0.25 107 324 187 721 389 742
786 0.1083364379585216 0.1062610604210635 1.076635099864803 145 97 61 0.41 187 722 389 743 519 521
787 -0.05228374645051029 0.1679668396211821 1.218722823907199 180 118 66 0.49 107 325 389 744 519 522
788 -0.08825392009252021 0.1823162871058318 1.192286628592364 172 109 65 0.23 187 723 389 745 519 523
789 -0.1554666574402014 0.159359698041572 1.1650092703385 88 48 23 0.35 187 724 389 746 519 524
790 -0.04865654437379658 0.2120143437759653 1.224669346138783 116 73 36 0.15 187 725 389 747 519 525
791 -0.1013410525142515 0.203794285013447 1.198355504870109 162 117 74 0.25 107 326 187 726 389 748
792 -0.1196470269098831 0.1877595514540554 1.180520385372847 132 69 29 0.37 107 327 187 727 389 749
793 -0.1422134895726222 0.1804676084991086 1.165944169496366 184 114 66 0.12 187 728 389 750 519 526
794 -0.1011497824001273 0.2156340443416476 1.178272998421462 105 58 31 0.27 187 729 389 751 519 527
795 -0.04289631782222193 0.2447829402049046 1.21630445177267 106 59 26 0.22 187 730 389 752 519 528
796 -0.04693122056808452 0.239348379950823 1.203411930098816 188 124 67 0.25 187 731 389 753 519 529
797 -0.1538759043034751 0.2099867339378333 1.146227898089794 152 90 48 0.38 187 732 389 754 519 530
798 -0.1126550049025125 0.2266722317682861 1.170682767444355 167 107 62 0.15 187 733 389 755 519 531
799 0.01175534724110033 0.2538595575140485 1.165749268936644 157 98 55 0.41 187 734 389 756 519 532
800 0.007465534447178995 0.258264619947296 1.172619841479816 84 47 25 0.1 187 735 389 757 519 533
801 -0.08685884883075624 0.2437526895486723 1.172828059618772 167 101 50 0.07 187 736 389 758 519 534
802 -0.08248171253651154 0.2580472863268355 1.171097042931161 174 115 65 0.18 187 737 389 759 519 535
803 -0.08519990580747715 0.263333734291448 1.170780597613818 151 94 54 0.28 187 738 389 760 519 536
804 -0.02745284319891475 -0.07669781318388103 1.230585577548314 107 58 34 0.28 187 739 389 761 519 537
805 -0.07911585061715812 -0.03735136601260436 1.207421182765851 152 98 54 0.21 187 740 389 762 519 538
806 -0.04568049706387736 0.01810475279392537 1.228404712719811 81 44 25 0.25 187 741 389 763 519 539
807 0.003891293433874645 0.02211851152463118 1.211465624491741 194 130 73 0.4 107 328 187 742 389 764 519 540
808 0.003334550616483081 0.01581324833451025 1.204217475906409 193 139 86 0.52 107 329 390 66 519 541
809 0.009222266359964121 0.02473431745675342 1.199268668111277 151 111 70 0.65 107 330 390 67 519 542
810 -0.02077227855082958 0.0522740186640297 1.236802965600308 90 40 9 0.27 107 331 187 743 390 68
811 -0.01627435904638562 0.05097156865944663 1.230669104306778 87 45 22 0.31 107 332 187 744 390 69 519 543
812 0.03206124175709808 0.03426277373259745 1.182983225081351 169 108 59 0.18 107 333 187 745 389 765 519 544
813 -0.009598997389542382 0.05253180558108833 1.221648806466141 166 108 59 0.29 107 334 187 746 390 70
814 -0.05252007026944361 0.04556584994371887 1.219203680334949 104 58 27 0.28 107 335 187 747 519 545
815 -0.05252007026944361 0.04556584994371887 1.219203680334949 104 58 27 0.28 107 336 187 748 519 546
816 0.0001888787340934561 0.07088447550382759 1.218751320331418 74 38 17 0.46 107 337 187 749 389 766
817 -0.04775633943729598 0.06811117823552476 1.227356813124868 95 52 25 0.2 107 338 389 767 519 547
818 0.000527693010224076 0.08308517346336369 1.220410367305573 120 75 37 0.64 107 339 187 750 389 768
819 -0.005791853936429267 0.08728469761503582 1.218867752394399 90 50 24 0.29 107 340 187 751 389 769 519 548
820 -0.003735251142797616 0.09021747076571029 1.218654086818766 172 112 59 0.21 107 341 187 752 389 770
821 0.05298179753994835 0.07968038429631036 1.176464838978659 174 115 62 0.12 107 342 187 753 389 771
822 0.04664818493952581 0.07751381921072215 1.173396996936783 189 131 73 0.32 107 343 187 754 389 772
823 0.01581873483495014 0.1064156602992627 1.212882028476165 196 132 75 0.39 107 344 187 755 389 773
824 -0.08244796518893721 0.08355840889449107 1.21048334329131 184 120 62 0.68 107 345 187 756 519 549
825 -0.1115379904477704 0.09855136800934894 1.208737033757944 187 127 72 0.09 107 346 187 757 389 774
826 -0.1117176361988629 0.09772535698970286 1.203375377453193 78 49 31 0.07 187 758 389 775 519 550
827 -0.1110658733317136 0.1004518028858901 1.206660092997962 51 26 13 0.3 107 347 187 759 389 776
828 -0.03594558051979323 0.1555330558821278 1.24057315495351 221 164 102 0.28 107 348 187 760 389 777
829 -0.03596652709649235 0.1554420731722238 1.240463969945721 210 155 92 0.25 107 349 187 761 389 778 519 551
830 -0.06620475067303043 0.1444025554875702 1.224740781948055 147 84 37 0.68 107 350 187 762 389 779
831 -0.09934139915760844 0.1265433243844826 1.204736872313215 203 135 76 0.13 107 351 187 763 389 780
832 -0.09675119956387865 0.1394541323881834 1.205696299060155 208 147 80 0.25 107 352 389 781 519 552
833 -0.1016015913758436 0.1400925316513969 1.207827022529217 215 156 93 0.31 107 353 187 764 389 782
834 0.01142441299567503 0.1656198102723255 1.19998733933867 45 22 11 0.46 107 354 187 765 389 783
835 -0.06206622323955636 0.1714696146055699 1.215978390750443 142 76 31 0.07 107 355 187 766 389 784
836 -0.09777690876623445 0.1568239485319431 1.205137962877889 137 78 35 0.76 107 356 187 767 389 785
837 -0.1473140406995491 0.1392153314912939 1.179161716740239 171 119 72 0.24 107 357 187 768 389 786
838 -0.1019876734041777 0.1673231629000824 1.196167515251947 186 126 72 0.45 107 358 187 769 389 787
839 -0.06557699659318648 0.1857399345506029 1.210932586312419 136 62 25 0.16 107 359 187 770 389 788
840 -0.1537231884073563 0.1498686823538691 1.163990338864036 144 83 39 0.11 187 771 389 789 519 553
841 -0.1779409221451731 0.1424367346963388 1.147852586379326 92 52 29 0.29 187 772 389 790 519 554
842 -0.1571985898230996 0.1633653848813201 1.158396282177526 127 68 35 0.17 187 773 389 791 519 555
843 -0.1722713490296954 0.1629777709204976 1.141266704374842 109 58 26 0.23 187 774 389 792 519 556
844 0.02991603949346386 0.203777776052371 1.170775285488946 90 59 31 0.28 187 775 389 793 519 557
845 -0.04819091067450688 0.2494530795239023 1.203497277698947 187 125 68 0.07 187 776 389 794 519 558
846 -0.07851459724675031 0.2397353635353857 1.180180875237193 109 59 29 0.25 187 777 389 795 519 559
847 -0.03040719654139329 -0.05014303709532686 1.228996883754601 188 120 63 0.42 187 778 389 796 519 560
848 -0.06985064985373489 -0.01977429628197208 1.213415459141931 87 47 26 0.19 187 779 389 797 519 561
849 -0.04960607689727746 0.03455463543915543 1.226481734389432 110 62 34 0.69 107 360 389 798 519 562
850 -0.05967332684551684 0.03535439301281068 1.218654273971288 196 137 81 1.31 107 361 389 799 519 563
851 0.03570211244368401 0.03272117999962754 1.181807257366317 81 45 21 0.42 107 362 187 780 389 800
852 0.02124367098294792 0.03286765395536972 1.195121337238639 79 40 18 0.39 107 363 187 781 389 801
853 -0.000325261125686465 0.05020263987899787 1.213709403020526 94 54 30 0.3 107 364 187 782 389 802 519 564
854 -0.0392669956415437 0.05071752892257447 1.224922934430979 194 136 75 0.31 107 365 187 783 390 71 519 565
855 -0.06236802985348557 0.04587383406947892 1.216925121281859 114 58 22 0.41 107 366 187 784 509 23 519 566
856 -0.0622813768102613 0.04586747849310979 1.21684222074993 92 41 9 0.33 107 367 187 785 509 24
857 -0.03847143257356563 0.08975533135799352 1.227833636841794 168 104 46 0.23 107 368 187 786 389 803 390 72 509 25
858 -0.03854985644339739 0.0895319031116884 1.22760706459853 151 88 40 0.33 107 369 187 787 390 73 519 567
859 -0.04227120934630861 0.08785084513356189 1.228279776319543 76 31 9 0.6 107 370 187 788 389 804 390 74 509 26
860 -0.05435878409936522 0.111021445586948 1.223736392486674 170 111 59 0.81 107 371 187 789 389 805
861 -0.02874584326738455 0.1348796134811897 1.241354646727062 85 45 23 0.52 107 372 187 790 389 806 390 75 519 568
862 0.05125068565641979 0.1066539440151117 1.170298626188558 174 118 65 0.53 107 373 389 807 519 569
863 -0.09214575727316157 0.1260204623346722 1.198110995496333 116 58 22 0.13 107 374 187 791 389 808
864 -0.1119247110525171 0.1216240400620929 1.195743676628546 196 122 53 0.42 187 792 389 809 509 27 519 570
865 0.01009657205253407 0.1613223996138613 1.203798211354792 162 106 55 1.13 107 375 389 810 519 571
866 -0.06288385603941941 0.1754231485635194 1.213825079379538 150 82 33 0.36 107 376 187 793 389 811
867 -0.02701277159265394 0.221854085520397 1.234858404947977 123 78 41 0.79 187 794 389 812 519 572
868 0.0130391168205403 0.257283453269128 1.166054675434478 94 53 27 0.08 187 795 389 813 519 573
869 -0.02473045477766173 0.01662444745350977 1.237178220836999 181 118 64 0.33 187 796 389 814 519 574
870 0.005950680059483191 0.03587307318441391 1.210325666299833 78 42 20 0.93 107 377 187 797 389 815
871 -0.1173851100882808 0.009619998287735243 1.193822970427037 78 43 29 0.68 187 798 389 816 519 575
872 0.04396038744001494 0.03135498129015907 1.169379934391608 99 62 41 0.54 107 378 389 817 519 576
873 0.02299709784845233 0.04472832525969672 1.188199301741287 103 61 30 0.35 107 379 187 799 389 818
874 -0.01419047095891425 0.08924061768712832 1.230386845886146 59 31 15 0.03 107 380 187 800 389 819
875 0.007304146682483725 0.08668671367425679 1.206211480209926 62 31 14 0.39 107 381 187 801 389 820
876 -0.07714787823734481 0.08127404722437048 1.210975784943661 74 32 10 0.5 107 382 187 802 389 821 509 28
877 -0.03713632324614022 0.127640246431831 1.239322835473509 191 132 74 0.58 107 383 187 803 389 822 390 76 519 577
878 -0.08289543289767484 0.1062830050564438 1.213782548182369 81 39 18 0.56 107 384 187 804 389 823
879 -0.05418776573293652 0.1367899121465362 1.219831020754463 192 125 64 0.35 107 385 187 805 389 824 519 578
880 -0.1190860865892223 0.184762191801808 1.182022224558087 133 78 45 0.03 107 386 187 806 389 825
881 -0.1407004296163341 0.2072572597555764 1.153198651540053 61 34 14 0.17 187 807 389 826 519 579
882 0.03809748139294882 0.2507044102444046 1.136015649601487 179 131 80 0.16 187 808 389 827 519 580
883 -0.06808648524207438 0.02285747231759339 1.214516995586921 189 134 78 1.1 107 387 389 828 519 581
884 -0.02939447861419328 0.06338381667875526 1.233482484923434 187 130 76 0.7 107 388 187 809 390 77 519 582
885 0.001599118247577627 0.1088189806419181 1.214032201147934 104 57 28 0.42 107 389 389 829 519 583
886 -0.03357002272016566 0.1336573337153987 1.233485113265287 195 134 75 0.6 107 390 389 830 390 78 519 584
887 0.03379911913628005 0.1511091064072359 1.18195684796112 169 117 67 0.31 107 391 187 810 389 831
888 -0.1428369924673968 0.205990764866838 1.159344911974479 144 85 39 0.57 187 811 389 832 519 585
889 -0.03098355479420184 0.2702402002459163 1.215323041893334 183 122 69 0.5 187 812 389 833 519 586
890 -0.009568359474200858 0.0502931515637734 1.231161144808425 199 130 66 0.55 107 392 187 813 389 834
891 0.01933476409102526 0.0544866477091831 1.191306240157678 191 128 72 0.26 107 393 187 814 389 835 519 587
892 -0.07886125970268106 0.07506519826153779 1.214517752279408 201 142 80 0.31 107 394 389 836 519 588
893 -0.01632948751155183 0.132695870756989 1.244935316653982 92 51 27 0.62 107 395 187 815 389 837 519 589
894 -0.1929674459116225 0.2013373381245264 1.114893588104662 166 101 52 0.09 187 816 389 838 519 590
895 0.01767017941262433 0.2645469439169667 1.160323272086526 111 73 38 0.83 187 817 389 839 519 591
896 -0.007379371867250177 0.1309298087717461 1.231006345150506 72 38 17 0.78 107 396 187 818 389 840
897 -0.08079177232291386 0.1526595725248463 1.218711310192681 202 138 76 0.76 107 397 187 819 389 841
898 -0.09840454469954754 0.1448449366624859 1.208183182547443 191 142 92 1.15 107 398 187 820 389 842
899 0.01151113251090984 0.2134321848404975 1.199017895417849 128 87 51 0.65 187 821 389 843 519 592
902 0.0216819111987642 -0.1735587338480264 1.16121861347826 99 72 74 0.27 187 824 389 846 519 595
903 0.001533766244144466 -0.1308884268635752 1.195784653743629 89 55 37 0.22 187 825 389 847 519 596
904 -0.09192448521933451 -0.00965841984003335 1.226451133123247 144 86 47 2.15 389 848 519 597
905 0.03067089379323917 -0.0179593610357956 1.177126778989324 163 107 61 0.25 187 826 389 849 519 598
906 -0.04094960215666938 0.04887343923574061 1.230536476488569 151 84 38 0.65 187 827 389 850 519 599
907 -0.1516038926596872 -0.01406704763627797 1.165365511205665 126 75 46 0.11 187 828 389 851 519 600
908 0.006874869304634534 0.0393713360013665 1.205960577594881 164 104 58 0.14 187 829 389 852 519 601
909 -0.007064940418056727 0.07550595739738875 1.224541232324444 117 63 30 0.34 187 830 389 853 519 602
910 -0.08644921226101324 0.0751151461182028 1.209912684585653 172 106 43 0.16 187 831 389 854 509 29
911 -0.1787444818910611 0.02529956016439855 1.142806074595923 152 94 52 0.1 187 832 389 855 519 603
912 -0.1787444818910611 0.02529956016439855 1.142806074595923 152 94 52 0.1 187 833 389 856 519 604
913 -0.1833344144987547 0.02531025038674534 1.142576127907291 175 114 68 0.26 187 834 389 857 519 605
914 -0.03619335447990543 0.1307600452897572 1.236839227281055 97 53 25 0.25 187 835 389 858 390 79
915 -0.0503467744455025 0.1244659963143913 1.224393374211846 115 58 21 0.23 187 836 389 859 390 80
916 -0.1943488444123875 0.04352298765104456 1.134154569508788 153 103 64 0.2 187 837 389 860 519 606
917 -0.1147391993947201 0.109641422569314 1.199927396215795 188 123 58 0.18 187 838 389 861 509 30 519 607
918 -0.1228948026035021 0.1112877679431046 1.194814059501094 218 150 72 0.1 187 839 389 862 509 31
919 -0.006374869729982018 0.1713231915420942 1.222728249522109 114 70 39 0.25 187 840 389 863 519 608
920 0.07201848338008919 0.1459925735350367 1.136295337914829 102 75 48 0.61 187 841 389 864 519 609
921 0.06873304735444362 0.165364485729913 1.124333128018329 89 60 36 0.46 187 842 389 865 519 610
922 -0.04618876559532259 0.2081834491018729 1.225624549611351 84 57 34 0.29 187 843 389 866 519 611
923 0.0964071209106544 0.1524303308629786 1.070041475822868 140 91 51 0.66 187 844 389 867 519 612
924 0.01088819130338541 0.1954859949085245 1.18731912129471 155 99 54 0.15 187 845 389 868 519 613
925 -0.02417883234222307 0.2211006134087632 1.235874847649561 97 60 29 0.16 187 846 389 869 519 614
926 -0.02583030121783637 0.2249336889896546 1.225977452705007 121 71 33 0.33 187 847 389 870 519 615
927 0.06678280977997171 0.2157683290207911 1.107366194433316 92 57 27 0.27 187 848 389 871 519 616
928 -0.1929043671082794 0.2001803309847698 1.120537677625234 180 115 56 0.6 187 849 389 872 519 617
929 0.05521698587256847 0.2291016292377433 1.11895988312299 114 69 33 0.29 187 850 389 873 519 618
930 -0.002648080998842535 0.2461260071313388 1.182487624663719 109 67 33 0.12 187 851 389 874 519 619
931 -0.03954697618305176 0.2502364671289766 1.209463681744685 177 120 63 0.25 187 852 389 875 519 620
932 -0.07954574676135728 0.2421986509896955 1.186324980862525 176 110 59 0.2 187 853 389 876 519 621
933 0.02022628942640135 0.2530617037530968 1.151221762869192 148 94 55 0.36 187 854 389 877 519 622
934 -0.01402110966820766 0.2649474039788199 1.201314086573744 163 109 62 0.09 187 855 389 878 519 623
935 -0.04376755439636393 0.2574697364556323 1.199854851044748 136 73 33 0.21 187 856 389 879 519 624
936 -0.1224057470380448 0.2453714017337513 1.152954723752173 180 124 73 0.28 187 857 389 880 519 625
937 0.03963434424863235 0.257612885309536 1.133976706627998 87 59 32 0.13 187 858 389 881 519 626
938 0.02018602963991496 0.2650059539708983 1.146181774929274 91 64 35 0.12 187 859 389 882 519 627
939 0.00200085403618011 0.2727376741027526 1.173640461853859 114 75 39 0.04 187 860 389 883 519 628
940 -0.01281839940566558 0.2743617152861093 1.201796512370272 74 42 17 0.04 187 861 389 884 519 629
945 -0.06102727846635088 -0.1729248268058481 1.205701594400671 106 66 41 0.42 187 866 389 889 519 634
946 -0.06283164259884073 -0.1780703064035912 1.204059861447693 166 119 73 0.2 187 867 389 890 519 635
947 -0.01824505658338181 0.02398770617847212 1.236270989556584 177 108 54 0.4 187 868 389 891 519 636
948 -0.1344659844602322 -0.03346069291055953 1.174779105045355 149 82 45 0.2 187 869 389 892 519 637
949 0.0196514010531936 0.005658890677419259 1.191579446448813 98 55 33 0.47 187 870 389 893 519 638
950 0.002247263286260174 0.0388643216813242 1.216159747611489 163 106 61 0.4 187 871 389 894 519 639
951 -0.05280199820620718 0.04337750150638892 1.227024816428754 178 116 63 0.35 187 872 389 895 519 640
952 -0.06659029373688879 0.02866417067006394 1.218264229972781 132 80 41 0.14 187 873 389 896 519 641
953 -0.1537760520580882 -0.02947335238433901 1.162226168961928 165 105 54 0.22 187 874 389 897 519 642
954 -0.03588496083695646 0.05171726027681051 1.228232132826653 152 85 38 0.36 187 875 389 898 519 643
955 -0.09218762205630375 0.03876380307824145 1.202771876387487 122 71 31 0.17 187 876 389 899 519 644
956 -0.07552196925068891 0.06429014160350716 1.210490323090182 97 46 10 0.38 187 877 389 900 509 32
957 -0.1110339609231542 0.07195602937233742 1.21056090884765 119 65 27 0.04 187 878 389 901 519 645
958 -0.03427190026878655 0.1180116711910626 1.244732861902709 207 145 90 0.18 187 879 389 902 390 81
959 -0.03882057973535149 0.1112352765517262 1.227915031286571 83 43 18 0.69 187 880 389 903 390 82 519 646
960 -0.03949456178228293 0.1288218709767217 1.233242038191564 150 97 59 0.35 187 881 389 904 390 83
961 -0.0370136985728239 0.1317060598439762 1.231547355059612 162 106 62 0.11 187 882 389 905 390 84
962 0.01850145292561649 0.1263161300413354 1.205566985855035 138 89 48 0.59 187 883 389 906 519 647
963 -0.0344457860153363 0.1429489342091874 1.235401740092377 174 110 56 0.37 187 884 389 907 519 648
964 -0.1687405956242675 0.09961196612996265 1.16440116745802 172 107 53 0.46 187 885 389 908 519 649
965 0.07447230069248392 0.1056119678300479 1.130661821370461 188 124 66 0.75 187 886 389 909 519 650
966 -0.004409098076320091 0.1693772153827866 1.224993554077206 104 57 29 0.48 187 887 389 910 519 651
967 -0.1419419162642747 0.1316784241913719 1.180370959502157 144 88 46 0.15 187 888 389 911 519 652
968 -0.1338856204513683 0.1463187546968686 1.181066763944016 115 63 28 0.34 187 889 389 912 519 653
969 0.07673096593682474 0.1508248184380295 1.110670483412455 95 61 40 0.38 187 890 389 913 519 654
970 -0.04167770826179963 0.208450026391124 1.222557081949075 165 105 56 0.19 187 891 389 914 519 655
971 -0.1194657758084897 0.1712679840695099 1.180684876531516 132 68 28 0.43 187 892 389 915 519 656
972 -0.1705797399797531 0.1693261217380149 1.139370122342874 162 98 52 0.19 187 893 389 916 519 657
973 -0.1898472257866901 0.16740356566494 1.131796719390474 128 70 34 0.25 187 894 389 917 519 658
974 0.03444146958663333 0.2169260824367125 1.155031005531233 49 30 15 0.44 187 895 389 918 519 659
975 0.007318873930890561 0.2212015439173029 1.187563143407789 122 78 49 0.21 187 896 389 919 519 660
976 0.06844519290454798 0.2150384712953614 1.108035181154443 132 85 50 0.5 187 897 389 920 519 661
977 0.006934567230475292 0.2371125650139589 1.175638437710678 97 55 29 0.12 187 898 389 921 519 662
978 0.03409763447398824 0.2340043731040481 1.14977688072793 107 71 41 0.13 187 899 389 922 519 663
979 0.001190509420354547 0.2473960116627579 1.180986733529497 153 93 49 0.1 187 900 389 923 519 664
980 -0.04504504349351764 0.2518233350833567 1.203085866000677 181 104 54 0.21 187 901 389 924 519 665
981 -0.04611476436817712 0.2519374694941955 1.205945765525911 150 78 37 0.21 187 902 389 925 519 666
982 -0.07592368967158387 0.2402750888326356 1.184658547028689 194 134 84 0.15 187 903 389 926 519 667
983 0.05302422912176478 0.2402217260864272 1.113740737800515 139 86 45 0.12 187 904 389 927 519 668
984 -0.0711765999239803 0.2607052480887675 1.1857628400995 175 115 62 0.45 187 905 389 928 519 669
985 -0.03654926781214771 0.03238101169191882 1.233467714469608 158 98 49 0.12 187 906 389 929 519 670
986 -0.06963136342823723 0.0496111093442998 1.2127844876523 102 60 33 0.19 187 907 389 930 519 671
987 -0.1057006372311333 0.04086202859306926 1.198912699560395 113 64 36 0.16 187 908 389 931 519 672
988 -0.1243842115180081 0.01750391834650378 1.191609773643881 162 113 65 0.49 187 909 389 932 519 673
989 -0.09762044533993507 0.06199307740967946 1.205448022091034 183 120 64 0.21 187 910 389 933 519 674
990 -0.05529245735675642 0.08326394212388016 1.223343712586052 161 96 41 0.47 187 911 389 934 509 33 519 675
991 -0.1726908102653895 0.02410761503305259 1.153175031908245 145 82 39 0.26 187 912 389 935 519 676
992 -0.04107613023525735 0.1039147442785623 1.230465066760322 129 75 36 0.12 187 913 389 936 390 85
993 -0.1938355289313758 0.03916885926240704 1.138541063123179 125 109 94 0.81 187 914 389 937 519 677
994 -0.01230267383702541 0.1340980672836586 1.242186486163405 115 63 31 0.22 187 915 389 938 519 678
995 -0.2038241354407271 0.05125190811859559 1.130579214249027 197 205 204 0.34 187 916 389 939 519 679
996 -0.02365341279058512 0.1472419078537406 1.242252238950407 144 84 41 0.2 187 917 389 940 519 680
997 -0.09940675851022535 0.1264742853186305 1.204596320682322 171 105 50 0.19 187 918 389 941 519 681
998 0.03567804474501394 0.1302901924656967 1.178697377776345 173 106 53 0.26 187 919 389 942 519 682
999 -0.03608867770551343 0.161294396882295 1.241522863666984 122 79 42 0.41 187 920 389 943 519 683
1000 -0.05521609600087271 0.1411530976708009 1.220452043505001 117 71 35 0.47 187 921 389 944 519 684
1001 -0.1140289434893864 0.1337253505424271 1.194696447779256 176 113 59 0.16 187 922 389 945 519 685
1002 -0.006840850094539448 0.1823039827366555 1.225062455766357 58 34 19 0.3 187 923 389 946 519 686
1003 0.0737177086448387 0.151269857710097 1.125879913724837 49 39 23 0.65 187 924 389 947 519 687
1004 0.06182680461660293 0.1567913515378747 1.138767739773098 64 42 24 0.31 187 925 389 948 519 688
1005 0.06182431976692884 0.1643215678162793 1.134507348182877 121 72 40 0.37 187 926 389 949 519 689
1006 0.01881274507730149 0.181232281598654 1.1806024146252 107 59 27 0.26 187 927 389 950 519 690
1007 -0.09398483061205665 0.1819105459606381 1.184071168627645 116 62 27 0.13 187 928 389 951 519 691
1008 -0.1520016095233428 0.1643164724438316 1.159960994959624 120 65 33 0.22 187 929 389 952 519 692
1009 0.06447735215639896 0.1782553157144974 1.123673062703879 93 55 29 0.37 187 930 389 953 519 693
1010 -0.08406404258940685 0.2023599600025116 1.202064814107043 85 59 33 0.22 187 931 389 954 519 694
1011 -0.1536258404350449 0.180168156002415 1.158595384778598 128 75 40 0.2 187 932 389 955 519 695
1012 -0.009569636211295671 0.2437857812924762 1.204760773211486 97 59 31 0.24 187 933 389 956 519 696
1013 -0.03130635820529783 0.24921747265053 1.216009290243195 180 115 60 0.12 187 934 389 957 519 697
1014 -0.04289631782222193 0.2447829402049046 1.21630445177267 106 59 26 0.22 187 935 389 958 519 698
1015 -0.1982576651083315 0.2042575258896476 1.11756933332392 179 112 59 0.52 187 936 389 959 519 699
1016 0.06461333831323368 0.23282151660009 1.107756370700509 102 70 43 0.33 187 937 389 960 519 700
1017 0.03310624950445201 0.2546841881808326 1.149269879290281 84 55 31 0.45 187 938 389 961 519 701
1018 0.002865296375696606 0.2605962900728614 1.176778650396251 143 88 48 0.1 187 939 389 962 519 702
1019 -0.006314853665849801 0.2572706671474698 1.189282028294159 77 49 26 0.2 187 940 389 963 519 703
1020 -0.08018447741311922 0.2531772041728405 1.170415174750453 105 56 27 0.21 187 941 389 964 519 704
1021 -0.1199106918621932 0.2367716628109385 1.153676657582143 133 82 42 0.13 187 942 389 965 519 705
1022 -0.04683916489236502 0.2716103267296532 1.195552436433331 136 81 46 0.66 187 943 389 966 519 706
1023 -0.05637631020260329 0.2694312969701879 1.188150104709993 150 95 52 0.24 187 944 389 967 519 707
1024 -0.004786903154652142 0.01648157814792761 1.231050781081646 76 45 27 1.35 187 945 389 968 519 708
1025 -0.1640465335478015 -0.002920683907364996 1.158131471123331 94 61 39 0.13 187 946 389 969 519 709
1026 -0.05921863512164062 0.07193042013480849 1.21890992384435 174 112 60 0.65 187 947 389 970 519 710
1027 -0.1164312412065887 0.07945524242898266 1.200572206197674 185 120 65 0.62 187 948 389 971 519 711
1028 -0.155784321430135 0.05546201412299306 1.162100678656599 101 59 33 0.45 187 949 389 972 519 712
1029 -0.1687715943460537 0.04085301377928685 1.155326721500919 168 115 62 0.37 187 950 389 973 519 713
1030 -0.1958552288845271 0.03933761848684575 1.134133839494439 196 206 203 0.14 187 951 389 974 519 714
1031 -0.01116929316181384 0.1329758331656298 1.243902195862494 82 53 25 0.32 187 952 389 975 519 715
1032 -0.03771014913772668 0.1296635096885314 1.236763068485209 69 35 17 0.28 187 953 389 976 390 86 519 716
1033 -0.1705697700219322 0.06330858815139606 1.158290911356687 181 112 50 0.5 187 954 389 977 509 34
1034 0.001752418259728468 0.131418843962573 1.2120552343816 149 91 43 0.85 187 955 389 978 519 717
1035 -0.09931835762055984 0.1276966228540035 1.201663356682205 123 68 27 0.24 187 956 389 979 519 718
1036 -0.1334806624424349 0.1232579927749711 1.182739362983983 175 110 53 0.19 187 957 389 980 519 719
1037 0.08124179815859293 0.1606217011761384 1.09920918387264 73 42 23 0.29 187 958 389 981 519 720
1038 0.0600829029911329 0.1815543484718761 1.131009106704879 125 77 46 0.3 187 959 389 982 519 721
1039 -0.06185367786678242 0.2068908852022591 1.209500210293272 158 107 62 0.28 187 960 389 983 519 722
1040 0.04243660099850141 0.2203023661337893 1.145329030000683 61 40 20 0.39 187 961 389 984 519 723
1041 0.007803422119590802 0.2751981979816235 1.187476543711864 122 78 47 0.57 187 962 389 985 519 724
1042 0.02708131276012002 -0.132910697489782 1.160353889208405 83 50 33 1.05 187 963 389 986 519 725
1043 -0.1563160976553729 -0.007152988991766418 1.163512254407167 180 123 71 0.33 187 964 389 987 519 726
1044 0.00889518766655659 0.05221558943833282 1.202004129047652 180 107 48 0.55 187 965 389 988 519 727
1045 -0.03866516464986564 0.09318795383792994 1.223410716492231 178 112 60 0.72 187 966 389 989 390 87 519 728
1046 -0.04090923920348953 0.08961147429021443 1.222346077549909 122 64 29 0.59 187 967 389 990 519 729
1047 -0.05273839674749742 0.09090712561511322 1.225873371353157 184 114 58 1.0 187 968 389 991 519 730
1048 0.04974626772232254 0.08229279183514737 1.176770320374585 84 55 39 0.32 187 969 389 992 519 731
1049 0.03412821929984784 0.0807302171085143 1.174965219412631 84 52 31 0.69 187 970 389 993 519 732
1050 0.08396528286411251 0.1444658626847816 1.118189369987465 126 84 47 1.0 187 971 389 994 519 733
1051 -0.1934602448761653 0.1924352992495183 1.122433919628079 121 69 32 0.33 187 972 389 995 519 734
1052 0.05508727298749869 0.2171749629369444 1.125637230837376 140 91 49 0.25 187 973 389 996 519 735
1053 0.02566379843820941 0.2215471829056714 1.155497473514669 59 37 20 0.05 187 974 389 997 519 736
1054 0.01895459499917055 0.2341157404610244 1.158528618991476 133 83 46 0.33 187 975 389 998 519 737
1055 -0.08545014110807553 0.2271490668688727 1.18353449123456 139 80 37 0.56 187 976 389 999 519 738
1056 -0.01086443221893559 0.2526723683172101 1.197734307963747 119 69 29 0.22 187 977 389 1000 519 739
1057 -0.04852459414815762 0.2542887356939373 1.202164411839092 186 125 70 0.12 187 978 389 1001 519 740
1058 -0.0170627868020399 0.2688450941838445 1.205022342336441 171 120 72 0.12 187 979 389 1002 519 741
1059 -0.04260054803193678 0.08807053819741173 1.228734109785524 66 26 8 0.11 187 980 389 1003 509 35
1060 -0.07916222148346201 0.2176691451887404 1.197341883504225 96 48 13 0.44 187 981 389 1004 519 742
1061 -0.07617935747836392 0.0619327524996664 1.210173044257226 102 49 18 0.8 187 982 389 1005 519 743
1062 -0.1889452121851678 0.02547472321975597 1.13762793934267 193 202 199 0.72 187 983 389 1006 519 744
1063 0.01843209457067108 0.1289347362567373 1.201740044732972 61 33 17 0.64 187 984 389 1007 519 745
1064 -0.02907019056598719 0.163287725381865 1.248997384551757 173 116 61 0.86 187 985 389 1008 519 746
1066 -0.03351508074355128 0.2007683550583568 1.227728356062002 98 43 23 0.25 187 987 389 1010 519 748
1067 -0.0801667880981537 0.2094678021002936 1.203720532397461 144 94 50 0.35 187 988 389 1011 519 749
1068 0.02491574461048466 0.2151933804739815 1.170288047533082 19 17 8 0.49 187 989 389 1012 519 750
1069 0.03924680344867334 0.1406252788174616 1.173394283626683 144 89 41 1.76 187 990 389 1013 519 751
1070 0.02750292175723628 0.157711493376429 1.185030200970755 33 20 12 0.56 187 991 389 1014 519 752
1071 0.0007556670763885567 0.2219625217461634 1.205702966712324 24 16 7 0.33 187 992 389 1015 519 753
1072 -0.0309961069408137 0.2168341333509981 1.235481158548376 155 101 52 0.98 187 993 389 1016 519 754
1073 -0.1361746533581293 0.105952415750018 1.188118973815726 183 128 68 0.69 389 1017 509 36 519 755
