{
    "cluster_vggt_pre_ba_metrics": {
        "num_cameras": 15.0,
        "num_points3d": 428.0,
        "rotation_angle_error_deg": {
            "summary": {
                "min": 0.2635863125324249,
                "max": 5.86088752746582,
                "median": 0.5801111459732056,
                "mean": 1.0813748836517334,
                "stddev": 1.3533129692077637,
                "len": 15,
                "invalid": 0,
                "quartiles": {
                    "q0": 0.2635863125324249,
                    "q1": 0.480567529797554,
                    "q2": 0.5801111459732056,
                    "q3": 1.0521562993526459,
                    "q4": 5.86088752746582
                }
            }
        },
        "translation_error_distance": {
            "summary": {
                "min": 0.01873234659433365,
                "max": 7.89263916015625,
                "median": 0.12666170299053192,
                "mean": 0.6555688977241516,
                "stddev": 1.9364205598831177,
                "len": 15,
                "invalid": 0,
                "quartiles": {
                    "q0": 0.01873234659433365,
                    "q1": 0.0689815990626812,
                    "q2": 0.12666170299053192,
                    "q3": 0.20648221671581268,
                    "q4": 7.89263916015625
                }
            }
        },
        "relative_translation_angle_error_deg": {
            "summary": {
                "min": 0.16822312772274017,
                "max": 155.88473510742188,
                "median": 2.606447458267212,
                "mean": 19.796659469604492,
                "stddev": 41.197750091552734,
                "len": 105,
                "invalid": 0,
                "quartiles": {
                    "q0": 0.16822312772274017,
                    "q1": 1.0839985609054565,
                    "q2": 2.606447458267212,
                    "q3": 6.975645065307617,
                    "q4": 155.88473510742188
                }
            },
            "full_data": [
                87.23577880859375,
                0.8184633255004883,
                2.23616099357605,
                1.0839985609054565,
                1.6363401412963867,
                0.7180259227752686,
                0.5756195187568665,
                2.465575695037842,
                0.8402471542358398,
                0.7621684670448303,
                7.936341285705566,
                1.1044634580612183,
                1.8682091236114502,
                2.2636399269104004,
                147.8972625732422,
                110.38116455078125,
                142.12266540527344,
                92.65084838867188,
                152.15191650390625,
                155.88473510742188,
                93.64685821533203,
                104.75297546386719,
                139.13162231445312,
                100.64102172851562,
                151.9445037841797,
                82.93839263916016,
                121.85801696777344,
                1.3233126401901245,
                14.773824691772461,
                7.250138282775879,
                5.601025104522705,
                10.334856033325195,
                1.5109851360321045,
                3.6554811000823975,
                1.5839836597442627,
                1.4929766654968262,
                1.2457455396652222,
                0.44653573632240295,
                1.834257960319519,
                0.7874034643173218,
                0.6428316831588745,
                0.9123275876045227,
                0.33981576561927795,
                12.22079086303711,
                0.5261133909225464,
                0.16822312772274017,
                4.232987403869629,
                0.25882822275161743,
                0.785515546798706,
                5.148036003112793,
                6.792807579040527,
                6.975645065307617,
                9.835407257080078,
                4.8449835777282715,
                2.627044677734375,
                54.38689422607422,
                3.5685298442840576,
                48.49917221069336,
                3.767488718032837,
                3.0139429569244385,
                2.9849791526794434,
                7.187189102172852,
                2.957587242126465,
                3.0245285034179688,
                3.0806736946105957,
                0.7959338426589966,
                1.7312906980514526,
                0.585881769657135,
                2.606447458267212,
                0.36499202251434326,
                4.743389129638672,
                0.740589439868927,
                4.008168697357178,
                2.269909620285034,
                4.380853652954102,
                0.504010796546936,
                1.9893553256988525,
                3.4878385066986084,
                2.533461332321167,
                5.494453430175781,
                2.222921848297119,
                22.446096420288086,
                1.34575355052948,
                0.6033653020858765,
                2.930976629257202,
                2.446178913116455,
                6.172128200531006,
                2.962486505508423,
                1.7444965839385986,
                5.798153400421143,
                1.6810297966003418,
                2.165635347366333,
                1.1608672142028809,
                0.4658515751361847,
                5.848867893218994,
                1.8968135118484497,
                9.635637283325195,
                0.18404720723628998,
                0.7947962284088135,
                0.9489275813102722,
                10.590618133544922,
                6.366695880889893,
                0.6669048070907593,
                0.7855832576751709,
                2.3780267238616943
            ]
        },
        "translation_angle_error_deg": {
            "summary": {
                "min": 0.14385586977005005,
                "max": 125.83566284179688,
                "median": 1.1841715574264526,
                "mean": 10.498950004577637,
                "stddev": 30.911022186279297,
                "len": 15,
                "invalid": 0,
                "quartiles": {
                    "q0": 0.14385586977005005,
                    "q1": 0.7951571643352509,
                    "q2": 1.1841715574264526,
                    "q3": 4.7495338916778564,
                    "q4": 125.83566284179688
                }
            }
        },
        "relative_rotation_angle_error_deg": {
            "summary": {
                "min": 0.181158646941185,
                "max": 6.7938008308410645,
                "median": 0.8446307182312012,
                "mean": 1.5822081565856934,
                "stddev": 1.8660447597503662,
                "len": 105,
                "invalid": 0,
                "quartiles": {
                    "q0": 0.181158646941185,
                    "q1": 0.5926668643951416,
                    "q2": 0.8446307182312012,
                    "q3": 1.4062305688858032,
                    "q4": 6.7938008308410645
                }
            },