{
    "cluster_vggt_metrics": {
        "num_cameras": 15.0,
        "num_points3d": 263.0,
        "rotation_angle_error_deg": {
            "summary": {
                "min": 0.19239307940006256,
                "max": 6.594943046569824,
                "median": 0.7096884250640869,
                "mean": 1.3586112260818481,
                "stddev": 1.717132329940796,
                "len": 15,
                "invalid": 0,
                "quartiles": {
                    "q0": 0.19239307940006256,
                    "q1": 0.2657798007130623,
                    "q2": 0.7096884250640869,
                    "q3": 1.3424691557884216,
                    "q4": 6.594943046569824
                }
            }
        },
        "translation_error_distance": {
            "summary": {
                "min": 0.014474558643996716,
                "max": 7.532247543334961,
                "median": 0.21976250410079956,
                "mean": 0.7455328106880188,
                "stddev": 1.825208067893982,
                "len": 15,
                "invalid": 0,
                "quartiles": {
                    "q0": 0.014474558643996716,
                    "q1": 0.10249382257461548,
                    "q2": 0.21976250410079956,
                    "q3": 0.5166178047657013,
                    "q4": 7.532247543334961
                }
            }
        },
        "relative_translation_angle_error_deg": {
            "summary": {
                "min": 0.03810803219676018,
                "max": 152.39096069335938,
                "median": 3.3702030181884766,
                "mean": 20.905052185058594,
                "stddev": 40.521636962890625,
                "len": 105,
                "invalid": 0,
                "quartiles": {
                    "q0": 0.03810803219676018,
                    "q1": 1.404004693031311,
                    "q2": 3.3702030181884766,
                    "q3": 11.27442455291748,
                    "q4": 152.39096069335938
                }
            },
            "full_data": [
                87.34989166259766,
                0.43393850326538086,
                1.6118190288543701,
                0.7916465997695923,
                1.25801420211792,
                4.159151554107666,
                1.4200148582458496,
                1.2433686256408691,
                0.7099467515945435,
                0.03810803219676018,
                4.422828197479248,
                0.6742733716964722,
                3.0214455127716064,
                0.5634382367134094,
                150.52386474609375,
                110.46792602539062,
                148.83363342285156,
                89.83268737792969,
                141.82359313964844,
                152.39096069335938,
                95.78844451904297,
                103.85676574707031,
                139.62950134277344,
                99.78453826904297,
                149.96437072753906,
                83.73207092285156,
                122.0657958984375,
                1.5880316495895386,
                7.840023517608643,
                4.355489730834961,
                19.381309509277344,
                23.086971282958984,
                1.3784184455871582,
                2.269404411315918,
                4.861365795135498,
                1.1374921798706055,
                6.872138500213623,
                0.9989322423934937,
                0.9764113426208496,
                1.5122140645980835,
                1.6790255308151245,
                6.462214946746826,
                3.7305924892425537,
                8.038469314575195,
                1.2816061973571777,
                1.404004693031311,
                1.3348259925842285,
                1.4103076457977295,
                0.9176117777824402,
                5.305088043212891,
                2.8106348514556885,
                34.81991195678711,
                23.966184616088867,
                3.1327738761901855,
                2.2397520542144775,
                20.778154373168945,
                1.7644957304000854,
                40.4906120300293,
                0.7600778937339783,
                3.3702030181884766,
                14.193219184875488,
                7.596827030181885,
                4.613156318664551,
                6.545202255249023,
                3.583662509918213,
                2.4108335971832275,
                5.595813751220703,
                1.465035319328308,
                4.572826385498047,
                24.263334274291992,
                6.799402713775635,
                11.27442455291748,
                22.7562198638916,
                8.697580337524414,
                23.191593170166016,
                8.08342456817627,
                11.529836654663086,
                3.1442055702209473,
                5.0040507316589355,
                9.002087593078613,
                3.5452146530151367,
                21.336753845214844,
                3.7276594638824463,
                4.914461135864258,
                2.4067881107330322,
                0.8651994466781616,
                1.5498780012130737,
                0.25798818469047546,
                1.800954818725586,
                1.742969274520874,
                0.7412137389183044,
                1.5031304359436035,
                1.2782249450683594,
                1.1547176837921143,
                3.1770870685577393,
                0.7895135283470154,
                9.133069038391113,
                0.8815680742263794,
                1.2796754837036133,
                1.0940824747085571,
                2.722506284713745,
                1.052872896194458,
                2.160484552383423,
                1.6486655473709106,
                1.5961899757385254
            ]
        },
        "translation_angle_error_deg": {
            "summary": {
                "min": 0.15331166982650757,
                "max": 126.80608367919922,
                "median": 2.0585379600524902,
                "mean": 10.966821670532227,
                "stddev": 31.096221923828125,
                "len": 15,
                "invalid": 0,
                "quartiles": {
                    "q0": 0.15331166982650757,
                    "q1": 0.8359327614307404,
                    "q2": 2.0585379600524902,
                    "q3": 3.068171262741089,
                    "q4": 126.80608367919922
                }
            }
        },
        "relative_rotation_angle_error_deg": {
            "summary": {
                "min": 0.02484343759715557,
                "max": 7.972416877746582,
                "median": 1.412033200263977,
                "mean": 2.199646472930908,
                "stddev": 1.9945597648620605,
                "len": 105,
                "invalid": 0,
                "quartiles": {
                    "q0": 0.02484343759715557,
                    "q1": 0.7467650175094604,
                    "q2": 1.412033200263977,
                    "q3": 3.1399037837982178,
                    "q4": 7.972416877746582
                }
            },